Date,open,high,low,close,volume,ret_1d,ret_5d,ret_21d,ret_63d,ret_126d,sma20,sma50,sma200,trend_sma,above_sma200,macd,macd_signal,macd_bullish,rsi,adx,vol_21,sharpe_63,drawdown,rs_ratio,rs_mom_21,rs_positive,score,score_pct
2024-05-23 04:00:00,89.6300231579627,89.6300231579627,89.20422817898643,89.29679107666016,5094900,,,,,,,,,0,0,0.0,0.0,0,,0.0,,,0.0,0.17391054399042,,0,,
2024-05-24 04:00:00,89.25974986250374,89.43562428269989,89.222723297089,89.39859771728516,3072100,0.0011400929350036,,,,,,,,0,0,0.0081213274572604,0.001624265491452,1,99.9999999017746,0.0,,,0.0,0.1729644180488681,,0,,
2024-05-28 04:00:00,89.48191138475894,89.50042820041604,88.97281194772447,88.98206329345703,6046100,-0.0046592948263615,,,,,,,,0,0,-0.0188361771759844,-0.0024678230420352,0,76.06152550993563,7.142857142857142,,,-0.0046592948263615,0.1720382773634666,,0,,
2024-05-29 04:00:00,88.77839707643327,88.7969068235979,88.51921118147357,88.6395492553711,8249100,-0.0038492481002193,,,,,,,,0,0,-0.0670651291185606,-0.0153872842573403,0,62.75772249123393,13.775510204081632,,,-0.0084906081448221,0.1725846362909292,,0,,
2024-05-30 04:00:00,88.93577552732435,89.07462338098885,88.88023214860144,89.05610656738281,5568800,0.0046994520562329,,,,,,,,0,0,-0.0708574269288391,-0.02648131279164,0,69.69912221074954,15.59563322057524,,,-0.003831057294494,0.1745536163437555,,0,,
2024-05-31 04:00:00,89.2874965332049,89.4078275452726,89.24121863414513,89.34303283691406,8762900,0.0032218595735953,0.0005178434711523,,,,,,,0,0,-0.0501324031204006,-0.0312115308573921,0,73.37961065227175,14.482409398337143,,,-0.0006215408495199,0.1735353986208891,,0,,
2024-06-03 04:00:00,89.51206312667212,89.88348388671875,89.49348819232581,89.88348388671875,6095500,0.0060491683866521,0.0054238677318743,,,,,,,0,0,0.009789364840671,-0.0230113517177795,1,78.64198629017012,15.606658105644003,,,0.0,0.1744429444086907,,0,,
2024-06-04 04:00:00,90.06920477208214,90.29205442916174,90.01349412887797,90.20848846435548,3979100,0.0036158431291597,0.0137828358379799,,,,,,,0,0,0.0825513503214807,-0.0018988113099274,1,81.06596308795953,17.739763481009913,,,0.0,0.1748781926292253,,0,,
2024-06-05 04:00:00,90.33847360029334,90.4870376586914,90.1063365030835,90.4870376586914,4602500,0.0030878379526999,0.0208427098156567,,,,,,,0,0,0.160838296325295,0.030648610217117,1,82.86128737608146,20.113779179253253,,,0.0,0.1733578017578771,,0,,
2024-06-06 04:00:00,90.3570339810336,90.53346042729147,90.3570339810336,90.514892578125,6568700,0.0003078332560588,0.0163805275906421,,,,,,,0,0,0.2225633524788151,0.0690315586694566,1,83.03452822816377,22.40658911171016,,,0.0,0.1734144115131576,,0,,
2024-06-07 04:00:00,89.90205358242751,89.90205358242751,89.71634674072266,89.71634674072266,5365000,-0.0088222591294919,0.0041784333031322,,,,,,,0,0,0.2046854424646795,0.0961623354285012,1,63.28504159268984,21.570055684944595,,,-0.0088222591294919,0.172093731915181,,0,,
2024-06-10 04:00:00,89.62349201964001,89.68849012685769,89.53992606075829,89.6420669555664,8235900,-0.0008279403682243,-0.0026858875592383,,,,,,,0,0,0.1824204823276005,0.113413964808321,1,61.81229697823338,20.201586273517552,,,-0.0096428951932439,0.1714215713336806,,0,,
2024-06-11 04:00:00,89.73490185584976,90.00418169708847,89.6606162960058,89.94847106933594,4650200,0.0034180839886412,-0.0028824049648308,,,,,,,0,0,0.1873400527507698,0.1281991823968108,1,65.39024132283993,19.809394053385365,,,-0.0062577714302668,0.1715942879984369,,0,,
2024-06-12 04:00:00,90.62631528273424,90.82130958125926,90.35703541783926,90.3756103515625,7627000,0.0047487108691075,-0.0012314173390137,,,,,,,0,0,0.2231332765619242,0.1471860012298335,1,69.65812060763746,21.02903655044277,,,-0.0015387769083665,0.1710046448104155,,0,,
2024-06-13 04:00:00,90.71915333435562,90.9327225304338,90.60773208793252,90.83058166503906,7094800,0.005034226731158,0.0034877032709461,,,,,,,0,0,0.2849275791806178,0.1747343168199904,1,73.41820084679973,22.327333041902072,,,0.0,0.1715201792920867,,0,,
2024-06-14 04:00:00,90.85846380636887,91.04417774568098,90.85846380636887,90.9234619140625,6239500,0.00102256582883,0.0134547963352582,,,,,,,0,0,0.3375041315341178,0.2072882797628158,1,74.1232010251282,23.698362960164623,,,0.0,0.1715911875003095,,0,,
2024-06-17 04:00:00,90.59844970703124,90.62630502020026,90.48702137009444,90.59844970703124,5265000,-0.0035745692056737,0.0106689056148034,,,,,,,0,0,0.3489234864463668,0.2356153210995261,1,67.38803039439063,23.75533020662606,,,-0.0035745692056737,0.1696277563446207,,0,,
2024-06-18 04:00:00,90.71918012295038,91.03489027764978,90.70061227115038,90.9234619140625,7030700,0.0035873925887501,0.0108394376595351,,,,,,,0,0,0.3798208381613506,0.264456424511891,1,70.29480603760724,24.480960013848748,,,0.0,0.1698048536222638,,0,,
2024-06-20 04:00:00,90.57988765989631,90.78416233096996,90.55202526068244,90.76559448242188,5621600,-0.0017362672770845,0.0043151479624019,,,,,,,0,0,0.3871063090531805,0.2889864014201489,1,67.16336330691693,24.70923990263754,,,-0.0017362672770845,0.169971780019019,,0,,
2024-06-21 04:00:00,90.89558817846644,90.97916120529032,90.67273858070445,90.7748794555664,4715000,0.0001022961750813,-0.00061325391131,,,,90.0154483795166,,,0,0,0.3891435127770961,0.3090178236915384,1,67.2557541692475,25.24026968780827,,,-0.0016341487155046,0.1702173595069741,,0,,
2024-06-24 04:00:00,90.83059139241708,90.86773417328932,90.73773798236704,90.84915924072266,5017300,0.0008182856931537,-0.0008172002228651,,,,90.09306678771972,,,0,0,0.3922303816014221,0.3256603352735152,1,68.03071185372939,25.733368774038222,,,-0.0008172002228651,0.1709122178245948,,0,,
2024-06-25 04:00:00,90.7934363972742,90.88628979483283,90.72843831055714,90.8398666381836,5701300,-0.000102286059846,0.0026646916358175,0.0172803024937227,,,90.16513023376464,,,0,0,0.3894377164424298,0.3384158115072981,1,67.8144814056274,26.224059223647803,0.0598047285029288,,-0.0009194026945202,0.170239151105853,-0.0211108124920206,0,,
2024-06-26 04:00:00,90.46846297328864,90.52417360544636,90.41275234113094,90.43132019042967,4964100,-0.0044974355739773,-0.0054127033141124,0.0115518867131496,,,90.23759307861329,,,0,0,0.3502210944435688,0.3407768680945522,1,58.94412414092196,25.634523112525983,0.0625534173568265,,-0.0054127033141124,0.1692622852029436,-0.0214040141185484,0,,
2024-06-27 04:00:00,90.58916777225254,90.69130864961576,90.57059992375976,90.57988739013672,5276500,0.0016428732810069,-0.0020460075576447,0.0179566986597081,,,90.33460998535156,,,0,0,0.3273562117208684,0.3380927368198155,0,60.944742959551135,25.43391679242369,0.0596784116391444,,-0.0037787224187583,0.1692734787170144,-0.0160708342865522,0,,
2024-06-28 04:00:00,90.78415141718853,90.81201381305289,90.13417053222656,90.13417053222656,12781500,-0.0049207044825569,-0.0070582183879788,0.0168617878747268,,,90.38851318359374,,,0,0,0.2701558139513338,0.3245053522461191,0,52.6548616889168,23.995685142639733,0.0608464954610755,,-0.008680832924971,0.1691060030778437,-0.0201561001479961,0,,
2024-07-01 04:00:00,89.8184233220905,90.03265684706389,89.62282250692174,89.65076446533203,12238900,-0.0053631831750389,-0.0131910386998215,0.0066773399474777,,,90.40389976501464,,,0,0,0.1836996814286067,0.2963442180826167,0,45.43627035824617,23.050868467729728,0.0626854364531805,,-0.0139974592029213,0.167853594165502,-0.0383837488938582,0,,
2024-07-02 04:00:00,90.01402992679539,90.04197188700287,89.82774545454747,89.9488296508789,5441900,0.0033247366860116,-0.0098088759955329,0.0067805714080768,,,90.40716705322264,,,0,0,0.1376472313598071,0.2646048207380548,0,49.988918294654,22.14992565866101,0.0627463355855372,,-0.0107192603830327,0.1672858917869019,-0.036012864716092,0,,
2024-07-03 04:00:00,90.16304856545246,90.50767549384337,90.13509950348111,90.43315887451172,4061100,0.0053844972248404,2.0332381283072465e-05,0.0061154170268447,,,90.41840057373048,,,0,0,0.1386335720075493,0.2394105709919537,0,56.3605849160768,20.914307041913144,0.0620209469021828,,-0.0053924809859769,0.1674394216555186,-0.0401479278907611,0,,
2024-07-05 04:00:00,90.76847323560084,90.93613206981738,90.63807270968748,90.88956451416016,3489900,0.0050468837462789,0.0034188287592986,0.0075500217484942,,,90.4385269165039,,,0,0,0.174234903347326,0.2263754374630282,0,61.35694021705022,20.586719774143845,0.0631730480199598,,-0.0003728124643381,0.1673195875883236,-0.0432221132164112,0,,
2024-07-08 04:00:00,90.89889353376478,90.9547845615248,90.7684929794868,90.9175262451172,4602900,0.0003076451197285,0.0086909959703969,0.0047574613730814,,,90.45865859985352,,,0,0,0.2023726667998602,0.2215748833303946,0,61.64665812398487,20.316139076136924,0.0623929371482971,,-6.528203854472281e-05,0.1671781865971733,-0.0356465939117907,0,,
2024-07-09 04:00:00,90.82439283711834,90.91753508404392,90.66604320041714,90.83370208740234,5004600,-0.000921980185524,0.0131949529836721,0.0035221774030409,,,90.5145263671875,,,0,0,0.2154248544529338,0.2203448775549024,0,60.1898022887116,19.796324910453556,0.0625197656357332,,-0.0009872020353227,0.1668617631863028,-0.0377860655851987,0,,
2024-07-10 04:00:00,90.91751012302662,90.97339403457968,90.80573519362449,90.92682647705078,4586000,0.0010252184762746,0.0108728132424602,0.0134922985643448,,,90.57876434326172,,,0,0,0.2306246695439426,0.2224008359527104,1,61.28444270483745,19.428870122766043,0.0532889071396357,,0.0,0.1653962055615939,-0.0389178982816647,0,,
2024-07-11 04:00:00,91.44843915481847,91.56952334592192,91.36460617151856,91.3925552368164,3789000,0.0051220170967165,0.0106089002556681,0.0195275314447811,,,90.65096855163574,,,0,0,0.2770573069949051,0.2333321301611494,1,66.27834786168563,20.15900964084466,0.0551712400735969,,0.0,0.1676892688767726,-0.0217726533940282,0,,
2024-07-12 04:00:00,91.43913339998576,91.64405059814452,91.4018750815662,91.64405059814452,6329000,0.0027518145288358,0.0083011299263824,0.0188505653142403,,,90.71439056396484,,,0,0,0.3303411137989513,0.2527339268887098,1,68.63139982924072,20.953140982536013,0.0548394843158866,,0.0,0.1670967299480624,-0.0262104182070181,0,,
2024-07-15 04:00:00,91.42050429988711,91.54158850039973,91.3087293489004,91.32736206054688,6984700,-0.0034556366237706,0.0045077756990961,0.0105310681198393,,,90.73922958374024,,,0,0,0.3430602116997505,0.2707991838509179,1,62.6985017652487,21.407633747456916,0.0549402222626845,,-0.0034556366237706,0.1660626307016668,-0.0288998823056976,0,,
2024-07-16 04:00:00,91.44845875128372,91.69994354248048,91.41120042919934,91.69994354248048,8936100,0.0040796260127013,0.0095365644597928,0.0095712463963668,,,90.77805366516114,,,0,0,0.3788373985090629,0.292406826782547,1,66.38069339216253,22.101437348418585,0.0540407328182288,,0.0,0.1657571508133223,-0.0335997111392375,0,,
2024-07-17 04:00:00,91.5229759126749,91.8117190275878,91.49503394752828,91.76514434814452,5680400,0.0007110234002907,0.0092196978996657,0.0092570434117162,,,90.8363883972168,,,0,0,0.4077519265350275,0.3154758467330431,1,66.99470989597975,22.933966354548552,0.0540105806008446,,0.0,0.1682338441063162,-0.0195659430003494,0,,
2024-07-18 04:00:00,91.62540866336644,91.80237676144957,91.47637541624763,91.51363372802734,10584200,-0.0027408077642527,0.0013248178792812,0.0101015417367023,,,90.86589698791504,,,0,0,0.4056954881809531,0.3335197750226251,1,62.27017129066986,23.641749458390255,0.0533014367152198,,-0.0027408077642527,0.1690720535515339,-0.0032760133427562,0,,
2024-07-19 04:00:00,91.31804570472364,91.37392962706832,91.25284542655574,91.32736206054688,7735700,-0.0020354526412321,-0.0034556366237706,0.0044421993837644,,,90.89398536682128,,,0,0,0.3846017298061781,0.3437361659793357,1,58.95421418619736,23.530283472834363,0.0527324946106698,,-0.0047706816210821,0.169855861059215,0.0003003885687786,1,,
2024-07-22 04:00:00,91.39255105077048,91.46706056926156,91.15037557335916,91.29009246826172,11657500,-0.0004080879097377,-0.0004080879097377,0.0057785991358367,,,90.91974601745603,,,0,0,0.3607192823524201,0.3471327892539527,1,58.28543704028629,23.09144510940936,0.0523118597963416,,-0.0051768226733291,0.1680539026406663,-0.0112835046978863,0,,
2024-07-23 04:00:00,91.37391156907732,91.44842818834194,91.26214374647634,91.28076934814452,7225900,-0.00010212630818,-0.0045711499717748,0.0055730164073171,,,90.94132652282715,,,0,0,0.3371534773880995,0.345136926880782,0,58.10785757121132,22.683952343371857,0.052325380515735,,-0.0052784202917215,0.1683007421331711,-0.0112598232010784,0,,
2024-07-24 04:00:00,91.11313298870222,91.45776710811224,91.00135803222656,91.00135803222656,6578500,-0.0030610096509187,-0.0083232726471856,0.0016752911394659,,,90.9494010925293,,,0,0,0.2925588132272878,0.3346213041500833,0,52.90549220737152,21.450868953012503,0.0535249367427653,,-0.0083232726471856,0.1716761998434498,0.0044700257745127,1,,
2024-07-25 04:00:00,91.1317468376318,91.41118063962102,91.113121233771,91.25283813476562,12766200,0.0027634763697703,-0.0028498004356026,0.004546148204146,,,90.9904769897461,,,0,0,0.274347061016357,0.322566455523338,0,56.6659409907579,20.305862947678825,0.05431331033737,,-0.005582797444695,0.1730522933773883,0.0165246493139883,1,,
2024-07-26 04:00:00,91.550892576267,91.61609284568942,91.44843399484654,91.5788345336914,4243800,0.0035724521624669,0.0027535282687549,0.0126893463552815,,,91.04042434692384,,,0,0,0.2829575426911361,0.3146446729568977,0,61.011987501432,19.816846915450444,0.0526473759385956,,-0.002030289559032,0.1717469776568209,0.014679539809463,1,,
2024-07-29 04:00:00,91.7837739430424,91.7837739430424,91.62543140839412,91.72789001464844,6822600,0.0016276193261903,0.0047956742571919,0.012673924174438,,,91.12011032104492,,,0,0,0.2983695249036628,0.3113896433462507,0,62.846757187436246,19.79350611037274,0.0526436165342539,,-0.0004059747713657,0.1719254817476647,0.0156669730589269,1,,
2024-07-30 04:00:00,91.7651538794782,91.87692885797271,91.6347532910508,91.821044921875,5845800,0.0010155570700653,0.0059188323848353,0.0187151485356522,,,91.22862434387208,,,0,0,0.3144753779269535,0.3120067902623913,1,63.987394244790025,20.00198683350263,0.0486578685437725,,0.0,0.1729764211492637,0.0228875261727894,1,,
2024-07-31 04:00:00,92.03524057797912,92.32399073243596,91.88621442955017,92.3146743774414,11725100,0.0053759947513818,0.0144318323771581,0.029714302248248,,,91.3469165802002,,,0,0,0.3628880070595954,0.3221830336218321,1,69.35615467738513,21.14176016674962,0.0453856217354552,,0.0,0.1711248181531625,0.0194885549155123,1,,
2024-08-01 04:00:00,92.50528203280038,92.79491349395052,92.50528203280038,92.70148468017578,9642700,0.0041901280088239,0.015875084819507,0.0306024551957022,,,91.4603328704834,,,0,0,0.4275393160618819,0.3432542901098421,1,72.78052603626556,22.944734582955626,0.0459438031962154,,0.0,0.1743102257669348,0.0419899963170882,1,,
2024-08-02 04:00:00,93.3181383619236,93.77595175466097,93.24339957353804,93.73857879638672,9397500,0.0111874596160888,0.023583443420005,0.0365509727074968,,,91.60278358459472,,,0,0,0.5560509626866263,0.3858136246251989,1,79.42062550912458,25.643392609218388,0.0556029321120852,,0.0,0.1796042558998883,0.0726521515906637,1,,
2024-08-05 04:00:00,94.19635511239052,94.26175598653631,93.4489104408722,93.66380310058594,12066100,-0.000797704603173,0.0211049560349458,0.030523180535138,,,91.74009742736816,90.79570327758788,,1,0,0.6444349498337232,0.4375378896669038,1,77.94421969397997,28.499516296022183,0.0548736994713557,,-0.000797704603173,0.1848443358207296,0.1047381749202269,1,,
2024-08-06 04:00:00,93.56103950646212,93.5797295457813,93.08454329808316,93.10323333740234,10945200,-0.005984913537854,0.0139639928582633,0.0240405473240923,,,91.85357398986817,90.87183212280272,,1,0,0.6616198595117311,0.4823542836358693,1,67.77279619381358,30.067906905778926,0.0605441266337363,,-0.0067778439479484,0.1820595449404649,0.0890149525257693,1,,
2024-08-07 04:00:00,92.97242116749784,93.06584996915102,92.72015556205751,92.82292938232422,8085200,-0.0030106790605468,0.0055056794416534,0.0218996611302684,,,91.94837913513184,90.94031875610352,,1,0,0.6451835631619218,0.5149201395410798,1,63.322967204531054,30.55923629928041,0.0618580026762376,,-0.0097681170956455,0.1827328183656223,0.0951149914531306,1,,
2024-08-08 04:00:00,92.59871649389196,92.7575461998117,92.56134354047047,92.68280029296876,5558000,-0.0015096387313773,-0.0002015543469608,0.0193119443837752,,,92.01289138793943,91.01433349609376,,1,0,0.613775214869051,0.5346911546066742,1,61.161013703150026,30.6198705857948,0.0624853586627399,,-0.0112630094991226,0.1783343675880694,0.0782252650993087,1,,
2024-08-09 04:00:00,93.09388756374362,93.14994342492426,92.9444028912081,93.00980377197266,3879200,0.0035282002482686,-0.0077745474037649,0.0176956266401091,,,92.08117904663088,91.10173858642578,,1,0,0.6082586928522318,0.5494046622557858,1,64.23011610706358,31.15218570191471,0.0613683732156337,,-0.0077745474037649,0.1781778465267089,0.0625476974179182,1,,
2024-08-12 04:00:00,92.93504169672,93.22467309995956,92.87898584529562,93.16861724853516,7300600,0.0017074917924981,-0.0052868433232312,0.016635740568428,,,92.17324180603028,91.18398880004882,,1,0,0.6096737897687916,0.5614584877583869,1,65.64980242111346,31.732898098991686,0.0610649101942343,,-0.0060803305871491,0.1783883481314956,0.0675753390682325,1,,
2024-08-13 04:00:00,93.46760487274466,93.54235076904295,93.36483104737472,93.54235076904295,3925500,0.0040113670412305,0.0047164573763971,0.0242532868411069,,,92.2653621673584,91.2679751586914,,1,0,0.6336481346895795,0.5758964171446255,1,68.78915290243867,32.628187760950034,0.0599878128064066,,-0.0020933539836356,0.1762061040564825,0.06108221525792,1,,
2024-08-14 04:00:00,93.5703787391148,93.80395431902863,93.56103372003317,93.71052551269533,9871500,0.0017978460266365,0.0095622507959776,0.021925662029262,,,92.36263122558594,91.34451599121094,,1,0,0.6586260410620213,0.5924423419281046,1,70.11282039557412,33.729697292316104,0.0590971886876373,,-0.0002992714851408,0.1759677863933127,0.0615999703776863,1,,
2024-08-15 04:00:00,93.1499633748373,93.33682816572924,93.1032525232365,93.3181381225586,8628400,-0.0041872285742712,0.0068549701517599,0.0169235692423936,,,92.4528564453125,91.406708984375,,1,0,0.6393883577695476,0.6018315450963933,1,63.360811164482826,33.55341460825929,0.0618141497769095,,-0.0044852469412981,0.1722780607404289,0.0240392571161658,1,,
2024-08-16 04:00:00,93.45825985366712,93.54235076904295,93.2900851510764,93.54235076904295,6507900,0.0024026695237948,0.0057257082100281,0.0221684677831155,,,92.5636058807373,91.46781524658203,,1,0,0.6349155308893728,0.6084483422549891,1,65.41059661795117,33.644910620720594,0.0606518395346816,,-0.0020933539836356,0.1723057016109919,0.0191258578312134,1,,
2024-08-19 04:00:00,93.49567263346196,93.7479312307364,93.46764469244968,93.6451644897461,4690300,0.0010991141430365,0.005114890134515,0.0253790581147257,,,92.68135948181153,91.53042068481446,,1,0,0.6323773390491425,0.6132341416138198,1,66.34051676141254,33.97666074451084,0.0596045534196081,,-0.0009965406755689,0.1708613966629137,0.0059199346871412,1,,
2024-08-20 04:00:00,93.81329569768288,93.95343533766425,93.73854980425232,93.92540740966795,5516700,0.0029926042785961,0.0040950076353198,0.0288674802506354,,,92.8135913848877,91.61460189819336,,1,0,0.6455377084096909,0.619694854972994,1,68.80252912131856,34.52271860712627,0.059612052889292,,0.0,0.1716518235346018,0.0214093266350889,1,,
2024-08-21 04:00:00,94.00016196012376,94.2711105026422,93.8319872484972,94.10293579101562,6366700,0.0018900996678496,0.0041874728177373,0.0309174261240872,,,92.96867027282715,91.70381927490234,,1,0,0.6626537922223719,0.6282866424228697,1,70.28529321666453,35.37368148331919,0.0593942708511189,,0.0,0.1713872811808226,0.0183394262469096,1,,
2024-08-22 04:00:00,93.93477185640836,93.96279979020152,93.64514036966298,93.71987915039062,7893700,-0.0040706130728556,0.0043050690456811,0.0298734126275495,,,93.0920223236084,91.77924743652343,,1,0,0.6379549943365959,0.630220312805615,1,63.29490476914616,35.644569634458094,0.0604555628190215,,-0.0040706130728556,0.1720398982980166,0.0021185141265851,1,,
2024-08-23 04:00:00,93.91606736112485,94.18701589302904,93.83198357268618,94.14964294433594,6179500,0.0045856204451104,0.0064921628577883,0.031744818778044,0.0543451988494152,,93.22056274414062,91.8547280883789,,1,0,0.6456170935802845,0.6332996689605489,1,67.23250484934542,36.15808832257384,0.0612934382415569,3.667572899581848,0.0,0.1710117551559972,-0.011791454372356,0,,
2024-08-26 04:00:00,94.2897975993372,94.2897975993372,94.0468841047743,94.06556701660156,6653200,-0.0008930031501456,0.0044893137744608,0.0271540088446451,0.0522040548563778,,93.33744659423829,91.91942779541016,,1,0,0.637555791418265,0.6341508934520922,1,65.74655290574749,36.75294758574727,0.0613396030180926,3.5217566784831784,-0.0008930031501456,0.171267304727111,-0.0027929046336311,0,,
2024-08-27 04:00:00,93.87870423177084,94.12161771299786,93.83198626252492,94.09358978271484,7965400,0.00029790673678,0.0017905950869432,0.0257904086498514,0.0574444590299094,,93.45107383728028,91.9828303527832,,1,0,0.6262097976602803,0.6325626742937298,0,66.01615422551771,36.67470360863604,0.0614185695105001,3.933320047850606,-0.0005953624450198,0.1710834120058626,-0.0048978762964178,0,,
2024-08-28 04:00:00,94.09359001664404,94.14964587734944,93.99081618657658,94.00950622558594,6960300,-0.0008936162104461,-0.0009928443214266,0.023833983871268,0.0605819525857918,,93.5358154296875,92.0510514831543,,1,0,0.6034766720941889,0.6267454738538216,0,64.37878999793958,36.64115693512129,0.0618533341571552,4.190714412763021,-0.0014884466299341,0.1719286177524119,-0.0060574926333321,0,,
2024-08-29 04:00:00,93.85065806052025,93.94409398794834,93.7572292612526,93.88803100585938,6912700,-0.0012921588954533,0.0017941962472969,0.0170434076600334,0.0542570815716108,,93.59514274597169,92.11034286499024,,1,0,0.5690982607796826,0.6152160312389938,0,61.98681996514632,35.91970010375687,0.0603807322131956,3.790333779177815,-0.0027786822158342,0.1716910501665611,0.003308883068567,1,,
2024-08-30 04:00:00,93.90672368805348,94.02818041770692,93.63577517283213,93.66380310058594,7213200,-0.0023882480319503,-0.0051602940654511,0.010380830724882,0.0483615803770505,,93.59140396118164,92.16830703735351,,1,0,0.5177910314284873,0.5957310312768925,0,57.72346066745561,34.90438843843534,0.0600426139924483,3.3816210533976285,-0.0051602940654511,0.1696614615435557,-0.026669486560099,0,,
2024-09-03 04:00:00,94.02182891680594,94.21864408878598,93.93748262184948,94.05931854248048,6837200,0.0042227138852113,-6.642679483315206e-05,0.0034216408037341,0.0464583088593293,,93.61117973327636,92.2339958190918,,1,0,0.5032433966015901,0.5772335043418321,0,62.60865786835433,34.30062536688274,0.0480749979899857,3.2859008201152857,-0.0009593706256417,0.1739577499956823,-0.0314385974648253,0,,
2024-09-04 04:00:00,94.12493648293616,94.51856688077343,94.09682104743575,94.47171020507812,10867700,0.0043843785920199,0.0040185566650869,0.0086256064535898,0.0472596516502679,,93.67960357666016,92.3064468383789,,1,0,0.5190080501312906,0.5655884134997238,0,66.90305053498327,34.22971903833108,0.0500746321211003,3.330116982322104,0.0,0.175078831168787,-0.0528309650852034,0,,
2024-09-05 04:00:00,94.67786529937815,94.77159292472368,94.42481930202136,94.7153549194336,11921900,0.0025790230093916,0.0075082693462287,0.0173154199294989,0.0467284306144599,,93.77422485351562,92.38395660400391,,1,0,0.5448806983423964,0.5614468704682584,0,69.15687879502626,34.53583392232696,0.0447955988510505,3.298314844087044,0.0,0.1759583009986815,-0.033512354124463,0,,
2024-09-06 04:00:00,94.78095834576946,95.22145243586912,94.63100701852645,94.83719635009766,8830200,0.0012863957567144,0.0101095457436852,0.0217001012699886,0.0477524045917858,,93.88194465637208,92.47207412719726,,1,0,0.568661369348888,0.5628897702443844,1,70.2479968533344,35.39126224559594,0.042582148240732,3.368124510684672,0.0,0.1792006278775462,-0.0193298090603993,0,,
2024-09-09 04:00:00,94.79973166088624,95.06215191538251,94.70601116291124,94.97779846191406,7569300,0.0014825629312928,0.0140288491159923,0.0247618561555202,0.0586454075799234,,93.98034439086912,92.56003234863282,,1,0,0.5920286006316502,0.5687175363218375,1,71.5009237809789,36.18558854577428,0.0415868359826181,4.3785707156843,0.0,0.1774792113349192,-0.0047952408989698,0,,
2024-09-10 04:00:00,94.9777982259122,95.31519773811635,94.94968279163112,95.26834106445312,5979300,0.0030590580877232,0.01285383033502,0.0242827874147288,0.0627637704034149,,94.08533058166503,92.66271575927736,,1,0,0.6267666834559407,0.5803273657486582,1,73.94288377095921,37.22198165444684,0.0412820952113272,4.670635247516388,0.0,0.1772500672831354,-0.0052070403905938,0,,
2024-09-11 04:00:00,95.13712443062109,95.45577553123329,95.09026060974745,95.24021911621094,4184400,-0.0002951867107999,0.0081348046887743,0.0222349749181058,0.058830883771175,,94.17022399902343,92.77450485229492,,1,0,0.6445971435473155,0.5931813213083896,1,73.28830382293252,38.3417673639284,0.0415213456000026,4.402407901665968,-0.0002951867107999,0.1753983629351614,-0.0167611014264795,0,,
2024-09-12 04:00:00,95.18396870017952,95.26832213667916,95.01526897759446,95.15585327148438,6419400,-0.0008858216151689,0.0046507596622056,0.0172488983778607,0.0528930637516764,,94.24249038696288,92.87864532470704,,1,0,0.644491001947884,0.6034432574362886,1,71.25051005846294,39.1081388154556,0.0405768040135496,4.00707833986232,-0.0011807468431999,0.1737791801187513,-0.013773211494156,0,,
2024-09-13 04:00:00,95.37143241013597,95.42766327672472,95.24022228781853,95.3526840209961,5330600,0.0020685091115746,0.0054355009504443,0.0175237359871416,0.0497861212937449,,94.34421768188476,92.97703582763673,,1,0,0.652764814023925,0.6133075687538159,1,73.12783393388196,40.0168812032858,0.0406698983598162,3.825646751745048,0.0,0.1732339079341979,-0.0155362439634499,0,,
2024-09-16 04:00:00,95.43703714355637,95.63385232635665,95.36205788808522,95.57762145996094,8425900,0.0023590047965016,0.006315402207258,0.0242126920110092,0.0511876632050962,,94.44598121643068,93.07079696655272,,1,0,0.6697519574878328,0.6245964465006193,1,75.12675221125835,41.1022747124014,0.036612771919021,3.922794383390253,0.0,0.1733864927070423,0.006433970534899,1,,
2024-09-17 04:00:00,95.58698903738872,95.62447866533346,95.43703767602516,95.48389434814452,9256000,-0.0009806386723663,0.0022625909224718,0.0207557706551042,0.0539241527521869,,94.53791770935058,93.16212432861327,,1,0,0.6679516654415636,0.6332674902888081,1,72.70005670634106,42.11014011372302,0.0370190365679281,4.177474956249005,-0.0009806386723663,0.1731457020598963,0.0048750589275379,1,,
2024-09-18 04:00:00,95.29645936944355,95.62448469663026,95.1558750433876,95.18399047851562,6280000,-0.0031408843520291,-0.0005903875297336,0.0164325194702181,0.0468584067826192,,94.60084686279296,93.24913009643556,,1,0,0.6350052400167954,0.6336150402344056,1,65.41852209577752,41.93807316423176,0.039668047283021,3.6240242411696815,-0.0041184429517343,0.1731153038575598,0.0131914360918679,1,,
2024-09-19 04:00:00,95.04341562990174,95.23085663562172,95.00592599867454,95.19336700439452,5079800,9.850948496437084e-05,0.0003942346331875,0.0134996443421979,0.0487824989988927,,94.65536842346192,93.33446090698244,,1,0,0.6027039715630309,0.6274328265001308,0,65.5347510042997,41.23664082331504,0.0388928378625195,3.785257432078279,-0.004020339172464,0.1702275118288425,-0.0082976788503043,0,,
2024-09-20 04:00:00,95.0621525939272,95.26834198119334,94.95905790029413,95.10901641845705,8464900,-0.0008860973048003,-0.0025554351724949,0.0106912777904797,0.0477459952454375,,94.72482528686524,93.40879013061524,,1,0,0.5637994669553876,0.6147061545911822,0,63.468147033851615,40.4159783447225,0.038958886928488,3.700631562390353,-0.0049028740655593,0.1703712206434537,-0.0059284477259249,0,,
2024-09-23 04:00:00,94.97777506024984,95.21207982266462,94.83719792313212,95.07150268554688,8428100,-0.0003944287757652,-0.0052953690067092,0.0144219513235535,0.046476417394643,,94.7709182739258,93.47733917236329,,1,0,0.5239011160824134,0.5965451468894285,0,62.5238295345725,39.2105757748128,0.0354355059122577,3.601489079538679,-0.0052953690067092,0.1698795036183814,-0.0125575212552898,0,,
2024-09-24 04:00:00,94.91217024431084,95.2402026328228,94.86531358196191,95.20271301269533,5803600,0.0013801225755569,-0.0029448038055923,0.0111850670424953,0.048027881765712,,94.82777557373046,93.55484619140626,,1,0,0.4971382619677769,0.5766637699050983,0,64.51266139510906,38.15544432023557,0.032616673258967,3.719014827042973,-0.0039225546894642,0.1696285943686353,-0.0080881035698403,0,,
2024-09-25 04:00:00,95.05275272371208,95.06212691616908,94.83719635009766,94.83719635009766,9259100,-0.0038393513276131,-0.0036434081684801,0.0082031008579357,0.0487206882570123,,94.8649559020996,93.6175912475586,,1,0,0.4413467962067159,0.5496003751654218,0,55.65232835280965,37.0646340874344,0.0356904580795375,3.790198302655417,-0.0077468459515228,0.1693508442950548,-0.0111898790905239,0,,
2024-09-26 04:00:00,94.95903644279817,94.98715187099664,94.6591266246574,94.85594177246094,8124400,0.0001976589680496,-0.0035446296580516,0.0081020608471475,0.0472075480057379,,94.90727767944335,93.67940719604492,,1,0,0.3941013020672699,0.5185005605457915,0,55.98619019406544,35.362563123618514,0.0356954599795404,3.677298257976404,-0.0075507182170496,0.1687154039298975,-0.0138412488282847,0,,
2024-09-27 04:00:00,95.04340791082689,95.18398507849172,94.96842865446202,95.12775421142578,5033300,0.002865528862882,0.000197013844474,0.0118950522211709,0.0554016711943203,,94.96926383972168,93.7516896057129,,1,0,0.3742774621652671,0.4896559408696866,0,60.61610887979749,34.3118091785109,0.0363655242282401,4.394237635787312,-0.004706826155154,0.1694446189968892,-0.0144478492760279,0,,
2024-09-30 04:00:00,95.07150308357993,95.1089927037729,94.79033450733948,94.91217041015624,9105400,-0.002266255553457,-0.0016759204481876,0.0109080933248344,0.0586877978810631,,95.0316822052002,93.82338577270508,,1,0,0.3372831252500106,0.4591813777457514,0,55.61878623958916,32.67351409109403,0.0371408688004167,4.762113422241559,-0.0069624148376978,0.1683858353022045,-0.0192509444210989,0,,
2024-10-01 04:00:00,95.20081209661716,95.37002485260028,95.088008374068,95.16321563720705,8811400,0.0026450267227684,-0.0004148765748199,0.0160084524329091,0.0579705817915241,,95.08687705993653,93.900848236084,,1,0,0.3244816756908335,0.4322414373347679,0,59.77732550519897,31.83733544472456,0.036258153836817,4.71736466349041,-0.0043358038882301,0.1703573736745753,0.0041017690445921,1,,
2024-10-02 04:00:00,94.83416543977216,95.05038448216914,94.76836089159184,94.9657745361328,11700900,-0.0020747628140999,0.0013557780173139,0.0096370674133996,0.0501211692484468,,95.11158027648926,93.97454833984376,,1,0,0.2950039658286556,0.4047939430335455,0,55.3820984325159,29.98172146992468,0.0352261204947741,4.140888540904988,-0.0064015709376535,0.1699321972477855,-0.0231409796229066,0,,
2024-10-03 04:00:00,94.80595206395046,94.843555682566,94.56153212902784,94.58033752441406,8751200,-0.0040586939200089,-0.0029055032599644,0.0011498396620546,0.0406072251526621,,95.10482940673828,94.0461279296875,,1,0,0.237799913396941,0.3713951371062247,0,47.96742871699527,28.02706995748853,0.035512735069178,3.3627502125110538,-0.0104342828406193,0.1695524663108948,-0.0315650088648606,0,,
2024-10-04 04:00:00,94.10090840674718,94.13851202858136,93.90349477123578,93.96929931640624,9639700,-0.0064605204845045,-0.0121778854617425,-0.0078768178999272,0.033566389202686,,95.06143455505372,94.1004571533203,,1,0,0.1415281644039794,0.3254217425657756,0,39.04325433352647,27.709422191895207,0.0408317429302369,2.679088436985433,-0.0168273924270908,0.1669400218944417,-0.051252365208433,0,,
2024-10-07 04:00:00,93.66847168558272,93.79067806982172,93.61206984241966,93.64967346191406,6382100,-0.0034013859507023,-0.0133017393110533,-0.0125216996483086,0.0310013938637239,,94.99502830505372,94.14187393188476,,1,0,0.0389915046989557,0.2681356949924117,0,35.33951501161167,27.922706807956168,0.0416517230272252,2.453256068304666,-0.0201715419216047,0.1678899967469291,-0.0631171400713284,0,,
2024-10-08 04:00:00,93.55565613395052,93.80947875976562,93.52745521378368,93.80947875976562,7340100,0.0017064159643498,-0.0142254217491167,-0.0123009768711045,0.0317029901339667,,94.92208518981934,94.18350570678712,,1,0,-0.0290398317620912,0.2087005896415111,0,38.48170642196412,28.260801525945585,0.0417994732390659,2.505042334449311,-0.0184995469984154,0.1666008526376377,-0.0612937065443291,0,,
2024-10-09 04:00:00,93.66847927490582,93.69668019877228,93.50866925822412,93.56507110595705,8218300,-0.0026053620278018,-0.0147495604286659,-0.0178786566393944,0.023771256460783,,94.83832778930665,94.21838623046877,,1,0,-0.1015067049996503,0.1466591307132788,0,35.62992095955161,28.60706490140883,0.0401488252933592,1.9105995807358749,-0.0210567110089361,0.165023766361408,-0.0689776941082754,0,,
2024-10-10 04:00:00,93.48985396743362,93.5838665999166,93.283044823579,93.50865936279295,5757700,-0.0006029145545158,-0.0113308768996989,-0.0181809719621198,0.0203462063546784,,94.75596809387208,94.24226593017578,,1,0,-0.1616260557943007,0.0850020934117629,0,34.98547033799734,29.31060001514883,0.0401088306384329,1.6478783304362017,-0.0216469301659144,0.1652134046821068,-0.0580675787539682,0,,
2024-10-11 04:00:00,93.4522548447569,93.64966845743524,93.40524852986157,93.53685760498048,4878600,0.0003015575496396,-0.0046019467482636,-0.017014146905759,0.0241931387766218,,94.6651767730713,94.25897338867188,,1,0,-0.2046367864612648,0.0270743174371573,0,35.61239343353476,29.72162512324681,0.0403134263951014,1.974448966753743,-0.0213519004114929,0.1642794942082798,-0.0546652706266651,0,,
2024-10-14 04:00:00,93.25484207661158,93.46165840447938,93.22664115411276,93.45226287841795,3512600,-0.0009043999202943,-0.0021079687328156,-0.0199304420435577,0.01910927388004,,94.55890884399416,94.2532470703125,,1,0,-0.2427509064935122,-0.0268907273489765,0,34.536454715400595,30.41321474519127,0.0389268385225166,1.584574927611705,-0.0222369896747569,0.1627994724270905,-0.0602332166464252,0,,
2024-10-15 04:00:00,93.76248067373496,93.85648613992704,93.70607882845115,93.82828521728516,7158700,0.0040236836143434,0.0002004750241464,-0.0183027806714002,0.022482837942404,,94.47612838745115,94.25653671264648,,1,0,-0.2398499204382744,-0.0694825659668361,0,42.80783434823056,29.68883373881318,0.0410802694687524,1.8364081904439853,-0.0183027806714002,0.1647344688884836,-0.0499002181973738,0,,
2024-10-16 04:00:00,93.96929108207782,94.04449831915596,93.88468831948256,93.95049285888672,4741300,0.0013024605673923,0.0041192909744407,-0.0160592684214035,0.0266283725341032,,94.41445350646973,94.27348190307616,,1,0,-0.2250949779545692,-0.1006050483643827,0,45.22992913802828,28.4513266699349,0.0417626869211482,2.182490927300372,-0.0170241587541059,0.1642351987881066,-0.0514624571432169,0,,
2024-10-17 04:00:00,93.6308570393369,93.68726604801384,93.46164435761855,93.4898452758789,5306300,-0.0049030885202454,-0.0002012015469182,-0.0177986360323809,0.0236783715914008,,94.32927742004397,94.28682022094726,,1,0,-0.2477164686365682,-0.1300273324188198,0,38.59494176644968,28.16250104196448,0.0434371932683123,1.9110248675415964,-0.0218437763169973,0.1634159032616979,-0.0560285565731536,0,,
2024-10-18 04:00:00,93.65907222664646,93.70607854567932,93.53686583818124,93.5556640625,4973000,0.0007040207032846,0.0002010593257144,-0.0172039606690129,0.0248172778993069,,94.2516098022461,94.30427749633787,,0,0,-0.2573663775756216,-0.1554951414501802,0,39.95041199649501,27.836202063447825,0.0436541153577542,2.001534610405457,-0.0211551340844777,0.1629043605794267,-0.0430197867003954,0,,
2024-10-21 04:00:00,93.23606625216031,93.26426718143436,92.90704345703124,92.90704345703124,6873900,-0.0069329913048925,-0.0058342024536747,-0.0231520947681516,0.017816174430828,,94.14338684082033,94.30222229003908,,0,0,-0.3137357120515958,-0.1871432555704633,0,32.36771884074737,28.574352439515497,0.0485197322691472,1.3914176827167684,-0.0279414570287088,0.1620410334464605,-0.0488943330072528,0,,
2024-10-22 04:00:00,93.0010342740064,93.07624152164564,92.85061977872796,92.9258270263672,11401800,0.0002021759453001,-0.0096181891081997,-0.0225690727354609,0.021147695328449,,94.0295425415039,94.2973664855957,,0,0,-0.3528259804028266,-0.220279800536936,0,32.76570242226296,29.33959359103533,0.0486744221920428,1.658172349511275,-0.0277449301738965,0.1621599161133513,-0.0454415473356419,0,,
2024-10-23 04:00:00,92.66259497782858,92.84121037122752,92.5779922160018,92.6907958984375,19659700,-0.0025292336420423,-0.0134080931575449,-0.0263849320546449,0.0157579511285801,,93.9222225189209,94.2803353881836,,0,0,-0.3981803720182171,-0.2558599148331922,0,30.35844472200361,30.42293363084812,0.0480629024318583,1.2434354717283966,-0.030203990405147,0.1632413816084368,-0.0376541041560359,0,,
2024-10-24 04:00:00,92.76600712175488,93.0198225903006,92.6907998821276,92.86941528320312,7559300,0.0019270455392501,-0.0066363356452773,-0.0207490430192636,0.0140925657777062,,93.822896194458,94.26351318359374,,0,0,-0.4149279316555976,-0.2876735181976733,0,34.30847421895203,30.838699324770733,0.0483262259465813,1.122419781214693,-0.0283351493308747,0.1632029741748292,-0.0363025655160852,0,,
2024-10-25 04:00:00,93.03861962502768,93.05741784716658,92.634389713555,92.68138885498048,9028500,-0.0020246324115346,-0.0093449735649939,-0.0229247939227332,0.0103948628948051,,93.70057792663576,94.2507781982422,,0,0,-0.4383199748575634,-0.3178028095296513,0,32.23573598794306,31.31164280123139,0.0482491311745881,0.8341803737218422,-0.0303024134806884,0.1629288372172872,-0.0342977972243404,0,,
2024-10-28 04:00:00,92.72840422703342,92.73780692509963,92.39938151628762,92.53099060058594,7362900,-0.001622744935662,-0.0040476248350236,-0.0272976444400065,0.0077318405526205,,93.58151893615722,94.23055099487304,,0,0,-0.4636495563509015,-0.3469721588939014,0,30.641119448917465,32.102994544182515,0.0460572292954094,0.6266310499960427,-0.0318759853283363,0.1621631299136079,-0.0429726781905948,0,,
2024-10-29 04:00:00,92.23959494902128,92.65322053099818,92.21138684765462,92.6344223022461,5421700,0.0011178060559906,-0.0031358851833347,-0.0239984829981972,0.0034636738629154,,93.45507926940918,94.21033615112304,,0,0,-0.4699599524727773,-0.3715697176096766,0,33.09238183554025,33.09953143788008,0.0466626754271575,0.3004522532080349,-0.0307938104417863,0.1620820843895158,-0.0374363490929938,0,,
2024-10-30 04:00:00,92.83181674836516,93.01043215922456,92.50279402216954,92.54039764404295,11188400,-0.0010150077678074,-0.0016225802458244,-0.027561258576666,-0.0017376963992387,,93.33381042480468,94.18263595581055,,0,0,-0.4770488685790752,-0.3926655478035563,0,31.985715809875103,32.82352596141212,0.0445864470517288,-0.1162525309014755,-0.031777562252795,0.1624088942909195,-0.0466576774002124,0,,
2024-10-31 04:00:00,92.42757047571058,92.67199038869744,92.26776049005451,92.52157592773438,12754500,-0.0002033891877251,-0.0037454672715233,-0.0257376788673318,-0.0129829455948531,,93.2308723449707,94.15100875854492,,0,0,-0.4786678557914854,-0.4098660094011421,0,31.7567729739241,32.948562268127155,0.0446617888349392,-1.1681869892105254,-0.0319744882279455,0.1656225891352785,-0.0253607508306562,0,,
2024-11-01 04:00:00,92.69133307416315,92.77620315711334,92.11607852921576,92.15380096435548,10387300,-0.0039750183639992,-0.0056924901228069,-0.0256558247049204,-0.0161215121129435,,93.14009742736816,94.11968719482422,,0,0,-0.5038195624434962,-0.428656720009613,0,27.59973894767657,33.297490864094634,0.0445960730372065,-1.4369074457213276,-0.0358224074140592,0.1642709210303849,-0.0311499171638447,0,,
2024-11-04 05:00:00,92.65361836465988,92.77621089297176,92.37070367493162,92.54045104980467,6629800,0.0041957041533071,0.0001022408725697,-0.015205479630006,-0.0060447125993806,,93.08463630676268,94.0875033569336,,0,0,-0.4869399005829677,-0.440313356124284,0,36.94492392089749,33.62146904941476,0.0441329982681491,-0.5310255799345985,-0.0317770034843206,0.1653162289458468,-0.0097268044544863,0,,
2024-11-05 05:00:00,92.5027148556843,92.78562950334108,92.28581986132336,92.75733947753906,6663000,0.0023437148325293,0.0013269060489407,-0.0095284260092791,-0.0007066131743699,,93.03202934265136,94.06133880615236,,0,0,-0.4508642806668916,-0.4424235410328055,0,41.50594863360984,34.06138890744944,0.0442313962119122,-0.0431000145570166,-0.0295077648861908,0.1637239628333815,-0.0248140687013492,0,,
2024-11-06 05:00:00,91.88032167302003,92.2481064339863,91.8143092080984,92.0312042236328,9158100,-0.0078283320543286,-0.005502390668006,-0.0189562351229641,-0.0070303882411437,,92.95533599853516,94.02009109497072,,0,0,-0.4753871710081654,-0.4490162670278775,0,32.920317723088374,35.14865129266572,0.050286315272727,-0.5857193099058726,-0.0371051003588093,0.1585010727819283,-0.0486178775646882,0,,
2024-11-07 05:00:00,92.38013777698644,92.92710234991924,92.3235577159312,92.72906494140624,17402300,0.0075828706541496,0.0022426013780172,-0.0089350240925278,-0.0030183789147076,,92.91635627746582,93.9944822692871,,0,0,-0.4335129432650291,-0.4459156022753079,1,44.74903500494264,34.06182110241448,0.0577758638803525,-0.2263871947061352,-0.0298035928812897,0.1584775908724965,-0.0396680771094216,0,,
2024-11-08 05:00:00,92.87050853061744,93.09683593612893,92.76677363750412,92.88936614990234,6199800,0.0017287051109315,0.0079819299676133,-0.0066228434576084,-0.0029972656767878,,92.88398170471191,93.97450897216795,,0,0,-0.3829776206430608,-0.4333280059488585,1,47.05841969741565,32.62200027492342,0.0582460155503163,-0.2246168974066834,-0.0281264093936962,0.1580668470672766,-0.0432565240609936,0,,
2024-11-11 05:00:00,92.70077247021004,92.72906249999284,92.5687475346774,92.6819076538086,4501200,-0.0022333933871284,0.0015285921172762,-0.0091402466692056,-0.0091984337378777,,92.84546394348143,93.95487106323242,,0,0,-0.3555693975291376,-0.4177762842649144,1,44.46792678009126,31.650349186040494,0.0585717170409621,-0.7494595049576033,-0.0302969854440812,0.1575637071882859,-0.0408802513810966,0,,
2024-11-12 05:00:00,92.39901862947568,92.54990121674815,92.08781385002386,92.14439392089844,16775400,-0.0057995540501595,-0.0066080545226187,-0.0139950485652879,-0.0167124406060952,,92.7612693786621,93.91657257080078,,0,0,-0.3729222339252658,-0.4088054741969847,1,38.54713015901607,31.52597301498328,0.0614543319549683,-1.3525598060599977,-0.0359208304896009,0.1571380163993772,-0.0347756411203897,0,,
2024-11-13 05:00:00,92.57816600261576,92.6064560303373,92.01234386372865,92.1255111694336,15834900,-0.0002049256678713,0.0010247279343604,-0.018147769021978,-0.0127802266217386,,92.67002029418946,93.86964859008788,,0,0,-0.383774251344775,-0.4037992296265428,1,38.35393174879255,31.5217308823332,0.0590906835351338,-1.041131805348774,-0.0361183950572937,0.1570295346336728,-0.0467718402031972,0,,
2024-11-14 05:00:00,92.27638878475452,92.4084137036128,92.012338947038,92.08778381347656,7312000,-0.0004095212659134,-0.0069156432056646,-0.0198264957290638,-0.0155498225521157,,92.59991722106932,93.81709716796875,,0,0,-0.3909126381019945,-0.4012219113216331,1,37.94472882548267,31.517799390894886,0.0585949249983354,-1.2816541597380984,-0.0365131250723406,0.1579810650934661,-0.0380803490408255,0,,
2024-11-15 05:00:00,91.88976680201948,92.30469926976204,91.7200194123184,92.09723663330078,11844300,0.0001026500957321,-0.0085276662919977,-0.0148958278673868,-0.0165297147469349,,92.52699584960938,93.7622979736328,,0,0,-0.3912964752836103,-0.3992368241140286,1,38.122863611788446,31.95844290649578,0.0568768115889688,-1.3667079050455764,-0.0364142230523925,0.1600472641412172,-0.0206139001972534,0,,
2024-11-18 05:00:00,91.99347816508912,92.24809558704244,91.91803330124436,92.1820831298828,5260600,0.0009212708185788,-0.0053929028499583,-0.014681964436697,-0.0185607316259105,,92.49074783325196,93.70638366699218,,0,0,-0.3803696018349285,-0.3954633796582086,1,39.79345778605163,32.36761188526803,0.0569497150055039,-1.5522551562334426,-0.0355264995948929,0.1595410274500847,-0.0206460595491679,0,,
2024-11-19 05:00:00,92.37072039008066,92.46503010026906,92.29528269467896,92.31414031982422,4735900,0.0014325689489502,0.0018421782563515,-0.0063816812498315,-0.0190089231133444,,92.4601634979248,93.6472996520996,,0,0,-0.3569394880910863,-0.3877586013447842,1,42.400064866963135,32.03497036880203,0.052617843516476,-1.593307723983567,-0.0341448248061273,0.1591876563682908,-0.01760897852526,0,,
2024-11-20 05:00:00,92.12551562000058,92.3518430475255,92.10665080406233,92.21981811523438,5551100,-0.0010217525101037,0.0010236789419526,-0.0075975531639067,-0.0160057935280638,,92.43661460876464,93.58689163208008,,0,0,-0.3420391533235545,-0.3786147117405383,1,41.03357073601165,32.05416883243505,0.0526415968656345,-1.3534375889148724,-0.0351316897557782,0.1589711467057558,-0.0196643503772323,0,,
2024-11-21 05:00:00,92.27637281414778,92.42726252090988,92.106625491449,92.17263793945312,6348500,-0.0005116056043646,0.0009214482362658,-0.0055901770392836,-0.0209985395913999,0.0322054894483732,92.40177574157715,93.52722732543944,,0,0,-0.3302308805244536,-0.3689379454973214,1,40.33334861769939,31.82033927315482,0.0520536842687972,-1.8289530277795016,-0.0356253217907731,0.1580413960662654,-0.0318545793409444,0,,
2024-11-22 05:00:00,92.29527286696188,92.342420522215,92.15381551156256,92.23868560791016,4989600,0.0007165648063627,0.0015358655675259,-0.0067915758204094,-0.0194213617866033,0.0317688192336809,92.37964057922365,93.46494735717772,,0,0,-0.3119473099869765,-0.3575398183952524,1,41.82985737533702,31.603211825251744,0.0515790731842838,-1.6872858183252584,-0.0349342848362209,0.1576659756610935,-0.0339270686807715,0,,
2024-11-25 05:00:00,92.91766798652569,93.077982952689,92.82336548847778,93.0685577392578,9246200,0.0089970073389302,0.0096165608247968,0.0041774178080469,-0.0108937499974662,0.0459249234570318,92.40651893615724,93.41476608276368,,0,0,-0.2278669942733415,-0.3316052535708703,1,56.56934405401035,29.419423447998664,0.0603697540351531,-0.8607760953765079,-0.0262515815143425,0.1585466995952619,-0.0268960221951448,0,,
2024-11-26 05:00:00,92.8799462884445,92.9271011352539,92.70077369917163,92.9271011352539,11303100,-0.0015199182993702,0.0066399450106566,0.00428084182496,-0.0115137833798922,0.0483706417270957,92.4211528778076,93.36363021850586,,0,0,-0.1706796156800862,-0.2994201259927135,1,54.05505461398894,27.532319685073404,0.0603315581508543,-0.9104142032337842,-0.0277315995545817,0.1574834085779831,-0.0288581093502444,0,,
2024-11-27 05:00:00,93.17227644836352,93.2948689550322,93.03081912847313,93.18170166015624,8749800,0.0027397876592725,0.0104303344398264,0.0059079480856962,-0.0075231031914926,0.0463257967565857,92.45321807861328,93.32358444213868,,0,0,-0.1036196092039176,-0.2602600226349543,1,57.69925998524165,26.19134661137352,0.060897946303858,-0.5815511799980898,-0.0250677905895407,0.1583948418540557,-0.0227492294990414,0,,
2024-11-29 05:00:00,93.5023594872294,93.56837195852265,93.43634701593618,93.54950714111328,9623200,0.0039471857071087,0.0149379385514016,0.0109045295110128,-0.0012202788664251,0.0470822868961442,92.5046146392822,93.29070724487303,,0,0,-0.0205582596752549,-0.2123196700430144,1,62.345727935404895,25.492117766962807,0.0619770898777106,-0.0724183088818777,-0.0212195521071558,0.1580383114618044,-0.0269109819889926,0,,
2024-12-02 05:00:00,94.0244048841031,94.22306711435768,93.25813525061838,93.56085968017578,18397600,0.0001213532749604,0.0143342683555351,0.0112328799203891,-0.005299409670713,0.0409126975773621,92.57496757507325,93.25974411010742,,0,0,0.0456581940365055,-0.1607240972271104,1,62.48271069926847,25.903331528529343,0.0619392757645612,-0.4047307439091509,-0.0211007738943368,0.1577746843505104,-0.0473842657921376,0,,
2024-12-03 05:00:00,93.6270769904908,93.71221484996964,93.34326969052246,93.38111114501952,6889800,-0.0019211937103903,0.0033583136276524,0.0133180635830609,-0.0115441866955848,0.0351698907128639,92.61700057983396,93.22593627929687,,0,0,0.0826779462023523,-0.1120436885412179,1,58.83322740690591,26.28517287855542,0.0604437531512939,-0.9272544322824388,-0.022981428930637,0.1573985861086517,-0.0418353709751346,0,,
2024-12-04 05:00:00,93.20136835570185,93.7405964650208,93.1635341177844,93.683837890625,7448900,0.0032418413305808,0.0081433375853365,0.0123555356371125,-0.0108907054160967,0.0353288196259846,92.66332550048828,93.19555877685546,,0,0,0.1348889688170231,-0.0626571570695697,1,62.77651673802812,26.137990806546423,0.0598232919249345,-0.8699188495375654,-0.0198140897461993,0.1569343632880683,-0.0507020134152959,0,,
2024-12-05 05:00:00,93.6175984681494,93.759502093344,93.51353629084124,93.70274353027344,8786700,0.0002018025742125,0.0055916758422966,0.0101922290792233,-0.0119621083655437,0.0352190767877997,92.7469024658203,93.172869720459,,0,0,0.1757659866344738,-0.014972528328761,1,63.014784477297695,26.03393806502008,0.0594921143032688,-0.9601029611277454,-0.0196162857063033,0.1572247460963302,-0.0396961851190065,0,,
2024-12-06 05:00:00,94.03386447939916,94.07170593424834,93.78789863163924,93.96764373779295,12890600,0.0028270272303598,0.0044696825184651,0.0210411189389054,-0.0106356931880894,0.0473859798299234,92.80883140563964,93.15510375976562,,0,0,0.2269207494943259,0.0334061272358563,1,66.27246465808571,26.458066302008277,0.051654996868718,-0.8456504725603468,-0.0168447142497936,0.1573708906054875,-0.0071304386563725,0,,
2024-12-09 05:00:00,93.84464929957582,93.86357363416596,93.68382854315416,93.69329071044922,10689000,-0.0029196542174589,0.0014154533287331,0.010398312219068,-0.0165327782178794,0.0451933326893378,92.84902763366698,93.1264144897461,,0,0,0.2425275643742566,0.0752304146635364,1,60.34419522953564,26.53534851785028,0.0474221146046846,-1.3358524636664135,-0.0197151877262513,0.1577236721512926,-0.0047572575848305,0,,
2024-12-10 05:00:00,93.53247654444866,93.64599368991244,93.46625580375498,93.57977294921876,5984500,-0.0012115890088786,0.0021274302882381,0.0074325708951685,-0.0174342959560616,0.04037091277609,92.89392089843749,93.09976654052734,,0,0,0.2429357310980009,0.1087714779504293,1,58.03109567159803,25.966757341359845,0.0475534914653568,-1.409558543154225,-0.0209028900303729,0.1580238747089509,-0.0002718619313474,0,,
2024-12-11 05:00:00,93.73112773154766,93.79734846444516,93.33380333416264,93.3621826171875,8095800,-0.0023251855093657,-0.0034334126427765,0.0073398895275216,-0.018849819455451,0.0330462195940606,92.95481033325194,93.06374588012696,,0,0,0.2231293881571616,0.1316430599917758,1,53.776014049900056,25.729730177617935,0.0476175129846317,-1.5220319013222512,-0.0231794724427362,0.1564470007231978,-0.0070873330224049,0,,
2024-12-12 05:00:00,93.21082904812914,93.25813267105644,92.94594608178316,92.9837875366211,12353100,-0.0040529802320274,-0.0076727315184753,0.0091095462241928,-0.0248435218022115,0.0237057369017246,92.99772415161132,93.02410614013672,,0,0,0.1748834505012553,0.1402911380936717,1,47.28304763973307,24.446908768692214,0.0450916387861002,-2.0062313621098866,-0.0271385067311644,0.1566199228582461,-0.0032970604631686,0,,
2024-12-13 05:00:00,92.89863385734776,92.92702035898752,92.58645451449875,92.63375091552734,6566300,-0.0037644908899402,-0.0141952353938734,0.0055168187361154,-0.0308008349597487,0.0188102054789922,93.02502250671384,92.98517440795898,,1,0,0.1071678036408485,0.1336664712031071,0,42.20631107876322,22.97710543445915,0.0473579048301444,-2.4940387492050147,-0.0308008349597487,0.1560613097226691,-0.0061658777328894,0,,
2024-12-16 05:00:00,92.7756535261093,92.80403280991592,92.59590843864244,92.7188949584961,7124100,0.000919147094091,-0.0103998455445909,0.0068533644625203,-0.028957756787411,0.0234048734644107,93.05610542297362,92.96016632080078,,1,0,0.0596850660395489,0.1188701901703954,0,43.78733630889455,21.612288052671303,0.0473426776011405,-2.3378074434336167,-0.0299099983636066,0.155540597297551,-0.0154478499969047,0,,
2024-12-17 05:00:00,92.70943279138764,92.83241209372252,92.66212917336412,92.7188949584961,7239200,0.0,-0.0091994024305853,0.0067500214764373,-0.0258982157359324,0.0197466419187883,93.08294601440429,92.94155075073242,,1,0,0.0218033193030464,0.0994568159969256,0,43.78733630889455,20.27231032499605,0.0473502103458162,-2.0975584919540218,-0.0299099983636066,0.1561840999886597,-0.024137645671649,0,,
2024-12-18 05:00:00,92.6866285713267,92.81949843556971,91.96532985053278,92.01277923583984,14261400,-0.0076156615431226,-0.0144534258253217,-0.001836624735464,-0.0334118633329552,0.0137407214763465,93.06787796020508,92.9056167602539,,1,0,-0.0644529025320679,0.0666748722911269,0,34.66608931175891,20.45515724929008,0.0546647673804589,-2.613636048110912,-0.0372978754824366,0.1597559196710985,0.0013469401849064,1,,
2024-12-19 05:00:00,91.83246209619978,91.88940425622232,91.58570066799416,91.7755126953125,15490100,-0.002578625952806,-0.0129944678886383,-0.0058347250231181,-0.0350492923665398,0.0110232395322089,93.04566268920895,92.869825592041,,1,0,-0.1502253029004379,0.0232948372528139,0,32.236156607989145,21.218446543217983,0.0550293379155716,-2.736708016994384,-0.0397803241655391,0.159392919314205,0.0012894400897467,1,,
2024-12-20 05:00:00,92.10769831637224,92.2690392701814,92.00329952488046,92.02227783203124,8657700,0.0026887906095167,-0.0066009751030562,-0.0021420589114186,-0.0320729636892463,0.012912817257892,93.03814468383788,92.84009796142578,,1,0,-0.1960289640445012,-0.020569923006649,0,37.16897921165528,20.953866012046305,0.0558875997549519,-2.4784215965268044,-0.0371984945180823,0.1579246776339825,-0.0065827610447459,0,,
2024-12-23 05:00:00,92.01278172599672,92.031767273325,91.68060705639948,91.73755645751952,10540800,-0.0030940483241614,-0.0105840185154908,-0.0047202889236978,-0.0363976660487997,0.0098821129153725,93.01308822631836,92.80411193847657,,1,0,-0.2523938912375882,-0.0669347166528369,0,34.085844643981176,21.219929788434253,0.0568373548059406,-2.816350506268565,-0.0401774489026187,0.1564988850574162,-0.0097601707352831,0,,
2024-12-24 05:00:00,91.58571771302329,91.8514574970717,91.55724662771324,91.84196472167967,4739300,0.0011381190887562,-0.0094579453002429,-0.0043010249291373,-0.0315828782765876,0.0155990704136517,92.95175857543946,92.7719059753418,,1,0,-0.2853492986924664,-0.1106176330607628,0,36.17654430546211,21.65272944377976,0.0569434632076464,-2.4494412279356204,-0.0390850565353961,0.1549547000616837,-0.0171963265253743,0,,
2024-12-26 05:00:00,91.6046978384881,91.9463653507123,91.5952123037741,91.9084014892578,10620200,0.0007233813843101,-0.001134383152524,-0.0124656089895612,-0.0310738602993754,0.0146667669545561,92.90082359313963,92.73350830078124,,1,0,-0.3026174193851716,-0.1490175903256445,0,37.53427318939239,21.80179631328692,0.0463318999755503,-2.407050829926876,-0.0383899485533885,0.1550564285831231,-0.0220141511683862,0,,
2024-12-27 05:00:00,91.8609524535112,91.9558584870867,91.69011869672882,91.71858978271484,8601300,-0.0020652269375519,-0.0006202407475144,-0.0130049397621916,-0.0358377474268331,0.0175784526682007,92.82766799926758,92.6888702392578,,1,0,-0.3278396168100954,-0.1847819956225347,0,35.228452701707354,21.91381858959509,0.0465075214098976,-2.806715303797595,-0.0403758915350567,0.156382395231927,-0.0069912974071227,0,,
2024-12-30 05:00:00,92.06023769708976,92.136165404132,92.02227384356864,92.07921600341795,10154500,0.0039318770770184,0.0006187433383322,-0.0118315681844829,-0.029848167990426,0.0270879066404949,92.75415344238282,92.6606576538086,,1,0,-0.3150966300435129,-0.2108449225067304,0,42.46081508436863,21.510509200024764,0.0477588148436978,-2.296213405947931,-0.0366027675004292,0.1588095274187009,0.0026180496775729,1,,
2024-12-31 05:00:00,92.20260068600513,92.25954284606962,91.89889709755316,91.96533203125,12276700,-0.0012368043203553,0.0024829043036038,-0.0169340829072851,-0.0336041986869003,0.0224183281561061,92.67437705993652,92.6288510131836,,1,0,-0.3106067250284781,-0.23079728301108,0,40.90739911951891,20.79801875713449,0.0448808069109078,-2.612104434219014,-0.0377943013598029,0.1591922437890872,0.0073015986858464,1,,
2025-01-02 05:00:00,92.12667881084792,92.25954868665306,91.85144628500436,91.9748306274414,5547700,0.0001032845310466,0.0014466796977217,-0.016951843518283,-0.0314949667214412,0.0170476379694859,92.60406303405762,92.6102067565918,,0,0,-0.3027915926278837,-0.2451961449344407,0,41.10094736949228,20.241168403239172,0.044876130170924,-2.447753173957417,-0.0376949203954484,0.1596008489715442,0.0115745097418591,1,,
2025-01-03 05:00:00,92.08871855557793,92.12668241313028,91.8609426511292,91.87992095947266,5331000,-0.0010319091355894,-0.0003098795031102,-0.0160759511976199,-0.0285515640525637,0.0108962613101553,92.5138671875,92.58928863525392,,0,0,-0.3007891508115108,-0.2563147461098548,0,39.70167989472301,19.724093074622097,0.0447040866935029,-2.235097799884692,-0.0386879317983165,0.1574672677302279,0.0004363547556187,1,,
2025-01-06 05:00:00,91.79449643554784,91.87042414132638,91.66162657086764,91.78500366210938,9248300,-0.0010330581085844,0.0007241048903157,-0.0202685358677608,-0.0232447796268232,0.0095413662559782,92.4179801940918,92.57117279052734,,0,0,-0.3033642397671201,-0.2657246448413078,0,38.29744955296464,19.70828120146461,0.0422589505350662,-1.8644730587368488,-0.0396810230252523,0.156403622210606,-0.003381930294566,0,,
2025-01-07 05:00:00,91.69009428852992,91.7565292184342,91.33893409282771,91.46231842041016,9153300,-0.0035156640935281,-0.0066996398295234,-0.0239099200882997,-0.0233567823639392,0.0069205186903309,92.29271392822264,92.54303085327147,,0,0,-0.3276658901127121,-0.2781128938955887,0,33.906746993451335,20.35633999661292,0.0429157760679656,-1.8725697943054045,-0.0430571819709361,0.1576356922955868,0.0026137501217828,1,,
2025-01-08 05:00:00,91.36742224613992,91.6046909316913,91.32946562841347,91.56673431396484,7444500,0.0011416274522446,-0.0043342171281425,-0.0255503844549683,-0.0239074395834153,0.0070376132293099,92.18638610839844,92.52073776245118,,0,0,-0.3346420874490547,-0.2894187326062819,0,36.44584971596508,20.976569848728683,0.0413160064762305,-1.9211121107143307,-0.0419647097796456,0.1575854142544466,0.0013631723639211,1,,
2025-01-10 05:00:00,90.9688016251831,91.32945461789552,90.9688016251831,91.0542221069336,9822000,-0.0055971441033808,-0.0100093527134275,-0.0281671033593156,-0.026835324008679,-0.0037019769171146,92.0601085662842,92.49120239257812,,0,0,-0.3771783487441382,-0.3069706558338532,0,30.294043153197805,22.209268921616577,0.0436708837116759,-2.123452751625128,-0.0473269713551333,0.1591329283663489,0.0089349695948273,1,,
2025-01-13 05:00:00,91.0542162526256,91.06370178487094,90.86439699475376,90.9687957763672,10420700,-0.0009381918662274,-0.0099164776546482,-0.0279010847169762,-0.0271618008827572,-0.007368234133804,91.94043922424316,92.45788986206054,,0,0,-0.4130207866843847,-0.3281806820039595,0,29.4031598542512,23.525214465188167,0.0436925396840679,-2.1495484069232846,-0.0482207614417821,0.1587375180937517,0.0045160478827339,1,,
2025-01-14 05:00:00,90.97829799882616,91.0447329357654,90.87389920636949,90.99727630615234,5487600,0.0003130802110995,-0.0085823100128308,-0.0253304522745785,-0.0271505945768795,-0.0036143139027238,91.84111366271972,92.42702743530272,,0,0,-0.4341237281454937,-0.3493692912322663,0,30.14077249667309,24.74716389850464,0.0439006004064439,-2.148609330163824,-0.047922778196854,0.1585690358968795,0.01356392365384,1,,
2025-01-15 05:00:00,92.00329400600656,92.00329400600656,91.63315549141684,91.78500366210938,9563000,0.0086566036691779,0.003528067594088,-0.0128923966883967,-0.0178407581042493,0.0009275918429489,91.79867630004884,92.41229598999024,,0,0,-0.3828714433090994,-0.3560697216476329,0,46.721617742130775,23.015398872220903,0.0543826011214473,-1.311899081658251,-0.0396810230252523,0.1570843607202789,0.00296538175704,1,,
2025-01-16 05:00:00,91.70908144557087,92.0887127563219,91.58570434694444,91.98431396484376,9810800,0.002171490927517,0.0045603859743115,-0.0070108026962635,-0.0196526159267557,0.0023883754366227,91.7619472503662,92.40890625,,0,0,-0.3224539145916907,-0.3493465602364445,1,49.95797367027323,21.60137752569619,0.0539328080454479,-1.4625862610727616,-0.0375956990792292,0.1577287914744645,0.0106847863494072,1,,
2025-01-17 05:00:00,92.1266766114835,92.15514769263844,91.9368645765405,91.98431396484376,5360200,0.0,0.0102147032437207,-0.0079226676933665,-0.0209278188353535,0.0051432799424755,91.7252182006836,92.39778350830078,,0,0,-0.2714435554587879,-0.3337659592809132,1,49.95797367027323,20.442915287385397,0.0537583908760066,-1.563127806271059,-0.0375956990792292,0.1561609428485129,0.0039883192024467,1,,
2025-01-21 05:00:00,92.20259640742144,92.3259734954576,92.1456470091349,92.28800964355467,7725900,0.0033016029105459,0.0145018284119156,-0.0046472222855362,-0.0128552531965128,0.0105187269327993,91.73897972106934,92.3883969116211,,0,0,-0.2041583646117999,-0.3078444403470906,1,54.80901814761142,19.761225219447592,0.0552433293889311,-0.952510657299634,-0.0344182222381871,0.1552554129276117,-0.005946105020392,0,,
2025-01-22 05:00:00,92.25953705215908,92.29750090343953,92.02226841230448,92.0697250366211,7283400,-0.0023652542489177,0.0117855036326646,0.0006188901286776,-0.0158829402876796,0.0085401662686499,91.75369033813476,92.38916732788086,,0,0,-0.1665284730242433,-0.2795812468825212,1,50.9834268183139,18.784595758854763,0.0490263051275985,-1.1814673418544277,-0.0367020686407159,0.1540223310729333,-0.0358896785168858,0,,
2025-01-23 05:00:00,91.8419342422704,91.98429686244104,91.79448486278928,91.91786193847656,7707000,-0.0016494357736391,0.0014474943734412,0.0015510590895486,-0.0106470024418779,0.0069794831362801,91.74846954345703,92.37294326782228,,0,0,-0.1472630390338452,-0.253117605312786,1,48.44974610383062,17.609638041477524,0.0485052906353662,-0.8085444979546467,-0.0382909667093726,0.1529335664396026,-0.0405247165457159,0,,
2025-01-24 05:00:00,91.93685517757166,92.16463104439008,91.87042024804694,92.0697250366211,6459400,0.0016521609069428,0.0009285395313158,0.0005156056305894,-0.0092127454459264,0.0117401215486936,91.76507797241212,92.35655044555664,,0,0,-0.1183763915935571,-0.2261693625689402,1,51.068507950182855,16.64847490503454,0.0479318572725276,-0.6939146321564896,-0.0367020686407159,0.1536347398546628,-0.0271644548755222,0,,
2025-01-27 05:00:00,92.52528783948642,92.59172277695906,92.35445410871893,92.58223724365234,7602000,0.0055665660653096,0.0065002743732709,0.0092075788668293,-0.0011711913112074,0.0145683042419284,91.80209159851074,92.35455703735352,,0,0,-0.0535112194872198,-0.1916377339525961,1,58.69469823345581,16.7089802213749,0.0501594106705092,-0.0635103387682807,-0.0313398070652282,0.1567066306957174,0.0013274576251773,1,,
2025-01-28 05:00:00,92.38291537186144,92.5632418576356,92.33546598777544,92.55374908447266,5730300,-0.0003077065323525,0.0028794579268136,0.0077500994774011,-0.0033990329083891,0.0106456317744749,91.83435897827148,92.362744140625,,0,0,-0.0043536731904794,-0.1541809218001728,1,58.152160572862144,16.709598345618783,0.0501563815903804,-0.2344889795908586,-0.0316378701342241,0.155323815297894,0.002382084803258,1,,
2025-01-29 05:00:00,92.61071775093323,92.67715269516742,92.26905025462436,92.496826171875,5912800,-0.0006150254653185,0.004638887919824,0.0064022948183466,-0.0019913672570689,0.0083827956481259,91.87327079772948,92.37017044067385,,0,0,0.0296688292928166,-0.1174109715815749,1,57.01806181060115,16.954185647676788,0.0502525837541137,-0.1270942514452157,-0.0322334375037417,0.1559272967325673,0.0056164594876979,1,,
2025-01-30 05:00:00,92.64866999613812,92.7530687869709,92.55375673838836,92.6296844482422,6802900,0.0014363549741731,0.0077441151779844,0.0099335878112145,0.0010666031673893,0.0088066905256329,91.9007942199707,92.38100845336912,,0,0,0.0665849107857354,-0.0806117951081128,1,59.026569645320805,17.344448163822268,0.0496284128944573,0.1073867529613263,-0.0308433811878617,0.1553176616129534,-0.006808526096525,0,,
2025-01-31 05:00:00,92.64867032410388,92.75306911530625,92.30700286941716,92.43987274169922,10750100,-0.0020491455592622,0.0040202977138348,0.0039168093945096,-0.0021001864718506,0.001356213030075,91.92452125549316,92.38786117553713,,0,0,0.0796072896581279,-0.0485679781548647,1,55.06742501343428,16.911155070726277,0.0486959153907807,-0.1351205210669304,-0.0328293241695303,0.1558287056514462,-0.0187697918110153,0,,
2025-02-03 05:00:00,92.6893571998896,92.87980610512514,92.41321900084314,92.52748107910156,9977100,0.0009477332108314,-0.0005914327216642,0.0061126191297884,-0.0001395775820098,-0.0018770314377869,91.95215377807617,92.39476913452148,,0,0,0.0958915018476886,-0.019676082154354,1,56.51712844615782,16.812494545768704,0.0484765648828185,0.015030863504564,-0.0319127043995034,0.1570331677961329,-0.0135626959050521,0,,
2025-02-04 05:00:00,92.3846402027244,92.72744094495124,92.36559894588176,92.6988754272461,8483500,0.0018523615486518,0.0015680223028133,0.0078722058509412,0.0019163043618084,-0.0110915205083171,91.99310150146484,92.40246383666992,,0,0,0.1212294907160327,0.0085050324197233,1,59.28477388392728,16.563911459210825,0.0487673369175703,0.1718838807061655,-0.0301194567173949,0.156275685326175,-0.0208342478551727,0,,
2025-02-05 05:00:00,93.03215501058229,93.31782472692387,92.99407249562722,93.19403839111328,9716700,0.0053416285967331,0.0075376880277246,0.0143025529181752,0.0112880577455525,-0.0050154349270675,92.06355323791504,92.4219482421875,,0,0,0.1791998381924315,0.0426439935742649,1,66.01482142625304,17.58686459050564,0.0513738677627728,0.8760080788119418,-0.0249387150719813,0.1564760359897999,-0.0062948430789192,0,,
2025-02-06 05:00:00,93.09880828857422,93.20355336463405,92.96549769447672,93.09880828857422,6629400,-0.0010218475793419,0.0050645086737193,0.014313935545521,0.0060336559032876,-4.752841195199142e-05,92.14537773132324,92.44047164916992,,0,0,0.2149793348652053,0.077111061832453,1,63.82960615257162,18.439087134522488,0.0513691681606315,0.4862977461703061,-0.0259350790856951,0.1557746966269277,-0.0040211701927937,0,,
2025-02-07 05:00:00,92.8607580535794,92.9274133545295,92.70840619350044,92.80362701416016,6422300,-0.0031706235540535,0.0039350364909886,0.014665149724115,0.0004990175104397,-0.0002079482762772,92.207222366333,92.45177047729491,,0,0,0.2170145729334507,0.1050917640526526,1,57.478393808951296,18.380114668249032,0.051026673201738,0.0638381331461721,-0.0290234722671232,0.1567153001157563,-0.0058387295822865,0,,
2025-02-10 05:00:00,92.90837102889084,93.01311610987796,92.75601917056233,92.83219146728516,6038700,0.0003077945770442,0.003293187976479,0.0138200533501751,0.0087034310852434,0.0016118543445404,92.2961208343506,92.44704315185548,,0,0,0.2184146779606237,0.1277563468342468,1,57.91479478296511,18.51333046138961,0.0510171714740059,0.7183529794370093,-0.0287246109574498,0.1557061220933887,-0.0119255463454471,0,,
2025-02-11 05:00:00,92.6227035522461,92.68935885404736,92.57509677374978,92.6227035522461,8001100,-0.0022566300733392,-0.0008217130428921,0.0172257958941264,-0.0011470124197558,-0.0041619292163608,92.37881622314453,92.44095520019532,,0,0,0.2003112835148499,0.1422673341703674,1,53.57234827109952,18.055530571607783,0.0470110205890899,-0.0724419630135894,-0.0309164202098575,0.1552366726229981,-0.0244842835694004,0,,
2025-02-12 05:00:00,92.14658669835194,92.25133177565124,91.99423484538733,92.13706970214844,6404900,-0.0052431405203339,-0.0113415912349349,0.0128425787745201,-0.0080988435914167,-0.0110718348822863,92.43580589294432,92.42006256103517,,1,0,0.1451049404681867,0.1428348554299313,1,45.12538614580543,17.420150175843084,0.0512144886829176,-0.6420939589329938,-0.0359974615946454,0.1549218244886649,-0.0240377552257886,0,,
2025-02-13 05:00:00,92.51796083150606,92.77505776343628,92.21324259383672,92.6893539428711,7041200,0.0059941589471863,-0.004398062158153,0.0185948163000604,8.034242335952513e-05,-0.0091188303389757,92.48102340698242,92.40285949707032,,1,0,0.1442553525494645,0.143118954853838,1,54.00696739678,16.7342834260665,0.0544730434124424,0.0310577821927349,-0.0302190771539526,0.1542222387303957,-0.0274126480109938,0,,
2025-02-14 05:00:00,93.079749040547,93.203535349745,93.00356949724925,93.03213500976562,6257500,0.0036981708504064,0.0024622744062643,0.0135875284403468,0.0096342387321932,-0.0072392135164986,92.53341445922852,92.39228500366212,,1,0,0.169290143960282,0.1483531926751268,1,58.49688497430594,16.89096772979736,0.0478649497471326,0.8028367036503729,-0.0266326616138031,0.1548001876810924,-0.0145410595218576,0,,
2025-02-18 05:00:00,92.80361670792018,92.91788603895152,92.66078186035156,92.66078186035156,8159400,-0.0039916653463352,-0.0018464457665421,0.0073541657957718,0.0058102330627345,-0.0070442496542708,92.5672378540039,92.37787841796874,,1,0,0.1573514513065532,0.1501528444014121,1,52.5156602349332,16.2373711939135,0.0501011725809444,0.4885031605877483,-0.0305180182876939,0.1537309588667675,-0.025346245097834,0,,
2025-02-19 05:00:00,92.62269752621252,92.8417119406722,92.62269752621252,92.79409790039062,5604800,0.0014387536707813,0.0018504571943083,0.0088035002995876,0.0076700085251775,-0.0079990812984781,92.5925422668457,92.36008361816408,,1,0,0.1568394935746226,0.1514901742360542,1,54.3213799243052,15.544808370267976,0.0502209424915844,0.6357393298307848,-0.0291231725277488,0.1535904430633137,-0.0164605805927589,0,,
2025-02-20 05:00:00,92.87980438673247,93.0035907241832,92.84171460639008,92.93693542480467,27958700,0.0015392953608683,0.0086812585340727,0.0070315286217175,0.0091175242841137,-0.0075629005384358,92.63590278625487,92.34476745605468,,1,0,0.1660454888253753,0.1544012371539184,1,56.24140919794449,15.22532537938676,0.0493106314809559,0.7494497360188109,-0.027628706331246,0.154469529199683,-0.0050618765111595,0,,
2025-02-21 05:00:00,93.0797485218534,93.48920448369569,93.03213449133736,93.33684539794922,7070600,0.004303025178489,0.0069856075971486,0.0137626169821201,0.0125269708478965,-0.0062662705220073,92.70685195922852,92.3321514892578,,1,0,0.2032675571635707,0.1641745011558489,1,61.16339881775627,15.78874837563533,0.0501080947548594,1.006157203298985,-0.0234445681717494,0.1578338184433742,0.0247463295996737,1,,
2025-02-24 05:00:00,93.27974197434564,93.54636318841304,93.26070071543364,93.4987564086914,7298300,0.001734695554064,0.0050157012829685,0.0171989908911609,0.0128324445720131,-0.0064204094935569,92.77830352783204,92.32826080322266,,1,0,0.2430296849844495,0.179945537921569,1,62.97901549032574,16.404597107634487,0.0495141852916152,1.029291440247467,-0.0217505418058598,0.1588303336105126,0.0385577038984359,1,,
2025-02-25 05:00:00,93.9367626276066,94.08911446860024,93.85105881433104,94.07959747314452,5801200,0.0062122865240497,0.0153119322361345,0.0218298950683732,0.0201668079152599,0.0038382286235842,92.85317153930664,92.33825729370118,,1,0,0.3177476799003642,0.2075059663173281,1,68.64256928942123,17.771005355048146,0.0528882275451478,1.5581723688546003,-0.0156733758795616,0.1606158173952313,0.0454394464895928,1,,
2025-02-26 05:00:00,94.0510394609108,94.28909515256174,93.93677737844357,94.23196411132812,5035900,0.0016195502773819,0.0154952334628111,0.0178190430129068,0.0223420552770523,0.000874365153364,92.9370822906494,92.355652923584,,1,0,0.3848209669414615,0.2429689664421548,1,69.94161365837385,19.293859620798447,0.0503318532314986,1.7205508297792789,-0.0140792094224329,0.160794764738052,0.0260878178809975,1,,
2025-02-27 05:00:00,94.05103680553933,94.20339593103826,94.01295428904756,94.08912658691406,6263200,-0.0015158075687068,0.0123975592356564,0.0165890362911187,0.0200614413226767,0.0002504590261847,93.01669731140136,92.37775970458983,,1,0,0.4215913925395682,0.2786934516616375,1,67.133839876727,20.7079385818523,0.0508521286864006,1.545543811692411,-0.0155736756189358,0.1631553214794001,0.050420511281455,1,,
2025-02-28 05:00:00,94.34621868619313,94.5461845640838,94.19385958024856,94.50809478759766,14453000,0.0044528864905188,0.012548628407728,0.0217441905734729,0.0154674906682543,0.0044052416943598,93.11061782836914,92.41524658203124,,1,0,0.4790176349568469,0.3187582883206794,1,70.83253535959577,22.451020513560792,0.052104479409817,1.2536909073166898,-0.0111901369381882,0.161363655311231,0.0348647010022091,1,,
2025-03-03 05:00:00,94.23493500411664,94.74116243839032,94.17762115067964,94.71250915527344,7533500,0.0021629297271856,0.0129814854571606,0.0224854993238698,0.0192129959743487,0.0074779983207291,93.22424964904783,92.4551188659668,,1,0,0.5348573740447193,0.3619781054654874,1,72.4609450645813,24.293414699213315,0.0522365014092657,1.5481636508779857,-0.0090514106908373,0.1645963815031979,0.05974027547084,1,,
2025-03-04 05:00:00,94.84622396969522,94.94173733708328,94.37819608124896,94.47371673583984,7532400,-0.002521234223054,0.0041892107670615,0.0220018043493386,0.0138655449800189,0.0062381298628353,93.32156143188476,92.49021530151369,,1,0,0.5534622487138137,0.4002749341151527,1,67.70558610501595,26.224101606093747,0.0526152969848748,1.1255315572030933,-0.0115498241874907,0.1661480725047691,0.0662225025240539,1,,
2025-03-05 05:00:00,94.53104001131264,94.6169998709982,94.12987942503852,94.14897918701172,7302600,-0.0034373322025228,-0.0008806451727819,0.0175245028720054,0.00640807273302,0.0051799742308642,93.39406661987304,92.53293930053712,,1,0,0.5358264657279364,0.4273852404377094,1,61.76887820336057,27.222683923893552,0.0548593118967636,0.5357884850936652,-0.0149474558074005,0.1638162828111922,0.0431954287763296,1,,
2025-03-06 05:00:00,94.0916583434418,94.19672523636964,93.8242179931538,94.05345153808594,9946200,-0.0010146434910996,-0.0003791622913532,0.0146126488007178,0.0052649351405491,-6.23755783633051e-05,93.43703727722168,92.57849807739258,,1,0,0.5082825330955956,0.4435646989692867,1,60.09943056987026,27.261068287603614,0.0550867939726088,0.4444316671612978,-0.0159469329597566,0.1666075528772441,0.066113084255587,1,,
2025-03-07 05:00:00,94.41640930063414,94.54058324515798,93.89108210070584,93.93883514404295,6450700,-0.0012186303869621,-0.0060233956131915,0.0079918926766962,0.0059725568927671,-0.0056405781146378,93.47903861999512,92.6168292236328,,1,0,0.4717669472281329,0.449205148621056,1,58.07143058787144,27.79769335478262,0.0527552680410239,0.5015519598996984,-0.0171461299296352,0.1654770259001444,0.0575231207348017,1,,
2025-03-10 04:00:00,94.37820282407404,94.55012981253697,94.30179649702649,94.38775634765624,12318600,0.0047788670460402,-0.0034288269893134,0.0138449469201229,0.0075137662256434,-0.0034587694049821,93.55824508666991,92.66983322143555,,1,0,0.4735929865406945,0.4540827162049837,1,63.29566874016746,28.309473372746726,0.054601631440135,0.6186527885611455,-0.0124492019588827,0.1708176598037271,0.0965687207392003,1,,
2025-03-11 04:00:00,94.33999164745032,94.50237239201346,94.00569120959037,94.05345153808594,10187900,-0.0035418238816797,-0.0044484880268764,0.0134674103172183,0.003742772032061,-0.0082641077781177,93.61930809020996,92.71406295776367,,1,0,0.4429583831128383,0.4518578495865546,0,57.54548928900612,27.93482279602255,0.0549438795132127,0.3183362812557038,-0.0159469329597566,0.1716394665289664,0.0952310744527589,1,,
2025-03-12 04:00:00,93.8910791576166,94.015245811045,93.75735898093887,93.77645874023438,8436700,-0.002945057234177,-0.0039567125421231,0.0101717653975883,-0.0020345832879673,-0.0126486372724402,93.67699584960936,92.7514241027832,92.6342930984497,1,1,0.3918126628423124,0.4398488122377062,0,53.23051135174492,26.938637314465563,0.0563318206611754,-0.1346967600490583,-0.0188450255636577,0.1702306783695305,0.0932818573917753,1,,
2025-03-13 04:00:00,93.69047381728434,94.0820880369192,93.61406750740582,94.06298828125,7959500,0.0030554527742332,0.0001013970567598,0.0155500182327488,0.0039458275827166,-0.0126521861274738,93.77329177856446,92.7983120727539,92.65812408447266,1,1,0.3701331854140335,0.4259056868729717,0,56.83608010017994,25.656818458044413,0.0560756634996379,0.3338913024363298,-0.0158471528750633,0.173057723151527,0.1147992302811613,1,,
2025-03-14 04:00:00,93.92927769486192,94.00569130565172,93.84331784812566,93.8719711303711,8949800,-0.002030736577364,-0.0007117824440694,0.0188295702677658,0.0031224502041791,-0.01436628347285,93.83242263793946,92.83416717529298,92.68049095153808,1,1,0.3336919624537842,0.4074629419891342,0,53.85531747635966,24.46655809136763,0.0527625237017358,0.2690806673896471,-0.0178457080594369,0.1692111117687882,0.0922354699041698,1,,
2025-03-17 04:00:00,94.07254584544798,94.22537305801472,93.93882567805336,93.9961395263672,10605800,0.0013227419697372,-0.0041490214032273,0.0140985509975777,0.0067902965784241,-0.0121875187415791,93.88062286376952,92.87478332519532,92.70556133270264,1,1,0.3112435605278847,0.3882190656968843,0,55.48945853859256,23.83119350824039,0.0494505360192465,0.5563619823047719,-0.0165465713567296,0.1681383646686358,0.0902342363384285,1,,
2025-03-18 04:00:00,93.89107928061912,94.196726440169,93.87197223409552,94.09165954589844,9022000,0.0010162121552284,0.0004062371682025,0.011388801686875,0.0119146793073041,-0.0132248450900447,93.95216674804688,92.91711990356444,92.73282188415529,1,1,0.2977286766963942,0.3701209878967864,0,56.75810500293908,23.0501796052222,0.0482401536906978,0.9672384874410368,-0.0155471740284413,0.1701482486106176,0.0991475602157805,1,,
2025-03-19 04:00:00,94.00569133598287,94.39730562600468,93.91973148921888,94.36865234375,6763800,0.0029438613282875,0.0063149495243366,0.0184314275048138,0.0187286103723114,-0.0126490814245403,94.03089447021485,92.96689453125,92.75938461303711,1,1,0.3058434646718808,0.3572654832518053,0,60.29245482284437,22.7577857959404,0.0459526265319901,1.511757417380166,-0.0126490814245403,0.1688106609950109,0.0980915115563176,1,,
2025-03-20 04:00:00,94.76981833676687,94.79847162067448,94.36865778765356,94.42596435546876,6556800,0.0006073204427037,0.0038588618206925,0.0175858863009785,0.0184112353553913,-0.0110796695075969,94.10534591674804,93.0197137451172,92.78479927062988,1,1,0.3132877073006455,0.3484699280615733,0,61.00268862865236,23.240655299392245,0.0459141346875139,1.487121033297474,-0.012049443027567,0.1694030447270247,0.1029530311153057,1,,
2025-03-21 04:00:00,94.5214511830887,94.59786477684932,94.31131744384766,94.31131744384766,5028800,-0.0012141460498038,0.0046802715249942,0.0147883294490056,0.0171747353769087,-0.0091682753610223,94.15406951904296,93.07669372558594,92.80693843841551,1,1,0.3064042382645056,0.3400567901021598,0,58.73930336747495,23.50710715665464,0.0463700278346547,1.3873486281167215,-0.0132489592937166,0.1691415799775864,0.0949834627833734,1,,
2025-03-24 04:00:00,94.17762069703024,94.21582750340312,93.9101803396232,93.9483871459961,4894800,-0.0038482157570076,-0.0005080249105093,0.0065519864683611,0.0210362943737962,-0.013078430751808,94.1765510559082,93.12432678222656,92.82563793182374,1,1,0.2685677161054087,0.3257589753028096,0,52.14366806456653,22.584249440086587,0.0469902014773205,1.7549714678679913,-0.0170461901968062,0.1655263489278454,0.0487381637239618,1,,
2025-03-25 04:00:00,93.95793358500356,94.1394067925878,93.9292730169825,94.03433990478516,5663000,0.0009148933941303,-0.0006091893945745,0.0057282419217712,0.0246125261862799,-0.0112994178064419,94.17428817749024,93.1839291381836,92.8433744430542,1,1,0.2427197468402369,0.3091511296102951,0,53.4760409499027,21.727310131844824,0.0467634316535156,2.0606206699920797,-0.0161468922494821,0.1652804731652055,0.0406102499948786,1,,
2025-03-26 04:00:00,93.94837316808557,93.98657996877394,93.79554596533208,93.80509948730467,6744000,-0.0024378372593735,-0.0059718226598437,-0.0029177206664622,0.0193738048793752,-0.0133205341502898,94.15294494628908,93.24065521240234,92.8598254776001,1,1,0.2014154669976733,0.2876039970877708,0,49.51643641187448,20.55622679237857,0.0423171243622948,1.6278447792674464,-0.0185453660133068,0.1668696753316269,0.0389367500524968,1,,
2025-03-27 04:00:00,93.75735473632812,93.82421482164008,93.61408104288746,93.75735473632812,9513000,-0.0005089782030773,-0.0070807814747185,-0.0050366070523509,0.0220171362395498,-0.0151819021814479,94.13635635375977,93.29585678100584,92.88003051757812,1,1,0.162950532946283,0.2626733042594733,0,48.70751255755723,19.19559545720162,0.0418444047819528,1.8622487977363933,-0.0190449050293154,0.1672288788586043,0.0400144502903065,1,,
2025-03-28 04:00:00,94.120300219038,94.38774053691436,94.043886617587,94.3017807006836,8534000,0.0058067547435243,-0.0001011198170329,0.0022601348474957,0.0267831376044513,-0.0056456292469627,94.12604064941408,93.34619232177734,92.90332908630371,1,1,0.1743871939321337,0.2450160821940054,0,57.27803605027307,19.01039498546371,0.0464589788703388,2.199759393291368,-0.0133487393784099,0.1716567908262786,0.0521066016712907,1,,
2025-03-31 04:00:00,94.54057495746336,94.64563455847652,94.27312733196672,94.48326110839844,13350700,0.001924464271686,0.0056932745590527,-0.0002627677476202,0.0280154977936548,-0.0039289121703781,94.11457824707033,93.39617126464844,92.92600303649904,1,1,0.1958372919703066,0.2351803241492656,0,59.69561932022661,19.31988264500809,0.0442553989562081,2.294398516029561,-0.0114499642787296,0.1708403449355116,0.0587287738741562,1,,
2025-04-01 04:00:00,94.68929998403542,94.99595465306363,94.50722857229069,94.83304595947266,10295200,0.0037020827495879,0.0084937699939855,0.0012726598130941,0.0339566513630016,-0.0030980259588397,94.13254470825196,93.45314590454102,92.94829021453856,1,1,0.238314225368299,0.2358071043930723,1,63.93211565029711,20.186205075658428,0.0455104713060325,2.759241671637548,-0.0077902702443813,0.1709898544751625,0.0388433385568705,1,,
2025-04-02 04:00:00,95.03426996922636,95.07260270972682,94.50721123759598,94.72761535644533,8225100,-0.0011117496223034,0.0098343893261954,0.0026875053652797,0.0287621839974079,-0.0019444824927442,94.16147651672364,93.50193801879882,92.9677753829956,1,1,0.2604676239386947,0.2407392083021968,1,61.82274337917551,21.109671460851253,0.0447571318911818,2.364894312579876,-0.0088933590366829,0.1697256588005385,0.0215325176021325,1,,
2025-04-03 04:00:00,95.32176508852652,95.57092425458792,94.91928226650478,95.22593688964844,9905000,0.0052605729736572,0.0156636474807803,0.0114388675473318,0.0354547174068862,0.0006590913518571,94.22010078430176,93.56506225585936,92.98928775787354,1,1,0.3146081283284161,0.2555129923074407,1,67.31239629770405,22.662014658463256,0.046138706704999,2.853288567739367,-0.0036795702272192,0.1794625733568463,0.0955112048518846,1,,
2025-04-04 04:00:00,95.75299512688927,96.35672666791535,95.29301685024576,95.31217956542967,14914300,0.0009056637151407,0.0107145258259027,0.0133831136099671,0.0362854589154584,0.0036476828730025,94.2887680053711,93.63294860839844,93.01285640716551,1,1,0.360320382219399,0.2764744702898323,1,68.16556433577722,24.91211433461213,0.0457986849674068,2.9186584257318158,-0.0027772389653205,0.1907947981363234,0.1451749626074898,1,,
2025-04-07 04:00:00,95.08218767353613,95.1684308562006,93.9130646781553,94.10472106933594,21796300,-0.0126684595987529,-0.0040064243615407,0.0017658929348933,0.0242142144511052,-0.0050287032963416,94.27461624145508,93.67364852905274,93.02876270294188,1,1,0.2957071354972242,0.2803210033313107,1,48.91548480975057,24.00075816246462,0.0648550920747196,1.7409655242812745,-0.0154105152244453,0.1887138577865017,0.1404233110908059,1,,
2025-04-08 04:00:00,94.0089027805389,94.57430162318286,93.56808718539152,93.61600494384766,13173300,-0.0051933220770953,-0.0128335118134358,-0.008176393143259,0.0199488065444632,-0.0037596786943041,94.25274391174317,93.69432388305664,93.04301475524902,1,1,0.2027284377642786,0.2648024902179043,0,43.55422422326205,22.60695130223968,0.0649746909496311,1.41672076977804,-0.0205238055326061,0.1907210147799636,0.1165181340097145,1,,
2025-04-09 04:00:00,93.02187014733016,93.9035014492408,92.60021721544926,93.82684326171876,16244400,0.002252161027354,-0.009509076010592,-0.0024093563039034,0.0258524481135495,0.0018918357454471,94.25526313781738,93.71978576660156,93.05827457427978,1,1,0.1443905952365867,0.2407201112216408,0,46.28923744269566,21.949113440469684,0.0645237939200053,1.8354676697160144,-0.0183178674202056,0.1729838844891894,0.0078328020204843,1,,
2025-04-10 04:00:00,93.59683957698984,93.77891829472236,93.0601957494294,93.08894348144533,9940000,-0.007864484774524,-0.0224412957016063,-0.0073314269703177,0.0166240412403604,-0.007680836604641,94.20656089782716,93.73162811279298,93.0694734954834,1,1,0.0381750313513435,0.2002110952475814,0,39.14109112686411,21.338263997397547,0.069322189415911,1.1499409985383455,-0.0260382916053018,0.1794885004181912,0.054383981414702,1,,
2025-04-11 04:00:00,92.62896055056594,93.1176865930338,92.14022719687463,92.99311065673828,8437400,-0.0010294759089853,-0.0243312965799864,-0.0113740552374623,0.0212937797384911,-0.0061129697488397,94.16261787414552,93.73889663696288,93.08023971557616,1,0,-0.0531221176105987,0.1495444526759454,0,38.31359139430483,21.75297233834416,0.0682359937277812,1.4896365234187303,-0.0270409617203682,0.176160499581104,0.0179291416359401,1,,
2025-04-14 04:00:00,93.37642848140956,93.61600264536123,93.2135124933927,93.53933715820312,7940600,0.0058738383693939,-0.006008029190334,-0.0035434855384681,0.0282573970546471,0.0003280743796267,94.1397777557373,93.76088592529295,93.09577980041504,1,1,-0.0804722186165207,0.1035411184174522,0,45.39919916051061,21.36839616520535,0.071471277632128,1.9289885193996417,-0.0213259575894727,0.1754927267580551,0.0371229461446367,1,,
2025-04-15 04:00:00,93.52976898041445,93.87475642350252,93.44352577525468,93.73101043701172,10074400,0.00204911948953,0.0012284811046257,-0.0028206380675996,0.0300419335811983,0.00207568264535,94.12174530029296,93.78495651245116,93.1115354156494,1,1,-0.085693122022576,0.0656942703294465,0,47.67066557954558,20.635194043554844,0.0717049794002836,2.044332004790331,-0.0193205375352722,0.1763462243353351,0.0488161026359168,1,,
2025-04-16 04:00:00,93.79808730725922,94.09516428421648,93.64476362247665,94.02808380126952,10105000,0.003169424535943,0.0021448077389689,-0.0006756788533196,0.024438416404249,0.0061616584244803,94.10471687316894,93.81154067993164,93.13100498199464,1,1,-0.0651088535022097,0.0395336455631153,0,51.068356991289406,19.6380974834084,0.0725199943501827,1.7332825979760322,-0.0162123479850411,0.180926807701834,0.0633480460670683,1,,
2025-04-17 04:00:00,93.97057696506624,94.01849472705568,93.73100277756711,93.78850555419922,5589400,-0.0025479435226676,0.0075149856319223,-0.0061476642416967,0.0196141223605257,-0.0004239623797218,94.07284393310547,93.82343002319335,93.15169368743896,1,1,-0.0673512513964027,0.0181566661712116,0,48.34230325931989,18.712222106129555,0.0721843682074968,1.3955041056211883,-0.0187189833606731,0.1802086929772795,0.0675196217767639,1,,
2025-04-21 04:00:00,93.53933841022553,93.75016484712064,93.2230987548828,93.2230987548828,7925700,-0.006028529785984,0.0024731735127505,-0.0127387166103779,0.0134673482536651,-0.0077423128061335,94.01843299865725,93.82591583251951,93.16806503295898,1,1,-0.1134442565137163,-0.0081635183657739,0,42.5672446886172,18.49411641908105,0.0747662538053357,0.9478377684182822,-0.0246346651979039,0.1834898648928692,0.0831556492301772,1,,
2025-04-22 04:00:00,93.53935297955796,93.6926766685843,93.3860219793071,93.3956069946289,6521400,0.0018504881520802,-0.001536574535814,-0.0097094439356544,0.0120015303759624,-0.001008005532279,93.99079399108886,93.8377554321289,93.18287727355955,1,1,-0.1345028567083233,-0.0334313860342838,0,44.73645324613018,18.291589709678867,0.075201365014901,0.8516612862328141,-0.0228297632019029,0.1791678536498606,0.0592774034250056,1,,
2025-04-23 04:00:00,94.22931908160368,94.363480038715,93.57767701368134,93.6255874633789,13376700,0.0024624334714504,-0.0011247395407484,-0.0034359257505459,0.0168987408851168,0.0007473989050219,93.97035636901856,93.85362335205076,93.19655738830566,1,1,-0.1311229436077212,-0.0529696975489712,0,47.57903189016747,17.042011681900203,0.0747885447790384,1.185991055640313,-0.0204235465035063,0.1768683833398728,0.0685210208857531,1,,
2025-04-24 04:00:00,93.97057270661854,94.15265142045833,93.91307724381592,94.14306640625,8524400,0.0055271102365419,0.0012228538574017,0.0011562425128408,0.024208618660678,0.0133038669968055,93.9872547149658,93.88403060913086,93.21268508911132,1,1,-0.0857002134724354,-0.0595158007336641,0,53.38870045592062,15.881689227534295,0.0772835590173134,1.658563142307965,-0.0150093194599103,0.1741796834108882,0.0538430830651572,1,,
2025-04-25 04:00:00,94.36347643024556,94.51680009912803,94.25806320922858,94.48805236816406,9058900,0.0036644861388448,0.0074587691725249,0.0072805517460361,0.026266259952238,0.016811530139555,94.02378959655762,93.93105026245117,93.23095684051512,1,1,-0.0216157161086556,-0.0519357838086624,1,56.82412850132359,15.229167925523551,0.0776821636188751,1.7861010114264426,-0.0113998347641797,0.1735638781277475,0.0401163529731625,1,,
2025-04-28 04:00:00,94.41139356874596,94.77555101669266,94.39223085048648,94.7468032836914,4890800,0.0027384511485022,0.016344710154025,0.0105532899274503,0.0233799279913973,0.0221813543116697,94.046040725708,93.97219924926758,93.25005672454834,1,1,0.0494803672937393,-0.031652553588182,1,59.25007708525062,14.98407039627985,0.0780397708398112,1.6146162917504314,-0.0086926015062801,0.1739728381292097,0.040327719211151,1,,
2025-04-29 04:00:00,94.64137377701424,94.97677612304688,94.63178876392108,94.97677612304688,6731100,0.0024272358684955,0.0169298019392807,0.0071578226556052,0.0261796746489735,0.0226916561649215,94.07071647644042,94.0110920715332,93.2679778289795,1,1,0.122963959796408,-0.000729250911264,1,61.32975799417726,15.02989020373307,0.076001984322458,1.7983521961383462,-0.0062864646319511,0.1733034140482837,0.0095925317843763,1,,
2025-04-30 04:00:00,94.86178571683996,95.03427941061749,94.75637249779682,94.89053344726562,7370300,-0.0009080396208597,0.0135106867487639,0.0043105237275831,0.0258788044353295,0.0238359029744559,94.07359085083009,94.05568710327148,93.2842102432251,1,1,0.1722555187057395,0.0338677030121366,1,60.09121452394102,15.151866319772624,0.0758962504652811,1.7775633256263088,-0.0071887958938499,0.1730773683817955,0.0130942339593629,1,,
2025-05-01 04:00:00,95.01648668217302,95.05494409780655,94.48770638596464,94.63191986083984,6912600,-0.0027253886876872,0.0051926655169731,-0.0021208440222278,0.0216154834654156,0.0227051417759338,94.0688060760498,94.09244354248048,93.30073303222656,0,1,0.1882810919402544,0.0647503807977602,1,56.41223709440436,14.74656921582405,0.0754407227725813,1.4852591863098803,-0.0098945923185299,0.1713910125388696,0.0023460927839167,1,,
2025-05-02 04:00:00,94.27619673583872,94.54539131731946,94.04545957099842,94.17044067382812,9879200,-0.0048765700589223,-0.0033613952915273,-0.0058818611713241,0.0187210116241132,0.0165815075369104,94.0160312652588,94.11711364746094,93.3130855178833,0,1,0.1618779324969637,0.0841758911376009,1,50.47385567854632,13.79274841151932,0.0771900065594291,1.276749336316877,-0.0147229107048065,0.168060518794456,-0.0098107735615821,0,,
2025-05-05 04:00:00,94.1223760361012,94.13199222417856,93.88202267918317,94.00700378417967,14273800,-0.0017355434303906,-0.0078081737206121,-0.0128004317445709,0.0159900895152789,0.0158482800752384,93.95077247619628,94.13051681518554,93.32429481506348,0,1,0.1263092331036688,0.0926025595308145,1,48.5255897253452,13.174821692542448,0.0746368988619174,1.0940425664535118,-0.0164329018842472,0.168736408443992,-0.0597682553650122,0,,
2025-05-06 04:00:00,94.00698717612252,94.23772430419922,93.88200609320616,94.23772430419922,11730100,0.0024542907520936,-0.0077813950843117,-0.0112730111317291,0.0166005128957673,0.0185486288928462,93.95742263793946,94.1452961730957,93.33791526794434,0,1,0.1154076527474785,0.0971635781741473,1,51.37876568382759,12.407252788432656,0.0752217476443755,1.1329620378463612,-0.0140189422512782,0.1705762678178128,-0.1059700291412785,0,,
2025-05-07 04:00:00,94.37234152575586,94.54538889369844,94.3050355471088,94.38195037841795,6557000,0.0015304494594243,-0.0053596818393935,0.0029459660039559,0.0127466521229533,0.024178594813732,93.99571990966795,94.15134323120115,93.3531882095337,0,1,0.1170565555086682,0.1011421736410515,1,53.12778613053457,11.89485252406324,0.0611061719611375,0.8900068762262083,-0.012509948074444,0.170121889302618,-0.0985193599556287,0,,
2025-05-08 04:00:00,94.4204203707953,94.43965274868536,93.88203114992216,93.8916473388672,7814200,-0.0051948814109574,-0.0078226514167867,0.0029443939119693,0.0085161031045151,0.0146011422435721,93.99896011352538,94.14453689575195,93.36619598388673,0,1,0.0779019598672903,0.0964941308862992,0,46.945257717006925,11.420945988364757,0.0611078893105319,0.5968439932010855,-0.0176398417886975,0.1680670701256209,-0.1187805375326825,0,,
2025-05-09 04:00:00,94.08390994747234,94.18966600156936,93.96853770618422,93.9877700805664,5739200,0.0010237624370599,-0.0019397869645149,0.0017151468945699,0.0127596636522144,0.0132650484582439,94.04390144348145,94.142509765625,93.37973098754884,0,1,0.0540054217668029,0.0879963890624,0,48.21751097369653,10.98088991950188,0.0607216393199714,0.8827321949821713,-0.0166341383590566,0.1684537604107925,-0.0261881278234331,0,,
2025-05-12 04:00:00,93.68972674832192,93.89163000387543,93.57436184229324,93.67050170898438,10768200,-0.0033756346310809,-0.0035795426048024,0.0062473394346231,0.0090303829786744,0.0178124093798461,94.07777099609376,94.12575790405272,93.3930767059326,0,1,0.0093584586072523,0.0722688029713704,0,44.43034482200499,11.230603872009922,0.0550388188668778,0.6302598601701388,-0.0199536222166345,0.1625144425455392,-0.0945690550263892,0,,
2025-05-13 04:00:00,93.7378022186307,93.78587582043583,93.48783269224718,93.5743637084961,6305500,-0.0010263423247903,-0.0070392255394644,0.0062504958448306,0.0102745884081563,0.0091157909078882,94.0795223236084,94.1029949951172,93.40468433380128,0,1,-0.0333971331789939,0.0511356157412976,0,43.32001710900055,11.59981619416586,0.0550378645271052,0.71426694060103,-0.0209594852944111,0.161282563748341,-0.0844567077644625,0,,
2025-05-14 04:00:00,93.5262814663322,93.58396391516796,93.26670311157004,93.30516052246094,7350600,-0.0028768903721726,-0.0114088536170284,-0.0025035096768551,0.0126777509214106,0.0044762322081906,94.05822982788088,94.07962387084962,93.41331596374512,0,0,-0.0879894078726977,0.0233106110184985,0,40.28419721346638,12.290595374108127,0.0521486737472804,0.8829590220500413,-0.0237760775251345,0.1606133149904748,-0.0847864868388187,0,,
2025-05-15 04:00:00,93.55513546225784,93.83394622802734,93.46861177719256,93.83394622802734,7638900,0.0056672718058194,-0.000614549989006,0.0010982042179605,0.0123486920176585,0.01243002656486,94.04852294921876,94.07332321166992,93.423846244812,0,1,-0.087576069278441,0.0011332749591106,0,47.99371800988455,12.358267989416952,0.0554420758319043,0.8626586836799504,-0.0182435512131262,0.1607384357747969,-0.0885065082587698,0,,
2025-05-16 04:00:00,94.1320007174717,94.14160957141372,93.85318991809012,93.8916473388672,5262500,0.0006149278929359,-0.0010227154194296,-0.0014510182159053,0.0092388756746402,0.0189621239407,94.05368003845214,94.07008712768555,93.43419925689696,0,1,-0.0816512729990961,-0.0154236346325307,0,48.770937474740144,11.76831374018471,0.0543308524180788,0.6579761180566217,-0.0176398417886975,0.1598249346807638,-0.1166320971950489,0,,
2025-05-19 04:00:00,93.3916796563028,93.8916186385832,93.35322224728117,93.8627700805664,7232700,-0.0003075593955292,0.0020526032003049,0.0007918297229319,0.0129719196847093,0.018857522624083,94.08566360473633,94.06856582641602,93.4419397354126,1,1,-0.0783824387073934,-0.0280153954475032,0,48.38124557898671,12.068273253474455,0.0535892816370939,0.9194356969859524,-0.0179419758851491,0.1596012049735749,-0.11435346243981,0,,
2025-05-20 04:00:00,93.757030906116,93.77626328158703,93.52629374547806,93.69934844970705,7496600,-0.0017410697630071,0.0013356728943443,0.0051087091202199,0.0097554755075928,0.0175003086130804,94.10085067749024,94.05479766845704,93.44692905426024,1,1,-0.0879646224082648,-0.0400052408396556,0,46.13464572481623,12.346807087243503,0.0493598373580334,0.6987459678814276,-0.019651807416454,0.1598608172699694,-0.1287757644635885,0,,
2025-05-21 04:00:00,93.42054629127088,93.52630236109758,93.0071382005854,93.08405303955078,12393200,-0.0065666989187925,-0.0023697240503318,-0.0033358523500579,0.0015829832786464,0.0107149404512445,94.07377395629882,94.03540969848632,93.44365642547608,1,0,-0.1435529799936858,-0.0607147886704616,0,38.82467937527247,13.384004694318854,0.0542818718904456,0.1357736878032837,-0.0260894588327326,0.1615330021235317,-0.0984264262092007,0,,
2025-05-22 04:00:00,93.03596517653384,93.36284952455031,92.93021645791264,93.35323333740234,6084800,0.0028917982088423,-0.0051230168819375,-0.0029089710767699,0.0001755784586809,0.0127047487728111,94.03428230285644,94.02694519042969,93.44210357666016,1,0,-0.1639961084158301,-0.0813710526195353,0,43.07421517205963,14.45304089714813,0.0545622452144322,0.0410015798469089,-0.0232731060742124,0.1619362153156466,-0.0844253096130381,0,,
2025-05-23 04:00:00,93.5839709827099,93.62242839650514,93.3340087955434,93.48783111572266,5210500,0.0014418116385304,-0.0043008748338083,-0.0069599952024065,-0.000116849607293,0.0127140954986111,93.98427124023438,94.01544204711914,93.44402656555177,0,1,-0.1674067582433593,-0.0985781937443001,0,45.12681693041596,14.816489539839155,0.0509372155289167,0.0211789390711746,-0.0218648498708845,0.1632842392967701,-0.0625528988269876,0,,
2025-05-27 04:00:00,93.7474196420074,93.96854060922212,93.66088862461764,93.91085815429688,7461500,0.0045249422681608,0.0005123231893666,-0.0061086475951287,-0.0017935803657728,0.0183370567587699,93.94247398376464,94.01621978759766,93.44946620941164,0,1,-0.1344254037975361,-0.1057476357549473,0,51.09526596873122,14.387958539473845,0.0518656675570223,-0.0941510942695016,-0.0174388447860914,0.1606824135140545,-0.0742174279155704,0,,
2025-05-28 04:00:00,93.79549068540145,93.90124674815064,93.62243597681204,93.73780822753906,4909200,-0.0018427041362297,0.0004104593945246,-0.0106493836328304,-0.0052440367602362,0.016980855957644,93.88052558898926,94.01105316162108,93.45474124908448,0,1,-0.120857950411306,-0.1087696986862191,0,48.758887984836086,14.05920286132744,0.0509181498331018,-0.3311784831348394,-0.0192494142909028,0.1613196243536922,-0.0727309729011836,0,,
2025-05-29 04:00:00,93.96855108213298,94.1608381783176,93.93009366289604,94.08392333984376,7724100,0.0036923747082344,0.0107415853483319,-0.0094007484739888,-5.530125806296749e-05,0.0200050306416699,93.84019508361816,94.0108984375,93.46011184692382,0,1,-0.0812405583104549,-0.1032638706110662,1,53.353177240646886,13.19188222515157,0.0520129084454947,0.0252369489978294,-0.0156281156331443,0.1612786314191332,-0.0693857226944201,0,,
2025-05-30 04:00:00,94.08392194166248,94.31465911865234,94.02623948116567,94.31465911865234,15488400,0.0024524463969803,0.0102987946627961,-0.0060688280241707,-0.0020467629717861,0.0133890694093019,93.8243320465088,94.00981857299804,93.4658420562744,0,1,-0.0308691997132655,-0.0887849364315061,1,56.17421291169031,12.43108817010788,0.0529302120667607,-0.1116956880642706,-0.0132139963520401,0.1618552035891025,-0.0648390075352758,0,,
2025-06-02 04:00:00,93.78701753245927,94.14391085082316,93.78701753245927,94.06674194335938,28390000,-0.0026286176254008,0.006192365580929,-0.0059723813942651,-0.0068181829166343,0.0122638153367846,93.81914710998537,94.00263412475586,93.468464012146,0,1,-0.0108295430042204,-0.073193857746049,1,52.50033326520479,11.861568001657428,0.0528750166052076,-0.4397561502950553,-0.015807879433728,0.1605255069289851,-0.0633960057119118,0,,
2025-06-03 04:00:00,94.14391930583344,94.28860918051453,93.9220678759908,93.99922943115234,7177600,-0.0007177086270052,0.000941012345029,-0.0018180996228827,-0.0050224265656259,0.0087734797329386,93.818758392334,93.99639236450196,93.46990753173829,0,1,-0.0003911571774182,-0.0586333176323228,1,51.512323123529,11.015127135043484,0.0502153101259309,-0.3172807417312798,-0.0165142426092891,0.1595007456774013,-0.0509326829314603,0,,
2025-06-04 04:00:00,94.28860148363437,94.61655830418948,94.23072848217925,94.55868530273438,7761500,0.0059517069976811,0.0087571609654315,0.0058685150717201,0.0043516787888782,0.0107876373960882,93.83480644226074,94.00859832763672,93.47611026763916,0,1,0.0524204813849138,-0.0364225578288755,1,58.48460267571894,10.89985963206322,0.0539477388768582,0.3233507686710797,-0.010660823544907,0.1604931141516901,-0.0488530861141214,0,,
2025-06-05 04:00:00,94.55869036105756,94.64550722711654,94.30789507594916,94.31754302978516,10456500,-0.0025501863967036,0.002483098936016,0.0008469933476775,0.0028078872957923,0.0080876057808358,93.8315860748291,94.01426239013672,93.47998622894288,0,1,0.0739633162468038,-0.0143453830137396,1,54.825155485315896,10.850211279051962,0.0541960939944766,0.2185750659528175,-0.0131838228544288,0.1608612486437437,-0.0569541079679705,0,,
2025-06-06 04:00:00,94.00887723197988,94.0763981921566,93.8063143514497,93.8352508544922,6299900,-0.0051134938400658,-0.0050830726489402,-0.0057924160470704,-0.0011026780286547,0.0048632930568519,93.82876625061036,94.01486541748046,93.4809366607666,0,1,0.0515252689927621,-0.0011712526124392,1,48.31386235346597,10.463859503779304,0.056730596564493,-0.0438608182814202,-0.01822990129754,0.1584119727721247,-0.0688325093172657,0,,
2025-06-09 04:00:00,93.8448986112325,94.08604594838977,93.8256027030896,93.95100402832033,7096500,0.0012335787752901,-0.0012303808194902,0.0006321828526332,-0.0046272137005485,0.0028517847230729,93.82692794799804,94.01873840332031,93.48106464385988,0,1,0.0425922912045848,0.0075814561509655,1,49.85321404589815,10.083020051825512,0.0540048858676243,-0.2834084737801759,-0.0170188105415662,0.1584645486906157,-0.05713505583115,0,,
2025-06-10 04:00:00,94.259673101017,94.27896165008588,94.05711021924624,94.16321563720705,4990900,0.0022587476427899,0.0017445484079718,0.0018666849579498,0.0011670395644827,0.0049141795595861,93.85156364440918,94.01596710205078,93.48136604309082,0,1,0.0520366985899585,0.0164725046387641,1,52.63813869432095,9.44223177020253,0.0544571667594366,0.1080853980358295,-0.0147985040969701,0.157927070327531,-0.0624900866421208,0,,
2025-06-11 04:00:00,94.32719875790676,94.51047309973336,94.24038188469248,94.48152923583984,5992400,0.0033804452883088,-0.0008159595985023,0.0086583023690336,0.0075186299960265,0.0054687494291207,93.89692192077636,94.01593246459962,93.48517429351809,0,1,0.0842356900382128,0.0300251417186538,1,56.53718946558706,9.350739023838743,0.0540604422735329,0.5357405757095615,-0.0114680843421099,0.1589141599808479,-0.0221536160620455,0,,
2025-06-12 04:00:00,94.7612525406438,94.83842145230034,94.64550653239148,94.82877349853516,5726200,0.0036752608208587,0.0054203115595212,0.0134054856514633,0.0081411959292154,0.012119147267386,93.97310256958008,94.01584701538086,93.48856994628906,0,1,0.1362032662307513,0.0512607666210733,1,60.37001142142084,9.909191076181582,0.0549261987046549,0.5763148971141694,-0.0078349717223239,0.1588668382324295,-0.0149782187222722,0,,
2025-06-13 04:00:00,94.63585502524788,94.68408743303031,94.2982502484675,94.4911651611328,8050300,-0.0035601888007923,0.0069900629099153,0.0127110294010626,0.0065961545635571,0.0097392009319001,94.00596351623535,94.0111180114746,93.49069793701172,0,1,0.1484347105064216,0.070695555398143,1,55.26696818968162,9.585855149895282,0.0555252027295457,0.4707005854150476,-0.011367266544536,0.1600910707746977,-0.0032515623988467,0,,
2025-06-16 04:00:00,94.42364988526172,94.59727626079682,94.28860796642692,94.29825592041016,5680900,-0.0020415584927298,0.0036960955945202,0.004948205964337,0.0032141361928827,0.0100262577092999,94.0262939453125,93.99256439208985,93.4917212677002,1,1,0.1409374159011633,0.0847439274987471,1,52.5343682437771,9.263039779792445,0.0530399192497851,0.2444598321307126,-0.0133856180977126,0.158258532714865,-0.0154281895800356,0,,
2025-06-17 04:00:00,94.48151818535791,94.64550395797566,94.29825122419922,94.5876235961914,5312000,0.0030686429240587,0.0045071523536273,0.0074125470907155,0.0052710734690679,0.0172485559263613,94.06253662109376,93.97807327270507,93.49461185455324,1,1,0.1565408040545008,0.0991033028098978,1,56.04511295709621,9.071082529086224,0.0539318133055675,0.3802428537391895,-0.0103580508559135,0.1601123367686481,0.001798230598113,1,,
2025-06-18 04:00:00,94.73232028230096,94.91559461588724,94.55869390291208,94.6551513671875,5907900,0.0007139176186978,0.0018376304104295,0.0084419124423982,0.0030359554398837,0.0218214250387362,94.11032676696776,93.9890818786621,93.49844745635988,1,1,0.1723685707605966,0.1137563564000376,1,56.84724450824677,9.476676305242185,0.0538892271991126,0.2325320928463464,-0.009651528032217,0.1602507998435136,0.0040701125661688,1,,
2025-06-20 04:00:00,94.52975541506795,94.82877575581423,94.4815230043264,94.7419662475586,6213000,0.0009171701604946,-0.000915410457965,0.0111272683866223,0.0033465572128046,0.0218194068206711,94.19322242736816,94.01160110473631,93.50383827209473,1,1,0.1897303320469916,0.1289511515294284,1,57.9106695623227,9.63842917511245,0.0533387727400212,0.2532288064037712,-0.0087432099652365,0.1607753638349461,0.0057208925901606,1,,
2025-06-23 04:00:00,94.91558694067902,95.15673426148398,94.81912948420349,94.93487548828124,5884600,0.0020361540757827,0.0046957863879844,0.0198833461618184,0.0066116990127387,0.023899988570583,94.27230453491212,94.03376174926758,93.50821605682373,1,1,0.2165594538869015,0.146472812000923,1,60.25451872568712,10.46396988505029,0.046841149006487,0.4703765569796593,-0.0067248584120599,0.159527002391244,-0.0124185132815995,0,,
2025-06-24 04:00:00,94.87701424513872,95.32072448730467,94.8577183359128,95.32072448730467,7907600,0.0040643546119261,0.0108429212917522,0.0210757686645015,0.0146073539205731,0.0359509328914646,94.36394920349122,94.07839736938476,93.51246112823486,1,1,0.2658914842660493,0.1703565464539483,1,64.51143502149745,11.537544873075332,0.0476256421280493,1.0003421562495631,-0.0026878360094353,0.158425220182013,-0.0216813461200754,0,,
2025-06-25 04:00:00,95.12780632718471,95.31107330322266,95.03134150278984,95.31107330322266,8434800,-0.000101249587998,0.0076484605440534,0.0195024546589719,0.0135773101585043,0.0385240082465998,94.4339599609375,94.12475662231444,93.5154397201538,1,1,0.3007419380065101,0.1964336247644607,1,64.32585090873368,12.534435933384303,0.0477442655259215,0.9325110297228372,-0.0027888134551448,0.1583204625062516,-0.0303996075303802,0,,
2025-06-26 04:00:00,95.30144170209496,95.59081412489006,95.28214579170182,95.57152557373048,9775100,0.0027326548897337,0.009681186848333,0.0176834441945479,0.0188308108629517,0.0385694401977063,94.52564582824706,94.165400390625,93.51911136627196,1,1,0.3453959853023036,0.2262260968720293,1,67.0782958019376,13.978430292040755,0.0464267717196807,1.2795706458066578,-6.37794301358019e-05,0.1575206746379807,-0.0196769441467052,0,,
2025-06-27 04:00:00,95.368943073175,95.5907944824742,95.2628376655164,95.30142211914062,25931600,-0.0028261917236163,0.0059050481401261,0.0166807174305383,0.016468760100526,0.0388484912749056,94.58652076721192,94.19680862426758,93.5207294845581,1,1,0.3548984990818411,0.2519605773139917,1,61.75676903716023,15.25113149990781,0.047260114278246,1.1185586074693272,-0.0028897909008545,0.1562989460706956,-0.0311225512897844,0,,
2025-06-30 04:00:00,95.54258096925196,95.71620735190598,95.43647554878378,95.68726348876952,14036800,0.0040486423082599,0.0079253066548885,0.0170415953332885,0.0146920108802981,0.0418686466338424,94.65515098571775,94.22999221801756,93.52282409667968,1,1,0.3890784296877001,0.2793841477887334,1,65.91647019427037,16.666124454154588,0.0475507964701146,1.0107879587754205,0.0,0.1561849920395213,-0.0315828534430857,0,,
2025-07-01 04:00:00,95.67662288709552,95.75403337412676,95.48307821208132,95.59920501708984,18480200,-0.0009202736965093,0.0029215108391487,0.0136197905017234,0.011811022350415,0.0401574118146688,94.7317741394043,94.2662062072754,93.52461902618408,1,1,0.4043990279521665,0.30438712382142,1,64.20017955481553,18.05106252479792,0.0475176052818994,0.820147049977639,-0.0009202736965093,0.1560917827798276,-0.0356084987165836,0,,
2025-07-02 04:00:00,95.4927570824028,95.51210785837462,95.35727950167684,95.48307800292967,8756000,-0.0012147278226781,0.0018046664857063,0.0150567143106021,0.006854488716252,0.0410438955628631,94.80596656799317,94.31140579223631,93.5262551498413,1,1,0.4025301163123629,0.3240157223196086,1,61.91083911161101,18.8318890310098,0.0465310910717596,0.4920536620950527,-0.0021338836371238,0.1551986155094175,-0.0331840809692888,0,,
2025-07-03 04:00:00,95.34759523018924,95.40565493791756,95.23147581473263,95.28953552246094,4583200,-0.0020269820005467,-0.00295056555367,0.0137267730716201,0.0059319572640057,0.0348647573077056,94.84250907897948,94.34928436279296,93.52593940734864,1,1,0.3810393453171627,0.3354204469191195,1,58.1867024474554,19.068500448280563,0.0472547950820782,0.4292620454661627,-0.0041565402939468,0.1536728754669199,-0.036538200406088,0,,
2025-07-07 04:00:00,95.1443887415866,95.1540678215369,94.89278434370276,94.95085144042967,8088100,-0.0035542631221182,-0.0036785461424981,0.0041473306914088,-0.0028887660043455,0.0324635310202021,94.87417449951172,94.37578964233398,93.52280555725098,1,1,0.3328419843433039,0.3349047544039564,0,52.26222585200458,18.125815870965408,0.045257295216349,-0.1684607056426979,-0.0076960299781827,0.1542763363411608,-0.0387354799823596,0,,
2025-07-08 04:00:00,94.78633400560972,94.91213989257812,94.7669832292163,94.91213989257812,7804200,-0.0004077009027753,-0.0081005932025881,0.006304202205577,-0.0041971516617865,0.031936011679486,94.92801895141602,94.39117111206056,93.51994678497314,1,1,0.2881993474628785,0.3255636730157408,0,51.61532850103119,16.86784181808618,0.0442127674440493,-0.2581839163045011,-0.0081005932025881,0.1542979645304512,-0.0408009024462318,0,,
2025-07-09 04:00:00,95.0379437431823,95.30889892578124,94.96052586730404,95.30889892578124,11043600,0.0041802769767087,-0.0030366998476264,0.0157046318720261,0.0127961471301536,0.0373202102320164,94.99591369628908,94.4075880432129,93.52057132720948,1,1,0.2815888927555505,0.3167687169637028,0,57.43114163137936,16.741828458609692,0.0415054256202238,0.980224381148426,-0.0039541789491418,0.1540193760460639,-0.0277289440260904,0,,
2025-07-10 04:00:00,95.24116014164603,95.29922724004926,95.1250407107896,95.27986907958984,5125300,-0.0003045869432821,-0.0021282192362251,0.0141442346999181,0.0177732871290565,0.0380766495401168,95.0517463684082,94.41824935913084,93.52100383758544,1,1,0.2708850001375822,0.3075919735984787,0,56.89230296109488,16.624816053381522,0.0416194093464844,1.376093468653457,-0.0042575615011446,0.1535394349178903,-0.031080224652273,0,,
2025-07-11 04:00:00,94.99923710944012,95.07665498719616,94.85408043439136,94.88311767578124,6106500,-0.004164063276338,-0.0042650837203829,0.0076452575849559,0.011257699580877,0.0374011867887191,95.07182579040528,94.41637619018556,93.51987434387208,1,1,0.2277620662996042,0.2916259921387039,0,49.98917817682676,15.660574228509658,0.0443895584140868,0.8744363532597259,-0.0084038960219889,0.1534394918478129,-0.0284155114788815,0,,
2025-07-14 04:00:00,94.84439848944838,94.96051791056114,94.76698062005696,94.87342834472656,6231400,-0.0001021185990934,-0.0008154018055507,0.0041478912551096,0.0191696757589361,0.0361123944796775,95.07405853271484,94.41603408813477,93.51888397216796,1,1,0.1906077747321575,0.2714223486573946,0,49.83016082937904,14.574850769206869,0.0430286303521814,1.5381974314516498,-0.0085051564269937,0.1531316297212481,-0.0363877596577719,0,,
2025-07-15 04:00:00,94.9895573783966,94.9895573783966,94.5444083104346,94.5927963256836,9681000,-0.0029579622444261,-0.0033646229792728,-0.0024884553932905,0.0172021954922034,0.0388622749925238,95.0791400909424,94.41525161743164,93.51583438873293,1,1,0.1369395188541631,0.2445257826967483,0,45.332315471390594,14.187616555398646,0.0424104785837017,1.3747677253386368,-0.0114379607398259,0.1533338934834832,-0.0348275625706816,0,,
2025-07-16 04:00:00,94.72825622558594,94.85405470558575,94.53471896666728,94.72825622558594,23556800,0.0014320318794251,-0.0060922191604317,0.0025091347328487,0.0127103644680739,0.0413269233382047,95.10064010620115,94.4264079284668,93.51528968811036,1,1,0.1041370936558649,0.2164480448885717,0,47.782433856856365,13.854502150200627,0.0407961735733304,1.0488711240064128,-0.0100223083848158,0.1530418244389224,-0.0440327265078759,0,,
2025-07-17 04:00:00,94.81536341428136,94.89277389643672,94.69923661658736,94.76697540283205,8355500,0.0004087394700258,-0.0053830224759163,0.004970606061023,0.011052531718054,0.0414265047230302,95.1096076965332,94.44160736083984,93.5148448562622,1,1,0.0803391496636578,0.1892262658435889,0,48.49302935346542,13.410267754256356,0.0400343734560579,0.9184266845895082,-0.0096176654278077,0.1521731412313319,-0.0384522172620993,0,,
2025-07-18 04:00:00,94.9798710420218,94.99922181685822,94.87342332298655,94.941162109375,8443800,0.0018380528216979,0.0006117466944131,0.0037376825819506,0.0097106978169978,0.0343864282980743,95.12390823364258,94.45567611694337,93.51391189575196,1,1,0.0746737268337085,0.1663157580416128,0,51.67881789741145,12.62428190400546,0.0391558259816166,0.8143919505725183,-0.0077972903831875,0.1525645688199872,-0.0471404521412174,0,,
2025-07-21 04:00:00,95.27987149112832,95.35728936897542,95.18310283530708,95.20245361328124,6865700,0.0027521414115958,0.0034680444703563,0.0057820650877271,0.0150759205589954,0.0349857438700629,95.14693260192873,94.47208618164062,93.51536331176756,1,1,0.0902277892947154,0.1510981642922333,0,56.0683976725805,12.645260451490984,0.040130109359424,1.2489070502689688,-0.0050666082173536,0.1526949117881227,-0.0471503921526088,0,,
2025-07-22 04:00:00,95.29920957630054,95.4540379164033,95.25082156709576,95.38629913330078,6172700,0.0019311006496358,0.0083886177218521,0.0068009237222137,0.0232045534562825,0.0369844055124142,95.16950378417968,94.5019792175293,93.51647872924804,1,1,0.1160515231412517,0.144088836062037,0,58.89760619876997,12.924284881700016,0.0404858422039123,1.9640359766248736,-0.0031452916981375,0.1529678880893935,-0.0485613937317407,0,,
2025-07-23 04:00:00,95.27019242292356,95.29922966435136,95.14439390863726,95.17342376708984,7466900,-0.0022317184768165,0.004699416618034,0.0025127570619509,0.0190353361327066,0.0312653196734824,95.16213874816894,94.52569229125976,93.51751697540284,1,1,0.1179797580738295,0.1388670204643955,0,54.51940176577804,12.791238326242455,0.0409113972389379,1.6124379493495953,-0.0053699907693565,0.1513389841957602,-0.0513268479489286,0,,
2025-07-24 04:00:00,94.94116992554866,95.18309523727764,94.92181176614456,95.1153564453125,9643800,-0.0006101211817224,0.0036761861502867,-0.0021544951855618,0.0159119854122817,0.0330796188158484,95.15235290527345,94.55458938598632,93.52019207000733,1,1,0.1135138337558601,0.1337963831226884,0,53.35431305001986,11.906811993756191,0.0383618795526165,1.3584226246037816,-0.0059768356059648,0.151196595061644,-0.0456279947855778,0,,
2025-07-25 04:00:00,95.12503047558228,95.29921698609994,95.07664246261518,95.27017974853516,5530400,0.0016277424488406,0.0034654899081718,-0.0004290535534879,0.0119723457638547,0.0364707983776038,95.13728561401368,94.5885057067871,93.52669647216796,1,1,0.1210718621540678,0.1312514789289643,0,56.05109123997712,11.449295055495648,0.0388258783764721,1.0540201760167058,-0.0043588219061496,0.1508056629609666,-0.0474657503289461,0,,
2025-07-28 04:00:00,95.18309522733344,95.24115493959046,95.10567735567436,95.1443862915039,7032200,-0.0013203864773141,-0.0006099351389955,-0.0044693153076964,0.0069462107313049,0.0333949216602944,95.12943382263184,94.62529022216796,93.53417003631591,1,1,0.1155788523649334,0.1281169536161581,0,53.352158064406055,11.024457898539426,0.0377316059873845,0.6282102501985622,-0.0056734530539618,0.1506443680292296,-0.0436533593101631,0,,
2025-07-29 04:00:00,95.24115288699122,95.65726470947266,95.24115288699122,95.65726470947266,12015200,0.0053905273654022,0.0028407179923524,0.0037338644316049,0.0096094157715815,0.033214011211758,95.127933883667,94.66175659179687,93.54340896606443,1,1,0.1508714523696568,0.1326678533668579,1,61.49330138850236,11.812936865835251,0.0411370587335223,0.8433390280617185,-0.0003135085925033,0.1518569512562255,-0.0284198641522569,0,,
2025-07-30 04:00:00,95.48306776873672,95.62822441337742,95.337911124096,95.38629913330078,8305400,-0.0028326711723866,0.0022367101842619,-0.0031452916981375,0.0043118226051739,0.0306043793670949,95.11728858947754,94.69164962768556,93.55251510620116,1,1,0.1551875294608322,0.1371717885856528,1,55.93872682084879,12.54509590689566,0.0398716443749378,0.3909441199062515,-0.0031452916981375,0.1516177273539562,-0.0292426604241805,0,,
2025-07-31 04:00:00,95.53146866069255,95.637916388919,95.38631199647696,95.43470001220705,19774600,0.0005074196121039,0.0033574343705282,-0.0017207779589107,0.0057346770554709,0.0317618880768186,95.1148696899414,94.72308822631835,93.56214530944824,1,1,0.1606615912602791,0.141869749120578,1,56.69125437643495,13.251188865636216,0.0398294729841771,0.5123639801379887,-0.0026394680687269,0.1522658448386272,-0.0245108222423018,0,,
2025-08-01 04:00:00,95.99784884191584,96.27942528855726,95.97842568958905,96.26000213623048,12416200,0.0086478201735624,0.0103896349341205,0.008136773023561,0.0172043669597403,0.0391917311347072,95.16339302062988,94.77430130004883,93.5757610321045,1,1,0.2289555516661607,0.1592869096296946,1,67.03110300502868,15.299918122311883,0.0497127635160217,1.405374697462162,0.0,0.1561418348541198,0.0060774984467892,1,,
2025-08-04 04:00:00,96.27943761182978,96.35710800779196,96.15320932883544,96.3376922607422,6717900,0.0008070862537667,0.0125420533543854,0.0109997045586835,0.023014138740421,0.0421659983234128,95.23273506164551,94.83937408447264,93.59018817901612,1,1,0.2860505385359033,0.1846396354109363,1,67.8102050144193,17.333984609964833,0.0489395518488141,1.9084980350523129,0.0,0.1539281903618948,0.0016614180882552,1,,
2025-08-05 04:00:00,96.25028934107472,96.42506067099175,96.23087359675598,96.36680603027344,9092400,0.0003022053865733,0.0074175372143012,0.0149125001868162,0.0251024088748894,0.041493888155127,95.30546836853028,94.89964553833008,93.60288078308103,1,1,0.3298457088547479,0.2136808500996987,1,68.11429577554921,19.33937739720443,0.0466589298617829,2.085413033974343,0.0,0.1547593177655947,0.0031306254470928,1,,
2025-08-06 04:00:00,96.26000619162647,96.40565020916482,95.9687181565498,96.32797241210938,8102700,-0.0004029771221416,0.0098722068825902,0.014917296366236,0.0221805876929161,0.0391493097207154,95.35642204284667,94.9564483642578,93.61476818084716,1,1,0.3573014002896997,0.2424049601376989,1,67.20236127236223,20.08335901777458,0.0466575079173604,1.8539066803232336,-0.0004029771221416,0.1535210463384806,-0.0050351810818428,0,,
2025-08-07 04:00:00,96.34739086245312,96.43477282405348,96.21145102036024,96.2502899169922,7869300,-0.0008064375608866,0.0085460519567917,0.0098772622684901,0.0197955173747022,0.0327944960712245,95.4049430847168,95.00323699951171,93.62857040405274,1,1,0.3685435646206656,0.2676326810342923,1,65.3184466430648,20.8380001281853,0.045157161687872,1.6591619418199106,-0.0012090897071407,0.1535258381388708,-0.0032043884338645,0,,
2025-08-08 04:00:00,96.12408106435834,96.2405977688068,96.01727593722134,96.06582641601562,8238100,-0.001916498133519,-0.0020172004561151,0.0082489338410955,0.0231562565869307,0.0318695607600547,95.46407852172852,95.04979736328124,93.6411212158203,1,1,0.3584365643505549,0.2857934576975448,1,60.94910520464286,20.757975584975654,0.0458464076208702,1.9778622881579235,-0.0031232706224927,0.1520460014884437,-0.0097267091691805,0,,
2025-08-11 04:00:00,96.1337890625,96.24059418566053,96.06582283937628,96.1337890625,9698300,0.0007074591352607,-0.0021165464259859,0.0131811793009621,0.0228329598637571,0.0358839644040176,95.52709655761718,95.09079467773438,93.65725494384766,1,1,0.3518547488801289,0.2990057159340616,1,61.95877450903415,20.683667080566696,0.0427429964811716,1.9514292298387377,-0.0024180210735659,0.152455053734382,-0.0064158066582188,0,,
2025-08-12 04:00:00,96.03669551628936,96.1337890625,95.92989039312884,96.1337890625,12239500,0.0,-0.0024180210735659,0.0132846545103637,0.0262973647901296,0.0355652230441889,95.604146194458,95.12717727661132,93.67329475402832,1,1,0.3426883151197586,0.3077422357712011,1,61.95877450903415,20.070751569381034,0.0427225003665921,2.2693943555914404,-0.0024180210735659,0.1508490969823687,-0.0149056908950453,0,,
2025-08-13 04:00:00,96.39594039772102,96.52216867218812,96.37652465198286,96.48332977294922,5386800,0.003635981831757,0.0016127959194986,0.0199860192393139,0.0310872118085159,0.0416812085227618,95.69189987182617,95.17550903320311,93.69225742340087,1,1,0.3594849457408315,0.3180907777651272,1,67.04166016904125,20.529250101635924,0.0418380958232684,2.652883528624694,0.0,0.150881107777887,-0.0159963700775682,0,,
2025-08-14 04:00:00,96.29885330930937,96.386235282633,96.1434977019388,96.21146392822266,5208500,-0.0028177494015425,-0.000403385681259,0.0156575003249781,0.0311483672445116,0.0442210094074568,95.76412429809572,95.21975372314454,93.70896766662598,1,1,0.3468607006852551,0.3238447623491527,1,60.293744233572106,20.09084269959788,0.0437619727497207,2.6589468491638257,-0.0028177494015425,0.1504419623620381,-0.0169879187366971,0,,
2025-08-15 04:00:00,96.19204729001252,96.22117461418388,95.99786019036144,96.06582641601562,6884600,-0.0015137230664703,0.0,0.0137057345943822,0.0237854239079378,0.0364278347999449,95.82035751342774,95.24989654541017,93.72588985443116,1,1,0.3213992746601235,0.3233556648113469,0,56.9848160627756,19.189566908682256,0.0444487138313419,2.088682690363201,-0.0043272071757483,0.1505667553104223,-0.0105563038780126,0,,
2025-08-18 04:00:00,96.11437072213717,96.12408229957344,95.88134471800883,95.95902252197266,7906400,-0.0011117782256975,-0.0018179512347497,0.0107209601187001,0.0220187337393711,0.0314610377575426,95.85818595886232,95.28272613525392,93.74303001403808,1,1,0.289268225404399,0.3165381769299573,0,54.61755654513467,17.972454552194336,0.0446312850251903,1.932926991296989,-0.0054341745067297,0.1504320972238727,-0.0139775021986304,0,,
2025-08-19 04:00:00,96.06582325969303,96.1629168063285,96.0366959364787,96.14349365234376,9946800,0.0019223948464968,0.0001009487916621,0.0098846196011406,0.0242984899105334,0.0375856076548217,95.89604568481444,95.32889099121094,93.76057537078856,1,1,0.2755134681492706,0.30833323517382,0,57.87274326496613,16.964361722057355,0.0441969039202415,2.124434280540274,-0.0035222262892996,0.1515434299304467,-0.0075410623981611,0,,
2025-08-20 04:00:00,96.11435471274588,96.27942187061517,96.10465054468912,96.20174407958984,5615200,0.0006058696749331,-0.0029184906244634,0.008548868691818,0.026706649206061,0.0367226607758732,95.94746170043943,95.37390579223631,93.7788821029663,1,1,0.2662439520385362,0.2999153785467633,0,58.87583468495884,16.395111328088092,0.0438830165959341,2.3402856564181733,-0.0029184906244634,0.1520392264388638,-0.0060709581738289,0,,
2025-08-21 04:00:00,96.08523682286138,96.11436414541396,95.8619224114498,95.97843170166016,7129200,-0.0023212924055195,-0.0024220837834496,0.0084583269436679,0.0310942483443386,0.0327264532981761,95.99061546325684,95.4102101135254,93.79616638183592,1,1,0.2381332987034028,0.2875589625780912,0,53.60608715711105,15.414779039015691,0.043951978100677,2.831733857321588,-0.0052330083598609,0.152297288593906,0.00633217147081,1,,
2025-08-22 04:00:00,96.15320453278184,96.56100187035422,96.12407720977848,96.51245880126952,9451400,0.0055640323574919,0.004649232738807,0.0146885046555051,0.033841628735546,0.0340231490552398,96.05272941589357,95.45082870483398,93.8179596710205,1,1,0.2559959651623273,0.2812463630949384,0,62.29697444254555,15.406177512290189,0.0472367195385859,3.0135772130581486,0.0,0.1508284350771325,-0.0024349753667495,0,,
2025-08-25 04:00:00,96.32796713387388,96.45418799135092,96.27942406919595,96.36680603027344,5624900,-0.0015091602970762,0.0042495587969062,0.0115106981495449,0.0307951835034774,0.0306747354910854,96.11385040283204,95.48158935546876,93.83709144592284,1,1,0.2554545743579695,0.2760880053475446,0,59.04798474756427,15.39819038033079,0.0477069971215027,2.7393995665244364,-0.0015091602970762,0.1512665442449782,0.0030561271703102,1,,
2025-08-26 04:00:00,96.35710149848212,96.50274551868738,96.27943110776688,96.48332977294922,4696000,0.0012091688774988,0.0035346762188017,0.014072753355548,0.0273926963208634,0.025549984952804,96.15515365600588,95.52143264770508,93.8557213973999,1,1,0.2614145858288879,0.2731533214438133,0,60.80894165364804,15.52137725860552,0.0472604488798913,2.483138244420968,-0.0003018162492396,0.1508179707168778,0.0011524007828456,1,,
2025-08-27 04:00:00,96.3376838880311,96.5804214477539,96.28913341298156,96.5804214477539,7320800,0.0010063051828037,0.0039362838146757,0.0096506704544085,0.0303251513339706,0.0249220883653793,96.21485977172853,95.56707595825196,93.87846748352052,1,1,0.270850231714121,0.2726927034978749,0,62.26497183966693,15.848008986267471,0.0440756108827647,2.757085140692084,0.0,0.1506265350617089,-0.0081024687005636,0,,
2025-08-28 04:00:00,96.5415893638834,96.71636071553098,96.52217361715056,96.69693756103516,7068500,0.0012064154570321,0.0074861179395846,0.0137403216147717,0.0277732276507307,0.0277163904982384,96.27797164916991,95.60926223754883,93.89830684661864,1,1,0.2844509521228247,0.2750443532228648,1,63.99379061192409,16.51257337219136,0.042463772277766,2.5565849429657623,0.0,0.1502760711638939,-0.0088489401172078,0,,
2025-08-29 04:00:00,96.58040554468984,96.64837175391033,96.51243933546937,96.57069396972656,9181400,-0.0013055593537169,0.0006033953458481,0.0119033638432792,0.0239202990516671,0.021824576897508,96.29350624084472,95.6475730895996,93.91671348571778,1,1,0.2817944670723022,0.2763943759927523,1,60.74640822767476,17.08624661924017,0.043003332089223,2.211840009044669,-0.0013055593537169,0.15098027512286,-0.0084429289912631,0,,
2025-09-02 04:00:00,96.2658035350648,96.3924407552255,96.2365801328891,96.31451416015624,8529800,-0.0026527696865328,-0.0005426336336266,0.0005662998412216,0.0238955040895358,0.0169143972551337,96.29234733581544,95.67902404785156,93.93487651824952,1,1,0.2560658462029153,0.2723286700347849,0,54.68235448350081,16.470439178280436,0.032871672297211,2.20925090893183,-0.0039548656919722,0.1517039301854113,-0.0284222653900203,0,,
2025-09-03 04:00:00,96.39244542991088,96.76262836128342,96.39244542991088,96.66521453857422,8400000,0.0036411996828933,0.0018851418794627,0.0033997314046672,0.0283617761927985,0.0231969046889737,96.30726776123046,95.71363082885742,93.9574806213379,1,1,0.2609660640713258,0.2700561488420931,0,60.496128150242455,16.926682881173402,0.0351070359116029,2.5874001683801757,-0.0003280664647824,0.1514355857299164,-0.0161932952379817,0,,
2025-09-04 04:00:00,96.86977134081032,97.06459895715612,96.77235010044024,97.05485534667967,6297100,0.0040308275315519,0.0049123196173088,0.0071398995644837,0.0263981043724719,0.0308646592322143,96.343611907959,95.74831344604492,93.98212734222412,1,1,0.292913751491497,0.2746276693719739,1,65.75298751742929,18.019082413837676,0.0375809191842061,2.4576393986160943,0.0,0.1507858393871263,-0.0256752125548057,0,,
2025-09-05 04:00:00,97.55168521430043,97.63936285298782,97.49323840997413,97.5127182006836,7617200,0.0047175677339215,0.0084364682090734,0.0122990836296819,0.0338767854659807,0.0367797949573054,96.40673332214357,95.79234634399414,94.00925201416015,1,1,0.3511306145874755,0.2899282584150742,1,70.68896829107298,19.997934730461747,0.0403843821027679,3.1067713848883463,0.0,0.1519372145319703,-0.0103167079972759,0,,
2025-09-08 04:00:00,97.73676805612254,97.85366165447182,97.70754465653522,97.84392547607422,7202700,0.0033965546392522,0.0131844502095717,0.0165572026895337,0.0427203485372267,0.0415705637188636,96.49563827514648,95.83779434204102,94.03798545837402,1,1,0.4191617217213235,0.3157749510763241,1,73.647778692632,22.12258783335113,0.0411760704935522,4.004482645395307,0.0,0.1520796874571614,-0.0094195915113739,0,,
2025-09-09 04:00:00,97.7854744519418,97.86340847486228,97.57116703720668,97.64909362792967,7090000,-0.0019912513443891,0.0138564730291246,0.0164810658585048,0.0393618954672863,0.0345525458647519,96.57140350341795,95.8847477722168,94.06532051086424,1,1,0.4521435331939187,0.3430486674998431,1,69.2211834110576,23.578777886474853,0.0412386443468159,3.669766117474264,-0.0019912513443891,0.1514267718869603,-0.0040726464058341,0,,
2025-09-10 04:00:00,97.8147020764869,97.99004247401082,97.74650423452016,97.84392547607422,5952400,0.0019952243375336,0.012193744597025,0.017789129402383,0.0390886166531128,0.0403012741797506,96.65691032409669,95.9278810119629,94.0929694366455,1,1,0.4883734926532526,0.372113632530525,1,71.09233050052862,25.12018642885473,0.0414500809428528,3.6481661022279175,0.0,0.1512915404704371,-0.0076318445039679,0,,
2025-09-11 04:00:00,97.95108037184886,98.17513138437609,97.93159315116132,98.0290069580078,6776500,0.0018915991057497,0.010037123932115,0.0197143784094024,0.0375467856083586,0.0453477159929145,96.73419418334962,95.97647705078126,94.12201538085938,1,1,0.5259576133793047,0.4028824287002809,1,72.78492618298313,26.81641141694524,0.0414831371216063,3.531765273308057,0.0,0.1503284541622897,-0.0034514148940499,0,,
2025-09-12 04:00:00,97.88289078728904,97.94133758544922,97.74650253792012,97.94133758544922,6525900,-0.0008943207248456,0.0043955228884453,0.015111499737116,0.0328229921371086,0.0412314064762953,96.82068786621092,96.02564224243164,94.15085887908936,1,1,0.542416474674198,0.4307892378950644,1,70.67401705240438,27.66961031156506,0.0407257834494346,3.1242894384017608,-0.0008943207248456,0.1502443000554941,-0.0042205928347925,0,,
2025-09-15 04:00:00,98.06798946659694,98.13617988538653,98.0192862715748,98.1069564819336,5039000,0.0016910009661639,0.00268827118883,0.0197013170397766,0.0382659195135852,0.0451144819967705,96.92274436950684,96.08199066162108,94.18020023345947,1,1,0.5623419734176878,0.4570997849995891,1,72.30793451408539,28.77445149117991,0.0387407723280071,3.697423222694928,0.0,0.1497013603919729,-0.0049228417287124,0,,
2025-09-16 04:00:00,98.14591217041016,98.36022701392888,98.04849835941002,98.14591217041016,8264600,0.0003970736619858,0.0050877947149565,0.0216527128532331,0.0408030478659913,0.0441483306118002,97.0320888519287,96.1458918762207,94.20558700561524,1,1,0.5746522399080902,0.4806102759812894,1,72.69331716816907,30.130580253021293,0.0377740660465548,3.9702764052153383,0.0,0.1499672907102073,-0.0039813875179754,0,,
2025-09-17 04:00:00,98.26280701329276,98.40892400449027,97.89262414973396,97.9705581665039,7878300,-0.0017866664034034,0.0012942314999477,0.0209624440898263,0.0357650868231425,0.0412246806924827,97.12344207763672,96.20706024169922,94.23080429077147,1,1,0.5637599385287615,0.4972402084907838,1,68.09913814175964,30.78386819069839,0.0383230643100829,3.492568387633648,-0.0017866664034034,0.1498855583365579,-0.0036331268220066,0,,
2025-09-18 04:00:00,97.6783124616994,97.81470071153242,97.5711624754402,97.6977996826172,7123700,-0.0027840862499032,-0.0033786660261944,0.0161665232999939,0.0321445612994333,0.0352781061950566,97.19824485778808,96.25483825683594,94.2533847808838,1,1,0.5270429579525171,0.5032007583831305,1,61.579861643907286,30.265390842251215,0.0402991371680581,3.105025294991632,-0.0045657784199396,0.1487731158997127,-0.0182806607452763,0,,
2025-09-19 04:00:00,97.70754329307609,97.76599009143511,97.61986566334036,97.6977996826172,7238500,0.0,-0.0024865690916212,0.0155512316054231,0.0311987765520411,0.0346497422555467,97.28421325683594,96.30319686889648,94.27412624359133,1,1,0.4922699052736732,0.5010145877612391,0,61.579861643907286,29.783947590121706,0.0403842302170007,3.015355797283297,-0.0045657784199396,0.1480399066080493,-0.0263045263021162,0,,
2025-09-22 04:00:00,97.66857209619164,97.6977954941183,97.53219128440269,97.58089447021484,5642100,-0.0011966002589837,-0.0053621275247247,0.0166960716084192,0.0278719381926215,0.0346679180715916,97.3376350402832,96.35715240478515,94.29422641754152,1,1,0.450090375202322,0.4908297452494556,0,58.782609464651856,29.03216155678801,0.0394886416531198,2.699299624002293,-0.0057569152672836,0.1471665025106663,-0.033689280555222,0,,
2025-09-23 04:00:00,97.64909299661474,97.7659940302397,97.57116640639556,97.7367706298828,8095500,0.0015974044972044,-0.0041687068924171,0.0126855314207079,0.0253464936987539,0.0403240928234303,97.40613327026368,96.41441925048828,94.3160047149658,1,1,0.4243490652315955,0.4775336092458837,0,61.30645045254094,28.496239400290225,0.0356528940464066,2.494976934220784,-0.0041687068924171,0.1482083690398632,-0.0173711676841933,0,,
2025-09-24 04:00:00,97.65883894389188,97.66858255497642,97.52245811749866,97.55168151855467,6610800,-0.0018937510430852,-0.004275535995593,0.0122954732764413,0.0235083725078171,0.0374048631311818,97.45955085754396,96.47359695434572,94.33534393310546,1,1,0.3845805420975097,0.4589429958162089,0,56.85467231047515,27.814832234633997,0.0359634919384034,2.3036197792288267,-0.0060545634424765,0.1483998532237797,-0.0189512561122295,0,,
2025-09-25 04:00:00,97.41529846191406,97.47374526268804,97.2691740277817,97.41529846191406,8743500,-0.0013980595159158,-0.0028915822221265,0.0096593752636648,0.0192920734195161,0.038486169668185,97.50129470825196,96.52733779907228,94.35390670776368,1,1,0.3381606229630307,0.4347865212455732,0,53.75705985802578,26.281552561516435,0.0365226636061853,1.904072909299016,-0.0074441583183569,0.1488792353753093,-0.0128548032595393,0,,
2025-09-26 04:00:00,97.50296977998302,97.61987081506751,97.38607617709609,97.48348999023438,6868100,0.0007000084113788,-0.0021935979426255,0.0093504307492486,0.022896488033157,0.0397423249022457,97.54062232971192,96.58166809082032,94.37148593902587,1,1,0.303377838174228,0.4085047846313042,0,55.07502360997265,25.27106581453637,0.0364803645200486,2.279624892678396,-0.0067493608804166,0.1481347666285656,-0.016542692375699,0,,
2025-09-29 04:00:00,97.59065270334366,97.73677714706923,97.551685689537,97.66858673095705,7751600,0.0018987496317706,0.0008986621942574,0.010048396510061,0.0207062379040661,0.0357024650569408,97.59551696777343,96.63621658325197,94.3913624191284,1,1,0.2874346232757148,0.3842907523601864,0,58.53000006924096,24.649943490582807,0.0367401582359895,2.0952215597973955,-0.0048634265951325,0.1480001029395674,-0.0151452470556292,0,,
2025-09-30 04:00:00,97.73678565793496,97.892646294536,97.61014099398562,97.65885162353516,12400700,-9.967490825590895e-05,-0.0007972332812459,0.0112679904128027,0.021544599728388,0.0336100858277259,97.66273384094238,96.68534454345703,94.4117578125,1,1,0.2708913024836761,0.3616108623848844,0,58.27615147746299,24.47634486356476,0.0362362585776074,2.1822677755957565,-0.0049626167417886,0.1474300018695469,-0.0235148151003439,0,,
2025-10-01 04:00:00,97.90805053710938,97.9862380325586,97.76145084723456,97.90805053710938,6961300,0.0025517288953473,0.0036531304535936,0.0165451322767753,0.0253968827241335,0.0324254540864461,97.72487564086914,96.7357795715332,94.4344871520996,1,1,0.2747220465074207,0.3442330992093916,0,62.73192652221834,24.548017960418555,0.0349265666787255,2.556910760530295,-0.0024235510989778,0.1473042673205338,-0.0290016406265829,0,,
2025-10-02 04:00:00,97.86895664578952,98.04487478210716,97.82986289812229,98.01555633544922,6055800,0.0010980281779697,0.0061618440123123,0.0139692629175942,0.0286077668239417,0.0347094241381658,97.7729106903076,96.7926222229004,94.45964599609376,1,1,0.2831685672311153,0.3320201928137364,0,64.49356347736918,24.76096649864662,0.0333821410147853,2.894036728602198,-0.0013281840484054,0.147296355093974,-0.0273332758346815,0,,
2025-10-03 04:00:00,98.04487492596051,98.10351181936244,97.88850739143204,97.90805053710938,5268700,-0.0010968238344932,0.0043552046291892,0.0087908553094235,0.031144524265114,0.0281657890178499,97.79267730712893,96.84847610473632,94.48601749420166,1,1,0.277983258332469,0.3212128059174829,0,61.36952130273502,25.10761472606896,0.0315387220277583,3.2030213552248687,-0.0024235510989778,0.1471369697659017,-0.0241990205184753,0,,
2025-10-06 04:00:00,97.7321250558218,97.87872473467944,97.68325601074616,97.69303131103516,6950200,-0.0021961342800174,0.0002502808824853,0.001849124028934,0.0292996388196964,0.0249795121301479,97.78513259887696,96.89693313598632,94.51088817596435,1,1,0.2536002631457563,0.3076902973631376,0,55.57146474293254,24.52376783631534,0.0286237516252749,2.991477167721426,-0.0046143629353473,0.1462892106263226,-0.0371732753101069,0,,
2025-10-07 04:00:00,97.81032267137198,97.95692236540656,97.75167831993603,97.85918426513672,6379200,0.001700765672554,0.0020513516007112,0.0001559502952099,0.0267581030533301,0.0398966508070781,97.7956371307373,96.95122909545898,94.53658962249756,1,1,0.2448611121084809,0.2951244603122063,0,58.8099193249824,24.21059195549952,0.0266927949506149,2.7831044925892536,-0.0029214452128744,0.1470833245801475,-0.0328535845947295,0,,
2025-10-08 04:00:00,98.03510799866908,98.05465860238633,97.83964669972056,97.86896514892578,5726900,9.994855222328348e-05,-0.0003992050497295,0.0022516493786812,0.0271735897031217,0.0454298408442992,97.79688911437988,96.99546310424805,94.565870552063,1,1,0.2360040003204773,0.2833003683138605,0,58.99938081379256,24.201453640560054,0.0256823868508547,2.827123736864408,-0.0028217886548704,0.1462260716163306,-0.03434465521402,0,,
2025-10-09 04:00:00,97.81031518434928,97.82985832908518,97.73212769266644,97.75167083740234,5199500,-0.0011984832101263,-0.0026922817960013,-0.0009428754848397,0.0302324926908814,0.0418305405920536,97.78302230834962,97.04277053833007,94.59575134277344,1,1,0.217018352270216,0.2700439651051316,0,55.69113402593162,23.703144968146127,0.0251022730402501,3.2222181499513605,-0.0040168899986715,0.1464751618959784,-0.0318350818524436,0,,
2025-10-10 04:00:00,98.08396207775311,98.25988020249876,97.97645614283248,98.15237426757812,10204100,0.0040991977604383,0.0024954406622175,0.001258477601667,0.0345612673649504,0.0543934714130904,97.79357414245604,97.0971240234375,94.62640182495116,1,1,0.2316353591705535,0.262362243918216,0,63.268523709772296,24.3772262047249,0.028218276869332,3.60830098477167,0.0,0.1511611501015556,0.0055391771564876,1,,
2025-10-13 04:00:00,98.1816911232226,98.34783394491294,98.08396049025002,98.33806610107422,8320400,0.0018918730686012,0.0066026694164642,0.0040506748774884,0.0395936045964391,0.0574768970151515,97.80512962341308,97.13868530273436,94.65940437316894,1,1,0.2552607346657112,0.260941942067715,0,66.15689865702127,25.19719523941694,0.0286761718376389,4.185110038739344,0.0,0.1491584297236501,-0.0072273645751812,0,,
2025-10-14 04:00:00,98.2892092092518,98.50422110219796,98.2501154599552,98.49444580078124,8508700,0.0015902254936179,0.0064915883002187,0.0039496620091257,0.039757826495048,0.0529735274283325,97.82255630493164,97.18182037353516,94.69266677856446,1,1,0.2833364238802431,0.2654208384302207,1,68.40978857811484,26.28931686447812,0.0286119412880097,4.200350699751022,0.0,0.1495783583811942,-0.0008216492519278,0,,
2025-10-15 04:00:00,98.53354028237742,98.64104622964948,98.3673974389098,98.45535278320312,6297000,-0.0003969058078379,0.0059915585434571,0.0031528629766637,0.0389204927633561,0.0504031944621594,97.8467960357666,97.22359130859375,94.72540153503418,1,1,0.2989856100520285,0.2721337927545822,1,67.20537040441027,27.574135759486545,0.0286714192570083,4.108072219935236,-0.0003969058078379,0.1488581307406988,-0.0073960125855162,0,,
2025-10-16 04:00:00,98.40649205326486,98.81696524298152,98.38694145011432,98.80718994140624,10035200,0.003573570641485,0.0107979648323313,0.0085396244602429,0.0407202497434933,0.0508263696007829,97.90226554870604,97.27317565917969,94.76084453582764,1,1,0.3359059068802708,0.28488821557972,1,71.98577689765376,29.089700150174423,0.0300838369366985,4.249395988705021,0.0,0.1504144474549606,0.0035286195966597,1,,
2025-10-17 04:00:00,98.71924106398498,98.71924106398498,98.57264135623294,98.67037200927734,11738900,-0.0013846961158395,0.005277485598943,0.0099549051239604,0.0364267754073128,0.0520518631385693,97.95089416503906,97.3215773010254,94.79380031585691,1,1,0.350089826825112,0.2979285378287984,1,67.84424408208166,30.49700994152745,0.0285659654808272,3.814626788868365,-0.0013846961158395,0.1493583523286229,0.0039337512383939,1,,
2025-10-20 04:00:00,98.77786518223073,98.83650207519533,98.72899613384696,98.83650207519533,7299100,0.0016836874386403,0.0050685964640468,0.0116553535113106,0.036170843960231,0.0602147256987475,98.01367454528808,97.37699081420898,94.82815616607668,1,1,0.370465497831475,0.3124359298293337,1,70.09413121896172,32.0194128278075,0.028808822425179,3.79170608433728,0.0,0.1480698285015382,0.0002021204563988,1,,
2025-10-21 04:00:00,98.97334380523608,99.05153131380224,98.9049315993335,98.93425750732422,12965900,0.0009890620375709,0.0044653452584784,0.0138691394914653,0.0395155873496571,0.0593031159700458,98.07354888916016,97.43300018310546,94.86295330047608,1,1,0.3900056677318417,0.3279498774098353,1,71.36381204006035,33.79199208585003,0.0281225708171787,4.180687574203579,0.0,0.1482184878675255,0.0071482663439867,1,,
2025-10-22 04:00:00,98.86583972360432,98.9440197713885,98.79742006519064,98.92447662353516,13263200,-9.886245710533093e-05,0.0047648383462199,0.0121520895973743,0.0400473732168868,0.0565965918475959,98.14218864440916,97.48881393432616,94.89817607879638,1,1,0.4000901671779502,0.3423779353634583,1,71.03883263844457,34.84242153419389,0.0280220320660305,4.241788477096562,-9.886245710533093e-05,0.1489783592475574,0.0051953220501814,1,,
2025-10-23 04:00:00,98.81696261150336,98.87559950665272,98.71923196746438,98.74855041503906,9975000,-0.0017783890751891,-0.0005934742846339,0.0122690749954601,0.0365105920413399,0.0489200552371567,98.20885124206544,97.53411834716798,94.93299381256104,1,1,0.389397696639719,0.3517818876187105,1,65.28047996049324,35.39384605795894,0.0278964459889417,3.849647243137791,-0.0018770757163807,0.1478367618493097,-0.0037944200229153,0,,
2025-10-24 04:00:00,98.8755937754651,98.90491222134038,98.728994089719,98.84627532958984,6544500,0.0009896339150301,0.0017827369729179,0.014689447040346,0.0389081183070967,0.0461245930273213,98.2769905090332,97.58681457519532,94.96991359710694,1,1,0.3843785439982525,0.3583012188946189,1,66.8862038006757,35.9710403799826,0.0269715626963964,4.117264268596014,-0.0008892994191406,0.1467834677951836,-0.0140769636198256,0,,
2025-10-27 04:00:00,98.78764664494165,98.9146957397461,98.68014069688776,98.9146957397461,8527600,0.0006921900691565,0.0007911415611538,0.0146815194004144,0.0340531483956478,0.0439897950284946,98.33929595947264,97.64379196166992,95.00665340423583,1,1,0.381523815599337,0.3629457382355626,1,68.00200038757565,36.22298042295051,0.0269715617427341,3.742254801564348,-0.0001977249142105,0.1451723680617961,-0.0199979966498846,0,,
2025-10-28 04:00:00,98.89515522066348,99.00266117157383,98.84628616793312,98.97333526611328,10300500,0.0005928292649401,0.0003949871336141,0.0133589373904872,0.0376053601555468,0.0420793304027151,98.40502014160155,97.70407821655272,95.04624897003174,1,1,0.3796171522551219,0.3662800210394745,1,68.96713392708581,36.67732869273194,0.026614607002857,4.199841187621476,0.0,0.1448736462368014,-0.0211246927581035,0,,
2025-10-29 04:00:00,98.95378597818882,98.95378597818882,98.47490060790516,98.50421905517578,9275700,-0.0047398242130183,-0.0042482667859714,0.0086563318899082,0.0321635531161739,0.0380826777617224,98.43482856750488,97.75129272460936,95.08392608642578,1,1,0.3363748305032032,0.3602989829322202,0,54.74190780581005,35.182108596286554,0.0324412778640348,3.4517341726651134,-0.0047398242130183,0.1441177383268287,-0.0224666858896811,0,,
2025-10-30 04:00:00,98.20126105097378,98.47490985970254,98.18171044670984,98.31853485107422,13563800,-0.0018850380814404,-0.0043546519129393,0.0041925491490535,0.0213851305751109,0.0389574151687475,98.44997749328611,97.79362854003908,95.1205323791504,1,1,0.2838497720455279,0.3450091407548818,0,50.31787353558899,32.685063996671424,0.0323956203590445,2.560276123381622,-0.0066159275453179,0.14544570368604,-0.0126171744261115,0,,
2025-10-31 04:00:00,98.3771689395427,98.4162552312494,98.22079394723576,98.2598876953125,13111900,-0.0005965015228365,-0.0059323189702608,0.0024927814420303,0.0199526829993788,0.0434260155545913,98.46756935119627,97.8392576599121,95.1529067993164,1,1,0.2347844998935073,0.322964212582607,0,48.97170192130042,30.366379725600236,0.0323363298979104,2.3888323755611856,-0.0072084826572986,0.1448837120771345,-0.0163795160803558,0,,
2025-11-03 05:00:00,98.11966768222425,98.19811030339936,98.05103225887105,98.13927459716795,9042100,-0.0012274906981223,-0.0078392915913965,0.0023616450209162,0.0183929367373418,0.0439570526306221,98.48988151550292,97.87179397583007,95.18368160247805,1,1,0.1840458828295936,0.2951805466320044,0,46.23229943588037,28.817579108993712,0.0324014144227015,2.1957598614810023,-0.0084271250100116,0.1444347967272268,-0.018365017595334,0,,
2025-11-04 05:00:00,98.19812354435916,98.32558721043075,98.17850914607054,98.18831634521484,29687500,0.0004997158196673,-0.0079316203580259,0.0050698092538739,0.0193126034579713,0.0419215560454655,98.50633811950684,97.9082241821289,95.21470161437988,1,1,0.1461081783321987,0.2653660729720433,0,47.5178189546052,26.881285029386696,0.0313065721711942,2.3055739343100674,-0.0079316203580259,0.1462404399765247,-0.0003333851456925,0,,
2025-11-05 05:00:00,98.14907426389084,98.15888146096026,97.87453259154395,97.9235610961914,8164900,-0.0026964027786422,-0.0058947521695403,0.0006578517033237,0.0173845832635128,0.0375242374582598,98.50906791687012,97.93702880859377,95.24287937164308,1,1,0.0935997782673325,0.2310128140311011,0,41.71882565376576,26.07649587503778,0.0324122701167718,2.050842567897043,-0.0106066362934956,0.1453424486962451,-0.0118359840510249,0,,
2025-11-06 05:00:00,98.22753346338628,98.34519740598635,98.18831214918626,98.28636169433594,7247600,0.0037049367290487,-0.0003272338912191,0.0042648509134126,0.0231147262368225,0.0468062333554297,98.5358024597168,97.9711476135254,95.27396255493164,1,1,0.0803354125042119,0.2008773337257233,0,50.61319462312226,24.62391482123549,0.0348218479151187,2.683769480404009,-0.0069409964808223,0.1474631141611219,0.0084597946940478,1,,
2025-11-07 05:00:00,98.17850354835612,98.3844098344401,98.1588966318865,98.24713897705078,5708300,-0.0003990657158227,-0.0001297448894024,0.0050686411332301,0.0219834247163275,0.0453183312343004,98.54054069519044,98.0021516418457,95.30560894012451,1,1,0.0658987221370779,0.1738816114079942,0,49.72959377183638,23.1316657497935,0.0345247293542606,2.552681559809524,-0.0073372922829159,0.1472592888016583,0.0053533097047315,1,,
2025-11-10 05:00:00,98.24713772159828,98.31577314941588,98.1490881791018,98.20792388916016,7945000,-0.0003991473777142,0.0006995088589556,0.0005659529073702,0.0215755027122845,0.0484402463677695,98.53403358459472,98.03489624023436,95.3362999343872,1,1,0.0507086731329593,0.1492470237529872,0,48.8120648690165,21.78100090183132,0.0315856020614275,2.5042663904443123,-0.0077335109996559,0.1449388352980376,-0.0411634523773972,0,,
2025-11-11 05:00:00,98.42363256690192,98.53148931079129,98.37461153467088,98.5020751953125,5186200,0.0029951891304038,0.0031954804988663,0.0016678088225745,0.0209232561429411,0.0526609136468965,98.53441505432129,98.0786474609375,95.36589912414551,1,1,0.0616948224309652,0.1317365834885828,0,55.45162064044349,20.724424511318507,0.0326198898074945,2.4457644338661457,-0.0047614851973381,0.1450409210459503,-0.0276049344668515,0,,
2025-11-12 05:00:00,98.46285247802734,98.54129510532012,98.40402424790808,98.46285247802734,6267300,-0.0003981917863901,0.0055072688921737,-0.0003207624805341,0.0234004188054377,0.0552776708885767,98.5347900390625,98.11460021972655,95.39544464111329,1,1,0.0664702517279636,0.118683317136459,0,54.43765691970024,19.77811993214061,0.0321853509835862,2.775876599171643,-0.0051577809994316,0.1449025303538356,-0.0312600571229861,0,,
2025-11-13 05:00:00,98.2863499903692,98.37459980698566,98.16869354248048,98.16869354248048,7541600,-0.0029875118193686,-0.0011971971474679,-0.0029115658277499,0.0218898562050393,0.0461959396220978,98.50286521911622,98.13687698364258,95.42380397796632,1,1,0.045988519119561,0.1041443575330794,0,47.432565054014745,18.746802490755137,0.0337856994720014,2.5647082306027995,-0.0081298838871027,0.1469074169437552,-0.0131045162749059,0,,
2025-11-14 05:00:00,98.34520441592556,98.374618533497,98.03144136066142,98.0510482788086,6350400,-0.0011983989948993,-0.0019958921988353,-0.0076526987868599,0.0218012407989764,0.0443000102546882,98.47189903259276,98.14764358520507,95.45091079711914,1,1,0.020032684570836,0.0873220229406307,0,44.941750032659456,18.260272756115825,0.0311217374394338,2.553350738446098,-0.0093185400373232,0.1467553971924176,-0.0243264548349895,0,,
2025-11-17 05:00:00,98.10006978953102,98.1883121359436,98.06084847533629,98.07064819335938,7821800,0.0001998950026016,-0.0013978067182818,-0.0060780536619602,0.020044565345048,0.0448301079243791,98.43360633850098,98.15217803955078,95.47906467437744,1,1,0.0010321500074041,0.0700640483539854,0,45.45565053881787,17.808495145379325,0.030950481166616,2.3612476093686467,-0.0091205077643066,0.1481651031832652,-0.0079891691810598,0,,
2025-11-18 05:00:00,98.2961710624877,98.31577797967006,98.05104345385308,98.12948608398438,7731800,0.0005999541321373,-0.0037825508811804,-0.0071533894499123,0.0200385348814431,0.0472803462091862,98.39336776733398,98.16178588867189,95.50707469940184,1,1,-0.0091724501848347,0.0542167486462214,0,47.05330586381443,16.830839648748633,0.0303012620752553,2.360563009160022,-0.0085260255184895,0.1495095094443493,0.0097229864948227,1,,
2025-11-19 05:00:00,98.2471425484804,98.2961710624877,98.08045756997709,98.12948608398438,8951700,0.0,-0.0033857072556106,-0.008134406055256,0.0224118517482194,0.0542029797766736,98.35361824035644,98.16749710083008,95.53422775268557,1,1,-0.0170629779686777,0.0399608033232416,0,47.05330586381443,15.92301668759156,0.029946246831648,2.667800037167711,-0.0085260255184895,0.1489341470262841,0.0048284068273471,1,,
2025-11-20 05:00:00,98.22753206058115,98.3255816043306,98.18831074694128,98.24713897705078,12968000,0.0011989555612847,0.0007990880976362,-0.0068470177412415,0.0179736398525829,0.0524235258350465,98.32854766845703,98.17185974121094,95.55949325561524,1,1,-0.0136651495436694,0.0292356127498593,0,50.421096793040135,14.94365467567354,0.0304371260371525,2.258214467346428,-0.0073372922829159,0.1514207039880073,0.016393956496671,1,,
2025-11-21 05:00:00,98.49226736933052,98.54129588195008,98.32558239554514,98.4824676513672,9334500,0.0023952725419453,0.0043999465597948,-0.0026945485534067,0.0219542569505637,0.0534255258255162,98.3103572845459,98.18268234252928,95.5864115524292,1,1,0.0079253527239018,0.0249735607446678,0,56.39549971219938,14.641967146698628,0.0313469039565468,2.744185035720333,-0.004959594555708,0.1502863618815033,0.0165696272128199,1,,
2025-11-24 05:00:00,98.551094700618,98.69817274526964,98.54128750278788,98.67855834960938,7717600,0.001991122916785,0.0061986962200089,-0.0016967455720636,0.0227524131041716,0.0507683593677645,98.29855041503906,98.19411437988282,95.61578620910645,1,1,0.0403932338163883,0.0280574953590119,1,60.6505357728208,14.936766558365152,0.0319818012460416,2.831366355875041,-0.0029783468013008,0.1484013541220433,0.0110222653215772,1,,
2025-11-25 05:00:00,98.74719939465494,98.9825197910742,98.73739219626648,98.83544921875,16788400,0.0015899185371635,0.0071941998571298,-0.0008011602361351,0.0233487050190184,0.054381909366143,98.29165611267088,98.2079051208496,95.64580249786376,1,1,0.077886221568832,0.038023240600976,1,63.70246477243973,16.078792191060977,0.0324029543472507,2.8981158561073617,-0.0013931635929267,0.1472522468125597,0.0143269602785442,1,,
2025-11-26 05:00:00,98.81584789704804,99.00214728757676,98.69819142362064,98.99234008789062,8935000,0.0015873947088902,0.0087930146008079,0.0001920196154474,0.0237381098590285,0.0521706214388721,98.31606216430664,98.22834075927734,95.677650680542,1,1,0.1188889881830306,0.0541963901173869,1,66.50053230393932,16.93598513582164,0.032826609170688,2.9411381649395456,0.0,0.1464748078381775,0.0110521246822143,1,,
2025-11-28 05:00:00,98.94331422355631,98.97272834047808,98.7374004437016,98.85506439208984,5064800,-0.0013867304851961,0.0061877162161543,0.0035617290333274,0.0236549032471424,0.0481410346585196,98.34288864135742,98.2514860534668,95.7112406539917,1,1,0.1387080348603859,0.0710987190659867,1,61.99720188073214,17.731950013099393,0.028479026293499,2.9294043950095543,-0.0013867304851961,0.1454776108436794,0.0094358441413147,1,,
2025-12-01 05:00:00,98.43797011611036,98.50682819433815,98.38878255810435,98.42813110351562,7249300,-0.0043187801373621,-0.0005517382854777,0.0011147059159029,0.0219449473611501,0.046364837030099,98.35130081176756,98.26609268188476,95.73993453979492,1,1,0.1185977032841947,0.0805985159096283,1,50.53534512876386,16.795772211099248,0.0317524873226887,2.655545312145384,-0.0056995216384829,0.1455136684701203,0.0004672862955577,1,,
2025-12-02 05:00:00,98.43798461981102,98.58553981060192,98.4084750826466,98.5560302734375,7972000,0.0012994168281765,-0.0012416889567616,0.0030138705128921,0.0195604566119154,0.0484770020973701,98.37213859558103,98.28559539794922,95.76755401611328,1,1,0.1116929875041989,0.0868174102285424,1,53.31960519549191,16.216864522693132,0.0319410334463087,2.416816352370813,-0.004407510864636,0.1454333652046912,0.0037937537606993,1,,
2025-12-03 05:00:00,98.66422270636208,98.75275130510816,98.57568660264836,98.74291229248048,9744400,0.0018962007552911,-0.0009362726329569,0.0061508269527188,0.01739281295893,0.0442500546232225,98.39986839294434,98.30571823120115,95.79796466827392,1,1,0.1199184226714038,0.0934376127171147,1,57.11779287357828,16.258838039610787,0.0320821083408196,2.201817954784491,-0.0025196676347754,0.1452063202923506,0.0053416737697975,1,,
2025-12-04 05:00:00,98.61505020741988,98.67406928226322,98.47733402947286,98.50684356689452,6953200,-0.0023907409666703,-0.0049043847288089,0.0032440440322836,0.0101948277573904,0.0444169812161709,98.4290325164795,98.32482147216795,95.82652839660643,1,1,0.1061645670129678,0.0959830035762853,1,51.42563207830885,15.85323776221568,0.0333846286730407,1.3378453857003034,-0.0049043847288089,0.144753346768841,-0.010168823397429,0,,
2025-12-05 05:00:00,98.5363444006459,98.5363444006459,98.32977015197196,98.39862823486328,6870000,-0.0010985564871718,-0.0046172258349476,0.0048514079079009,0.0056692610817694,0.048631802428358,98.43464584350586,98.34448806762695,95.85383686065674,1,1,0.0855463394602651,0.0938956707530813,0,49.01426534982146,14.850464626109336,0.0320983292839545,0.7670696726419054,-0.0059975534723213,0.1443201855311452,-0.0070334797182093,0,,
2025-12-08 05:00:00,98.38878148816175,98.3986205006495,98.11334917824576,98.2412338256836,8039100,-0.0015995589776314,-0.0018988197351372,-0.0004591468020017,0.0060639599995688,0.045664544426476,98.4343505859375,98.35964294433592,95.8783588027954,1,1,0.055861891050398,0.0862889148125447,0,45.66066686542749,14.469355541938471,0.0300628356954241,0.8219310725469858,-0.0075875190094522,0.144523525661211,-0.0199343986232315,0,,
2025-12-09 05:00:00,98.40846413345922,98.40846413345922,98.14286331859329,98.15270233154295,5967900,-0.0009011643145456,-0.0040923720321885,-0.0009612152220522,0.0031558101738695,0.0423677830810986,98.43158950805665,98.36932525634764,95.90162853240967,1,1,0.0249059004154759,0.0740123119331309,0,43.84353153942182,14.073063136729328,0.0301926079500801,0.4379588728415257,-0.0084818457226306,0.1445180132368557,-0.0186152981391533,0,,
2025-12-10 05:00:00,98.14286363682704,98.49699305448462,98.1330321288134,98.4674835205078,9279700,0.0032070557558523,-0.0027893523249228,0.0026429601713258,0.0044729266990108,0.0421876563271792,98.4298599243164,98.38549789428713,95.92356796264647,1,1,0.0254795535914098,0.0643057602647867,0,51.269328616735024,13.316970530904817,0.0321773495542626,0.6056639988185303,-0.0053019917189232,0.1440262826849615,-0.0062961221621492,0,,
2025-12-11 05:00:00,98.6838949551974,98.71340448862964,98.44781118277164,98.4871597290039,9961200,0.0001998244272385,-0.0001998220344685,-0.0001514228637216,0.0055729496554861,0.0385788626753171,98.43107528686524,98.397080078125,95.94484394073488,1,1,0.0272082437535488,0.0568862569625391,0,51.69927496697513,12.974696906033016,0.0304491755752578,0.7520702216927505,-0.005103226759143,0.143720632197995,-0.009102871371983,0,,
2025-12-12 05:00:00,98.21172999544837,98.29042709599808,98.15271092252038,98.18222045898438,7588300,-0.0030962337715758,-0.0021992966747704,-0.0028501309070402,0.0007671624903036,0.0390624381819966,98.43175163269044,98.4004133605957,95.96530941009522,1,1,0.0039269254031921,0.0462943906506697,0,45.06347648807864,12.567951129574698,0.0322677497337198,0.1151992475697597,-0.0081836597476833,0.1448328781282314,-0.000480683294033,0,,
2025-12-15 05:00:00,98.37895385652584,98.4478119367177,98.25106920404968,98.28058624267578,9960300,0.001001869617855,0.0004005692463311,0.0011398002373015,0.0013721821855585,0.042231219266948,98.4432285308838,98.40786407470704,95.9841718673706,1,1,-0.0065113318748757,0.0357332461455606,0,47.40846110667454,11.741724759388102,0.0307459399823076,0.1938151951136564,-0.0071899890898923,0.145197358703848,-0.0116403805572457,0,,
2025-12-16 05:00:00,98.241238756707,98.5166710804478,98.2313997437254,98.4674835205078,8614000,0.0019016703601109,0.0032070557558523,0.0042471268692108,0.0050721906999788,0.0410186848638896,98.46307029724122,98.42335311889649,96.00294673919676,1,1,0.0002939340947136,0.0286453837353912,0,51.63293081494098,11.222677595464612,0.0310264319188525,0.6744524174947506,-0.0053019917189232,0.1458720420469648,-0.006019234470093,0,,
2025-12-17 05:00:00,98.39862447588791,98.50683110272176,98.38878546300268,98.43797302246094,12011000,-0.0002996979001774,-0.0002996979001774,0.0037455124022156,0.0075761515842553,0.0399642449527026,98.47849464416504,98.43492889404295,96.02276802062988,1,1,0.0032682317013978,0.0235699533285925,0,50.93718672951053,10.740705228964227,0.0310754235758615,1.0162742930347972,-0.0056001006233158,0.1474508172793462,-0.0048208781188883,0,,
2025-12-18 05:00:00,98.68389892578124,98.73308648679262,98.58553130872666,98.68389892578124,8191000,0.0024982828858552,0.0019976126564993,0.0056498088792837,0.0100933618399543,0.0416070389326992,98.50621528625489,98.45122756958008,96.04544261932374,1,1,0.0251792978210687,0.0238918222270878,1,56.23027333219897,11.098014738474465,0.0320783710077468,1.3313591501309134,-0.0031158083730068,0.1467113251237485,-0.0187157614990528,0,,
2025-12-19 05:00:00,98.5891391581147,98.6483553728458,98.50031483601806,98.53978729248048,6216400,-0.0014603358285341,0.0036418694935249,0.0041812224324191,0.0098266451385964,0.037972470977162,98.52084770202636,98.46698989868165,96.0678742980957,1,1,0.0305630592433061,0.0252260696303314,1,52.645997995086894,11.052309831388104,0.0326275750982263,1.2945787299139135,-0.0045715940749389,0.1451812351101582,-0.0251984651677202,0,,
2025-12-22 05:00:00,98.52005666392328,98.52992854361872,98.4410966864356,98.50032043457033,6178400,-0.0004005169789236,0.002235784301815,0.0025769855504766,0.0078123085075012,0.0333568168346132,98.52174034118651,98.47394882202148,96.09068172454836,1,1,0.0312844556326297,0.0264377468307911,1,51.67453570336693,10.74917342069289,0.0324811167158241,1.0373014947996644,-0.0049702800528147,0.1442245839386521,-0.0475240165963377,0,,
2025-12-23 05:00:00,98.30292049085106,98.52005666392328,98.28318426149808,98.50032043457033,9744100,0.0,0.0003334797731038,0.0001812787964079,0.0097244752858023,0.0334614543810811,98.51282844543456,98.4771939086914,96.11124454498292,1,1,0.0314931342210655,0.027448824308846,1,51.67453570336693,10.156239553760908,0.0314135097669309,1.2978357876671722,-0.0049702800528147,0.1435684110028096,-0.0447010014387774,0,,
2025-12-24 05:00:00,98.59901294178532,98.7371891321852,98.54966107519782,98.71744537353516,4483900,0.0022043069302404,0.0028390705587817,0.0003940777467381,0.0133669652732233,0.0329169151681867,98.50692825317384,98.48165390014648,96.13456451416016,1,1,0.0486182406767454,0.0316827075824259,1,56.76484455316999,10.088217441964904,0.0315910486698309,1.7691564174796437,-0.00277692914534,0.1433805216119068,-0.0338327944501601,0,,
2025-12-26 05:00:00,98.82602220765489,98.84576596805336,98.66810977465845,98.73719787597656,6503700,0.0002000913046995,0.0005400977340326,-0.0009940901118987,0.0128607201677717,0.036051673526348,98.49417114257812,98.48729080200197,96.15936820983887,1,1,0.0630569910498479,0.0379575642759103,1,57.206459149205735,10.399351377558643,0.0310839547837763,1.7040296839635882,-0.002577393480016,0.1434237561323972,-0.0259995399936805,0,,
2025-12-29 05:00:00,98.81614898007328,98.88523707518466,98.75692523423662,98.85562896728516,7886700,0.0011994576902754,0.0032052197744978,-0.0013810272641709,0.0121537771361226,0.0331116740410022,98.49419937133788,98.48825958251952,96.18333141326904,1,1,0.083098298585611,0.0469857111378504,1,59.85419614150747,10.823289198713107,0.0308553829979682,1.6183985766169182,-0.0013810272641709,0.1441093389648938,-0.0161493222499877,0,,
2025-12-30 05:00:00,98.75693073084756,98.87537069907536,98.72732262130012,98.81615447998048,7955800,-0.000399314512659,0.0032064265782765,-0.0003936056523622,0.0118504655461915,0.0336503788113673,98.51360054016114,98.4911752319336,96.2080523300171,1,1,0.0947042266011664,0.0565294142305136,1,58.5537663617888,11.07125402631919,0.0305096929086408,1.5776962423249847,-0.0017797903126011,0.1442279108222877,-0.008590325440074,0,,
2025-12-31 05:00:00,98.71746088007336,98.81616462875276,98.57928466796876,98.57928466796876,13535500,-0.002397075794522,0.0008016647362165,0.0015356744332997,0.0068557603504215,0.0324267580161596,98.5147632598877,98.48603088378906,96.2309680557251,1,1,0.0838223421611275,0.0619879998166364,1,51.34489210891756,10.59714657464002,0.0276917678219626,0.9197751369595798,-0.0041725998148455,0.1449561610561985,-0.0038313061568937,0,,
2026-01-02 05:00:00,98.6977154375624,98.70758731751684,98.51018736861884,98.54966735839844,6730300,-0.0003004415143615,-0.0016995781698144,-6.456139742450073e-05,0.0054492474757912,0.0342129051008863,98.5051010131836,98.47833908081054,96.2532580947876,1,1,0.0719787744755819,0.0639861547484255,1,50.5075754941396,9.846844766732811,0.0273526089311305,0.7359405833821013,-0.0044717877069999,0.1446474656557646,-0.0054038462757184,0,,
2026-01-05 05:00:00,98.62862978389975,98.766805986536,98.57927791294183,98.73719787597656,9364900,0.0019029036079454,0.0,-5.787166259585419e-05,0.0084686329093328,0.0398769087175838,98.5166187286377,98.47459350585936,96.27510082244874,1,1,0.0768390544777588,0.0665567346942922,1,55.46036784378903,9.413789097963644,0.0273584781349163,1.129557018209678,-0.002577393480016,0.1439638998814265,-0.0085562419626273,0,,
2026-01-06 05:00:00,98.6286210497228,98.7273172528602,98.51018108793534,98.71744537353516,8573800,-0.0002000512761788,-0.0013978323257214,0.0021379408680131,0.0104860505273756,0.040092926840169,98.53255958557128,98.4739714050293,96.29655822753908,1,1,0.0781956092194207,0.0688845095993179,1,54.83788562891963,8.79996981290267,0.0259647469367566,1.410341933789539,-0.00277692914534,0.1430841520296284,-0.0115313032580741,0,,
2026-01-07 05:00:00,98.86549881921351,98.89510692876097,98.72732262130012,98.81615447998048,7151800,0.0009999155273094,0.0,0.0042432120508899,0.0097790536680846,0.0367988256472295,98.56130561828611,98.47336898803712,96.31908241271972,1,1,0.0862415496682729,0.0723559176131089,1,57.41045437057252,8.861459716238976,0.0257579544742507,1.3215973771185523,-0.0017797903126011,0.1436903894878883,-0.004363880499038,0,,
2026-01-08 05:00:00,98.63849639892578,98.7075844965561,98.6088882899468,98.63849639892578,6184100,-0.001797864751868,0.0006006508482634,0.0040437457651141,0.0078628730653176,0.0352501252550041,98.58559532165528,98.46784500122072,96.34253295898438,1,1,0.0773903848683517,0.0733628110641574,1,51.702071482430384,8.34490312545361,0.0259413102945935,1.0576767237081448,-0.0035744552422003,0.1434466181213055,-0.0074514341867768,0,,
2026-01-09 05:00:00,98.77666899286136,98.96418951957082,98.66810091053809,98.85562896728516,9879700,0.0022012964135342,0.0031046437505874,0.0071615617201026,0.011293496268919,0.0418674195032051,98.60500259399414,98.46549087524414,96.36663940429688,1,1,0.086894886448448,0.0760692261410155,1,57.29142841142053,8.890710253287756,0.0265117845728191,1.5023574843550576,-0.0013810272641709,0.1428178830864593,-0.0117641400702764,0,,
2026-01-12 05:00:00,98.7569225488802,98.90497061438973,98.72731444178577,98.8062744140625,9871200,-0.0004992589065311,0.0006995999438095,0.0034406372686892,0.0066620919907831,0.0414536096982369,98.62095832824708,98.47153198242188,96.39164527893068,1,1,0.0894140627974451,0.0787381934723015,1,55.71316987406911,9.397531157705178,0.0244958619322382,0.9252810783227748,-0.0018795966805403,0.1425227545831172,-0.0104392620139555,0,,
2026-01-13 05:00:00,98.93459107505244,98.93459107505244,98.78654299105676,98.89511108398438,7561600,0.0008990994797515,0.0017997397499192,0.0041421780880166,0.0056645915970892,0.0454824777934239,98.65660285949708,98.48306350708008,96.41733406066896,1,1,0.0974554987022884,0.0824816545182988,1,57.958187018176986,9.983151316561855,0.0246279094768056,0.7939914409874024,-0.0009821871451863,0.1429366950811458,-0.005454589955945,0,,
2026-01-14 05:00:00,98.92472704131848,99.10238323667406,98.92472704131848,99.04315948486328,8585300,0.001497024466186,0.002297245891397,0.0087687874836621,0.005571011437456,0.0455503292386363,98.69473152160644,98.4987289428711,96.44104095458984,1,1,0.1144552938693266,0.0888763823885044,1,61.46414123739754,11.143031987851884,0.0218723958712131,0.7816391621561659,0.0,0.1438577698932593,-0.0067326441866931,0,,
2026-01-15 05:00:00,99.11224838455334,99.11224838455334,98.91485595703124,98.91485595703124,9923600,-0.0012954304820178,0.0028017413909855,0.0064536623010094,0.0046671223131964,0.0437692617767691,98.71710014343262,98.51424057006837,96.463198928833,1,1,0.1162348486162159,0.0943480756340467,1,57.02584681658626,12.160670659247998,0.0225357040775961,0.6548883632653815,-0.0012954304820178,0.1432812266538882,-0.0131967417800483,0,,
2026-01-16 05:00:00,98.91485462664096,98.93459085711234,98.73719843224514,98.7470703125,10332500,-0.0016962633459641,-0.0010981534983818,0.0028393819156957,-0.0006084539894504,0.040087019355635,98.73255500793456,98.52541564941406,96.48276905059816,1,1,0.1029198631861874,0.0960624331444748,1,51.761967189046,12.09151422154158,0.022773767955709,-0.0717359859464256,-0.002989496436738,0.1431581324367043,-0.0186047276241372,0,,
2026-01-20 05:00:00,98.41148163390751,98.55952969874188,98.36213729898766,98.37200164794922,14336900,-0.0037982763778593,-0.0043951942190776,-0.0006701821714336,-0.0030239103720017,0.0332927137313383,98.71696014404296,98.53438446044922,96.50099098205568,1,1,0.0613950111821282,0.0891289487520055,0,42.35092409113444,12.054358555290625,0.0265318413153784,-0.3993856879106234,-0.0067764178808999,0.1455778759099594,-0.0127021430192444,0,,
2026-01-21 05:00:00,98.47070769981424,98.72732386919904,98.42136335995748,98.69771575927734,16939600,0.0033110448691873,-0.0019960069061391,0.0001400110215192,-0.001404201008777,0.0347158518158767,98.72485656738282,98.54261154174804,96.5183498764038,1,1,0.0541445290491964,0.0821320648114437,0,50.728745280018245,11.304371981650382,0.0276344172353135,-0.1736666926506058,-0.0034878100353687,0.1443934347226616,-0.0157989875637196,0,,
2026-01-22 05:00:00,98.60888482111037,98.7766691194477,98.56940483384788,98.71744537353516,10154200,0.0001998994009742,-0.0032886078455313,0.0018029070889644,-0.0021914768377678,0.0372375130174817,98.73571281433104,98.55201766967774,96.53537620544434,1,1,0.0494207925718797,0.0755898103635309,0,51.19144727284144,10.586428509036706,0.0271164314868169,-0.2800774349230389,-0.0032886078455313,0.1436718676715549,-0.0103964361334855,0,,
2026-01-23 05:00:00,98.74705819987366,98.84575440020087,98.658226348553,98.8062744140625,8621400,0.0008998312323746,-0.0010977273526627,0.0031061216668366,-0.0011948732356955,0.0388046484467745,98.75101051330566,98.56398468017578,96.55888397216796,1,1,0.0522427368260736,0.0709203956560394,0,53.31707341551976,10.202018398671562,0.0271957874536121,-0.1456234829282172,-0.002391735805207,0.1437489988090489,-0.0032975316455444,0,,
2026-01-26 05:00:00,98.95433044433594,99.00367478345252,98.90497857518132,98.95433044433594,6526700,0.0014984476557935,0.0020988990476378,0.0046092236833603,0.002083878987914,0.0386705546848453,98.7628547668457,98.57302978515624,96.5855755996704,1,1,0.0656690404450159,0.0698701246138347,0,56.70174951078994,10.452268848624492,0.0275848730808948,0.2944066463424502,-0.0008968720403241,0.1432370205046906,-0.00230824103857,0,,
2026-01-27 05:00:00,98.9444624981648,99.02342247993612,98.86550251639348,98.88524627685548,7571800,-0.0006981419324474,0.0052173852347037,0.0016998100253242,0.0003942581259201,0.0393177162748237,98.77025718688964,98.5814776611328,96.6108676147461,1,1,0.069928871339556,0.069881873958979,1,54.70854741778137,10.493197108667983,0.0267752248780579,0.0676612751550256,-0.0015943878287922,0.1425689881433909,-0.0056599980205995,0,,
2026-01-28 05:00:00,98.84576416015624,98.86550039015546,98.69771608002856,98.84576416015624,14730100,-0.0003992720672273,0.0015000185134981,0.0010995479567492,-0.0006968790539599,0.0333325384158493,98.7697639465332,98.59501907348633,96.63965171813965,1,1,0.0693198649095165,0.0697694721490865,0,53.549981408661736,9.758880394997847,0.0268224416813537,-0.0792140284181552,-0.0019930233014953,0.1425264124489812,-0.0062565903140042,0,,
2026-01-29 05:00:00,98.79641229010096,98.93458849020996,98.70758796004726,98.84576416015624,10066400,0.0,0.0012998592714341,-9.979003959592614e-05,-0.0012889441950606,0.0362679447498106,98.771244430542,98.61091339111329,96.66891498565674,1,1,0.0680527531491179,0.0694261283490928,0,53.549981408661736,9.372082095545093,0.0264967066403551,-0.1591516184020124,-0.0019930233014953,0.1428098017130414,-0.0090177171110955,0,,
2026-01-30 05:00:00,98.85562729515102,98.9148435099484,98.80627542946156,98.82601165771484,12469600,-0.0001998315518041,0.0001997569867844,9.975269515627438e-05,0.0032667900484426,0.0355354147398589,98.7835807800293,98.6260206604004,96.69534835815428,1,1,0.0647087736190457,0.0684826574030834,0,52.89998314643226,9.01291224605325,0.026468148028352,0.4780861197039606,-0.0021924565843602,0.1432083943388313,-0.0070687877099785,0,,
2026-02-02 05:00:00,98.8606655502938,98.87056957554358,98.68243842314436,98.71214294433594,13264100,-0.0011522139917301,-0.0024474674217136,0.0013477301728721,0.0040033966520953,0.0254741403873552,98.79170455932618,98.63767379760742,96.72025402069092,1,1,0.0522678806279799,0.0652397020480627,0,49.19297983177585,8.649444243130832,0.0253726423033975,0.5858951389158538,-0.0033421443969376,0.1423357848922505,-0.0180770251147314,0,,
2026-02-03 05:00:00,98.6428363549106,98.74185395023792,98.61312427720996,98.7220458984375,9358800,0.0001003215390344,-0.0016504016985613,0.0017491539510952,0.0047034269422134,0.024749955928381,98.79094696044922,98.64952499389648,96.74372383117677,1,1,0.0427150761259582,0.0607347768636418,0,49.52425979791188,8.624773582592113,0.0253377991456755,0.6864723755779185,-0.0032421581469728,0.1435639543847325,-0.0074907034569871,0,,
2026-02-04 05:00:00,98.642835306191,98.7715574232922,98.62302725460115,98.66263580322266,12574000,-0.0006017915722286,-0.0018526677242017,-0.0007551568644632,0.00533284159887,0.02382386495437,98.7882064819336,98.65783493041992,96.76809448242189,1,1,0.0300046367852928,0.054588748847972,0,47.522327804838405,8.442469832560572,0.0245460280660193,0.7787113161724819,-0.0038419986157527,0.1441759357476513,0.0014728405273785,1,,
2026-02-05 05:00:00,98.8903894812273,99.1280332338069,98.8309728771634,99.0884246826172,11442200,0.0043156041385692,0.0024549410338696,0.0037579913831673,0.0091671633744865,0.0286568086235439,98.80181999206545,98.66995407104493,96.79742111206056,1,1,0.0536704466349249,0.0544050884053626,0,60.00167529852779,8.999014148352662,0.0287819458814227,1.2704595593114667,0.0,0.146629427914243,0.0247775580616398,1,,
2026-02-06 05:00:00,99.1082185998779,99.15773117421696,98.99930453453672,99.1478271484375,9471900,0.0005994894561152,0.0032563844814184,0.0033564620097032,0.0125022623620016,0.030104192246529,98.827286529541,98.67933944702148,96.8261822128296,1,1,0.0763390647690585,0.0587918836781018,1,61.38144982599367,9.626603643778571,0.0286714655787395,1.758524412237298,0.0,0.1439555843074005,0.0018455988633432,1,,
2026-02-09 05:00:00,99.05871798916904,99.18744011179848,99.01910943884648,99.17754364013672,9307600,0.000299719041293,0.0047147258880118,0.0054648769080061,0.0090671984437911,0.0323915104903769,98.8433822631836,98.68618133544922,96.85394199371338,1,1,0.0955999636163085,0.0661534996657431,1,62.08605056432725,10.324228878062678,0.0277722982588012,1.3223967849128404,0.0,0.1433077247493123,-0.0009682582539222,0,,
2026-02-10 05:00:00,99.4151861407459,99.51420373803128,99.38548161701614,99.46469116210938,8566100,0.0028952876975312,0.0075225878567781,0.0061611281136633,0.0123927495267113,0.0346486093192877,98.87630310058594,98.6956283569336,96.88055011749267,1,1,0.1325073081854384,0.0794242613696822,1,68.13585830927624,12.055043049232264,0.0284782868062878,1.766872307307114,0.0,0.1441026636845666,0.0089959364355616,1,,
2026-02-11 05:00:00,99.23695373535156,99.4151884364043,99.20724921093588,99.23695373535156,8484800,-0.0022896308639479,0.0058210276611132,0.0043588256296784,0.0104780735142389,0.0322796459300493,98.8933952331543,98.70326614379884,96.9042946243286,1,1,0.1417461759191951,0.0918886442795848,1,59.96356390063614,12.705938061302517,0.0297534960535898,1.4760666379071332,-0.0022896308639479,0.1438059494103941,0.0090034383002928,1,,
2026-02-12 05:00:00,99.41518499910394,99.7122377875488,99.40528097312162,99.68253326416016,11167500,0.0044900564964627,0.0059957415151759,0.0079621952141504,0.0119840933960733,0.0331580957947814,98.92536392211916,98.72835418701172,96.92897327423096,1,1,0.1829140697361566,0.1100937293708991,1,68.04045703669264,14.163555771688944,0.0332035593401123,1.6425652180914498,0.0,0.1467182784789294,0.0264563511534725,1,,
2026-02-13 05:00:00,99.9399882291695,100.01920533042524,99.90037967854164,99.99939727783205,5927000,0.0031787315520181,0.0085888935127103,0.0096547585713369,0.0156053248624661,0.0393709148052807,98.97959098815916,98.7572215270996,96.95408638000488,1,1,0.2383605281507641,0.1357470891268721,1,72.31735493560433,16.206456308133596,0.0344058242884195,2.0902517774947045,0.0,0.147081040040864,0.0224059510306351,1,,
2026-02-17 05:00:00,100.0093002319336,100.04890878213682,99.949891183908,100.0093002319336,6588800,9.903013789203108e-05,0.0083865415624213,0.0110645086050349,0.0187494263500269,0.0410497048017954,99.04270248413086,98.78254928588868,96.97968021392822,1,1,0.2798751055475037,0.1645726924109984,1,72.44148035758418,18.163998921550306,0.0338439432593055,2.566728764333682,0.0,0.1468586539824042,0.0249678720099015,1,,
2026-02-18 05:00:00,99.88057815949615,99.96969173157898,99.85086608091004,99.87067413330078,5460200,-0.0013861320728304,0.0040816793019518,0.0113786041170129,0.0185579439122167,0.0407637709151573,99.11763610839844,98.8098258972168,97.00587398529052,1,1,0.298152819508175,0.1912887178304338,1,67.85479830846009,19.463690208431096,0.0336035228976497,2.5373144293230263,-0.0013861320728304,0.1459199788719915,0.0192922776252919,1,,
2026-02-19 05:00:00,99.80135884200617,99.94988901340318,99.78155079005543,99.89047241210938,6600700,0.0001982391626011,0.0065854366963,0.0154360055577034,0.0185562576802997,0.0389727751449799,99.17727394104004,98.83966278076171,97.03447414398194,1,1,0.310654562721254,0.2151618868085978,1,68.16481552176975,20.313363999984684,0.0297294253254683,2.5370853690859643,-0.0011881676958906,0.1463348544381711,0.0051998184715917,1,,
2026-02-20 05:00:00,99.9102783203125,99.93998284304288,99.7518441263396,99.9102783203125,8651000,0.0001982762492243,0.0022847037358975,0.0122856192942963,0.018147371472057,0.0385495530897497,99.2369155883789,98.8730436706543,97.0639905166626,1,1,0.3184891113320844,0.2358273317132952,1,68.49218631530405,20.946181446543388,0.0282445765790133,2.4824983463449777,-0.0009901270321005,0.1453129853312829,0.0063683685507414,1,,
2026-02-23 05:00:00,99.96968837031996,100.18753161194262,99.9597843444576,100.10831451416016,9817100,0.0019821403480906,0.0010891789280038,0.0140893956013763,0.0201654824573542,0.0430292800088394,99.3020175933838,98.91215591430664,97.0933434677124,1,1,0.3367955439542669,0.2560209741614896,1,71.63324929715209,22.191241567270705,0.0286122431911151,2.7366848506070616,0.0,0.1471031324429399,0.0238826488928867,1,,
2026-02-24 05:00:00,100.09840393066406,100.15782052738754,100.01919439262902,100.09840393066406,7890400,-9.899860510276248e-05,0.0008909541265045,0.0130774034773004,0.0188429400885221,0.0371552561600199,99.3592212677002,98.94477432250976,97.12192573547364,1,1,0.3465094768813088,0.2741186747054535,1,71.25043755646021,23.347368822231783,0.0287192840217889,2.5635330999803725,-9.899860510276248e-05,0.1460271777698433,0.0158483118468226,1,,
2026-02-25 05:00:00,100.01920752335732,100.13802562328743,100.01920752335732,100.04891204833984,6869000,-0.0004944322824418,0.0017846872125961,0.01106148259595,0.0159058199325177,0.0382092773408893,99.41740455627442,98.97600936889648,97.152712059021,1,1,0.3462232117597494,0.2885395821163127,1,69.25989326343031,24.42091555898136,0.0287812836483825,2.189319669816161,-0.0005933819394382,0.1447336640578369,0.0104487202252108,1,,
2026-02-26 05:00:00,100.09841480027788,100.21724045207026,100.08851832854742,100.20733642578124,8920400,0.0015834692671605,0.0031721144771905,0.0133699434314418,0.0154925051778274,0.0385974101598234,99.48548316955566,99.01651168823244,97.18380989074709,1,1,0.354691208377659,0.3017699073685819,1,71.9603068684165,25.63510600521621,0.0286439073371134,2.139623502395619,0.0,0.145772535473631,0.0224701554802235,1,,
2026-02-27 05:00:00,100.37566809726094,100.46478166436482,100.34595602033492,100.4053726196289,9033500,0.0019762644224592,0.0049553890514559,0.0157782022600958,0.0158842137440407,0.0396037945842278,99.5634635925293,99.05900741577148,97.2174842453003,1,1,0.3730813726630089,0.3160322004274674,1,74.92556995537387,27.35876438248338,0.0287458628114911,2.186745504467534,0.0,0.1467653795742912,0.0297416250958215,1,,
2026-03-02 05:00:00,100.10341649403752,100.12328646865622,99.88489224228128,100.00408935546876,10358800,-0.0039966313922298,-0.0010411238986213,0.0117185112094002,0.0102204803591858,0.0342012051037927,99.622367477417,99.0897395324707,97.24963287353516,1,1,0.3512267809004186,0.3230711165220576,1,60.87694062749493,26.581504529892097,0.0330645915298498,1.366036626993027,-0.0039966313922298,0.1460957455099062,0.0230092315614831,1,,
2026-03-03 05:00:00,99.58690478266392,100.03388066818395,99.56703480925113,99.8948211669922,10855000,-0.0010926372029463,-0.0020338262717243,0.0108150626677032,0.0105179919844911,0.0344216973143809,99.6815013885498,99.11887649536132,97.28258117675782,1,1,0.3213851024512451,0.3227339137078951,0,57.70417138621921,24.68437072788433,0.0334643112717948,1.4077247321464297,-0.0050849017270305,0.1472338851631349,0.0281093216838901,1,,
2026-03-04 05:00:00,99.90476226806526,99.94449463914808,99.8054351294456,99.85509490966795,13744100,-0.0003976808493189,-0.0019372238508524,0.0115786359331346,0.0144975200702694,0.0367606147462289,99.73815383911132,99.14230041503906,97.31268692016602,1,1,0.2911733155896883,0.3164217940842538,0,56.55021727883848,22.92274648316283,0.0330907991243655,2.0231755009015107,-0.005480560408312,0.1461442403866793,0.0267568376941316,1,,
2026-03-05 05:00:00,99.54717709357404,99.64650423078388,99.47764733970968,99.5670394897461,8741400,-0.0028847343260997,-0.0063897211409204,0.0085593200953097,0.0102582177214687,0.0300193297560407,99.7833740234375,99.16284545898438,97.34106388092042,1,1,0.2412061178486624,0.3013786588371355,0,48.912185213358136,22.321502292706292,0.0351537363595252,1.410596176396304,-0.0083494847736755,0.1465396919974621,0.0207276096948052,1,,
2026-03-06 05:00:00,99.29885858878428,99.69617472831158,99.23926382021646,99.4478530883789,9356500,-0.0011970467534033,-0.009536536803438,0.0079586084312841,0.0071391533785265,0.0246561362968544,99.80134544372558,99.18179611206055,97.36898929595948,1,1,0.189801493665044,0.2790632258027172,0,46.13555353357613,22.385472926786,0.035428638994464,0.9905329129861364,-0.009536536803438,0.1483081723824373,0.0286610703329754,1,,
2026-03-09 04:00:00,99.40811753762348,99.80543366444492,99.2889204261246,99.76570129394533,8948500,0.0031961293853568,-0.0023837831338684,0.0068350729512298,0.012779393608282,0.0231045050823528,99.83223915100098,99.20710372924805,97.39932106018068,1,1,0.1727196478835537,0.2577945102188845,0,53.68627815487474,22.023407114602577,0.0340470053836464,1.7458149347871517,-0.0063708874235931,0.1474901669387169,0.0058701656053472,1,,
2026-03-10 04:00:00,99.68623361197018,99.76569835062504,99.43791198730467,99.43791198730467,10177700,-0.0032855911639899,-0.0045739025742257,0.0029257811009097,0.0105619739937916,0.0162911136636707,99.84525756835936,99.22151306152344,97.43109035491943,1,1,0.131219685583332,0.2324795452917741,0,46.45408463808284,21.687203146146544,0.0362437478018006,1.4133609124013848,-0.0096355464561574,0.1472422114691054,0.0228308417316183,1,,
2026-03-11 04:00:00,99.24919296244444,99.3286577073724,98.94127654856764,98.9909439086914,5932700,-0.0044949463406908,-0.0086540501689802,-0.0018814715972638,0.0076313178673841,0.0137415538732448,99.82157020568847,99.22658798217772,97.45927890777588,1,1,0.0615545158509576,0.1982945394036108,0,38.7821479576121,22.565438470103725,0.039627913628555,0.9877028587092832,-0.0140871815325646,0.1467645790883583,0.0241218981397759,1,,
2026-03-12 04:00:00,98.83200997776342,98.9015397319072,98.51415859050968,98.62342071533205,10196000,-0.0037126951097502,-0.0094772203657941,-0.0084579807864301,0.0047957760979324,0.0079667208308034,99.7908935546875,99.22194381713868,97.48495685577392,1,1,-0.0230460230489626,0.1540264269130961,0,33.83415210345913,24.122769140203538,0.0399723857419587,0.6111884177225355,-0.0177475752323287,0.1484742610152251,0.030336686490596,1,,
2026-03-13 04:00:00,98.78233958045628,98.87173930627604,98.47442318989008,98.54395294189452,8749900,-0.0008057697944477,-0.0090891871308784,-0.0069832936962692,0.0007765956704965,0.0052529960250162,99.7339645385742,99.21649978637696,97.50812232971192,1,1,-0.0954051733667142,0.104140106857134,0,32.8579736400678,25.63052002075017,0.03941580307352,0.1139382785682602,-0.0185390445667296,0.1491991082304831,0.0375030298968928,1,,
2026-03-16 04:00:00,98.92140046217273,98.9810028062742,98.77241354735578,98.93133544921876,6168700,0.0039310632033673,-0.0083632534418639,-0.0075359021319282,0.0045099860879027,0.0101080696688036,99.68056144714356,99.22354080200196,97.53408996582031,1,1,-0.120107268634058,0.0592906317588956,0,41.68982786736587,26.57485455866979,0.0385933520500995,0.5696644994598489,-0.0146808595192841,0.1482766279645656,0.0106213724819572,1,,
2026-03-17 04:00:00,99.07039490934405,99.15979463636758,99.05053251343588,99.12999725341795,7377300,0.0020080776560542,-0.0030965526903463,-0.0086940526451234,0.0096532426136106,0.010427810709557,99.63659629821775,99.23514739990236,97.55932033538818,1,1,-0.1222443529828041,0.0229836348105556,0,45.63898198059227,26.739110402985112,0.0374376341560598,1.213461300969922,-0.0127022621692021,0.1481845713024016,0.0075028791014188,1,,
2026-03-18 04:00:00,99.0008683391192,99.07039809429511,98.71281433105467,98.71281433105467,8241300,-0.0042084427915072,-0.0028096466874109,-0.0129636533589597,0.0043978989636022,0.0057761158677724,99.57870330810547,99.23465972900392,97.5813111114502,1,1,-0.1558051581398984,-0.0127741237795351,0,39.57718375740463,27.539497445325324,0.0396060603422497,0.5450410891177182,-0.0168572482170474,0.1496490954215064,0.0190008648685868,1,,
2026-03-19 04:00:00,98.49429609417751,98.9512069892546,98.474426119771,98.82207489013672,13223500,0.0011068528419786,0.002014269768416,-0.0104995710929562,0.0036011011650873,0.0086915573369055,99.52528343200684,99.23675231933592,97.60508777618408,1,1,-0.1716077368616879,-0.0445408463959657,0,41.75898915323614,28.67442912675912,0.0399371427847033,0.4511902765363166,-0.0157690538681658,0.150184841533326,0.0292274073386193,1,,
2026-03-20 04:00:00,98.47442342474493,98.50422080736436,97.99765014648438,97.99765014648438,14458600,-0.0083425160276069,-0.0055437475268752,-0.018948977013703,-0.0044730997851417,0.00306916291709,99.42965202331544,99.220382232666,97.62507987976076,1,1,-0.2477991072984622,-0.085192498576465,0,32.28575490508227,30.37444002367983,0.0481678440090535,-0.4652764570328615,-0.0239800163111374,0.1510980295724584,0.0325498334116958,1,,
2026-03-23 04:00:00,98.19630881592327,98.57375497630623,98.1069090858846,98.36516571044922,27624700,0.0037502487397962,-0.0057228555158861,-0.0154650015577941,-0.0032298401137528,0.0068309217812483,99.34249458312988,99.21491561889648,97.64411228179932,1,1,-0.2753517986087246,-0.1232243585829169,0,38.93607316314514,31.6861964844278,0.0506991040315536,-0.326414676887945,-0.0203196985972923,0.150088750003958,0.0328653675498256,1,,
2026-03-24 04:00:00,97.96784513836528,98.30556649029675,97.90825037315516,98.09697723388672,16738600,-0.0027264578331718,-0.0104208619807625,-0.0200916106722477,-0.0044937184335444,0.0052887685286528,99.24242324829102,99.19974258422852,97.66300945281982,1,1,-0.3151947053313364,-0.1616184279326008,0,36.14626179967151,33.16091029398373,0.0501378181339641,-0.4580066720635411,-0.0229907556290558,0.1501836834163092,0.020941436951142,1,,
2026-03-25 04:00:00,98.48436585644104,98.54396062618493,98.33537135390614,98.44463348388672,16242700,0.0035440057359881,-0.0027167784546041,-0.0165214467148034,-0.0005653479139755,0.0072425439212076,99.16220932006836,99.192509765625,97.6860563659668,0,1,-0.315085433329628,-0.1923118290120062,0,41.95257258805252,33.6265007439748,0.0524615805584344,-0.0398456268547778,-0.0195282292628917,0.1498806863160801,0.0263889818668581,1,,
2026-03-26 04:00:00,98.17643600943838,98.3055681070836,97.88838958740234,97.88838958740234,12299400,-0.0056503221841485,-0.0094481451009036,-0.0215946622177521,-0.0062124757002639,0.0034515865191275,99.04626197814942,99.17237533569336,97.7057432937622,0,1,-0.3557818366566181,-0.2250058305409286,0,36.26981430611357,34.67768022456891,0.0550735968964653,-0.6019285778074958,-0.0250682106600189,0.1517437652300491,0.0484344897771049,1,,
2026-03-27 04:00:00,97.67979426172144,98.00758063719228,97.6301344818523,97.87845611572266,15511300,-0.0001014775268196,-0.0012162947844519,-0.0232406168363078,-0.0084988955562804,0.0047544652751814,98.9199161529541,99.14908126831055,97.7243194961548,0,1,-0.3844044029681015,-0.2568855450263632,0,36.17557404080585,35.9564757382422,0.0543696583864145,-0.8376722258207666,-0.0251671443268191,0.154360503982556,0.0589134879284478,1,,
2026-03-30 04:00:00,98.36516419490546,98.53402108682975,98.2856994534676,98.3750991821289,12882500,0.0050740794871044,0.0001009856650771,-0.0202207649304922,-0.003667297651109,0.0091462584277999,98.83846664428712,99.1382861328125,97.74378734588625,0,1,-0.3628305632655468,-0.2780745486741999,0,44.008772958466906,35.480698054195265,0.0575536491053376,-0.3367893774677455,-0.0202207649304922,0.1556641988426721,0.060632959177381,1,,
2026-03-31 04:00:00,98.6134887594914,98.81215061899113,98.51416161882908,98.60355377197266,23478400,0.0023222806558069,0.0051640382035231,-0.0140047831295962,-0.0025499326436526,0.0095728531794068,98.77390327453614,99.13541580200196,97.76266124725342,0,1,-0.3235688633028957,-0.2871734115999391,0,47.21784557940347,34.30107212025737,0.0575237573743529,-0.2265649600451974,-0.017945442565929,0.1516184606516404,0.0378020258047806,1,,
2026-04-01 04:00:00,98.64043497777251,98.83976594397956,98.59059843422628,98.67033386230467,20860900,0.0006772584534473,0.0022926630983384,-0.0122577656217089,-0.0014756758997876,0.0103573021999958,98.71466522216797,99.14138244628906,97.78355709075927,0,1,-0.2837936910173226,-0.2864974674834158,1,48.15327851511853,33.13372878296896,0.0576845326300762,-0.1223889455755642,-0.0172803378151602,0.1505865565790802,0.0227710585252203,1,,
2026-04-02 04:00:00,98.5606948990418,98.95936441663336,98.55072607000514,98.89956665039062,12024600,0.0023232189363608,0.0103298978280301,-0.0095691487764518,0.0032489785607658,0.0101270131295836,98.6812915802002,99.14541946411131,97.80656364440918,0,1,-0.2311103143534865,-0.27542003685743,1,51.34115687123747,31.72956122996401,0.0585568408624717,0.3341543665667566,-0.0149972648868383,0.1508006100258173,0.0318614652675861,1,,
2026-04-06 04:00:00,98.67033252451228,98.83976460388998,98.67033252451228,98.7201690673828,14350300,-0.0018139369977423,0.0085995732366781,-0.0085055298088932,0.0017301094316664,0.0071887847019109,98.6449073791504,99.14547393798829,97.82722637176514,0,1,-0.2015113470721417,-0.2606382989003723,1,48.811690968924594,30.42569135931656,0.0581119455480111,0.1870076893471825,-0.0167839977909375,0.1498189036235855,0.022377634219268,1,,
2026-04-07 04:00:00,98.74009434972504,98.88959636712194,98.41119143224958,98.83975982666016,14034000,0.0012114116133221,0.0047233563004698,-0.0061146947152126,0.0010387366958946,0.0095161662849945,98.59861030578614,99.14614364624023,97.8481494140625,0,1,-0.1664848437945778,-0.2418076078792134,1,50.56034669605044,29.75373045495713,0.0582944963230605,0.1206812267067116,-0.0155929185074572,0.149934413730272,0.0109652847965866,1,,
2026-04-08 04:00:00,99.33809851566066,99.38793505797886,99.00919558593358,99.0988998413086,8881800,0.0026218195501779,0.0050236127440341,-0.0066836742887427,0.0038641039213489,0.0143906736376868,98.58165969848632,99.14903503417968,97.86993408203124,0,1,-0.1164730255989496,-0.2167406914231607,1,54.21057680734923,27.807826394681637,0.0578948756615621,0.390224360162606,-0.0130119807758664,0.1465938350168313,-0.0060772317266277,0,,
2026-04-09 04:00:00,99.0091970105276,99.30820106076148,98.88960147362512,99.15869903564452,8004800,0.0006034294470642,0.0049494630678088,-0.0028079124559232,0.0034664833646549,0.0132794359596022,98.59004745483398,99.15450408935548,97.89105319976808,0,1,-0.0711923431271657,-0.1876310217639617,1,55.03558695905649,26.26567510358944,0.0569383981481184,0.3524627704801047,-0.0124164031411668,0.1458409244639303,-0.0095168837196465,0,,
2026-04-10 04:00:00,99.1287986354728,99.1586975192412,98.96933538737852,98.98926544189452,4512200,-0.0017087113425025,0.0009069684988709,-1.695576110916086e-05,0.0035561069539231,0.0114469412368261,98.60833969116212,99.15737411499023,97.909395904541,0,1,-0.0484207863543844,-0.1597889746820462,1,52.16755819919831,24.833677476146693,0.0550318470369547,0.3611503584752545,-0.0141038984347889,0.1456881379930226,-0.0073344747215037,0,,
2026-04-13 04:00:00,98.99923649669287,99.2284663467295,98.93943112382291,99.1885986328125,5838900,0.0020136849185428,0.004745023938421,0.0057306663405216,0.0033682418391929,0.0146997773347556,98.640571975708,99.16423080444336,97.92878353118896,0,1,-0.0141267960306237,-0.1306565389517618,1,55.13006988662498,23.31368953470981,0.0537171392029187,0.34345768711104,-0.0121186143238168,0.1445687249122903,-0.0263044656779556,0,,
2026-04-14 04:00:00,99.19856351898166,99.4576998471466,99.16866463572968,99.4477310180664,5810800,0.0026125218908796,0.0061510792061056,0.0091713194893328,0.0064920634626479,0.0131974061774291,98.6663917541504,99.1766651916504,97.94816455841064,0,1,0.0335742333433586,-0.0978103844927377,1,58.71026255524832,21.99745921446216,0.054151863770982,0.6377885319345555,-0.0095377525781452,0.1432015204209726,-0.0401985499822524,0,,
2026-04-15 04:00:00,99.34806681023775,99.3679968646645,99.218502446492,99.28826904296876,6536700,-0.0016034752474007,0.0019109112408253,0.0036078922024984,0.0039755044984024,0.0096626157048675,98.67430534362794,99.18818771362304,97.96809879302978,0,1,0.0578436089608516,-0.0666795858020198,1,55.76172066636496,20.775245345660768,0.0530391514453383,0.3981288575121875,-0.0111259342753711,0.1418525426417251,-0.0433250028074264,0,,
2026-04-16 04:00:00,99.3979025466396,99.41783260090484,99.07896845047546,99.14873504638672,10659900,-0.0014053422214628,-0.0001004852761754,0.0001890224300205,0.0010659551055576,0.0066429049910983,98.69610137939452,99.19672149658204,97.98540615081788,0,1,0.0650679735040569,-0.0403300739408045,1,53.24198437487276,19.349888860604,0.052872003067986,0.1220530113084519,-0.0125156407516435,0.1413059585001631,-0.0464192239568669,0,,
2026-04-17 04:00:00,99.5573695450764,99.66700385763892,99.47763411703296,99.51750183105467,5614200,0.0037193291926056,0.005336299716965,0.0081518038509296,0.0060925719215041,0.0107881290130602,98.73087272644042,99.21381881713867,98.0049976348877,0,1,0.0994038661709169,-0.0123832859184602,1,58.57026974591416,18.591300889035427,0.0520194791397697,0.5912742601830193,-0.0088428613470495,0.1401378598279972,-0.0635569200516684,0,,
2026-04-20 04:00:00,99.5473979253066,99.5473979253066,99.36799701923182,99.50753021240234,5687900,-0.0001001996479901,0.0032154056412321,0.0069362571371596,0.0077010882195871,0.0070879484722865,98.80636672973633,99.22220092773438,98.02511989593506,0,1,0.1243769422291336,0.0149687597110585,1,58.37655245088837,17.553281240765553,0.0519784550299527,0.743812498870437,-0.0089421749434456,0.1404045805477731,-0.0651214921938883,0,,
2026-04-21 04:00:00,99.4377598572316,99.4377598572316,99.13876342773438,99.13876342773438,7583600,-0.0037059183750297,-0.0031068339837326,0.0116442922819506,0.0077945123301366,0.0047470320514551,98.84504661560058,99.22201965332032,98.04436603546142,0,1,0.113108048144781,0.034596617397803,1,51.58200950745072,16.665067329158813,0.0441125195530295,0.753123665706986,-0.0126149543480397,0.1408061030300251,-0.0681142339946786,0,,
2026-04-22 04:00:00,99.43776066721618,99.43776066721618,99.24839854152198,99.2782974243164,7874000,0.0014074615393375,-0.0001004309849338,0.009283080115527,0.0058824225117337,0.0044699613993315,98.90411262512208,99.2240347290039,98.06600326538086,0,1,0.1141210790237607,0.0505015097229946,1,53.77439697252727,15.840294748563991,0.0426982813465338,0.579237644418527,-0.0112252478717673,0.1395906896094517,-0.0699456847647103,0,,
2026-04-23 04:00:00,99.26832983965878,99.36799531821896,98.95936457492569,99.11882781982422,5063400,-0.001606288671638,-0.0003016400214134,0.0104167387696478,0.0040659727849547,0.0018655854620057,98.93782234191896,99.2171174621582,98.08703670501708,0,1,0.1008930170575013,0.0605798111898959,1,50.935722531517946,15.848627672683794,0.0418176591288226,0.4059154154418377,-0.0128135055549126,0.1399094164894425,-0.0684113393223043,0,,
2026-04-24 04:00:00,99.06899968680122,99.3081983580852,98.98926426171036,99.25836181640624,4791800,0.0014077446197775,-0.0026039642261957,0.008265847550265,0.004575492852298,0.003375152482653,99.00632095336914,99.2175456237793,98.1067840194702,0,1,0.1005102899787147,0.0685659069476597,1,53.26065050097364,15.856365387937895,0.0404900302789822,0.453555164058751,-0.0114237990786404,0.1390289961018852,-0.07240219190957,0,,
2026-04-27 04:00:00,99.1885992843297,99.2484046575925,99.0291360316032,99.10887145996094,7852000,-0.0015060731782154,-0.0040063174273389,0.0124680963462868,0.0015617408043797,0.0036488742711406,99.06784172058106,99.20607238769531,98.12592903137208,0,1,0.0871398595312911,0.0722806974643859,1,50.499747623626696,15.863550409245278,0.0348450675133931,0.1686673429055672,-0.0129126671794702,0.1385808602546054,-0.0867442886730024,0,,
2026-04-28 04:00:00,99.00919487299169,99.07896907333024,98.93942827664183,99.06900024414062,8672900,-0.0004022971428588,-0.0007036922913064,0.0121634951721181,0.0018582546355871,0.0022532453934975,99.10253677368163,99.18746444702148,98.14685844421386,0,1,0.0724907944197923,0.0723227168554672,1,49.75887053959638,16.124779591239697,0.0349360209170353,0.1967792939519514,-0.0133097695932161,0.1392024616115034,-0.0981989691661386,0,,
2026-04-29 04:00:00,98.89956780569744,98.89956780569744,98.55072722123693,98.63046264648438,6764300,-0.0044265874953369,-0.0065254420617547,0.0025958140472386,-0.0021781561961827,-0.0028735173387133,99.10388221740725,99.1598876953125,98.16564361572266,0,1,0.0252044445117576,0.0628990623867253,0,42.39214653375478,17.316922009139724,0.0350326449214371,-0.1810320991642977,-0.017677440228906,0.1386076903197119,-0.109572455643439,0,,
2026-04-30 04:00:00,98.81983318524912,98.88959978191168,98.70023004640385,98.7699966430664,13320100,0.0014147150164158,-0.0035193230633427,0.0016880007335096,-0.0007665226500456,-0.002054478840186,99.1088653564453,99.1378741455078,98.18652961730956,0,1,-0.0009995785607799,0.0501193341972242,0,45.17347627363267,18.423911397189748,0.0344519209072505,-0.0496878381560853,-0.0162877337526338,0.1374363403194608,-0.0935382160670031,0,,
2026-05-01 04:00:00,98.83999633789062,99.12999725341795,98.77999877929688,98.9000015258789,11661600,0.0013162386071785,-0.0036103788534226,0.0023276262943909,0.0007486881937552,0.0040179240493387,99.10888710021972,99.1180647277832,98.20738834381105,0,1,-0.011147644976603,0.0378659383624588,0,47.7067422957051,18.446879305662,0.0346613677016503,0.0904662250085418,-0.0149929336894438,0.1372372138699243,-0.0886489671615904,0,,
2026-05-04 04:00:00,98.7699966430664,98.8000030517578,98.41000366210938,98.58999633789062,7580400,-0.0031345316805395,-0.0052354054125208,-0.0031301483210166,-0.001237402033853,0.0027610408070828,99.10237846374513,99.09165908813476,98.22650344848633,1,1,-0.0437011291592739,0.0215525248581122,0,42.64654009054418,19.335057356302837,0.0354241454896229,-0.091829783427443,-0.0180804695443497,0.1373100583515161,-0.0894595298519785,0,,
2026-05-05 04:00:00,98.6999969482422,98.8499984741211,98.66000366210938,98.7699966430664,10045700,0.001825746139181,-0.0030181348387221,0.0005047355181249,0.0004857146566659,0.0051914261222816,99.09889030456544,99.06489273071288,98.2456476211548,1,1,-0.0543489784147652,0.0063722242035367,0,46.213901546521925,19.960930413725706,0.0355096804609406,0.0658933682200415,-0.0162877337526338,0.1364659960729443,-0.089126987500789,0,,
2026-05-06 04:00:00,99.12000274658205,99.22000122070312,99.05999755859376,99.19000244140624,6968700,0.0042523621809731,0.0056730930780217,0.003543539718837,0.0053451505110342,0.0107064969509016,99.10344543457032,99.04672470092774,98.2655853652954,1,1,-0.0285672128252372,-0.000615663202218,0,53.48423585220271,19.215733635262826,0.0382454535042809,0.4996847295955468,-0.012104632914684,0.1351675457959118,-0.098488849670799,0,,
2026-05-07 04:00:00,99.33999633789062,99.38999938964844,98.9000015258789,98.9499969482422,10903100,-0.0024196540705381,0.0018224188649744,-0.0015025685785092,-0.0013970121617977,0.0077573445739653,99.0930103302002,99.0247463989258,98.28340385437012,1,1,-0.0271880088941003,-0.0059301323405944,0,49.37691290380069,18.000177793538374,0.0381624879520481,-0.1051601403705743,-0.0144949979609176,0.1352551937406053,-0.0773473268839998,0,,
2026-05-08 04:00:00,99.20999908447266,99.26000213623048,99.12999725341795,99.18000030517578,8204700,0.002324440263034,0.0028311301817685,0.0002148199778579,0.0003244968413691,0.0128308161480172,99.10254707336426,99.00419967651368,98.30343673706057,1,1,-0.0074497550172623,-0.006234056875928,0,53.09444725925992,16.871447369079956,0.0390009541065246,0.0511112009085726,-0.0122042504547567,0.1344594790836965,-0.0780401346334633,0,,
2026-05-11 04:00:00,99.0500030517578,99.11000061035156,98.91999816894533,98.91999816894533,6848100,-0.0026215178002665,0.0033472141526784,-0.0006997452970276,-0.0025968123603251,0.0064468402704735,99.0891170501709,98.9744921875,98.32245994567872,1,1,-0.0126413247558616,-0.0075155104519147,0,48.73736430112351,16.434550329035606,0.0396317982080974,-0.2111428597360479,-0.0147937745952171,0.1338022450997883,-0.0815844931301374,0,,
2026-05-12 04:00:00,98.70999908447266,98.7300033569336,98.61000061035156,98.62999725341795,6336400,-0.0029316712585465,-0.001417428312308,-0.0056317095623302,-0.008391861462989,0.0038968898265485,99.04823036193848,98.94701034545898,98.33925903320312,1,1,-0.039698709410743,-0.0139521502436804,0,44.36428504797152,16.807244926866787,0.0401176091016366,-0.7341301938797641,-0.0176820753699774,0.1336123956650469,-0.0757863033923177,0,,
2026-05-13 04:00:00,98.62000274658205,98.69000244140624,98.4800033569336,98.66999816894533,5396300,0.0004055654125649,-0.0052425069025286,-0.0078205187907182,-0.0057131496389762,0.0047050610733476,99.0173168182373,98.92251388549803,98.35688709259033,1,1,-0.0572541518827591,-0.0226125505714961,0,45.096070852130666,17.445791019353493,0.0388302527290434,-0.4945818227049351,-0.0172836811956048,0.13292290080083,-0.0717773078800161,0,,
2026-05-14 04:00:00,98.86000061035156,98.88999938964844,98.62999725341795,98.63999938964844,5123900,-0.0003040314163736,-0.0031328708252099,-0.0065291666333691,-0.0104585411342725,0.0014002161280608,98.99188003540038,98.89821197509764,98.3718007659912,1,1,-0.0727490119756026,-0.0326398428523174,0,44.62204922920988,17.322971176273157,0.0385705967220778,-0.9477564990945188,-0.0175824578299044,0.1318416959284687,-0.0705722049589245,0,,
2026-05-15 04:00:00,98.13999938964844,98.1999969482422,98.01000213623048,98.0199966430664,8026900,-0.006285510446253,-0.0116959433206297,-0.0113842945428626,-0.0197941256512396,-0.0044976945499295,98.91700477600098,98.86727111816408,98.38496925354004,1,0,-0.1335187196164327,-0.0528156182051405,0,36.16178349505874,18.473841051981232,0.04368412778393,-1.7732057263571126,-0.0237574535537968,0.1326081942033899,-0.061552707253765,0,,
2026-05-18 04:00:00,98.11000061035156,98.20999908447266,97.86000061035156,98.01000213623048,7774500,-0.0001019639581535,-0.0091993130768225,-0.0151480861867231,-0.0199911217363435,-0.0016165174509664,98.84212837219238,98.8385140991211,98.39784576416017,1,0,-0.1804060156681828,-0.0783336976977489,0,36.04314936111288,19.78931278088773,0.0409051445906469,-1.7914872389770842,-0.0238569951079503,0.1326880104200597,-0.0531608618618936,0,,
2026-05-19 04:00:00,97.6500015258789,97.8000030517578,97.5199966430664,97.62999725341795,8945400,-0.0038772051273331,-0.0101389032530399,-0.0188682500206439,-0.0224357840710288,-0.0042942021812288,98.76669006347656,98.79580001831054,98.40469573974607,0,0,-0.2453989474924327,-0.1117467476566857,0,31.77484175922973,21.51777551391816,0.0422504551950307,-1.9920202780738356,-0.0276417017715282,0.1330598447006978,-0.0523112267307847,0,,
2026-05-20 04:00:00,97.69000244140624,98.27999877929688,97.66999816894533,98.22000122070312,15851000,0.0060432652246593,-0.0045606258902701,-0.0092674366238284,-0.0167230282435199,0.001522912615498,98.71377525329588,98.77144180297852,98.41410728454588,0,0,-0.2464569229274928,-0.1386887827108471,0,43.05118112908481,21.621059929062547,0.0472981022686706,-1.417282512120308,-0.0217654826819351,0.1325059038390598,-0.0589477232332418,0,,
2026-05-21 04:00:00,97.97000122070312,98.33999633789062,97.83999633789062,98.33999633789062,7072600,0.0012216973701504,-0.0030413934875722,-0.0094512205665199,-0.0157169213100132,0.002145229352634,98.67483367919922,98.7584228515625,98.42397323608398,0,0,-0.234904935097532,-0.1579320131881841,0,45.04074439425062,21.547662918276792,0.047211022443762,-1.327435018796801,-0.0205703761447373,0.1324052135622436,-0.0514753245170696,0,,
2026-05-22 04:00:00,98.48999786376952,98.51000213623048,98.19000244140624,98.44000244140624,6948900,0.0010169423148236,0.0042848991300137,-0.0068486017575988,-0.0166650700378931,0.0031643532419614,98.63391571044922,98.75475448608398,98.43453338623048,0,1,-0.2151995581970709,-0.1693855221899615,0,46.71165374958366,21.00098184199616,0.0472745161879429,-1.414159430805027,-0.019574352715847,0.1320208150146284,-0.0563836350172282,0,0.429063,
