Date,open,high,low,close,volume,ret_1d,ret_5d,ret_21d,ret_63d,ret_126d,sma20,sma50,sma200,trend_sma,above_sma200,macd,macd_signal,macd_bullish,rsi,adx,vol_21,sharpe_63,drawdown,rs_ratio,rs_mom_21,rs_positive,score,score_pct
2024-05-23 04:00:00,28.105423948537588,28.105423948537588,27.06333587644898,27.23618507385254,565400,,,,,,,,,0,0,0.0,0.0,0,,0.0,,,0.0,0.0530440086962485,,0,,
2024-05-24 04:00:00,27.276149236484947,27.700779088666213,27.196219202825773,27.61585235595703,295500,0.0139398113603281,,,,,,,,0,0,0.030286848714887,0.0060573697429774,1,99.99999997366116,0.0,,,0.0,0.053429918965586,,0,,
2024-05-28 04:00:00,27.4460004927538,27.595870971679688,27.146263346266625,27.595870971679688,270400,-0.0007235476211195,,,,,,,,0,0,0.0520767553871657,0.015261246871815,1,99.59679638640884,7.142857142857142,,,-0.0007235476211195,0.0533539736979612,,0,,
2024-05-29 04:00:00,27.20621028995772,27.32610629150157,27.05234550151853,27.21620178222656,233800,-0.0137581883116776,,,,,,,,0,0,0.0382681514231784,0.0198626277820877,1,92.00571436901406,13.775510204081632,,,-0.0144717812283734,0.0529910055213243,,0,,
2024-05-30 04:00:00,26.89648142749867,26.986402951484248,26.646699839912568,26.7665958404541,324900,-0.0165197901371406,,,,,,,,0,0,-0.0088526607290155,0.014119570079867,0,83.85494912978905,19.934402332361515,,,-0.0307525005767108,0.0524636147125308,,0,,
2024-05-31 04:00:00,26.91646447801518,27.036358573169064,26.12215895131212,26.646699905395508,370700,-0.004479312041518,-0.021643455823883,,,,,,,0,0,-0.0552341390212554,0.0002488282596425,0,81.77449308785201,25.653373594335694,,,-0.0350940625720888,0.0517572052703302,,0,,
2024-06-03 04:00:00,26.906474030682823,27.046351115688395,26.446874899592245,26.776586532592773,319200,0.0048743982428745,-0.030390726766151,,,,,,,0,0,-0.0805821288011898,-0.0159173631525239,0,82.28719145744071,30.815019454071788,,,-0.030390726766151,0.0519671227757994,,0,,
2024-06-04 04:00:00,26.666683855549028,27.01637847282957,26.666683855549028,26.896482467651367,725300,0.0044776407520299,-0.0253439547077919,,,,,,,0,0,-0.0899590019995848,-0.030725690921936,0,82.76904641927455,35.607976323826726,,,-0.026049164770773,0.0521415259483599,,0,,
2024-06-05 04:00:00,27.15625576780428,27.366071396388293,26.85651670537836,27.34609031677246,442800,0.0167162323051663,0.0047724710297645,,,,,,,0,0,-0.0604142280570485,-0.0366633983489585,0,84.4746723505896,35.8574754133652,,,-0.0097683763552703,0.0523904725029101,,0,,
2024-06-06 04:00:00,27.35607950522898,27.865634188815967,27.35607950522898,27.7557315826416,301900,0.0149798841854147,0.0369541105668937,,,,,,,0,0,-0.0039001961745377,-0.0301107579140744,1,85.84907448569516,33.620634281368176,,,0.0,0.0531762581668985,,0,,
2024-06-07 04:00:00,27.58588073041238,27.86563490497219,27.29613315740985,27.366071701049805,295000,-0.0140388978914715,0.0269966561791255,,,,,,,0,0,0.0093376467537211,-0.0222210769805152,1,78.7110892200835,31.252603659948964,,,-0.0140388978914715,0.0524935485893387,,0,,
2024-06-10 04:00:00,27.216203092748767,27.80568782521966,27.216203092748767,27.67580223083496,263300,0.0113180486102897,0.0335821631763126,,,,,,,0,0,0.0443106127145149,-0.0089147390415092,1,80.1256328359317,29.367079091736283,,,-0.0028797422099523,0.0529241484627217,,0,,
2024-06-11 04:00:00,27.426018802692788,27.59587035676603,27.17623721762521,27.55590438842773,331600,-0.0043322264484765,0.0245170319787897,,,,,,,0,0,0.0616416201246536,0.0051965327917233,1,77.96599870058472,27.804759715480017,,,-0.0071994929630622,0.0525682669967563,,0,,
2024-06-12 04:00:00,28.08544257548769,28.36519673651226,27.946564072498408,28.02549362182617,648500,0.0170413290298554,0.02484462302229,,,,,,,0,0,0.1119776859150967,0.026552763416398,1,80.21521625686927,28.08672870610101,,,0.0,0.0530285783660991,,0,,
2024-06-13 04:00:00,28.085442850430685,28.11541542187257,27.4320129700359,27.545913696289062,387500,-0.0171122739891228,-0.0075594435595334,,,,,,,0,0,0.111881587435537,0.0436185282202258,1,72.1184428843828,26.389010297385703,,,-0.0171122739891228,0.0520164020679214,,0,,
2024-06-14 04:00:00,27.4759743574334,27.62584292733749,27.326105787529304,27.55590438842773,353000,0.0003626923488115,0.0069367898122785,,,,,,,0,0,0.1113282710488157,0.0571604767859438,1,72.18143833115019,24.52433912159096,,,-0.0167557881311579,0.0520036271439537,,0,,
2024-06-17 04:00:00,27.376062977754643,27.83566211269086,27.186228428171265,27.72575759887696,339900,0.0061639497675336,0.0018050196928469,,,,,,,0,0,0.1231756066671501,0.070363502762185,1,73.2864982431588,23.3685826041766,,,-0.0106951201999803,0.0519110153894747,,0,,
2024-06-18 04:00:00,27.6158526625258,27.8856172437511,27.56589710556512,27.635835647583008,236200,-0.0032432639928148,0.0029006944583842,,,,,,,0,0,0.1238807355336533,0.0810669493164787,1,71.6634716274052,22.43667489979713,,,-0.0139036970945516,0.0516115363733894,,0,,
2024-06-20 04:00:00,27.65581924533504,27.835662303469537,27.356080179883424,27.67580223083496,470500,0.0014461868916002,-0.0124776175474343,,,,,,,0,0,0.1262096581182881,0.0900954910768406,1,71.96069631429187,20.870492033558065,,,-0.0124776175474343,0.0518269599597491,,0,,
2024-06-21 04:00:00,27.51594032577169,27.58587886468145,27.226192772365824,27.55590438842773,279500,-0.0043322264484765,0.0003626923488115,,,,27.40853433609009,,,0,0,0.1170315256137293,0.0954826979842183,1,69.60206851826561,19.7451544828517,,,-0.0167557881311579,0.0516717044971771,,0,,
2024-06-24 04:00:00,27.376062533840024,27.60586114474066,27.006386839031578,27.13627243041992,323800,-0.0152283863411879,-0.0152283863411879,,,,27.403538703918457,,,0,0,0.0750320744301724,0.0913925732734091,0,61.94892746332239,19.327560988397096,,,-0.0317290108572334,0.0510507748315246,,0,,
2024-06-25 04:00:00,27.22619454207097,27.50595062157644,27.11629002767912,27.4859676361084,327500,0.0128866338066562,-0.0086486351874572,0.0091709819704397,,,27.397044467926023,,,0,0,0.069167368977407,0.0869475324142087,0,65.36651446122134,18.93979560068925,0.1814913122909517,,-0.0192512571945419,0.0515102950508811,-0.0289139845020023,0,,
2024-06-26 04:00:00,27.34609054919685,27.58088395855804,27.34609054919685,27.4859676361084,215500,0.0,-0.0054229592832202,-0.0047032667387727,,,27.39154930114746,,,0,0,0.0637842821528451,0.082314882361936,0,65.36651446122136,18.292491866378505,0.174781893943814,,-0.0192512571945419,0.0514460825278022,-0.0371296920562731,0,,
2024-06-27 04:00:00,27.505950103571514,27.88561729190237,27.47597562593394,27.82567024230957,363400,0.0123591285087196,0.0054151279960958,0.0083273063157063,,,27.42202272415161,,,0,0,0.0859386609798171,0.0830396380855122,1,68.54899509680398,17.331381746738852,0.1800527993111483,,-0.0071300574474441,0.0519999262310517,-0.0253785683251042,0,,
2024-06-28 04:00:00,27.90559947457584,28.00051579250867,27.670804170705527,27.83566093444824,345700,0.0003590458756848,0.0101523267782128,0.0227606760553273,,,27.47547597885132,,,0,0,0.1031137006190796,0.0870544505922257,1,68.64026410808384,16.789480316378356,0.1724926472282783,,-0.0067735715894791,0.0522241158470706,-0.014472072509458,0,,
2024-07-01 04:00:00,27.945564459234955,28.045477479432133,27.575888761892447,27.89560890197754,365100,0.0021536390916125,0.0279823425824101,0.0421799271096359,,,27.53792142868042,,,0,0,0.120177017397264,0.0936789639532334,1,69.2175038497372,15.942411342194,0.1601040506980328,,-0.0046345203264315,0.0522290941249338,-0.004470156867422,0,,
2024-07-02 04:00:00,27.745740324522945,27.95555595182291,27.675801782089625,27.89560890197754,264400,0.0,0.0149036508844242,0.0468691808372543,,,27.593872547149655,,,0,0,0.1321761742189444,0.1013784060063756,1,69.2175038497372,15.1558472947371,0.1585581945009631,,-0.0046345203264315,0.0518799555314656,0.0023716555114263,1,,
2024-07-03 04:00:00,27.815678797143303,28.10542445873732,27.815678797143303,28.015504837036133,235400,0.0042980217954695,0.019265728896227,0.0462687169977895,,,27.649823665618896,,,0,0,0.149635289919022,0.1110297827889049,1,70.47796504431541,14.930410766740614,0.1584496557268656,,-0.0003564178003364,0.051871453519607,-0.0018409573415322,0,,
2024-07-05 04:00:00,27.7357489936432,28.195346221274534,27.59587190796103,28.15538215637207,315400,0.0049928537839882,0.011849199361285,0.0468053653571538,,,27.69028825759888,,,0,0,0.1727671434781434,0.1233772549267526,1,71.92244796665567,13.880247948062546,0.158552842030004,,0.0,0.0518315549788476,-0.0059448004996879,0,,
2024-07-08 04:00:00,28.23531214560408,28.275276210441067,27.90560051154884,27.965547561645508,264400,-0.0067423909813136,0.0046661951912385,0.0226524975854813,,,27.700779056549077,,,0,0,0.1737780337986656,0.1334574107011352,1,67.12239213048166,13.18682769762084,0.1522429970311217,,-0.0067423909813136,0.0514227533638376,-0.0184712809951991,0,,
2024-07-09 04:00:00,28.045477479432133,28.075451957195995,27.765723309698853,27.89560890197754,237100,-0.0025008864751816,0.0,0.0050395832269618,,,27.72725591659546,,,0,0,0.1670105130928121,0.1401680311794706,1,65.39087960750382,12.462818050448758,0.1439979742608998,,-0.0092264155020798,0.0512443168280752,-0.0363309003946773,0,,
2024-07-10 04:00:00,27.975539316201107,28.055469352305817,27.49595909957286,27.79569625854492,443600,-0.0035816620380542,-0.0035816620380542,0.0156991680131655,,,27.73325061798096,,,0,0,0.1518348314329962,0.1425013912301757,1,62.8947870242157,12.66224479370712,0.1351838623650708,,-0.0127750316379828,0.0505604713222159,-0.0368250445830095,0,,
2024-07-11 04:00:00,28.105424600426662,28.30525064132689,27.63583588169821,27.775712966918945,704100,-0.0007189347386766,-0.0085592557232874,0.0036100393856937,,,27.74424104690552,,,0,0,0.1366206321517786,0.1413252394144963,0,62.38188634539257,11.92930961247049,0.1296756730676578,,-0.0134847819626273,0.0509635493600625,-0.0370454539110867,0,,
2024-07-12 04:00:00,27.95555513391332,28.335224218417967,27.935572149322063,28.21532821655273,406100,0.015827325482423,0.0021291154866136,0.0239304004989191,,,27.753732776641847,,,0,0,0.1582127679318468,0.1447027451179664,1,68.47294090891015,11.144808450438353,0.1392425314247596,,0.0,0.0514456702132667,-0.021355027426695,0,,
2024-07-15 04:00:00,28.575015126307083,29.12953057749492,28.455119121043893,29.014631271362305,1029200,0.0283286817957573,0.0375134335347542,0.0352942097250268,,,27.827168655395507,,,0,0,0.2370887559730441,0.163179947288982,1,76.0622495884713,12.361302362109791,0.1594794078785061,,0.0,0.0527579674814974,-0.0051031140743303,0,,
2024-07-16 04:00:00,29.164499799911333,29.64408000879744,28.889740424342147,29.63408851623535,536400,0.0213498230971647,0.0623209057872391,0.0758070631807579,,,27.931077861785887,,,0,0,0.345599709089516,0.1996638996490888,1,80.06700396019166,14.350434701615857,0.1579592982247422,,0.0,0.0535666918819898,0.0298038647894962,1,,
2024-07-17 04:00:00,29.09456050227108,29.49421066596664,28.684916940590544,29.024620056152344,721800,-0.0205664655334043,0.0442127366113245,0.0532994906289996,,,27.996020984649657,,,0,0,0.3780583882585979,0.2353427973709906,1,68.01116716107441,15.52639522743094,0.1785475906084229,,-0.0205664655334043,0.0532110965098872,0.0232189451437898,1,,
2024-07-18 04:00:00,29.244429178140507,29.35433178249128,28.145389794856644,28.285266876220703,1851600,-0.0254733112268569,0.0183453043998775,0.0201801258396059,,,28.028492546081544,,,0,0,0.340200878800978,0.2563144136569881,1,56.831727583328345,15.125912869736018,0.2024787271576105,,-0.0455158807828923,0.0522572207134551,0.0066692073230099,1,,
2024-07-19 04:00:00,28.195345452517493,28.77483867042084,28.09643291767696,28.664936065673828,1601600,0.0134228604281725,0.0159348792851301,0.0372378976056337,,,28.07794923782349,,,0,0,0.3369505046945384,0.2724416318644982,1,60.42886026718408,14.633372086720769,0.2062434547998642,,-0.0327039736697338,0.0533126845568178,0.0329606189422699,1,,
2024-07-22 04:00:00,28.85476844766235,28.974664449401462,28.445126792384016,28.83478736877441,478500,0.0059254031724138,-0.0061983866314165,0.041877201183645,,,28.14189338684082,,,0,0,0.3441134152038465,0.2867759885323679,1,61.95616023989566,14.590809289018464,0.2067235023018856,,-0.0269723547266532,0.0530813193208347,0.0242028350121217,1,,
2024-07-23 04:00:00,28.734875101686136,29.089564511496103,28.604987604271383,28.63496208190918,422500,-0.0069300072967288,-0.0337154434083164,0.0391588560575282,,,28.216827869415283,,,0,0,0.3298633830016158,0.2953934674262175,1,59.067727284711246,14.782815851771986,0.2079242359276324,,-0.0337154434083164,0.0527962893618601,0.0217640365384967,1,,
2024-07-24 04:00:00,28.335225415851056,28.46011621630078,27.256168976192765,27.29613304138184,774800,-0.0467550484857521,-0.0595524424239316,0.0058910305891062,,,28.207336139678954,,,0,0,0.2081385239634805,0.2779424787336701,0,44.199619775767566,15.196919463915329,0.262254766650829,,-0.0788941247027941,0.0514947962568444,0.0086976432147238,1,,
2024-07-25 04:00:00,27.15625510841993,27.705773851000973,26.606734460156567,27.116289138793945,954600,-0.0065886219969416,-0.0413281494759206,-0.0134497174052117,,,28.18885221481323,,,0,0,0.0960515735252975,0.2415642976919956,0,42.646709937396736,16.394843532667352,0.2592418353109741,,-0.0849629431342895,0.0514234528949394,-0.0016859184335074,0,,
2024-07-26 04:00:00,27.64582690352893,27.8706307192929,27.37606232461217,27.49595832824707,982100,0.0140015172249343,-0.040780755092163,0.0003634833698031,,,28.172366619110107,,,0,0,0.0374265582548893,0.2007367498045743,0,46.88905560734065,17.151650731210403,0.2640851754569284,,-0.072151036021131,0.0515659355706504,0.0023296825911574,1,,
2024-07-29 04:00:00,27.75573198697376,27.94556463025957,27.31611583882516,27.34609031677246,192100,-0.0054505469380439,-0.0516285080573918,-0.0172351616820318,,,28.14788808822632,,,0,0,-0.0208865179663995,0.1564120962503796,0,45.45962895352267,17.689957762683324,0.2608983045549882,,-0.0772083203507132,0.0512547406577639,-0.0143305121237422,0,,
2024-07-30 04:00:00,27.505950413522463,27.71576604230274,26.836535650865475,27.036359786987305,237900,-0.0113263185412353,-0.0558269394717246,-0.0287150051634574,,,28.104925632476807,,,0,0,-0.0910432265788578,0.1069210316845321,0,42.57117292786522,18.78732057548371,0.2634299888425981,,-0.0876601528616226,0.0509322537206586,-0.0247368884175072,0,,
2024-07-31 04:00:00,27.4060360145126,27.65581760136644,27.16624591981478,27.196218490600582,263000,0.0059127302962662,-0.0036603921379553,-0.0250717026408904,,,28.06995611190796,,,0,0,-0.1322195179205572,0.0590929217635142,0,44.53016946054103,19.80630033022693,0.2643628777059343,,-0.0822657334069565,0.0504139504199985,-0.0347534977457859,0,,
2024-08-01 04:00:00,27.3161152346416,27.515941271839083,25.967294247764364,26.187101364135746,366300,-0.0371050529254132,-0.0342667748489543,-0.0612464687128831,,,27.97853593826294,,,0,0,-0.2434727418188558,-0.0014202109529597,0,36.14766264656994,21.91735285575188,0.2922395860807817,,-0.1163183119403566,0.0492406304679202,-0.0508736955633013,0,,
2024-08-02 04:00:00,25.61759869612958,25.67754764849993,24.853267657389004,25.31786155700684,1369300,-0.0331934334786424,-0.0792151611970779,-0.0962910822318305,,,27.83665990829468,,,0,0,-0.397203397671749,-0.0805768482967176,0,30.773833229754004,24.58649359647682,0.3090721465357001,,-0.1456507412692589,0.0485093246829792,-0.0648165533930328,0,,
2024-08-05 04:00:00,22.959923276852606,24.76334666010209,22.830037688657946,24.358699798583984,1597100,-0.0378847856586609,-0.1092437889139928,-0.1348474809079737,,,27.6563175201416,27.57988456726074,,1,0,-0.5896354375711717,-0.1823885661516084,0,26.15352617231376,27.87082859726744,0.3274031974066302,,-0.1780175798139088,0.0480715930703168,-0.0725419468905606,0,,
2024-08-06 04:00:00,24.568517124889382,25.06308360147938,24.22881401307621,24.718385696411133,843100,0.0147662190839947,-0.0857354358663262,-0.1161129371086524,,,27.49745635986328,27.529528579711915,,0,0,-0.7049888964968041,-0.2869086322206475,0,30.375060387284407,30.404758548196504,0.3357149407151644,,-0.1658800073142489,0.0483357840719504,-0.0600311941689621,0,,
2024-08-07 04:00:00,25.42776721996165,25.69752989516276,24.658439447375084,24.70839500427246,602400,-0.0004041806071551,-0.0914768164253405,-0.1142550395262794,,,27.34309129714966,27.471379432678223,,0,0,-0.7881284548969312,-0.3871525967559043,0,30.32320754840376,31.73078968932107,0.3360407560526594,,-0.1662171424393329,0.0486413721961412,-0.0507947962437843,0,,
2024-08-08 04:00:00,25.15800321580764,25.94231729230679,24.95817717227258,25.867382049560547,382300,0.0469066098824986,-0.0122090379583998,-0.0693745604012913,,,27.24767475128174,27.43680965423584,,0,0,-0.7518299576672511,-0.4600880689381736,0,42.57091894146992,32.586700881539585,0.382112638383544,,-0.1271072152130198,0.0497723705221463,-0.0155872914049239,0,,
2024-08-09 04:00:00,25.857389806236245,26.157128862838107,25.76747018550625,26.06720733642578,261000,0.0077249907424872,0.0295975146926086,-0.0615107749899347,,,27.14026870727539,27.413829765319825,,0,0,-0.6988826226215039,-0.5078469796748397,0,44.386046337553886,33.05026133806432,0.3839023253375659,,-0.1203641265313565,0.0499366649845145,-0.0201493888954424,0,,
2024-08-12 04:00:00,26.087190889016988,26.193097281116007,25.817426303909684,25.91733932495117,114300,-0.0057492929541858,0.0639869754648312,-0.0814446982138393,,,26.985404109954835,27.396844635009767,,0,0,-0.6613904764483394,-0.5385556790295396,0,43.28116070330452,33.42324657343076,0.3779850652324983,,-0.1254214108609388,0.0496234778016489,-0.0354197428872812,0,,
2024-08-13 04:00:00,26.17711210733693,26.721636064597043,26.11716315201267,26.706647872924805,189500,0.0304548448464287,0.0804365706131993,-0.0795455016075113,,,26.839032077789305,27.398043594360352,,0,0,-0.5615142899905798,-0.5431474012217476,0,50.29836449445194,32.94131355081062,0.3803242996828896,,-0.0987862556227,0.0503074204935824,-0.0464488513279898,0,,
2024-08-14 04:00:00,26.866507942424807,26.936446484620763,26.45686627612076,26.706647872924805,99400,0.0,0.0808734386959093,-0.0987862556227,,,26.72313346862793,27.39664482116699,,0,0,-0.476864693307256,-0.5298908596388494,1,50.29836449445194,32.17344039224958,0.3696729146461446,,-0.0987862556227,0.0501492194443791,-0.0637984597805582,0,,
2024-08-15 04:00:00,27.216201953047527,27.695782150868432,27.20621046071597,27.475975036621094,181900,0.028806579071881,0.0621861533563221,-0.0533562546739688,,,26.68266887664795,27.408234672546385,,0,0,-0.3437386008723884,-0.4926604078855572,1,56.39643425025874,30.42375152983133,0.3822909516486887,,-0.0728253706346295,0.0507244121185187,-0.0467324403079434,0,,
2024-08-16 04:00:00,27.465983343610883,27.8806216967706,27.465983343610883,27.83566093444824,170400,0.0130909238834195,0.0678420812478541,-0.0158954109833924,,,26.64120512008667,27.418026084899903,,0,0,-0.2068273901537587,-0.4354938043391975,1,58.93336082336211,28.56679131423525,0.376167623011308,,-0.0606877981349696,0.0512734874466603,-0.0188248294372366,0,,
2024-08-19 04:00:00,27.85564193324876,28.26528549194336,27.785703393322112,28.26528549194336,229100,0.0154343221275352,0.0905936422544644,-0.0139421407678996,,,26.61273002624512,27.428217163085936,,0,0,-0.0629317203016199,-0.3609813875316821,1,61.79280374128624,26.68293315914286,0.3771684812553922,,-0.0461901510330604,0.051571767964347,-0.0326548289012796,0,,
2024-08-20 04:00:00,28.24530363823392,28.353209090680867,27.745740440836137,27.965547561645508,171600,-0.0106044543715395,0.0471380644516219,-0.0301455251260224,,,26.57925930023193,27.44020668029785,,0,0,0.0266135048898483,-0.283462409047376,1,58.72080146521348,25.040965031016405,0.3780221773656317,,-0.0563047840555553,0.051107973523743,-0.0371758995884103,0,,
2024-08-21 04:00:00,28.00551276431412,28.475101470947266,27.93557231782286,28.475101470947266,173400,0.0182207735492583,0.0662177299988038,-0.0055827072689895,,,26.63820772171021,27.456192665100097,,0,0,0.1371149076492273,-0.1993469457080553,1,62.16443532302588,23.670521137291527,0.3832108633204319,,-0.0391099272263131,0.051860971593834,-0.0177155966703559,0,,
2024-08-22 04:00:00,28.53504961415184,28.61497965038321,27.960553074264627,27.985530853271484,164100,-0.017192936719656,0.0185455044260025,0.0252562445693129,,,26.681669807434083,27.46478519439697,,0,0,0.1830734513338754,-0.1228628662996692,1,57.22495705934359,22.57928287942702,0.3499965113176433,,-0.0556304494420568,0.0513725361733222,-0.0023742221041598,0,,
2024-08-23 04:00:00,28.26528661701663,28.804813879127764,28.23531213913398,28.77483940124512,390700,0.0282041656494562,0.0337401173627098,0.0611643523183402,0.0564930192396779,,26.745613861083985,27.47977210998535,,0,0,0.2799593346706395,-0.0422984261056074,1,62.41078901720613,21.814069694336588,0.3605582254923262,0.93894238229261,-0.028995294203818,0.0522661120791314,0.0163866706094899,1,,
2024-08-26 04:00:00,28.7348738695041,28.92470840837177,28.50507526784875,28.555030822753903,130700,-0.0076389159093519,0.0102509253229772,0.0385173879689375,0.0340086720732442,,26.806060886383055,27.499954452514647,,0,0,0.3351420707993391,0.0331896732753818,1,60.22121313639332,21.26176958651113,0.3600892353560602,0.6250901325726446,-0.0364127174989801,0.0519907902596229,0.008239057126975,1,,
2024-08-27 04:00:00,28.35520600767017,28.674928052092906,28.195345938299976,28.63496208190918,139400,0.0027992005910071,0.0239371147226084,0.0471318477415472,0.0376538617424273,,26.88599100112915,27.52153560638428,,0,0,0.3809334081456157,0.1027384202494286,1,60.76032933519142,20.216270373326783,0.3590576711799236,0.6766988095330836,-0.0337154434083164,0.0520648327579427,0.0158052131331212,1,,
2024-08-28 04:00:00,28.43513565893743,28.49508461340466,27.695782371649106,27.925582885742188,266400,-0.0247731844078522,-0.0192982134151741,0.0328898973737903,0.0260646621153024,,26.922459220886232,27.52553211212158,,0,0,0.3558800367637538,0.1533667435522936,1,53.79247802016466,19.07560408975248,0.3684519069785749,0.5091410403554035,-0.0576533889192218,0.0510715039174341,0.0027340277840293,1,,
2024-08-29 04:00:00,28.08544250904736,28.62496975094862,28.08544250904736,28.14538955688477,243200,0.007871157857006,0.0057121912195063,0.034900847211984,0.0515117321847407,,27.02037363052368,27.535723190307618,,0,0,0.3497301493418909,0.1926394247102131,1,55.49553600608162,17.80973140501052,0.3687897293698519,0.8682930192773962,-0.0502360299873904,0.0514688881777854,0.0209255126606477,1,,
2024-08-30 04:00:00,28.28526767670256,28.445127747266227,27.94556455033416,28.27527618408203,176000,0.0046148456014349,-0.0173611122618975,0.0797405864402436,0.0611173723000784,,27.16824436187744,27.54771266937256,,0,0,0.3512876590944351,0.2243690715870575,1,56.51544183020948,16.8540322390821,0.3404308566854412,1.0014042057551698,-0.0458530159079764,0.0512174876967924,0.040146870787125,1,,
2024-09-03 04:00:00,27.95555549568211,28.050473720877743,27.17623814336112,27.306123733520508,204100,-0.0342756139410274,-0.0437368496285498,0.0785319949726721,0.0197761279348722,,27.315615558624263,27.54271705627441,,0,0,0.2711933455042654,0.2337339263704991,1,47.72663952672789,17.030996494253895,0.3419330559364603,0.4166687158040762,-0.0785569895777102,0.0505012360220493,0.041062442161126,1,,
2024-09-04 04:00:00,27.03636002092565,27.56589770231107,26.956429984648832,27.176239013671875,304200,-0.0047566150771223,-0.0509420289806804,0.1156687031075311,0.0104012316984933,,27.438508224487304,27.54351638793945,,0,0,0.1949896937234214,0.2259850798410836,0,46.678946009406445,17.45910709392067,0.3086511096675851,0.2860582373868461,-0.0829399392937939,0.0503641102035691,0.0476896434428311,1,,
2024-09-05 04:00:00,27.07632451716836,27.475974676785142,26.9764115008436,27.266159057617188,110800,0.0033087744003161,-0.0236136101732608,0.1030719963875297,-0.0029229501632358,,27.56639642715454,27.53912021636963,,1,0,0.1402369820876465,0.2088354602903962,0,47.53757372723414,17.85663836503982,0.3068189451913606,0.0972230503909629,-0.0799055944413767,0.0506539575407232,0.0479597779012344,1,,
2024-09-06 04:00:00,27.43600926108251,27.53492370188597,26.16712021692916,26.306997299194336,242200,-0.0351777364899841,-0.0653177051955472,0.0646987509567276,-0.0521958601283384,,27.58837718963623,27.515540809631347,,1,0,0.0192270878881366,0.1709137858099443,0,40.11675240559245,19.124834250243392,0.3365419496313521,-0.601390337998219,-0.1122724329860266,0.0497086651126384,0.02194208074956,1,,
2024-09-09 04:00:00,26.716639528986608,27.12628119779769,26.66368633324021,26.966421127319336,174200,0.0250664802457403,-0.046289735535794,0.0424874490836795,-0.0146038707380546,,27.633337879180907,27.498355827331544,,1,0,-0.0231967356700302,0.1320916815139494,0,46.32084278416694,20.30244471507528,0.3081092507604082,-0.0579151510569417,-0.0900202274638717,0.0503905042200057,0.0124192135390543,1,,
2024-09-10 04:00:00,27.076325874233216,27.116289939356754,26.57676267325357,27.10629844665528,152900,0.0051870924463992,-0.0073179660656093,0.0398620035057415,-0.0205776793543195,,27.692785835266115,27.483768577575685,,1,0,-0.0450121191298897,0.0966709213851815,0,47.561886773823446,21.48775029529269,0.3076571149522124,-0.1424260559295715,-0.0853000782593734,0.0504322182519805,0.0099236356216354,1,,
2024-09-11 04:00:00,26.98640321390941,27.735747983954603,26.66668308359929,27.71576499938965,133200,0.0224843149991058,0.0198528569551639,0.069390829509536,0.0058013196993473,,27.743241691589358,27.480171699523925,,1,0,-0.0129725706922272,0.0747422229696998,0,52.69388001091087,21.28933684462069,0.3141255351292839,0.2240029991035251,-0.0647336770892996,0.0510425097033522,0.0285959784474461,1,,
2024-09-12 04:00:00,27.805687349662783,28.26528647988852,27.61585280202505,28.205337524414062,204000,0.0176640451755596,0.0344448392900613,0.0561167263903841,0.0064171537891426,,27.818176174163817,27.486366271972656,,1,0,0.0513316937060928,0.0700601171169784,0,56.38632116950345,20.18107418456564,0.3031721166758305,0.2323579260468681,-0.0482130905102254,0.051510252921942,0.0239096422865299,1,,
2024-09-13 04:00:00,28.225319760990367,28.585005861568227,28.225319760990367,28.405162811279297,316300,0.0070846621385851,0.07975693646151,0.0635989565757688,0.0311933423034718,,27.86463556289673,27.49415943145752,,1,0,0.1170680297942396,0.0794616996524306,1,57.8330480625644,18.827081000107576,0.3033475172242884,0.5648832776016797,-0.0414700018285622,0.0516056512706191,0.0290419640101335,1,,
2024-09-16 04:00:00,28.31524231661413,28.614979474215843,28.15538224513557,28.53504943847656,186000,0.0045726415321121,0.0581696882857052,0.0385454711049886,0.0355330398976136,,27.899604988098144,27.50175277709961,,1,0,0.1775980749981975,0.099088974721584,1,58.78994616444319,17.5057502914174,0.2887515888077521,0.6222627539637703,-0.0370869877491482,0.0517651733301622,0.0205179551260583,1,,
2024-09-17 04:00:00,28.81480407714844,29.029616394783645,28.65494401365465,28.81480407714844,155600,0.0098038953559569,0.0630298391296573,0.0351758539165296,0.0392792324749891,,27.9270809173584,27.51873790740967,,1,0,0.2453145992543426,0.1283340996281358,1,60.85065000375154,16.87145907651657,0.2873764430477322,0.6712079948259524,-0.0276466893401515,0.0522513253979348,0.0190710248116388,1,,
2024-09-18 04:00:00,28.804813997587164,29.40429021792893,28.6949094839145,28.84477996826172,206600,0.0010402948093286,0.0407354792082026,0.0205019856064618,0.0437455315661656,,27.971042537689208,27.53772132873535,,1,0,0.2979644873585982,0.1622601771742283,1,61.07525410079386,16.804024056877644,0.2830681536133611,0.7300061367764903,-0.0266351552382385,0.052461268158716,0.0172478126982942,1,,
2024-09-19 04:00:00,29.614104183443764,29.74898646837025,29.34434151927305,29.48421859741211,318000,0.0221682616353451,0.0453418106374747,0.054305070638039,0.0653428706959866,,28.02149839401245,27.57149177551269,,1,0,0.3868281423313817,0.207173770205659,1,65.60800577693749,17.181964403503763,0.2886762196214609,1.0025999611883487,-0.0050573486929127,0.0527245376815474,0.0316303708863234,1,,
2024-09-20 04:00:00,29.434261443557567,29.58413192104782,29.094560236777905,29.50420188903809,142800,0.000677762293749,0.0386915253772943,0.0361403599962866,0.0707034497270413,,28.097431945800786,27.60606155395508,,1,0,0.4536364748490946,0.2564663111343461,1,65.74226607706123,17.060653127915295,0.2831194599843208,1.0711078008257056,-0.0043830140794141,0.0528516394009904,0.0191023765407856,1,,
2024-09-23 04:00:00,29.654071501359528,29.798945284986274,29.57414146654518,29.63408851623535,338500,0.0044023094637757,0.038515408222032,0.0589075001509629,0.092047133305434,,28.14039440155029,27.63443675994873,,1,0,0.5111708654602012,0.3074072219995172,1,66.6534851514883,17.23631281180812,0.2745774153331772,1.3451674532419833,0.0,0.0529519793536045,0.0307448940218471,1,,
2024-09-24 04:00:00,29.73400029300464,29.883868863805294,29.35433121424855,29.8638858795166,335900,0.0077544940569154,0.036407736785555,0.0378471783312317,0.0865138995610372,,28.205837154388423,27.651421852111817,,1,0,0.56875377180803,0.3596765319612197,1,68.26194337706974,16.972600847495293,0.2595321673650025,1.2780003989766475,0.0,0.053210342686896,0.0180658283197918,1,,
2024-09-25 04:00:00,29.853895826364507,29.94381735431568,29.58413314819336,29.58413314819336,304200,-0.0093675931006393,0.0256321310387932,0.0360392650887779,0.0763358794517605,,28.25329570770264,27.650422744750976,,1,0,0.5850706028090862,0.404755346130793,1,64.20198335541713,16.81709440249246,0.2604002709375843,1.147070752681826,-0.0093675931006393,0.0528284061444494,0.0161108511842915,1,,
2024-09-26 04:00:00,29.99377448349801,30.0737045179333,29.484219799342164,29.873878479003903,377400,0.0097939435764147,0.0132158795494072,0.0432658647687693,0.0736085858438724,,28.350710487365724,27.66740791320801,,1,0,0.6143005611474024,0.446664389134115,1,66.42905154262058,16.871490664346982,0.2618560890320207,1.1134714631687272,0.0,0.0531351429074527,0.0205572570353957,1,,
2024-09-27 04:00:00,30.02374649047852,30.1236595080634,29.87387791694234,30.02374649047852,184000,0.0050166908049769,0.0176091732084255,0.0751341024221765,0.0786072786697296,,28.44462833404541,27.702177505493164,,1,0,0.6421562324287038,0.4857627577930328,1,67.55345003821596,17.000587279280893,0.2429129314422446,1.1765860199186349,0.0,0.0534792582251519,0.0471447700386946,1,,
2024-09-30 04:00:00,29.83391509817177,30.013758156192257,29.57414200388466,29.793949127197266,351900,-0.007653853703905,0.0053944838179966,0.0585729881968974,0.068051578723028,,28.520561981201173,27.724757766723634,,1,0,0.6383310429722044,0.5162764148288672,1,64.01309937777776,16.447345021694726,0.2453886553113338,1.0410461241436668,-0.007653853703905,0.0528581212404522,0.0269917053165786,1,,
2024-10-01 04:00:00,29.82392171672464,29.87387727159677,28.954680959900767,29.174489974975582,589700,-0.0207914415634218,-0.0230846014923286,0.0318021222865994,0.0458452467372878,,28.61398029327393,27.731551818847656,,1,0,0.5786441269191158,0.528749957246917,1,55.56004520662781,15.783492323454574,0.2584917430467684,0.7500211994737543,-0.028286160615307,0.0522270080954921,0.0197104630487932,1,,
2024-10-02 04:00:00,29.04460426464779,29.214455829585948,28.864761206985936,29.104551315307617,522500,-0.0023972538929714,-0.0162107786117448,0.0658616945904846,0.0388729913883894,,28.710395908355714,27.740943603515625,,1,0,0.5197074861983779,0.5269414630372092,0,54.68207635493551,15.319187670028624,0.2240026911075266,0.660014025326572,-0.0306156053996261,0.0520798133739852,0.0312581923984325,1,,
2024-10-03 04:00:00,28.86476090477499,29.17449145891973,28.844779825219167,29.08456993103028,252900,-0.0006865381314719,-0.0264213616765017,0.0702205671799676,0.033002136838264,,28.801316452026366,27.776712341308595,,1,0,0.466015506418433,0.5147562717134541,0,54.41750180333714,14.9234240670365,0.2226350276450381,0.5838568610991327,-0.0312811247505732,0.0521393899836509,0.0352489058757559,1,,
2024-10-04 04:00:00,29.604112986491867,29.82891679694399,29.224445811036723,29.81393051147461,289700,0.0250772344983578,-0.0069883343529578,0.0934407904125265,0.0660950029944753,,28.97666311264038,27.83066516876221,,1,0,0.4768210328779254,0.5071692239463483,0,61.70173118795421,14.425140497657186,0.2350330767725463,0.9999476309325608,-0.0069883343529578,0.0529655833152885,0.0456356400722863,1,,
2024-10-07 04:00:00,29.694035518111725,29.778962251911548,29.27440235959149,29.44425392150879,340100,-0.0123994583613704,-0.011737121661702,0.1192555952560399,0.0555157274025828,,29.10055475234985,27.869631080627443,,1,0,0.4503631728374877,0.4958080137245762,0,56.75148219532598,13.962448611804962,0.1968939358223476,0.8650752299652381,-0.0193011411535034,0.0527860546030196,0.0619085119950009,1,,
2024-10-08 04:00:00,29.434262753613343,29.993774908266456,29.404290181327102,29.96380043029785,349800,0.0176450899443418,0.027054815902499,0.1111522841250116,0.078001434163982,,29.24342985153198,27.92198528289795,,1,0,0.4659470419076328,0.4898358193611876,0,61.43440400848998,13.913575114264814,0.1891029309302817,1.139919905397987,-0.0019966215808436,0.0532141764866498,0.056035800997662,1,,
2024-10-09 04:00:00,29.933825203186306,30.22357276591766,29.91384412405633,30.16362571716309,331000,0.0066688899270328,0.0363886180680768,0.1127902902908184,0.0859712495260935,,29.365822887420656,27.984530601501465,,1,0,0.48878716686173,0.4896260888612961,0,63.08980319412689,14.25560741973177,0.189181291189573,1.2366022363235931,0.0,0.0532005758128979,0.0548926392070543,1,,
2024-10-10 04:00:00,29.903853121340912,30.30350329571973,29.79394860875585,30.13365173339844,358200,-0.0009937128926643,0.0360700469305856,0.0872386792881971,0.0679887011103528,,29.462238597869877,28.043279266357423,,1,0,0.4987205405070867,0.4914449791904542,1,62.65535341584847,14.285370788644546,0.1793318068541899,1.0197535744230284,-0.0009937128926643,0.0532408730424902,0.0430692642645205,1,,
2024-10-11 04:00:00,30.09368817691192,30.693162495760664,30.09368817691192,30.603240966796875,213400,0.0155835488361328,0.0264745520560758,0.085015945663023,0.0547520208193217,,29.57214250564575,28.13160205841065,,1,0,0.5382797830301627,0.500811939958396,1,66.54251060372171,14.960280632199057,0.1774771823708905,0.8614380540800632,0.0,0.0537486990365071,0.0434563215590737,1,,
2024-10-14 04:00:00,30.87300549654907,31.26266608989844,30.693162438954342,31.222700119018555,295000,0.0202416192746959,0.0604004503646338,0.0991910282809733,0.0536075743282222,,29.70652503967285,28.24969882965088,,1,0,0.6125547939245592,0.5231605107516286,1,70.85256989740779,16.36716260677368,0.1860482278927972,0.8474532974991719,0.0,0.0543918247730239,0.0539896975196407,1,,
2024-10-15 04:00:00,31.24268237273383,31.442506505406104,30.65319765583829,31.11279487609864,186800,-0.0035200428694817,0.03834608525289,0.0903361125474784,0.0719449493535631,,29.821424579620363,28.38478073120117,,1,0,0.6549994150598941,0.5495282916132818,1,69.15050669517518,17.890317642526508,0.1881518460767861,1.0869956331155983,-0.0035200428694817,0.0546247832162901,0.0552419648609912,1,,
2024-10-16 04:00:00,31.2127074521428,31.34858831779458,30.932951383554567,31.332603454589844,572000,0.0070648933779995,0.0387545498803085,0.0873786741947046,0.1077358255697076,,29.945815753936767,28.517065086364745,,1,0,0.6983239545178179,0.579287424194189,1,70.66815242881708,19.30467589001128,0.1873603463685117,1.5528612020281995,0.0,0.0547726440742598,0.0482536788707885,1,,
2024-10-17 04:00:00,31.47248129286408,31.47248129286408,30.96292660515488,31.13277816772461,228700,-0.006377551330991,0.0331565003526868,0.0793210487991382,0.086092712587837,,30.028243732452392,28.64555274963379,,1,0,0.7083690955452582,0.6051037584644028,1,67.42096165979166,20.77724443890935,0.1906023220266405,1.2827028108699563,-0.006377551330991,0.0544186488950947,0.0373109687409163,1,,
2024-10-18 04:00:00,31.36257666186828,31.892114332749664,31.36257666186828,31.87213134765625,558900,0.0237483842896528,0.0414626144412633,0.0809895213045848,0.1053360976807833,,30.1466402053833,28.765647735595703,,1,0,0.7671463788456876,0.6375122825406598,1,72.46281091450072,22.640025978532613,0.1925985538521673,1.5113096830782842,0.0,0.055497533770043,0.0525940332610279,1,,
2024-10-21 04:00:00,31.74224620502396,31.792201762781943,31.342596025912897,31.652324676513672,394500,-0.006896516230589,0.0137600065291412,0.0728073511547413,0.1053733748965144,,30.247552013397215,28.87735008239746,,1,0,0.7869201127495202,0.6673938485824319,1,69.04192872126671,24.308023875097557,0.1958972826408859,1.5117869410325055,-0.006896516230589,0.0552054527915021,0.0445362417739425,1,,
2024-10-22 04:00:00,31.372567873187,31.622349467568554,31.372567873187,31.54241943359375,384200,-0.0034722644874635,0.0138086134404196,0.0643964776008851,0.1555636611887259,,30.33147869110108,28.98985168457031,,1,0,0.7846772340338397,0.6908505256727135,1,67.33035322924266,25.856879064765,0.1972962332275535,2.229427531347378,-0.0103448341896578,0.0550429977654369,0.0394889565481373,1,,
2024-10-23 04:00:00,31.41253376379908,31.482472305140373,30.603240027952445,30.8530216217041,291700,-0.0218562121824876,-0.0153061597189265,0.0331214680560354,0.1378039769300216,,30.39492311477661,29.0727791595459,,1,0,0.7189831049288316,0.6964770415239372,1,57.67235724800752,25.12508842673633,0.2143279702777468,1.982245243470821,-0.0319749474811037,0.0543364616465317,0.0211635351845418,1,,
2024-10-24 04:00:00,31.24268284393404,31.47248145753002,31.043855380124626,31.39255142211914,289900,0.0174870976019896,0.00834404347068,0.0611279791389194,0.141715122177394,,30.47085676193237,29.166497230529785,,1,0,0.7023592202793374,0.6976534772750174,1,62.23761932172985,24.44556854856685,0.21712140462693,2.027049611711925,-0.0150469989065346,0.0551673367699253,0.0442741092563052,1,,
2024-10-25 04:00:00,31.552409950141865,31.76822084463062,31.19272385553909,31.29263687133789,386400,-0.0031827470611659,-0.0181818551761513,0.0474916035201498,0.1443184933878776,,30.534301280975345,29.24283046722412,,1,0,0.6733603240354604,0.6927948466271061,0,60.92708022146361,24.32632839867388,0.2165963733068102,2.0609177053804806,-0.0181818551761513,0.0550107465463143,0.0352987408376495,1,,
2024-10-28 04:00:00,31.63234044944512,31.9520605801837,31.63234044944512,31.88212203979492,252700,0.0188378234432828,0.0072600469516779,0.0618968572062033,0.1792313126096174,,30.638709926605223,29.32375968933105,,1,0,0.6899912270371331,0.6922341227091116,0,65.5378010015657,24.51224485012666,0.2239472693399358,2.485907787188069,0.0,0.055874304000243,0.0447845735819256,1,,
2024-10-29 04:00:00,31.82217560384852,32.11192126327318,31.552411023717653,31.922088623046875,303700,0.0012535734980898,0.0120367808262915,0.071428580573998,0.1737693839340062,,30.77608985900879,29.396895751953124,,1,0,0.6983462063772095,0.6934565394427311,1,65.83218821702775,24.935129389578503,0.2207314607355972,2.420150944762398,0.0,0.0558539588853418,0.056676960409953,1,,
2024-10-30 04:00:00,31.932078938805223,32.341720611755775,31.792201852143776,32.0319938659668,267200,0.0034429214271578,0.0382125374531656,0.0979452903355719,0.2231973833436891,,30.922461986541748,29.478224678039552,,1,0,0.7057011388409435,0.6959054593223736,1,66.67523017547298,25.67115125480292,0.2025013687821476,3.129010944839867,0.0,0.0562163210678624,0.0763840992973656,1,,
2024-10-31 04:00:00,31.722263231280813,31.752237709356024,30.81305835883885,30.843032836914062,272000,-0.0371179213516263,-0.0175047442884138,0.0597322907600395,0.218232146797489,,31.01038513183594,29.52558330535889,,1,0,0.608575478039473,0.6784394630657935,0,51.7885018023064,24.02916065374473,0.2480724879469464,3.0450954667056944,-0.0371179213516263,0.0552120244617471,0.0601425175099907,1,,
2024-11-01 04:00:00,30.873005336293424,31.33160398737005,30.7970715165617,30.962926864624023,346700,0.0038872321131295,-0.0105363446381809,0.0645825926959893,0.2711239565596171,,31.06783494949341,29.585131225585936,,1,0,0.5351087377070449,0.6497733179940438,0,52.929790420552536,22.47354018089828,0.2477489501135469,3.84717840050679,-0.0333749752143475,0.0551936980787611,0.058579666852027,1,,
2024-11-04 05:00:00,30.84303184854768,31.14276899696521,30.753110322885963,30.902978897094727,174300,-0.0019361208257668,-0.0307113542027734,0.0365281721308423,0.250202148175944,,31.140771198272702,29.62769401550293,,1,0,0.4666690464447498,0.6131524636841851,0,52.26358880196055,20.93899498647376,0.234896149607302,3.598203172313278,-0.0352464780555424,0.0552057384257969,0.042294542423396,1,,
2024-11-05 05:00:00,31.112794950271912,31.892114214894,31.112794950271912,31.80219268798828,238600,0.0290979647589277,-0.0037558925568558,0.0800814574132251,0.2871007073704785,,31.232690811157227,29.692637252807614,,1,0,0.4794621942000496,0.586414409787358,0,60.32939081760178,20.819178520951127,0.246933998228778,3.9817473779493313,-0.007174114072951,0.0561333647982123,0.0634127748392314,1,,
2024-11-06 05:00:00,33.03111961995087,33.93033107853658,32.73137865572428,33.92034149169922,680300,0.0666038604473635,0.0589519226818642,0.1320440332862689,0.3113171416693665,,31.420526599884035,29.798344841003416,,1,0,0.6529904943704565,0.5997296267039778,1,72.23158582162509,22.73151062319737,0.3268529743167833,4.042661694022102,0.0,0.0584194241046941,0.0978169345409332,1,,
2024-11-07 05:00:00,33.83041823945168,34.33997099219475,33.740496717042376,34.180110931396484,542800,0.007658220061282,0.1081955238360503,0.1331565791160185,0.3112302553267336,,31.622849559783937,29.923435401916503,,1,0,0.802226576652231,0.6402290166936284,1,73.28998289945132,24.77148066738705,0.3268917916654837,4.041747142082355,0.0,0.0584151496040388,0.0980172434501491,1,,
2024-11-08 05:00:00,34.250050663961616,34.889490929449664,34.030245454802994,34.87950134277344,578900,0.0204619116883708,0.126492385402499,0.1574933450271134,0.3457979195107503,,31.836662578582764,30.05811763763428,,1,0,0.9657990776192804,0.7053430288787589,1,75.94804011006883,26.98769106325732,0.3294077887479936,4.402480005624681,0.0,0.0593533318792713,0.1148076372057762,1,,
2024-11-11 05:00:00,35.76872212964976,37.26741163629456,35.76872212964976,37.10755157470703,1758600,0.0638785001550836,0.2007758765998968,0.2125366595965125,0.3894499883052211,,32.13090515136719,30.234763145446777,,1,0,1.2606841145127348,0.8164112460055541,1,82.06968428395989,29.99688424600777,0.3830305509569785,4.558816107069276,0.0,0.0630846250233725,0.1736958503967554,1,,
2024-11-12 05:00:00,37.26741463756782,38.20659590997401,37.26741463756782,37.92683792114258,969600,0.0220786958898679,0.1925856274516437,0.2147199882319068,0.4201272320511928,,32.471607303619386,30.44717742919922,,1,0,1.5427088050763942,0.9616707578197222,1,83.711396005739,33.04172824314628,0.3837324692388207,4.827904282874158,0.0,0.0646783645315602,0.1891192252045577,1,,
2024-11-13 05:00:00,38.19659967417684,38.66619027549866,37.352336693850894,37.557159423828125,661500,-0.0097471478661914,0.1072164303834879,0.207129078997662,0.3669090677863267,,32.7828351020813,30.654795837402343,,1,0,1.7165975707740984,1.1126561204105976,1,80.14555826679103,35.979531394292984,0.387003026392313,4.345599439427904,-0.0097471478661914,0.0640168308606699,0.1719374813295173,1,,
2024-11-14 05:00:00,37.5271878773025,37.57914058866303,36.81780525705782,36.87775421142578,588400,-0.0180898987789608,0.0789243570754871,0.1769770189978783,0.324838461650732,,33.070083904266355,30.84702774047852,,1,0,1.7790752754365189,1.2459399514157818,1,73.9140475639112,37.885492981379926,0.3984591665198333,3.886885369200592,-0.0276607217268692,0.0632655715805337,0.1550578331540715,1,,
2024-11-15 05:00:00,36.59799857999944,36.99764682567125,36.228319093263295,36.96767425537109,789200,0.0024383275464601,0.0598681985753299,0.1874197046023833,0.3078825708627011,,33.3248610496521,31.06024127960205,,1,0,1.8149237908521485,1.3597367193030552,1,74.19996881609804,38.80991757927804,0.395587674257962,3.7239813766291823,-0.0252898400801506,0.0642427066226656,0.1805274097581735,1,,
2024-11-18 05:00:00,37.04760690222391,37.83691382240149,36.72788296364105,37.69703674316406,651600,0.0197297369251463,0.0158858545886608,0.182758577767224,0.3479813567056775,,33.62709665298462,31.274853591918944,,1,0,1.8805101049093904,1.4638913964243223,1,76.45432474168693,40.02082291871926,0.3938776012451079,4.128132925636592,-0.0060590650466647,0.0652428733396495,0.1755995069976774,1,,
2024-11-19 05:00:00,37.27740740785448,38.19660186767578,37.27740740785448,38.19660186767578,307900,0.0132521059391308,0.0071127455205755,0.2067550253589438,0.3414035383384752,,33.95980577468872,31.496659660339358,,1,0,1.9503164280787215,1.5611764027552024,1,77.88000042003388,41.28512439104725,0.3902422252576953,4.071916109972832,0.0,0.0658666972522543,0.1931194097984698,1,,
2024-11-20 05:00:00,38.46636683660561,38.78608698332536,37.65707307132856,38.0966911315918,399800,-0.0026156969782312,0.0143656153990541,0.2077922941769496,0.361299570529259,,34.32198925018311,31.7042781829834,,1,0,1.9748120763661772,1.6439035374773976,1,76.87743389590275,42.6779839778265,0.389900902858537,4.308696764919534,-0.0026156969782312,0.0656721602651227,0.1931065336408737,1,,
2024-11-21 05:00:00,38.48634744940272,38.77609500555521,37.806941226669394,38.31649398803711,585100,0.0057696049162401,0.0390137579518214,0.241904098011674,0.3315971447743027,0.4068230878935377,34.66818637847901,31.90650131225586,,1,0,1.9890329736711791,1.7129294247161542,1,77.56178873678354,43.97135359412152,0.373473173849869,4.057571084031537,0.0,0.0656983782968626,0.2091029909941915,1,,
2024-11-22 05:00:00,38.35645969807676,38.95593779069743,38.2015963345479,38.79607772827149,364300,0.0125163784657362,0.0494595213177295,0.2358370368372109,0.3586424742135832,0.404848100583894,35.043358421325685,32.1143196105957,,1,0,2.0157650522773096,1.7734965502283853,1,79.02077296952704,45.24237166544813,0.3727190943697511,4.342590533046092,0.0,0.0663151410553814,0.2020725476009099,1,,
2024-11-25 05:00:00,39.3655795479975,39.40554170519136,38.75611186725771,39.175743103027344,571100,0.0097861793507847,0.0392260635746501,0.2519156907134883,0.3681087822280566,0.4196233611626725,35.4080394744873,32.32713348388672,,1,0,2.044024003561475,1.8276020408950036,1,80.12267150363571,46.59484130082855,0.3694612441860551,4.436351103899997,0.0,0.0667377283825794,0.2131761986976845,1,,
2024-11-26 05:00:00,38.846035876909966,39.25567755243861,38.60124716234709,38.71614837646485,325500,-0.0117316147738107,0.0136019039229964,0.2143529319704558,0.3864043065769611,0.4225404663830898,35.7477424621582,32.52516036987305,,1,0,2.0062076595305527,1.863323164622113,1,74.98811112129601,47.58263337512078,0.3764099677619849,4.683190809752003,-0.0117316147738107,0.0656122010642343,0.1742822078633665,1,,
2024-11-27 05:00:00,38.98591267226182,39.26566684524867,38.66619252845836,39.19572830200195,321500,0.0123870773733432,0.0288486253731043,0.2278560079462879,0.3926163012518728,0.4643523791980635,36.10592918395996,32.73217933654785,,1,0,1.9919737924890055,1.889053290195492,1,76.66832441203455,48.504350655238646,0.3752910191150024,4.740872324251932,0.0,0.0666268346602858,0.1928757780099139,1,,
2024-11-29 05:00:00,39.24568447243161,39.58538760694586,39.216710477114965,39.23569488525391,249500,0.0010196668102202,0.0239896922068023,0.2248908091525601,0.3876325956929893,0.4724410536596821,36.52556228637695,32.92720886230469,,1,0,1.9613095637843685,1.9035045449132677,1,76.80814595928338,49.50647406489982,0.3759246193134407,4.688938449523578,0.0,0.0662830105490846,0.1790705846629487,1,,
2024-12-02 05:00:00,39.435519558917015,39.655324771461686,39.23569352003257,39.39555358886719,446200,0.0040743181452702,0.0154519708098956,0.2772918213709892,0.4427369469693683,0.4712686974090017,36.94719362258911,33.12503589630127,,1,0,1.9276860382922292,1.90834084358906,1,77.3917510209024,50.46928887011491,0.3358626122013581,5.435278057870209,0.0,0.0664339880324351,0.2032521661737463,1,,
2024-12-03 05:00:00,39.06583882315912,39.73525546064317,39.00589368133622,39.62535095214844,255600,0.0058330786687101,0.0114766897449445,0.2797676112919889,0.4580881089621578,0.4732540212202911,37.3833122253418,33.32486114501953,,1,0,1.8977063018488352,1.906213935241015,0,78.23945981927062,50.88688547670119,0.3353427728143734,5.605333747852147,0.0,0.0667905333043355,0.2101115821053647,1,,
2024-12-04 05:00:00,39.96505426320287,40.73438201513328,39.875132738656085,40.69441604614258,822300,0.02697932178027,0.0510967064812752,0.3168444434322275,0.4924880310479234,0.4881255629139442,37.82792339324951,33.54147174835205,,1,0,1.937873167667938,1.9125457817264,1,81.68081637020475,51.77642538347614,0.3351373566389447,5.882900235806464,0.0,0.0681691929196753,0.2348207788453522,1,,
2024-12-05 05:00:00,41.05410390693853,41.22395356539444,40.404670222733,40.43464660644531,481800,-0.0063834173072472,0.0316085032250843,0.2714420984474293,0.5370300968436121,0.4568034888957164,38.153638648986814,33.75848201751709,,1,0,1.926536561166678,1.915343937614456,1,78.43489561129078,52.80724803034472,0.3367303503635754,6.571580895823384,-0.0063834173072472,0.0678456943494151,0.2086518346674233,1,,
2024-12-06 05:00:00,40.754364841247934,41.6735592562744,40.754364841247934,41.55366516113281,614800,0.0276747455116654,0.0590780992322903,0.225036757701911,0.5409410453445498,0.5184373415033752,38.52231636047363,33.99207775115967,,1,0,1.9849662093112383,1.9292683919538125,1,81.79166817220484,53.937757839312326,0.2787846976788876,6.591696180544657,0.0,0.0695913795711762,0.1912370010094704,1,,
2024-12-09 05:00:00,41.48372604332573,41.53368159799161,40.15488618329925,40.274784088134766,1183700,-0.0307766130385592,0.0223180135617142,0.1783105142335848,0.4858090700725825,0.4552345674468891,38.7920804977417,34.19709850311279,,1,0,1.9061047231532984,1.9246356581937092,0,68.6414144665608,53.861660341775,0.3123718119115664,5.829731907923311,-0.0307766130385592,0.0677987377037726,0.1606362076163374,1,,
2024-12-10 05:00:00,40.274785608567065,40.76435539868496,39.40554291683468,39.56540298461914,908700,-0.0176135296458265,-0.0015128690620731,0.1343454310253939,0.4275414366332823,0.4358230608912574,38.9149730682373,34.39252758026123,,1,0,1.766007861374142,1.892910098829796,0,62.62665302559881,52.57063820462709,0.3209988438610233,5.214637484105452,-0.0478480578982329,0.0668122900004122,0.1256704195867721,1,,
2024-12-11 05:00:00,40.17486915688684,40.70440870802668,39.995026111045306,40.584510803222656,742700,0.0257575493164998,-0.0027007450554223,0.0936995053827685,0.4388947045251059,0.4481283131304265,39.04785671234131,34.62072799682617,,1,0,1.7174162673175388,1.8578113325273449,0,67.08841304794706,51.37183193441832,0.2551115292570732,5.295017335253026,-0.0233229572927456,0.0680074609761054,0.0780354317856211,1,,
2024-12-12 05:00:00,40.3746980267432,40.814312274519416,40.18486538116446,40.33473205566406,265700,-0.0061545339001292,-0.0024710133305659,0.0634878694482248,0.4199789074839486,0.4642727956088053,39.18673534393311,34.8453316116333,,1,0,1.639848864564037,1.8142188389346836,0,65.038960625427,50.3442207078087,0.2491329202924835,5.089550617255644,-0.0293339492615654,0.0679389755986078,0.0504127012280368,1,,
2024-12-13 05:00:00,40.48460019825223,40.574521722293184,39.81518356119963,40.24480819702149,437400,-0.0022294398415358,-0.0314979908279079,0.0715615561566722,0.4103640606543171,0.4604785830917073,39.355088043212895,35.068536376953126,,1,0,1.5532155333462114,1.7620181778169892,0,64.27766289783204,48.77063233102716,0.2456023812546341,4.98605698422734,-0.0314979908279079,0.0678009625508105,0.059111512382995,1,,
2024-12-16 05:00:00,40.41466370737623,41.05910069377811,40.31674974689136,40.81431198120117,626100,0.0141509876601133,0.013396170961109,0.1067461360907853,0.4164355194616413,0.4720720195164072,39.5474199295044,35.28854400634766,,1,0,1.5130704556788075,1.712228633389353,0,66.91867392505216,47.72946027790622,0.2352141160344336,5.040237579882948,-0.0177927308473186,0.068468062703768,0.0822325791621392,1,,
2024-12-17 05:00:00,40.64446110349175,40.90423228311942,40.16488090246516,40.73438262939453,276700,-0.0019583657772659,0.0295455007808167,0.1018919488416605,0.4121925240620692,0.4739696367009298,39.69928722381592,35.51434658050537,,1,0,1.4579986607163065,1.661382638854744,0,66.17916066589643,46.50443457541203,0.2362953316648845,4.993533941739783,-0.0197162519494091,0.0686166815557232,0.0680851595924878,1,,
2024-12-18 05:00:00,40.65444941451256,40.76435392176334,37.86688982172653,38.1066780090332,993800,-0.0645082716551382,-0.0610536568052632,0.0108666702016948,0.2924432059521464,0.3768951552405839,39.69479103088379,35.67720413208008,,1,0,1.18861841106483,1.5668297932967612,0,47.56815372150863,43.8438576471593,0.3303944359811759,3.411005207352336,-0.0829526622677738,0.066162201453229,0.014090858763891,1,,
2024-12-19 05:00:00,38.71614835120195,39.00589592455785,37.62710041286839,37.71702194213867,1167300,-0.0102254010911726,-0.0648996529817729,-0.0125555652096622,0.2783610308791966,0.3687455657589726,39.67580757141114,35.82827205657959,,1,0,0.9329363251062476,1.4400510996586584,0,45.5237069109346,41.58816027955754,0.3291860864748882,3.259932158995423,-0.0923298391156778,0.0655057766351488,-0.0054795614804136,0,,
2024-12-20 05:00:00,37.21745735419797,38.70615732536633,37.047607700425786,38.496337890625,907900,0.0206621813801171,-0.043445860092977,0.0104903273004146,0.2990559122321028,0.4186302849565433,39.684799766540536,35.99552577972412,,1,0,0.784151503506763,1.308871180428279,0,50.139369868630425,39.99125305673022,0.3369893395354038,3.4463243820454603,-0.0735753936181659,0.0660657603212431,0.0059934080823802,1,,
2024-12-23 05:00:00,38.40641465119713,38.42240332514439,37.72700844369079,38.13665008544922,817600,-0.0093434291385772,-0.0656059545236305,-0.004693641924651,0.2770156649844031,0.387495269962735,39.65182838439942,36.146193962097165,,1,0,0.6299529550771155,1.1730875353580466,0,48.113147333521766,38.50841063553343,0.3381980075564947,3.2207281868531465,-0.0822313762801288,0.0650588858987251,-0.0097337623045724,0,,
2024-12-24 05:00:00,38.37644303816439,39.00589370727539,38.33647706934617,39.00589370727539,284200,0.0227928677500131,-0.0424331685064458,0.0054081750344314,0.3184734368212305,0.4191202661547644,39.64333591461183,36.30185783386231,,1,0,0.571304547022045,1.0527309376908462,0,53.050968834823024,36.40872568185827,0.3448007074777752,3.61200996114107,-0.0613127974145703,0.065810292477574,-0.0076128704511969,0,,
2024-12-26 05:00:00,38.70615852614666,38.96592971390553,38.45637692541649,38.8859977722168,438500,-0.0030737902317625,0.0204510023938286,-0.0073960391778288,0.3016722217554319,0.397486473231101,39.65182838439942,36.457321891784666,,1,0,0.5092799983472034,0.9440407498221176,0,52.31149498646653,34.45901822487419,0.3433044683629215,3.449578959087604,-0.0641981249685579,0.0656036344934967,-0.0169932947459859,0,,
2024-12-27 05:00:00,38.59625271580119,38.76610236913844,37.69204075979677,38.11667251586914,787100,-0.0197841202597949,0.0105960267579865,-0.015483871349148,0.2695508379661127,0.3693467744715037,39.59787559509278,36.593003273010254,,1,0,0.3935108300944776,0.8339347658765898,0,47.71550340294846,33.38998680216914,0.3478374918412575,3.105543202451239,-0.0827121418035216,0.0649898407773593,-0.0094854352815511,0,,
2024-12-30 05:00:00,37.30737821010118,37.73700284722213,36.96767509729309,37.45724868774414,676400,-0.0173001415023953,-0.0269918974067896,-0.0443538030691221,0.2572099297018491,0.3427650502043269,39.50895328521729,36.71949268341064,,1,0,0.2457204261703225,0.7162918979353364,0,44.136063935078575,32.99761598633831,0.3491676285898124,2.9686171210339647,-0.0985813515487498,0.0646027216639702,-0.0303798462982083,0,,
2024-12-31 05:00:00,37.66706520079942,37.71702075741048,36.8477818760112,37.01763153076172,571600,-0.0117365042117004,-0.029342340037214,-0.0565317719229644,0.2688356013254589,0.3270056825372796,39.39005718231201,36.82240268707275,,1,0,0.0920608159727933,0.5914456815428278,0,41.88046595101062,32.72735279447235,0.3506057300815109,3.1011944052721567,-0.1091608553128032,0.0640776292063641,-0.0332721963660267,0,,
2025-01-02 05:00:00,37.41728210449219,37.77197149696791,36.83778699924318,37.41728210449219,404600,0.0107962221569566,-0.0407274760759268,-0.0502156031368484,0.2856161807521997,0.3355919274753538,39.2796537399292,36.937701835632325,,1,0,0.0025040638253273,0.4736573579993278,0,44.64981480314138,32.39391905557757,0.3529668067067448,3.263750885198508,-0.099543158000647,0.0649289656945896,-0.0226544030009258,0,,
2025-01-03 05:00:00,37.79695162967674,38.69116635844618,37.76697524746493,38.626224517822266,258500,0.0323097335064039,-0.0066803803239461,-0.0252143239193696,0.3280658648011161,0.3718948762015099,39.17624416351318,37.07937793731689,,1,0,0.0287498315671825,0.3846758527128987,0,52.08715072931354,30.816007842395567,0.3719746418651227,3.6187156347504312,-0.0704496374016299,0.0661990847432344,-0.0088552753188246,0,,
2025-01-06 05:00:00,39.185737588438506,39.73525633159242,39.005894536298726,39.49546432495117,398500,0.0225038770415637,0.0361729321600146,-0.0294623154152633,0.3247318836323976,0.4122900414479578,39.12928504943848,37.25222679138184,,1,0,0.1183261888388287,0.3314059199380847,0,56.60240920004695,29.021462586145613,0.3680428126104704,3.594062570095776,-0.0495311503377752,0.0673011214778892,-0.0127340724542392,0,,
2025-01-07 05:00:00,39.68529984604483,39.7052828304108,37.71701971668954,38.00676727294922,417800,-0.0376928611283973,0.0146705538836031,-0.0600445295621574,0.2908042219125675,0.3624641572263687,38.9519401550293,37.38451110839844,,1,0,0.0684021889479353,0.2788051737400548,0,48.22098042053719,27.76207910338248,0.3890207835041694,3.197181190909741,-0.0853570406949609,0.0655048240024893,-0.0345028578360473,0,,
2025-01-08 05:00:00,37.91684501400792,38.10667764475807,37.287394358457135,37.8968620300293,299200,-0.0028917282580396,0.0237516681351408,-0.0880019395864002,0.2647548537170854,0.3634075461728752,38.83304405212402,37.51659561157226,,1,0,0.0197410620888263,0.2269923514098091,0,47.65988988588362,26.93973315752944,0.3730775508347064,2.9608540521640063,-0.0880019395864002,0.0652201123769354,-0.0628133429912823,0,,
2025-01-10 05:00:00,37.15751007379151,37.43926521742271,36.53805276247278,37.23744201660156,490500,-0.0174003856283724,-0.0048063375471366,-0.0754154774582149,0.2345147883005813,0.3406475672092233,38.71664600372314,37.6237020111084,,1,0,-0.0712120276849219,0.1673514755908629,0,44.32719501270012,26.73477104645713,0.3637928242258249,2.6540668376476355,-0.1038710575299246,0.0650788404519541,-0.0401172255404269,0,,
2025-01-13 05:00:00,36.2383135920314,36.6779278190373,35.98853200163529,36.66793823242188,368300,-0.01529384816298,-0.0506983612777589,-0.073232282085529,0.2168434996473132,0.2995751086429101,38.52081737518311,37.7186190032959,,1,0,-0.1870905391780084,0.0964630726370886,0,41.62032641198506,26.916964750395717,0.3627439986188956,2.471064746368564,-0.1175763175105139,0.0639843306592585,-0.0423269332803334,0,,
2025-01-14 05:00:00,37.30737883852612,37.69703751332396,36.96267902095975,37.18748474121094,181700,0.0141689588734408,-0.0584365729885133,-0.083702525785822,0.2151485779417175,0.2816804181797516,38.36345500946045,37.82172882080078,,1,0,-0.2343011552970821,0.0303102270502545,0,44.9245360114861,25.97216884559851,0.3531156432377354,2.4558856845300414,-0.1050732926443701,0.064801759373594,-0.0471374986876464,0,,
2025-01-15 05:00:00,38.42639996139678,38.82605204107656,38.17661836443809,38.53630447387695,328300,0.0362707976098006,0.0139327082759976,-0.0445875673428345,0.234239970501574,0.3004045814590999,38.27802982330322,37.97559425354004,,1,0,-0.1610212758010973,-0.0079560735200158,0,52.4490624697405,24.16085135390371,0.3793347848379175,2.6078764363898213,-0.0726135871662686,0.0659524963659101,-0.029239169640033,0,,
2025-01-16 05:00:00,38.68617603459106,39.16575625675151,38.361459187223566,38.85602569580078,231700,0.0082966238275536,0.0253098439921344,-0.034508364269543,0.2488760926345008,0.3387264198679658,38.1801155090332,38.13345623016357,,1,0,-0.0762684376857976,-0.0216185463531722,0,54.05154804827371,22.756983026092158,0.3809666479920455,2.745972656204902,-0.0649194109562029,0.0666278163127006,-0.0173027962137077,0,,
2025-01-17 05:00:00,39.55541327945264,39.75523931642625,39.245682731575336,39.49546432495117,228800,0.0164566143268609,0.0606384914233075,-0.0323133624513247,0.2605229049093132,0.3963263807192441,38.11816959381103,38.3053059387207,,0,0,0.0420118638773345,-0.0088924643070708,1,57.16101740932298,21.91862786891914,0.382233595259224,2.847463131949717,-0.0495311503377752,0.067051094707098,-0.0206953131243183,0,,
2025-01-21 05:00:00,39.96505488318032,40.65445070782391,39.43052242657236,40.424652099609375,524900,0.0235264426065042,0.102452279792099,-0.007603663288655,0.298459516906129,0.4102474189020699,38.23406829833984,38.47775512695313,,0,0,0.2083260894180298,0.0345512464379492,1,61.26331490927019,21.780546096327274,0.3917432055572379,3.1784643096014737,-0.0271699994969266,0.0680060761304979,-0.0088987897896136,0,,
2025-01-22 05:00:00,40.66444571672723,40.674435303843296,40.28477661311529,40.40467071533203,393500,-0.0004942871055045,0.0865125995078615,0.0603041993257478,0.2677116027981991,0.4012473960216127,38.36845073699951,38.60744171142578,,0,0,0.3346612145070722,0.0945732400517738,1,61.12775439289614,21.66607702454512,0.3141451474213375,2.9175470380381823,-0.0276508568220232,0.0675924856659929,0.0216178449529835,1,,
2025-01-23 05:00:00,40.114924858946594,40.87425921517518,39.97204823449965,40.76435470581055,501000,0.0089020398907007,0.0578169147860025,0.080794628174694,0.2878786984027777,0.4235868233108086,38.48185157775879,38.73912658691406,,0,0,0.458520662583588,0.1673627245581367,1,62.7266191437488,21.225322389737617,0.3109872422548835,3.105429444669669,-0.0189949659617642,0.0678240117567287,0.0353897814919732,1,,
2025-01-24 05:00:00,40.96418270230761,41.47373549306752,40.9142271442119,40.954193115234375,337700,0.0046569707970078,0.0539985081299847,0.0638464685028634,0.2983846467914495,0.5003661160775581,38.622728729248045,38.86062042236328,,0,0,0.565480038750465,0.2469861873966023,1,63.57811431007044,21.265408506396376,0.3049951428578599,3.202889051581191,-0.0144264541665305,0.0683393678292619,0.0344143092725106,1,,
2025-01-27 05:00:00,39.465490269321634,40.44463362117145,39.25567465350336,39.89511489868164,579600,-0.0258600679440262,0.0101188979686963,0.0461095772516042,0.2930699426411032,0.4712601231857221,38.66718978881836,38.91637168884277,,0,0,0.5583510308513553,0.309259156087553,1,55.90513957089255,19.769517412513064,0.3185688673146924,3.144365634523828,-0.0399134530256188,0.0675273057026882,0.0379413168526365,1,,
2025-01-28 05:00:00,40.11492507801264,41.32386706489646,39.86514348677064,41.21396255493164,341100,0.0330578733661846,0.0195254730548415,0.0566085952094055,0.3128580089190313,0.4989098420545621,38.7835880279541,38.98211418151856,,0,0,0.651609871533239,0.3777292991766902,1,62.04765213466222,19.00729156137852,0.3286960783019389,3.2882590933910927,-0.0081750335351624,0.069165322538517,0.0509803244239686,1,,
2025-01-29 05:00:00,41.10405681186014,41.70353489967561,40.79433008728509,41.44375991821289,444100,0.0055757163115526,0.0257170565799602,0.0657759165903044,0.3243933417503974,0.5155277934847513,38.949942398071286,39.05984619140625,,0,0,0.7355815748758587,0.4492997543165239,1,63.0144273783416,18.57120089100982,0.3281038934086989,3.3917103202838343,-0.0026448988914393,0.0698641569989882,0.0649433912981438,1,,
2025-01-30 05:00:00,41.67355995376152,42.51282625652852,41.67355995376152,42.28302764892578,694900,0.0202507622949543,0.0372549241629174,0.1093053212166423,0.3262300293609241,0.5639319783455741,39.19123134613037,39.16795166015625,,1,0,0.8599388072965866,0.5314275649125364,1,66.38257758606085,18.71147039943634,0.3219561658802779,3.405499306840313,0.0,0.0708984492332644,0.0909158783162222,1,,
2025-01-31 05:00:00,42.57277524857704,42.68267975912909,41.49171978412343,41.663570404052734,413900,-0.0146502575458024,0.0173212370909703,0.1122966011565309,0.3051642984905685,0.5319618945719342,39.42352828979492,39.26186958312988,,1,0,0.8981544221970665,0.6047729363694425,1,61.90175680435903,18.662937813284188,0.3197515138842581,3.2046991701612817,-0.0146502575458024,0.0702335481034555,0.0871608237927485,1,,
2025-02-03 05:00:00,40.00502249192722,41.39380759620244,39.915100962301096,41.09407043457031,532600,-0.013669015016222,0.0300526903841125,0.110121548441614,0.2829070399589377,0.5692485343509703,39.60736770629883,39.329810256958005,,1,0,0.8724298559957475,0.6583043202947035,1,58.02402000365796,17.41107551884162,0.3211140637712593,2.994461103145383,-0.0281190179716394,0.0697428624908494,0.0884120301367628,1,,
2025-02-04 05:00:00,41.47373418986078,42.12316785879257,41.40379564845147,41.80344772338867,271800,0.0172622785067695,0.014303045179685,0.1172229882076307,0.3553611262689053,0.6511444945404312,39.76622886657715,39.40194717407226,,1,0,0.8989215624275744,0.7064277687212777,1,61.27790678751189,16.62696357819293,0.3233122051084844,3.705452674953116,-0.011342137784433,0.0704740204437189,0.085401864788851,1,,
2025-02-05 05:00:00,41.98328989039939,42.28302703459746,41.715522472248566,42.24306106567383,349000,0.0105161982139381,0.0192864052160883,0.093636812631862,0.3643109790740635,0.7342083696983488,39.90360870361328,39.48487457275391,,1,0,0.944501923119951,0.7540425996010123,1,63.182633124720304,16.014890672775156,0.3090321377768778,3.780583619443885,-0.0009452157396058,0.0709275561286244,0.0714280477400892,1,,
2025-02-06 05:00:00,42.08320113699423,42.24306120183946,41.583637957932304,42.00327301025391,298900,-0.0056763891955444,-0.0066162395227384,0.0634961185585667,0.3591981908968249,0.6992724980560674,40.103433990478514,39.558610153198245,,1,0,0.9503210853597396,0.7932982967527578,1,61.408272047001695,15.32928974861154,0.3036626515428199,3.732939905730289,-0.0066162395227384,0.0702806824168907,0.0442720845295341,1,,
2025-02-07 05:00:00,42.14314897772484,42.6826781115922,41.91335037878826,41.99327850341797,305200,-0.0002379459056323,0.0079135824454728,0.1048895109083927,0.3204523007395925,0.6995550903309051,40.30825481414795,39.62255416870117,,1,0,0.9432531055395046,0.8232892585101073,1,61.33096082166776,15.038322933455529,0.2655804931956002,3.425984449884423,-0.0068526111212656,0.0709130680937413,0.0825625314411424,1,,
2025-02-10 05:00:00,42.512827837947135,42.77160044908885,42.35296776534802,42.5727767944336,341200,0.013799786815132,0.0359834483229806,0.1233852755592042,0.2550810198904323,0.6458092555661952,40.57502155303955,39.6904948425293,,1,0,0.9731939752708813,0.8532702018622621,1,64.1492731369417,14.83874678370361,0.265709485148278,3.014397201845872,0.0,0.0714067092246515,0.0948571939275586,1,,
2025-02-11 05:00:00,42.37295092845336,42.54280440019456,41.723517236904605,42.02325820922852,230200,-0.0129077459019992,0.0052581903601427,0.1285216151660819,0.2294652376516319,0.6121120174812928,40.84278755187988,39.75663703918457,,1,0,0.9417251515936798,0.8709611918085457,1,59.70547041368669,14.025925308658834,0.2612082256186134,2.742084655053135,-0.0129077459019992,0.0704314442030723,0.0822479889614786,1,,
2025-02-12 05:00:00,41.47373295113369,42.517821964756095,41.32386628603191,42.34297561645508,289400,0.0076081061024522,0.002365229892453,0.1547683796144097,0.2139788123785195,0.6337701600291432,41.10056209564209,39.81958198547363,,1,0,0.9318427022624576,0.8831374938993282,1,61.38166767571164,13.152374158692602,0.2495811011983107,2.59566638846449,-0.0053978432999129,0.0711966536160343,0.1127201438612246,1,,
2025-02-13 05:00:00,42.80257432859595,43.90161182351216,42.78259134360561,43.87163925170898,586100,0.0361019416561703,0.0444814441245793,0.1797420437820227,0.1822833194311972,0.6427235443571351,41.367328834533694,39.91230087280273,,1,0,1.035425429931891,0.9135950811058408,1,68.19429198707138,13.242555579572224,0.2683833365652574,2.3742561408800262,0.0,0.0729963273488891,0.1264559489511976,1,,
2025-02-14 05:00:00,44.21134270559999,44.50208885063969,43.80170103863546,44.39118576049805,700000,0.0118424229787317,0.0571021683121242,0.1519315711912647,0.1704425729557557,0.6621773714065338,41.64408683776856,40.01221351623535,,1,0,1.1462255741924636,0.9601211797231654,1,70.1233696741223,13.7497318994599,0.2486166773084513,2.253119866126073,0.0,0.0738644113283007,0.1199638436503545,1,,
2025-02-18 05:00:00,44.68093260908366,44.68093260908366,43.601874297057016,43.97154998779297,271000,-0.0094531327675976,0.0328560478944905,0.1316533073156018,0.1707900880250075,0.6003635877957345,41.86789112091064,40.099137496948245,,1,0,1.1864971859848978,1.005396380975512,1,66.6092853381555,14.012470211281569,0.2548620299385125,2.257416543236999,-0.0094531327675976,0.0729519838086525,0.0949178263065242,1,,
2025-02-19 05:00:00,43.85165707754024,43.85165707754024,42.8825032500945,43.0523567199707,302800,-0.0209042726052969,0.0244887844159638,0.0900582498728208,0.1674343419380959,0.5466619176515017,41.99927635192872,40.1462963104248,,1,0,1.1312017244463206,1.030557449669674,1,59.56757236619499,13.536397874514885,0.2681177240865113,2.2135686163600705,-0.0301597945085466,0.071259171576173,0.0627592567646702,1,,
2025-02-20 05:00:00,42.90248380887878,42.998400608635,41.513698801520846,42.27303695678711,726100,-0.018101674857258,-0.0016517181102593,0.045724199496465,0.1435135644392127,0.4955814604751285,42.09269466400146,40.18306411743164,,1,0,1.0128199233351154,1.0270099444027625,0,54.32398285004524,13.191732638621414,0.2691844135492803,1.921684491183868,-0.0477155265718491,0.0702615678238802,0.0331660319447648,1,,
2025-02-21 05:00:00,42.55279053226336,42.55279053226336,40.00501915392784,40.0649642944336,714500,-0.0522335943029281,-0.0867684687010433,-0.0084076027569141,0.0628146866662917,0.4326543832591474,42.05772514343262,40.15329010009766,,1,0,0.7323859930079806,0.968085154123806,0,42.82209663467083,13.854927822118697,0.3289144783148711,0.920711133793098,-0.0974567674178727,0.0677503682576746,0.0023358009418663,1,,
2025-02-24 05:00:00,40.02500403723349,40.18486410510897,38.60624259989446,39.25567626953125,502500,-0.0201993946370442,-0.1156875943497928,-0.0370097465584129,0.0277269272676248,0.3785965366825206,41.97279930114746,40.132907943725584,,1,0,0.439767931728042,0.8624217096446534,0,39.51944520712768,15.19535951673402,0.3341784145940038,0.4996742800818627,-0.1156875943497928,0.0666853019649283,-0.0167891836874045,0,,
2025-02-25 05:00:00,38.81605755721407,38.81605755721407,37.19647534384957,37.90685272216797,723400,-0.0343599620626122,-0.137923208695364,-0.0744085076830103,-0.0049830681821708,0.3545161219529515,41.873386192321775,40.09973693847656,,1,0,0.0978987069272747,0.7095171091011777,0,34.71397521645059,17.03859573687251,0.3518647029423518,0.1027715633338876,-0.1460725350594313,0.0647158462918887,-0.0530224620518314,0,,
2025-02-26 05:00:00,38.19660013512839,38.9059789332094,38.11866916359163,38.45637512207031,413300,0.0144966506169736,-0.1067533103424382,-0.0360630563482565,0.003650676757557,0.3364583755211596,41.73550682067871,40.05717422485352,,1,0,-0.1272266618780051,0.5421683549053412,0,38.02061753432393,18.664861735186363,0.3472055550932396,0.2080926235242233,-0.1336934469479499,0.0656208666001503,-0.0282321215499335,0,,
2025-02-27 05:00:00,38.72613848258455,38.851029285472784,37.3373533642857,37.3773193359375,253700,-0.0280592173003205,-0.1158118264806518,-0.0930908600181432,-0.0365696347520232,0.3089574151730072,41.532184791564944,39.99802597045898,,1,0,-0.3882355843442724,0.3560875670554185,0,34.342373935689,20.4907237420406,0.3348476670999771,-0.2798857447824902,-0.158001330768729,0.0648141690066579,-0.0629094663649686,0,,
2025-02-28 05:00:00,36.99764704402978,38.06671191984229,36.70790330290112,38.036739349365234,401300,0.0176422500367412,-0.0506234057807498,-0.0822082884268038,-0.0290742092796215,0.3283321011762699,41.31987037658691,39.95386459350586,,1,0,-0.5357021113097034,0.1777296313823941,0,38.27246969287731,22.424795015727916,0.3419243001477705,-0.1851269031108141,-0.1431465797155475,0.0649441437934856,-0.0704225659743364,0,,
2025-03-03 05:00:00,38.93595800250842,39.20572259462651,36.52306677136733,36.75786209106445,488500,-0.0336221579498275,-0.0636293758211345,-0.130671001228591,-0.0505806069952665,0.3162791352094467,41.0745849609375,39.872735595703126,,1,0,-0.7471523953629173,-0.0072467739666681,0,34.01945631644871,23.118945977110556,0.3449859045048022,-0.4384172243850234,-0.1719558407522013,0.0638797466770092,-0.0989965596167395,0,,
2025-03-04 05:00:00,36.06845977467791,37.257422572568295,34.92945634346812,36.45812225341797,783800,-0.0081544415424352,-0.0382181680808013,-0.1249400399474265,-0.0698445000815091,0.2953497118855754,40.84278755187988,39.7872103881836,,1,0,-0.9282148853551816,-0.1914403962443708,0,33.09129324023007,24.423015882330287,0.3437648286976704,-0.6804767659728387,-0.1787080784433425,0.0641177985670447,-0.0870773256023192,0,,
2025-03-05 05:00:00,36.75785838637566,37.78695728078627,36.4231519824567,37.75698471069336,337900,0.0356261479471455,-0.0181865921880809,-0.0812060155780926,-0.0376878803570343,0.3353356644469909,40.64046440124512,39.7802165222168,,1,0,-0.955882054593758,-0.3443287279142483,0,40.64804764679226,25.16507560226973,0.371408504450133,-0.2681090008813357,-0.1494486109381696,0.0656959739646129,-0.0580258449639562,0,,
2025-03-06 05:00:00,36.84778193879821,37.71702082167864,35.89861111611218,36.08844375610352,478600,-0.0441915838188551,-0.034482825487026,-0.1367113068065831,-0.0839462713806926,0.3216245596881257,40.3327335357666,39.747644958496096,,1,0,-1.0997683510346477,-0.4954166525383282,0,35.15516628465582,26.073873168334806,0.3882052617577044,-0.7976516496361945,-0.1870358239401391,0.0639275630303888,-0.0928917829877199,0,,
2025-03-07 05:00:00,35.8086892361422,36.41815693136929,34.36994863612102,35.87862777709961,847500,-0.005813938124401,-0.0567375545112712,-0.1506622183150897,-0.0945536906303585,0.3202204969955453,40.02650127410889,39.69529075622559,,1,0,-1.2167042642232957,-0.6396741748753217,0,34.52339426411358,27.49009287738988,0.3831750924313103,-0.9277852771435192,-0.1917623473571058,0.0632016486808714,-0.1089267397531976,0,,
2025-03-10 04:00:00,34.62971818284705,34.62971818284705,32.64645182301218,33.041107177734375,1016900,-0.0790866533969381,-0.1011145562307769,-0.2133682732374612,-0.1880677894414376,0.2117991062809368,39.57889270782471,39.59337989807129,,0,0,-1.5208100643720357,-0.8159013527746646,0,27.361913313375,29.32845830850283,0.4562677000032519,-1.958836013241573,-0.2556831584540293,0.0597959465003257,-0.1491837522915857,0,,
2025-03-11 04:00:00,33.031121102308674,34.01026454499368,32.81131206837525,33.52069091796875,710000,0.0145147599823034,-0.080570011670687,-0.2017605647236999,-0.1709908771002952,0.2742119724547711,39.126288414001465,39.48367584228516,,0,0,-1.7034810331949828,-0.9934172888587284,0,30.004736547831243,31.03551192310772,0.4634424426631842,-1.7358288642893265,-0.2448795781482033,0.0611723734951756,-0.1373610656034414,0,,
2025-03-12 04:00:00,34.629721638490906,34.809564699383074,33.71052715958856,34.379940032958984,305900,0.0256333951198373,-0.0894415881885277,-0.1924430910634382,-0.1726376024920123,0.2749166776947316,38.74412250518799,39.3935546875,32.95388546943664,0,1,-1.75864233539955,-1.1464622981668926,0,34.59614958584349,31.87755424753507,0.4728996121969453,-1.7597121238434366,-0.2255232780118181,0.0624092650149053,-0.1260027847164817,0,,
2025-03-13 04:00:00,34.10018563788865,34.11517192430704,32.71140052976732,32.93120574951172,375500,-0.0421389415472629,-0.0874861223700683,-0.2163576278271575,-0.182336876655945,0.2148912849284736,38.27353401184082,39.28984535217285,32.98236057281494,0,0,-1.8973869185938028,-1.2966472222522747,0,30.91410747967481,33.00145011445682,0.4860588842583885,-1.857861743724924,-0.2581589073293939,0.0605870622625987,-0.1397725412542958,0,,
2025-03-14 04:00:00,33.690541281971555,34.30999854333776,33.690541281971555,34.25004959106445,224600,0.0400484528742859,-0.0453913175317879,-0.19112794761277,-0.1343434665791475,0.2357605713505906,37.79245452880859,39.22570137023926,33.01553155899048,0,1,-1.8792603805327417,-1.4131698539083684,0,37.44145785385326,33.8628561518115,0.5139707811389246,-1.2430590562971036,-0.2284493192893664,0.0617382192152931,-0.1328494236786852,0,,
2025-03-17 04:00:00,34.27003268095978,35.249176036259826,34.18011115795444,34.939449310302734,437100,0.0201284298116211,0.0574539503884303,-0.2035982719988813,-0.1390939888444256,0.2387531005455878,37.31986770629883,39.18413772583008,33.0522494506836,0,1,-1.7886477548130983,-1.4882654340893144,0,40.60075784759192,33.80968004502842,0.4988527215736086,-1.3040800506656656,-0.212919215566574,0.0624989696285247,-0.1438066557813488,0,,
2025-03-18 04:00:00,34.599747857403706,34.599747857403706,33.6305940421414,33.99028015136719,340300,-0.0271661167440226,0.0140089365862896,-0.2343011440434693,-0.157295005593224,0.1966233172890006,36.82080421447754,39.11559768676758,33.0861198425293,0,1,-1.7729887045511037,-1.5452100881816724,0,37.77238987735224,33.99590759862296,0.4953217605720292,-1.503521941972569,-0.2343011440434693,0.061465461484804,-0.1678609444051181,0,,
2025-03-19 04:00:00,34.42989478042498,35.63883680798225,34.26503800993133,35.199222564697266,451800,0.0355672977082377,0.0238302490042989,-0.1995000727864041,-0.1253723364172387,0.2335434231711812,36.42814750671387,39.04705764770508,33.12828297615052,0,1,-1.6440753677605286,-1.5649831440974438,0,43.19986472554472,33.279549412193155,0.5222438013878767,-1.1070791922254546,-0.2070673048788064,0.0629658671611896,-0.1368861561552015,0,,
2025-03-20 04:00:00,34.79957210233421,35.73874948581309,34.79957210233421,35.179237365722656,425900,-0.0005677738744904,0.0682644793910793,-0.1828731329496752,-0.1380661425353438,0.2208737311395263,36.07345752716064,38.96073310852051,33.17094566345215,0,1,-1.5259332494780151,-1.557173165173558,1,43.13289002180458,32.531461379530924,0.5216535133248409,-1.2551768501045968,-0.2075175113473255,0.063112619093765,-0.1143228626184588,0,,
2025-03-21 04:00:00,34.69965837259996,35.608863216841804,34.49983233632782,35.56889724731445,276600,0.0110764163970042,0.0385064451583765,-0.1585913904488539,-0.1268089768065513,0.2331138350318971,35.848654174804686,38.911975708007816,33.214907217025754,0,1,-1.3848982289362084,-1.5227181779260883,1,44.92572015246347,31.99868659524129,0.525054964008405,-1.124769471804216,-0.1987396453156743,0.063790634920409,-0.0920977584743254,0,,
2025-03-24 04:00:00,36.33822566024853,36.97766593867752,36.29826350137024,36.91772079467773,696000,0.0379214328176877,0.0566199961197342,-0.0785535081630693,-0.0312007573599996,0.2521179990816535,35.731756401062015,38.89239288330078,33.26501340866089,0,1,-1.1510199301016968,-1.44837852836121,1,50.71765272976943,30.37682397287604,0.5214890340975725,-0.1242646789577059,-0.1683547046060359,0.0650448227655827,-0.0399340337428416,0,,
2025-03-25 04:00:00,37.00764133007085,37.27240920594544,36.69890936356153,36.977664947509766,331900,0.0016237230127349,0.0878893843427888,-0.0580301128015361,-0.0196027405282195,0.2533016512894845,35.6852970123291,38.88719734191895,33.313171281814576,0,1,-0.9498830407022822,-1.3486794308294248,1,50.96446229315956,28.64890144489078,0.5180819338946715,-0.0043376885320459,-0.1670043430014721,0.064994192177637,-0.0253595580654453,0,,
2025-03-26 04:00:00,36.84778133038447,36.96567827169583,35.50895185166385,35.73875045776367,364500,-0.0335044003320584,0.0153278354962169,-0.0571955229386899,-0.0716324612667347,0.206001339915814,35.54941577911377,38.86861358642578,33.353086376190184,0,1,-0.8803030662442808,-1.255004157912396,1,45.85329244616457,27.78147984714287,0.5174234761174222,-0.5486826619565455,-0.1949133629684168,0.0635755877425857,-0.0176194643914583,0,,
2025-03-27 04:00:00,35.419030599063554,35.77871670228795,34.95943338332778,35.25917053222656,228000,-0.0134190456967397,0.0022721688271101,-0.0831384804130657,-0.0754518172617509,0.1806625123896064,35.443508338928225,38.83004730224609,33.39255187034607,0,1,-0.8540139855437374,-1.1748061234386644,1,44.01319789998046,27.2853392419732,0.5150452635995031,-0.5889978440869027,-0.2057168573405782,0.062889489748018,-0.0416236022723618,0,,
2025-03-28 04:00:00,34.74961264524567,34.919466103780564,33.71052415546872,33.870384216308594,401900,-0.0393879463116874,-0.0477527604861042,-0.0938252175900977,-0.1316598340114155,0.1448834429808867,35.23519058227539,38.73672889709473,33.42352478027344,0,1,-0.934471147113193,-1.12673912817357,1,39.11764818271093,27.46159719154015,0.5232492431180276,-1.2001787562017785,-0.2370020391199258,0.0616540012434516,-0.0487573598742224,0,,
2025-03-31 04:00:00,32.84128309348524,33.54566902191414,32.18185983413452,33.23094177246094,520000,-0.0188791021608714,-0.0998647517467626,-0.1263462026217159,-0.1454265371530796,0.1123745380371838,35.058844566345215,38.62422721862793,33.451899967193604,0,0,-1.0378677946085872,-1.1089648614605736,1,37.07296253888159,28.27397634297132,0.5193591758014398,-1.352367018417982,-0.2514067555719173,0.0600866675775125,-0.0747946763517156,0,,
2025-04-01 04:00:00,33.36082874091928,34.13115507740157,33.09106416481641,33.880374908447266,477100,0.0195430253055459,-0.0837611039923461,-0.0782822236910422,-0.1111402787233899,0.1284526039810456,34.92995719909668,38.51192543029785,33.48117437362671,0,1,-1.055242378868364,-1.0982203649421316,1,40.475976703147445,28.526277087337625,0.5162406375128458,-0.9615487339641692,-0.2367769788524986,0.0610884073057455,-0.0436967821018037,0,,
2025-04-02 04:00:00,33.131029271012146,34.97941147485637,33.131029271012146,34.62971878051758,392300,0.0221173429779102,-0.0310316298986658,-0.0501507856107147,-0.0754868551824982,0.1623071058044467,34.77359390258789,38.39602676391601,33.51659339904785,0,1,-0.9970526715692144,-1.0779868262675485,1,44.22402388855826,28.07132813275494,0.523302934392276,-0.5701048437756083,-0.2198965135251424,0.0620468678746362,-0.0322988427346434,0,,
2025-04-03 04:00:00,32.06196515887801,32.48159640211536,31.43351496586673,31.76222801208496,781600,-0.0828043330818454,-0.0991782412165773,-0.1587721250661892,-0.1419702801436528,0.0886986555490434,34.557283115386966,38.223177909851074,33.537625017166135,0,0,-1.168845723770268,-1.0961586057680923,0,35.11268227397743,28.406572071040543,0.5745396342161685,-1.1787978763326343,-0.2844924624575154,0.0598590190947789,-0.0888479843982233,0,,
2025-04-04 04:00:00,30.343469171293748,30.57326778263405,28.624970568304896,29.753984451293945,924400,-0.0632274146519858,-0.1215338963598943,-0.17552597578382,-0.2048063681321795,0.0223137999603779,34.25105094909668,38.00297050476074,33.54776615142822,0,0,-1.4503230062841084,-1.1669914858712955,0,30.39032861534605,29.656128645787994,0.5933092280168795,-1.7902084566170249,-0.3297321542203354,0.0595611718902962,-0.0683021678460816,0,,
2025-04-07 04:00:00,27.89560812567272,30.962925754567184,27.6758010119018,29.833913803100582,353500,0.0026863411163462,-0.1022248479330047,-0.1684767324868876,-0.2276254235167323,0.0257643098676467,34.09069128036499,37.78056491851807,33.55875654220581,0,0,-1.647949612596307,-1.2631831112162977,0,30.78930053595585,31.07295928134834,0.5945177443281121,-2.077076792257752,-0.3279315861472527,0.0598277419312986,-0.0533832078749859,0,,
2025-04-08 04:00:00,31.182733102537423,31.45749437891756,28.719888352959707,29.16449928283692,501200,-0.0224380389606841,-0.1391919551762267,-0.1173268157766157,-0.2615734545393783,-0.0217828115077863,33.8728816986084,37.56595260620117,33.56620002746582,0,0,-1.8374058087582767,-1.3780276507246936,0,29.275891251837763,32.00510880310826,0.5390459524553369,-2.4876141232486755,-0.3430114834015259,0.0594159433307341,-0.0063549988223627,0,,
2025-04-09 04:00:00,28.91471812011132,33.65057695708617,28.91471812011132,33.30088424682617,406700,0.1418294524406076,-0.0383726631484804,-0.0065573430953581,-0.1238169769169605,0.1309807453637039,33.81892890930176,37.40769104003906,33.59492492675781,0,0,-1.6349330216295286,-1.4294087249056606,0,46.707369978332565,31.36362388159089,0.7408514631273737,-0.7417713152671631,-0.2498311618325972,0.0613951909912288,0.0036424530114196,1,,
2025-04-10 04:00:00,32.49159011225477,32.49159011225477,30.67318041802797,31.782209396362305,459400,-0.0456046403815421,0.000629092652749,-0.0755594871342508,-0.1613498402274512,0.06068686014294,33.76147909164429,37.21446002960205,33.61815461158753,0,0,-1.578816632074158,-1.45929030633936,0,42.559790107777815,30.767959311610475,0.7516607267009436,-1.050434619971389,-0.2840423419226608,0.0612805368699035,-0.018085906711644,0,,
2025-04-11 04:00:00,31.752235822610945,32.49158908672512,31.222698175508704,32.46161651611328,168100,0.0213769631707461,0.0910006546938819,-0.014259703606674,-0.1282533182155497,0.0761841703148649,33.672057437896726,37.0180318069458,33.64303285598755,0,0,-1.4626608685156128,-1.4599644187746106,0,44.91636846670539,30.214842210914377,0.7418026351446407,-0.7594238983039193,-0.268737341434128,0.0614933143144015,0.0149578477311691,1,,
2025-04-14 04:00:00,33.380811917787575,33.51069941325855,32.201842494563955,32.71139907836914,239100,0.0076947049797064,0.0964501437612086,-0.0449240375142911,-0.1079018713562236,0.0855438088877116,33.560654926300046,36.83898838043213,33.669160013198855,0,0,-1.3350614662482982,-1.434983828269348,1,45.79682376102441,29.01307232718559,0.7283192400303422,-0.5886864970989175,-0.2631104910137878,0.0613711064749671,-0.0059462800351572,0,,
2025-04-15 04:00:00,32.65144840098219,33.28089904896368,32.65144840098219,32.971168518066406,114800,0.0079412512768077,0.1305240730626802,-0.0563340530858319,-0.113379978573061,0.0773750582115999,33.50969934463501,36.67653034210205,33.69488750457764,0,0,-1.1991537004362556,-1.3878178027027297,1,46.75009007616027,27.89714314943743,0.7250362090987699,-0.6357884377050792,-0.2572586662596848,0.0620322102647647,-0.0074682729416867,0,,
2025-04-16 04:00:00,32.41165900741085,32.76135553383591,31.772218721949265,32.27178192138672,150800,-0.0212120658173355,-0.0309031531358671,-0.0505585191509916,-0.1625615802557517,0.0335999704820257,33.36332731246948,36.48589702606201,33.717068109512326,0,0,-1.1347992112823349,-1.3372140844186506,1,44.48186360047682,27.31044922706373,0.7227002478534252,-1.0728115868779802,-0.27301374431624,0.0620966656539205,0.0102692496545,1,,
2025-04-17 04:00:00,32.53155517578125,32.74137079357142,32.03698489066431,32.53155517578125,242200,0.0080495478999991,0.023577523200911,-0.0757876792310614,-0.1627667885936935,0.0456005416849429,33.23094320297241,36.29166690826416,33.740247840881345,0,0,-1.0507241899561135,-1.2799161055261432,1,45.53880985636585,26.765662013431022,0.7111066314424068,-1.0747088447156374,-0.2671618336284724,0.0625073296999912,-0.00728231789494,0,,
2025-04-21 04:00:00,32.09193747226626,32.57151766555429,31.55340880875682,31.93207740783692,363200,-0.0184275779225773,-0.0163127769072594,-0.0923033073209725,-0.1915001392282936,0.0191325931187265,33.049102210998534,36.09024299621582,33.76043018341065,0,0,-1.0207009702350476,-1.228073078467924,1,43.4815625724312,26.51391310071724,0.7130830381085708,-1.3380155063924226,-0.2806662660439225,0.0628515067147806,-0.004137245177489,0,,
2025-04-22 04:00:00,32.43164202730911,33.610611484146915,32.421652440310204,33.27090835571289,247300,0.0419274615546119,0.0171044129296729,-0.0646066948779264,-0.1769648808917173,0.0686777831541189,32.86676158905029,35.91579559326172,33.78670720100403,0,0,-0.8787452555776056,-1.1582075138898604,1,49.02062974903525,25.46169647514669,0.7289529898644053,-1.1884852241135466,-0.2505064285685436,0.0638260913218805,0.0005558245581931,1,,
2025-04-23 04:00:00,34.65470070634504,35.34709228594619,34.18011337746851,34.33997344970703,262200,0.0321321282414153,0.0415152083824568,-0.0698241194061557,-0.1500989157504426,0.0774294657339336,32.734877014160155,35.75113952636719,33.8176301574707,0,1,-0.6722306539111003,-1.0610121418941083,1,52.98307940483472,23.945878371089023,0.7252043612067229,-0.937496008489996,-0.2264236050151917,0.0648717562457208,-0.0026607270571805,0,,
2025-04-24 04:00:00,34.23006764462977,35.548917955070976,34.23006764462977,35.498958587646484,185700,0.0337503213168424,0.0999999527178601,-0.0399891762219795,-0.129166674075023,0.1215276903180211,32.722887420654295,35.620653533935545,33.85529721260071,0,1,-0.4103160615001684,-0.9308729258153206,1,56.89471353930441,22.658890724643392,0.7359520130627349,-0.7478438892379776,-0.2003151531213298,0.0656787260709614,0.0105322317331606,1,,
2025-04-25 04:00:00,35.538925497908075,36.21833175013004,35.50895292575158,36.0584716796875,357900,0.0157613945394929,0.1084152443634767,0.0089460660439619,-0.1195413964516795,0.1431739329825789,32.76285247802734,35.49496345520019,33.89611152648926,0,1,-0.1558028314826316,-0.7758589069487828,1,58.68186683562328,21.86180915807241,0.7282369178066741,-0.6652118726170485,-0.1877110047424212,0.0662353390426616,0.0418360473653047,1,,
2025-04-28 04:00:00,36.21833014297456,36.37319350739752,35.47897496788309,36.07845306396485,155800,0.0005541384131542,0.1298498560920533,0.0232360126279622,-0.0956673979861858,0.1693653058144824,32.87325592041016,35.33909973144532,33.93752531051636,0,1,0.0469716082339459,-0.6112928039122371,1,58.74764473840058,21.21358336956701,0.7262600759580861,-0.473765290217474,-0.1872608842075663,0.0662467751298914,0.0533838864860434,1,,
2025-04-29 04:00:00,36.03848708166067,36.52806066937411,35.99852111299742,36.388179779052734,157400,0.0085848113980595,0.0936936073404375,0.0743361972708835,-0.1170909681263214,0.1591341936423072,33.031117820739745,35.17903961181641,33.98058764457703,0,1,0.2300127265005684,-0.4430316978296759,1,59.81555577645025,20.707711415544164,0.7106027469575398,-0.6585857844600523,-0.1802836721826626,0.0663972398741202,0.0769331841406222,1,,
2025-04-30 04:00:00,35.439013296620814,36.04848098754883,34.889490748167944,36.04848098754883,279300,-0.0093354158841288,0.0497527332204845,0.0847866194819322,-0.1301831431634428,0.1519796537365949,33.139523124694826,35.02057823181153,34.01975340843201,0,1,0.3437013032960365,-0.2856850976045335,1,58.04087479764957,19.37160620866841,0.7074337863742132,-0.768976892432843,-0.1879360650098483,0.0657512957535398,0.094274294188803,1,,
2025-05-01 04:00:00,36.92770956421906,36.92770956421906,36.0784536778584,36.1184196472168,403900,0.0019401277876902,0.0174501192208462,0.0660572601341411,-0.14579391175328,0.1328737654957277,33.213958168029784,34.881899490356446,34.05527235031128,0,1,0.4344358784421089,-0.1416609023952049,1,58.31509092758818,18.713224437204925,0.7054382344786336,-0.9075839972056498,-0.1863605572041928,0.0654152692214581,0.0708295093381106,1,,
2025-05-02 04:00:00,36.22832166094396,36.867765759795496,36.10842755988138,36.57801818847656,213500,0.0127247688505989,0.0144084450778798,0.0562609075836644,-0.1220623236620519,0.1458529114560578,33.454747676849365,34.76799911499023,34.08999199867249,0,1,0.5372365160679706,-0.0058814187025698,1,60.15779646867023,18.101869935131685,0.7031397961804078,-0.7039562045377296,-0.1760071833668861,0.0652786514540787,0.0520861679266746,1,,
2025-05-05 04:00:00,35.96855061532841,36.54804576025269,35.95356432905706,36.338226318359375,188500,-0.0065556277237767,0.007200232613465,0.1440704444453118,-0.1157306654200429,0.1344353545524321,33.783959770202635,34.69346435546875,34.12656002998352,0,1,0.5925272765225529,0.1138003203424546,1,58.69980743858613,17.402715474966783,0.6311133296250779,-0.6516756381320892,-0.1814089735197991,0.0652247409565542,0.0896393215745718,1,,
2025-05-06 04:00:00,35.6088623509441,35.89860990592471,35.38905333525336,35.69878387451172,269400,-0.0175969635459226,-0.0189456001571662,0.1997984314655123,-0.1460325447142831,0.1574342919930402,34.07720327377319,34.62232650756836,34.16362761497498,0,1,0.5780841471527083,0.2066570857045054,1,54.88010971638392,16.277266911558065,0.5851183191941403,-0.9115317615145472,-0.1958136899717906,0.0646170667204618,0.0848857513998857,1,,
2025-05-07 04:00:00,35.92858539657284,36.37319635163386,35.78870830662531,36.13840103149414,308700,0.01231462557738,0.0024944197780862,0.2113194825862352,-0.1445127289589403,0.167150676339427,34.42589836120605,34.586957473754886,34.20099493980408,0,1,0.595249626441003,0.2843755938518049,1,56.95398724610151,15.60306018015117,0.5846927585685064,-0.8978471924869122,-0.1859104366693383,0.0651388643189057,0.088773572529379,1,,
2025-05-08 04:00:00,36.667938571025616,37.52718785974116,36.64795558624565,37.18748474121094,200000,0.029029610601823,0.0295988890000207,0.2750942294797251,-0.1146526907050157,0.2033624611091145,34.620228385925294,34.561579666137696,34.242758426666256,1,1,0.6856024816278534,0.3646209714070146,1,61.501548204558304,15.785155896284056,0.5760767364215508,-0.6355823134107041,-0.162277733650841,0.0665660022263697,0.1203390621240394,1,,
2025-05-09 04:00:00,37.567150375413874,38.03674099380007,37.1974746818783,37.39730072021485,480500,0.0056421126748429,0.0223982209073425,0.1230122432493394,-0.1094455576463037,0.175934662339803,34.90098295211792,34.56197929382324,34.286570119857785,1,1,0.7653160789554363,0.444759992916699,1,62.3580548881444,16.273432812812715,0.3311513814637867,-0.5919326164034994,-0.1575512102338743,0.0670269752131932,0.0917300546026318,1,,
2025-05-12 04:00:00,39.175743597726346,39.32061737705658,38.49633736911229,39.14577102661133,695500,0.0467539173342357,0.0772614679553989,0.2316881604553218,-0.0804975861539375,0.1540500273616303,35.23519067764282,34.58415992736816,34.34581830978394,1,1,0.9585273140789924,0.5475134571491578,1,68.62283193995492,17.43998997256282,0.3041452260903268,-0.3435932659431129,-0.1181634291588219,0.0679162921126414,0.1082848744753228,1,,
2025-05-13 04:00:00,39.835167830981824,41.26391886386628,39.835167830981824,41.014137268066406,312100,0.047728431257235,0.1488945229125788,0.2634656455789201,-0.0240133912543818,0.1999416078662419,35.650327587127684,34.669285430908204,34.4153075504303,1,1,1.2480237105559269,0.6876155078305116,1,73.66634488851827,19.359764015929848,0.329082991334986,0.0967235323400444,-0.076074753007313,0.070690998542366,0.1495721011383248,1,,
2025-05-14 04:00:00,40.884249633461465,41.50371073314276,40.884249633461465,41.2539291381836,222700,0.0058465662351965,0.1415538031755014,0.261148416163689,-0.0257196491842264,0.1827557032070603,36.064465618133546,34.76520156860352,34.48409740447998,1,1,1.479743330362794,0.8460410723369682,1,74.23867258113584,21.23218519376625,0.3294073062733639,0.0840857464910393,-0.0706729628543999,0.0710135460693064,0.1571169259963141,1,,
2025-05-15 04:00:00,40.90423339287918,41.04411429025106,40.21483754983053,40.7443733215332,221700,-0.0123516917611312,0.0956474632547692,0.2357576377436396,-0.0712821764473721,0.0980075912447178,36.48809518814087,34.82494934082031,34.55108881950378,1,1,1.6037785419275463,0.997588566255084,1,70.72124236306837,22.310108961889384,0.339373827419854,-0.2659823632563547,-0.0821517239625078,0.0697954961673713,0.1251492711523827,1,,
2025-05-16 04:00:00,41.02413015383971,41.443761400086935,40.99415377099017,41.35383987426758,278000,0.0149582998350419,0.1057974526999496,0.2814241238678587,-0.0684222742464627,0.0903582302392416,36.92920942306519,34.93025726318359,34.62267621994019,1,1,1.7312988624094885,1.1443306254859649,1,72.40532490558756,23.48956992511072,0.3195456298756803,-0.2432880229367478,-0.0684222742464627,0.0703936393069075,0.1336138352295424,1,,
2025-05-19 04:00:00,40.4346449589464,41.40379493522269,40.4346449589464,41.3838119506836,248300,0.0007247713031521,0.0571719719749765,0.272112929341066,-0.0588502801886163,0.1018887633026808,37.40179615020752,35.04036094665528,34.6936141872406,1,1,1.813868978713032,1.2782382961313783,1,72.48912928281479,24.0307466364982,0.3217063995342766,-0.169750108459928,-0.0677470934441807,0.0703676821234665,0.1257508913146932,1,,
2025-05-20 04:00:00,41.18399196419643,41.23394752257432,40.66444577206383,41.09407043457031,208800,-0.0070013249736048,0.0019489174179494,0.2869212957777942,-0.0454861576600288,0.1143322394029675,37.79295425415039,35.20142021179199,34.768149032592774,1,1,1.8347765103866749,1.3895459389824378,1,70.26748557105074,24.53326786850085,0.3104531633120571,-0.0692975718225368,-0.0742740990005657,0.0701107509637185,0.1154983329497614,1,,
2025-05-21 04:00:00,40.68442758937531,41.393806407518966,40.17487099900503,40.39468002319336,443000,-0.0170192537264108,-0.0208282976419558,0.2141141321215913,-0.0444339245253154,0.0927027690232462,38.095689582824704,35.33889999389648,34.84353312492371,1,1,1.7744560934355391,1.4665279698730582,1,65.0823691569741,24.497553969338,0.3066156065053864,-0.0614586830640017,-0.0900292629907854,0.0700987303506586,0.0982770352823996,1,,
2025-05-22 04:00:00,40.5545404208919,41.30388521520892,40.46461889311927,40.91422653198242,331800,0.0128617557681049,0.0041687525565512,0.191446073535956,0.0211971295246309,0.0853433072402372,38.3664529800415,35.46958572387695,34.926310758590695,1,1,1.7484200911870786,1.5229063941358625,1,67.02875477995259,24.46439106297249,0.2957324655884676,0.418392387010852,-0.0783254416152504,0.0709723140837556,0.0940402756313101,1,,
2025-05-23 04:00:00,40.05497822781676,40.84428901232571,40.015012256391415,40.544551849365234,170600,-0.0090353579659685,-0.0195698398833797,0.142133557221439,0.0328328461592282,0.061470127364299,38.59075698852539,35.62185264587402,35.00544158935547,1,1,1.678606780371247,1.5540464713829392,1,64.28300928775332,23.95464415526472,0.2867787525502986,0.5020919173709703,-0.0866531011783825,0.0708144175273167,0.0781941393139462,1,,
2025-05-27 04:00:00,41.25392887988183,41.59363199935391,41.03911655710736,41.42377853393555,304300,0.0216854458728978,0.0009657540320251,0.148794627290608,0.0927781010347734,0.087332713249334,38.85802326202393,35.76532722473144,35.089018507003786,1,1,1.6749180612035277,1.578220789347057,1,67.67463840240211,24.00361563481214,0.2899061431430906,0.9228664867648928,-0.0668467664408072,0.070876490188846,0.0700706180909715,1,,
2025-05-28 04:00:00,41.39380697913468,41.39380697913468,41.00414829368517,41.05410385131836,337100,-0.0089242144415758,-0.0009725632634904,0.13791197695012,0.0675500153356158,0.0714472953641314,39.091319465637206,35.88762031555176,35.16495211601257,1,1,1.623450935479262,1.5872668185734982,1,64.88479416330523,24.00969080239513,0.2942984126974163,0.7485772555705885,-0.0751744260039394,0.0706527359312252,0.0665083061431284,1,,
2025-05-29 04:00:00,41.74349719604774,41.78346316430866,40.74437085771159,40.89424133300781,217600,-0.0038939473356793,0.0123670074754305,0.1238331123270157,0.0940924084325347,0.0540818486711955,39.33360748291015,36.02569953918457,35.23908728599548,1,1,1.5518742579043805,1.580188306439675,0,63.6625729302036,24.28876232484401,0.2962630754507097,0.9344022287743275,-0.0787756480837694,0.0701009028007665,0.0557803748117824,1,,
2025-05-30 04:00:00,40.74437280401832,41.13403148476459,40.21483703904156,41.084075927734375,239300,0.0046420862336267,0.0041513529681218,0.1396895181776132,0.0801156100784437,0.0487121027848369,39.58189029693604,36.143396606445314,35.3149209690094,1,1,1.4932539880685738,1.5628014427654546,0,64.51731823125667,23.919928476039114,0.2912162843010805,0.8383415253243484,-0.0744992452016575,0.0705051668445038,0.0723007970638827,1,,
2025-06-02 04:00:00,40.78433717605992,41.45375381040087,40.45462746348835,41.41378784179688,300300,0.0080252970674685,0.0214390331816001,0.1466112926950316,0.1266647592070988,0.069677371806228,39.82367877960205,36.2680876159668,35.38845666885376,1,1,1.4566110918766313,1.54156337258769,0,66.01267063602242,23.824557349314706,0.2908037646669405,1.161633350709144,-0.0670718267082343,0.0706728983040237,0.0803731169364505,1,,
2025-06-03 04:00:00,41.593632825322864,42.1041841865243,41.30388525650307,41.913352966308594,219700,0.0120627730653395,0.0118186811947145,0.1458617782499998,0.1496300515690765,0.0693347153385548,40.10243511199951,36.39497673034668,35.46449019432068,1,1,1.451154062435137,1.5234815105571795,0,68.19944498892474,24.20982868241176,0.290639759282569,1.3151485559180942,-0.055818125867554,0.0711198495181577,0.08948098549781,1,,
2025-06-04 04:00:00,41.893368381647385,42.0732114305063,41.58363783942046,41.93333435058594,142500,0.000476730751973,0.0214163851305049,0.1539730636054659,0.110611312632435,0.0687547263587751,40.41416263580322,36.49528900146484,35.5367769908905,1,1,1.431935200365665,1.5051722485188768,0,68.28733465606186,24.56758063457332,0.287615351473497,1.0571171936581416,-0.0553680053326994,0.0711728530821162,0.0911941088355416,1,,
2025-06-05 04:00:00,42.10318425543387,42.85252902641012,41.417782748326175,41.76348114013672,419800,-0.0040505534100663,0.0212557998093314,0.1698852623927922,0.1572535912711226,0.0601064672419957,40.69541664123536,36.59100532531738,35.606416091918945,1,1,1.3870097936330552,1.4815397575417124,0,66.60223801056674,25.437729060369332,0.2766390109532137,1.386122264398589,-0.0591942876799569,0.0712288033392713,0.1023218315899789,1,,
2025-06-06 04:00:00,42.44288701009869,44.900736923289216,42.44288701009869,44.41116714477539,826400,0.0633971578124534,0.0809825009303668,0.2289189858198663,0.2378167699357185,0.1207766260141469,41.05660076141358,36.764453659057615,35.68714550018311,1,1,1.547216865154084,1.4946751790641868,1,76.38481711671747,27.291403677211974,0.3374278931039527,1.873906099325244,0.0,0.0749745944252763,0.1509963400377527,1,,
2025-06-09 04:00:00,44.62098422906229,45.01563960874355,44.33922909426422,44.63097381591797,361500,0.0049493558776789,0.0776839343073598,0.2001611328786161,0.3507711341463075,0.096734592906108,41.41828441619873,36.95188972473144,35.77047263145447,1,1,1.6726375603098091,1.5302676553133114,1,76.98745945903953,29.060555691564403,0.3306256657476865,2.6482843621094863,0.0,0.0752778237604596,0.1308749397998059,1,,
2025-06-10 04:00:00,44.75087198841823,44.89074907340488,43.81169074116827,44.461124420166016,365100,-0.0038056394747849,0.0607866294043668,0.1888859239547431,0.3263785203285487,0.0995798937705785,41.68405208587647,37.163704528808594,35.85040274620056,1,1,1.7382910014651711,1.5718723245436834,1,75.38653827757274,30.010038426562463,0.3334166415385484,2.502182643162369,-0.0038056394747849,0.0745685571125524,0.1125156233795667,1,,
2025-06-11 04:00:00,44.75087292351101,45.45026217442313,44.591012849990925,45.02063751220703,307100,0.0125843216818699,0.0736240799696377,0.1500766578745367,0.3095030843290343,0.0834336113945743,41.8843770980835,37.39949844360351,35.93557827949524,1,1,1.8145528216617777,1.6204084239673024,1,77.07753298747758,31.171509512366352,0.3036753181683995,2.4052361922102543,0.0,0.0757229148376309,0.114944772191655,1,,
2025-06-12 04:00:00,44.770854997603344,44.85078312705368,44.07146576093053,44.15139389038086,289200,-0.0193076702121439,0.0571770524164769,0.0764920788607472,0.3407159830774038,0.0962540182403652,42.02925033569336,37.60491882324219,36.01246105194092,1,1,1.7842820748136037,1.6531831541365627,1,69.13131768335674,31.585218961389742,0.2776496327154535,2.62313805722724,-0.0193076702121439,0.073966928067938,0.0463415370149102,1,,
2025-06-13 04:00:00,43.3421021456672,44.3012625272824,43.24318580132663,44.031497955322266,436900,-0.0027155639832407,-0.0085489577028103,0.0673285884560221,0.2855893197541446,0.1128787939412445,42.193606567382815,37.79295440673828,36.08984338760376,1,1,1.7306676307562157,1.6686800494604932,1,68.08862880697694,31.005886214793296,0.2783826376177682,2.298952439090653,-0.0219708029815562,0.0746000924368001,0.0505051017166973,1,,
2025-06-16 04:00:00,45.0306253195773,46.06971766207197,45.02562862053093,45.899864196777344,397300,0.0424324932881199,0.0284307124037435,0.1265325848690741,0.3136974137495254,0.1309700003364982,42.4209077835083,38.07570713043213,36.1761678981781,1,1,1.8179827650067464,1.698540592569744,1,74.53441385078317,31.47718889248502,0.3032699155217586,2.457011423064429,0.0,0.0770326486381727,0.1036908234515079,1,,
2025-06-17 04:00:00,45.75998591495641,45.94982236009595,44.82080852118311,45.200477600097656,215900,-0.0152372258375612,0.0166292056166779,0.0930176674651113,0.3298059739080898,0.1206341358043139,42.61174106597901,38.3846369934082,36.26254237174988,1,1,1.80988278253335,1.7208090305624657,1,68.92225676082943,31.693567895572745,0.309822953109145,2.5672568920193792,-0.0152372258375612,0.076512703926531,0.0869263853932198,1,,
2025-06-18 04:00:00,45.28040697214213,47.02887812692676,45.03062537860146,46.89899063110352,698100,0.037577324868846,0.0417220462146319,0.133268986602594,0.332387115792166,0.1653426300730762,42.901987075805664,38.72593852996826,36.35631037712097,1,1,1.9184051146069836,1.7603282473713693,1,74.03542869359435,32.424305220163355,0.3299310525074218,2.5808906055273657,0.0,0.0793998071096328,0.1283561531885988,1,,
2025-06-20 04:00:00,47.72826743314664,47.90811048571419,46.99390893705657,47.5883903503418,683000,0.0146996707170294,0.0778457067175346,0.1580354500562726,0.3527408185576575,0.1659731118892982,43.26167259216309,39.09441635131836,36.45287594795227,1,1,2.036562416602699,1.8155750812176352,1,75.77742838255766,33.47783679881162,0.3275656741125175,2.704002348535875,0.0,0.080756617958547,0.1518435738955008,1,,
2025-06-23 04:00:00,47.37856978788565,48.677437094728106,46.73912953234974,48.19785690307617,786800,0.0128070428154332,0.0946222395609028,0.1931733801431889,0.3550562607536347,0.1832229628121549,43.625854110717775,39.39235580444336,36.55733461380005,1,1,2.154545527312017,1.883369170436512,1,77.23174863485139,34.752299982020986,0.3158535885995929,2.7175740268976987,0.0,0.0809908855295121,0.1553830593559546,1,,
2025-06-24 04:00:00,48.77734815358075,49.7664849181253,48.44763843964228,49.436771392822266,576900,0.0257047630195985,0.0770570296435266,0.2083027245835338,0.339106811814595,0.2973256651000451,44.07046508789063,39.74544704437256,36.6686372756958,1,1,2.321259997536245,1.9709473358564584,1,79.87668629182392,36.30734468694777,0.3211111413875858,2.6325285211666603,0.0,0.0821650426507073,0.1577055604209685,1,,
2025-06-25 04:00:00,49.95632020113378,50.156146244211264,48.86727226829447,49.04711532592773,539400,-0.0078819076553027,0.0851017053373295,0.2097091492872329,0.3263983919901565,0.3003973484749258,44.45163192749023,40.07715702056885,36.77754205703735,1,1,2.394339967474913,2.055625862180149,1,76.85276787911593,37.87414468051519,0.3203077803541095,2.5513029510316465,-0.0078819076553027,0.0814717714729143,0.1504969512950733,1,,
2025-06-26 04:00:00,49.34685179474991,50.0662240152226,49.01714206794306,49.936336517333984,423200,0.018129938641594,0.0647635662379497,0.2054993118608121,0.3972602812834525,0.2971710883048686,44.89574356079102,40.42165576934814,36.89568875312805,1,1,2.495245452439612,2.143549780232042,1,78.8230419867646,39.32903038882779,0.3188083194739482,3.008312152660722,0.0,0.0823049141597656,0.1612442142728751,1,,
2025-06-27 04:00:00,50.21609088159826,50.21609088159826,48.70741170377415,49.07708740234375,507300,-0.0172068913123406,0.0312827780272098,0.1954246420791803,0.3918956873216213,0.286874628274411,45.30488586425781,40.74377414703369,37.00624208450317,1,1,2.4773225217723933,2.2103043285401123,1,72.40924003332742,40.28236523221744,0.3259290433517761,2.972845960332637,-0.0172068913123406,0.0804888073491473,0.139217134174348,1,,
2025-06-30 04:00:00,49.83642367397025,50.25605491377851,49.6066250695946,50.19610977172852,448500,0.0228013198951846,0.0414593717864002,0.2274615724735966,0.4820059155856606,0.2868852627357166,45.76048755645752,41.102260704040525,37.12169114112854,1,1,2.524315485653304,2.2731065599627507,1,75.23540753281327,41.18404817588495,0.3260170085045953,3.542605301240196,0.0,0.081932314910777,0.168776886420942,1,,
2025-07-01 04:00:00,50.05622892184336,50.325993495385255,48.842290246587126,49.26692199707031,586600,-0.0185111511406715,-0.0034356894871296,0.1991731804733618,0.4825617141521603,0.2669578979472775,46.15314426422119,41.43696804046631,37.22944692611694,1,1,2.4582429655228357,2.310133841074768,1,68.92229717568462,41.02669092515169,0.3403651748090047,3.5462881014418413,-0.0185111511406715,0.0804416907569751,0.1409332727966719,1,,
2025-07-02 04:00:00,49.0571043688851,50.06622416012032,49.00714881151096,49.69654846191406,286300,0.0087203837266167,0.0132410057486709,0.2000000736894152,0.4668240418296967,0.3038008089825748,46.542304039001465,41.79225746154785,37.336902980804446,1,1,2.41273477782385,2.330654028424584,1,70.16871950633147,40.88057347804223,0.340351145384553,3.4604504206189235,-0.0099521917552228,0.0807769887419117,0.1429698042723788,1,,
2025-07-03 04:00:00,49.92634777469358,50.20610194900154,49.74650471653425,50.11618041992188,220800,0.0084438853601556,0.0036014636861771,0.195709168393352,0.4472014842961089,0.3379567954311522,46.95144634246826,42.12916290283203,37.44545806884766,1,1,2.383059575817306,2.3411351379031284,1,71.3762685363508,40.827539421763625,0.3401628755218567,3.3527639418859394,-0.0015923415613307,0.0808220704437478,0.1364207178632026,1,,
2025-07-07 04:00:00,49.89637001230023,50.635725210014535,49.57065459919797,50.58576965332031,751100,0.0093700124283964,0.0307410714618836,0.2063378797973758,0.5926392076170894,0.3665317731439259,47.39256076812744,42.45407882690429,37.55571166992188,1,1,2.3701125093788065,2.346930612198264,1,72.70766625977153,41.03064997310716,0.3388258965500236,4.467590182028467,0.0,0.0821918694636456,0.1548204955169656,1,,
2025-07-08 04:00:00,50.86552372049026,51.22520982616915,50.01626782425429,50.20610046386719,322600,-0.007505454440154,0.0001990331956818,0.2021531513477381,0.6873740236724435,0.341789078203508,47.682307434082034,42.74822166442871,37.66266815185547,1,1,2.3026719663224284,2.338078883023097,0,69.8776322824506,41.54199174653859,0.3407324823992484,5.252344355765188,-0.007505454440154,0.0816196865580503,0.1458803564238742,1,,
2025-07-09 04:00:00,50.56578820705573,51.19024221314689,50.28603403196362,51.185245513916016,522700,0.0195025114677749,0.0389373526716319,0.1525309692280299,0.7156731715366298,0.3251423392493091,48.01002101898193,43.05075714111328,37.77437047958374,1,1,2.301701095084738,2.330803325435425,0,72.81627491603192,42.01680910758206,0.28119718445964,5.409278794807324,0.0,0.0827154616795749,0.1032465372255342,1,,
2025-07-10 04:00:00,51.2551835348737,51.52494812011719,50.44589359050798,51.52494812011719,485000,0.0066367290571813,0.0367912805776513,0.1544661412191823,0.7667009339138293,0.3045788674920431,48.36321220397949,43.35968704223633,37.88457412719727,1,1,2.301809012471999,2.32500446284274,0,73.77226839393019,42.64338199633478,0.2811080915793807,5.756332457428018,0.0,0.0830302507230362,0.1029842067066852,1,,
2025-07-11 04:00:00,51.43502453114728,51.754744661287134,50.67569017490628,50.9554443359375,686000,-0.0110529715207482,0.0167463663228812,0.1460673790972746,0.5301528919849612,0.3406939866786387,48.659952545166014,43.651032333374026,37.991830339431765,1,1,2.230231620091885,2.306049894292569,0,69.3678686416032,43.3509287480193,0.2857054190225245,5.608662938573195,-0.0110529715207482,0.0824021983816141,0.1050528744607162,1,,
2025-07-14 04:00:00,51.315131348368006,52.18437022944404,51.2451928068656,52.13441467285156,910700,0.0231372790931108,0.0306142425062341,0.1580114710440445,0.6403647091576556,0.3756921254203182,49.05910358428955,43.97275100708008,38.10433197021485,1,1,2.24278563732463,2.2933970428989814,0,72.96613040579246,44.23562800493845,0.2907538151696808,6.865110416163134,0.0,0.0841481964202768,0.1112646231423062,1,,
2025-07-15 04:00:00,52.1843693902764,52.27429091524271,51.345103094379006,51.64484024047852,668500,-0.0093906191417927,0.0286566724624786,0.1697216257475902,0.5909509686568777,0.3869062278083901,49.43977069854736,44.28327941894531,38.21323674201965,1,1,2.188008224456425,2.2723192792104703,0,69.32444461727306,45.10429435715503,0.2812494139170436,6.432170260830113,-0.0093906191417927,0.0837157240297686,0.1317993894903459,1,,
2025-07-16 04:00:00,51.9545731003844,53.51321166548725,51.9545731003844,53.35335159301758,1016000,0.0330819370257233,0.0423580283211126,0.211708755562983,0.6310323953186769,0.4550409476211676,49.812445068359374,44.618786087036135,38.33208283424378,1,1,2.2564483852385067,2.2691451004160776,0,74.16949104419828,46.47530952259015,0.2917809379485881,6.676514157375619,0.0,0.086197029197728,0.155454723742503,1,,
2025-07-17 04:00:00,53.45326115970726,54.62223719112807,53.1735069938352,54.37245559692383,1086700,0.0191010306471473,0.0552646354959622,0.1845885940712945,0.6490909494800186,0.4621170529629452,50.271043968200686,44.97947067260742,38.45457571983337,1,1,2.365651128211425,2.2884463059751474,1,76.54882517869387,48.127632943856845,0.2687283185953126,6.806299959598229,0.0,0.0873091762035686,0.1334048321986882,1,,
2025-07-18 04:00:00,54.89200175103967,55.76723971935344,54.19261633660405,54.68218612670898,835000,0.0056964602092142,0.0731372641204328,0.2097700960263933,0.6944272324321434,0.4189784638995941,50.66020374298096,45.35913871765137,38.577867918014526,1,1,2.4489576941336253,2.320548583606844,1,77.23516188905307,49.96995427690268,0.2551302574109593,7.3061156279783805,0.0,0.0878708872232337,0.1484483322875245,1,,
2025-07-21 04:00:00,55.181748955650754,55.45151353290432,54.42241459147989,54.47237014770508,754200,-0.0038370078789043,0.0448447630902621,0.1614827827782474,0.6744471591772561,0.401902772408141,51.00440273284912,45.725818099975584,38.701260023117065,1,1,2.469580564332944,2.350354979752064,1,75.62060992149743,51.68068122901668,0.2368339739513868,7.120309459191946,-0.0038370078789043,0.0873680607894904,0.100356083596717,1,,
2025-07-22 04:00:00,54.27254440631796,54.46737374460999,52.89374894109658,53.68305969238281,897000,-0.0144901066941277,0.0394660810724467,0.1280705083145819,0.6811640222069506,0.3592208778887216,51.278662872314456,46.05572959899902,38.8238028717041,1,1,2.3946297788584587,2.359209939573343,1,69.7163485001264,51.03156207131016,0.2466615109471733,7.206030342949372,-0.0182715159194806,0.0860897669993969,0.0660397769949643,1,,
2025-07-23 04:00:00,53.802953040875046,53.88288497924805,53.093574238955405,53.88288497924805,573700,0.0037223155313852,0.0099250257091585,0.1179518850309926,0.619519503440185,0.3329214274120795,51.500968551635744,46.38544128417968,38.94769454002381,1,1,2.324558903961908,2.352279732451056,0,70.34755745071075,50.428808567725525,0.2454465638762486,6.870605103308354,-0.0146172127355844,0.0856812832356691,0.0579126611036731,1,,
2025-07-24 04:00:00,53.942834187020935,54.052734885754376,53.463250177254,53.71303176879883,447900,-0.0031522664481427,-0.012127902278563,0.0864995883731483,0.5641547261958375,0.3293767977279116,51.7342643737793,46.67678649902344,39.07083684921265,1,1,2.229619826739757,2.327747751308796,0,69.03047260197569,49.962126310140015,0.2355800008914931,6.457912687362799,-0.0177234018344554,0.0853829267679786,0.0391636639312766,1,,
2025-07-25 04:00:00,53.57315686671464,54.212597157263566,53.53319470707891,54.042747497558594,341700,0.0061384680384266,-0.0116937283317218,0.1018537408048141,0.5223755751630776,0.3257353854262128,51.93958492279053,46.937358703613285,39.19198093414307,1,1,2.156130695293093,2.2934243401056555,0,70.19694923172408,49.618850930324136,0.2315958089145324,6.1808880433854005,-0.0116937283317218,0.0855456723049389,0.0500038327186616,1,,
2025-07-28 04:00:00,54.38744448064244,54.502341877048615,53.82293565106266,53.98279571533203,703000,-0.0011093400132787,-0.0089875735358225,0.0810323600048921,0.4970905088509805,0.3181262188083789,52.18487033843994,47.19193603515625,39.31467364311218,1,1,2.06919997212686,2.2485794665098964,0,69.68300563989428,49.46473197935127,0.2271164039012576,5.942232302155797,-0.0127900960242578,0.0854722351583463,0.0384827689927784,1,,
2025-07-29 04:00:00,54.25255982718792,54.42241328792267,52.98366891036533,53.08358383178711,672100,-0.0166573789228469,-0.0111669465941555,0.0816368012347046,0.4713375802912951,0.3305785424255361,52.32924404144287,47.43872024536133,39.430272560119626,1,1,1.905779227116952,2.1800194186313075,0,62.31371805429099,48.10081631996408,0.2264826518074658,5.622490601371938,-0.029234425471169,0.0842707765897929,0.0469875174599119,1,,
2025-07-30 04:00:00,53.12354890388255,53.95282564604537,53.02363778834319,53.52320098876953,364800,0.0082816028091752,-0.0066752919896,0.0662818539558396,0.470895255375779,0.2986667059114163,52.54205799102783,47.68210746765137,39.54707043647766,1,1,1.79109392400958,2.1022343197069624,0,64.30140087116644,46.834323207675965,0.2165328504948984,5.618381755734482,-0.0211949305621004,0.0850758040553139,0.0383669025824566,1,,
2025-07-31 04:00:00,54.42241426475064,54.7920899522352,53.48323304335122,53.64309310913086,496100,0.0022400028052598,-0.0013020799117988,0.0888257462546733,0.4880819285467042,0.2943587458037764,52.73938522338867,47.92729309082032,39.66461764335632,1,1,1.6903934833245415,2.0198661524304784,0,64.84595343255575,46.24762547154523,0.2018096724238499,5.8165074773702745,-0.0190024044607569,0.0855874236054758,0.0639684820157076,1,,
2025-08-01 04:00:00,51.76473743485948,51.88463152937461,50.345976039532985,50.91547775268555,968000,-0.0508474660642011,-0.0578665943106301,0.024527443625298,0.4096817704096025,0.2041587507742974,52.77935009002685,48.123721237182615,39.76617882728576,1,1,1.3746458334608531,1.8908220886365532,0,47.20406119161889,43.38335302898097,0.2764542641238066,4.689936805654966,-0.0688836464090015,0.0825892035054606,0.0224347898055352,1,,
2025-08-04 04:00:00,51.654835767918186,52.60899950032943,51.34510521107349,52.59401321411133,454800,0.0329670963627017,-0.0257263908402258,0.0494417725658213,0.4378584685236009,0.2623501227584508,52.87976226806641,48.367707901000976,39.87303539276123,1,1,1.2454999812487983,1.7617576671590025,0,55.26902978255809,40.40901720797683,0.2967459265019256,4.883066544964035,-0.0381874438552796,0.0840346191395821,0.0397484087972024,1,,
2025-08-05 04:00:00,52.39418388189944,52.59400991211281,51.67481550904162,51.944580078125,1248900,-0.0123480429862324,-0.0214567983441249,0.0268615152861571,0.4294748352062725,0.2640407613266442,52.9666862487793,48.58831497192383,39.97719431877136,1,1,1.078316969593736,1.6250695276459497,0,51.96172420367626,37.64713394561585,0.2999015191544793,4.789528623053892,-0.0500639466432527,0.0834198921146118,0.0149409261400157,1,,
2025-08-06 04:00:00,52.32424744204451,53.84291999667816,52.32424744204451,53.82293701171875,659100,0.0361607877235448,0.0056001139209165,0.0720397823060279,0.5076966543431007,0.2875238752521667,53.09857082366944,48.8538826751709,40.08964598655701,1,1,1.0848850552265148,1.5170326331620627,0,59.50884072784942,35.99073786310569,0.3209125874678464,5.448430462575027,-0.0157135106668775,0.0857793785142566,0.050964321619243,1,,
2025-08-07 04:00:00,54.43240507315706,54.672197082891095,53.29340160249095,54.03275680541992,770300,0.0038983341554825,0.0072640049949457,0.0556314864354756,0.4951618019383614,0.2790918897050822,53.22396125793457,49.106062240600586,40.20414587974548,1,1,1.0944053901317616,1.432507184556003,0,60.25990238385183,34.970168188391554,0.3156254794043381,5.342940274414977,-0.0118764330267302,0.0861859666361522,0.0419571490759667,1,,
2025-08-08 04:00:00,54.04274503030585,54.50234224173497,53.703041915039854,54.1926155090332,1061400,0.0029585516835455,0.0643642739103003,0.0517742857828218,0.4572810150017294,0.2901998255184448,53.38581981658936,49.368832473754885,40.31574830055237,1,1,1.1021447469397074,1.3664346970327437,0,60.85564549602087,34.022496347585566,0.3153147854694622,5.061116877787853,-0.0089530183841104,0.0857721377281969,0.0330227475080957,1,,
2025-08-11 04:00:00,54.57228300783425,55.24169967905665,54.11268577766052,54.21259689331055,1221100,0.0003687104615575,0.0307750555678254,0.0639215808991751,0.449639301480556,0.2909827197440182,53.48972892761231,49.63519958496094,40.42854966163635,1,1,1.0972422480627555,1.3125962072387465,0,60.93447661953376,33.5928649039297,0.3115454624881364,4.989008167513799,-0.0085876089940937,0.0859737710647885,0.0433431723099673,1,,
2025-08-12 04:00:00,55.12179909759857,55.34160811502301,54.482358841125176,55.22171401977539,645800,0.018614070977835,0.0630890448382017,0.0592180686461509,0.4106687024311164,0.2971132770225042,53.66857261657715,49.91795234680176,40.546946134567264,1,1,1.161396445662767,1.2823562549235503,0,64.79089588083377,33.25348247942486,0.3082638394669347,4.780660382533306,0.0,0.0866515901946401,0.0297498209214148,1,,
2025-08-13 04:00:00,55.60138370077375,55.99104237305297,54.89200108544623,55.571407318115234,820400,0.0063325324928273,0.0324855982128176,0.0760301911934102,0.3549329821301181,0.3223964463067614,53.779475402832034,50.201104736328126,40.670538063049314,1,1,1.226320180451566,1.2711490400291536,0,66.04191571134677,33.31954973101703,0.305145856258003,4.410141885242292,0.0,0.0869028413163679,0.0380707128026025,1,,
2025-08-14 04:00:00,54.60225653136239,54.951949229184095,54.07271697433507,54.46237564086914,762300,-0.0199568758605933,0.0079510811746352,0.0207863988810161,0.320174266515141,0.2862198475183282,53.7839714050293,50.452085189819336,40.78588718414306,1,1,1.1747414322527732,1.2518675184738774,0,58.89484869177195,32.49463539624177,0.2959108516262053,3.987760408494884,-0.0199568758605933,0.0851606151049667,-0.012023779733567,0,,
2025-08-15 04:00:00,54.43240362414895,54.56828639460844,54.03275536705058,54.46737289428711,583600,9.175606754507903e-05,0.0050700152165217,0.001745687155771,0.3368072313803725,0.2415167024369937,53.773230743408206,50.70276596069336,40.90176086425781,1,1,1.1213420066460031,1.2257624161083027,0,58.916423579328,31.686598805895603,0.288615228863378,4.187102517298243,-0.0198669509574976,0.08536829289805,-0.0222300036481075,0,,
2025-08-18 04:00:00,54.192616593878725,54.55229888956831,53.66307702010898,54.51233673095703,798100,0.000825518733154,0.0055289702914687,-0.003106119337628,0.3181928666526885,0.2279991128208474,53.7752290725708,50.95774307250976,41.01491193771362,1,1,1.0703128823107022,1.1946725093487829,0,59.12431377961742,30.538587708991717,0.2879477093902668,3.9995066526543575,-0.0190578327645297,0.0854573642320511,-0.0274666965072412,0,,
2025-08-19 04:00:00,54.28253698799512,54.50234219554713,52.42416134790098,52.57402801513672,1222000,-0.0355572487267742,-0.0479464654735365,-0.0348496334457431,0.2704008049763109,0.1956373616516111,53.719777488708495,51.12100028991699,41.11817163467407,1,1,0.8635125838365738,1.128440524246341,0,47.87724822957122,28.41654395431718,0.3131497101110593,3.3654966370307613,-0.0539374373915023,0.0828683068194182,-0.0515034204652211,0,,
2025-08-20 04:00:00,52.31425794162213,52.68393363557003,51.03537739302527,52.584022521972656,1374300,0.0001901035019242,-0.0537575875853111,-0.0204726998928136,0.2796012165720249,0.221397073893065,53.65483436584473,51.28006126403809,41.2209317779541,1,1,0.6924462413171284,1.0412416676604983,0,47.93224852730469,27.48412409436269,0.309586177341033,3.470580591071949,-0.0537575875853111,0.0831048769830016,-0.0346718329068804,0,,
2025-08-21 04:00:00,52.22433704756649,52.64396830339716,51.99453843441665,52.31425857543945,257300,-0.0051301504448519,-0.0394422211692454,-0.0291117746277453,0.2950779297026797,0.2375325347198691,53.58489570617676,51.437123947143554,41.32828790664673,1,1,0.5290091482657218,0.938795163781543,0,46.50581293884797,26.61830565297638,0.3094749349805915,3.6613292163261546,-0.058611953518298,0.0830115641043769,-0.0311587202067111,0,,
2025-08-22 04:00:00,52.43415073182834,54.73214058950858,52.15439657164462,54.36246490478516,1064100,0.0391519708989491,-0.0019260703046125,0.0120907927666742,0.3286934524422777,0.3568579396522258,53.600881576538086,51.62396049499512,41.44528559684753,1,1,0.5583212281502696,0.8627003766552884,0,56.97513112650865,25.29681417220105,0.3394027231199908,3.9158574750661934,-0.0217547561178278,0.084956956109759,-0.0049889442110254,0,,
2025-08-25 04:00:00,53.97280602384947,54.35247510501276,53.52319840291461,53.60313034057617,588400,-0.013967993643021,-0.0166789105898762,-0.0081346189329526,0.3220797344049415,0.3654873749348923,53.58189830780029,51.81299522399903,41.55878635406494,1,1,0.5143502003947162,0.7930303414031741,0,52.84591709143234,24.06971494005252,0.3425434631687264,3.83702846036309,-0.0354188794656895,0.0841405938553663,-0.0164248922442744,0,,
2025-08-26 04:00:00,53.423289354951685,53.9578218217676,53.25743400812814,53.8629035949707,294800,0.0048462329111009,0.0245154428620706,-0.0022209320353387,0.3002894835111351,0.4209278725867849,53.62086429595947,52.00962333679199,41.66908990859985,1,1,0.4947610770006676,0.7333764885226729,0,54.07223569344085,22.70502494211745,0.3429579081516276,3.638872058017311,-0.0307442946939295,0.0841958277790477,-0.0149335907377867,0,,
2025-08-27 04:00:00,53.82293667452563,53.96281375700057,53.12554841722497,53.30339050292969,386200,-0.0103877261472635,0.0136803528230735,0.0041407654735428,0.2983693590285974,0.3860742291422729,53.60987377166748,52.15769386291504,41.766005153656,1,1,0.4291416473182892,0.6725295202817961,0,50.99599318538643,21.3227433956578,0.3397668592456107,3.616140295267801,-0.0408126575273218,0.0831318076494501,-0.0135155861430704,0,,
2025-08-28 04:00:00,53.53319361222498,54.22258944674271,53.53319361222498,54.03275680541992,316000,0.0136833003606056,0.0328495189796549,0.0095202791917716,0.3212803329794835,0.4456027817240646,53.629356956481935,52.334339447021485,41.86526838302612,1,1,0.4310229769986335,0.6242282116251636,0,54.62032343397645,20.25685665005513,0.3418513914262747,3.8478811731193305,-0.0276878090181772,0.0839719500087313,-0.0129749469762862,0,,
2025-08-29 04:00:00,53.76299350044869,54.05273726274517,53.18349835312614,53.49322891235352,359600,-0.0099852001816105,-0.0159896353845266,-0.0027937277306596,0.3020428889880953,0.4063568493876757,53.75824451446533,52.46622421264649,41.958337020874026,1,1,0.3845457483611412,0.5762917189723592,0,51.58125177526118,18.93490457736226,0.3437631352146239,3.63706293892524,-0.0373965408841511,0.0836322292654239,-0.0228444116867516,0,,
2025-09-02 04:00:00,52.184368605282366,53.02363488855492,51.63584845464846,52.77385330200195,338700,-0.0134479750984977,-0.0154706830236457,0.0364992263912988,0.2743063615335355,0.4357160699732552,53.76723651885986,52.56993347167969,42.0366685295105,1,1,0.2863635889349254,0.5183060929648725,0,47.76511451714294,18.710503130603584,0.2948729336837077,3.3319965005119823,-0.0503416082320689,0.0831235149421954,0.0064695070790876,1,,
2025-09-03 04:00:00,52.91373111608816,53.1834956906785,52.60400438373097,52.88375854492188,170300,0.0020825699857651,-0.0181784676409506,0.0055090933949268,0.2617401091110911,0.4505343467041558,53.8141954421997,52.6636515045166,42.11145313262939,1,1,0.2149442117378086,0.4576337167194597,0,48.39329669473164,18.346488745957853,0.2723878350857321,3.205553692237162,-0.0483638781686428,0.082847627813476,-0.014125027735706,0,,
2025-09-04 04:00:00,52.86377690365136,53.11355850002305,52.35422412405356,53.03363037109375,180000,0.0028339859022039,-0.0050608437716754,0.0209656193452869,0.2647129352439084,0.404604493114457,53.774730110168456,52.73558868408203,42.18883548736572,1,1,0.168494939819439,0.3998059613394556,0,49.28889712101864,18.197860818539134,0.2684835198034016,3.2372368224028985,-0.0456669548153446,0.0823938219544782,-0.0123000657771631,0,,
2025-09-05 04:00:00,53.70304247845708,53.76299143284988,51.8246838324936,52.92372512817383,307800,-0.0020723688374881,-0.0205251729287084,-0.016706852755901,0.2672249458944546,0.4665006195847114,53.71927852630616,52.81312088012695,42.26906534194946,1,1,0.1214155200513857,0.3441278730818417,0,48.62250689871199,17.40262806499818,0.2363634087339554,3.265180472489878,-0.0476446848787706,0.0824618934535454,-0.0386746222480473,0,,
2025-09-08 04:00:00,53.56316582997567,54.022763049948246,53.39331236350296,53.82293701171875,756100,0.0169907141148351,0.0061635482858108,-0.0038831961592624,0.211923497445182,0.5001392290167943,53.70079460144043,52.89085289001465,42.3533416557312,1,1,0.1548782842190164,0.3062779553092766,0,54.09142746369691,16.41208801593311,0.2438043729724499,2.8786623104339784,-0.0314634879838019,0.0836574718250673,-0.0293376626122826,0,,
2025-09-09 04:00:00,54.05273583677632,54.352476800995554,53.77298166896071,54.27254486083984,238100,0.0083534618154188,0.028398372774895,0.0014749122376886,0.2160286953336234,0.6425764599502535,53.70379199981689,52.99476203918457,42.43621919631958,1,1,0.2151967081068022,0.2880617058687817,0,56.58013414238263,15.306165398304586,0.245360946314325,2.925376706817484,-0.0233728552138356,0.0841617260850499,-0.0187754635223174,0,,
2025-09-10 04:00:00,54.73214023774901,55.00190480963438,53.57415240162432,53.842918395996094,623300,-0.0079160921225519,0.0181371346792504,-0.0068190516318923,0.2110111720785636,0.6062592065229069,53.63485221862793,53.06769821166992,42.514450778961184,1,1,0.225730151756629,0.2755953950463512,0,53.590555333692514,14.872227973660443,0.2469555431312095,2.861395994679534,-0.0311039256613478,0.0832548165654517,-0.0316253953463073,0,,
2025-09-11 04:00:00,54.17263225643678,54.92197702363708,54.04274476293998,54.67219543457031,698100,0.0154017847337912,0.0308967168947511,-0.0099511323572515,0.2143807474904442,0.5902353343885349,53.589891624450686,53.175803680419925,42.59732830047607,1,1,0.2975635804653294,0.2799890321301468,1,58.18345996308878,14.469286079348027,0.2441044960596754,2.896906831579911,-0.0161811968949685,0.0838403537930175,-0.0324429868546889,0,,
2025-09-12 04:00:00,54.89200335838439,54.89200335838439,54.24457063662105,54.66220474243164,268200,-0.0001827380821138,0.0328487764239471,-0.0163609780561956,0.2380629449241633,0.6598907783157055,53.59988307952881,53.27511680603028,42.679056854248046,1,1,0.349655316058346,0.2939222889157867,1,58.10884877656242,14.09512574891507,0.2428929193939042,3.209549278784768,-0.0163609780561956,0.0838530912946054,-0.0350937895190318,0,,
2025-09-15 04:00:00,54.8220644087204,55.151777949621575,54.56229322215729,55.07184600830078,415200,0.0074940494588422,0.0232040290984141,0.0111906680577167,0.2507375075946974,0.607934781579661,53.63010673522949,53.37423011779785,42.76043569564819,1,1,0.4191611891870721,0.3189700689700438,1,60.35376021422668,14.008215170436866,0.2338811445801868,3.3584364835685445,-0.0089895385761016,0.0840341048420767,-0.0132280663015584,0,,
2025-09-16 04:00:00,55.3416098371839,55.46150393616248,54.65221400385126,55.271671295166016,350300,0.0036284472257406,0.0184094266610868,0.0147666090384039,0.2041794079871519,0.5819273739631563,53.66807346343994,53.46794815063477,42.84091533660889,1,1,0.4847810706283155,0.3521322693016982,1,61.43931825769012,14.232831384569634,0.2340987586768049,2.919821376727504,-0.0053937094166681,0.0844552955983171,-0.0106948056326158,0,,
2025-09-17 04:00:00,55.33161815369165,55.67132126406269,54.35247479117856,55.321624755859375,359100,0.0009037805357212,0.0274633397281311,0.014845960995885,0.2239168188731672,0.6275718973041233,53.80545330047608,53.57025863647461,42.923942718505856,1,1,0.534652979497956,0.3886364113409498,1,61.721485078920416,14.034329702115874,0.2340990162028322,3.192397593335587,-0.0044948036105328,0.0846367803736013,-0.0096022603297425,0,,
2025-09-18 04:00:00,55.92110376911033,57.090079784623775,55.92110376911033,56.810325622558594,1077100,0.0269099266926635,0.0391081823400911,0.0805777637239852,0.2113336525601437,0.6139653515965999,54.01676845550537,53.68276023864746,43.012015705108645,1,1,0.6863902652208509,0.44818718211693,1,69.00144835507106,15.106719325093682,0.2106823889286518,3.086997470597892,0.0,0.0865101360639437,0.0439471902383807,1,,
2025-09-19 04:00:00,57.5296993709134,58.299023337282776,57.38981847475426,57.71953201293945,1191100,0.0160042453623927,0.055931283505924,0.0976629258216388,0.2128910347253401,0.6407272111356008,54.28703212738037,53.80665191650391,43.10443489074707,1,1,0.8699799274532651,0.532545731184197,1,72.44787422985044,16.884088455692975,0.214376957421642,3.1041324685451577,0.0,0.0874614797509732,0.0524229494842136,1,,
2025-09-22 04:00:00,57.489734064007344,57.489734064007344,56.63048474879481,57.14003753662109,597300,-0.0100398332437702,0.0375544253230331,0.0922459591819053,0.1855306689574862,0.6064607552862864,54.425910758972165,53.930343780517575,43.19315731048584,1,1,0.9576762011489492,0.6175718251771475,1,67.31115215676695,17.58995931354313,0.2178125584170662,2.746198594985001,-0.0100398332437702,0.0861756832349793,0.0381166065805469,1,,
2025-09-23 04:00:00,57.17001249787239,57.38981770903173,55.90212011956305,56.3007698059082,408200,-0.0146879100346232,0.0186189142942054,0.0356552062993822,0.1388439863628012,0.5250337397325149,54.56079273223877,54.01367088317871,43.27653440475464,1,1,0.9485202866240384,0.6837615174665257,1,60.608733688929085,17.440413892410678,0.1869229012306772,2.141254080946504,-0.0245802791109462,0.0853746774611683,0.0049168587310206,1,,
2025-09-24 04:00:00,56.54056108047327,56.85029162534569,56.03200688945781,56.19086837768555,235200,-0.0019520413060342,0.0157125468686474,0.0482758753204852,0.145650829906839,0.5195894185706196,54.67719097137452,54.10459144592285,43.35401666641236,1,1,0.921770435823248,0.7313633011378702,1,59.76944526139031,17.3015502870734,0.1786553418009793,2.2388058652293608,-0.026484338696842,0.0854799885553916,0.015918531574993,1,,
2025-09-25 04:00:00,55.15177783260896,55.64134763238357,54.16264102336877,55.00190734863281,441800,-0.0211593282570605,-0.0318325630791259,0.021146348927399,0.1014405778353495,0.538999171603229,54.76211681365967,54.13756256103515,43.42685297012329,1,1,0.7954621750626032,0.7441830759228169,1,51.4662127001547,16.68512480783418,0.1958815082850664,1.615743975280869,-0.0470832761377449,0.0840590958457057,-0.001623975165383,0,,
2025-09-26 04:00:00,55.02188859850161,55.561417750161056,54.57228097211874,55.261680603027344,388100,0.004722986291147,-0.0425826635143388,0.0367385654387224,0.1260179348049135,0.5672995073017577,54.82356300354004,54.15534706115723,43.49539304733276,1,1,0.7081602682637964,0.7369785143910128,0,53.00243763012135,16.112729719969188,0.1916946866258068,1.974316752495502,-0.0425826635143388,0.0839750008996585,0.0101428475339311,1,,
2025-09-29 04:00:00,55.93109309073513,57.34985450169617,55.93109309073513,57.2899055480957,406100,0.0367021944127636,0.0026228196188804,0.0602810024001785,0.1413216244969357,0.6914453990902945,55.01339683532715,54.20750144958496,43.58046865463257,1,1,0.7934868580620389,0.748280183125218,1,62.88135060397799,15.8050510284017,0.223617923600532,2.1405826945472457,-0.0074433462964917,0.086813091110581,0.0338344066269069,1,,
2025-09-30 04:00:00,56.940214106614086,57.345857648658914,56.27079744971163,56.7503776550293,292500,-0.0094175036231027,0.0079858206321348,0.0608889911658254,0.1518961476506284,0.7077571271861856,55.21222305297852,54.253061599731446,43.66639352798462,1,1,0.8082563274535204,0.7602754119908786,1,59.309909025140776,15.519349386231893,0.223214522058097,2.298837390008293,-0.0167907521788792,0.0856728104486756,0.024399459409069,1,,
2025-10-01 04:00:00,56.43065706452579,56.93621552738406,56.0809643586775,56.160892486572266,262700,-0.0103873347247195,-0.0005334655252486,0.0641802516330909,0.1300763176664527,0.6576231118555269,55.37607975006104,54.30261825561524,43.74427543640137,1,1,0.7635924928553663,0.7609388281637761,1,55.59457578004957,15.073008797990372,0.2206248339983289,1.998908436910108,-0.0270036757404369,0.0844949757935786,0.0164990719213071,1,,
2025-10-02 04:00:00,56.85029349078129,57.74950496089764,56.44065182063208,57.6196174621582,372900,0.025974034795382,0.0475930788533001,0.0895522377293487,0.149720848224371,0.6638777180764912,55.60537910461426,54.37735290527344,43.83069986343384,1,1,0.836263076418021,0.7760036778146252,1,61.94706447192532,15.272212833150906,0.2343881689288027,2.232220514989187,-0.0017310353583402,0.0865899246139917,0.0451708383122455,1,,
2025-10-03 04:00:00,57.699547562315615,58.1891211580266,56.99016875809517,57.49972152709961,353100,-0.0020808179633843,0.040498966004115,0.0842124351049542,0.13667780328663,0.8103176359423523,55.83417892456055,54.45308670043946,43.91697443008423,1,1,0.874104307165652,0.7956238036848307,1,61.17246079853338,15.763692898133089,0.2353641834579638,2.061807495310827,-0.0038082513522557,0.0864110228062805,0.0487560930723875,1,,
2025-10-06 04:00:00,58.93846823186838,58.96844080434296,57.899375857282166,58.51883316040039,554600,0.0177237664154681,0.0214510322638423,0.1057202231830052,0.1655721639348546,0.9667561921393528,56.06897373199463,54.542608413696286,44.00549703598023,1,1,0.9750873469358936,0.8315165123350432,1,65.16028000416058,16.724349201714162,0.2389328665854808,2.432097882843985,0.0,0.087628296460092,0.0626520055528079,1,,
2025-10-07 04:00:00,58.82856102420685,58.97842769108296,57.130045453392114,57.90936279296875,534000,-0.0104149439507975,0.0204225096964925,0.0759235004280847,0.1313682724687646,0.9410581922024036,56.25081462860108,54.62113975524903,44.0913719367981,1,1,0.9944742878503874,0.8641080674381121,1,61.11752981556904,16.80478301194813,0.2403215701665288,1.9908632268997968,-0.0104149439507975,0.0870383466597338,0.040413303927425,1,,
2025-10-08 04:00:00,57.99928415709118,58.85853343238157,57.819441108246,58.76861190795898,462100,0.014837827141392,0.0464330124741199,0.0828423848309951,0.1405855619874676,1.015073577571889,56.49709930419922,54.73484031677246,44.194681606292725,1,1,1.0668745352002844,0.9046613609905466,1,64.46489256507229,16.879471550022526,0.2429730845199765,2.1058371932015536,0.0,0.0878062135485844,0.0433033830586075,1,,
2025-10-09 04:00:00,58.808578132985225,58.83855070413508,57.910361462366616,58.59876251220703,341600,-0.002890137953538,0.0169932584278589,0.0883281266671569,0.1500000299453556,0.759675871603678,56.693427658081056,54.83635154724121,44.29909030914307,1,1,1.0978910218081666,0.9433072931540708,1,63.30474091259557,16.94882519252018,0.2405025870939,2.2379412316993483,-0.002890137953538,0.0878068185673951,0.0546755393829354,1,,
2025-10-10 04:00:00,58.62873512805573,59.14828129278206,55.00190537293871,55.12179946899414,1150300,-0.0593350933390203,-0.0413553665122491,0.0082236323390725,0.0573015888811392,0.7343602133369374,56.71640739440918,54.86592567443848,44.38221761703491,1,1,0.8323155361100802,0.9211089417452728,0,45.32302477107631,16.932907252069125,0.3219815198671938,0.9134996132506308,-0.0620537446873226,0.0848912180227595,0.0125341101534042,1,,
2025-10-13 04:00:00,56.15090192657362,56.23582675204124,55.18174814235739,55.911109924316406,457300,0.0143193883894565,-0.0445621194964055,0.0228476913393744,0.0826078590614758,0.7223760220494033,56.75837059020997,54.965838317871096,44.471089916229246,1,1,0.6777234336531279,0.8724318401268438,0,48.87340018280663,16.918126307364574,0.3254444240903049,1.2393594095404428,-0.048622927969064,0.0848055457166075,0.0113586083386689,1,,
2025-10-14 04:00:00,54.60225733642105,56.33074548938748,53.683059099306966,55.571407318115234,481700,-0.0060757621635665,-0.0403726679433845,0.0090710834305274,0.0415729407595066,0.6988392084660966,56.77335739135742,55.02538619995117,44.553917484283446,1,1,0.5217821376875804,0.8023018996389911,0,47.44549144188264,17.791735049426716,0.3255739597278926,0.7160705251897301,-0.0544032687865944,0.0843933869772627,0.0042754324076061,1,,
2025-10-15 04:00:00,56.18087413537028,56.74038626278663,55.14178181789615,55.7012939453125,471900,0.0023372923858799,-0.0521931327466163,0.0077729267105417,0.0244395500221596,0.6893939902309263,56.79234085083008,55.10052047729492,44.63799396514892,1,1,0.404020999853536,0.7226457196819002,0,48.07022464115292,18.21490014691621,0.3254549646815786,0.4832914710578641,-0.0521931327466163,0.084216748983038,-0.002824531174619,0,,
2025-10-16 04:00:00,56.13091836886799,56.35671884946316,54.352474694345744,54.63222885131836,411300,-0.0191928233308861,-0.0676897171687266,-0.0124615990145516,-0.0009135932362845,0.692879215173217,56.68343601226807,55.11670631408691,44.720571746826174,1,1,0.2218722262477968,0.6224910209950795,0,43.48798035166997,19.045267445291763,0.3325642410972396,0.127322364458414,-0.0703842225016111,0.0831667792319433,-0.0173683490223655,0,,
2025-10-17 04:00:00,53.78297322958189,54.6921780552829,53.58314719738468,54.46237564086914,1557200,-0.0031090294871819,-0.0119630315860047,-0.0413296342867134,-0.0001834784645653,0.6741399341834944,56.52057819366455,55.1252986907959,44.8055973815918,1,1,0.0630850708656041,0.5106098309691844,0,42.79007041477204,20.20579557992162,0.3174334833262299,0.1376253635333039,-0.0732744253656031,0.0824402556104472,-0.0470451283360396,0,,
2025-10-20 04:00:00,55.19174129241667,56.350727706831805,55.11180935490171,56.080963134765625,311300,0.0297193700210514,0.00303791519573,-0.0283884643729699,0.0446677863766222,0.7562578976149537,56.467624473571775,55.16306564331055,44.90091403961182,1,1,0.0670783523913485,0.4219035352536173,0,50.87985387489231,19.80628655827724,0.3304240848451387,0.7504159608399983,-0.045732725105072,0.0840165163600001,-0.0393883501717778,0,,
2025-10-21 04:00:00,55.80120811969046,56.39069285030261,55.37158346120882,55.901123046875,488400,-0.0032067938537085,0.0059331901902777,-0.0216820734314719,0.0374560135078929,0.6801802478373367,56.447642135620114,55.19683616638184,44.99333324432373,1,1,0.0550963482576705,0.3485420978544279,0,50.03329034096991,19.402969498603262,0.3289554592722922,0.6539142384274164,-0.0487928635370004,0.0837483485952635,-0.0281672804739711,0,,
2025-10-22 04:00:00,55.381577006197496,55.381577006197496,53.41329676614695,54.35247802734375,383500,-0.0277032899362801,-0.0242151631036258,-0.0346050646426507,0.0119048625163691,0.5827757731655281,56.35572261810303,55.1794514465332,45.071964511871336,1,1,-0.0784577744678785,0.2631421233899667,0,43.34516478490664,20.086240812359208,0.3388030249395229,0.3066299447830603,-0.0751444306278936,0.0818537865847667,-0.0412404588937163,0,,
2025-10-23 04:00:00,54.67219514348404,55.95107565306018,54.67219514348404,55.77123260498047,462800,0.0261028499367217,0.0208485682830534,-0.0074680421360372,0.0319836645518432,0.5710667248810128,56.39418888092041,55.183447952270505,45.15334335327148,1,1,-0.0690230863705139,0.1967090814378705,0,49.94634014808001,20.24849438901161,0.3519689264962105,0.5707216409828199,-0.0510030644874321,0.0834952857334224,-0.0232183327994141,0,,
2025-10-24 04:00:00,56.70041987729224,57.32987053958785,56.58052578350029,57.04012298583984,205600,0.0227517005020623,0.0473307914801337,0.0370571810226083,0.0566352155347795,0.5818785524948287,56.48311100006104,55.23500289916992,45.248510131835936,1,1,0.04037737584121,0.1654427403185384,0,54.99678196260078,19.368779658874757,0.351766576038358,0.8820645492932985,-0.0294117704332753,0.0847027065755202,0.0076566458791793,1,,
2025-10-27 04:00:00,58.22908486214711,58.73864145604652,57.89937513494577,58.40892791748047,306400,0.0239972296690249,0.041510784633292,0.0569517119296714,0.1003199803270342,0.6189421374005442,56.53906211853028,55.313833999633786,45.3510704612732,1,1,0.2348222638491819,0.1793186450246671,1,59.71851225023835,18.303948791089024,0.35990923132803,1.4170463903925457,-0.0061203417743103,0.0857239899321067,0.0208274964419237,1,,
2025-10-28 04:00:00,58.56878689706078,58.5787802951514,58.08920669555664,58.08920669555664,205700,-0.0054738416424202,0.0391420338165096,0.0139518670839824,0.0853089057163298,0.5963757200352282,56.60600357055664,55.38537139892578,45.45532928466797,1,1,0.3589842608091018,0.2152517681815541,1,58.18294826957107,17.315177271002277,0.3390305780984941,1.2346516757758974,-0.0115606816350604,0.0850289136802471,-0.0205519398918906,0,,
2025-10-29 04:00:00,58.01926831316823,58.18912177889175,57.04012492266362,57.53968811035156,384500,-0.0094599085865483,0.058639646225594,0.0139084617219691,0.0726392677113811,0.5961751101308765,56.6749433517456,55.48468460083008,45.559688034057615,1,1,0.4083349495128061,0.2538684044478045,1,55.53958313805983,16.432928972270254,0.3390468378108532,1.076846378944884,-0.0209112272301429,0.0841841144931514,-0.0173765276022547,0,,
2025-10-30 04:00:00,56.690433880187,56.82031756861653,54.95195225899291,55.28166580200195,398100,-0.0392428666630777,-0.0087781241351799,-0.0156554970129887,0.0857536498140019,0.53056712729849,56.55804576873779,55.53863746643066,45.650158939361575,1,1,0.2622194935631725,0.2555386222708781,1,46.24273973225061,16.713808111106957,0.3648780666169448,1.260684718451185,-0.0593334773912669,0.0817799158792668,-0.0321327971138143,0,,
2025-10-31 04:00:00,56.35072744235752,57.18999372550292,56.01601721979021,56.560543060302734,261900,0.0231338408448333,-0.008407764577509,-0.0183804483351701,0.0754178965207232,0.5462987297141597,56.51108684539795,55.62356315612793,45.7402801322937,1,1,0.2467720145660692,0.2537853007299164,0,51.222805074830326,16.71694958799921,0.3624061908376273,1.141550527711663,-0.0375722477691736,0.0833982298412056,-0.0368598862629147,0,,
2025-11-03 05:00:00,56.71041275796125,56.73539244249435,55.30164468713719,55.76124572753906,301500,-0.0141317124892434,-0.0453300939486858,-0.0302345081574213,0.0734757243907597,0.5345065342214153,56.37320747375488,55.65153877258301,45.8248062324524,1,1,0.1680954615750423,0.2366473328989415,0,48.21633886243882,17.06894760284188,0.3654053373539508,1.115715439071755,-0.0511730000553685,0.0820656584733556,-0.0502871530946523,0,,
2025-11-04 05:00:00,54.102694030973616,55.05486056979567,53.11955253203577,53.263427734375,458200,-0.0447948742997764,-0.083075311847059,-0.0898070782037007,-0.0103953687481218,0.4920235916608946,56.1409107208252,55.64474472045899,45.89364604949951,1,1,-0.0947174664233188,0.1703743730344895,0,40.26320302540688,18.301735567997,0.3880743890774859,0.0070724873528192,-0.0936755862501222,0.0793298774891604,-0.0947002202046787,0,,
2025-11-05 05:00:00,53.32337442901688,54.20260672041963,52.85378761689977,53.8629035949707,305900,0.0112549245532092,-0.0638999729774237,-0.0698757334364825,-0.0031435229385182,0.490461726517172,55.89562530517578,55.64474472045899,45.96083730697632,1,1,-0.251724193594768,0.0859546597086379,0,42.70579249006814,19.543987430408777,0.3909389832762374,0.1056614413102875,-0.0834749733526358,0.0799456863572674,-0.0814889135037727,0,,
2025-11-06 05:00:00,53.59314000894892,53.60313340741066,51.05535801346692,51.185245513916016,282800,-0.0497124718932662,-0.074100883695469,-0.1290376979793179,-0.0554940920800528,0.3764105281687107,55.52494945526123,55.60238182067871,46.01474018096924,0,1,-0.5854688644417791,-0.0483300451214454,0,35.6866719723773,21.301853250201766,0.4166210032850617,-0.5695595123686764,-0.1290376979793179,0.0767953515876112,-0.1253995761345615,0,,
2025-11-07 05:00:00,50.34597660351778,51.8846321105957,49.795459291000526,51.8846321105957,351500,0.0136638320214668,-0.0826708991234711,-0.1145780237289596,-0.0429413995292687,0.3873897610623493,55.36309108734131,55.55941932678223,46.07034156799316,0,1,-0.7844861986814635,-0.195561275833449,0,38.52861758544934,23.29435921923816,0.4221994559221015,-0.3988319095231195,-0.1171370153874773,0.0777681070807235,-0.1143272430371287,0,,
2025-11-10 05:00:00,53.133539746797645,53.40330431941732,52.59401060155831,53.293399810791016,224700,0.0271519261655825,-0.0442573670037153,-0.0331701736121948,-0.0349194921456771,0.3614088677564204,55.23220558166504,55.55542274475098,46.13203760147095,0,1,-0.819091117529652,-0.3202672441726897,0,43.90562749701016,24.026419812046637,0.3879961777371547,-0.2883779003400798,-0.0931655848149521,0.0786523357379929,-0.0734926701498616,0,,
2025-11-11 05:00:00,53.01364814108679,53.20348078494175,52.60400646965732,52.83380508422852,94400,-0.0086238582675191,-0.0080659970343818,-0.0550392371793987,-0.049262783974778,0.2881852113311403,55.0953254699707,55.55662178039551,46.19673105239868,0,1,-0.8735316889167919,-0.4309201331215101,0,42.59655801236266,24.70619036251165,0.3844695969217099,-0.4760809933713129,-0.1009859962836166,0.0777959625376845,-0.0826547735727892,0,,
2025-11-12 05:00:00,53.18349644519319,53.30039481031057,52.23432562736082,52.68393325805664,142900,-0.002836665387491,-0.0218883546601847,-0.0519597073280764,-0.0326545135404989,0.2770646180534042,54.94445743560791,55.552625274658205,46.25408090591431,0,1,-0.9181853684285032,-0.5283731801829087,0,42.1551675181976,25.47396615473953,0.3842441538969621,-0.2630704502789671,-0.1035361981908287,0.0775321426473438,-0.0813007342834507,0,,
2025-11-13 05:00:00,52.12442206169322,52.43415261542638,49.69654843463351,50.00627517700195,193800,-0.0508249463444381,-0.0230334020102244,-0.102242126976474,-0.081904036861544,0.2273173226246156,54.71315975189209,55.49207817077637,46.296893482208255,0,1,-1.1563091480910046,-0.6539603737645279,0,35.14764498027465,26.99546167430345,0.4188134736269514,-0.8642985882552376,-0.1490989228175108,0.0748333620743119,-0.1114194862902631,0,,
2025-11-14 05:00:00,48.85728213938856,50.55579395829745,48.51757901333384,49.69654846191406,360900,-0.0061937569633327,-0.0421720952751016,-0.0903437493432083,-0.0883430899836683,0.2017396356181602,54.47486839294434,55.42753463745117,46.33396108627319,0,1,-1.3544035949208748,-0.7940490179957973,0,34.434599952489506,28.714951114533573,0.415588243312296,-0.9485360023251428,-0.1543691972894172,0.0743820302830877,-0.1056281009074059,0,,
2025-11-17 05:00:00,49.24694056620213,49.54667772024979,47.64733748145556,48.2478141784668,277900,-0.0291516076726642,-0.0946756193119165,-0.1141074253422553,-0.0822880422140063,0.1658620099077126,54.0832109451294,55.31603218078613,46.36688230514526,0,1,-1.6097395448782803,-0.957187123372294,0,31.24193460713936,30.52222967702033,0.4244489151784182,-0.8778428233871725,-0.1790206946859562,0.0728927818650187,-0.1158108217245581,0,,
2025-11-18 05:00:00,47.53843428394743,48.45762871044309,47.29364558029979,47.92809295654297,319900,-0.0066266467687259,-0.0928517663996524,-0.1453767860339856,-0.0885426664246572,0.1663019128965026,53.6845594406128,55.1891431427002,46.401052417755125,0,1,-1.8169492949427948,-1.129139557686394,0,30.568341487265656,32.28481861076649,0.4047651983589493,-0.9600910333687898,-0.1844610345467064,0.0730229545281029,-0.1308500079292879,0,,
2025-11-19 05:00:00,47.878133244269954,48.16788080280756,46.59925272571029,47.40854644775391,300100,-0.0108401247940354,-0.1001327441605927,-0.1519213950674974,-0.0937739014424009,0.173633419562512,53.3373628616333,55.06045570373535,46.42907791137695,0,1,-2.0000324468916943,-1.303318135527454,0,29.45690540029223,34.086413108604454,0.4046944613615694,-1.0278976344872708,-0.1933015787066188,0.0719534062049099,-0.1408379100984526,0,,
2025-11-20 05:00:00,48.35771894267023,48.37769811652801,45.04561251081247,45.15052032470703,392100,-0.0476290941662874,-0.0971029102869093,-0.1693015302449941,-0.1694541370817655,0.1035408500124797,52.80632724761963,54.870022201538085,46.44361520767212,0,0,-2.300808710264043,-1.502816250474772,0,25.17302583008569,36.09456264729705,0.422711842089481,-2.064545502093961,-0.2317238937781965,0.0695869991144367,-0.149862186981743,0,,
2025-11-21 05:00:00,45.37532649056519,46.25955167989997,44.41116935956424,45.74000549316406,321400,0.0130559994484593,-0.0796140394293615,-0.1798638230369791,-0.1466915233765728,0.1281418441397859,52.24132137298584,54.691578216552735,46.46229887008667,0,0,-2.463215128695793,-1.6948960261189765,0,28.112255968730835,38.08434334706133,0.4115423095253901,-1.7359335884775189,-0.2216932813591001,0.0698002312690036,-0.1640218887104993,0,,
2025-11-24 05:00:00,46.19960531608623,47.4385198883065,45.959813308779104,47.27865982055664,268400,0.0336391373547722,-0.0200870106638466,-0.1711332769690288,-0.1222407879071125,0.1413410725394017,51.68480796813965,54.53571449279785,46.48872577667236,0,1,-2.439644141194229,-1.8438456491340272,0,35.26047394797672,38.93847786422749,0.4236992331889576,-1.360071667879582,-0.195511714746597,0.0711017393828172,-0.1605729939760133,0,,
2025-11-25 05:00:00,46.78909001191081,47.80819556130741,46.25955044096649,47.5883903503418,110700,0.0065511698292786,-0.0070877555363861,-0.1852548566278398,-0.1072164471840451,0.1591628092209251,51.159767150878906,54.38204887390137,46.51380384445191,0,1,-2.368666782329015,-1.9488098757730248,0,36.626559364220654,39.43312566386539,0.4109286241372498,-1.1612935825005255,-0.1902413753642368,0.0709006545110713,-0.1729193360315528,0,,
2025-11-26 05:00:00,47.97805040565655,48.9971597956996,47.78821776087624,48.73738479614258,325300,0.0241444276081199,0.0280295104565817,-0.1609906974358698,-0.0980029952635357,0.1917909027646924,50.71965198516845,54.25036407470703,46.54737447738648,0,1,-2.1944067102501776,-1.9979292426684556,0,41.55358491798696,38.97583452096451,0.4269762067665998,-1.030745244398657,-0.1706902168716678,0.0721146612577508,-0.1518807175528621,0,,
2025-11-28 05:00:00,49.276910959911454,49.75149444856089,49.02712937401922,49.53668594360352,171200,0.0164001649001939,0.0971454057971579,-0.1390866448806537,-0.0739634351710687,0.205739324178473,50.43240299224853,54.10489128112793,46.58334302902222,0,1,-1.9691087649750043,-1.9921651471297652,1,44.77040364340982,38.01241824153325,0.4351618921398015,-0.7202528148704703,-0.1570893996750191,0.0728994388350807,-0.1340475661710354,0,,
2025-12-01 05:00:00,48.28777927660468,48.867270589115655,48.00002886973325,48.3776969909668,343100,-0.0233965783249249,0.0576670568655035,-0.1248871341135515,-0.0833017874567136,0.1681543638503306,50.02326068878174,53.91805458068848,46.605873317718505,0,1,-1.8626082540440976,-1.966253768512632,1,41.227125023754425,37.52636191586736,0.4235578682201148,-0.8308745236561962,-0.1768106235564319,0.0715203615791863,-0.1254532263792844,0,,
2025-12-02 05:00:00,48.90723553786227,49.81644036284969,48.86726956918128,49.05710220336914,270700,0.0140437692296349,0.0376161758722111,-0.1326621077335432,-0.0723597650174997,0.170440891302658,49.68805351257324,53.75639587402344,46.629202899932864,0,1,-1.7037438111112235,-1.9137517770323504,1,44.02386115653395,36.4098781453224,0.416799328019254,-0.6902550196783157,-0.1652499419213714,0.072390694317051,-0.1319876398469538,0,,
2025-12-03 05:00:00,49.16700643175622,50.15614318847656,48.85727970465256,50.15614318847656,160400,0.0224033001491055,0.0539575476125833,-0.1005196793208348,-0.0542577825142737,0.1960924158604555,49.53268928527832,53.6335033416748,46.66012586593628,0,1,-1.472188698193868,-1.825439161264654,1,48.30894798199383,35.14131546511888,0.4273651247320394,-0.4611288631796744,-0.1465487858207527,0.0737570811247942,-0.1012430473735719,0,,
2025-12-04 05:00:00,50.06622359534786,50.65570831298828,49.67656491631455,50.65570831298828,109400,0.0099601981482997,0.039360411414556,-0.0489589110635431,-0.0428544440077248,0.2129187254054285,49.3723295211792,53.52280014038086,46.69814262390137,0,1,-1.2341424465375184,-1.707179818319227,1,50.17600732563105,33.620450517875334,0.4040662117553378,-0.3233654100477526,-0.1380482426176204,0.0744372984225386,-0.0616738512837153,0,,
2025-12-05 05:00:00,50.29602374390305,50.73563799319109,49.86639908173675,49.94633102416992,124000,-0.0140038963513312,0.0082695293955024,-0.0727137289191086,-0.072025166272602,0.1246345060320195,49.310383796691895,53.4216886138916,46.73650909423828,0,1,-1.090163173304667,-1.583776489316315,1,47.54961496130704,32.15191589392835,0.4030397639252149,-0.6776311816872125,-0.1501189256878511,0.0732557342446189,-0.0836812143028195,0,,
2025-12-08 05:00:00,50.19610928689399,50.36595893621453,49.56665862189678,49.916351318359375,141800,-0.0006002383998143,0.0318050346150184,-0.0247902336467578,-0.0802651424150124,0.1184239789219283,49.21196975708008,53.314782028198245,46.78576602935791,0,1,-0.9673269309412476,-1.460486577641302,1,47.43660625897937,30.95718874051324,0.365945145731982,-0.7808928616793144,-0.1506290569439288,0.0734323745716936,-0.0437914137560914,0,,
2025-12-09 05:00:00,49.7564911148233,50.89549453592645,49.52669251331692,50.46586990356445,161400,0.0110087891180252,0.0287168959624883,-0.0273445555903154,-0.0627203835348338,0.1350560869008272,49.07059326171875,53.178301315307614,46.84181699752808,0,1,-0.8162278005724559,-1.331634822227533,1,49.79207247812327,29.442131243087523,0.3647237658981883,-0.5638355633035315,-0.1412785113488462,0.0743049120086099,-0.0445323308244949,0,,
2025-12-10 05:00:00,50.345979091490456,51.20522841222618,50.05623151843031,50.80557632446289,135100,0.0067314091988819,0.012948227170217,-0.0466816434147701,-0.0707236846695656,0.1284952664361385,48.96918182373047,53.05940528869629,46.90631061553955,0,1,-0.6614444620001905,-1.1975967501820644,1,51.24654309344293,27.79963505125359,0.3514355740383886,-0.664999150294773,-0.1354981056208621,0.0743122301501236,-0.0551808862018678,0,,
2025-12-11 05:00:00,50.29602222637205,50.505837851881374,49.806448622152296,50.345977783203125,136600,-0.0090462223737922,-0.006114425009545,-0.0470877934507889,-0.0789618161134659,0.1403032463301654,48.852284049987794,52.943106994628906,46.965758628845215,0,1,-0.5693007674130115,-1.0719375536282538,1,49.171139800879146,26.444484968056237,0.3515383407446226,-0.7656198821239699,-0.1433185819999806,0.073469026577048,-0.0556190298248508,0,,
2025-12-12 05:00:00,50.36596033378865,50.56578637075408,49.02713084089435,49.4467658996582,135200,-0.0178606499096523,-0.010002038473456,-0.0614450584496441,-0.102140758234157,0.1229862302170752,48.82430858612061,52.77964996337891,47.026105861663815,0,1,-0.5623526581769198,-0.9700205745379872,1,45.30520843993726,25.69902794907371,0.3557847260038195,-1.052017040080254,-0.1586194688909833,0.0729410888314941,-0.0592148450834406,0,,
2025-12-15 05:00:00,49.78646833967735,49.78646833967735,48.09794235229492,48.09794235229492,252100,-0.0272782966251106,-0.0364291242856854,-0.038161867044732,-0.1297903387896739,0.0478885546609504,48.74437828063965,52.59161437988281,47.07641187667846,0,1,-0.6580988651670552,-0.9076362326638008,1,40.19964302648998,25.557803188992988,0.3236098335237073,-1.3899339452876267,-0.1815708965931682,0.071058735561456,-0.0504404240064425,0,,
2025-12-16 05:00:00,48.242816340252006,48.9322121594203,48.242816340252006,48.85728073120117,156500,0.0157873360432854,-0.0318747933095603,-0.0168878474801138,-0.1168502200213043,0.0809018693000627,48.77485160827637,52.39838333129883,47.13690896987915,0,1,-0.6650399958002353,-0.8591169852910878,1,44.02403333758702,25.426665911775174,0.3286418625838809,-1.216119214390775,-0.1686500813100797,0.072378322815956,-0.0269380582851244,0,,
2025-12-17 05:00:00,48.99716015577561,49.48672996325704,47.63834762573242,47.63834762573242,172500,-0.0249488528060939,-0.0623401785367692,-0.0126320033997805,-0.1614491361616858,0.0157648807507289,48.76036434173584,52.1929630279541,47.19281009674072,0,1,-0.7601362291166183,-0.839320834056194,1,39.64138651835344,25.657953895137545,0.3243363844438235,-1.8075528987445812,-0.1893913080618328,0.0713577603802252,-0.0210586212450502,0,,
2025-12-18 05:00:00,48.78734122490043,49.487725194373645,48.27778465490907,48.29776763916016,169400,0.0138422100323132,-0.0406826966965035,0.0077131106166143,-0.1632335544866707,0.0149065199221067,48.80482540130616,51.98354614257813,47.24551401138306,0,1,-0.7733759979757622,-0.8261318668401076,1,42.95016701709931,25.871665486090794,0.3271277381566622,-1.8341897542458767,-0.1781706922940059,0.0718032988967049,-0.0167023594057487,0,,
2025-12-19 05:00:00,48.847289140284566,49.45675685477797,48.847289140284566,49.28690719604492,151100,0.0204800264118782,-0.0032329455871326,0.0396207200817901,-0.1374365625073852,0.0225954090688882,49.011644744873045,51.79730903625488,47.311506328582766,0,1,-0.696029914931863,-0.8001114764584587,1,47.59118422570592,26.070111963404525,0.3313284811593445,-1.478413835401346,-0.1613396063661316,0.0726156840611282,0.0092042599669608,1,,
2025-12-22 05:00:00,49.88637975259116,50.09619537469548,49.48672768169897,49.54667663574219,300300,0.0052705567152753,0.0301205043832428,0.0973666810353348,-0.1199644906002198,0.002223147665664,49.20197830200196,51.68580657958984,47.37984657287598,0,1,-0.6067768186118485,-0.7614445448891367,1,48.76987368281303,25.5297593712253,0.2777020134827243,-1.2568452750950565,-0.1569193991966292,0.0725464525577817,0.0425288269505366,1,,
2025-12-23 05:00:00,49.14702434241537,49.19198701058544,48.53756046354185,49.09706878662109,146700,-0.0090744300051955,0.0049079288046987,0.0733944663377608,-0.1262447048047675,0.0010184790759131,49.29289875030518,51.54952575683594,47.46012638092041,0,1,-0.5658004967113897,-0.7223157352535874,1,46.807676507205386,25.679635455618303,0.2797653048982739,-1.3357279504065365,-0.1645698750973575,0.0715610682228495,0.0252268068720258,1,,
2025-12-24 05:00:00,48.95719292850318,49.21696411193967,48.71740091879168,49.177001953125,128800,0.0016280639247794,0.0322986502277726,0.0401521984712216,-0.1059036981860703,-0.0152060526896161,49.37232933044434,51.42163764953613,47.53840793609619,0,1,-0.5208722369632923,-0.6820270355955284,1,47.21429317166702,25.789977283877143,0.257436936376146,-1.0863774790979526,-0.1632097414493296,0.0714263235304416,0.0045650662057201,1,,
2025-12-26 05:00:00,49.119998931884766,49.18000030517578,48.70000076293945,48.93999862670898,152500,-0.004819393558028,0.0132973224010479,0.0284020591244367,-0.1143953985353831,-0.0027933356050837,49.382460021972655,51.28641174316406,47.61120822906494,0,1,-0.4986424157697584,-0.6453501116303744,1,46.08930367847794,25.904741179998656,0.2579180981035363,-1.194684388273615,-0.1672425630308093,0.0710893014907482,0.0026607226827146,1,,
2025-12-29 05:00:00,48.52999877929688,49.13999938964844,48.459999084472656,48.650001525878906,227100,-0.0059255641391008,-0.0129224109687516,-0.0017929413042816,-0.1508102333135018,-0.0308013559791922,49.33812580108643,51.16676719665527,47.68980220794678,0,1,-0.4986770264020705,-0.6160154945847136,1,44.68625471044456,26.18744169410634,0.245322608464364,-1.7180026826135877,-0.1721771206358835,0.0709207926121804,-0.0165551446092679,0,,
2025-12-30 05:00:00,48.59999847412109,48.810001373291016,48.2400016784668,48.33000183105469,207700,-0.006577588587618,-0.0245561334745468,-0.0243594033303442,-0.1483756791040206,-0.0190172255143388,49.33574104309082,51.04411972045899,47.76020196914673,0,1,-0.5185482551010878,-0.5965220466879885,1,43.12614925743713,26.61246774623431,0.2388287200859873,-1.6860482073745875,-0.1776221989597579,0.0705404418013711,-0.0323596048392953,0,,
2025-12-31 05:00:00,48.31999969482422,48.39500045776367,47.619998931884766,47.630001068115234,220700,-0.0144837727378206,-0.029880963462031,-0.0154553848024467,-0.1519009232358036,-0.0415833183139985,49.26438598632812,50.875100479125976,47.82365472793579,0,0,-0.5840480164518809,-0.594027240640767,1,39.848757094890246,27.441603675668944,0.2301668963614877,-1.7310616949816302,-0.1895333321346535,0.0700376567875422,-0.0207312261698024,0,,
2026-01-02 05:00:00,48.34999847412109,48.380001068115234,47.52000045776367,48.15999984741211,252400,0.0111274148102353,-0.0206804413714013,-0.0182869006864294,-0.1641735580934517,-0.0390329142428452,49.1645788192749,50.72027801513672,47.894503326416014,0,1,-0.5864305705411965,-0.592507906620853,1,43.35856247587313,28.27916304832869,0.2280342930494076,-1.9233306512059325,-0.1805149333314465,0.0706874219937842,-0.0235288850222517,0,,
2026-01-05 05:00:00,48.959999084472656,50.29999923706055,48.90999984741211,49.959999084472656,292700,0.0373753995590444,0.020841857098194,-0.0039106695916956,-0.1311262427431667,-0.012370486267902,49.12979335784912,50.6324284362793,47.968307209014895,0,1,-0.4380245917796586,-0.5616112436526142,1,53.32055570458612,26.664363497699625,0.2518662028989036,-1.4236168074814468,-0.1498863515320391,0.0728442416940733,-0.0123762954932616,0,,
2026-01-06 05:00:00,50.08000183105469,50.22999954223633,49.41999816894531,49.93000030517578,703300,-0.0006004559617015,0.0263103543504719,-0.0143262829004096,-0.1467704052075437,-0.0054993348644974,49.12897682189941,50.5156037902832,48.04206102371216,0,1,-0.3191534330724579,-0.5131196815365829,1,53.15277043645124,25.16490677211549,0.2492115241155594,-1.6428722886124016,-0.1503968073403856,0.0723701036576907,-0.0277709536570439,0,,
2026-01-07 05:00:00,49.59999847412109,49.869998931884766,49.02000045776367,49.40999984741211,148400,-0.0104145895170316,0.0223463268247481,-0.0107381496450313,-0.1467700996113985,-0.0346827615786518,49.10365924835205,50.363001327514645,48.11126653671265,0,1,-0.2638652007095317,-0.4632687853711726,1,50.20373485201897,24.142841205357445,0.2470746247914227,-1.6428683851656611,-0.159245075844295,0.0718479904427925,-0.019216841061555,0,,
2026-01-08 05:00:00,49.220001220703125,49.54999923706055,48.709999084472656,49.209999084472656,164600,-0.0040477790640982,0.0331723279640048,-0.0141507184565976,-0.16264826602433,-0.0449287019221799,49.04086570739746,50.17902275085449,48.17272792816162,0,1,-0.2334956755233861,-0.4173141634016153,1,49.07592670849751,23.473037030015544,0.2473984245616259,-1.8685117171569827,-0.16264826602433,0.071564431779974,-0.0254375921058607,0,,
2026-01-09 05:00:00,49.29999923706055,49.4900016784668,48.47999954223633,48.93999862670898,187200,-0.0054866991015424,0.0161959879935253,-0.0302357074151554,-0.1648288030568219,-0.0395530985058466,48.94758682250976,49.996038589477536,48.232539596557615,0,1,-0.2285794666604204,-0.3795672240533764,1,47.523797515889584,23.057194308777607,0.2442557936313984,-1.8981496275457883,-0.1672425630308093,0.070704188270694,-0.048458757847647,0,,
2026-01-12 05:00:00,48.65999984741211,49.47999954223633,48.630001068115234,49.27999877929688,170300,0.0069472856993981,-0.0136108950687934,-0.0300277578867153,-0.1059798617964795,-0.054751087385682,48.89428787231445,49.83084480285645,48.30024583816528,0,1,-0.1950003225680561,-0.3426538437563123,1,49.68195156649964,22.671054639056667,0.2443469014434724,-1.201427623618754,-0.1614571591978857,0.0710837567100741,-0.0434447120417108,0,,
2026-01-13 05:00:00,49.27999877929688,49.61000061035156,48.66999816894531,49.310001373291016,156500,0.000608818886715,-0.0124173628699236,-0.0205771435083289,-0.11806434463492,-0.0452095283152312,48.88744964599609,49.71141151428223,48.37049999237061,0,1,-0.1640762811221634,-0.3069383312294826,1,49.877842428115606,22.13004194613128,0.2427934802265195,-1.375063797485791,-0.1609466384790856,0.0712695355057486,-0.0299376645339489,0,,
2026-01-14 05:00:00,49.20000076293945,49.27999877929688,48.5,48.900001525878906,158800,-0.0083147401337163,-0.0103217632687346,-0.0110576367095239,-0.1200510498869726,-0.0834689843125335,48.92755260467529,49.55820068359375,48.44564807891846,0,1,-0.1706847688869288,-0.2796876187609718,1,47.175052138671,21.807594875427245,0.2365523645104648,-1.4018397055070744,-0.1679231491384532,0.0710260577699464,-0.0262544896467306,0,,
2026-01-15 05:00:00,49.15999984741211,49.20500183105469,47.96500015258789,48.060001373291016,307800,-0.0171779166948153,-0.0233691878190768,-0.000788827487172,-0.1371833943305465,-0.1160965447363379,48.887688636779785,49.40417579650879,48.51979337692261,0,0,-0.2409257926254469,-0.2719352535338669,1,42.13714507405267,22.045816023779928,0.224379217607331,-1.6341344076665485,-0.1822164959662371,0.0696163976899892,-0.0202978262991931,0,,
2026-01-16 05:00:00,48.18999862670898,48.18999862670898,47.38999938964844,47.810001373291016,512100,-0.0052018308958878,-0.0230894418701774,-0.0214354819227862,-0.1248755106915743,-0.1256750185059135,48.89627132415772,49.29510726928711,48.589441509246825,0,0,-0.3131553605957933,-0.2801792749462521,0,40.74260225350969,22.77837584992428,0.2175139839444025,-1.471489358602306,-0.1864704674636674,0.0693123399685328,-0.0423605124868586,0,,
2026-01-20 05:00:00,46.34000015258789,46.95000076293945,45.92499923706055,45.97999954223633,482800,-0.0382765483892458,-0.0669642718913159,-0.0348112007688595,-0.1557474494790041,-0.1559023516406791,48.78038291931152,49.13744918823242,48.64619291305542,0,0,-0.5121598079433554,-0.3265753815456728,0,32.31248978284577,24.46373853113009,0.2398052655582782,-1.8570046764567865,-0.2176095699818749,0.0680444695194348,-0.0464321027332664,0,,
2026-01-21 05:00:00,46.20000076293945,46.59000015258789,45.380001068115234,46.060001373291016,334400,0.0017399267475242,-0.0659095499794566,-0.0463327059459111,-0.1786874048042593,-0.1420011892536268,48.61903762817383,49.03494430541992,48.71768177986145,0,0,-0.6558564817874384,-0.3924316015940259,0,32.96549417584447,26.32317849376533,0.2335841817514841,-2.2340289821636543,-0.2162482679456794,0.0673851643926708,-0.0615310796567991,0,,
2026-01-22 05:00:00,46.59000015258789,46.775001525878906,46.29999923706055,46.459999084472656,253900,0.0086842748427182,-0.0498977988807413,-0.0573561676395696,-0.1688897010975188,-0.1377596225152787,48.464703750610354,48.92645164489746,48.80121185302735,0,0,-0.729056548644671,-0.4597565910041549,0,36.27569928285757,27.75596873477346,0.2224935061837719,-2.0838218188569075,-0.2094419524960632,0.0676171756190359,-0.0688351078244272,0,,
2026-01-23 05:00:00,46.52999877929688,46.900001525878906,46.25,46.470001220703125,189800,0.000215284899431,-0.0330836476727925,-0.0620965042248584,-0.1450251597116711,-0.1348468017830838,48.333350372314456,48.789983673095705,48.88439229011536,0,0,-0.7773008004301616,-0.5232654328893563,0,36.36032539422055,28.882510667417407,0.220890694770304,-1.7651512397187603,-0.2092717572863119,0.0676072060174817,-0.0680839154246171,0,,
2026-01-26 05:00:00,46.09999847412109,46.54999923706055,46.09000015258789,46.29999923706055,329000,-0.0036583167457899,-0.0315833945379058,-0.0569701943249765,-0.1698229163232466,-0.1432708109603019,48.18950023651123,48.65930755615234,48.97006978988647,0,0,-0.8198022864167243,-0.5825728035948299,0,35.49746108538169,30.034182455487425,0.219794500655098,-2.165907812397116,-0.2121644916580004,0.0670195423515758,-0.0634636399938985,0,,
2026-01-27 05:00:00,46.41999816894531,46.41999816894531,45.75,46.04999923706055,233200,-0.0053995681235322,0.0015223944219469,-0.0635866887339956,-0.1926735633355415,-0.1469504565881243,48.04500026702881,48.52662887573242,49.03381536483764,0,0,-0.8637017151934643,-0.6387985859145568,0,34.211700499005644,31.32561980490296,0.2193994934059587,-2.5515515387428693,-0.2164184631554307,0.0663931379292957,-0.0704668160471787,0,,
2026-01-28 05:00:00,46.2599983215332,46.64799880981445,45.75,45.77000045776367,275800,-0.0060803210409509,-0.0062961551645872,-0.0647731560665652,-0.2163869105348577,-0.137774860815708,47.90100021362305,48.44190338134766,49.10375432014465,0,0,-0.9105891849175194,-0.6931567057151494,0,32.779619641434394,32.109900651755666,0.2195722895422972,-2.9784803277682736,-0.2211828904612075,0.0659960901558067,-0.0716452578395967,0,,
2026-01-29 05:00:00,45.79999923706055,45.79999923706055,44.28099822998047,44.970001220703125,220800,-0.0174786809932148,-0.0320705530161644,-0.0756423471686479,-0.2258458364496313,-0.1598035919014088,47.73300018310547,48.34737243652344,49.1662962436676,0,0,-1.0007649002227623,-0.754678344616672,0,29.039388336016412,33.719688324653475,0.2250298475012115,-3.120888476131375,-0.2347955862708937,0.0649714938412358,-0.083886523991312,0,,
2026-01-30 05:00:00,44.470001220703125,44.630001068115234,43.04999923706055,43.290000915527344,220400,-0.0373582445980087,-0.0684312507347006,-0.1042830689960551,-0.2476497120995109,-0.1929995381239726,47.51600017547607,48.24821617126465,49.2191892528534,0,0,-1.1940277795759613,-0.84254823160853,0,23.08290984905811,35.73866208817107,0.253543277134087,-3.402851155307187,-0.2633822799264615,0.0627313742409359,-0.1107034115610455,0,,
2026-02-02 05:00:00,42.7400016784668,43.310001373291016,42.4900016784668,42.59999847412109,232200,-0.0159390719984662,-0.0799136247064518,-0.1056057627796561,-0.2294009622159688,-0.1633192821828301,47.238000106811526,48.14165428161621,49.26733340263367,0,0,-1.3868803410095794,-0.95141465348874,0,21.1629008652118,37.812858114604666,0.2542703838743061,-3.1808455178619184,-0.2751232828020596,0.0614261228493634,-0.1229557688416348,0,,
2026-02-03 05:00:00,42.68999862670898,42.70000076293945,40.22999954223633,41.06999969482422,439700,-0.0359154655891905,-0.1081433143266694,-0.1472176116082125,-0.2738754355481183,-0.219112648285131,46.793500137329104,48.01488334655762,49.311324491500855,0,0,-1.6442219331763042,-1.089976109426253,0,17.655955020402274,40.34767974273984,0.2681047542835738,-3.919146577834599,-0.3011575675949878,0.0597249733745848,-0.1550834407309878,0,,
2026-02-04 05:00:00,40.47999954223633,40.52999877929688,38.79999923706055,39.36000061035156,531300,-0.0416362088429271,-0.1400480616845792,-0.212169709134673,-0.2941334057945435,-0.2422693464620591,46.26500015258789,47.89907295227051,49.345466718673705,0,0,-1.9635154502087104,-1.2646839775827443,0,14.719990130941897,42.97138759856977,0.2400130198220008,-4.163569843868413,-0.3302547170589021,0.0575168590705764,-0.2104130987850475,0,,
2026-02-05 05:00:00,38.77999877929688,39.02000045776367,37.0,37.119998931884766,495300,-0.0569106108671574,-0.1745608644814624,-0.2565592087922163,-0.3030865546805887,-0.310331226930208,45.65050010681152,47.72667282104492,49.37140632629394,0,0,-2.3699875367618404,-1.4857446894185635,0,11.923044845974474,45.67124943039734,0.2839770731185642,-4.223814110443246,-0.3683703302364771,0.054929566445256,-0.2409909110387362,0,,
2026-02-06 05:00:00,38.220001220703125,39.0,37.869998931884766,38.79999923706055,320600,0.0452586302132869,-0.1037191402982001,-0.2147338725585378,-0.2796526617127379,-0.2819170900943445,45.13000011444092,47.557099609375,49.39905178070068,0,0,-2.52742304989615,-1.6940803615140811,0,23.64171470288564,48.17826398852294,0.3502479076505337,-3.655690202028346,-0.3397836365809092,0.0563348357895483,-0.2159163333259302,0,,
2026-02-09 05:00:00,38.81999969482422,40.34000015258789,38.72999954223633,40.13999938964844,298300,0.0345360870860009,-0.0577464594503932,-0.184312128908088,-0.2157896482349517,-0.2593086897059319,44.69000015258789,47.408131790161136,49.42805191040039,0,0,-2.5150728209499675,-1.8582788534012584,0,31.47340249357491,48.930532895452885,0.3840610894504367,-2.6966740886440634,-0.3169823467582647,0.0580007507026151,-0.1895310385340679,0,,
2026-02-10 05:00:00,40.18000030517578,41.02000045776367,40.18000030517578,40.38999938964844,147100,0.0062282013901691,-0.0165571051918336,-0.1747037081524228,-0.2215421455903485,-0.2549702153332507,44.24550018310547,47.24118408203125,49.4525071144104,0,0,-2.4567918971778795,-1.9779814621565823,0,32.85703126015744,48.92031295315274,0.3876818758161102,-2.7945203599474584,-0.3127283752608344,0.0585163079507311,-0.172378477400816,0,,
2026-02-11 05:00:00,40.47999954223633,40.47999954223633,38.18000030517578,38.93000030517578,961800,-0.0361475391566071,-0.0109248043320073,-0.2100243248883614,-0.2695155414480966,-0.295023687761039,43.72650012969971,47.0290503692627,49.46686475753784,0,0,-2.4995997397397005,-2.082305117673206,0,29.15476826667532,49.51547727549165,0.3942902497975045,-3.5426177373964163,-0.3375715532273184,0.0564141223980196,-0.2063711175520289,0,,
2026-02-12 05:00:00,38.900001525878906,38.95000076293945,36.560001373291016,36.970001220703125,534500,-0.0503467523531478,-0.0040408867321598,-0.2502534944010751,-0.3002585908441586,-0.3347298007216096,43.13000011444092,46.80089645385742,49.471322498321534,0,0,-2.661006383929952,-2.1980453709245555,0,25.070696921571425,50.45290983736318,0.4145908105683625,-3.897808706585262,-0.3709226741886631,0.0544144972729709,-0.2364970967352259,0,,
2026-02-13 05:00:00,37.22999954223633,38.01499938964844,37.0,37.58000183105469,231400,0.0164998807197755,-0.0314432327318335,-0.2314928290714559,-0.2866895179033012,-0.3099823246995076,42.606000137329104,46.571354446411135,49.47728160858154,0,0,-2.708478704519002,-2.3001320376434453,0,28.430920998116196,51.32338293052959,0.4270697356058772,-3.6484563220458894,-0.3605429733492605,0.0552733906854696,-0.221787152195603,0,,
2026-02-17 05:00:00,37.310001373291016,38.22999954223633,37.040000915527344,37.900001525878906,302500,0.008515159106772,-0.0558046312364218,-0.2114024044339385,-0.2420950892317362,-0.3041705609808454,42.11050014495849,46.32623161315918,49.4865392112732,0,0,-2.6892792227208133,-2.377961474658919,0,30.19931966825932,51.9106351023392,0.4324702958726076,-3.075336142301513,-0.355097895025386,0.0556542561253158,-0.2005582309335887,0,,
2026-02-18 05:00:00,37.86000061035156,39.150001525878906,37.86000061035156,38.540000915527344,264900,0.0168865267514946,-0.0458033796008233,-0.1938924951159349,-0.2244934083286842,-0.2930040569396313,41.73850021362305,46.08391746520997,49.498647117614745,0,0,-2.5925357546423484,-2.420876330655605,0,33.72635867914413,51.53725191623876,0.4427764729094799,-2.7837282392971416,-0.3442077383776371,0.0563103850867579,-0.1875849940671112,0,,
2026-02-19 05:00:00,38.130001068115234,38.52799987792969,37.900001525878906,38.41999816894531,272400,-0.0031137193495416,-0.013100491452158,-0.1644193442487216,-0.2036945336667226,-0.2692209514955994,41.35650005340576,45.853390808105466,49.50785701751709,0,0,-2.4967678918621417,-2.436054642896912,0,33.385709359720096,51.19053895771692,0.4309152936525595,-2.508944378761467,-0.3462496914319304,0.0562834943494156,-0.172842484526388,0,,
2026-02-20 05:00:00,38.18000030517578,39.04999923706055,38.040000915527344,38.4900016784668,267100,0.001822059158193,0.0411144281194255,-0.16435083519589,-0.1969219031233688,-0.268028579168065,40.95800018310547,45.62486381530762,49.51861589431763,0,0,-2.387698569643888,-2.4263834282463077,1,33.805731101461376,50.34079206018552,0.4309391690949309,-2.4087942650896217,-0.3450585196950324,0.055981197763984,-0.1692355688595326,0,,
2026-02-23 05:00:00,38.040000915527344,38.09000015258789,36.56999969482422,36.86000061035156,353800,-0.0423486878938521,-0.019159158744589,-0.2066293298169585,-0.2225030427589098,-0.2954119657990024,40.47750015258789,45.35274642944336,49.52442197799682,0,0,-2.405063732090128,-2.4221194890150715,1,29.19045224278905,50.12639676182128,0.4419275913873656,-2.7111485108779263,-0.3727944320332049,0.0541635485318697,-0.1989675990456292,0,,
2026-02-24 05:00:00,36.5,37.52999877929688,36.290000915527344,37.310001373291016,319100,0.0122083764375489,-0.0155672857212163,-0.1971164107336236,-0.1736529035552568,-0.3136808377133233,40.02800025939941,45.08283493041992,49.53027997970581,0,0,-2.35536328588514,-2.408768248389085,1,31.952491743913967,50.026864650358576,0.4475392448765707,-2.085291670272321,-0.3651372703557397,0.0544291815772063,-0.1949204118399419,0,,
2026-02-25 05:00:00,38.11000061035156,39.27999877929688,37.93000030517578,39.18000030517578,195400,0.0501205806232811,0.0166061072767278,-0.1537796770887548,-0.1434194228281998,-0.2690725325883152,39.68450031280518,44.85951538085938,49.54024255752564,0,0,-2.140408739039892,-2.3550963465192467,1,42.06565380191889,48.32812875071359,0.4935749717302232,-1.5774697450857282,-0.3333175817298881,0.0566789271952843,-0.1542925360791927,0,,
2026-02-26 05:00:00,39.09000015258789,39.790000915527344,38.9109992980957,39.52000045776367,237100,0.0086779007131088,0.0286309823332444,-0.1418023645490443,-0.1641048919796056,-0.2662853685917196,39.37200031280518,44.66098007202149,49.55085605621338,0,0,-1.920482415361647,-2.268173560287727,1,43.7038865007519,46.34220527946036,0.4967134715348702,-1.8970906855921803,-0.3275321778969648,0.0574901087498131,-0.1340956227880626,0,,
2026-02-27 05:00:00,38.9900016784668,39.27000045776367,38.59999847412109,39.0099983215332,281100,-0.012904912204531,0.0135099147932049,-0.1476950419187468,-0.1802622859410705,-0.2681516512652395,39.07400016784668,44.47922119140625,49.55017719268799,0,0,-1.7669735582149002,-2.1679335598731617,1,41.79474244407062,44.66214641667294,0.4971535785528251,-2.1213405143677506,-0.3362103161015767,0.0570220204504575,-0.1359788085046076,0,,
2026-03-02 05:00:00,37.9900016784668,39.93000030517578,37.9900016784668,39.900001525878906,656700,0.0228147460302357,0.0824742502764257,-0.1127418180386908,-0.1813265793236227,-0.2615590266925522,38.90450019836426,44.3000756072998,49.54460651397705,0,0,-1.5555692286710254,-2.045460693632734,1,46.210642686429885,42.55869126052453,0.5060808908071954,-2.139250060111576,-0.3210661230459437,0.0582898210097135,-0.102840067797265,0,,
2026-03-03 05:00:00,38.369998931884766,40.09000015258789,37.93000030517578,39.68000030517578,461000,-0.0055138148443536,0.0635218130434422,-0.083391095726605,-0.1989774941676432,-0.2582238703483417,38.758500289917,44.14090866088867,49.53673686981201,0,0,-1.3897617262221402,-1.914320900150616,1,45.295827345526426,40.47452125778298,0.4924172310231722,-2.408107107034322,-0.3248096387350275,0.0584839187853297,-0.0677086307609454,0,,
2026-03-04 05:00:00,40.400001525878906,41.709999084472656,40.310001373291016,41.470001220703125,395700,0.0451109098225954,0.0584482107628985,-0.0265257580726069,-0.1427867839916706,-0.2141941771166825,38.778500366210935,44.00435333251953,49.54036500930786,0,0,-1.1012257270395196,-1.751701865528397,1,53.38223647676384,37.825223991890695,0.51801024919794,-1.5613293424971602,-0.2943511872349178,0.0606939669199346,-0.0119192925658717,0,,
2026-03-05 05:00:00,41.150001525878906,42.31900024414063,41.040000915527344,41.54999923706055,444200,0.0019290574874033,0.0513663652779154,0.0116873519796207,-0.1530278518121076,-0.2143145574313505,38.888000297546384,43.84961517333984,49.54134580612183,0,0,-0.8562335699415584,-1.572608206411029,1,53.71155675981435,35.754938936033646,0.5019990048077833,-1.7049218456219657,-0.292989950109176,0.0611520049395531,0.02389338135018,1,,
2026-03-06 05:00:00,40.630001068115234,41.150001525878906,40.369998931884766,40.70000076293945,307100,-0.0204572440367926,0.0433222895186176,0.0340447187959513,-0.1885340822559432,-0.2325624235386458,39.06700038909912,43.67268165588379,49.537926750183104,0,0,-0.7223366462768368,-1.4025538943841906,1,49.694576902088485,33.344920117457065,0.484368439200377,-2.201972618938927,-0.3074534272362575,0.0606965614808301,0.0552829633195384,1,,
2026-03-09 04:00:00,40.27000045776367,41.51499938964844,40.13999938964844,41.38999938964844,311700,0.0169532828937262,0.037343303428275,0.1150323432282185,-0.1829153955579787,-0.2179311019886133,39.19650039672852,43.51854026794434,49.5394063949585,0,0,-0.5541572669584482,-1.232874568899042,1,52.78172053461657,31.355442692669342,0.4362936802741726,-2.114315286004089,-0.2957124892711132,0.0611895455090949,0.1139637442811003,1,,
2026-03-10 04:00:00,41.619998931884766,41.7400016784668,40.7599983215332,41.150001525878906,168800,-0.0057984505269056,0.0370464014465086,0.060567070490396,-0.1761156288744074,-0.2354560376941264,39.24700050354004,43.35800025939941,49.54318300247192,0,0,-0.4352227421868164,-1.073344203556597,1,51.59568087658363,29.66345994162908,0.4129823022651554,-2.0250242859144905,-0.2997962655587922,0.0609326674860292,0.0816161373693742,1,,
2026-03-11 04:00:00,41.2400016784668,41.959999084472656,40.59000015258789,41.1349983215332,150400,-0.0003645979049664,-0.0080781984400492,0.0247882149231264,-0.1759213717529142,-0.2420661602103346,39.28425045013428,43.2019002532959,49.54428686141968,0,0,-0.3382774556931736,-0.9263308539839124,1,51.51774564139227,28.248403788597084,0.3969219876844252,-2.022308886018764,-0.3000515583734192,0.0609870001848733,0.0514863936428935,1,,
2026-03-12 04:00:00,40.68000030517578,41.22999954223633,39.880001068115234,39.94499969482422,251600,-0.028929103567899,-0.0386281485368776,-0.0110175712193317,-0.2084749599847308,-0.2581197140719133,39.3350004196167,43.027800216674805,49.54128910064697,0,0,-0.3533968230416846,-0.8117440477954668,1,45.63037161877481,26.338106707383854,0.4100728272089549,-2.457631848071646,-0.3203004393334241,0.0601358609134149,0.0276769505698728,1,,
2026-03-13 04:00:00,40.54999923706055,40.970001220703125,39.70000076293945,39.84999847412109,159200,-0.0023783006991846,-0.0208845767293537,0.0236321130679002,-0.2156373107624151,-0.2711103302626266,39.4790002822876,42.85820014953613,49.5334202003479,0,0,-0.3687936119543877,-0.723153960627251,1,45.18641546854136,24.496744942829537,0.3889226177738333,-2.5647219123000715,-0.3219169692737929,0.0603343387171685,0.069489981453412,1,,
2026-03-16 04:00:00,40.66999816894531,41.34000015258789,40.63999938964844,41.0099983215332,178600,0.0291091566331032,-0.0091809875264282,0.1092777107772364,-0.1854364513858876,-0.2497558685242874,39.65050010681152,42.725800094604494,49.53319967269898,0,0,-0.2841182466428122,-0.6353468178303633,1,51.40372490276674,23.016335367560146,0.3512967163102379,-2.0991694476158744,-0.3021785441221344,0.0614650983567356,0.1295721073815174,1,,
2026-03-17 04:00:00,41.02999877929688,41.85499954223633,41.02999877929688,41.4900016784668,128700,0.0117045446617722,0.0082624578367043,0.1040446955002816,-0.1609157662067926,-0.2466204660687575,39.83000011444092,42.59240013122559,49.53617847442627,0,0,-0.1762484676075004,-0.5435271477857907,1,53.741879832989056,22.05842051591792,0.349739534402141,-1.7709543862372557,-0.2940108617258689,0.0620213687320317,0.1220836638186555,1,,
2026-03-18 04:00:00,41.15999984741211,41.5,40.43999862670898,40.459999084472656,158100,-0.0248253206152244,-0.0164093658588336,0.0675461070059781,-0.1587997925540745,-0.2679794524684251,39.92600002288818,42.40240013122558,49.53305809020996,0,0,-0.1718920275126194,-0.4692001237311565,1,48.36444407986172,20.624044350533293,0.3642322842068559,-1.7468449647601352,-0.3115372684343903,0.0613375508010563,0.102117880489563,1,,
2026-03-19 04:00:00,39.7599983215332,40.435001373291016,39.48799896240234,40.209999084472656,120000,-0.0061789423049182,0.0066341066885218,0.0433315549889488,-0.1769906453513734,-0.273159469521657,40.01550006866455,42.208000106811525,49.52703914642334,0,0,-0.1864629986347239,-0.41265269871187,1,47.13173062210721,19.795562442125554,0.3622030006989227,-2.001987375529084,-0.3157912399318205,0.0611091433495032,0.0852197734991826,1,,
2026-03-20 04:00:00,40.040000915527344,40.040000915527344,38.93999862670898,39.33000183105469,139900,-0.0218850354005052,-0.013048849761038,0.0236856768734812,-0.1744045754893035,-0.3076962435955958,40.05750007629395,42.00640014648437,49.51412239074707,0,0,-0.2659532782920948,-0.383312814627915,1,42.979135372285455,19.43362978074747,0.3714368440353606,-1.971641417304869,-0.3307651728672485,0.0606411048721124,0.0774225298742856,1,,
2026-03-23 04:00:00,39.91999816894531,40.66999816894531,39.77000045776367,40.310001373291016,170600,0.0249173530793616,-0.0170689338427658,0.0472849991025698,-0.1653858274681956,-0.3016228654755136,40.23000011444092,41.82840019226074,49.5060057258606,0,0,-0.2470245791752745,-0.3560551675373869,1,48.42849262989159,18.507319762171825,0.3802978742305233,-1.8330553932768752,-0.3140896123865762,0.0615063033247387,0.0986957368087844,1,,
2026-03-24 04:00:00,40.0,40.0,38.27000045776367,38.54999923706055,214600,-0.0436616739337704,-0.0708605042773981,0.0458491209637792,-0.217845033697833,-0.3253417236144826,40.2920000076294,41.62060020446777,49.48993831634522,0,0,-0.3697783376955783,-0.3587998015690252,0,40.87362815900072,18.68867529879528,0.3822698412722027,-2.504854034550404,-0.3440376080783396,0.0590189529215963,0.0896433952599995,1,,
2026-03-25 04:00:00,39.52000045776367,40.02000045776367,38.84000015258789,39.06999969482422,113800,0.0134889874981829,-0.0343549041300368,0.0471722931319193,-0.2114506492118637,-0.3060485703922966,40.286499977111816,41.41640022277832,49.46323247909546,0,0,-0.4202574186782399,-0.3710913249908681,0,43.66966736274985,18.837766057814846,0.3827088439692013,-2.4070692998031884,-0.3351893395744301,0.0594835712358843,0.092861761140178,1,,
2026-03-26 04:00:00,38.540000915527344,39.005001068115234,37.72999954223633,37.7599983215332,184300,-0.0335295977354347,-0.060930137247517,-0.0362430314594712,-0.2309113506217549,-0.3280047201312088,40.198499870300296,41.18540016174316,49.42887760162353,0,0,-0.559518831919462,-0.4087768263765869,0,38.70407132496047,19.642640903316824,0.3605461649096395,-2.6398211453702483,-0.3574801735887282,0.0585344630199859,0.0327376666518142,1,,
2026-03-27 04:00:00,37.18000030517578,37.20000076293945,36.2400016784668,36.369998931884766,241300,-0.0368114261502964,-0.0752606855164884,-0.079706515419842,-0.2604266732943121,-0.3387502236722193,40.066499900817874,40.93480010986328,49.38842197418213,0,0,-0.7731336359759169,-0.4816481882964529,0,34.253425334948545,21.116314186866035,0.3783458379380469,-3.0086694418171422,-0.381132244728768,0.0573577842128319,-0.002301692236434,0,,
2026-03-30 04:00:00,36.81999969482422,36.959999084472656,35.821998596191406,36.13999938964844,185700,-0.0063238809180907,-0.1034483215474554,-0.0735708550466803,-0.2615447404216915,-0.346020624141702,39.878499794006345,40.69640007019043,49.34401878356934,0,0,-0.950032564050666,-0.5753250634472955,0,33.5656315168967,22.664335286135262,0.3770077786787151,-3.024502328570224,-0.3850458907171494,0.0571862605266502,0.0028802921204003,1,,
2026-03-31 04:00:00,36.619998931884766,38.13999938964844,36.619998931884766,38.0099983215332,145200,0.0517431921269038,-0.0140078061274825,-0.0473684995505541,-0.2187050949769416,-0.3365323618901193,39.79499969482422,40.50040000915527,49.3133118057251,0,0,-0.928628304425537,-0.6459857116429438,0,43.49925131181545,22.944491756429937,0.4138367307737328,-2.311605881939219,-0.3532262020912979,0.0584463461449844,0.00268529106042,1,,
2026-04-01 04:00:00,38.2400016784668,38.4900016784668,37.755001068115234,37.93999862670898,103100,-0.0018416126786453,-0.0289224744546117,-0.0438508484144301,-0.2149804016284883,-0.3314582176468268,39.61849956512451,40.339599990844725,49.28285430908203,0,0,-0.9068599478456676,-0.6981605588834887,0,43.23862034078023,22.8883745794224,0.4136377351082162,-2.2636124049189217,-0.3544173089177422,0.0579024467251122,-0.009942426436091,0,,
2026-04-02 04:00:00,36.93000030517578,38.11000061035156,36.46900177001953,38.06999969482422,125600,0.0034264911128309,0.0082097824965801,-0.0819870129201134,-0.2007138601491808,-0.3221261627221019,39.4444995880127,40.17979995727539,49.24370498657227,0,0,-0.8690999257429013,-0.7323484322553713,0,43.910759588938944,23.5122370598272,0.3777014483678359,-2.083515827577642,-0.3522052255641512,0.0580485776844351,-0.0435857033202203,0,,
2026-04-06 04:00:00,38.31999969482422,38.720001220703125,38.08000183105469,38.47999954223633,58000,0.0107696309613538,0.0580148658872181,-0.0738868772850885,-0.2009966847143987,-0.3321719019132998,39.33349952697754,40.02019996643067,49.21010259628296,0,0,-0.7969050496495313,-0.7452597557342033,0,46.07937571298622,23.541799553732364,0.3806201055790144,-2.087438483290412,-0.3452287149047838,0.0583977053252301,-0.0450402176845317,0,,
2026-04-07 04:00:00,38.11000061035156,38.43999862670898,37.45199966430664,38.36000061035156,334200,-0.0031184753979285,0.0614278156667318,-0.0574938601651979,-0.2321857223117188,-0.3328663236695416,39.18199958801269,39.85799995422363,49.1674076461792,0,0,-0.7408331378788731,-0.7443744321631373,1,45.52458713854246,23.900074714410252,0.3755200987602922,-2.5569604235222245,-0.3472706030486232,0.0581899856119903,-0.0412968347413129,0,,
2026-04-08 04:00:00,40.59000015258789,40.97999954223633,39.0099983215332,39.2599983215332,236100,0.0234618794802305,0.0328860840620415,-0.0514617322910119,-0.2136992172727169,-0.3291049017686089,39.08749942779541,39.71719993591309,49.12576568603516,0,0,-0.6166649207804937,-0.7188325298866085,1,50.35257691170062,22.30805708050761,0.3804240037732373,-2.2834907697749167,-0.3319563446041464,0.058076060641683,-0.0508826277676651,0,,
2026-04-09 04:00:00,39.040000915527344,39.16999816894531,37.959999084472656,38.369998931884766,172600,-0.0226693690193128,0.0113336932193002,-0.0675577762067838,-0.2234365705246116,-0.3374128624232836,38.94924945831299,39.56359992980957,49.0766263961792,0,0,-0.58335171144995,-0.6917363661992768,1,46.00996790629775,21.42955218397317,0.3868476733911831,-2.39963273753913,-0.3471004727493256,0.0564339404442421,-0.0738311192894769,0,,
2026-04-10 04:00:00,38.52000045776367,38.880001068115234,37.93999862670898,38.38999938964844,194400,0.0005212524972746,0.008405560740462,-0.0667314706184836,-0.2198740072368398,-0.3467601472402768,38.8714994430542,39.41599990844727,49.02139253616333,0,0,-0.5490082578058377,-0.6631907445205891,1,46.1224211555549,20.625031694281617,0.3869371046661446,-2.352158591524644,-0.3467601472402768,0.056500747870628,-0.0735607965737918,0,,
2026-04-13 04:00:00,38.040000915527344,39.75,38.02999877929688,39.73500061035156,168900,0.0350351977620972,0.0326143732600028,-0.0052572058099142,-0.1880874187710702,-0.3219139977218095,38.865749549865725,39.31129989624024,48.97483196258545,0,0,-0.4085509445208188,-0.6122627845206351,1,53.18425913961676,19.282487340189835,0.3962614788845166,-1.8991685321881155,-0.3238737598127567,0.0579143011576664,-0.0369423455822346,0,,
2026-04-14 04:00:00,40.22999954223633,41.32500076293945,40.22999954223633,40.97999954223633,310600,0.0313325509691932,0.0683002838946189,0.0283563641501536,-0.1684253133656221,-0.2565554837285843,38.86424961090088,39.26509986877441,48.93005027770996,0,0,-0.194534035619867,-0.5287170347404815,1,58.59430273352969,18.70963951888893,0.4106107952611827,-1.6312263894874064,-0.3026889999304808,0.0590098756524963,-0.021952060681081,0,,
2026-04-15 04:00:00,41.34999847412109,42.52000045776367,41.15999984741211,42.41999816894531,145900,0.0351390591213853,0.0804890469309806,0.0343818557698345,-0.1397283109401352,-0.2412957241169638,38.910749435424805,39.261499862670895,48.89676483154297,0,0,0.0902316271667302,-0.4049273023590392,1,63.80436429770146,18.78027062338743,0.4161849951279469,-1.266175222812728,-0.2781861474730457,0.060605191903568,-0.0139901582549631,0,,
2026-04-16 04:00:00,42.81999969482422,42.95000076293945,41.8650016784668,42.72999954223633,243700,0.0073079063336207,0.1136304595184254,0.0298866669945951,-0.1261759057487408,-0.2310794056801374,39.02424945831299,39.29469985961914,48.859434280395504,0,0,0.3370398015536082,-0.2565338815765097,1,64.83034016054964,19.04965125011611,0.4151623915395729,-1.1129953966130024,-0.2729111994484687,0.0608984425187306,-0.0181054729403468,0,,
2026-04-17 04:00:00,43.54999923706055,44.2400016784668,43.2400016784668,43.56999969482422,204500,0.0196583234632987,0.1349309817017743,0.0768660573584909,-0.0934249178145484,-0.2177919648042428,39.19224948883057,39.3788998413086,48.83094966888428,0,0,0.5935756791109839,-0.0865119694390109,1,67.51714178492429,19.869422343048903,0.4078466065220223,-0.7515861708583488,-0.2586178526206848,0.0613540974963845,0.0002697645261688,1,,
2026-04-20 04:00:00,43.119998931884766,43.81499862670898,42.71900177001953,43.810001373291016,177300,0.0055084158858809,0.1025544406781222,0.089530026629832,-0.083664502930439,-0.1980923660918181,39.41624946594239,39.51269989013672,48.80151693344117,0,0,0.8069463646064392,0.092179697370079,1,68.26316215265214,20.23098325428224,0.4062329436385843,-0.6470822366059572,-0.254534011422552,0.0618156721756081,0.011561753076198,1,,
2026-04-21 04:00:00,43.77000045776367,44.119998931884766,42.51499938964844,42.61000061035156,169000,-0.027391023175613,0.039775526752636,0.0833968631221118,-0.0732927134718466,-0.2176250097622152,39.53124942779541,39.58889991760254,48.76398603439331,0,0,0.8691946030409738,0.247582678504258,1,60.75043268519812,20.707813597575136,0.4111405166520455,-0.5456979955012206,-0.2749530875923083,0.0605186904557672,-0.0020186706130003,0,,
2026-04-22 04:00:00,43.34999847412109,43.86000061035156,43.2599983215332,43.63999938964844,146800,0.0241727004117116,0.0287600488770474,0.0826097222255082,-0.052540206502162,-0.2218393381586701,39.785749435424805,39.65889991760254,48.72925718307495,1,0,0.9902243836040654,0.3961110195242195,1,64.37462067217808,21.150584630632828,0.4106742103800165,-0.3230772149756424,-0.2574267457942406,0.0613602143409141,-0.0023751871910311,0,,
2026-04-23 04:00:00,43.130001068115234,43.130001068115234,41.4900016784668,42.15999984741211,155800,-0.0339138304980679,-0.01333956707069,0.0936446350660635,-0.0925527189366141,-0.2458112189971656,39.9402494430542,39.69429992675781,48.68902667999268,1,0,0.9557010358485556,0.5080290227890868,1,56.32644026554592,20.19788418241851,0.3975672501045248,-0.729378026855525,-0.2826102492697735,0.0595101970794964,0.0083234983608191,1,,
2026-04-24 04:00:00,42.52999877929688,42.93000030517578,42.08000183105469,42.84999847412109,195500,0.0163661913948354,-0.0165251601043426,0.0967493936222789,-0.0778997773077154,-0.2116275093738315,40.1947494506836,39.77269989013672,48.6473504447937,1,0,0.9728042745143456,0.6009840731341386,1,58.90592832958131,19.3132337662195,0.3985043870493335,-0.5718450850350439,-0.2708693113046294,0.0600190468773149,0.0090020762086922,1,,
2026-04-27 04:00:00,42.5,42.900001525878906,42.220001220703125,42.43000030517578,107200,-0.0098015912229019,-0.0314996810056381,0.1236759054880423,-0.0835852914828354,-0.2392135098447383,40.49774951934815,39.88189987182617,48.601875705719,1,0,0.9416140317923124,0.6691100648657734,1,56.71029073333069,18.49177266546328,0.377754750942066,-0.6302635698517188,-0.2780159522632943,0.0593285530979927,0.0135661973653988,1,,
2026-04-28 04:00:00,41.720001220703125,42.345001220703125,41.459999084472656,41.84999847412109,133100,-0.0136696164714367,-0.0178362385670992,0.1506736239530688,-0.0912052298050711,-0.2663059565192327,40.78324947357178,39.9672998046875,48.55634847640991,1,0,0.8601786353670775,0.7073237789660343,1,53.73177763840066,17.187849069542146,0.352496647060414,-0.7083883939693612,-0.2878851972943506,0.0588036902732332,0.0252085410941989,1,,
2026-04-29 04:00:00,41.209999084472656,41.21099853515625,40.52999877929688,40.900001525878906,165700,-0.0227000473806381,-0.0627863863907264,0.1317100779363564,-0.1064015486820625,-0.2997645568214844,40.92774963378906,40.0272998046875,48.500176410675046,1,0,0.7107901364804903,0.7080170504689255,1,49.17594383122617,16.615389670803093,0.3646165651666755,-0.8630897366647361,-0.3040502370562226,0.0574777263885909,0.0050967812767692,1,,
2026-04-30 04:00:00,40.959999084472656,41.41999816894531,40.56800079345703,41.20000076293945,137700,0.0073349443977581,-0.022770376848841,0.083925350756963,-0.0838336747926983,-0.2907460248361263,41.090749740600586,40.08049980163574,48.44795221328735,1,0,0.6095792558479047,0.6883294915447213,0,50.60037969154816,15.91834908898312,0.3249577501844955,-0.6281831934633306,-0.298945484241397,0.0573289209118839,-0.0191188210521935,0,,
2026-05-01 04:00:00,41.52000045776367,42.22499847412109,41.52000045776367,42.040000915527344,162900,0.0203883528406021,-0.0189030942225805,0.1080654306068438,-0.0288750282643595,-0.2693738479273365,41.28924980163574,40.15289985656738,48.3913854598999,1,0,0.5903447688824031,0.6687325470122577,0,54.44990158523456,14.909008536400638,0.3289838467938455,-0.0779206131289289,-0.284652137413613,0.0583362235361175,0.0074915109039284,1,,
2026-05-04 04:00:00,42.43000030517578,43.525001525878906,42.43000030517578,42.9900016784668,238400,0.0225975438213792,0.0131982410856288,0.1292356717384337,0.0091550051247686,-0.2223461240759143,41.514749908447264,40.24289985656738,48.33447319030762,1,0,0.6443309750683284,0.6638522326234719,0,58.398321294767726,14.837002927912897,0.3344112390788429,0.2929468549379545,-0.2684870327412871,0.059873819436723,0.0314433501232425,1,,
2026-05-05 04:00:00,42.77000045776367,42.89500045776367,41.97999954223633,42.06999969482422,363800,-0.0214003709635441,0.0052568991332024,0.0932952233704536,0.0243486731782474,-0.2561952658415821,41.7002498626709,40.34709983825684,48.2714122581482,1,0,0.6058945854924502,0.6522607031972676,0,53.55663377568855,14.412515470389284,0.3469810665495697,0.4369351715625958,-0.2841416816052665,0.0581261983220455,-0.0046492752013543,0,,
2026-05-06 04:00:00,42.560001373291016,42.74800109863281,42.20000076293945,42.68000030517578,178200,0.014499658064571,0.043520750926393,0.1126172999501582,0.0843495844344848,-0.2345938519071281,41.87124996185303,40.45449981689453,48.212450408935545,1,0,0.6175368408044335,0.6453159307187007,0,56.152415985731565,14.01834854554593,0.3474843950633217,1.002391522499031,-0.2737619807658641,0.0581606084668384,-0.0005048488127802,0,,
2026-05-07 04:00:00,42.70000076293945,43.04999923706055,41.97999954223633,42.27999877929688,167400,-0.009372106912342,0.0262135436009243,0.0769230918715369,0.1390086205789154,-0.206209577983838,42.06674995422363,40.51649978637696,48.15543510437012,1,0,0.5877118553997889,0.6337951156549184,0,54.02026793573523,13.867613243676937,0.3444904256935677,1.5392530588380058,-0.280568361125934,0.0577927195817659,-0.0048787926864611,0,,
2026-05-08 04:00:00,42.0,42.2599983215332,41.39400100708008,42.2599983215332,243700,-0.0004730477374912,0.0052330495055865,0.1013812743793411,0.0891752358893804,-0.2154155178986839,42.26024990081787,40.57129974365235,48.09732067108154,1,0,0.5560516524788142,0.6182464230196976,0,53.91004256793973,13.210800563218442,0.3313653570263524,1.093853915742676,-0.2809086866349829,0.0572923708702056,0.0152112437870903,1,,
2026-05-11 04:00:00,42.13999938964844,42.810001373291016,41.68000030517578,42.540000915527344,224300,0.0066257123784945,-0.0104675679313791,0.1081011094519037,0.0597907713595489,-0.1689011063947761,42.40049991607666,40.64189979553223,48.041455516815184,1,0,0.5472462684863757,0.6040463921130332,0,55.28560093695624,13.018614692521687,0.3310430018046709,0.8097345440773628,-0.2761441944187525,0.0575409192721914,0.0184098696170382,1,,
2026-05-12 04:00:00,42.34999847412109,42.63999938964844,41.3489990234375,41.79999923706055,141900,-0.0173954316535214,-0.0064178858978429,0.0519692612303879,0.0349096278464782,-0.1943664715987396,42.441499900817874,40.67989974975586,47.980241775512695,1,0,0.4750795657258706,0.5782530268356008,0,50.95714374431624,12.538289540821053,0.3209895670368209,0.552164198364679,-0.2887359786117457,0.0566257547641496,-0.0222491917844067,0,,
2026-05-13 04:00:00,41.59999847412109,41.67499923706055,40.69200134277344,41.290000915527344,219600,-0.0122009170057838,-0.032567932982884,0.0075646992863314,0.0606216437670512,-0.2252323728243959,42.38500003814697,40.71209976196289,47.91677780151368,1,0,0.37244106280572,0.5370906340296246,0,48.158700050738446,11.766814830773749,0.3070286560797996,0.8242114342437304,-0.2974140519059038,0.0556236626898833,-0.057383834911873,0,,
2026-05-14 04:00:00,41.13999938964844,42.4900016784668,40.83000183105469,41.9900016784668,271800,0.0169532755490013,-0.0068589666320446,-0.010136645663349,0.1357857801463224,-0.2052436577012455,42.3480001449585,40.722499771118166,47.86130989074707,1,0,0.3436224554212259,0.4983969983079449,0,52.05099336604607,11.468506572439493,0.2870154346867931,1.622987328884961,-0.2855029187310083,0.0561236117962636,-0.0739471316984738,0,,
2026-05-15 04:00:00,41.209999084472656,41.220001220703125,40.650001525878906,40.70000076293945,150800,-0.0307216209564687,-0.0369142834962884,-0.0475075778386173,0.0830228520453801,-0.2274684472857682,42.20450019836426,40.70549980163574,47.79719388961792,1,0,0.2142217930645742,0.4415619572592708,0,45.30086055389384,11.027488925185374,0.3039970386412077,1.0707828383083564,-0.3074534272362575,0.0550617607640141,-0.0958428740262331,0,,
2026-05-18 04:00:00,40.52999877929688,41.25,40.2400016784668,40.68999862670898,172900,-0.0002457527283288,-0.0434885342972125,-0.06610055286407,0.0736146962665689,-0.1863021494265896,42.04850006103516,40.70529975891113,47.73242841720581,1,0,0.1096003425381013,0.3751696343150369,0,45.25185930443022,10.24381559600172,0.2936575145013557,0.973190636909639,-0.3076236224460089,0.055086979329604,-0.1021466930900558,0,,
2026-05-19 04:00:00,40.52999877929688,40.90999984741211,40.26100158691406,40.5,156600,-0.0046694183613037,-0.0311004607844094,-0.0755535555702806,0.0508562282800308,-0.1850540680699791,41.94300003051758,40.68749977111816,47.68035102844238,1,0,0.0112263772595184,0.3023809829039333,0,44.2722019465584,9.516118933188327,0.2920155643691898,0.7335686881992425,-0.3108566174162925,0.0551974174125012,-0.1070643500293184,0,,
2026-05-20 04:00:00,40.540000915527344,41.31999969482422,40.02999877929688,41.119998931884766,152500,0.0153086156020929,-0.004117267616205,-0.0349683561868999,0.0702759211769523,-0.147733433481909,41.8170000076294,40.68689971923828,47.62298095703125,1,0,-0.016516573931014,0.2386014715369438,0,48.21215273838664,9.229816817271807,0.2855213127537487,0.9384493192163814,-0.3003067862775924,0.0554738602791025,-0.0833598701272614,0,,
2026-05-21 04:00:00,40.72999954223633,41.63999938964844,40.56999969482422,41.290000915527344,148600,0.0041342895928617,-0.0166706533688572,-0.0538496449814003,0.0727461448417396,-0.1385010675687528,41.77350006103516,40.68999977111817,47.569708061218265,1,0,-0.0245028694856586,0.1859806033324233,0,49.27121407630675,9.259857664263295,0.2708456094229895,0.964315468066083,-0.2974140519059038,0.0555929590481302,-0.0939901425497194,0,,
2026-05-22 04:00:00,41.27000045776367,41.72999954223633,40.84999847412109,40.84999847412109,119800,-0.010656392144588,0.0036854473800949,-0.0310721389476341,0.108247362932734,-0.138341047449337,41.67350006103516,40.7080997467041,47.504843368530274,1,0,-0.0655806135282759,0.1356683599602835,0,46.614180226798965,9.372322426691818,0.2478567158837404,1.3598369447602354,-0.3049010832840717,0.054785147888531,-0.0793989840876094,0,0.415075,
