Date,open,high,low,close,volume,ret_1d,ret_5d,ret_21d,ret_63d,ret_126d,sma20,sma50,sma200,trend_sma,above_sma200,macd,macd_signal,macd_bullish,rsi,adx,vol_21,sharpe_63,drawdown,rs_ratio,rs_mom_21,rs_positive,score,score_pct
2024-05-23 04:00:00,26.43000030517578,26.43000030517578,25.290000915527344,25.65999984741211,2832900,,,,,,,,,0,0,0.0,0.0,0,,0.0,,,0.0,0.0499743108276629,,0,,
2024-05-24 04:00:00,25.770000457763672,25.96500015258789,25.600000381469727,25.6299991607666,1229600,-0.0011691616065435,,,,,,,,0,0,-0.0023932171683007,-0.0004786434336601,0,0.0,0.0,,,-0.0011691616065435,0.0495877846646764,,0,,
2024-05-28 04:00:00,25.920000076293945,26.13999938964844,25.38999938964844,25.690000534057617,1309100,0.0023410602908977,,,,,,,,0,0,0.0005454626024636,-0.0002738222264353,1,13.333333333333329,7.142857142857142,,,0.0,0.0496691557299049,,0,,
2024-05-29 04:00:00,25.229999542236328,25.229999542236328,24.48500061035156,24.729999542236328,2478800,-0.0373686637549346,,,,,,,,0,0,-0.0737396447606286,-0.014966986733274,0,4.0436074498944095,13.775510204081632,,,-0.0373686637549346,0.0481502614253334,,0,,
2024-05-30 04:00:00,24.795000076293945,25.020000457763672,24.540000915527344,24.8700008392334,1470200,0.0056611928665004,,,,,,,,0,0,-0.1199316949882352,-0.0359599283842662,0,13.507851066448822,19.934402332361515,,,-0.031919022101114,0.048746217329936,,0,,
2024-05-31 04:00:00,24.940000534057617,25.350000381469727,24.440000534057617,24.5,2787100,-0.0148773955266502,-0.0452065414773998,,,,,,,0,0,-0.1842710412308932,-0.0656221509535916,0,10.547107978675667,21.965928354091314,,,-0.0463215457111422,0.0475875693408435,,0,,
2024-06-03 04:00:00,24.90999984741211,25.59000015258789,24.7549991607666,25.09000015258789,2480300,0.0240816388811384,-0.0210690216878867,,,,,,,0,0,-0.1855138668130784,-0.089600494125489,0,35.00948015963162,22.070064011232347,,,-0.0233554055662357,0.0486938511295042,,0,,
2024-06-04 04:00:00,25.01000022888184,25.420000076293945,24.82999992370605,25.25,1888900,0.0063770365260682,-0.0171273073145444,,,,,,,0,0,-0.1716099518282021,-0.1060023856660316,0,39.81606785720081,22.166761407149018,,,-0.0171273073145444,0.0489496489363967,,0,,
2024-06-05 04:00:00,25.299999237060547,26.489999771118164,25.020000457763672,26.46999931335449,2687200,0.0483168044892867,0.0703598788243573,,,,,,,0,0,-0.0614390196285512,-0.0970897124585356,1,62.55615093048297,23.010656013518147,,,0.0,0.0507120306820527,,0,,
2024-06-06 04:00:00,26.31999969482422,26.51700019836425,26.100000381469727,26.450000762939453,2299300,-0.000755517602335,0.0635303526493471,,,,,,,0,0,0.0239820716016403,-0.0728753556465004,1,62.1416572312521,23.853130701920744,,,-0.000755517602335,0.050674653085504,,0,,
2024-06-07 04:00:00,26.03499984741211,26.040000915527344,25.14999961853028,25.270000457763672,2731600,-0.0446124866215181,0.0314285901128028,,,,,,,0,0,-0.0034969504582598,-0.0589996746088523,1,43.72991657151875,22.754963029134863,,,-0.0453342987049266,0.0484728685714633,,0,,
2024-06-10 04:00:00,25.049999237060547,25.44499969482422,24.700000762939453,25.420000076293945,1414900,0.0059358771592024,0.0131526473375496,,,,,,,0,0,-0.0130204659733372,-0.0498038328817493,1,45.92330174446855,22.655286449931783,,,-0.0396675203739352,0.0486104014886072,,0,,
2024-06-11 04:00:00,25.170000076293945,25.6200008392334,24.834999084472656,25.489999771118164,1854900,0.0027537252011851,0.0095049414304222,,,,,,,0,0,-0.0147495071348053,-0.0427929677323605,1,46.962295034528495,22.080220830723164,,,-0.0370230286232724,0.0486271563018979,,0,,
2024-06-12 04:00:00,26.25,26.76000022888184,25.979999542236328,26.14999961853028,3655200,0.0258925011117472,-0.0120891463213135,,,,,,,0,0,0.0367134770152688,-0.0268916787828346,1,55.62032467429356,21.75875960399078,,,-0.0120891463213135,0.0494798529780307,,0,,
2024-06-13 04:00:00,26.270000457763672,26.540000915527344,25.770000457763672,25.780000686645508,1758400,-0.0141490989400466,-0.0253308150082445,,,,,,,0,0,0.0470995073299,-0.0120934415602876,1,50.63047287278232,21.017061945332458,,,-0.0260671947339593,0.0486817409786887,,0,,
2024-06-14 04:00:00,25.520000457763672,25.600000381469727,24.94499969482422,25.049999237060547,1870700,-0.0283165799123936,-0.0087060236136851,,,,,,,0,0,-0.0035337698244433,-0.0103815072131188,1,42.52456061972909,20.155304908938515,,,-0.0536456408435769,0.0472744716311141,,0,,
2024-06-17 04:00:00,24.950000762939453,24.950000762939453,24.395000457763672,24.559999465942383,2322200,-0.0195608697022723,-0.0338316525480099,,,,,,,0,0,-0.0822517462616403,-0.0247555550228231,0,38.11365877023559,20.108547417724346,,,-0.0721571551552131,0.0459837731315304,,0,,
2024-06-18 04:00:00,24.5,24.76000022888184,24.209999084472656,24.51000022888184,2012400,-0.0020357995988509,-0.0384464319747357,,,,,,,0,0,-0.1469765758139978,-0.049199759181058,0,37.68412415472002,20.29671945935765,,,-0.0740460572465449,0.0457738510339677,,0,,
2024-06-20 04:00:00,24.5,24.5,24.0,24.299999237060547,4411700,-0.008567971842523,-0.070745713516523,,,,,,,0,0,-0.2127641814967269,-0.0819126436441918,0,35.85633508133937,20.730402608938565,,,-0.0819796045555296,0.0455052836742438,,0,,
2024-06-21 04:00:00,24.36000061035156,24.520000457763672,24.15999984741211,24.3700008392334,1898300,0.0028807244596984,-0.0546935535243222,,,,25.261999988555907,,,0,0,-0.2562983409722932,-0.1167897831098121,0,36.95406638434341,21.089872821033666,,,-0.0793350407478707,0.0456976337387213,,0,,
2024-06-24 04:00:00,24.61000061035156,25.07999992370605,24.450000762939453,24.600000381469727,3065100,0.0094378142928108,-0.0179640267184145,,,,25.209000015258788,,,0,0,-0.2691379800300559,-0.1472594224938609,0,40.55379756228868,20.289966198010266,,,-0.0706459758365509,0.0462793564499851,,0,,
2024-06-25 04:00:00,24.65999984741211,24.65999984741211,24.200000762939453,24.239999771118164,1751200,-0.0146341709255719,-0.0130293038185105,-0.0553390524060021,,,25.13950004577637,,,0,0,-0.3048484242198199,-0.1787772228390527,0,36.9934023077289,19.91538192382634,0.3359808815535577,,-0.084246301476527,0.0454271581031434,-0.0909898035452749,0,,
2024-06-26 04:00:00,24.18000030517578,24.190000534057617,23.64999961853028,23.75,2498700,-0.0202145122006971,-0.0310077609867289,-0.0733515108203526,,,25.042500019073486,,,0,0,-0.3684409371731405,-0.2167099657058703,0,32.775527387936364,20.291813863107382,0.3414675930604007,,-0.1027578157881632,0.0444533958489676,-0.1035414034006281,0,,
2024-06-27 04:00:00,23.530000686645508,23.850000381469727,23.170000076293945,23.729999542236328,3830600,-0.0008421245374177,-0.0234567783012477,-0.0762943149503981,,,24.99250001907349,,,0,0,-0.415660852075856,-0.2565001429798674,0,32.61208049517708,21.18035227405785,0.340970858884345,,-0.1035134054474943,0.0443460429042761,-0.1071713973673175,0,,
2024-06-28 04:00:00,23.709999084472656,23.709999084472656,23.1299991607666,23.479999542236328,2943600,-0.010535187729567,-0.0365203638222388,-0.050545896608899,,,24.922999954223634,,,0,0,-0.467862656035809,-0.2987726455910557,0,30.560572463179767,22.04852701356691,0.3194288518890014,,-0.1129580600181452,0.0440522040798892,-0.0851097631484102,0,,
2024-07-01 04:00:00,23.530000686645508,24.049999237060547,23.11000061035156,23.229999542236328,1805300,-0.010647359662435,-0.0556910901621517,-0.0659429530219357,,,24.85949993133545,,,0,0,-0.5233727570752471,-0.343692667887894,0,28.621593033841847,22.131981831608694,0.3193196587563595,,-0.1224027145887961,0.0434936543427509,-0.1077532427107808,0,,
2024-07-02 04:00:00,23.229999542236328,23.25,22.670000076293945,22.88999938964844,1640300,-0.014636253090307,-0.0556930855700024,-0.0657143106265942,,,24.74949989318848,,,0,0,-0.5880217343687129,-0.3925584811840578,0,26.188051876563197,22.734022198786004,0.3192082021416348,,-0.1352474505694409,0.042570571584343,-0.105426644520683,0,,
2024-07-03 04:00:00,23.049999237060547,23.51000022888184,22.90999984741211,23.15999984741211,1344600,0.0117955642185718,-0.0248421116879111,-0.0769230886185033,,,24.64499988555908,,,0,0,-0.610433042063427,-0.4361333933599316,0,31.19136741173168,22.75803184996044,0.3087203636353189,,-0.1250472063394591,0.0428813566839953,-0.1193681401384797,0,,
2024-07-05 04:00:00,23.18000030517578,23.28499984741211,22.790000915527344,23.239999771118164,1852300,0.0034542281620522,-0.020648958304699,-0.0796039694606667,,,24.483499908447264,,,0,0,-0.6146534967187662,-0.4718374140316985,0,32.64813610407428,22.932674525864176,0.3076915726431041,,-0.1220249197591306,0.0427827778895138,-0.1259839688512559,0,,
2024-07-08 04:00:00,23.39999961853028,23.77499961853028,23.350000381469727,23.559999465942383,1543000,0.0137693501710745,0.0034071518426628,-0.1099357734378168,,,24.338999843597414,,,0,0,-0.5854284813007133,-0.4945556274855015,0,38.27722123310687,22.12299496560096,0.2522998770696429,,-0.1099357734378168,0.0433218732137768,-0.1457278947200838,0,,
2024-07-09 04:00:00,23.56999969482422,23.59499931335449,23.104999542236328,23.56999969482422,1223300,0.0004244579417878,0.0146362530903072,-0.1088847253324303,,,24.25399980545044,,,0,0,-0.5550621007484118,-0.5066569221380836,0,38.45034586931974,21.72021677960188,0.2526070227734706,,-0.1095579786081513,0.043298164656211,-0.1455656423902204,0,,
2024-07-10 04:00:00,23.64999961853028,23.76000022888184,23.25,23.459999084472656,1319800,-0.00466697546779,0.0249016911325032,-0.0716264875545314,,,24.155999755859376,,,0,0,-0.5337202603921938,-0.5120695897889056,0,37.21386329543241,21.025477823370487,0.2084182052843537,,-0.1137136496774763,0.0426738178531896,-0.1196349811590828,0,,
2024-07-11 04:00:00,24.09000015258789,25.020000457763672,24.040000915527344,24.82999992370605,4932700,0.0583973100041657,0.0721070849437224,-0.0232100767433951,,,24.12299976348877,,,0,0,-0.4016293468934364,-0.4899815412098118,1,56.13405890574042,20.59247478153388,0.2981170273529447,,-0.0619569109252312,0.0455586838843442,-0.0627791071624502,0,,
2024-07-12 04:00:00,25.09000015258789,25.795000076293945,24.979999542236328,25.34000015258789,4717700,0.0205396790353964,0.0903614630874278,-0.0058846457386096,,,24.08249979019165,,,0,0,-0.2528785633936543,-0.4425609456465803,1,60.86222004482253,21.025670969435197,0.307133471318317,,-0.0426898069542638,0.0462030222057319,-0.0498514468153534,0,,
2024-07-15 04:00:00,25.559999465942383,25.645000457763672,25.13999938964844,25.440000534057617,2979900,0.0039463449434713,0.0797963120004696,-0.0271510170107055,,,24.065499782562256,,,0,0,-0.1254768813504405,-0.3791441327873524,1,61.73318975154616,21.42792457248642,0.2928012369286707,,-0.0389119307146041,0.0462581398091115,-0.0651116156377746,0,,
2024-07-16 04:00:00,25.81999969482422,27.53499984741211,25.729999542236328,27.40999984741211,4961000,0.077437078301833,0.1629189733689782,0.0632272737529819,,,24.183499813079838,,,0,0,0.1329201296501558,-0.2767312802998508,1,74.00571320092648,23.26843132713046,0.3954599889781479,,0.0,0.049546420687355,0.0177618895972688,1,,
2024-07-17 04:00:00,26.89999961853028,27.68000030517578,26.45499992370605,26.76000022888184,3374100,-0.0237139592173926,0.140665015907581,0.0682635147266355,,,24.293499851226805,,,0,0,0.2820013495581825,-0.1649847543282441,1,66.43494580515107,25.06276415118868,0.3911343600787049,,-0.0237139592173926,0.0490593376714027,0.0377553884518471,1,,
2024-07-18 04:00:00,26.76000022888184,27.07999992370605,25.270000457763672,25.549999237060547,5121900,-0.045216778081913,0.0289971532648731,0.040309437811308,,,24.345499801635743,,,0,0,0.299064888890026,-0.07217482568459,1,55.128888138473336,24.969638925072022,0.4192242546679244,,-0.0678584684679293,0.0472037953611162,0.0265315816102371,1,,
2024-07-19 04:00:00,25.59000015258789,25.65999984741211,25.21999931335449,25.3799991607666,2891600,-0.0066536235369963,0.0015784928152269,0.0354956721240493,,,24.399499797821044,,,0,0,0.295464352207599,0.0013530098938477,1,53.74500073055697,24.816990222472043,0.4201175238595555,,-0.0740605873019429,0.0472031713662378,0.0312256954567671,1,,
2024-07-22 04:00:00,25.68000030517578,26.299999237060547,25.26000022888184,26.239999771118164,2606500,0.0338849739475557,0.0314465102305934,0.0798354154307492,,,24.49299974441528,,,0,0,0.3578803410775286,0.0726584761305839,1,59.30975684996301,25.19081498889292,0.4322413089006043,,-0.0426851544256542,0.0483046324918523,0.0615170061931287,1,,
2024-07-23 04:00:00,26.13999938964844,26.979999542236328,26.0,26.790000915527344,1670700,0.0209604096496431,-0.022619443098731,0.0993024207203954,,,24.602499771118165,,,0,0,0.4465780835800252,0.1474423976204722,1,62.42330478654912,26.020989768314017,0.4361658130228106,,-0.022619443098731,0.0493946049690866,0.0809007147175935,1,,
2024-07-24 04:00:00,26.520000457763672,27.040000915527344,25.93000030517578,25.950000762939453,2644500,-0.0313549878268586,-0.0302690380797591,0.0548780634363985,,,24.68799982070923,,,0,0,0.4439728487692171,0.2067484878502212,1,55.4453113978561,26.688237834628172,0.4533369935904497,,-0.0532651985625786,0.0489552804516509,0.0578211152213778,1,,
2024-07-25 04:00:00,26.11000061035156,27.44499969482422,25.799999237060547,26.690000534057617,2470800,0.0285163679908246,0.0446184473987572,0.1010726396894861,,,24.83499984741211,,,0,0,0.4959035115135464,0.2645794925828862,1,59.7173817049648,27.59397374243432,0.4569034723011744,,-0.0262677605750687,0.0506150314057235,0.1142020218566386,1,,
2024-07-26 04:00:00,27.100000381469727,27.73500061035156,26.84499931335449,27.229999542236328,3419000,0.020232259174729,0.0728920584177768,0.1465262965152138,,,25.00999984741211,,,0,0,0.5740154500823174,0.3264666840827725,1,62.54004025140941,28.632556200864567,0.4502324378711954,,-0.0065669575402341,0.0510671504697429,0.1487795137911571,1,,
2024-07-29 04:00:00,27.36000061035156,27.479999542236328,26.459999084472656,26.89999961853028,2595000,-0.0121189838139434,0.0251524334286985,0.1335861836259946,,,25.180999851226808,,,0,0,0.602347995502015,0.381642946366621,1,59.7831164333184,28.97541362353916,0.4543544574105362,,-0.0186063565020407,0.0504186334562083,0.1369364695073316,1,,
2024-07-30 04:00:00,26.950000762939453,27.32999992370605,26.420000076293945,26.729999542236328,1731500,-0.0063197055280567,-0.0022396928421245,0.1384156756116554,,,25.355999851226805,,,0,0,0.6041202344540899,0.4261384039841148,1,58.35595933419506,29.228941499455505,0.4526092726069403,,-0.0248084753360544,0.0503551249466058,0.1430784451848572,1,,
2024-07-31 04:00:00,26.93000030517578,27.924999237060547,26.57999992370605,26.950000762939453,2255400,0.0082304984837542,0.0385356443390996,0.1601378086099181,,,25.55899991989136,,,0,0,0.6161741346070606,0.464145550108704,1,59.696848543386025,29.938002582451485,0.4482628840607547,,-0.016782162970938,0.0499575280670305,0.1486164780117367,1,,
2024-08-01 04:00:00,27.350000381469727,27.489999771118164,25.790000915527344,26.040000915527344,3127600,-0.0337662271484423,-0.0243536757408769,0.1376147492298942,,,25.70299997329712,,,0,0,0.5460035655930966,0.4805171532055826,1,52.2085586359219,29.37179846663104,0.4647459725101373,,-0.0499817197924615,0.0489640261241319,0.1501848413550635,1,,
2024-08-02 04:00:00,24.90999984741211,24.96999931335449,24.301000595092773,24.6200008392334,3343100,-0.0545314910279906,-0.095850119239061,0.0630397669015714,,,25.77200002670288,,,0,0,0.371528001839696,0.4587193229324053,0,43.119192541747815,27.445055041435204,0.5099319490729571,,-0.1017876331160259,0.0471722152250676,0.1000634978201098,1,,
2024-08-05 04:00:00,22.520000457763672,24.56999969482422,22.32999992370605,23.90999984741211,4622400,-0.028838382112882,-0.1111524094245147,0.0288296076976126,,,25.789500045776368,25.13819995880127,,1,0,0.1739584297298968,0.4017671442919036,0,39.42344936430035,27.202929184099613,0.5220173959647948,,-0.1276906245707422,0.0471860864190958,0.1029224549409448,1,,
2024-08-06 04:00:00,24.31999969482422,24.9950008392334,23.709999084472656,24.280000686645508,2602200,0.0154747319780281,-0.0916572726355476,0.0305603241521263,,,25.825000095367432,25.110599975585934,,1,0,0.0467007586456276,0.3307538671626484,0,42.2035515155092,26.543878440519155,0.5225405951445485,,-0.1141918707840532,0.0474785459269396,0.0959485914344286,1,,
2024-08-07 04:00:00,25.030000686645508,25.030000686645508,23.6200008392334,23.68000030517578,2366100,-0.024711711882271,-0.1213358206008083,0.0046669754677899,,,25.836000156402587,25.07159999847412,,1,0,-0.1013980255820321,0.2443234886137123,0,39.07202806187708,25.99665221238227,0.5306545958081776,,-0.1360817060562111,0.0466168622707925,0.0766475355464151,1,,
2024-08-08 04:00:00,23.89999961853028,24.614999771118164,23.690000534057617,24.56999969482422,1182300,0.0375844332001089,-0.0564516577964704,0.0473146058682598,,,25.823000144958492,25.04919998168945,,1,0,-0.1452772012234042,0.166403350646289,0,45.52854787613591,25.488513571969445,0.5452063895967632,,-0.1036118266471287,0.047276024399324,0.1078461402719417,1,,
2024-08-09 04:00:00,24.76000022888184,24.940000534057617,24.21999931335449,24.280000686645508,1525300,-0.0118029715824456,-0.0138099163687306,-0.0221505935864075,,,25.770000171661376,25.04020000457764,,1,0,-0.201133716110835,0.0928959372948642,0,43.8962454412364,24.64101948983425,0.5079010496501662,,-0.1141918707840532,0.0465129272460323,0.020945367168871,1,,
2024-08-12 04:00:00,24.3700008392334,24.489999771118164,23.81999969482422,24.170000076293945,1314600,-0.0045305027693868,0.0108741208925593,-0.0461720627169948,,,25.706500148773195,25.026199989318847,,1,0,-0.2513787982175124,0.0240409901923888,0,43.26264831823725,24.195784192426935,0.5021569773152115,,-0.1182050269666113,0.046277883210894,0.0016202620865088,1,,
2024-08-13 04:00:00,24.420000076293945,25.229999542236328,24.14999961853028,25.1299991607666,1718800,0.0397186214912026,0.0350081733971536,-0.01218558831695,,,25.59250011444092,25.03879997253418,,1,0,-0.2112987640899675,-0.0230269606640824,0,50.040118671285946,22.94181344649006,0.5221836937680634,,-0.083181346199853,0.0473374809447999,0.0233329991249606,1,,
2024-08-14 04:00:00,25.31999969482422,25.364999771118164,24.354999542236328,24.489999771118164,1525900,-0.0254675452057959,0.0342060580871419,-0.1065304667110252,,,25.47900009155273,25.026799964904782,,1,0,-0.2285431471917398,-0.0641301979696138,0,46.0875819520651,21.631534674286584,0.4458148665406637,,-0.1065304667110252,0.0459868305838825,-0.0718435369112541,0,,
2024-08-15 04:00:00,25.0,25.96999931335449,24.950000762939453,25.809999465942383,4051400,0.0538995388795771,0.0504680417793972,-0.0355007755909556,,,25.492000102996823,25.037999954223636,,1,0,-0.1341501024884408,-0.0781341788733792,0,54.13439108630685,20.390127444116125,0.4841298133186729,,-0.0583728708637986,0.0476487930981251,-0.0287518062866101,0,,
2024-08-16 04:00:00,25.75,26.145000457763672,25.530000686645508,26.0,3279500,0.0073615086396392,0.0708401674099015,0.0176125548484056,,,25.52300014495849,25.02859996795654,,1,0,-0.0435099239785436,-0.0712093278944121,1,55.17157096587999,19.41301567462798,0.4575325182551139,,-0.0514410746173438,0.04789219220016,0.0145835061307542,1,,
2024-08-19 04:00:00,26.11000061035156,26.76000022888184,25.90999984741211,26.739999771118164,1625700,0.0284615296583909,0.1063301483951952,0.0535855262144335,,,25.548000144958497,25.03439994812012,,1,0,0.0870316212563437,-0.0395611380642609,1,59.05511327314552,19.095930733759158,0.4660035469253002,,-0.0244436366298339,0.0487887786172152,0.0335911169754905,1,,
2024-08-20 04:00:00,26.65999984741211,26.90999984741211,26.239999771118164,26.26000022888184,2056700,-0.0179506187862713,0.0449662198906641,0.0007622125738617,,,25.52150011062622,25.05419994354248,,1,0,0.1500253855638966,-0.0016438333386294,1,55.68527681161668,18.939582464756768,0.4570853483568221,,-0.041955477013213,0.0479910233751139,-0.0064923196919326,0,,
2024-08-21 04:00:00,26.5,27.166000366210938,26.34000015258789,27.049999237060547,1849700,0.0300837395770405,0.1045324413992634,0.0097050508640523,,,25.57650003433228,25.086799926757813,,1,0,0.2606896473055649,0.0508228627902094,1,59.75558542188784,19.03248148925229,0.4632987778051743,,-0.0131339150804683,0.0492654804184618,-0.0026141427936434,0,,
2024-08-22 04:00:00,27.13999938964844,27.18000030517578,25.989999771118164,26.049999237060547,1498600,-0.0369685777524875,0.0092987127502601,0.0038535056331832,,,25.544499969482423,25.09799991607666,,1,0,0.26464951451279,0.0935881931347255,1,53.106184285219065,18.6397850806654,0.4685956247331644,,-0.049616950672109,0.0478195155610017,-0.0232000487009963,0,,
2024-08-23 04:00:00,26.420000076293945,27.07999992370605,26.06999969482422,26.96999931335449,2145000,0.0353167026195182,0.0373076658982496,0.0104907745857696,0.051052200846934,,25.53149995803833,25.114399909973145,,1,0,0.3381263451685328,0.142495823541487,1,57.76281250840614,18.275138415549,0.4742585088782367,0.6777946248533164,-0.0160525551443651,0.0489878322943789,-0.032148535052782,0,,
2024-08-26 04:00:00,27.15999984741211,27.19499969482422,26.71500015258789,26.979999542236328,1048900,0.0003707908467349,0.0089753093931357,-0.0091810504664984,0.0526726658476155,,25.53549995422363,25.13839988708496,,1,0,0.3926381100071268,0.1925242808346149,1,57.81185281833463,18.06505375834412,0.4690306887089718,0.6924035795697834,-0.0156877164381443,0.0491230951950992,-0.0380686068590319,0,,
2024-08-27 04:00:00,26.850000381469727,27.04800033569336,26.3799991607666,26.76000022888184,1485500,-0.008154162975803,0.0190403654090633,-0.0052044383506978,0.0416504348999802,,25.53699998855591,25.172599906921388,,1,0,0.4133224465218248,0.2366839139720569,1,56.2641552991654,17.365148461610467,0.467942278040022,0.5925264613352801,-0.0237139592173926,0.0486557283552146,-0.0349653487241962,0,,
2024-08-28 04:00:00,26.57999992370605,26.71999931335449,25.940000534057617,26.31999969482422,1909800,-0.0164424712367053,-0.0269870448364439,-0.0153385654483182,0.0642943866566729,,25.505499935150148,25.207799911499023,,1,0,0.3897181382649677,0.2672907588306391,1,53.19675202619951,16.151158938613943,0.4710135554100153,0.8011124134299235,-0.0397665143617577,0.0481351391294534,-0.0440865913748871,0,,
2024-08-29 04:00:00,26.540000915527344,27.18600082397461,26.440000534057617,26.57999992370605,1373000,0.0098784282635444,0.0203455163979999,-0.0137291587665634,0.0687575000711324,,25.532499885559083,25.249199905395507,,1,0,0.3875242610142386,0.291337459267359,1,54.76606181505032,15.568961428494454,0.471424784591927,0.8409936041834686,-0.0302809167576271,0.0486063035815734,-0.0270474648714411,0,,
2024-08-30 04:00:00,26.75,26.989999771118164,25.989999771118164,26.38999938964844,1552700,-0.0071482518661767,-0.0215053740627592,0.0134408011449953,0.0771428322305485,,25.620999813079838,25.290999908447265,,1,0,0.3662324426620493,0.3063164559462971,1,53.35807490154775,14.501036199597028,0.4563488024589619,0.917071919229827,-0.0372127130040816,0.0478025257717027,-0.0237215042219894,0,,
2024-09-03 04:00:00,26.040000915527344,26.61000061035156,25.075000762939453,25.1200008392334,2474000,-0.0481242356872961,-0.0689399086197596,0.0203086914279555,0.0011957228562398,,25.681499862670897,25.305999908447266,,1,0,0.2440668038326379,0.2938665255235653,0,45.02550791685867,14.565311795403629,0.4469630339515726,0.219291571683449,-0.0835461153202056,0.046458111756767,-0.0151382220422241,0,,
2024-09-04 04:00:00,25.049999237060547,25.559999465942383,24.729999542236328,24.8700008392334,1059400,-0.0099522289668693,-0.0706277792781399,0.040150606354989,-0.0150494717135287,,25.71099987030029,25.31139991760254,,1,0,0.1256285762160622,0.2602189356620647,0,43.58268153138479,14.969191064516078,0.4355413855358801,0.0658399480791554,-0.0926668742181158,0.0460901011387183,-0.0232268739272676,0,,
2024-09-05 04:00:00,24.940000534057617,25.280000686645508,24.684999465942383,24.96999931335449,1539000,0.004020847235491,-0.0512918084013201,0.0284183940360633,-0.0566679274239054,,25.77549982070923,25.325999908447265,,1,0,0.0393805146091352,0.2160512514514788,0,44.35084225659347,15.389454351919571,0.4329533255044572,-0.3595245236057475,-0.0890186263276463,0.0463882404162813,-0.0229641723303005,0,,
2024-09-06 04:00:00,24.920000076293945,25.18000030517578,23.90999984741211,24.239999771118164,2388600,-0.0292350645699018,-0.0880361233748875,0.0236486257907684,-0.0835539103241858,,25.75899982452393,25.335799903869628,,1,0,-0.0868751155417442,0.1554659780528342,0,40.06248069963602,16.50516575580201,0.4366959423247697,-0.6281978583012582,-0.1156512256089354,0.0458029480616492,-0.0174596523553086,0,,
2024-09-09 04:00:00,24.39999961853028,24.725000381469727,24.190000534057617,24.459999084472656,1424600,0.0090758793494964,-0.0731337760444523,-0.0044770293739455,-0.0320538725214846,,25.767999744415285,25.35039989471436,,1,0,-0.167253511710971,0.0909220801000731,0,41.88617648066718,17.54118348797856,0.4177471972696979,-0.117876769759581,-0.107624982829687,0.0457069116381409,-0.033190455016465,0,,
2024-09-10 04:00:00,24.459999084472656,24.96500015258789,24.11000061035156,24.89999961853028,1786300,0.0179885752463881,-0.0087580100857128,0.0255353753851326,-0.0204563515422098,,25.8044997215271,25.378799896240235,,1,0,-0.1932222579961049,0.0340932124808375,0,45.46040332800962,18.090916967561263,0.4197807992324789,-0.0002020844182818,-0.091572427685322,0.0463273166974598,-0.0039905153161131,0,,
2024-09-11 04:00:00,24.780000686645508,25.36000061035156,24.51000022888184,25.32999992370605,2405400,0.0172690888258397,0.0184961427000431,0.0479933737588127,-0.0062769654314945,,25.81449975967407,25.42079990386963,,1,0,-0.1770641601371423,-0.0081382620427584,0,48.77610540380174,17.953430346747904,0.4225959697920011,0.1405348872656138,-0.0758847112471778,0.0466487851560348,0.0080146696306426,1,,
2024-09-12 04:00:00,25.25,25.53899955749512,24.80500030517578,25.31999969482422,1730800,-0.0003947978251856,0.0140168358467891,0.0075607059451976,-0.0317399593045465,,25.855999755859376,25.469399909973145,,1,0,-0.1631845956269693,-0.0391475287596005,0,48.7019511959324,17.5424685854501,0.4004322015483716,-0.115262898318922,-0.0762495499533983,0.0462408734430708,-0.0231657342098071,0,,
2024-09-13 04:00:00,25.57999992370605,26.15999984741211,25.57999992370605,26.1200008392334,2371000,0.0315956221979225,0.0775578005720629,0.0665578229215644,0.0131885237987605,,25.871499824523926,25.52859992980957,,1,0,-0.08663288432707,-0.0486445998730944,0,54.642700436062185,16.32465865277066,0.4023024349761235,0.3287450633598791,-0.047063079728565,0.0474540372626383,0.0319049314798851,1,,
2024-09-16 04:00:00,26.170000076293945,26.21999931335449,25.459999084472656,26.049999237060547,1448300,-0.0026799999970791,0.0650040969787784,0.0092987127502601,0.0399201608964736,,25.873999786376952,25.584799919128415,,1,0,-0.0312533763956182,-0.0451663551775992,1,54.052824307694735,15.288490871434226,0.3580911730341232,0.582782647482045,-0.049616950672109,0.0472570663900355,-0.0082211255022333,0,,
2024-09-17 04:00:00,26.31999969482422,26.959999084472656,26.21999931335449,26.290000915527344,1555700,0.0092131165257522,0.0558233461161439,0.0111538813664362,0.0704397999675843,,25.851499843597413,25.63939994812012,,1,0,0.0316367238431318,-0.029805739373453,1,55.81400645373905,15.030275140883909,0.3585833057949627,0.8680565274324508,-0.0408609608945513,0.0476729735476017,-0.0045773359390628,0,,
2024-09-18 04:00:00,26.309999465942383,27.475000381469727,26.049999237060547,26.229999542236328,2394400,-0.0022822887486313,0.0355309759668802,-0.0190725592089453,0.0701754099262592,,25.84999980926513,25.69259994506836,,1,0,0.0757626275985074,-0.0086920659790609,1,55.2438929563298,15.36046641780406,0.344198070723011,0.8656164468942387,-0.0430499931318748,0.0477056574553522,-0.0222002106336958,0,,
2024-09-19 04:00:00,27.040000915527344,27.280000686645508,26.709999084472656,26.770000457763672,2154900,0.0205871492547233,0.0572670134445481,0.0194211814332321,0.1016461439610278,,25.83599987030029,25.75879997253418,,1,0,0.1525478089577632,0.0235559090083039,1,59.27561555007452,15.667072603515631,0.3457353461080147,1.14843521142385,-0.0233491205111722,0.0478708885960896,-0.0025032760415466,0,,
2024-09-20 04:00:00,26.71999931335449,26.71999931335449,25.959999084472656,26.25,1735300,-0.0194247459421639,0.0049769968066515,-0.0295748339972035,0.0771439924507504,,25.845999908447265,25.78719997406006,,1,0,0.1694871845149776,0.0527421641096386,1,54.21128597011715,14.82034473787173,0.3359166964732785,0.9250068320940468,-0.0423203157194337,0.047022293167729,-0.0455326372884052,0,,
2024-09-23 04:00:00,26.3700008392334,26.459999084472656,25.34000015258789,25.350000381469727,2383800,-0.0342856997535342,-0.0268713580073719,-0.0268713580073719,0.0304878044052774,,25.76499996185303,25.78739997863769,,0,0,0.1090324558008077,0.0640002224478725,1,46.76425453473819,14.271182153273614,0.3324290538332234,0.4921259839625048,-0.0751550338347366,0.0452969119019146,-0.0527525975429241,0,,
2024-09-24 04:00:00,25.440000534057617,25.57999992370605,25.075000762939453,25.36000061035156,1052100,0.0003944863404869,-0.0353746775499923,-0.0596959119018487,0.0462046555201651,,25.68400001525879,25.78579998016357,,0,0,0.0612228438039146,0.0634447467190809,0,46.85161919928688,14.068259683812302,0.305135884369143,0.6382723438724878,-0.0747901951285161,0.045185490209171,-0.077618092230715,0,,
2024-09-25 04:00:00,25.350000381469727,25.479999542236328,24.76000022888184,24.84000015258789,1860400,-0.0205047494183187,-0.0529927340414253,-0.0793179920666172,0.0458947432668586,,25.58800001144409,25.73439998626709,,0,0,-0.0184140436369482,0.0470729886478751,0,42.90838050983095,14.23369177713153,0.3109600191669077,0.6353839646966799,-0.0937613903367775,0.0443568047140579,-0.0970274870121953,0,,
2024-09-26 04:00:00,25.18000030517578,25.69499969482422,25.125,25.57999992370605,1658200,0.029790650828199,-0.0444527648004766,-0.0440956761989196,0.0779604052742168,,25.551000022888186,25.71079998016357,,0,0,-0.0215664489941573,0.0333451011194686,0,49.43104424681311,14.059019524879597,0.3312943693528117,0.9216460144520195,-0.0667639523492678,0.0454978452171392,-0.0649025971828229,0,,
2024-09-27 04:00:00,25.780000686645508,26.07999992370605,25.57999992370605,25.6299991607666,1956500,0.0019546222521373,-0.0236190795898437,-0.0262158260660354,0.0915672768503597,,25.50349998474121,25.71239997863769,,0,0,-0.0198019676253871,0.0227156873704974,0,49.84796895019968,13.331771303449251,0.3272494480035852,1.0425773488282868,-0.0649398284040327,0.0456529798131728,-0.0515664722523222,0,,
2024-09-30 04:00:00,25.52499961853028,26.222999572753903,25.38999938964844,25.600000381469727,2502100,-0.0011704557268498,0.0098619327904525,-0.0368698098212666,0.1020232839404198,,25.46400003433228,25.71680000305176,,0,0,-0.0205869407689718,0.0140551617426036,0,49.58382627685141,12.905333310050256,0.3248253076280499,1.135064464503158,-0.0660342749368264,0.0454175416002209,-0.0656038774065783,0,,
2024-10-01 04:00:00,25.600000381469727,25.600000381469727,24.5,24.850000381469727,2170200,-0.0292968745634425,-0.0201104186359387,-0.05835540143221,0.0856269569280836,,25.45050001144409,25.689000015258788,,0,0,-0.0807963990351012,-0.0049151504129373,0,43.392943559899415,13.532222806303082,0.3383823145151335,0.9867718920883748,-0.0933965516305569,0.0444854793420287,-0.0693906101429808,0,,
2024-10-02 04:00:00,24.739999771118164,25.114999771118164,24.479999542236328,24.84000015258789,1659900,-0.0004024236912806,0.0,-0.0111465237775069,0.0725388737583909,,25.448999977111814,25.65,,0,0,-0.1278460338947447,-0.0295013271092988,0,43.31528540287693,14.135184410420717,0.29518364405897,0.8719555215285523,-0.0937613903367775,0.0444488114395205,-0.0432497198286107,0,,
2024-10-03 04:00:00,24.61000061035156,24.739999771118164,24.299999237060547,24.40999984741211,1982700,-0.0173108012292416,-0.0457388616021712,-0.0184962193927882,0.0503442378578669,,25.421000003814697,25.61919998168945,,0,0,-0.1975533672159528,-0.0631117351306296,0,40.00034861278832,14.88938477167824,0.2992663167294939,0.6719239639986213,-0.1094491067749218,0.0437593715349119,-0.0505689843637263,0,,
2024-10-04 04:00:00,24.729999542236328,25.030000686645508,24.489999771118164,24.86000061035156,1741700,0.0184350989656871,-0.0300428628805312,-0.0044052345225376,0.0551783180762979,,25.45200004577637,25.58259998321533,,0,0,-0.2140185576209816,-0.0932930996287,0,44.76445937572168,15.081673699431567,0.3062274555865739,0.7149720600557369,-0.0930317129243365,0.0441647381259886,-0.0479324559487329,0,,
2024-10-07 04:00:00,24.729999542236328,24.89999961853028,24.5049991607666,24.670000076293945,984700,-0.0076428209731619,-0.0363281363795975,0.0177392866846526,0.0466695119097213,,25.46250009536743,25.53139999389649,,0,0,-0.239636415411617,-0.1225617627852834,0,43.20458641456245,15.26022770377394,0.2889293186719742,0.6381453004804376,-0.0999635091707911,0.0442270275234116,-0.0344065306913538,0,,
2024-10-08 04:00:00,24.76000022888184,24.975000381469727,24.520000457763672,24.690000534057617,771600,0.0008107198095588,-0.006438625551548,0.0094031667291012,0.052429731354894,,25.4520001411438,25.48720001220703,,0,0,-0.2553810091819741,-0.1491256120646216,0,43.428060286434416,15.284754764764362,0.2874316246714947,0.6901502143619863,-0.0992338317583499,0.0438481824542653,-0.0406662606870291,0,,
2024-10-09 04:00:00,24.64999961853028,24.82999992370605,24.06999969482422,24.18000030517578,2432300,-0.0206561449109058,-0.0265700420031337,-0.0289156355174672,-0.0261779951883807,,25.394500160217284,25.43620002746582,,0,0,-0.3054899711728893,-0.1803984838862751,0,39.19319786611118,15.898502769022908,0.2891472231477201,-0.0588646180910544,-0.1178401882603908,0.04264705486582,-0.0794404272467086,0,,
2024-10-10 04:00:00,23.76000022888184,23.89999961853028,23.415000915527344,23.8700008392334,2270200,-0.0128204905719553,-0.022122040620822,-0.0576391270773852,-0.0580110222771393,,25.322000217437743,25.3746000289917,,0,0,-0.3659970643614834,-0.2175181999813168,0,36.84150045383604,17.192662983041952,0.2836149780511976,-0.3863463259616838,-0.1291499098097563,0.042174105962893,-0.0959227379271407,0,,
2024-10-11 04:00:00,23.81999969482422,24.93000030517578,23.71999931335449,24.790000915527344,2750700,0.0385421048993768,-0.002815755957587,-0.0209320215515331,-0.0255502989341565,,25.25550022125244,25.3496000289917,,0,0,-0.33584168041045,-0.2411828960671435,0,47.00448881004463,16.63250128369603,0.3175907250604703,-0.0461104446028682,-0.0955855142820123,0.0435388670958386,-0.0584332895562366,0,,
2024-10-14 04:00:00,24.790000915527344,25.239999771118164,24.46999931335449,25.200000762939453,1557600,0.0165389202206645,0.0214836110663332,-0.0352220538566011,-0.080627475256309,,25.213000297546387,25.36120002746582,,0,0,-0.2756818711918889,-0.2480826910920925,0,50.80377426297443,15.672625963916266,0.3021358804409049,-0.6811585400402488,-0.080627475256309,0.0438999242952252,-0.0748959029079572,0,,
2024-10-15 04:00:00,25.01499938964844,25.049999237060547,24.459999084472656,24.780000686645508,1959400,-0.0166666691896145,0.0036452065873284,-0.0487523450138244,-0.0739910136510139,,25.13750028610229,25.37860004425049,,0,0,-0.2589107233752479,-0.2502482975487237,0,47.08026772706752,14.794810477487031,0.3066554967205754,-0.6103365328883381,-0.0959503529882328,0.0435062864328974,-0.0793697163971426,0,,
2024-10-16 04:00:00,24.93000030517578,25.13999938964844,24.729999542236328,25.020000457763672,1304700,0.0096852205192836,0.0347394599663462,-0.0483073569241904,-0.0207435927641088,,25.07700033187866,25.39340003967285,,0,0,-0.2236751047587617,-0.2449336589907313,1,49.36408295385317,13.842584395470992,0.3068811639802184,-0.0399233933381634,-0.0871944327965432,0.0437375586039965,-0.0825502302615049,0,,
2024-10-17 04:00:00,24.979999542236328,24.989999771118164,24.290000915527344,24.32999992370605,2411600,-0.0275779584905448,0.0192710124968484,-0.0724361285432293,-0.0413711296997866,,24.95500030517578,25.406400032043457,,0,0,-0.248562624459744,-0.2456594520845339,0,43.54558675011249,13.585143847308048,0.3192512606836081,-0.2609744351750412,-0.1123677468388185,0.0425277133183104,-0.1085394146781837,0,,
2024-10-18 04:00:00,24.450000762939453,24.81999969482422,24.38999938964844,24.780000686645508,840300,0.0184957157562912,-0.0004033976810211,-0.0743369345195896,-0.0556402094972442,,24.881500339508055,25.41060005187988,,0,0,-0.2293312741965714,-0.2423938165069414,1,47.86181219374864,13.346091909728171,0.3173493129286902,-0.4288929863925415,-0.0959503529882328,0.0431483246628335,-0.0986521051051029,0,,
2024-10-21 04:00:00,24.709999084472656,24.76000022888184,24.1299991607666,24.36000061035156,1589400,-0.0169491551515693,-0.0333333383792291,-0.071999976748512,-0.0907054954136776,,24.83200035095215,25.412200050354,,0,0,-0.2451547947580294,-0.242946012157159,0,44.446250350052175,13.492894470573544,0.3158947827419067,-0.8376143457248072,-0.1112732307201568,0.0424867644774788,-0.0964548596996731,0,,
2024-10-22 04:00:00,24.170000076293945,24.299999237060547,24.0,24.06999969482422,1423600,-0.0119047991897055,-0.0286521780527603,-0.0504931229737242,-0.0724470525180162,,24.76750030517578,25.41020004272461,,0,0,-0.2778923292598385,-0.2499352755776949,0,42.20656158613506,13.810739579858543,0.2972547326003172,-0.6361308274691713,-0.1218533444429491,0.0420032756905524,-0.0727121579169504,0,,
2024-10-23 04:00:00,23.979999542236328,24.059999465942383,23.350000381469727,23.549999237060547,2263500,-0.0216036752952467,-0.0587530453160717,-0.0713722921817359,-0.1176471050643214,,24.703000259399413,25.37860004425049,,0,0,-0.3418560485998441,-0.2683194301821248,0,38.46378737277115,14.921974559993073,0.3044254814021397,-1.1896673940970428,-0.1408245396512105,0.0414748236334887,-0.0821207551031331,0,,
2024-10-24 04:00:00,23.57999992370605,23.65999984741211,23.170000076293945,23.290000915527344,3185300,-0.0110402687879516,-0.0427455409551965,-0.0623993247801596,-0.1446933049189982,,24.58850030899048,25.354600067138676,,0,0,-0.4088148851440891,-0.2964185211745176,0,36.710876206950026,16.154976161164754,0.299428134529406,-1.5418397886012207,-0.1503100676694733,0.0409284178407195,-0.0772911145299843,0,,
2024-10-25 04:00:00,23.39999961853028,23.77499961853028,23.209999084472656,23.299999237060547,1973900,0.0004292967428154,-0.0597256419925188,-0.0891321615889659,-0.1338290123613921,,24.47200031280517,25.30440006256104,,0,0,-0.4558190660733245,-0.328298630154279,0,36.83009900127344,17.04782927716314,0.2753509728735065,-1.405572653766031,-0.1499452985491207,0.0409601305047119,-0.0997347169029876,0,,
2024-10-28 04:00:00,23.46999931335449,24.30500030517578,23.420000076293945,24.059999465942383,1691700,0.0326180366423787,-0.0123153176064245,-0.0612563303251103,-0.0998877711193018,,24.39500026702881,25.265600051879883,,0,0,-0.426824385396845,-0.3480037812027923,0,45.26982517621581,16.80167315183425,0.3031974092140476,-0.9587997524649244,-0.1222181831491696,0.0421658125180571,-0.0763842209070758,0,,
2024-10-29 04:00:00,23.950000762939453,23.975000381469727,23.690000534057617,23.940000534057617,1478000,-0.0049874868889597,-0.0054008792029421,-0.0648437430732884,-0.1116883170193102,,24.349500274658205,25.209600067138677,,0,0,-0.4088162240440063,-0.3601662697710351,0,44.26423852827093,16.573099606885997,0.3032220513703089,-1.103506669847344,-0.1265961084520804,0.0418877247831889,-0.0777192400263008,0,,
2024-10-30 04:00:00,23.739999771118164,24.309999465942383,23.64999961853028,23.9950008392334,860400,0.002297422888422,0.0188960346747084,-0.034406419682548,-0.0785330262824428,,24.30725030899048,25.164300079345704,,0,0,-0.3856609026390813,-0.3652651963446444,0,44.86871747392321,15.71985061342605,0.2880913096550366,-0.723274566702292,-0.1245895303608013,0.0421113597029773,-0.0533684176087642,0,,
2024-10-31 04:00:00,23.780000686645508,23.88999938964844,23.13999938964844,23.13999938964844,2828900,-0.0356324825872468,-0.0064405976806508,-0.0684380335143572,-0.0601137855050959,,24.24375028610229,25.08610008239746,,0,0,-0.4313295168597868,-0.3784780604476729,0,37.97395235067448,15.708667688187449,0.3112991762912652,-0.5286289937979067,-0.1557825786769137,0.0414228418946926,-0.0680776256288705,0,,
2024-11-01 04:00:00,23.3700008392334,24.0,23.31999969482422,24.0,3939500,0.0371651094656586,0.03004295218285,-0.0167963887740694,0.0037641218386552,,24.200750255584715,25.04510009765625,,0,0,-0.393590296784037,-0.3815005077149457,0,46.82509141181151,15.484138161840455,0.3363487543642076,0.2169719134033309,-0.124407145800625,0.0427817633507507,-0.022340544433579,0,,
2024-11-04 05:00:00,23.950000762939453,24.38999938964844,23.670000076293945,24.270000457763672,1721000,0.0112500190734863,0.0087282209676917,-0.0237329098190856,-0.0004118710296139,,24.1807502746582,24.991100120544434,,0,0,-0.337998674204691,-0.3728001410128948,1,49.27256698486031,14.550997276570907,0.3321213446809028,0.1698630959206031,-0.1145567094902737,0.0433564494677371,-0.0183016744250981,0,,
2024-11-05 05:00:00,24.06999969482422,24.780000686645508,23.63999938964844,24.780000686645508,3834400,0.0210136060676791,0.0350877248892658,0.0044588816380777,0.0464527182134071,,24.1852502822876,24.947100143432618,,0,0,-0.2499083684644389,-0.3482217865032037,1,53.61542608665558,13.98601161015442,0.3395811729607851,0.6863759491608916,-0.0959503529882328,0.0437386403521624,-0.0110427310763914,0,,
2024-11-06 05:00:00,25.36000061035156,25.6200008392334,24.81999969482422,25.489999771118164,2482500,0.0286521010814697,0.0623046001082168,0.0324017504964011,0.037444041014284,,24.25075025558472,24.921700134277344,,0,0,-0.1214056849383347,-0.3028585661902299,1,58.89177685902347,14.596835437922788,0.3533906681026257,0.5911243097828329,-0.0700474311193847,0.0439002346391336,0.0011871001705165,1,,
2024-11-07 05:00:00,25.700000762939453,26.06999969482422,25.354999542236328,25.38999938964844,2257700,-0.0039231221015164,0.0972342290124055,0.0500413179983978,0.0457165844980167,,24.326750183105467,24.90310012817383,,0,0,-0.0273206421227172,-0.2477509813767273,1,57.89289549460891,15.658940332168706,0.3446663151422255,0.6824203932074191,-0.0736957485957222,0.0433924998388387,0.0174794009894503,1,,
2024-11-08 05:00:00,25.39999961853028,26.0,25.290000915527344,25.895000457763672,2532400,0.0198897629088214,0.0789583524068195,0.084834501354601,0.0713694818380086,,24.382000160217284,24.88940013885498,,0,0,0.0869890423502468,-0.1808029766313325,1,61.44896783114431,16.518278325306653,0.3449105566627722,0.9561391203435928,-0.0552717766538577,0.0440646940757358,0.0448281728723847,1,,
2024-11-11 05:00:00,26.32999992370605,27.73500061035156,26.25,27.11000061035156,5343900,0.0469202599385787,0.1170168973638978,0.0935861076701725,0.0787903508041565,,24.47750015258789,24.903800163269043,,0,0,0.2724796729289522,-0.0901464467192755,1,68.37016019565586,18.77734191813113,0.3564764104540943,1.0277999808384133,-0.010944882843145,0.0460883068354512,0.0585554909823615,1,,
2024-11-12 05:00:00,26.770000457763672,27.07999992370605,25.86000061035156,26.0,1964800,-0.0409443225880165,0.0492332235491816,0.0317460005095344,0.0616578294403509,,24.538500118255616,24.921400146484373,,0,0,0.3261548513551133,-0.0068861871043977,1,58.10652149633997,20.196852771621792,0.3863932123504816,0.839481362942259,-0.0514410746173438,0.0443389752461608,0.0100011778604214,1,,
2024-11-13 05:00:00,26.450000762939453,26.82999992370605,25.600000381469727,25.64999961853028,2108200,-0.0134615531334508,0.0062769654314944,0.0351089147609924,-0.0061991418335065,,24.570000076293944,24.937000122070312,,0,0,0.3365709310719929,0.0618052365308803,1,55.28815888010373,21.07931459251301,0.3846216503868268,0.098844509779254,-0.0642101509915915,0.0437208700643615,0.004932244258426,1,,
2024-11-14 05:00:00,25.65999984741211,25.709999084472656,24.09499931335449,24.1299991607666,3904100,-0.059259277987107,-0.0496258471512821,-0.0355715939533847,-0.0719231092012845,,24.56000003814697,24.92020011901856,,0,0,0.2196425133525359,0.0933726918952114,1,45.06526589924716,19.86118800279242,0.4375940698139949,-0.6343097625726974,-0.1196643817914937,0.0413961853598704,-0.0535323259655411,0,,
2024-11-15 05:00:00,24.25,24.25,22.6299991607666,22.65999984741211,4999100,-0.0609199902395599,-0.1249276135610828,-0.0686395430140042,-0.1525804023421442,,24.453999996185303,24.888600120544435,,0,0,0.0082639785941651,0.0763509492350022,0,37.78820449084439,19.522728688150774,0.4762961098211439,-1.550714280772959,-0.1732944190602929,0.039378716599922,-0.0740457568178866,0,,
2024-11-18 05:00:00,23.11000061035156,23.15999984741211,22.52499961853028,22.68000030517578,4325900,0.0008826327404392,-0.1634083439852173,-0.0847457757578458,-0.1363290134235651,,24.369999980926515,24.853000144958497,,0,0,-0.1558446828176478,0.0299118228244722,0,37.93505247247992,19.293375007119877,0.4701735050346595,-1.357191907284543,-0.1725647416478518,0.0392526446398237,-0.0902857771060912,0,,
2024-11-19 05:00:00,22.51000022888184,23.270000457763672,22.270000457763672,23.26000022888184,2746900,0.0255731885318226,-0.1053846065814677,-0.0451560079601264,-0.140110873015705,,24.329500007629395,24.820200157165527,,0,0,-0.2363760369293537,-0.0233457491262929,0,42.19617943269607,19.291676187110344,0.4781797432109018,-1.410185723954999,-0.1514045837881348,0.0401098390825333,-0.0559450789952588,0,,
2024-11-20 05:00:00,23.530000686645508,23.59000015258789,22.959999084472656,23.36000061035156,2233100,0.0042992424972356,-0.0892787150969139,-0.0294972618809518,-0.1032629061609341,,24.320000076293944,24.78080017089844,,0,0,-0.2887994202679529,-0.0764364833546249,0,42.92377778251302,18.901733583420352,0.4771421895213925,-0.9900942665889216,-0.1477562663117974,0.0402686380291285,-0.0412976757861305,0,,
2024-11-21 05:00:00,23.440000534057617,23.51700019836425,22.84499931335449,23.21999931335449,1702500,-0.0059932060504754,-0.0377123862023044,-0.01401273606781,-0.1390433850750284,-0.0950896550493823,24.316499996185303,24.738800163269044,,0,0,-0.337748904749322,-0.1286989676335644,0,42.12434237259879,18.646350496253728,0.4716775003961789,-1.4651047330159603,-0.1528639386130174,0.0398135669567769,-0.0400545808559014,0,,
2024-11-22 05:00:00,23.32999992370605,23.9950008392334,23.020000457763672,23.82999992370605,2640800,0.0262704835654639,0.0516328369008158,0.0231858732052987,-0.1167531383237814,-0.0702301715177547,24.34300003051758,24.693000144958496,,0,0,-0.3235896327365992,-0.1676771006541713,0,46.775685845871465,17.81596654989681,0.478576943515106,-1.16607038337062,-0.1306092646346388,0.0407332364204102,-0.004768848409162,0,,
2024-11-25 05:00:00,24.459999084472656,25.39999961853028,24.39999961853028,25.059999465942383,3584200,0.0516155915306038,0.1049382331896822,0.0755364929833306,-0.0635276811808341,-0.0245232018302231,24.393000030517577,24.67320014953613,,0,0,-0.2106889332577921,-0.1762794671748955,0,54.68414714041651,17.461020560450454,0.5089753863031884,-0.4962174704054637,-0.085735147557529,0.042690892505276,0.042254797024267,1,,
2024-11-26 05:00:00,24.940000534057617,24.989999771118164,24.489999771118164,24.84000015258789,1422200,-0.0087789033536684,0.0679277690523911,0.0324189818769373,-0.0562309862992653,0.0044480635821966,24.438000011444093,24.644200134277344,,0,0,-0.1373827585689646,-0.1685001254537093,1,53.16258712874724,17.13142785596455,0.4997324524195867,-0.4171925155178614,-0.0937613903367775,0.0420963169471425,-0.0016481496920012,0,,
2024-11-27 05:00:00,25.059999465942383,25.57999992370605,25.049999237060547,25.43000030517578,1905500,0.0237520188793727,0.0886129983193124,0.0622389197109021,-0.0432655990154692,0.0225170666282794,24.50974998474121,24.62820014953613,,0,0,-0.0313179912009786,-0.1410636986031632,1,56.64650003022626,17.34154350614523,0.5045650542122262,-0.2700416166547269,-0.0722363937708401,0.0432271703867645,0.0319770436448523,1,,
2024-11-29 05:00:00,25.6299991607666,26.09000015258789,25.40999984741211,25.979999542236328,1280600,0.0216279681659541,0.1188630624676412,0.0827255108804716,-0.0155361825272696,0.0604081445810746,24.651749992370604,24.612400131225584,,1,0,0.0960126687098323,-0.0936484251405641,1,59.65892671371802,17.945733779547908,0.5084779268256046,0.0292578279424158,-0.0521707520297849,0.0438894331093302,0.0422231297895427,1,,
2024-12-02 05:00:00,26.11000061035156,26.799999237060547,25.989999771118164,26.690000534057617,2295200,0.0273287530535566,0.1200168115613984,0.1534140552310148,0.0624999857632222,0.0637704412809536,24.786250019073485,24.621200141906737,,1,0,0.2513172515349851,-0.0246552898054542,1,63.21256620002736,19.02090273182257,0.492731305684115,0.8289104134068189,-0.0262677605750687,0.0450082102429454,0.086555344449031,1,,
2024-12-03 05:00:00,26.350000381469727,26.39999961853028,25.56999969482422,25.700000762939453,2001900,-0.0370925347062051,0.0255387594028826,0.0708333651224772,0.0333735382266935,0.0178218123936417,24.85775003433228,24.62820014953613,,1,0,0.2911562762628215,0.0385070234082008,1,55.82779242681268,19.466364315020385,0.5030287149146915,0.5315301928315578,-0.0623859574604888,0.0433186467511643,0.0125493518350785,1,,
2024-12-04 05:00:00,25.81999969482422,26.530000686645508,25.43000030517578,26.1299991607666,3048900,0.0167314546716754,0.0519323269023537,0.0766377695888316,0.046455742062905,-0.0128447359806447,24.92524995803833,24.643600120544438,,1,0,0.353353033625396,0.1014762254516399,1,58.11651429328827,19.696905149038525,0.5044152521829233,0.6614582971096238,-0.0466983106082125,0.0437716262997889,0.0095758955622233,1,,
2024-12-05 05:00:00,26.059999465942383,26.059999465942383,25.170000076293945,25.200000762939453,1744600,-0.0355912142248941,-0.0090444175963897,0.0169491551515692,0.0396040016867131,-0.0472589778428832,24.9107500076294,24.650800132751463,,1,0,0.3238679652523082,0.1459545734117736,1,51.85814818595299,19.56637226880036,0.5182929772778622,0.5921974364600843,-0.080627475256309,0.0422833310751599,-0.0332728513114506,0,,
2024-12-06 05:00:00,25.530000686645508,26.739999771118164,25.51000022888184,26.43000030517578,3647700,0.0488095041665725,0.0173210458378907,0.0368772280305274,0.0805397095028386,0.0459042274000325,24.962750053405763,24.66780014038086,,1,0,0.3951959467879433,0.1958028480870075,1,58.26020024059369,20.0300992392104,0.536088292131812,0.972993011361142,-0.0357533581791994,0.0442632479270247,0.0082690511992735,1,,
2024-12-09 05:00:00,26.86000061035156,27.36000061035156,26.40999984741211,26.40999984741211,2675800,-0.0007567331643107,-0.010490846048812,0.0401733155684724,0.0606425804022145,0.0389457029168702,24.988500022888186,24.68340015411377,,1,0,0.4449805573798713,0.2456383899455803,1,58.124844125859376,20.93167495035548,0.5357392535671338,0.7881224718863248,-0.0364830355916405,0.0444586981402105,0.0245710273741242,1,,
2024-12-10 05:00:00,26.46999931335449,27.049999237060547,26.32999992370605,26.520000457763672,1671300,0.0041651121161343,0.0319066019642573,0.0241359331512434,0.0469798869973114,0.0404080304391594,24.959000015258788,24.70180015563965,,1,0,0.4876895681294577,0.2940486255823558,1,58.69326061003496,21.652879873120536,0.5320363736132034,0.6586540019363198,-0.0324698794090824,0.0447831049981231,0.0163035495299825,1,,
2024-12-11 05:00:00,26.96999931335449,26.96999931335449,25.8700008392334,26.1299991607666,1789300,-0.0147059310054762,0.0,-0.0361490751575548,0.0319905006202649,-0.0007648358721008,24.96549997329712,24.727400131225583,,1,0,0.4844821133365755,0.3321353231331997,1,55.801187240837606,21.66319794855881,0.5083024930053619,0.5128775132284196,-0.0466983106082125,0.0437860416402878,-0.0499533472423529,0,,
2024-12-12 05:00:00,26.0,26.1200008392334,25.1299991607666,25.14999961853028,2155400,-0.0375047674593026,-0.001984172337118,-0.0326923223642201,-0.0371363395688003,-0.0244375892682416,24.94049997329712,24.733600120544438,,1,0,0.3982713848351373,0.3453625354735873,1,49.23598371672455,20.72643500557068,0.5050481467191447,-0.1800742927670769,-0.0824516687874118,0.0423621268233215,-0.0445848920022211,0,,
2024-12-13 05:00:00,25.11000061035156,25.200000762939453,24.3799991607666,24.709999084472656,3689300,-0.0174950513213301,-0.0650776088098,-0.0366471948552599,-0.0514395467114453,-0.0135728607961341,24.96949996948242,24.739600105285646,,1,0,0.2910889038355684,0.3345078091459835,0,46.585832647755545,19.45822323731149,0.5064837449785513,-0.3268357563165072,-0.0985042239317769,0.0416292677213674,-0.0478399066604812,0,,
2024-12-16 05:00:00,24.770000457763672,25.59600067138672,24.540000915527344,25.229999542236328,1589100,0.0210441310008153,-0.044680057250792,0.0455864243567085,-0.0403195639550153,0.0272801339927974,25.09799995422363,24.74700008392334,,1,0,0.2452782910924291,0.3166619055352727,0,50.01037909360223,18.27469144026432,0.4653981988448588,-0.2081537670195155,-0.0795330287235154,0.0423245984972694,0.0224275045956041,1,,
2024-12-17 05:00:00,25.15999984741211,25.41900062561035,24.61000061035156,24.700000762939453,3602000,-0.0210066900084413,-0.0686274382884265,0.0900265193850089,-0.0583301107891071,0.0077519597014823,25.198999977111814,24.74760009765625,,1,0,0.164312486280334,0.286192021684285,0,46.72241046486032,17.175697628720513,0.4145926545345487,-0.3915742034645386,-0.0988689930521293,0.0416069129596363,0.0565837729642713,1,,
2024-12-18 05:00:00,24.850000381469727,24.88999938964844,22.46999931335449,22.89999961853028,7168500,-0.0728745380085148,-0.1236126921537016,0.0097001459609455,-0.1445648402337266,-0.0576131548347991,25.18099994659424,24.711800079345704,,1,0,-0.0445846029273688,0.2200366967619542,0,37.66526839223515,17.674701300155498,0.4937355296593888,-1.2433977972934878,-0.1645384988686032,0.0397598129042082,0.012920613860244,1,,
2024-12-19 05:00:00,23.14999961853028,23.190000534057617,22.540000915527344,22.950000762939453,4290900,0.0021834561241091,-0.0874751049288241,-0.0133275779403244,-0.1257142566499256,-0.0582683638651287,25.16049995422363,24.687200088500976,,1,0,-0.203753631636637,0.1352786310822359,0,38.02466721797639,18.138061852202267,0.4856041207616666,-1.0450358651267628,-0.1627143053375005,0.0398588718055156,-0.0062570003460052,0,,
2024-12-20 05:00:00,22.799999237060547,24.03499984741211,22.71999931335449,23.68000030517578,7037400,0.0318082578635534,-0.0416834810788847,0.0136986167150363,-0.0658777140498458,-0.0373983765051868,25.183500003814697,24.683400077819822,,1,0,-0.2679031506847416,0.0546422747288404,0,43.17584863276382,17.61529459959782,0.4979997782501224,-0.4260862954075994,-0.1360817060562111,0.0406385986379679,0.0091873136750197,1,,
2024-12-23 05:00:00,23.770000457763672,24.01000022888184,23.270000457763672,23.96999931335449,2111100,0.0122465795794488,-0.049940556945811,0.0322997425572124,-0.0548107753763102,-0.0111386328512007,25.19049997329712,24.66700004577637,,1,0,-0.2919758940080648,-0.0146813590185405,0,45.12706216103522,17.12986786503655,0.4987245215076055,-0.3145208020188959,-0.1255016619192869,0.0408914072014996,0.0270721848633368,1,,
2024-12-24 05:00:00,24.06999969482422,24.239999771118164,23.690000534057617,24.18000030517578,659400,0.0087609928175631,-0.0210526494616103,0.0146873849177628,-0.0265700420031337,0.0181052760074014,25.146500015258788,24.64660003662109,,1,0,-0.2907567289564561,-0.0698964330061236,0,46.55813892506854,16.419405744934295,0.4916211559290787,-0.0411120712721639,-0.1178401882603908,0.0407962082960553,0.0015459580720555,1,,
2024-12-26 05:00:00,23.920000076293945,24.78499984741211,23.780000686645508,24.65999984741211,1586000,0.0198510974432692,0.0768559064716172,-0.0159616770572517,-0.0359656012133658,0.039190911214326,25.1375,24.644200019836425,,1,0,-0.2481975138919665,-0.1055566491832922,0,49.7819440034877,15.324962781828996,0.4619606939177017,-0.1351105442024035,-0.1003283478770117,0.0416032901994938,-0.0254762138235401,0,,
2024-12-27 05:00:00,24.809999465942383,25.027999877929688,24.01000022888184,24.43000030517578,2473300,-0.009326826587976,0.0644879953392545,-0.0165056298266325,-0.0468200895389701,0.0404599992104162,25.0875,24.63240001678467,,1,0,-0.2303724796592412,-0.130519815278482,0,48.27908893885827,14.56138566320421,0.4620904372124799,-0.2413309484955267,-0.1087194293624806,0.0416537320810677,-0.0105136244253992,0,,
2024-12-30 05:00:00,24.059999465942383,24.059999465942383,23.440000534057617,23.709999084472656,2140100,-0.0294720103032738,0.0012668403256024,-0.0676366968172255,-0.0738281745638225,0.0206629165602694,24.973999977111816,24.62,,1,0,-0.271217664408681,-0.1586593851045218,0,43.81941817019174,13.80958263795558,0.4638426759280611,-0.5033933440493941,-0.1349872595234175,0.0408927607853556,-0.0540032942365246,0,,
2024-12-31 05:00:00,23.82999992370605,24.059999465942383,23.39999961853028,23.545000076293945,2331000,-0.0069590474293508,-0.0177304651328781,-0.0937259241280487,-0.0525151020178212,0.0286151465317083,24.81674995422363,24.59529998779297,,1,0,-0.3132903919798053,-0.1895855864795785,0,42.84273499978703,13.154141927304106,0.4552737726533054,-0.2973694384415844,-0.1410069242113868,0.0407564644782538,-0.0713832102427045,0,,
2025-01-02 05:00:00,23.850000381469727,24.850000381469727,23.56999969482422,24.459999084472656,2675200,0.038861711837494,0.0115797674012825,-0.0835519447344851,-0.0152979495080898,0.0561312282221715,24.75474987030029,24.59729995727539,,1,0,-0.2696917204274847,-0.2056068132691598,0,49.55718419684828,12.7572917990177,0.4669651542617373,0.0712935311006343,-0.107624982829687,0.0424446187407306,-0.0569583080148495,0,,
2025-01-03 05:00:00,24.71999931335449,25.82999992370605,24.63999938964844,25.68000030517578,2495000,0.049877402549765,0.0413625492325666,-0.0007782279054447,0.0520278765138262,0.1049914181621447,24.73224992752075,24.62949996948242,,1,0,-0.1351377724551596,-0.1915130051063598,1,56.83778188046408,13.280302202626691,0.4854917333833919,0.6782691564988337,-0.0631156348729299,0.0440113605576668,0.0159911229563942,1,,
2025-01-06 05:00:00,25.920000076293945,26.71199989318848,25.850000381469727,26.15999984741211,3001500,0.0186915707372319,0.0708145526248646,0.0011481319406452,0.052292807930151,0.1103565551955214,24.780249881744385,24.68169998168945,,1,0,0.0101125807209854,-0.1511878879408907,1,59.3252517371623,14.426803817473678,0.4863686236780848,0.6805289466753872,-0.0456037944895507,0.0445772029189689,0.018404082445157,1,,
2025-01-07 05:00:00,26.39999961853028,27.100000381469727,25.459999084472656,25.59000015258789,4816900,-0.0217889792870394,0.0792914863225962,0.0154761657873436,0.0372922607802501,0.0857021842985958,24.73824987411499,24.727699966430663,,1,0,0.0783274107650804,-0.1052848281996965,1,55.25305413644901,15.008770066259029,0.4756948315042505,0.5498586388653022,-0.066399113643047,0.0441044687607002,0.0430698726716496,1,,
2025-01-08 05:00:00,25.81999969482422,25.8700008392334,25.075000762939453,25.56999969482422,3033100,-0.0007815731787578,0.0860055048616934,-0.0325388044048999,0.0356419255460414,0.0899403534822853,24.696249866485594,24.773099975585936,,0,0,0.1292839800006433,-0.0583710665596285,1,55.11010862693891,15.08846230264732,0.4430038919348525,0.5354879942017252,-0.0671287910554881,0.04400570823656,-0.0058183640497705,0,,
2025-01-10 05:00:00,25.059999465942383,25.059999465942383,24.229999542236328,24.739999771118164,4522400,-0.0324599113653513,0.0114472893346613,-0.0632336268815839,0.0231596136838143,-0.003624653760146,24.60724983215332,24.78669998168945,,0,0,0.1015230761716061,-0.0263922380133816,1,49.39859019322307,14.244935061189226,0.456026427551379,0.4262465132447343,-0.0974097078131152,0.043237408658956,-0.0274702034099812,0,,
2025-01-13 05:00:00,24.34000015258789,24.51000022888184,23.63500022888184,24.459999084472656,2974800,-0.0113177319820505,-0.0475078351325889,-0.0776772751784758,0.0247171438833599,-0.0347277451782241,24.523749828338623,24.797099952697756,,0,0,0.0562798850498253,-0.0098578134007402,1,47.60613238029733,13.564132101731095,0.4562397855349046,0.4398763650432736,-0.107624982829687,0.0426818835415794,-0.0469199591370844,0,,
2025-01-14 05:00:00,24.81999969482422,25.0,23.5,23.61000061035156,4418900,-0.0347505521641937,-0.0974770356244023,-0.0964408201818369,-0.0475998491971287,-0.0719339577550778,24.446749877929687,24.78939994812012,,0,0,-0.0476145718563856,-0.0174091650918692,0,42.55770284062147,12.738964393746542,0.4676150187438465,-0.217257801355458,-0.1386355074138873,0.0411420603392245,-0.060384113338771,0,,
2025-01-15 05:00:00,24.540000915527344,25.239999771118164,24.200000762939453,24.43000030517578,4900000,0.0347310323433325,-0.0453302008790648,-0.0286282037485203,-0.0305555727956992,-0.1087194293624806,24.432749938964843,24.815199966430665,,0,0,-0.0630576656076797,-0.0265388651950313,0,48.25822869140984,12.202085665221588,0.4701265925501366,-0.0533589786012763,-0.1087194293624806,0.0418104268180135,-0.0130234255614442,0,,
2025-01-16 05:00:00,24.559999465942383,24.593000411987305,23.8700008392334,24.25,2492200,-0.0073680025758184,-0.0516229843792844,-0.0186159086004058,-0.0213882434204748,-0.0937967192605931,24.383749961853027,24.820199966430664,,0,0,-0.0887973484113757,-0.0389905618383002,0,47.15204341767669,11.355745948381196,0.4669369647935885,0.0294260422098097,-0.1152863869027148,0.041582341905791,-0.0011272313481588,0,,
2025-01-17 05:00:00,24.440000534057617,24.61000061035156,24.02499961853028,24.11000061035156,1662500,-0.0057731707071522,-0.0254648005899367,-0.0443915557750935,-0.0363708965133028,-0.0563600262116742,24.354249954223636,24.81699996948242,,0,0,-0.1191198734470688,-0.0550164241600539,0,46.26379320994127,10.58808569030806,0.4605596560194431,-0.1084665539556589,-0.1203939896180669,0.0409313270380061,-0.0329187165083958,0,,
2025-01-21 05:00:00,24.709999084472656,26.059999465942383,24.709999084472656,25.959999084472656,4511300,0.0767315813889613,0.0613246139061471,0.0510120762191934,0.0669954445490321,0.0228526376235127,24.507249927520757,24.840599937438967,,0,0,0.0060588797847387,-0.0428013633710954,1,57.62396768856001,11.227167483198398,0.5285194742293853,0.7835138928915488,-0.0529004294422261,0.043672303468095,0.049640561184203,1,,
2025-01-22 05:00:00,26.280000686645508,27.31999969482422,26.190000534057617,27.1200008392334,5618600,0.0446841986005526,0.1486658254190351,0.1842795323580865,0.0944309962771297,0.0335366263639922,24.71574993133545,24.87319995880127,,0,0,0.1966001070010037,0.0050789307033243,1,62.917642838510965,12.689904686323684,0.4697839831330432,0.9920070173709784,-0.0105800441369243,0.0453687218713554,0.1410698028348509,1,,
2025-01-23 05:00:00,26.86000061035156,27.670000076293945,26.170000076293945,27.540000915527344,2781000,0.0154867279976758,0.1273025203234512,0.1999999999999999,0.130541881178134,0.0279955197599603,24.908749961853022,24.916199989318848,,0,0,0.3771483668092621,0.0794928179245119,1,64.64000545910295,14.259322767361809,0.4697917176079176,1.2660100368098248,0.0,0.0458212416056913,0.1495870186509049,1,,
2025-01-24 05:00:00,27.520000457763672,27.850000381469727,26.920000076293945,27.07999992370605,4343900,-0.0167030129458688,0.1167010277816928,0.1435810631213179,0.1250519429598944,0.0435452457627827,25.064249992370605,24.93989997863769,,1,0,0.4776103332167807,0.1591163209829657,1,61.282711902848845,15.825908801129811,0.4703411162278795,1.2239701894468646,-0.0167030129458688,0.0451878045892723,0.1119429828727935,1,,
2025-01-27 05:00:00,26.25,27.100000381469727,26.065000534057617,26.559999465942383,4053000,-0.0192023803260226,0.1016175360252344,0.1080517407918706,0.1278131773416371,-0.0048707780260006,25.183249950408936,24.92889995574951,,1,0,0.5093954802589948,0.2291721528381715,1,57.6382898940863,16.24012386550774,0.4783185651755499,1.2453191572434537,-0.0355846556647144,0.0449560151222222,0.0994000500079042,1,,
2025-01-28 05:00:00,26.6200008392334,26.8799991607666,26.09000015258789,26.65999984741211,1732200,0.0037650746792354,0.0269645912028611,0.1025640823381413,0.1446972434268134,-0.0209327838562793,25.283249950408937,24.942099952697752,,1,0,0.5364705349505172,0.2906318292606407,1,58.15367354538678,16.62475213957296,0.4781791165083123,1.3718002471088488,-0.0319535598714915,0.0447408444617618,0.096691244859828,1,,
2025-01-29 05:00:00,26.64999961853028,27.09000015258789,25.834999084472656,26.229999542236328,3407600,-0.0161290437973322,-0.0328171559533856,0.0636658436552657,0.1257510901766629,-0.0249070663864401,25.37324991226196,24.953699951171878,,1,0,0.5172675416611874,0.33595897174075,1,55.05209492311593,16.67197148399009,0.4804179049077568,1.2288436778655265,-0.0475672233021757,0.0442174406537746,0.0628351854323432,1,,
2025-01-30 05:00:00,26.670000076293945,27.613000869750977,26.63999938964844,27.280000686645508,2327800,0.0400305437565271,-0.0094408213594229,0.1166598586110505,0.1338321401569908,0.0205761748532811,25.55174999237061,25.01669998168945,,1,0,0.5800884497017798,0.384784867332956,1,60.58075216114923,17.147369926683986,0.4942076235382766,1.285210504467203,-0.0094408213594229,0.0457419880105178,0.098148610585323,1,,
2025-01-31 05:00:00,27.540000915527344,27.82999992370605,26.600000381469727,26.84000015258789,2407500,-0.0161290514289836,-0.0088626208195836,0.1320118595097301,0.1211361551310186,-0.0040816551850652,25.716499996185306,25.10029998779297,,1,0,0.5875966575614449,0.4253472253786538,1,57.39485822941759,17.76190638313111,0.4842974156186894,1.1892293424800882,-0.0254176012951686,0.0452450001183221,0.1064305576190165,1,,
2025-02-03 05:00:00,25.86000061035156,26.75,25.56999969482422,26.56999969482422,2901000,-0.0100596295167173,0.0003765146492062,0.1284773671152359,0.1073139723079537,0.0203532550177769,25.82200002670288,25.178099975585937,,1,0,0.5652444003357431,0.4533266603700717,1,55.46720498366214,17.08321354080961,0.4854892341526106,1.0849639623867735,-0.0352215391596529,0.04509330965636,0.1064087681211944,1,,
2025-02-04 05:00:00,26.709999084472656,27.25,26.420000076293945,26.86000061035156,1428400,0.0109145998817543,0.0075019041291879,0.0981194446324587,0.1607606447201222,0.09098292830066,25.88100004196167,25.25009998321533,,1,0,0.5644243926330468,0.4755462068226668,1,57.132545963800176,16.897178569277944,0.4712497388695758,1.4899560645838368,-0.0246913682850458,0.0452817298571201,0.0668426575750313,1,,
2025-02-05 05:00:00,27.0,28.30500030517578,27.0,28.13999938964844,4181500,0.0476544583101603,0.0728173801275358,0.095794355733588,0.172499974568685,0.1769134073287819,25.980000019073486,25.34569995880127,,1,0,0.6594579143753307,0.5123285483331996,1,63.60235383707524,17.539748983713253,0.4686308355717545,1.566576439881734,0.0,0.0472480341234279,0.0735417747769957,1,,
2025-02-06 05:00:00,28.40999984741211,28.46999931335449,27.280000686645508,27.3700008392334,2375400,-0.0273631331597787,0.0032991257449619,0.0462538608134199,0.1277297207663659,0.1272652415651476,26.06900005340576,25.428699989318847,,1,0,0.6649748015833197,0.5428577989832236,1,57.937502716242456,18.25279909898931,0.4784488991349764,1.2350602380687847,-0.0273631331597787,0.0457960152940664,0.0273416072630907,1,,
2025-02-07 05:00:00,27.350000381469727,27.780000686645508,26.63999938964844,26.989999771118164,2818500,-0.0138838529946452,0.0055886593769565,0.0547088554193968,0.0891847870554609,0.1397803810508782,26.14000005722046,25.49189998626709,,1,0,0.6314056131748806,0.5605673618215551,1,55.31890675427923,18.14874969030713,0.4741400556448681,0.9465765055670174,-0.0408670804361607,0.0455773819008578,0.0333960068343477,1,,
2025-02-10 05:00:00,27.1299991607666,27.1299991607666,26.09000015258789,26.479999542236328,2663800,-0.0188958960061786,-0.0033872846677308,0.0355885748249074,0.0388387516676205,0.0777370724922905,26.227000045776368,25.520299987792967,,1,0,0.5572256824805422,0.5598990259533525,0,51.92679261479016,17.449607536101432,0.4800546771101349,0.5535872306053632,-0.0589907563403415,0.0444145242559936,0.0092900679438217,1,,
2025-02-11 05:00:00,26.15999984741211,26.86000061035156,25.74099922180176,26.15999984741211,2189800,-0.0120845808291578,-0.0260610851464269,0.0573969316665747,0.0303269191127903,0.0774299467709915,26.31200008392334,25.546699981689454,,1,0,0.4672303117513579,0.5413652831129536,0,49.86084009368452,16.436366942532874,0.4665754185682934,0.4850382122524127,-0.0703624586063315,0.043844443759064,0.0140395809771143,1,,
2025-02-12 05:00:00,25.75,26.790000915527344,25.61000061035156,26.780000686645508,3229600,0.023700338029426,-0.048329734630457,0.0948488016765953,0.0341764901810033,0.1079851304142718,26.47050008773804,25.573699989318847,,1,0,0.4408553126089209,0.5212632890121471,0,53.70409191818925,15.357884607843303,0.4687395993864871,0.5159918938786955,-0.048329734630457,0.0450286359181453,0.0549823996000495,1,,
2025-02-13 05:00:00,27.0,27.684999465942383,26.499000549316406,27.65999984741211,2787500,0.0328603113593433,0.0105955060024336,0.1715374473681661,0.0202876881105837,0.1006765129779785,26.63200006484985,25.607299995422363,,1,0,0.4853665105771796,0.5140839333251537,0,58.55945699728178,15.207077336101054,0.4553050739409341,0.4031820808834603,-0.0170575533989849,0.0460224062234753,0.1186218153396156,1,,
2025-02-14 05:00:00,28.290000915527344,29.725000381469727,28.270000457763672,29.420000076293945,6746000,0.0636297989367669,0.0900333577540859,0.2042570490701538,0.1315384644728441,0.2013066701205073,26.89050006866455,25.66189998626709,,1,0,0.6551075926502676,0.5422886651901765,1,66.19550838012373,16.48339672548453,0.4866487843342725,1.2569519086453584,0.0,0.0489532088338077,0.1708373379416639,1,,
2025-02-18 05:00:00,30.479999542236328,31.15999984741211,29.100000381469727,29.46999931335449,6212200,0.0016994981961551,0.1129154011633961,0.2152577036434841,0.1489278655608452,0.1418054987657657,27.158500003814694,25.73729995727539,,1,0,0.7846185494513911,0.5907546420424195,1,66.38500947972406,18.374092997257275,0.4837342878379053,1.3848145097755555,0.0,0.0488928617104849,0.1758082750908218,1,,
2025-02-19 05:00:00,29.6200008392334,30.415000915527344,29.40999984741211,29.809999465942383,2971900,0.0115371618768183,0.1395259801154529,0.2364163712689226,0.2353916495119898,0.1465384409977839,27.351000022888183,25.810899963378905,,1,0,0.9042682451635392,0.6534573626666434,1,67.71056578071698,20.129739535331968,0.4804365722209923,2.037667492159835,0.0,0.0493407568938925,0.2054521674334661,1,,
2025-02-20 05:00:00,29.559999465942383,29.65999984741211,28.13999938964844,28.559999465942383,4599600,-0.0419322382554253,0.0664674657825723,0.1001541014315694,0.260370682182687,0.0680628163950096,27.422999954223634,25.878099937438964,,1,0,0.8879907333122148,0.7003640367957578,1,58.56666938432889,20.41662118407236,0.4494292541302584,2.2439231189007947,-0.0419322382554253,0.0474692731818056,0.0869422817709744,1,,
2025-02-21 05:00:00,28.81999969482422,28.90999984741211,26.854999542236328,26.940000534057617,3441300,-0.0567226527373224,-0.0260303440826611,-0.0066371791889985,0.1878306953950819,0.0258949085776429,27.392999935150147,25.8882999420166,,1,0,0.7358874604200878,0.7074687215206238,1,49.27865105896545,19.571189376187693,0.4730781620939965,1.6841863154853542,-0.0962763832036867,0.045555881574,0.0041253025195471,1,,
2025-02-24 05:00:00,26.989999771118164,27.26000022888184,26.0,26.489999771118164,2736600,-0.0167038141803509,-0.0995921243228248,-0.0381264019427529,0.1388649832524786,-0.0207023837980424,27.363499927520756,25.88989994049072,,1,0,0.572434550877869,0.6804618873920728,0,47.04669881939324,18.199698657502445,0.473031501759676,1.329828227932753,-0.111372014569047,0.0449996994487898,-0.0179292862461303,0,,
2025-02-25 05:00:00,25.934999465942383,26.18000030517578,24.56999969482422,25.13999938964844,6206600,-0.0509626422474196,-0.1469290812553186,-0.0716396063339467,0.0761985758899383,-0.0349328166627151,27.292499923706053,25.862299919128414,,1,0,0.3301573457246647,0.6104009790585913,0,41.04117134767847,17.84621082140811,0.5010287671392893,0.8428613215245377,-0.1566588446816098,0.0429198385089219,-0.0501897824194977,0,,
2025-02-26 05:00:00,25.53499984741211,26.309999465942383,25.309999465942383,25.6299991607666,2557100,0.0194908426020057,-0.1402214149635053,-0.0350150724350846,0.1037898328457767,-0.0496848419244998,27.24099988937378,25.852299919128416,,1,0,0.1756648465545183,0.5234537525577767,0,43.843190490215314,17.41686404016671,0.5032461313801034,1.0501940820219968,-0.1402214149635053,0.0437343073993775,-0.0271756230956687,0,,
2025-02-27 05:00:00,25.934999465942383,26.0,24.520000457763672,24.540000915527344,3389700,-0.0425282200909231,-0.1407562543973035,-0.079519840360785,0.0297944185520111,-0.0904373116422497,27.15649995803833,25.84009994506836,,1,0,-0.0343295908378102,0.4118970838786593,0,39.36180909445418,17.49435621753887,0.522647070257658,0.4801724903735417,-0.1767862678573999,0.0425536027377339,-0.0488869119557457,0,,
2025-02-28 05:00:00,23.84000015258789,24.770000457763672,23.57999992370605,24.6200008392334,4310300,0.0032599804694968,-0.0861172846634233,-0.0613800507472546,-0.0175578067073369,-0.0799700811414327,27.023499965667725,25.838299980163573,,1,0,-0.1920821664952754,0.2911012338038724,0,39.84777956115309,18.08052243983468,0.5210209400327336,0.0897162263211938,-0.1741026071683934,0.0420363286141032,-0.0493269625609852,0,,
2025-03-03 05:00:00,24.93000030517578,25.040000915527344,22.96999931335449,23.13999938964844,5810500,-0.0601137855050959,-0.1264628316502366,-0.1517595745158371,-0.0684380335143572,-0.120820681688728,26.83849992752075,25.796499977111814,,1,0,-0.431551312444558,0.1465707245541863,0,34.36133580588151,18.933386004068065,0.533365937082176,-0.3263819225931417,-0.2237504258902906,0.0402139084001902,-0.1208535057343044,0,,
2025-03-04 05:00:00,22.5,24.104999542236328,22.11000061035156,23.530000686645508,5843000,0.0168539890788212,-0.0640413183011396,-0.1233233773146321,-0.0747148877596971,-0.1147479024008696,26.68649997711181,25.773099975585936,,1,0,-0.5831404109356058,0.0006284974562279,0,36.82958568485591,20.130789738838,0.5386732863535526,-0.3828553200765048,-0.2106675240458058,0.0413815015985174,-0.0853906179622286,0,,
2025-03-05 05:00:00,23.43000030517578,24.040000915527344,23.13999938964844,23.979999542236328,2889200,0.0191244726926937,-0.0643776696277083,-0.0974783659140356,-0.0769822954287797,-0.0913224669628997,26.542499923706053,25.79469997406006,,1,0,-0.6593639792682389,-0.1313699978886654,0,39.64952724409485,21.24266463541008,0.5451435025406621,-0.403421192302351,-0.1955719566639633,0.0417244501294091,-0.0747086331126228,0,,
2025-03-06 05:00:00,23.309999465942383,23.88999938964844,22.940000534057617,23.21999931335449,2804600,-0.0316930877143363,-0.0537897943327965,-0.1355175433463784,-0.1300112832997232,-0.0756370008917919,26.29649991989136,25.80009994506836,,1,0,-0.7721959786502701,-0.2595351940409864,0,36.67204925827776,22.373454844090677,0.5501107517191398,-0.8795609974193156,-0.2210667652012843,0.0411322200317414,-0.0916376171685988,0,,
2025-03-07 05:00:00,23.07999992370605,23.559999465942383,22.26000022888184,23.32999992370605,3534300,0.0047373218606556,-0.0523964610704503,-0.170931043719631,-0.0922179287500664,-0.0619220290936997,26.09449987411499,25.793099937438964,,1,0,-0.8430221861306464,-0.3762325924589184,0,37.40473557230618,23.75021152192237,0.5160738400103451,-0.5474879960972209,-0.2173767077600811,0.0410967350274181,-0.1301916409885005,0,,
2025-03-10 04:00:00,22.809999465942383,22.88999938964844,21.559999465942383,21.989999771118164,5619600,-0.0574367834106286,-0.0496974783432675,-0.1965656157526782,-0.1584385580794246,-0.1193431968034759,25.84449987411499,25.75349994659424,,1,0,-0.9958003131535592,-0.5001461365978466,0,32.47556549834118,25.33946781753127,0.5399735317860367,-1.126395239728735,-0.2623280722885784,0.0397962664368403,-0.131010281543063,0,,
2025-03-11 04:00:00,21.979999542236328,22.864999771118164,21.61000061035156,22.450000762939453,3241100,0.0209186446843649,-0.0458988479468684,-0.168210412992924,-0.1091269808231238,-0.0738448442689956,25.642999935150147,25.71889995574951,,0,0,-1.0674548883891468,-0.6136078869561066,0,35.612375544470126,26.81520580631096,0.550032150970975,-0.6793134203293316,-0.2468969753391526,0.0409693175775605,-0.1011041909629876,0,,
2025-03-12 04:00:00,23.0,23.270000457763672,22.5,22.96999931335449,5561000,0.0231625181622912,-0.0421184423754016,-0.1325528810256696,-0.1309118786178644,-0.0609157737893795,25.483499908447264,25.68509994506836,25.211524991989137,0,0,-1.0699484189435855,-0.7048759933536024,0,39.0587816061016,27.6885380223838,0.5589084309982122,-0.8990563910164829,-0.2294532128523693,0.0416970120705575,-0.0611852143180261,0,,
2025-03-13 04:00:00,22.950000762939453,23.09000015258789,21.825000762939453,22.030000686645508,3536600,-0.0409228844061164,-0.0512488657148485,-0.1578745865770776,-0.1658462395332347,-0.1152610030463193,25.245999908447267,25.637099952697756,25.1933749961853,0,0,-1.1346945408083968,-0.7908397028445613,0,35.372876189718326,28.8425882694925,0.5715499850635638,-1.2108145136614763,-0.2609862099523162,0.0405309445247276,-0.0755739827045109,0,,
2025-03-14 04:00:00,22.40999984741211,22.88999938964844,22.39999961853028,22.75,2978000,0.0326826732143932,-0.0248606911960038,-0.1504854586749567,-0.1421568775523912,-0.1018555045983817,25.00049991607666,25.6178999710083,25.17897500038147,0,0,-1.115054724784649,-0.8556827072325788,0,40.04027263154212,29.91420635609344,0.5785376004363669,-0.9721874664030886,-0.2368332637512576,0.041008543299827,-0.0892785787609956,0,,
2025-03-17 04:00:00,22.809999465942383,23.69499969482422,22.604999542236328,23.459999084472656,2426600,0.0312087509658309,0.0668485370011326,-0.1518438462078447,-0.1021814068904705,-0.0734597406307147,24.7024998664856,25.616199951171875,25.167824993133543,0,0,-1.0303221245826428,-0.8906105907025916,0,44.31134546606914,29.8995195715572,0.5771268901560295,-0.6021553013896789,-0.2130157831342646,0.0419647647346669,-0.0881666523281149,0,,
2025-03-18 04:00:00,23.07999992370605,23.07999992370605,22.31999969482422,22.64999961853028,4048800,-0.0345268328027552,0.0089086346901592,-0.2301155826039171,-0.0994035800365589,-0.1328484345027671,24.361499881744383,25.579999961853023,25.15742499351501,0,0,-1.0168099635926249,-0.9158504652805984,0,40.74545403098688,30.06721737802766,0.5230190788554435,-0.5795646273743356,-0.2401878556083951,0.0409585526504582,-0.163312199012137,0,,
2025-03-19 04:00:00,22.65999984741211,23.64999961853028,22.520000457763672,23.100000381469727,2592500,0.0198675836873436,0.0056596026121626,-0.2161519877945217,-0.0651557572907651,-0.1132437213815326,24.02599992752075,25.528399963378902,25.1485749912262,0,0,-0.9587384379831364,-0.924428059821106,0,43.46731533045175,29.541150884594455,0.5326478443375811,-0.2833089521882551,-0.225092224243035,0.0413222636599321,-0.1548405592493548,0,,
2025-03-20 04:00:00,22.82999992370605,23.420000076293945,22.700000762939453,22.86000061035156,2535800,-0.0103896003097337,0.037675891867275,-0.2331432063100547,-0.093935750094536,-0.1304678655659523,23.74099998474121,25.46239997863769,25.14037499427796,0,0,-0.9214602906804784,-0.9238345059929806,1,42.34998938773384,29.05266056926363,0.5263440249980285,-0.5335997425794845,-0.2331432063100547,0.0410115346164416,-0.1688101845572184,0,,
2025-03-21 04:00:00,22.5,23.34000015258789,22.270000457763672,23.31999969482422,2123000,0.0201224441028387,0.025054931640625,-0.1834733847725322,-0.0558704868619204,-0.1109416659625304,23.55999994277954,25.416999969482426,25.13152499198913,0,0,-0.8450577093808,-0.9080791466705443,1,45.25464827902521,28.927005190700797,0.5258199865599763,-0.2072121384938235,-0.2177121733441465,0.0418229886783712,-0.1189460913338473,0,,
2025-03-24 04:00:00,23.82999992370605,24.184999465942383,23.690000534057617,24.09000015258789,3997200,0.033018887986288,0.0268542665260465,-0.1057906579425174,0.0519650896891143,-0.1001120754332502,23.439999961853022,25.387399978637696,25.12572499275208,0,0,-0.7141433119098117,-0.869291979718398,1,49.81297931162883,27.795041064589014,0.515144860146642,0.6558569114381815,-0.1918818992227602,0.0424438342377552,-0.0683127453299226,0,,
2025-03-25 04:00:00,24.100000381469727,24.1200008392334,23.26499938964844,23.489999771118164,2424900,-0.0249066159264955,0.0370861000766054,-0.1132502841042254,0.0235293677658923,-0.1051428658621651,23.357499980926512,25.362399978637697,25.110824995040893,0,0,-0.6512999447559373,-0.8256935727259059,1,46.559751397751,27.09802556621749,0.518306870732158,0.4306569711656979,-0.212009386382068,0.0412874562341448,-0.0824948446348984,0,,
2025-03-26 04:00:00,23.46999931335449,23.530000686645508,22.36000061035156,22.489999771118164,3546200,-0.0425713073539293,-0.0264069523929917,-0.1054096930337011,-0.0502534002838469,-0.1128205351997611,23.20050001144409,25.322999992370605,25.091024990081788,0,0,-0.6744135466182222,-0.7954375675043692,1,41.674614682490535,27.1279341437998,0.5097138949199311,-0.1761058433426459,-0.2455551769864082,0.0400074131150506,-0.0678573241431447,0,,
2025-03-27 04:00:00,22.3799991607666,22.790000915527344,22.13999938964844,22.239999771118164,2820400,-0.0111160516916078,-0.0271216457865116,-0.1322668552731642,-0.0721735332412998,-0.1230284212990066,23.085499954223632,25.295599975585937,25.07587498664856,0,0,-0.7047798894263586,-0.7773060318887671,1,40.52972300784131,27.30786704774121,0.5023147451242651,-0.3658958544257797,-0.2539416246374933,0.0396680371155847,-0.0929766703896785,0,,
2025-03-28 04:00:00,22.14999961853028,22.200000762939453,21.36599922180176,21.549999237060547,2742200,-0.0310252041887915,-0.0759005352026876,-0.1218419546421009,-0.108767619310256,-0.1324477010997354,22.93199987411499,25.237999954223632,25.05652498245239,0,0,-0.7755822816432918,-0.7769612818396721,1,37.47007499019113,27.97844451510197,0.4933474651378446,-0.6843848629162174,-0.2770882380698731,0.0392272987301505,-0.0781673887422426,0,,
2025-03-31 04:00:00,20.729999542236328,20.96999931335449,20.100000381469727,20.76000022888184,3584500,-0.0366588879882699,-0.1382316273397085,-0.1567831226147005,-0.1581508370909234,-0.1884284483659172,22.81299991607666,25.16819995880127,25.032874984741213,0,0,-0.8852355607375593,-0.7986161376192495,0,34.279330915220484,29.27944337940367,0.5034862683211416,-1.1332380019384192,-0.3035893793758726,0.037537286149376,-0.1070274834424485,0,,
2025-04-01 04:00:00,20.670000076293945,20.940000534057617,19.96999931335449,20.200000762939453,4107900,-0.0269749258077223,-0.1400595589712984,-0.1270526665624797,-0.1731477482356049,-0.2118610446987129,22.64649991989136,25.089999961853028,25.003124990463256,0,0,-1.0057304170177872,-0.8400389934989572,0,32.18698512901192,30.55023275450186,0.4720433691132489,-1.268970200988966,-0.3223750041989184,0.0364218522763601,-0.0942971293934737,0,,
2025-04-02 04:00:00,19.82999992370605,21.2549991607666,19.739999771118164,20.8700008392334,3623200,0.0331683193558676,-0.0720319674687227,-0.1130471640369222,-0.1197806138718551,-0.1847656043653844,22.49099998474121,24.988199996948243,24.9785749912262,0,0,-1.0352266041196714,-0.8790765156231,0,37.1313148255999,31.30119215320873,0.4852060020474185,-0.7660479484934578,-0.2998993219346696,0.0373932630762215,-0.0963773272654482,0,,
2025-04-03 04:00:00,19.559999465942383,20.14999961853028,19.39999961853028,19.739999771118164,4041200,-0.0541447543208024,-0.1124100730993086,-0.1768140055069721,-0.1616054488361122,-0.2056338242216693,22.3170000076294,24.84059997558594,24.952024993896483,0,0,-1.1366812335890906,-0.9305974592162982,0,32.78908900527296,32.18931491190642,0.5048209961203419,-1.1171705906284324,-0.3378061011483442,0.0372019564490472,-0.108389533387145,0,,
2025-04-04 04:00:00,19.01000022888184,19.459999084472656,18.049999237060547,19.0,7486000,-0.0374873241995101,-0.118329435143329,-0.1817398552172844,-0.223221557188802,-0.2351046745859003,22.10050001144409,24.66979995727539,24.92422499656677,0,0,-1.2622461673812353,-0.9969272008492858,0,30.290919253183446,33.666449990411515,0.5085263262152154,-1.7185858322170455,-0.3626299785175338,0.0380339761520362,-0.0753240130806051,0,,
2025-04-07 04:00:00,17.940000534057617,20.190000534057617,17.5049991607666,19.200000762939453,4991200,0.0105263559441817,-0.0751444821167234,-0.1770252539336714,-0.252336427773729,-0.2134370797640544,21.96100006103516,24.51219997406006,24.89767499923706,0,0,-1.330284203737392,-1.063598601426907,0,31.80323038366278,34.09494593987536,0.5108885728312735,-2.0695552737772225,-0.3559207948032586,0.0385029140999918,-0.063115012073241,0,,
2025-04-08 04:00:00,20.05500030517578,20.100000381469727,18.010000228881836,18.34000015258789,3263100,-0.0447916966759484,-0.0920792346584495,-0.1659845228067811,-0.2989296536864397,-0.2622687167211402,21.755500030517577,24.347799987792968,24.867875003814696,0,0,-1.4370344609249592,-1.1382857733265177,0,28.8998789552188,34.492835035806074,0.4974007906623851,-2.554298690102043,-0.384770195197717,0.037363521971834,-0.0611299672763836,0,,
2025-04-09 04:00:00,18.040000915527344,21.07999992370605,17.9950008392334,20.559999465942383,7754000,0.1210468535923776,-0.0148539224161527,-0.0841871373170326,-0.1965611823623545,-0.1665991324540355,21.635000038146973,24.225799980163572,24.84882499694824,0,0,-1.3272002788991912,-1.1760686744410522,0,43.29164750498694,33.67976412810713,0.6640971975829991,-1.2766928085331108,-0.310298563090148,0.0379054527391836,-0.0747843757118126,0,,
2025-04-10 04:00:00,19.850000381469727,20.06999969482422,18.46999931335449,19.36000061035156,5003300,-0.058365704609021,-0.0192502110016529,-0.1571614632528142,-0.2428626968552394,-0.2158768654684234,21.501500034332278,24.08840000152588,24.82262499809265,0,0,-1.321749472015604,-1.205204833955963,0,38.72828690861553,32.92476971381526,0.6828481887552683,-1.653666932982511,-0.3505534734252458,0.0373287840504818,-0.1047611759970713,0,,
2025-04-11 04:00:00,19.65999984741211,21.040000915527344,19.5,21.030000686645508,3667900,0.0862603317998358,0.1068421414023952,-0.0453926449764569,-0.1499595440095259,-0.1302729354331732,21.41550006866455,23.96340000152588,24.80657500267029,0,0,-1.1691968454706476,-1.1980032362588997,1,47.08739864169434,31.17045880777633,0.7432797507805969,-0.7932069949618191,-0.2945320005566566,0.0398379557473378,-0.0170977702472971,0,,
2025-04-14 04:00:00,21.530000686645508,21.56999969482422,20.84000015258789,21.350000381469727,3258600,0.0152163425761286,0.1119791423488003,-0.0615384447705614,-0.1271463131401822,-0.1055718629729467,21.310000133514404,23.85360000610352,24.79457500457764,0,0,-1.0108243351093265,-1.1605674560289851,1,48.53623527001501,29.031851817151946,0.7356732652926246,-0.6153134310555325,-0.2837973578006305,0.0400555519961909,-0.0232388479802476,0,,
2025-04-15 04:00:00,21.299999237060547,21.854999542236328,20.940000534057617,21.31999969482422,1816800,-0.0014051843610993,0.1624863422815092,-0.0912190738773228,-0.0969928359308602,-0.1399758407644782,21.2435001373291,23.74860000610352,24.782525005340577,0,0,-0.8776171599989908,-1.1039773968229865,1,48.40242368148166,27.13585171277336,0.7257171581742883,-0.3953633057370023,-0.2848037545528271,0.0401116069429264,-0.0441598518056174,0,,
2025-04-16 04:00:00,21.020000457763672,21.11000061035156,20.325000762939453,20.799999237060547,2903100,-0.0243902657226543,0.0116731409218042,-0.0816777224118017,-0.148587843748253,-0.1746032298677465,21.128500080108644,23.62739997863769,24.769125003814697,0,0,-0.8047327469563896,-1.044128466849667,1,46.03345963641564,25.59553640427581,0.7211052385626079,-0.7958957738045347,-0.3022475810231284,0.0400229092205656,-0.0228436643715767,0,,
2025-04-17 04:00:00,20.76000022888184,20.850000381469727,20.36000061035156,20.670000076293945,2041300,-0.0062499598814875,0.0676652595373341,-0.1051948166687074,-0.1476288628332394,-0.165859584199549,21.01900005340576,23.47799999237061,24.756325006484985,0,0,-0.7488291342125777,-0.9850686003222492,1,45.43477073471207,24.1652436178138,0.7162855620791868,-0.7884051866097141,-0.3066085056489448,0.0397161003427719,-0.0388691996735303,0,,
2025-04-21 04:00:00,20.354999542236328,20.959999084472656,20.209999084472656,20.43000030517578,2408200,-0.0116110193629566,-0.0285306876785191,-0.106299223110056,-0.1526337707181881,-0.1834532401522646,20.87450008392334,23.33919998168945,24.74402501106262,0,0,-0.7156416229587634,-0.9311832048495522,1,44.28956383071587,22.98388386311316,0.716428046900575,-0.8274037389779286,-0.3146594877159644,0.0402121153000359,-0.0194925482277684,0,,
2025-04-22 04:00:00,20.799999237060547,21.475000381469727,20.799999237060547,21.299999237060547,1606000,0.0425843817371045,-0.0023419739351656,-0.0866209470067875,-0.1795069341970576,-0.1245376365041912,20.73500003814697,23.2253999710083,24.734725008010862,0,0,-0.6120829272909347,-0.8673631493378287,1,49.28030267910434,21.36990215719022,0.7302072858704979,-1.0844179031787116,-0.2854746857209582,0.0408613940420768,-0.0229920114913178,0,,
2025-04-23 04:00:00,22.229999542236328,22.770000457763672,21.75,21.770000457763672,3346400,0.0220657857999053,0.0211069779259283,-0.0963055076848968,-0.1972713943920716,-0.1214689324243639,20.649000072479247,23.131199989318848,24.72737501144409,0,0,-0.4864789181812377,-0.7911863031065105,1,51.79279744937339,21.06519740605282,0.7242997052028916,-1.2532423956841443,-0.2697081231874669,0.0411257743806309,-0.0310542127212393,0,,
2025-04-24 04:00:00,21.89999961853028,22.479999542236328,21.709999084472656,22.450000762939453,1517700,0.0312356587449349,0.0793269993461829,-0.0442741174249575,-0.1848220763753895,-0.0784072167305476,20.647000122070317,23.057000007629394,24.72182501792908,0,0,-0.3282822608512852,-0.6986054946554655,1,55.24698280522793,20.73582396578368,0.729823006119251,-1.1375048936091838,-0.2468969753391526,0.0415360762418279,0.0060216838323281,1,,
2025-04-25 04:00:00,22.239999771118164,22.48699951171875,22.01099967956543,22.39999961853028,1516100,-0.002227222392425,0.0836961555805912,-0.0040017853936782,-0.1728212820665063,-0.0693809762138485,20.65500011444092,22.96939998626709,24.715975017547606,0,0,-0.20458659770118,-0.5998017152646085,1,54.93528009977263,20.43621369280765,0.7142041596042118,-1.0382272481406525,-0.2485743032594802,0.0411462688288208,0.0284661172791942,1,,
2025-04-28 04:00:00,22.450000762939453,22.924999237060547,22.020000457763672,22.350000381469727,2067700,-0.0022321088353586,0.0939794443276405,0.0049460706602351,-0.1585090048616565,-0.0509553670686488,20.695000171661377,22.863199996948243,24.710425024032592,0,0,-0.10933111303056,-0.5017075948177988,1,54.6035225735572,20.550191794213877,0.7130071263520127,-0.9218191423019902,-0.2502515671962902,0.0410387777085297,0.034555291681082,1,,
2025-04-29 04:00:00,22.40999984741211,22.55500030517578,22.07999992370605,22.280000686645508,1200700,-0.0031319773436001,0.0460094593749949,0.0338747784421979,-0.1642910422293858,-0.0433662597328827,20.77100019454956,22.720400009155277,24.69767502784729,0,0,-0.039038830177386,-0.4091738418897163,1,54.11083553929443,20.656028602662506,0.7036236567358338,-0.9700821828984614,-0.2525997623012311,0.040654155380204,0.0363740735723117,1,,
2025-04-30 04:00:00,21.600000381469727,22.084999084472656,21.350000381469727,21.989999771118164,1757400,-0.0130161986799743,0.0101056182236338,0.0592485322097982,-0.1616469632144213,-0.0562231548857187,20.860500144958497,22.570800018310543,24.680925025939946,0,0,-0.006655618010523,-0.3286701971138777,1,52.01680944766464,19.770914885131283,0.6917117698109598,-0.9488387185446252,-0.2623280722885784,0.040109068092785,0.0685127298008401,1,,
2025-05-01 04:00:00,22.309999465942383,22.309999465942383,21.4950008392334,21.75,1495200,-0.0109140415468935,-0.0311804338151746,0.0767326325999107,-0.2027126300386287,-0.0960099549965598,20.904500102996828,22.4096000289917,24.662475023269653,0,0,-0.0003535888748587,-0.2630068754660739,1,50.28256074787675,19.185544495180213,0.6849647493823331,-1.3183486328384486,-0.2703790543555979,0.0393921472606941,0.0815525515230837,1,,
2025-05-02 04:00:00,22.200000762939453,23.049999237060547,22.200000762939453,22.670000076293945,1972000,0.0422988540824802,0.0120535920697208,0.0862481631374321,-0.1553651286358833,-0.0530493078292516,21.05100011825561,22.29180004119873,24.638775024414063,0,0,0.0779782473189847,-0.1948098509090622,1,56.29755383901314,19.35794151663172,0.6905065399110402,-0.8962317352293143,-0.2395169244402641,0.0404578287160012,0.081955020441329,1,,
2025-05-05 04:00:00,22.51499938964844,22.56999969482422,21.850000381469727,21.920000076293945,2200800,-0.0330833699812941,-0.0192393869278092,0.1104356803674013,-0.1750093967609673,-0.0864763780106517,21.197000122070317,22.191400032043457,24.614575023651124,0,0,0.0786316432279043,-0.1401215520816689,1,50.89206992025966,19.04390461321467,0.6714355623082087,-1.0509354503308932,-0.2646762673935194,0.0393449673139817,0.0576047893575069,1,,
2025-05-06 04:00:00,21.51000022888184,21.559999465942383,20.309999465942383,20.34000015258789,3877400,-0.0720802882393597,-0.0870736299043491,0.0705263238204152,-0.2427401455549829,-0.1210025631337361,21.254000091552733,22.06840003967285,24.58852502822876,0,0,-0.0477924039565103,-0.1216557224566372,1,41.78900618086921,18.30243750707668,0.7091848414491443,-1.582698285140017,-0.3176786139890364,0.0368166924558001,-0.0320051653650437,0,,
2025-05-07 04:00:00,20.61000061035156,20.8799991607666,20.25,20.81999969482422,1673500,0.0235987973763736,-0.0532060067517886,0.0843749410162393,-0.2601279265669406,-0.1325000127156576,21.37800006866455,21.982000045776367,24.56572503089905,0,0,-0.1080073788205275,-0.1189260537294152,1,45.00719681720048,17.66970421663983,0.7120991176266142,-1.7644898793111286,-0.3015766498549973,0.0375277058677856,-0.0253281668414392,0,,
2025-05-08 04:00:00,21.059999465942383,22.049999237060547,20.71999931335449,21.729999542236328,3453000,0.0437079664145398,-0.0009195612764906,0.1848418408638936,-0.2060650757786034,-0.1046559896011386,21.436500072479248,21.904000053405763,24.54317502975464,0,0,-0.0813609196888585,-0.1114130269213039,1,50.58485628014652,16.92281390445505,0.7003367837236162,-1.2672699826868428,-0.271049985523729,0.0388969355678023,0.0410403922072506,1,,
2025-05-09 04:00:00,21.920000076293945,22.280000686645508,21.09000015258789,21.1299991607666,2231600,-0.0276116150073318,-0.0679312267465638,0.0277237212855196,-0.2171174753629421,-0.1472962641137445,21.525,21.835800018310547,24.514875020980835,0,0,-0.1074201525697375,-0.1106144520509906,1,47.18657382906348,16.436158069727316,0.579628663932715,-1.356198909839414,-0.2911774726830368,0.0378711806127209,-0.0009041476617754,0,,
2025-05-12 04:00:00,22.0,22.395000457763672,21.55500030517578,22.06999969482422,1960000,0.0444865391099009,0.0068430482667969,0.1399792871402936,-0.1665407826151219,-0.1341702670460213,21.576999950408936,21.784799995422365,24.49547501564026,0,0,-0.0516269715963737,-0.0988169559600672,1,52.56326396734803,16.090400787248214,0.5537315837129474,-0.9188889447631308,-0.2596444115995719,0.0382905398364919,0.0257644552447651,1,,
2025-05-13 04:00:00,22.299999237060547,22.549999237060547,21.75,21.959999084472656,2217800,-0.0049841690925513,0.0796459645885818,0.0442224616006654,-0.1605504888164187,-0.1350925713914826,21.607499885559083,21.761199989318847,24.471825008392333,0,0,-0.0161010013279465,-0.0822737650336431,1,51.89742659558108,15.917301747361725,0.4731745469905142,-0.8720368672928281,-0.263334469040775,0.0378497358880079,-0.0499076777919963,0,,
2025-05-14 04:00:00,22.15999984741211,22.459999084472656,21.09000015258789,21.1299991607666,2293000,-0.0377959908155427,0.0148895038658165,-0.0103045066403872,-0.2109783936150687,-0.1840124044318546,21.5979998588562,21.71319995880127,24.441325006484984,0,0,-0.0542945968682353,-0.0766779314005615,1,47.05402721105835,14.968823133326424,0.4905246966278618,-1.2779318519591425,-0.2911774726830368,0.0363726849828387,-0.0919439835382216,0,,
2025-05-15 04:00:00,21.1299991607666,21.209999084472656,20.57099914550781,21.209999084472656,3137900,0.0037860826731406,-0.0239300721913479,-0.0051595033736453,-0.2331887490427054,-0.2176319215435972,21.618499851226808,21.657799949645995,24.412875003814698,0,0,-0.0772178519176272,-0.0767859155039747,0,47.56200733668069,14.267792991282288,0.490671732300054,-1.4815821442369743,-0.2884938119940303,0.0363329286752803,-0.0942041108705176,0,,
2025-05-16 04:00:00,21.43000030517578,21.8700008392334,21.16699981689453,21.799999237060547,4099700,0.0278170758158973,0.0317084762378021,0.048076924840374,-0.2590075057604586,-0.1615384908822866,21.674999809265135,21.62939994812012,24.38822500228882,1,0,-0.0472321523690553,-0.0708751628769908,1,51.27491087000583,13.587939443391926,0.4910190255598568,-1.7570340815234935,-0.2687017904187881,0.0371085560095567,-0.0728171256853904,0,,
2025-05-19 04:00:00,21.280000686645508,21.739999771118164,21.21500015258789,21.739999771118164,2291200,-0.0027522691762476,-0.0149524208549692,0.0517658292634155,-0.2623006353017942,-0.1524366434916989,21.740499782562257,21.59759994506836,24.362174997329717,1,0,-0.0279871069589532,-0.0622975516933833,1,50.880364758472325,12.956646863208016,0.4903650297518894,-1.7877818470586746,-0.2707145199396635,0.0369659855182337,-0.0692443316640653,0,,
2025-05-20 04:00:00,21.690000534057617,22.075000762939453,21.350000381469727,21.8700008392334,2428500,0.0059798100038594,-0.0040982809194601,0.0704846065857769,-0.2663535313303293,-0.0936592789115291,21.7689998626709,21.595199966430663,24.34132499694824,1,0,-0.0022196829622558,-0.0502819779471578,1,51.74673549148104,12.727856218810514,0.4876008207231848,-1.827310653605677,-0.2663535313303293,0.0373124921965847,-0.0721081962939806,0,,
2025-05-21 04:00:00,21.56999969482422,21.84000015258789,20.600000381469727,20.709999084472656,2077800,-0.0530407732166051,-0.0198769566008211,-0.0276995386723456,-0.274859962474117,-0.0860547562255237,21.715999794006347,21.56039993286133,24.32177498817444,1,0,-0.0745419872424832,-0.0551339798062229,0,44.247252013238544,12.003346936009065,0.5037722207666413,-1.892523536422701,-0.3052667072962005,0.0359390058431281,-0.1204654984085944,0,,
2025-05-22 04:00:00,20.65999984741211,21.09499931335449,20.450000762939453,20.81999969482422,2145100,0.0053114734531318,-0.0183875250581196,-0.0436380681195925,-0.2271715188534045,-0.0820106078185146,21.634499740600585,21.517399940490723,24.3063249874115,1,0,-0.1215803024511679,-0.0684232443352119,0,45.06037311795837,11.49508572162139,0.4974724284577125,-1.4946433671828825,-0.3015766498549973,0.0361156419860386,-0.1218246335794701,0,,
2025-05-23 04:00:00,20.31999969482422,20.975000381469727,20.263999938964844,20.920000076293945,1786200,0.004803092360015,-0.0403669353928499,-0.0681514759309602,-0.2102680159664306,-0.1006018972296624,21.56049976348877,21.495199928283693,24.28952498435974,1,0,-0.149070914392567,-0.0845527783466829,0,45.833781224714734,11.23104089006766,0.4836919425469952,-1.3469796553161235,-0.2982220579978597,0.0365385126361279,-0.1203186255871531,0,,
2025-05-27 04:00:00,21.32999992370605,21.843000411987305,21.170000076293945,21.530000686645508,2464700,0.0291587288779602,-0.0096595716045794,-0.0388392386919983,-0.1435958150615299,-0.078339035783035,21.51949977874756,21.4707999420166,24.27877498626709,1,0,-0.1202493119323726,-0.0916920850638209,0,50.41891814875048,10.898184411140146,0.4963040798971895,-0.7995675004389816,-0.2777591052544864,0.0368380455815392,-0.1047050770315273,0,,
2025-05-28 04:00:00,21.530000686645508,21.530000686645508,21.01000022888184,21.100000381469727,2392300,-0.0199721454464466,-0.0352080671337853,-0.0559284106785237,-0.1767459589398355,-0.0913005596285909,21.46049976348877,21.423599967956545,24.26142498970032,1,0,-0.1305999404812006,-0.0994736561472968,0,47.37458362036359,10.39286570210526,0.5004597616756841,-1.0757036082096296,-0.2921838054517156,0.0363123930435728,-0.1151687484097391,0,,
2025-05-29 04:00:00,21.239999771118164,21.34000015258789,20.61000061035156,21.020000457763672,4491900,-0.0037914655099395,0.0149686811682883,-0.0565529708280966,-0.1434392961059932,-0.1179185679789699,21.411999797821046,21.39099998474121,24.245124988555908,1,0,-0.1436028491785563,-0.1082994947535487,0,46.80830874544526,9.85870183933527,0.5004794739820468,-0.8136121197334023,-0.2948674661407221,0.0360324818588187,-0.1136826845414135,0,,
2025-05-30 04:00:00,20.88999938964844,21.15999984741211,20.459999084472656,20.920000076293945,1636400,-0.0047573919739279,0.004803092360015,-0.0486584677563101,-0.1502843475554756,-0.1652034907372953,21.37049980163574,21.347399978637696,24.22887498855591,1,0,-0.1601310519597838,-0.1186658061947957,0,46.0670513000366,9.539810962954611,0.4990650058778792,-0.8702357100478995,-0.2982220579978597,0.0359012151777258,-0.104910263816779,0,,
2025-06-02 04:00:00,20.96999931335449,22.03499984741211,20.950000762939453,21.63999938964844,1656400,0.0344167930558654,0.0344167930558654,-0.0050574993265084,-0.0648228193416037,-0.128824506573365,21.318999767303467,21.322999954223636,24.21142498970032,0,0,-0.113819800629507,-0.117696605081738,1,51.965218108809175,9.51396699612066,0.513248371687827,-0.2066079133243283,-0.274069111796801,0.0369287997032778,-0.0625339751375847,0,,
2025-06-03 04:00:00,21.770000457763672,22.295000076293945,21.34000015258789,22.1200008392334,2906000,0.0221812136378602,0.0274036290650865,-0.0242611043321381,-0.0599234936789592,-0.130161204334264,21.32899980545044,21.298999977111816,24.19957499504089,1,0,-0.0379482510377009,-0.1017469342729306,1,55.46215082213618,9.764834532933769,0.496959936931807,-0.1682815067002961,-0.2579670836792442,0.0375338888371057,-0.0722713000596363,0,,
2025-06-04 04:00:00,22.14999961853028,22.739999771118164,22.14999961853028,22.61000061035156,3423000,0.0221518875464536,0.0715639905963192,0.0314781264441617,-0.0571308990007181,-0.1297151266845128,21.442499828338622,21.26939998626709,24.18357500076294,1,0,0.0610160302534801,-0.0691943413676484,1,58.76251338407448,10.447802467274844,0.488364486284481,-0.1465420064815683,-0.2415296539611396,0.0383756330506215,-0.0246368043878317,0,,
2025-06-05 04:00:00,22.559999465942383,23.0,21.989999771118164,22.26000022888184,2862000,-0.0154798926148405,0.0589914245534746,0.0943952832787793,-0.0413436310448349,-0.1659797758161488,21.514499855041503,21.24479999542236,24.164875001907347,1,0,0.1099365503472427,-0.0333681630246702,1,55.59357124916161,11.333184660651138,0.4139738825099592,-0.0310103695844312,-0.2532706934693621,0.0379650626659894,0.0311915637605955,1,,
2025-06-06 04:00:00,22.64999961853028,23.520000457763672,22.64999961853028,23.280000686645508,3531400,0.0458221225191293,0.1128107362210701,0.1181556689663563,-0.0021431306139756,-0.0941634242977803,21.59199991226196,21.260600013732912,24.147575006484985,1,0,0.228379312859424,0.0189813321521486,1,62.02146495934046,12.62836647040418,0.4335024529680694,0.2601160112978176,-0.2190539716968909,0.0393011200091086,0.0472561298463303,1,,
2025-06-09 04:00:00,23.77499961853028,23.90999984741211,23.209999084472656,23.790000915527344,2468200,0.0219072256803838,0.0993531232217761,0.0947998811176693,0.0818554417073398,-0.0895521745271501,21.725,21.29160003662109,24.13522500991821,1,0,0.3592575147058774,0.0870365686628943,1,64.76758747535662,14.157667759689724,0.4156200187294674,0.8377606153721513,-0.2019456108106552,0.0401259336972279,0.0315962713125106,1,,
2025-06-10 04:00:00,23.940000534057617,24.65999984741211,23.86000061035156,24.21999931335449,3438200,0.0180747533114422,0.0949366362769934,0.1462375899344703,0.078841803575212,-0.0388889452347244,21.832499980926517,21.34500003814697,24.121075010299684,1,1,0.4920051801990688,0.1680302909701292,1,66.9382330187882,16.135452794100868,0.4008054346649412,0.8177841325522152,-0.1875209745969439,0.0406208890489664,0.0726068844899388,1,,
2025-06-11 04:00:00,24.520000457763672,24.77499961853028,24.100000381469727,24.270000457763672,3353300,0.0020644568879741,0.0734188324900846,0.0996828633149184,0.0565956109390641,-0.0817253054283588,21.948000049591062,21.41520004272461,24.1121750164032,1,1,0.5943915600659864,0.2533025447893007,1,67.19135659183338,18.05160427516141,0.3768008986226037,0.6674992433797462,-0.1858436466766161,0.0408211717853661,0.0660902656290671,1,,
2025-06-12 04:00:00,24.0,24.07099914550781,23.59000015258789,23.64999961853028,2039900,-0.025545975588767,0.0624438174014456,0.0769581331746309,0.0735360363772845,-0.1045058782593019,22.074000072479247,21.484200019836425,24.09557501792908,1,0,0.6183763598511831,0.3263173078016772,1,60.95914206830068,18.97430901787682,0.3900315312033212,0.7844862252201535,-0.2066420650040548,0.0396208967928351,0.0467945380138934,1,,
2025-06-13 04:00:00,23.059999465942383,23.84000015258789,22.92200088500977,23.46999931335449,3784000,-0.007611006684108,0.0081614527966047,0.1107430310235275,0.0316483214661313,-0.1150075826456594,22.18700008392334,21.53619998931885,24.078025016784668,1,0,0.6157618469070343,0.3842062156227487,1,59.24116169427622,18.841320055138887,0.3624889029829582,0.4935542997834919,-0.2126803175501992,0.0397639008339993,0.0932352355279966,1,,
2025-06-16 04:00:00,23.75,24.104999542236328,23.2549991607666,23.920000076293945,2547700,0.0191734459354417,0.0054644453872951,0.1277699721262701,0.0196078861795756,-0.084577082106872,22.29300012588501,21.61979999542236,24.063825016021728,1,0,0.6425937070638312,0.4358837139109652,1,62.11567053647851,18.973874011437434,0.3656046357950466,0.4068460052279472,-0.1975846861848388,0.0401443662970921,0.1049031212395761,1,,
2025-06-17 04:00:00,23.850000381469727,24.190000534057617,23.600000381469727,23.670000076293945,2376300,-0.0104515049833868,-0.0227084745108676,0.0857798580127631,0.0450331335515428,-0.0588469011803038,22.3895001411438,21.71319999694824,24.05057501792908,1,0,0.6363497945705667,0.4759769300428856,1,59.60085695220028,19.180335243547468,0.3608279178786289,0.5888838039984801,-0.2059711338359239,0.0400671807895793,0.0797289115550792,1,,
2025-06-18 04:00:00,23.65999984741211,24.51499938964844,23.36000061035156,24.14999961853028,4884000,0.0202788145622805,-0.0049444102583445,0.1108555599257101,0.045454511676235,-0.022662868745077,22.503500080108644,21.812199974060057,24.0384250164032,1,1,0.6624965526010165,0.5132808545545118,1,62.72152951700848,19.690972633165,0.3640637042852855,0.5918740173042989,-0.1898691697018847,0.0408858545910222,0.1060398909385209,1,,
2025-06-20 04:00:00,24.5,24.540000915527344,23.565000534057617,23.799999237060547,3678000,-0.0144927696479619,0.0063424786870922,0.0882486659243677,0.0411197988456455,-0.0566785703971927,22.65800008773804,21.92139995574951,24.025475015640257,1,0,0.6475118277201481,0.5401270491876391,1,59.13454355664438,20.189930135773817,0.3704130013577342,0.5609606612053968,-0.2016102092101075,0.0403881583649152,0.0824299312982377,1,,
2025-06-23 04:00:00,23.5,23.86000061035156,22.979999542236328,23.57999992370605,1789500,-0.0092436689246577,0.0046868603992233,0.1385804425933161,0.0111492380910938,-0.0453441621311154,22.79600009918213,21.981799964904784,24.01777501106262,1,0,0.6108428037114741,0.5542702000924061,1,56.93062042006683,19.69296169913366,0.3113566426163744,0.3436737844291224,-0.208990260108996,0.0396234438067907,0.1025191954319781,1,,
2025-06-24 04:00:00,23.90999984741211,24.26000022888184,23.809999465942383,24.1299991607666,1320200,0.0233248192892321,0.0087792259114904,0.1589817249980669,0.0016603988345933,0.0537117712980672,22.95650005340576,22.07719993591309,24.01407500267029,1,1,0.6190269228580938,0.5672215446455438,1,60.85817074387927,19.68072417207231,0.3167827178334895,0.2726268077960249,-0.1905401008700159,0.0401046094707912,0.1104498567765897,1,,
2025-06-25 04:00:00,24.299999237060547,24.38500022888184,23.76000022888184,24.25,1720300,0.0049730975303352,0.0245035877413004,0.1591778160402366,0.0323542033327852,0.056644845047667,23.092500019073487,22.141599922180177,24.010475006103515,1,1,0.6279572606712627,0.5793686878506876,1,61.67926655213039,19.80624751696124,0.3167667957927684,0.4978768033782162,-0.1865145778447472,0.0402814812877234,0.1024389987865725,1,,
2025-06-26 04:00:00,24.239999771118164,24.63999938964844,23.959999084472656,24.559999465942383,1697500,0.0127834831316446,0.016977219622708,0.1407337985444794,0.0920408944371147,0.037162126242636,23.26549997329712,22.20579990386963,24.012075004577635,1,1,0.6525270581137796,0.5940003619033061,1,63.79233966996743,20.201778020892764,0.3074359592479823,0.9249109209219926,-0.1761154006727866,0.0404797104760988,0.0988560830812541,1,,
2025-06-27 04:00:00,24.65999984741211,24.790000915527344,24.01000022888184,24.299999237060547,1763500,-0.0105863287677339,0.0210084040347957,0.1516587107932518,0.0926258762204479,0.0137672062227471,23.429499912261964,22.26539989471436,24.011275005340572,1,1,0.643599934625307,0.6039202764477063,1,60.76585954815716,20.731870388043745,0.2988654291998995,0.9290267789289728,-0.1848373139079373,0.0398531751763697,0.0975089173701149,1,,
2025-06-30 04:00:00,24.459999084472656,24.8700008392334,24.31999969482422,24.350000381469727,1848800,0.0020576603283559,0.0326548117156506,0.1584205447757793,0.1299304521363455,0.0070306068713141,23.600999927520757,22.336399917602535,24.008525009155274,1,1,0.633259972647032,0.6097882156875715,1,61.1476085831391,21.31319418698392,0.2969059471089983,1.1900091325390123,-0.1831599859876096,0.0397451497417788,0.1030366960984519,1,,
2025-07-01 04:00:00,24.14999961853028,24.78499984741211,23.739999771118164,24.170000076293945,1854800,-0.0073922095423357,0.0016577255250129,0.1553537279229182,0.1642581796636026,-0.0198702260401508,23.727499961853027,22.40639991760254,24.00272500991821,1,1,0.6035832262665899,0.6085472178033752,0,58.92485998493914,20.76129292641812,0.2983787632857473,1.429651709348417,-0.1891982385337537,0.0394641189853289,0.0992418721752259,1,,
2025-07-02 04:00:00,24.170000076293945,25.295000076293945,24.07999992370605,25.170000076293945,3537200,0.0413736035102789,0.0379381474760389,0.1631238810632356,0.2460395606753072,0.0302906165318952,23.879999923706052,22.5011999130249,24.00197501182556,1,1,0.6532258525922643,0.617482944761153,1,66.26220589115152,20.87202349182113,0.3072546084467988,1.9512954620453096,-0.1556524479294133,0.0409114289769009,0.107846160872367,1,,
2025-07-03 04:00:00,25.40999984741211,25.530000686645508,25.049999237060547,25.38999938964844,971400,0.0087405368568791,0.0337947859020528,0.1478299469417365,0.2165787431075672,0.0708561944346928,24.0189998626709,22.58299991607666,23.99832500457764,1,1,0.7022252816609793,0.6344314121411182,1,67.63208025545867,21.239610229086104,0.3025989937862134,1.7741456549495958,-0.1482723970305248,0.0409463032107122,0.0909155560303411,1,,
2025-07-07 04:00:00,25.14999961853028,25.21999931335449,24.20499992370605,24.350000381469727,2856300,-0.0409609701921743,0.0020576603283559,0.0769570864284516,0.2335360012058618,0.0341898620754852,24.123499870300293,22.63459991455078,23.989825010299683,1,1,0.6496496965847633,0.6374750690298472,1,56.04669796837059,20.177221304520653,0.338942728332193,1.896203590929841,-0.1831599859876096,0.0395639300940429,0.0309648844581638,1,,
2025-07-08 04:00:00,24.51000022888184,25.270000457763672,24.489999771118164,25.09000015258789,2518400,0.0303901338614065,0.0303901338614065,0.1271338676822739,0.3205263238204152,0.025756381508418,24.213999843597414,22.68739990234375,23.983825006484984,1,1,0.6600859043027398,0.6419972360844257,1,61.14668473113737,19.256527538479958,0.3433646634324694,2.449285233066009,-0.1583361086184198,0.0407886278614581,0.0743727257955535,1,,
2025-07-09 04:00:00,25.46999931335449,26.13999938964844,25.32999992370605,26.06999969482422,5317500,0.0390593677272355,0.0786098308867528,0.1198453146858875,0.3578124301508096,0.0151868919397883,24.32799978256225,22.76079990386963,23.983025007247925,1,1,0.7389166754931935,0.6613811239661793,1,66.66336999255478,19.432533222627484,0.3341419655505491,2.651463898971244,-0.1254612491822107,0.0421291729499957,0.0719585838834024,1,,
2025-07-10 04:00:00,26.40999984741211,26.46699905395508,25.82999992370605,26.125,1863200,0.0021097163720604,0.0379419912916689,0.0981504411354874,0.4244819946914557,-0.00133791466423,24.423249816894533,22.836299896240234,23.979800004959102,1,1,0.7966454615909839,0.6884339914911403,1,66.94702120217394,19.927414894344142,0.3289772788024672,3.0809417093077887,-0.1236162204616091,0.0420993204123654,0.0491798329237098,1,,
2025-07-11 04:00:00,25.790000915527344,25.90999984741211,25.15999984741211,25.26499938964844,2338200,-0.0329186836498204,-0.0049231982278409,0.0431461645714315,0.2288424146848779,-0.0127003032825923,24.47299976348877,22.89599987030029,23.97487500190735,1,1,0.7641919494561833,0.7035855830841489,1,58.55704986440306,19.342932842389672,0.3495818525293137,2.062368196817118,-0.1524656208560674,0.0408570962131492,0.0058149186222422,1,,
2025-07-14 04:00:00,25.1200008392334,25.52499961853028,25.049999237060547,25.26000022888184,1539600,-0.0001978690238421,0.0373716563924417,0.0407910899235883,0.3047520368039462,-0.0121235615816267,24.55349979400635,22.961399879455566,23.97442500114441,1,1,0.7296578749936167,0.7088000414660425,1,58.51114583072433,18.64023138738917,0.3496843296196674,2.6893813500239254,-0.1526333216563412,0.0407712156005668,-0.0012237812540494,0,,
2025-07-15 04:00:00,25.5,25.575000762939453,24.25,24.32999992370605,1623300,-0.036817113885551,-0.0302909615089599,0.0287526560737438,0.1569186461870213,-0.0165723464513024,24.596499824523924,23.012999877929687,23.96927499771118,1,1,0.620098015956291,0.6910596363640922,0,50.56917637723801,17.691052716762872,0.3628584889138725,1.6415723270479154,-0.1838309171557408,0.0394386651168464,-0.004599382920117,0,,
2025-07-16 04:00:00,24.56999969482422,25.0,24.299999237060547,24.8799991607666,2121100,0.0226058051288629,-0.0456463578054384,0.0600766889076906,0.1653395183243491,0.0171708950128524,24.64449977874756,23.05719985961914,23.96947499275208,1,1,0.5710684585164216,0.6670614007945581,0,54.50234279936418,16.80967252260988,0.368251781706844,1.709494547795082,-0.1653807579167606,0.0401958255679801,0.0108622324500782,1,,
2025-07-17 04:00:00,24.920000076293945,25.07900047302246,24.450000762939453,24.489999771118164,1389300,-0.0156752171544856,-0.0625837408184435,0.0238294186039371,0.1486866848813095,0.0372723057186528,24.68549976348877,23.108599853515624,23.96402499198913,1,1,0.4950360225044932,0.6326563251365451,0,51.38037601610976,15.876109981020184,0.3687995039691457,1.5628223557407008,-0.1784635957777276,0.0393250937690502,-0.0204081569498141,0,,
2025-07-18 04:00:00,24.90999984741211,25.549999237060547,24.780000686645508,24.920000076293945,2024300,0.0175581996404465,-0.0136552274565202,0.0528094632856339,0.1980769706901026,0.0200572969708212,24.723999786376957,23.200199851989748,23.960474996566774,1,1,0.4641270326230753,0.5989504666338512,0,54.47663302366345,15.137801899248611,0.3702391686425489,1.987175228187113,-0.1640388955804984,0.0400448970937802,-0.0005561583161074,0,,
2025-07-21 04:00:00,25.229999542236328,26.32999992370605,25.11000061035156,25.1299991607666,2758200,0.0084269295276777,-0.005146518881128,0.0405796918309004,0.2157716046449245,0.0362886251862515,24.790499782562257,23.286399841308597,23.958124990463254,1,1,0.4513734543249335,0.5694350641720677,0,55.951950246091606,15.380516898854744,0.3653987866649158,2.1338173452063725,-0.1569943102656755,0.0403059255245238,-0.0141841004009651,0,,
2025-07-22 04:00:00,25.31999969482422,25.96500015258789,25.01000022888184,25.950000762939453,4126200,0.0326303871690156,0.0665844983277186,0.0903362014621831,0.2701909141119896,0.0763168853590943,24.908999824523924,23.370799865722656,23.963624992370605,1,1,0.5016507107680965,0.5558781934912735,0,61.2348726804645,15.448060617418596,0.374702292671323,2.552219635632744,-0.1294867082239614,0.0416151674684187,0.030380417260357,1,,
2025-07-23 04:00:00,26.3799991607666,26.68000030517578,25.959999084472656,26.549999237060547,3774300,0.0231213278027329,0.0671221918257689,0.1259541697609854,0.246478882068003,0.0227272794066,25.029999828338624,23.479199867248536,23.972174987792968,1,1,0.5831880325749061,0.561340161308,1,64.58213716615846,16.260985616631157,0.3766299579184798,2.394420973429273,-0.1093592850481716,0.0422181923891694,0.0654851858670098,1,,
2025-07-24 04:00:00,26.540000915527344,26.76000022888184,25.90999984741211,26.030000686645508,2376700,-0.0195856333468057,0.0628828472813427,0.0787402234546346,0.1956821377724236,-0.0401917447956355,25.118999862670897,23.55839988708496,23.98027499198913,1,1,0.5989431663496951,0.5688607623163391,1,59.76558097729628,17.093715988661028,0.3809724184598601,1.9754547806915264,-0.1268030475349549,0.041377624185595,0.0317423540984989,1,,
2025-07-25 04:00:00,25.979999542236328,26.05500030517578,25.530000686645508,26.0,1859000,-0.001152542675917,0.0433386805938833,0.0721649484536082,0.1581291365887567,-0.0559186951464142,25.190999889373774,23.639199905395508,23.98597498893738,1,1,0.6020681518100766,0.5755022402150867,1,59.489916173157816,17.219892361122596,0.3813438309567457,1.6705502484244543,-0.1278094442871515,0.0411560810248751,0.0217122039506088,1,,
2025-07-28 04:00:00,26.184999465942383,26.290000915527344,25.55500030517578,25.68000030517578,1688300,-0.0123076805701622,0.0218862380730935,0.0456026410255634,0.1464286045760527,-0.0516986566644964,25.25999994277954,23.73019992828369,23.991024990081787,1,1,0.5721282855402414,0.5748274492801176,0,56.49658070424936,17.598096549804715,0.3836278636975639,1.5655586436087203,-0.1385440870431776,0.0406597547974207,0.0044477670221525,1,,
2025-07-29 04:00:00,25.780000686645508,25.81999969482422,24.51000022888184,24.6200008392334,3720100,-0.0412772372798119,-0.0512524040309662,0.0131687906263309,0.1015660142737946,-0.0730421184381657,25.273499965667725,23.798399963378905,23.990674991607666,1,1,0.4575927829398054,0.5513805160120553,0,47.89894988332291,16.396646690925746,0.4105121353517956,1.14826870164273,-0.1741026071683934,0.0390845199131171,-0.0192871774921568,0,,
2025-07-30 04:00:00,24.90999984741211,25.190000534057617,24.21999931335449,24.5,3237100,-0.0048741200301736,-0.0772127795091985,0.0061601485084337,0.0996408996829674,-0.0810202498040066,25.289999961853027,23.852399978637692,23.992274990081786,1,1,0.3530695412149818,0.5117183210526406,0,47.02645637758086,15.53237412660018,0.4109768580628452,1.1309706836510425,-0.1781281301936621,0.0389430594741996,-0.0201808339581137,0,,
2025-07-31 04:00:00,24.309999465942383,24.6200008392334,23.76000022888184,23.81999969482422,2666800,-0.0277551144969706,-0.0849020719755536,-0.0144807770113748,0.0832196426900191,-0.0918795230450331,25.222499942779542,23.893999977111815,23.99202498435974,1,0,0.2129094894083998,0.4519565547237925,0,42.32197606212859,15.271266919525534,0.4218829102638224,0.9793256235161344,-0.2009392780419764,0.0380047548441429,-0.0369795190848821,0,,
2025-08-01 04:00:00,23.25,23.81999969482422,23.06999969482422,23.559999465942383,2451700,-0.0109152070618342,-0.0938461743868314,-0.0639650617986259,0.0832183662502246,-0.1363636776785051,25.13099994659424,23.927799949646,23.985874977111816,1,0,0.0799304050404998,0.3775513247871339,0,40.64759774411646,15.742807407918477,0.3947233861187485,0.9793139887911402,-0.209661191277127,0.0382163044269218,-0.0658770572766076,0,,
2025-08-04 04:00:00,23.61000061035156,24.239999771118164,23.239999771118164,24.15999984741211,2165700,0.0254669098077471,-0.0591900482749339,-0.0484442525326647,0.0657256182665944,-0.0998509795059512,25.12149991989136,23.996799964904785,23.980674972534175,1,1,0.0226969032166159,0.3065804404730304,0,45.96083003776836,15.57817663705242,0.4050286045710371,0.8270452260431124,-0.1895337041178192,0.0386028040363518,-0.0572334738572263,0,,
2025-08-05 04:00:00,23.96999931335449,24.049999237060547,23.540000915527344,23.684999465942383,1425700,-0.0196606119399709,-0.037977308749764,-0.0273100987724586,0.0805200448679399,-0.1085811163725315,25.05124988555908,24.05409996032715,23.975199966430665,1,0,-0.0602945819559934,0.2332054359872256,0,42.70176209775064,15.42530520696251,0.3854956624310237,0.9677280957474136,-0.2054679674515844,0.0380366903254655,-0.0386018215315606,0,,
2025-08-06 04:00:00,23.46999931335449,23.51000022888184,22.729999542236328,23.09000015258789,2324400,-0.0251213564184397,-0.0575510141800861,-0.0797130325961241,0.1352015722404069,-0.1403574226394749,24.902249908447267,24.09749996185303,23.965549964904785,1,0,-0.1720936157695831,0.1521456256358639,0,38.97369028180249,16.11218879083799,0.3763279230740751,1.5262537383759147,-0.2254276898271004,0.0367992899115081,-0.0978051520512063,0,,
2025-08-07 04:00:00,23.51000022888184,23.549999237060547,22.940000534057617,23.290000915527344,1534300,0.0086617913216877,-0.0222501589457214,-0.1066359344779278,0.1186359873634945,-0.1723524726125337,24.760499954223636,24.132699966430664,23.96034996986389,1,0,-0.2417697937563439,0.0733625417574223,0,40.84326380671058,16.686788616224625,0.346369314874684,1.376751975355864,-0.2187185061128252,0.0371491547079502,-0.1182083077670772,0,,
2025-08-08 04:00:00,23.979999542236328,24.02300071716309,23.200000762939453,23.3799991607666,1579300,0.0038642439545486,-0.0076400810380315,-0.1050718024586946,0.0759318754389841,-0.1457801080059649,24.66624994277954,24.1782999420166,23.953349962234498,1,0,-0.2864248333706918,0.0014050667317995,0,41.70866308628772,16.48703400748486,0.3468841727242966,0.9786694630081836,-0.2156994438232711,0.0370041618317363,-0.1210270980795356,0,,
2025-08-11 04:00:00,23.38999938964844,23.790000915527344,23.270000457763672,23.3799991607666,1515100,0.0,-0.0322847968365801,-0.0746091539449694,0.1064836767328281,-0.1337532656897093,24.57224988937378,24.22549991607666,23.94844995498657,1,0,-0.3181468748534932,-0.062505321585259,0,41.70866308628772,16.301547585083643,0.3319770948603702,1.296261381867826,-0.2156994438232711,0.0370774840264242,-0.092508096194772,0,,
2025-08-12 04:00:00,23.59000015258789,24.19499969482422,23.559999465942383,24.07999992370605,1753100,0.0299401534673322,0.0166772415735814,-0.0467141842630149,0.0910738675430615,-0.0906344282484677,24.55974988937378,24.288699913024903,23.94849995613098,1,1,-0.2835342040445248,-0.1067110980771121,0,48.504119772575166,15.51201407959039,0.3515655820733665,1.1542870163223533,-0.1922173648068258,0.0377853227179569,-0.073235316598418,0,,
2025-08-13 04:00:00,24.280000686645508,25.53499984741211,24.280000686645508,25.15999984741211,4142800,0.0448504953126196,0.089649184978122,0.0341142591988807,0.1457195307991652,-0.0382262999171586,24.573749923706053,24.35909992218017,23.956549959182738,1,1,-0.1670310155761072,-0.1187750815769111,0,56.86020086724368,15.629165895503805,0.3634060667744189,1.666447651394745,-0.1559879135134789,0.0393453320651598,-0.0023665367833857,0,,
2025-08-14 04:00:00,24.78499984741211,25.290000915527344,24.718000411987305,25.07999992370605,2636200,-0.0031796472254067,0.0768569745733811,0.0080386161449246,0.1869380463712304,-0.0634802359727796,24.603249931335448,24.418299903869627,23.96549995422363,1,1,-0.0802318616520345,-0.1110664375919358,1,56.13358732294347,15.737949724566258,0.3557445133908056,2.095643062817723,-0.1586715742024855,0.0392165782590832,-0.0243619155735658,0,,
2025-08-15 04:00:00,25.190000534057617,25.5049991607666,24.959999084472656,25.239999771118164,1789200,0.006379579262314,0.0795552043249336,0.0306247450800101,0.1900047553323931,-0.0874909649184384,24.61924991607666,24.47089988708496,23.97519995689392,1,1,0.0014510172746575,-0.0885629466186171,1,57.30862007315221,16.064399079029535,0.351190349242381,2.12428760313426,-0.1533042528244724,0.0395593835118405,0.0059577669201806,1,,
2025-08-18 04:00:00,25.21999931335449,25.299999237060547,24.88999938964844,25.100000381469727,1189200,-0.0055467270569723,0.0735672062636092,0.007223126188792,0.1513762045825715,-0.1468388743583039,24.617749977111817,24.52769989013672,23.98039996147156,1,1,0.0542629965498271,-0.0599977579849283,1,55.89769798832526,16.254259209804452,0.3471165880958278,1.7669289476714805,-0.1580006430343543,0.0393485218843272,-0.0173898613803943,0,,
2025-08-19 04:00:00,25.100000381469727,25.100000381469727,24.18000030517578,24.21999931335449,1904400,-0.0350598029777284,0.0058139281599669,-0.0362116943017181,0.1140754171272362,-0.1781472725593493,24.531249904632567,24.5464998626709,23.981799955368043,0,1,0.0248220062570752,-0.0430338051365276,1,47.912689684044594,15.3632591242695,0.3668415535777981,1.372365743771139,-0.1875209745969439,0.0381760806626286,-0.0528419787953837,0,,
2025-08-20 04:00:00,24.020000457763672,24.270000457763672,23.424999237060547,24.020000457763672,2436800,-0.0082575912989617,-0.0453099919142366,-0.0743738053346076,0.0983081635128841,-0.1942300943277012,24.40474996566773,24.551099853515623,23.98192495346069,0,1,-0.0144814932075334,-0.0373233427507287,1,46.294102444207496,14.929692984301653,0.3456392030879031,1.213533998482106,-0.1942300943277012,0.0379617056177087,-0.0877915931368671,0,,
2025-08-21 04:00:00,23.89999961853028,24.554000854492188,23.75,24.290000915527344,2457400,0.0112406516493801,-0.0314991631013518,-0.0851223497731225,0.1728634470939594,-0.1495097559615498,24.317749977111816,24.552499885559083,23.98767496109009,0,1,-0.0235713039270599,-0.034572934985995,1,48.80834075803377,14.148054824038274,0.336460371375873,2.017507627835201,-0.185172715508485,0.0385430477847068,-0.08705120699117,0,,
2025-08-22 04:00:00,24.40999984741211,25.625,24.290000915527344,25.239999771118164,3338700,0.0391106965740595,0.0,-0.0303496309906994,0.2122958761326372,-0.0631032193481327,24.27974996566773,24.57189987182617,23.99387495994568,0,1,0.0453590528375649,-0.018586537421283,1,56.52104719797303,14.076098189292916,0.3626508346272528,2.3572672082953408,-0.1533042528244724,0.0394447485237508,-0.0467130653315072,0,,
2025-08-25 04:00:00,25.26000022888184,25.5,24.684999465942383,24.729999542236328,1473400,-0.020206031438456,-0.0147410690681325,-0.0488461714524489,0.1821223447441466,-0.0664401753147899,24.23224992752075,24.59349987030029,23.99617495536804,0,1,0.0581636268838003,-0.0032365045602663,1,51.99229502030464,14.00928131417223,0.3685651614203636,2.0559645389886105,-0.1704126137107081,0.0388185696302813,-0.056796257962001,0,,
2025-08-26 04:00:00,24.77499961853028,24.989999771118164,24.690000534057617,24.90999984741211,1170500,0.0072786214519882,0.0284888750462171,-0.0299844411453718,0.1569902021816063,-0.0091487489188657,24.246749877929688,24.622299880981444,23.996824951171877,0,1,0.0818918659154306,0.013789169534873,1,53.41114965657053,13.947237072988733,0.3679923234615384,1.8302586257344395,-0.164374361164564,0.0389380801469575,-0.0423434587601706,0,,
2025-08-27 04:00:00,24.850000381469727,24.979999542236328,24.614999771118164,24.71999931335449,932500,-0.0076274803380763,0.0291423331494802,0.0040616763083831,0.1715639273193514,-0.035505262474027,24.257749843597413,24.638299865722654,23.992974948883056,0,1,0.0843923881844403,0.0279098132647865,1,51.67505202389869,13.774855883818384,0.3391399899364612,1.983634339052039,-0.1707480792947737,0.0385532366444752,-0.0135931890636714,0,,
2025-08-28 04:00:00,24.81999969482422,25.100000381469727,24.64999961853028,24.76000022888184,1133500,0.0016181600581899,0.0193494975561754,0.010612254240075,0.17792577020315,0.0089649268601001,24.30474987030029,24.660099868774413,23.989824953079225,0,1,0.0885807064351702,0.0400439918988632,1,52.02858064573768,13.76572110136473,0.3386109543180713,2.0468855670651718,-0.1694062169585113,0.0384793526068484,-0.0119073045007775,0,,
2025-08-29 04:00:00,24.739999771118164,24.920000076293945,24.299999237060547,24.71999931335449,1598900,-0.0016155458464289,-0.0206022370237382,0.03778335978425,0.1816443223328001,0.0040616763083831,24.3627498626709,24.6714998626709,23.98394994735718,0,1,0.0876617293936981,0.0495675393978302,1,51.62188295149428,13.190716647109769,0.3226466451539835,2.084134179884785,-0.1707480792947737,0.03864766984627,0.0169166991015645,1,,
2025-09-02 04:00:00,24.36000061035156,25.14999961853028,24.290000915527344,24.799999237060547,1821900,0.0032362429582608,0.0028305578697915,0.052631570425571,0.1460258750711287,0.0717372468105896,24.39474983215332,24.6914998626709,23.97239994049072,0,1,0.0923244993646115,0.0581189313911864,1,52.42288233981277,12.973744513139902,0.3192357550125942,1.7570620991215251,-0.1680644186057671,0.0390622055841057,0.0221345619328916,1,,
2025-09-03 04:00:00,24.89999961853028,25.52499961853028,24.670000076293945,24.86000061035156,1783800,0.0024194102877772,-0.0020071953981061,0.0289735416953833,0.1238697860380877,0.056523582018461,24.45349988937378,24.717099876403807,23.96669994354248,0,1,0.0997119700104569,0.0664375391150405,1,53.05075009872688,13.262132928387546,0.3082629619830843,1.5375803373197563,-0.166051625101374,0.0389456411144918,0.0088811444323348,1,,
2025-09-04 04:00:00,24.780000686645508,24.934999465942383,24.200000762939453,24.89999961853028,2506200,0.0016089705227948,0.0072815659456166,0.0512982976560751,0.1012825717098957,0.0383653083342865,24.543999862670898,24.732499885559083,23.96294994354248,0,1,0.1075543596872883,0.0746609032294901,1,53.4913822698504,12.74925998731418,0.2984824652877859,1.306154169784052,-0.1647098267486294,0.0386850027214806,0.0170443955682715,1,,
2025-09-05 04:00:00,25.030000686645508,25.549999237060547,24.770000457763672,25.520000457763672,1902900,0.0248996324791908,0.0306946777809522,0.1052403763151743,0.1464510420198495,0.0990525931276142,24.655499839782717,24.75789989471436,23.969899950027465,0,1,0.1619317477810646,0.092115072139805,1,59.79080384338216,13.05329334996878,0.2902304908830502,1.7761939707399166,-0.1439114084211906,0.0397634057993066,0.0805481816341127,1,,
2025-09-08 04:00:00,25.670000076293945,25.79899978637696,25.319000244140625,25.479999542236328,1164200,-0.0015674339659024,0.0307443466825367,0.0940317106320474,0.0945016662672542,0.0921560062392294,24.7604998588562,24.77629989624024,23.983999948501587,0,1,0.1994987822537091,0.1135918141625858,1,59.233366581734536,13.62174463189831,0.2907377992317356,1.2617974052927357,-0.1452532707574528,0.0396037909143319,0.0660751563710912,1,,
2025-09-09 04:00:00,25.5,25.6299991607666,24.9950008392334,25.61000061035156,1161400,0.0051020828277386,0.0326613467020016,0.0953807326617472,0.0765027164684273,0.1646203218241018,24.87199993133545,24.80249992370605,23.998649950027467,1,1,0.2370286092001166,0.138279173170092,1,60.52156627071015,13.602003397599567,0.2907381592027894,1.065288443676509,-0.1408922821481187,0.0397140370316701,0.0732316330324147,1,,
2025-09-10 04:00:00,25.71999931335449,25.71999931335449,24.65999984741211,24.780000686645508,1534400,-0.0324092113988691,-0.0032180177691846,0.0598803069346647,0.0231214446394407,0.1037861846112908,24.90699996948242,24.81109992980957,24.006249952316285,1,1,0.1975203189143357,0.1501274023189407,1,49.71921245316407,13.050196660916477,0.3175106377205983,0.4390038965396481,-0.1687352857903804,0.0383161699461642,0.0334080359621287,1,,
2025-09-11 04:00:00,24.89999961853028,26.28499984741211,24.850000381469727,26.190000534057617,4148900,0.0569007186578485,0.0518072664775197,0.0876246103420594,0.0791100140123715,0.1401829045258638,24.9585000038147,24.85149993896484,24.020399951934813,1,1,0.2767942067299849,0.1754607632011496,1,62.09623724285387,13.256427354363302,0.3575809949946488,1.0427911072259253,-0.1214357261569419,0.0401626255020714,0.0629160375805046,1,,
2025-09-12 04:00:00,26.18000030517578,26.200000762939453,25.540000915527344,25.600000381469727,2305000,-0.0225276876883088,0.0031347931924397,0.0174880976441211,0.0824524648791784,0.162051728713215,24.98450002670288,24.86009994506836,24.03229995727539,1,1,0.2886834889234997,0.1981053083456196,1,55.89594404820744,13.447927283992495,0.3367479692520365,1.0800795414218385,-0.1412277477321841,0.0392709986769235,-0.001889255582165,0,,
2025-09-15 04:00:00,25.84000015258789,26.07999992370605,25.44099998474121,25.93000030517578,2012200,0.0128906218276825,0.0176609407780214,0.0338915623626574,0.1048147023345478,0.1397802331945399,25.01900005340576,24.870899963378907,24.04279995918274,1,1,0.321033393514071,0.2226909253793099,1,58.39805724160573,13.44969108795614,0.3388070557804538,1.3142846102335828,-0.1301576393920925,0.0395665757031603,0.0089247318255287,1,,
2025-09-16 04:00:00,25.959999084472656,26.64999961853028,25.540000915527344,26.549999237060547,2514800,0.0239104868718806,0.036704357840938,0.0519017225761389,0.1099497973402214,0.1317135666315116,25.091499996185306,24.914899940490724,24.05024995803833,1,1,0.3921788644004707,0.2565885131835421,1,62.68168950983029,14.17115485066914,0.3471310230167665,1.3643299807419056,-0.1093592850481716,0.0405684899746691,0.0255086498637309,1,,
2025-09-17 04:00:00,26.61000061035156,27.209999084472656,25.809999465942383,26.270000457763672,3677900,-0.0105460936852318,0.0601291254976097,0.0466135481478999,0.109843699750288,0.1598234393024811,25.19400005340576,24.93849994659424,24.057399959564208,1,1,0.4211142581778055,0.2894936621823948,1,59.69240320015006,15.440160508852502,0.3490430071183656,1.3631964555333966,-0.1187520654679354,0.0401905813318084,0.0214000274255921,1,,
2025-09-18 04:00:00,26.700000762939453,27.6299991607666,26.700000762939453,27.59499931335449,2375400,0.0504377172631238,0.0536463822316384,0.139347650523635,0.1426500931362693,0.1945886951365829,25.3727499961853,24.96899993896484,24.068224954605103,1,1,0.5446833300085707,0.34053159574763,1,67.5732705267166,17.014243602376887,0.3589435074642408,1.6536635052485282,-0.0743039313072954,0.0420213561045902,0.100724730648575,1,,
2025-09-19 04:00:00,27.76000022888184,27.975000381469727,27.5,27.51000022888184,2690600,-0.0030802350638767,0.0746093679277695,0.1452955747130362,0.1558823996113498,0.2034120513725905,25.533749961853022,24.99669994354248,24.07587495803833,1,1,0.6285089341914514,0.3981270634363943,1,66.67269825669815,18.775860813533072,0.3567077721871518,1.7870515779212337,-0.0771552927965755,0.0416854614730457,0.0980924274803909,1,,
2025-09-22 04:00:00,27.81999969482422,28.190000534057617,27.54800033569336,27.850000381469727,2524300,0.0123591475739404,0.0740455092054395,0.1465623438353458,0.1810856858176173,0.1942538913347808,25.664249992370607,25.048399963378905,24.08167495727539,1,1,0.7141442894221868,0.4613305086335528,1,68.48216086501094,20.5913419472761,0.356907450202328,2.028578810064597,-0.0657497188724184,0.0420019428322893,0.0897410881179698,1,,
2025-09-23 04:00:00,27.979999542236328,28.280000686645508,27.46999931335449,27.51000022888184,1864100,-0.0122082638395262,0.0361582304861707,0.0899366275098469,0.1400746450754479,0.1419676236874807,25.80325002670288,25.093399963378907,24.090724954605104,1,1,0.7459766006994037,0.5182597270467231,1,64.69919008341412,22.353180120393787,0.3422919053752709,1.639020968266966,-0.0771552927965755,0.0417162572482443,0.0575871011859989,1,,
2025-09-24 04:00:00,27.63999938964844,27.96999931335449,26.920000076293945,27.0,2427900,-0.018538721360911,0.0277883338224529,0.091791366752221,0.1134020618556701,0.1494252985560908,25.907750034332278,25.146799964904787,24.09507495880127,1,1,0.7217315089322938,0.5589540834238372,1,59.398785294905245,22.83199222510621,0.340831789594227,1.3677861527517692,-0.0942636536828113,0.0410735722303253,0.0580908215197346,1,,
2025-09-25 04:00:00,26.489999771118164,26.86000061035156,26.2549991607666,26.670000076293945,2273500,-0.0122222193965205,-0.0335205385061522,0.0706543653015991,0.0859120788368714,0.1858603978530835,26.00525007247925,25.182599983215333,24.102424955368043,1,1,0.6681864259253025,0.5808005519241304,1,56.19100129777799,22.10764664711889,0.3454249405511527,1.089508018328471,-0.1053337620229029,0.0407596063607037,0.046780072537514,1,,
2025-09-26 04:00:00,26.799999237060547,26.9950008392334,26.415000915527344,26.90999984741211,3062700,0.0089988665328686,-0.0218102645030082,0.0885922570748016,0.1074074358969932,0.2099820199799917,26.11275005340576,25.23099998474121,24.104824953079223,1,1,0.6377657708275386,0.5921935957048121,1,57.96879382887866,21.60326771652048,0.3434858813604756,1.3082326316763804,-0.0972827799558834,0.0408921197606945,0.06066632323993,1,,
2025-09-29 04:00:00,27.15999984741211,27.450000762939453,26.80500030517578,27.270000457763672,4609200,0.0133779491784791,-0.0208258497580475,0.1013731908594244,0.1199178657309614,0.2654293003809564,26.24025011062622,25.277999992370606,24.10912495613098,1,1,0.6353819356555945,0.6008312636949686,1,60.5545734024665,21.6760636542896,0.3447553418497506,1.4307850492050247,-0.0852062748635951,0.0413230395769803,0.0739016323685706,1,,
2025-09-30 04:00:00,27.25,27.84000015258789,26.96500015258789,27.770000457763672,1278800,0.0183351665422377,0.0094511169290674,0.1233819267446938,0.1489449884197817,0.3376686007512341,26.38875017166138,25.330800018310548,24.11537495613098,1,1,0.6661594786330731,0.6138969066825896,1,63.87839802497851,22.16402927168336,0.3469757235840341,1.710941231106408,-0.0684333795614249,0.0419227868374683,0.0847429354531821,1,,
2025-10-01 04:00:00,27.670000076293945,28.8799991607666,27.670000076293945,28.850000381469727,2437600,0.0388908860606129,0.068518532647027,0.1633065027823448,0.1462058122376306,0.4282177867240608,26.588250160217285,25.38880001068115,24.128974962234494,1,1,0.7688352172884656,0.6448845688037648,1,69.79826263009653,23.53258382329595,0.3651872939043594,1.6884440732306534,-0.0322039282680781,0.0434052985947133,0.1111840190707202,1,,
2025-10-02 04:00:00,29.13999938964844,29.82999992370605,28.920000076293945,29.809999465942383,3170500,0.0332755310841959,0.1177352598674896,0.1991149933250473,0.1740842923413375,0.428365992678962,26.83375015258789,25.45400001525879,24.15227496147156,1,1,0.9170986407252536,0.6993273831880625,1,73.89387594322153,25.431692813186565,0.3753048930886625,1.9329610100615828,0.0,0.044798034422813,0.1502708169860771,1,,
2025-10-03 04:00:00,29.989999771118164,30.479999542236328,29.670000076293945,30.040000915527344,2889400,0.0077155804664719,0.1163136784044329,0.2064257580619375,0.2336755829534889,0.5217832453817572,27.05975017547608,25.534200019836423,24.17892497062683,1,1,1.041155869986213,0.7676930805476926,1,74.77642351198048,27.549561540625174,0.3743955396761001,2.5393261309206183,0.0,0.045144343925021,0.1669727478125191,1,,
2025-10-06 04:00:00,30.39999961853028,30.75,30.125,30.3799991607666,3643500,0.0113181835844591,0.114044688331405,0.1904388172345985,0.2108409316862072,0.5989473242508738,27.304750156402587,25.62180000305176,24.204674968719484,1,1,1.153609047859483,0.8448762740100507,1,76.06457701240573,29.652842132227157,0.3701691497378223,2.350081316022339,0.0,0.045492150631576,0.1440707785742359,1,,
2025-10-07 04:00:00,30.549999237060547,30.61000061035156,29.489999771118164,30.0,3085800,-0.0125082018190882,0.0803024668878924,0.1773940556894908,0.1507479996616962,0.5624999379118307,27.52425012588501,25.70819999694824,24.231174964904785,1,1,1.19825352427614,0.9155517240632686,1,71.65976883571255,30.51372168672143,0.3758488876452631,1.7958259068465996,-0.0125082018190882,0.0450902975590858,0.1385348856280439,1,,
2025-10-08 04:00:00,30.14999961853028,32.38999938964844,30.02499961853028,32.130001068115234,6650500,0.0710000356038411,0.1136915300962091,0.2545880633492954,0.2298565002149373,0.7519084406104264,27.891750144958497,25.85840000152588,24.27732497215271,1,1,1.389490694716887,1.0103395181939925,1,79.00045049893437,32.25918401676553,0.4341014613180954,2.410463090317839,0.0,0.048005451269151,0.2087779248145662,1,,
2025-10-09 04:00:00,32.22999954223633,32.31999969482422,31.559999465942383,31.64999961853028,4048500,-0.0149393536765641,0.0617242598306677,0.2772396586569574,0.2527211709135404,0.5393969085922627,28.16475009918213,26.001399993896484,24.320824966430663,1,1,1.485195020938992,1.1053106187429922,1,74.32811993321334,33.8799704660922,0.4158176563342008,2.642754835797692,-0.0149393536765641,0.0474256734275487,0.2377456696267834,1,,
2025-10-10 04:00:00,32.11000061035156,32.16999816894531,29.96999931335449,30.350000381469727,5525600,-0.041074225994601,0.0103195558087398,0.1588392425575717,0.2015043589258589,0.5676652595373344,28.40225009918213,26.132000007629397,24.35417496681213,1,1,1.4395481006815205,1.172158115130698,1,63.392850116136536,33.27619631369684,0.4211100903417142,2.1335956809343224,-0.0553999572820407,0.0467410085337186,0.1637936501762789,1,,
2025-10-13 04:00:00,30.709999084472656,30.82999992370605,30.059999465942383,30.280000686645508,3263600,-0.0023064149569815,-0.0032915891008394,0.1828125091968102,0.2445540806246384,0.4398478220627897,28.619750118255617,26.266400032043457,24.385724973678588,1,1,1.3817957162695258,1.2140856353584637,1,62.85660296953934,32.71554888647257,0.4086600677915588,2.5583775766050767,-0.0575785969489308,0.045928474430328,0.1695265202745275,1,,
2025-10-14 04:00:00,29.700000762939453,31.11000061035156,28.989999771118164,30.51000022888184,4144300,0.0075957574973823,0.0170000076293945,0.1766293817895505,0.2262862241970336,0.4290397978335558,28.81775016784668,26.39340003967285,24.41737497329712,1,1,1.339148703745998,1.2390982490359703,1,63.93607939682624,31.035155644831978,0.4083282327466763,2.407893559683693,-0.0504201925110121,0.0463339400647686,0.1710374031955404,1,,
2025-10-15 04:00:00,31.020000457763672,32.27000045776367,30.89999961853028,32.27000045776367,5793600,0.0576860116577695,0.0043572793337802,0.2154426133737399,0.3176807170010964,0.5136022945440166,29.11775016784668,26.56510005950928,24.45542497634888,1,1,1.4308737269646237,1.277453344621701,1,70.90441517379337,30.3264253295064,0.4403304075923666,3.094304398142359,0.0,0.0487901552465283,0.2026613580390297,1,,
2025-10-16 04:00:00,32.43000030517578,33.09000015258789,31.81999969482422,32.08000183105469,3996300,-0.0058877788662464,0.0135861680160227,0.2211648752207753,0.2873194916869985,0.542307836910682,29.34200029373169,26.744900093078613,24.49367498397827,1,1,1.4712752224900143,1.3162177201953638,1,69.34664281566215,30.18034548313173,0.4379216025866972,2.8501165990680226,-0.0058877788662464,0.0488354719189329,0.2150974258310267,1,,
2025-10-17 04:00:00,31.59000015258789,31.920000076293945,30.549999237060547,31.0,4159100,-0.0336658905676621,0.0214167911156644,0.1233919467792004,0.2335853973444515,0.4997580979960105,29.5165002822876,26.899100074768068,24.530124988555908,1,1,1.400008154427308,1.3329758070417526,1,61.12583939624233,28.838725970026022,0.4367757940674094,2.360768144688237,-0.0393554521149108,0.0469250173877116,0.1166945034071786,1,,
2025-10-20 04:00:00,31.799999237060547,34.064998626708984,31.799999237060547,33.599998474121094,6690400,0.0838709185200352,0.1096432533748197,0.2213739801734195,0.2947975909930223,0.644640135693429,29.804000186920167,27.10350006103516,24.58039998054504,1,1,1.5356249092433707,1.3735056274820765,1,70.26473828159362,28.815351369105706,0.5116627544530171,2.694318460485721,0.0,0.0503371315987077,0.2075464639213888,1,,
2025-10-21 04:00:00,33.38999938964844,33.55500030517578,32.494998931884766,32.65999984741211,3900600,-0.0279761508749167,0.0704686857555314,0.1727109299841434,0.230131856343813,0.5333333810916732,30.06150016784668,27.289100074768065,24.62139998435974,1,1,1.5493917080741149,1.408682843600484,1,64.37260277226375,28.793646382536835,0.528181776913921,2.1852313452209566,-0.0279761508749167,0.0489296216811317,0.1649371048502226,1,,
2025-10-22 04:00:00,31.89999961853028,32.040000915527344,29.940000534057617,30.56999969482422,7692400,-0.0639926565325289,-0.0526805311070411,0.1112322588325458,0.174414094829737,0.4042259555360858,30.24000015258789,27.41890007019043,24.645849981307983,1,1,1.3757971171159902,1.4021056983035851,0,53.6086053627682,26.840054291183424,0.5811167719842391,1.684331276673114,-0.0901785391934049,0.0460378316082972,0.1035944891780709,1,,
2025-10-23 04:00:00,30.729999542236328,31.489999771118164,30.489999771118164,31.3799991607666,2681300,0.0264965480545793,-0.0218205308707449,0.1622221911395038,0.2069230446448693,0.397772743623636,30.475500106811523,27.54330005645752,24.67194997787476,1,1,1.2887267013451584,1.3794298989119,0,56.63506126666314,25.026004492069543,0.5784175916391748,1.9263634251238504,-0.0660714111360555,0.0469790943083582,0.1437791201826057,1,,
2025-10-24 04:00:00,32.029998779296875,32.09000015258789,31.670000076293945,31.8799991607666,2833300,0.0159337161686459,0.0283870697021484,0.1953505462905358,0.2414329743734939,0.4232142724857033,30.72400007247925,27.67930004119873,24.703399972915648,1,1,1.2457088348427092,1.3526856860980618,0,58.43753193436656,23.72345588407933,0.5743407208873755,2.1854245814595044,-0.0511904580793134,0.0473407502156437,0.1614623997273174,1,,
2025-10-27 04:00:00,31.34000015258789,31.558000564575195,30.5,31.15999984741211,5028300,-0.0225846716533344,-0.0726190100451428,0.1579338544815605,0.2656376435924747,0.39418341456704,30.91850004196167,27.79770004272461,24.73134997367859,1,1,1.1403734234425116,1.3102232335669517,0,54.89886570474187,22.324064971034293,0.5847713919904917,2.389523880096397,-0.0726190100451428,0.0457320414608155,0.1183582980888449,1,,
2025-10-28 04:00:00,31.13999938964844,31.14999961853028,30.34000015258789,30.450000762939453,2738400,-0.0227855933231534,-0.0676668430740292,0.1166116703995303,0.2428571739975287,0.366696580992073,31.05250005722046,27.904700050354005,24.75989997863769,1,1,0.9882118673340798,1.2458209603203774,0,51.58179608999934,21.126244589458484,0.5936559068577482,2.208962420305926,-0.0937499361378777,0.0445716275659431,0.0786144490390401,1,,
2025-10-29 04:00:00,30.46999931335449,30.850000381469727,29.6200008392334,29.96999931335449,3658600,-0.0157635940084825,-0.0196270980523207,0.0792221396948433,0.2581863852780228,0.3628922066983064,31.108500003814697,28.019700050354004,24.787449979782103,1,1,0.8194445853183154,1.160545685319965,0,49.40829182004734,20.4665662643154,0.5964184732493588,2.3343207888483435,-0.1080356942147616,0.0438479545356114,0.0459217490861665,1,,
2025-10-30 04:00:00,29.84000015258789,30.638999938964844,29.71999931335449,29.790000915527344,3758500,-0.0060059526843878,-0.0506691614965746,0.0325823404377276,0.2644313069102935,0.3696552145070042,31.107500076293945,28.13510005950928,24.818349981307986,1,1,0.6635222604329378,1.0611410003425596,0,48.58159441339309,19.854007819539667,0.5837529402032163,2.382805099346836,-0.1133927896314707,0.0440692861476191,0.0152973847526216,1,,
2025-10-31 04:00:00,30.15999984741211,31.309999465942383,29.920000076293945,31.1299991607666,4283700,0.0449814771419094,-0.0235257220747669,0.0442804333603663,0.2884933508847302,0.3731803730040253,31.16199998855591,28.271900024414062,24.85184997558594,1,1,0.6406938344542716,0.9770515671649022,0,54.6631953247582,18.74486046514449,0.5929502708422685,2.530193700580536,-0.0735118876644265,0.0459010277861849,0.0246214678296277,1,,
2025-11-03 05:00:00,31.1299991607666,31.18000030517578,29.770000457763672,30.65999984741211,3216900,-0.0150979545783873,-0.0160462131722868,0.0206391116174797,0.2944902064067749,0.3987226159077575,31.176000022888186,28.380300025939945,24.883899974823,1,1,0.5780141385685802,0.8972440814456377,0,52.3254872857747,17.82438657499333,0.5957878918838291,2.577252875088769,-0.0874999631018849,0.0451233297147843,-0.0004654893262279,0,,
2025-11-04 05:00:00,29.799999237060547,30.520000457763672,29.48500061035156,29.5,4052200,-0.0378343070184333,-0.0311987106448842,-0.0289663984554368,0.2776093462560538,0.4503441385789108,31.151000022888184,28.475700035095212,24.91084997177124,1,1,0.4297834586529703,0.8037519568871043,0,46.98479027413876,17.183031105316935,0.6098839306295789,2.4375397566617663,-0.1220237696522199,0.0439369279348858,-0.0341866162645376,0,,
2025-11-05 05:00:00,29.459999084472656,30.020000457763672,28.790000915527344,29.739999771118164,7636400,0.0081355854616327,-0.0076743259094382,-0.0086666742960611,0.2769428339219444,0.428434207831013,31.03149995803833,28.57230003356933,24.92974997520447,1,1,0.3278957742652402,0.7085807203627315,0,48.16363545672228,17.08832071332859,0.6090430345723241,2.432884727669087,-0.1148809189969435,0.0441414133899201,-0.0210440875428311,0,,
2025-11-06 05:00:00,29.5,29.520000457763672,28.07999992370605,28.36000061035156,7394700,-0.0464021241219639,-0.0480026942339041,-0.117335833564752,0.213002635942852,0.3051082010024244,30.867000007629397,28.64510005950928,24.93594997406006,1,1,0.1342471337947195,0.593714003049129,0,42.33450879287466,17.469309563592184,0.5719192694205492,1.9275778701125048,-0.1559523244563659,0.0425496878256585,-0.1136488315233988,0,,
2025-11-07 05:00:00,27.700000762939453,28.030000686645508,26.934999465942383,28.030000686645508,4511300,-0.011636104252607,-0.0995823500704763,-0.1143759549925982,0.1988880108123338,0.3265500141945379,30.751000022888185,28.71050006866455,24.93839997291565,1,1,-0.04532654862221,0.4659058927148612,0,41.0549236721352,18.484348418634006,0.5713330424776053,1.82101742445237,-0.1657737512031624,0.0420132128955895,-0.1141251170682399,0,,
2025-11-10 05:00:00,28.8799991607666,29.334999084472656,28.43000030517578,28.51000022888184,3334100,0.0171244927034561,-0.0701239278940095,-0.0606260339196339,0.1839701129240696,0.2917988501634601,30.6625,28.786300086975096,24.94554997444153,1,1,-0.1472110765069665,0.3432824988704957,0,43.71959434720492,18.225223788919017,0.5607059842830283,1.7169841438812636,-0.1514880498926093,0.0420760979753999,-0.0998033783321878,0,,
2025-11-11 05:00:00,28.375,28.968000411987305,28.229999542236328,28.809999465942383,1871100,0.0105225967959352,-0.0233898486121225,-0.0485469348536522,0.1450715278484273,0.3119308136179834,30.57749996185303,28.866500091552734,24.956799974441527,1,1,-0.201425954639685,0.2343408081684595,0,45.381475572803936,18.11019875995358,0.5624873920189025,1.437716454411503,-0.1425595007650966,0.042421734258777,-0.0763522023112389,0,,
2025-11-12 05:00:00,28.86000061035156,29.1200008392334,28.209999084472656,28.299999237060547,3042000,-0.0177021950133922,-0.0484196551829184,-0.0724352990902054,0.128389127717297,0.3393279867993055,30.37899990081787,28.935300064086917,24.96499997138977,1,1,-0.2822903252283772,0.1310145814890922,0,43.05396928286248,17.864944164175732,0.5640014559329308,1.30189012182795,-0.1577380796949331,0.0416476000365396,-0.1011427049302983,0,,
2025-11-13 05:00:00,27.93000030517578,27.959999084472656,26.96999931335449,27.040000915527344,4065600,-0.0445229100883918,-0.0465444170104286,-0.1620700176029303,0.0713154184125191,0.2748704423718102,30.126999855041504,28.978100090026857,24.969049978256223,1,1,-0.4429413041853713,0.0162234043541995,0,37.88437294793347,18.41374497984749,0.5359121655396482,0.8272271423045211,-0.1952380314435519,0.0404648014077719,-0.170635936628809,0,,
2025-11-14 05:00:00,26.155000686645508,27.280000686645508,26.040000915527344,26.88999938964844,5947800,-0.0055473935207142,-0.0406707552290643,-0.1617831092634827,0.0713147004372236,0.2334862537029252,29.921499824523927,29.00550006866455,24.96709997177124,1,1,-0.5757256253279408,-0.1021664015822285,0,37.31001940451928,19.41956547042596,0.5359291440275895,0.827221211929412,-0.1997023627736391,0.0402469184185623,-0.1758671138599346,0,,
2025-11-17 05:00:00,26.75,27.290000915527344,26.479999542236328,26.8700008392334,3703100,-0.0007437170274813,-0.0575236540330522,-0.1332257793795678,0.1094137737823033,0.2359706127932208,29.58499994277954,29.03330009460449,24.967249975204467,1,1,-0.6747932755402388,-0.2166917763738306,0,37.22898156001731,20.34332654959682,0.5280084285222203,1.1438919647624288,-0.2002975577534974,0.0405951884709681,-0.1348924149445497,0,,
2025-11-18 05:00:00,26.59000015258789,27.13999938964844,26.104999542236328,26.850000381469727,3938300,-0.0007443415384814,-0.0680319028394866,-0.2008928094996865,0.1178184791745642,0.2277091610029811,29.294499969482423,29.05810009002685,24.968649978637696,1,1,-0.7463159066616178,-0.3226166024313881,0,37.14209454067863,21.402928353734968,0.4153506142853241,1.2119905493433394,-0.2008928094996865,0.0409085030994502,-0.187309610218226,0,,
2025-11-19 05:00:00,26.8700008392334,27.614999771118164,26.700000762939453,27.26000022888184,3238400,0.0152700127220508,-0.0367490825518033,-0.1653398543710694,0.1222725072626871,0.3162724014468958,29.128999996185303,29.10770008087158,24.970649976730343,1,1,-0.7611405910040503,-0.4103214001459205,0,40.22204168660565,21.866362103625036,0.4191507390011451,1.2467775694195753,-0.1886904325344645,0.0413733429577946,-0.1544315787393645,0,,
2025-11-20 05:00:00,27.90999984741211,29.0,27.14999961853028,27.209999084472656,6881400,-0.0018342312541952,0.0062869143191373,-0.1099116991787357,0.0780506866568493,0.3069164016960561,28.920499992370605,29.128100051879883,24.96599997520447,0,1,-0.7680701006154749,-0.4818711402398314,0,39.9648585014234,20.97427781732642,0.3670290674988791,0.8946576703932121,-0.1901785618999373,0.041936663599398,-0.0890825624411039,0,,
2025-11-21 05:00:00,27.270000457763672,29.25,27.104999542236328,29.020000457763672,4224100,0.0665197145972669,0.0792116443459345,-0.0752070989840419,0.1734735541826622,0.3871893093656562,28.777500057220458,29.19650005340576,24.97424997329712,0,1,-0.6203586940300916,-0.5095686509978835,0,51.94364731755921,19.93207965891148,0.4312484226694861,1.6180817236206984,-0.1363094709627729,0.0442851442963037,-0.0573435919043513,0,,
2025-11-24 05:00:00,29.229999542236328,30.4950008392334,29.059999465942383,30.38999938964844,3875100,0.0472087839515611,0.1310010584471372,-0.0467377606757229,0.219991954066818,0.411518737595701,28.739000034332275,29.28570003509521,24.99124997138977,0,1,-0.3882731051985431,-0.4853095418380154,1,58.666259870542696,19.02504287405841,0.4614376021675145,1.930516700728241,-0.0955356913764449,0.0457031105502541,-0.0345926006227189,0,,
2025-11-25 05:00:00,30.40999984741211,31.18000030517578,30.13999938964844,31.13999938964844,2936800,0.0246791712755172,0.159776497103494,-0.0006418632176382,0.2597087481643123,0.4758293282779255,28.773499965667725,29.377500038146973,25.01454997062683,0,1,-0.1421858420946407,-0.4166848018893405,1,61.81546198692047,18.649914574940063,0.4637550049891954,2.200617595934524,-0.0732142617913318,0.0463946378765238,0.0144886690937702,1,,
2025-11-26 05:00:00,31.114999771118164,31.190000534057617,30.645000457763672,30.86000061035156,1773100,-0.0089916115859,0.1320616416450186,0.0134646908748559,0.2463651181373674,0.4681255917362985,28.818000030517577,29.46930004119873,25.038049974441527,0,1,0.0299018356878093,-0.3273674743739105,1,59.97820933245727,18.3083998777625,0.4574954244641352,2.106961462049858,-0.0815475591726557,0.0456622467483242,0.024468910873123,1,,
2025-11-28 05:00:00,31.0,31.190000534057617,30.64999961853028,31.190000534057617,1113500,0.0106934516260301,0.1462698119624761,0.040707415704194,0.2617314482370489,0.4909178021180505,28.88800001144409,29.54120006561279,25.06009997367859,0,1,0.1907123824433441,-0.2237515030104596,1,61.43309523100654,17.99127908752619,0.4544289232757518,2.211515864431073,-0.0717261324258592,0.0458999929625341,0.046798954447377,1,,
2025-12-01 05:00:00,30.549999237060547,30.57999992370605,29.825000762939453,29.850000381469727,2737000,-0.0429624921334864,0.02860096177166,0.0020140807015252,0.2036290846679775,0.3793900750176806,28.824000072479247,29.588000068664552,25.07104997634888,0,1,0.2076355920032782,-0.137474084007712,1,53.00674934823216,16.917783317586686,0.480229484646651,1.7827077024382516,-0.1116070911592342,0.044129488294094,0.0013660794566379,1,,
2025-12-02 05:00:00,30.06999969482422,30.34000015258789,29.71999931335449,29.739999771118164,2425000,-0.0036851125274975,-0.0213886025529728,-0.044651443209811,0.1962992373674601,0.3444845679376949,28.77800006866455,29.62580005645752,25.072649974823,0,1,0.2097533218355387,-0.0680286028390619,1,52.37169853794714,15.82566678796248,0.452245036248628,1.7310039777194015,-0.1148809189969435,0.0438855769241161,-0.0439086216425715,0,,
2025-12-03 05:00:00,29.84000015258789,30.8799991607666,29.761999130249023,30.82999992370605,2815200,0.0366509805304853,-0.0099550247918579,0.0055446861428569,0.2381526263463369,0.3635559085120556,28.844500064849854,29.692200050354003,25.07944997787476,0,1,0.2959737397528954,0.0047718656793295,1,57.77063262393343,15.28206241803237,0.4682990630019927,2.0041728414204343,-0.0824404367919394,0.0453370347258404,0.004736020422404,1,,
2025-12-04 05:00:00,30.75,31.96999931335449,30.520000457763672,31.89999961853028,3454500,0.034706444939089,0.0337005504734133,0.0813559192722128,0.2499999626303175,0.4330637596823004,28.95250005722046,29.79020004272461,25.089899978637696,0,1,0.445508530132777,0.092919198570019,1,62.2896617259949,15.610323272850284,0.4604908966125773,2.0761045174914843,-0.0505952063331242,0.0468762528521304,0.0668987354236669,1,,
2025-12-05 05:00:00,31.729999542236328,31.757999420166016,30.790000915527344,30.93000030517578,2530000,-0.0304075023496563,-0.0083360123254223,0.0400134681646258,0.2138932833929367,0.3286082213441974,29.08100004196167,29.875400047302247,25.101749982833866,0,1,0.4802095342923529,0.1703772657144858,1,56.39764478434648,15.915136923752634,0.4753825294275191,1.8210144178881496,-0.0794642348273247,0.0453646911811295,0.0277127010049198,1,,
2025-12-08 05:00:00,31.565000534057617,31.71999931335449,30.979999542236328,31.170000076293945,3009300,0.0077594493614667,0.0442210947388679,0.099083194833103,0.2171026682324652,0.3102143285732199,29.238000011444093,29.960600051879883,25.122899980545043,0,1,0.5210697382753224,0.2405157602266531,1,57.46958777966424,16.1981781710191,0.4412764192285914,1.842433914936092,-0.0723213841720482,0.0458544557154015,0.0776684403251988,1,,
2025-12-09 05:00:00,31.0,31.23500061035156,30.71999931335449,30.86000061035156,3027400,-0.00994544322052,0.0376597460609626,0.1009632484616513,0.245359150735726,0.2741536533956832,29.35550003051758,30.03240005493164,25.14474998474121,0,1,0.5224152998018994,0.2968956681417024,1,55.56924883063924,16.148684750157766,0.4405176089144608,2.044895756092048,-0.0815475591726557,0.0454376280097886,0.0815080513530197,1,,
2025-12-10 05:00:00,30.86000061035156,31.65999984741211,30.530000686645508,31.170000076293945,4952500,0.0100453486653011,0.0110282242435706,0.0933005901808943,0.1901488904423773,0.2843015858420823,29.47350006103516,30.100400047302244,25.17489998817444,0,1,0.5422453660896167,0.3459656077312853,1,57.097043165936775,16.466859739601055,0.438732386781123,1.7009121603416384,-0.0723213841720482,0.0455916926255518,0.0835532480271192,1,,
2025-12-11 05:00:00,31.059999465942383,31.31999969482422,30.45499992370605,30.850000381469727,2075900,-0.0102662718652859,-0.0329153369785816,0.0708087800535686,0.2050781219440978,0.3044397834703598,29.601000118255616,30.140400047302247,25.200999994277957,0,1,0.526075267256811,0.3819875396363904,1,54.99483161415557,16.66465169573855,0.4411107688083345,1.8122233619159815,-0.0818451850457502,0.0450188793171938,0.061222038744902,1,,
2025-12-12 05:00:00,30.940000534057617,30.950000762939453,30.01000022888184,30.200000762939453,3559700,-0.0210696794325065,-0.0236016661827892,0.0671378649152307,0.1646741383536101,0.2867491114818898,29.75900011062622,30.148200073242187,25.229299993515014,0,1,0.4555594052428624,0.3967019127576848,1,50.8956978171318,16.27306595532761,0.4433112352493389,1.5178477850921526,-0.1011904126662487,0.0445493390710034,0.0696736194142741,1,,
2025-12-15 05:00:00,30.520000457763672,30.549999237060547,29.584999084472656,29.86000061035156,2468000,-0.0112582829138577,-0.0420275733954422,0.1042899260112402,0.1246704884522427,0.2483277807320947,29.907500171661376,30.144600067138672,25.25549999237061,0,1,0.3679978555355454,0.3909611013132569,0,48.84482164595635,15.393590180794313,0.4117943853402667,1.2242390184420566,-0.1113094652861398,0.0441144419795464,0.0901929688223688,1,,
2025-12-16 05:00:00,29.614999771118164,30.15999984741211,29.23900032043457,29.57999992370605,2220200,-0.0093771159049621,-0.0414776623891623,0.1000372106774072,0.1259992161501528,0.2496831359680098,30.04300012588501,30.128600082397465,25.28769999504089,0,1,0.272865556909533,0.3673419924325122,0,47.159464680367925,14.411271263279044,0.4132474879981593,1.234440158508963,-0.1196428194337945,0.0438205064083048,0.0887915927519653,1,,
2025-12-17 05:00:00,29.780000686645508,30.304000854492188,29.049999237060547,29.07999992370605,2444200,-0.0169033130929553,-0.0670516569609323,0.0822478234256618,0.0538141202139077,0.2041408026107374,30.154500102996828,30.110200080871586,25.315449991226195,1,1,0.1553360858275105,0.3249408111115118,0,44.22494982499381,13.714965306635674,0.4197531056724049,0.677678477629534,-0.1345237724905366,0.0435591024843167,0.0730114608401977,1,,
2025-12-18 05:00:00,29.56999969482422,30.1200008392334,28.88999938964844,28.989999771118164,2725500,-0.0030949158467679,-0.0602917532366964,0.0797020245528687,0.053798601596612,0.218067256320577,30.24100008010864,30.04740005493164,25.340499992370606,1,1,0.0543048802339889,0.2708136249360073,0,43.69785891252982,13.253935510211813,0.4201736428799734,0.6775512173912359,-0.1372023485820565,0.0430988370753029,0.0535422665192115,1,,
2025-12-19 05:00:00,29.170000076293945,29.8700008392334,29.15800094604492,29.61000061035156,2365000,0.0213867141817325,-0.0195364284000921,0.0862069098216626,0.0631956985556405,0.2557252207869294,30.36100015640259,30.006600074768063,25.37244999885559,1,1,0.0239892746481764,0.2214487548784411,0,48.27169060686968,12.825836413532512,0.4227693885032663,0.7533160336997861,-0.1187499418145109,0.0436251850987242,0.0544273674773319,1,,
2025-12-22 05:00:00,29.940000534057617,31.01499938964844,29.738000869750977,30.6200008392334,2646000,0.0341101049666558,0.0254521169908605,0.1253216416573366,0.1130498213186661,0.2689598799911692,30.441000175476077,30.01200008392334,25.408900003433228,1,1,0.0805341685911962,0.1932658376209921,0,54.72428627595308,12.80406866252744,0.4343970110938538,1.14213074509443,-0.0886904098279321,0.0448339341613927,0.0690868160059428,1,,
2025-12-23 05:00:00,30.46999931335449,30.46999931335449,29.94499969482422,30.13999938964844,1596100,-0.0156760756508514,0.018931692609424,0.0385940356381055,0.1162962736906829,0.2428865727690079,30.428500175476078,30.0092000579834,25.44965000152588,1,1,0.0856272414447225,0.1717381183857382,0,51.44019987122389,12.783855750879871,0.3799975244920882,1.1677165004075147,-0.1029761679048159,0.043930332418277,-0.0080119842368078,0,,
2025-12-24 05:00:00,30.13999938964844,30.21999931335449,29.790000915527344,30.18000030517578,1048000,0.0013271704159714,0.0378266982240604,-0.0069101378312034,0.1316085571368916,0.2288274007101145,30.38050022125244,30.00260005950928,25.48829999923706,1,1,0.0918326878940263,0.1557570322873959,0,51.700330025172505,12.538922006617472,0.3427487076256055,1.285802658733875,-0.1017856644124378,0.0438344425306986,-0.0408871080558231,0,,
2025-12-26 05:00:00,30.049999237060547,30.09000015258789,29.44499969482422,29.670000076293945,1073900,-0.0168986157629154,0.0234563749756646,-0.0472061445782543,0.1025641116511288,0.2209876957956227,30.32100019454956,29.95060005187988,25.52180000305176,1,1,0.0549641996128009,0.1355984657524769,0,48.15816446674806,11.817904006241935,0.335036811204439,1.061309625832758,-0.1169642433422744,0.0430980719215443,-0.0710548913810503,0,,
2025-12-29 05:00:00,29.34000015258789,29.780000686645508,29.084999084472656,29.21999931335449,2255600,-0.0151668608622284,-0.0131712694683541,-0.0531432684562862,0.0715071075488618,0.1999999530016769,30.222500133514405,29.89340000152588,25.557749996185304,1,1,-0.0104452375327568,0.1063897250954301,0,45.21454753578415,11.284306278071025,0.337315162275181,0.8168901689263731,-0.1303571237998747,0.0425962065042921,-0.06714606622252,0,,
2025-12-30 05:00:00,29.28499984741211,29.28499984741211,28.950000762939453,29.0,1215400,-0.0075290663423781,-0.0529066229533766,-0.0702148283603351,0.0442923846582961,0.1998345017980922,30.18000011444092,29.85340000152588,25.588999996185304,1,1,-0.0791227162758438,0.0692872368211753,0,43.80484879801131,10.966988365172616,0.3343077575518243,0.5979238440316652,-0.1369047227089619,0.0423271825933452,-0.0778390177990926,0,,
2025-12-31 05:00:00,29.059999465942383,29.09000015258789,28.850000381469727,28.96999931335449,1104500,-0.001034506436052,-0.0388188487056103,-0.0294807724244293,0.0041594083292226,0.1509733502400552,30.141500091552736,29.760800018310547,25.616549997329717,1,1,-0.1344213915331664,0.0285455111503069,0,43.60519347549796,10.807937683274051,0.3014925268134761,0.2609708912874831,-0.1377976003282457,0.0425990095222213,-0.0346815435899245,0,,
2026-01-02 05:00:00,29.229999542236328,29.405000686645508,28.739999771118164,29.18000030517578,2047600,0.0072489125577743,-0.0331345258412241,-0.0188298409634226,-0.0211338199279865,0.1492714063267182,30.059000110626226,29.691200027465825,25.64920000076294,1,1,-0.1594624808740086,-0.0090560872545561,0,45.47846868693816,10.15802263609459,0.3027580194060937,0.0363588677701108,-0.1315475705259219,0.0428292982119174,-0.024068926199264,0,,
2026-01-05 05:00:00,29.3700008392334,30.090999603271484,29.27499961853028,29.979999542236328,3250400,0.0274160119497548,0.0104482462131865,-0.027570560608926,-0.0019973825386936,0.231211460885685,29.963000106811524,29.67940002441406,25.683599996566773,1,1,-0.1134467287587348,-0.0299342155553918,0,52.01729912549799,10.267002385657175,0.2898030265673588,0.2069904721285743,-0.1077380683416669,0.043712377355139,-0.0358351043584109,0,,
2026-01-06 05:00:00,30.06999969482422,31.63999938964844,29.95199966430664,31.5,3455700,0.0507004830210977,0.0780287727660375,-0.0125391731446267,0.0368663880899573,0.2554802633889563,29.991500091552734,29.68180004119873,25.726799993515016,1,1,0.0451519366661017,-0.0149169851110931,1,61.471991814838766,11.898220791314932,0.318616699523814,0.5364647789379987,-0.0624999574252518,0.0456570849445988,-0.026008220225653,0,,
2026-01-07 05:00:00,31.63999938964844,32.65999984741211,31.6299991607666,32.09000015258789,3796500,0.0187301635742187,0.1065517293995823,0.0375040360804004,0.0696666717529297,0.230916782824468,30.03750009536743,29.68600006103516,25.770649995803836,1,1,0.2159611375710213,0.0312586394253297,1,64.40394907512872,14.114160062716287,0.305527615924766,0.8005800239902536,-0.0449404282769897,0.0466626600160393,0.0286118741495959,1,,
2026-01-08 05:00:00,31.8700008392334,31.8700008392334,30.809999465942383,30.90999984741211,2645900,-0.0367715892665903,0.0669658467393654,-0.0083413611884965,-0.0379707805834409,0.1831578888961573,30.04000005722046,29.68100006103516,25.804749994277955,1,1,0.2531938360144572,0.0756456787431552,1,55.33430549928046,15.020978051098734,0.3325660876879885,-0.1164038748208357,-0.0800594865735139,0.0449513638803766,-0.0196947454927817,0,,
2026-01-09 05:00:00,31.239999771118164,31.415000915527344,30.424999237060547,30.549999237060547,2466100,-0.0116467360766325,0.0469499286345711,-0.010045410471801,-0.0347551467528519,0.2091826627780355,30.00900001525879,29.68300003051758,25.840049991607668,1,1,0.2507613563507611,0.1106688142646764,1,52.88730014127342,15.374565861660551,0.3332463072317227,-0.0876297272057042,-0.090773790939594,0.0441359411184752,-0.0286477738457864,0,,
2026-01-12 05:00:00,31.34000015258789,32.06999969482422,30.959999084472656,31.799999237060547,3846500,0.0409165313000601,0.0607071288396843,0.0202117150858058,0.04777590897416,0.2589073218099573,30.05649995803833,29.7196000289917,25.886599988937377,1,1,0.3457129878809084,0.1576776489879228,1,59.572426116780086,16.216900207880055,0.3612706438285238,0.6319072874715815,-0.0535714082977389,0.0458697943413384,0.0060998331005306,1,,
2026-01-13 05:00:00,32.029998779296875,32.279998779296875,31.270000457763672,31.959999084472656,1861000,0.0050314418632324,0.0146031455388144,0.0359805085665301,0.0554821122764401,0.3136045698599563,30.14449987411499,29.76299999237061,25.935199985504152,1,1,0.4289290632279332,0.2119279318359249,1,60.34801359746936,17.1557174584595,0.3590341051906361,0.6962941152693993,-0.048809507860888,0.0461929471928241,0.0260794558513566,1,,
2026-01-14 05:00:00,31.82999992370605,32.560001373291016,31.72900009155273,32.529998779296875,2861900,0.0178347844540818,0.0137113937244248,0.0771522502481762,0.0662077527125952,0.307475879283533,30.27799978256225,29.79099998474121,25.99009998321533,1,1,0.5347088236911759,0.2764841102069751,1,63.06641924531719,18.236597234766,0.3528790570010439,0.7843724793848287,-0.031845230458815,0.0472490286392296,0.0605999914818808,1,,
2026-01-15 05:00:00,32.66999816894531,32.77000045776367,31.988000869750977,32.060001373291016,2510900,-0.0144481224605818,0.0372048376433489,0.0736771841249321,-0.0065075637277263,0.3091058257624157,30.401999855041502,29.81900001525879,26.046599988937377,1,1,0.5739984859830933,0.3359869853621988,1,59.44742506606532,19.39692998673484,0.3547596840293486,0.1573794262692654,-0.0458332491299424,0.0464399030746801,0.0527142811012286,1,,
2026-01-16 05:00:00,32.11000061035156,32.439998626708984,31.479999542236328,31.81999969482422,2039200,-0.0074860158511016,0.0415712107849424,0.0757268349187176,-0.0081048042827347,0.276886019157526,30.538999843597413,29.865400009155277,26.1046999835968,1,1,0.5790942586021117,0.3846084400101814,1,57.62884215204354,19.726899966592036,0.3539458352972893,0.1429241217772246,-0.0529761565515498,0.0461309051097073,0.0527241442596526,1,,
2026-01-20 05:00:00,30.8700008392334,31.959999084472656,30.6200008392334,31.61000061035156,2202800,-0.006599594169915,-0.0059747997253898,0.0870013993563683,0.0196774390435987,0.2578591988057703,30.669999885559083,29.902800025939943,26.158399982452394,1,1,0.5597352445581976,0.4196338009197847,1,56.01416488989052,18.932724450233536,0.3481345180955504,0.3916551945921597,-0.0592261295875428,0.046778724324793,0.0739138700489869,1,,
2026-01-21 05:00:00,31.739999771118164,32.584999084472656,31.36000061035156,32.400001525878906,3376300,0.0249921195910587,0.0137672857950743,0.1176268293095339,-0.0357141965100513,0.2485549353875562,30.80949993133545,29.983600044250487,26.221699991226195,1,1,0.6012091926905505,0.4559488792739379,1,60.498094236146365,18.7737883268508,0.3542539566889661,-0.1567506539577521,-0.0357141965100513,0.0474007677822207,0.0998154706448655,1,,
2026-01-22 05:00:00,32.63999938964844,34.38999938964844,32.4900016784668,34.2400016784668,4870900,0.0567901254917604,0.0525669524543057,0.1563661253859145,0.0483772761309391,0.2896422848356224,30.99049997329712,30.107800064086916,26.29789999961853,1,1,0.7736322788389707,0.5194855591869445,1,68.54177876078641,19.911702578048505,0.3932816439630647,0.6564469270164495,0.0,0.049832377363579,0.1422846058029965,1,,
2026-01-23 05:00:00,34.13999938964844,34.185001373291016,32.51499938964844,32.630001068115234,2996100,-0.0470210435580695,0.0177791537869078,0.0656433760219374,0.067386372059395,0.2535535999757312,31.11500005722046,30.19020008087158,26.36505000114441,1,1,0.771472171960383,0.5698828817416323,1,57.50727867907441,20.96833723987494,0.42273176079552,0.8372480009561386,-0.0470210435580695,0.0474719850788361,0.0588404958607229,1,,
2026-01-26 05:00:00,32.48500061035156,32.9900016784668,32.02000045776367,32.47999954223633,2222400,-0.0045970432414568,0.020741667308044,0.0776376974112202,0.0350541877274814,0.249230751624474,31.230000019073486,30.26360008239746,26.43574999809265,1,1,0.7490221411795766,0.6057107336292211,1,56.59313312973887,21.33079760985824,0.4181607113815205,0.5377122869541371,-0.0514019290290315,0.0470150052002089,0.0702173785657163,1,,
2026-01-27 05:00:00,32.7599983215332,33.150001525878906,32.20500183105469,32.41999816894531,1932800,-0.0018473329475572,0.0256247245477274,0.0742212671013584,0.0169384887827495,0.2624609728844547,31.367499923706056,30.34600006103516,26.495049991607665,1,1,0.7181107865311844,0.6281907442096137,1,56.20823774913775,21.78302304732522,0.4185507203917451,0.3638422782536126,-0.0531543054995253,0.0467419206462444,0.0663286207759936,1,,
2026-01-28 05:00:00,32.540000915527344,32.54999923706055,31.47800064086914,31.479999542236328,3122300,-0.0289944071498867,-0.0283951216146624,0.0610043633733778,0.0102695666364323,0.2786351937109248,31.480499935150146,30.43480003356933,26.55564998626709,1,1,0.6107232445873549,0.624697244285162,0,50.42255613411255,21.320583901497987,0.4280565572509176,0.299382702788201,-0.0806075350739894,0.045391235899404,0.0532080410008652,1,,
2026-01-29 05:00:00,31.34000015258789,31.5049991607666,30.825000762939453,31.350000381469727,4250100,-0.0041295794999038,-0.0844042393495139,0.0728953154746228,0.0295566369780082,0.2795918523048868,31.59799995422363,30.52400005340576,26.607249984741213,1,1,0.5092575935492718,0.601609314137984,0,49.66123119466708,20.18623550304882,0.4237862142314118,0.4857483779593733,-0.0844042393495139,0.0452936691442579,0.0633263584092622,1,,
2026-01-30 05:00:00,30.940000534057617,31.3700008392334,30.26000022888184,30.43000030517578,4100000,-0.0293460945805198,-0.0674226383979254,0.0493103553508889,0.015348715460808,0.2774979301023177,31.671000003814697,30.59520004272461,26.65264998435974,1,1,0.3505678882902927,0.5514010289684458,0,44.5362651695397,18.912087515046636,0.4375801461739608,0.3487619003569321,-0.1112733991390861,0.0440959966949569,0.0417890819383235,1,,
2026-02-02 05:00:00,30.280000686645508,30.950000762939453,30.170000076293945,30.6200008392334,2465300,0.0062438558051969,-0.0572659707271309,0.0569555251980382,0.0278616951392383,0.2996605065079367,31.743000030517575,30.670600051879884,26.699149990081786,1,1,0.2374000092425241,0.4886008250232614,0,45.7807193231052,17.81622267430701,0.4375334424066103,0.4689926852303444,-0.1057243183930677,0.0441518309992654,0.0364520559153866,1,,
2026-02-03 05:00:00,30.780000686645508,31.3700008392334,29.690000534057617,30.31999969482422,4121800,-0.0097975550681497,-0.0647747869440861,0.0390678333696326,-0.0260199000250289,0.254966882711795,31.760000038146973,30.73180004119873,26.746749992370606,1,1,0.1220985881070149,0.4153003776400122,0,44.09826207305703,17.2604323389255,0.439428758142327,-0.0700442552822292,-0.1144860336297187,0.0440920669088538,0.0294837587739187,1,,
2026-02-04 05:00:00,30.36000061035156,30.36000061035156,28.45499992370605,29.18000030517578,3972100,-0.0375989248391398,-0.0730622385802346,-0.0266844312633659,-0.0482713486497701,0.2320034183296007,31.64400005340576,30.771200065612792,26.789299993515016,1,1,-0.0605688423056633,0.3201265336508771,0,38.33321264893644,17.7510945280877,0.4499885618813732,-0.2917219611154468,-0.1477804066952835,0.0426408013009728,-0.0245142478859071,0,,
2026-02-05 05:00:00,28.75,29.30500030517578,27.36000061035156,27.489999771118164,7275700,-0.0579163987794014,-0.1231260147809478,-0.1273015945676773,-0.0681356009790452,0.1905586656324525,31.414000034332275,30.740600051879884,26.824599990844728,1,1,-0.337808964664287,0.1885394339878442,0,31.714086304463702,18.911904789086385,0.4503380569962248,-0.4793009224307939,-0.1971378965087389,0.040679251413196,-0.1090265297804932,0,,
2026-02-06 05:00:00,28.09000015258789,28.90999984741211,27.63999938964844,28.790000915527344,3493500,0.0472899656323388,-0.0538941627736195,-0.1028357501205688,-0.0319434721890417,0.2361528460195625,31.30800008773804,30.70860008239746,26.862049999237065,1,1,-0.4474664169335369,0.061338263803568,0,40.2595480178728,19.989800031442304,0.4800497108274502,-0.0980633160150752,-0.1591705752271298,0.0418010310785782,-0.1041867080828662,0,,
2026-02-09 05:00:00,28.780000686645508,29.165000915527344,28.190000534057617,29.07999992370605,3025200,0.0100729072232264,-0.0502939540600582,-0.0592041388786765,0.0253878454816283,0.2437981594329772,31.234500122070312,30.66740009307861,26.898599996566773,1,1,-0.5051472188631827,-0.0519588327297821,0,42.00314579606786,20.665730182080427,0.4679137435165696,0.4449663471584194,-0.150700978440834,0.0420194781179271,-0.0652235106870566,0,,
2026-02-10 05:00:00,29.280000686645508,29.709999084472656,28.959999084472656,29.1299991607666,1506800,0.0017193685416687,-0.0392480391172549,-0.0464811820542151,0.0392436121004153,0.2459367068604918,31.101000118255616,30.632800064086915,26.93199998855591,1,1,-0.5405935237563604,-0.1496857709350977,0,42.31574412049937,20.62317688151889,0.4669072195766516,0.5750055859819189,-0.1492407204206951,0.0422030212244277,-0.0437946907908655,0,,
2026-02-11 05:00:00,29.170000076293945,29.290000915527344,28.01499938964844,28.739999771118164,2575000,-0.013388238959296,-0.0150788392548293,-0.0962264006087201,0.0080673286702861,0.1935215889608239,30.94000015258789,30.583800048828124,26.963699989318847,1,1,-0.5933152977186218,-0.2384116762918026,0,40.48284538682416,21.26427229441301,0.4414324684682147,0.2800167946231949,-0.1606308889525414,0.0416476201412039,-0.0920469398383448,0,,
2026-02-12 05:00:00,28.93000030517578,28.96999931335449,27.44499969482422,27.850000381469727,2590200,-0.0309672719810815,0.0130956934648573,-0.1285982109117055,-0.0333217321162229,0.106915761143548,30.70600023269653,30.543800048828125,26.991199989318847,1,1,-0.6988572052938444,-0.330500782092211,0,36.5880372694812,22.220989910399112,0.4492474129571315,-0.1205319166269111,-0.1866238605068667,0.0409911744596069,-0.1126096741890766,0,,
2026-02-13 05:00:00,28.21999931335449,29.14999961853028,28.07999992370605,28.36000061035156,2939100,0.0183123957592892,-0.0149357517020387,-0.1281893121864866,0.0021201899260985,0.1307815269786023,30.52100019454956,30.516200065612797,27.02159998893738,1,1,-0.7328987704030148,-0.4109803797543717,0,40.14192055240068,22.87988615529659,0.4495716595691715,0.2246670138947521,-0.1717289947393055,0.0417124352633946,-0.1171789883366655,0,,
2026-02-17 05:00:00,28.450000762939453,29.325000762939453,28.239999771118164,28.93000030517578,2543800,0.0200987194131501,-0.0051581712147114,-0.0976294739251888,0.0698964247653974,0.1461965359556001,30.37650022506714,30.47820007324219,27.056299991607663,0,1,-0.7057473284324516,-0.4699337694899878,0,43.92454892793642,23.2628938575715,0.4573776888820866,0.8612040034193439,-0.155081808206523,0.0424822580967529,-0.0852207846248707,0,,
2026-02-18 05:00:00,28.8799991607666,30.049999237060547,28.79199981689453,29.65999984741211,2978000,0.0252333057219402,0.0181943255034258,-0.067881831179384,0.1030122915819033,0.1816732827346423,30.279000186920165,30.433400077819822,27.095849990844727,0,1,-0.6181985448476901,-0.4995867245615282,0,48.420110528164976,22.72020440077639,0.4685786943269525,1.1551595593636774,-0.1337617291629692,0.0433359100520432,-0.0605883420456869,0,,
2026-02-19 05:00:00,29.520000457763672,29.90999984741211,29.13999938964844,29.8700008392334,1712900,0.0070802762272978,0.0393180611382888,-0.0550458632559579,0.111648675336833,0.2332783520255343,30.15250015258789,30.412200088500978,27.131849994659422,0,1,-0.5258089795024006,-0.5048311755497027,0,49.6701402487297,22.216278476609503,0.4696225381870998,1.2309270141704185,-0.1276285229267862,0.0437581494944195,-0.0645715520030243,0,,
2026-02-20 05:00:00,29.59000015258789,29.799999237060547,28.545000076293945,28.809999465942383,4011100,-0.0354871557920659,0.0344703436740849,-0.110802527495842,0.0729981026676382,0.1994171072811326,29.88100004196167,30.365000076293946,27.166299991607666,0,1,-0.5319903813946603,-0.5102630167186942,0,43.88838977828093,22.262637979366136,0.4721030951925138,0.8788808806005066,-0.158586505442238,0.0419022657145137,-0.1160002743619987,0,,
2026-02-23 05:00:00,28.530000686645508,29.01499938964844,28.13999938964844,28.729999542236328,2648200,-0.0027768110096851,0.0130465064852542,-0.1609229516976237,0.05392513943551,0.1827912087014671,29.68599996566773,30.32240005493164,27.20824998855591,0,1,-0.5371525519318787,-0.5156409237613311,0,43.47705830783375,22.63018486261272,0.4153014685069855,0.707801097851976,-0.1609229516976237,0.0422170021367145,-0.1528198257791785,0,,
2026-02-24 05:00:00,28.739999771118164,29.65999984741211,28.739999771118164,29.51000022888184,1933500,0.0271493455994951,0.0200483898232899,-0.0956175524702063,0.0845277920542699,0.1691759309225424,29.5375,30.2892000579834,27.2516999912262,0,1,-0.4728533139373851,-0.5070834017965419,1,48.54105342027142,22.136534581578506,0.406866066693315,0.9780729909092458,-0.1381425589286582,0.0430502573487183,-0.0931439400053464,0,,
2026-02-25 05:00:00,29.739999771118164,30.01000022888184,29.23500061035156,29.239999771118164,2096500,-0.009149456308693,-0.0141604881474937,-0.0997536889403256,0.007580954854728,0.1823696042201381,29.378500080108644,30.257000045776365,27.289249992370607,0,1,-0.4386262743737035,-0.4933919763119742,1,46.97226553222852,21.25753847509581,0.4071909678686823,0.2719611908908697,-0.1460280859300624,0.0422994335198717,-0.1002992908382416,0,,
2026-02-26 05:00:00,29.5,30.59000015258789,29.0,30.559999465942383,2642100,0.0451436287673316,0.0231000538106007,-0.0573719558314039,0.0055939479996123,0.2268165256178131,29.332500076293947,30.264200019836423,27.336399993896485,0,1,-0.3015125067595008,-0.4550160824014796,1,54.683219226592826,19.78821443054637,0.4423257771909091,0.2519122551139563,-0.1074766948635616,0.0444559127616638,-0.048907016506269,0,,
2026-02-27 05:00:00,29.8799991607666,30.280000686645508,29.549999237060547,29.979999542236328,2126500,-0.0189790554267658,0.0406109023943945,-0.0476493018364714,-0.0372511197863966,0.2127831866904717,29.26400003433228,30.26659999847412,27.375949993133545,0,1,-0.2369189504712565,-0.411396656015435,1,51.16277170164409,18.42384210346475,0.4360658365369983,-0.1863691031334762,-0.1244159441414263,0.043822615241141,-0.0345577869203529,0,,
2026-03-02 05:00:00,29.020000457763672,30.01000022888184,28.840999603271484,29.90999984741211,2921300,-0.0023348797829566,0.0410720613984363,-0.0459330308304802,-0.0307842107631322,0.2079967516528105,29.238000011444093,30.273199996948243,27.41569999694824,0,1,-0.1891955535308689,-0.3669564355185218,1,50.738218704505975,17.905795183750485,0.4359977217835241,-0.1195332645983168,-0.1264603276517297,0.0436954503967981,-0.0352856983692253,0,,
2026-03-03 05:00:00,28.75,29.584999084472656,28.030000686645508,29.06999969482422,3853400,-0.0280842580031163,-0.0149102179140949,-0.0446927570395141,-0.0679705291097537,0.175970894105961,29.16049995422363,30.272999992370604,27.45539999961853,0,1,-0.2166579122195671,-0.3368967308587309,1,45.82416080578962,18.15491200448066,0.4350168060110159,-0.5057602596766445,-0.1509930411859162,0.0428459548428959,-0.0283481936174024,0,,
2026-03-04 05:00:00,29.40999984741211,29.90999984741211,28.9950008392334,29.51000022888184,1590500,0.0151358974433,0.0092339418562639,-0.036250835399368,-0.011390289723378,0.1899194006741249,29.119999980926515,30.28340000152588,27.496900005340574,0,1,-0.2006052114699947,-0.3096384269809836,1,48.63067617082913,17.975975786575816,0.4381717619241591,0.0758798013640821,-0.1381425589286582,0.0431897498185955,-0.0217902895281049,0,,
2026-03-05 05:00:00,29.06999969482422,29.5049991607666,28.440000534057617,28.780000686645508,2196500,-0.0247373614562655,-0.0582460343718459,-0.0507915245276733,-0.0322797273658674,0.1576830241372433,29.1,30.26680000305176,27.5318000125885,0,1,-0.2439757916141651,-0.2965058999076199,1,44.51082533978655,18.292110177724123,0.4447889361169631,-0.1375754466910245,-0.1594626379722121,0.0423575156790928,-0.0393393041280329,0,,
2026-03-06 05:00:00,28.07999992370605,28.489999771118164,27.86000061035156,28.1200008392334,2583200,-0.0229325862288238,-0.0620413185925013,-0.0363262321746571,-0.0879013652669151,0.1293173200816773,29.13150005340576,30.21680000305176,27.56370001792908,0,1,-0.3278248004481519,-0.3027696800157263,0,41.11909972151162,19.04373228463018,0.4327814515467629,-0.7488406986435158,-0.1787383335054626,0.0419358065794851,-0.0165333366160659,0,,
2026-03-09 04:00:00,27.64999961853028,28.940000534057617,27.46999931335449,28.809999465942383,3048000,0.024537646021201,-0.0367770106011853,0.0480174501933263,-0.0968652097034181,0.128918454120867,29.132499980926514,30.19020000457764,27.598400011062623,0,1,-0.3347399476837722,-0.3091637335493355,0,45.7714472928598,19.14735269259882,0.3891828850039224,-0.8600916572887438,-0.158586505442238,0.0425917081283932,0.0470130754317872,1,,
2026-03-10 04:00:00,28.440000534057617,28.739999771118164,27.825000762939453,27.93000030517578,1988500,-0.0305449211065376,-0.0392156656902685,-0.0298715034040772,-0.0969932095182677,0.0961538778239876,29.075,30.145200004577635,27.634500017166136,0,1,-0.4065424610755812,-0.3286394790545847,0,41.29053041210347,19.24357164285541,0.3692567128827653,-0.8614162204085456,-0.1842874142514809,0.041357214055258,-0.0106173702386869,0,,
2026-03-11 04:00:00,27.8700008392334,28.06800079345703,27.325000762939453,27.670000076293945,1935200,-0.0093089948457198,-0.0623517498582416,-0.0484869274797581,-0.1122874556122279,0.0804373063977881,29.002000045776366,30.10520000457764,27.668750019073485,0,1,-0.4789057879904987,-0.3586927408417675,0,40.04321207826536,19.769284502703307,0.3679123158011279,-1.0378377355030968,-0.1918808785078027,0.0410237114045295,-0.0236977410952855,0,,
2026-03-12 04:00:00,27.270000457763672,27.270000457763672,26.09000015258789,26.170000076293945,3428900,-0.0542103359546107,-0.090687996806152,-0.1016134284157239,-0.1519766831269736,0.0560935977050855,28.87350006103516,30.044200019836424,27.69500001907349,0,0,-0.6498012060806424,-0.4169144338895424,0,33.71535338613053,21.14714525823217,0.4092698608753214,-1.4434773339667522,-0.2356892875752397,0.0393980597500414,-0.0664635230608269,0,,
2026-03-13 04:00:00,26.420000076293945,26.89999961853028,26.1200008392334,26.36000061035156,2924800,0.0072602420138976,-0.0625889109656876,-0.082811384123891,-0.1543150290076703,0.0064910298903153,28.79900007247925,29.991400032043455,27.719150018692016,0,0,-0.761131747952021,-0.4857578967020382,0,35.114060262346655,22.42658738836612,0.4100423159025996,-1.4723718070645524,-0.2301402068292214,0.0399099941356973,-0.0417220959952893,0,,
2026-03-16 04:00:00,26.729999542236328,27.100000381469727,26.290000915527344,26.549999237060547,2511200,0.0072078384791225,-0.0784449937791038,-0.0466786760000961,-0.1393841520660728,0.0371093297435443,28.7085000038147,29.943000030517577,27.74640001296997,0,0,-0.8245260797895391,-0.5535115333195384,0,36.55579722483598,23.307826563593277,0.3993451976355445,-1.29769029264152,-0.2245911817884757,0.0397926940079955,-0.0292375241112544,0,,
2026-03-17 04:00:00,26.690000534057617,27.31999969482422,26.65999984741211,27.200000762939453,1905000,0.0244821674032889,-0.0261367538224139,-0.0409026735700668,-0.0993377458348117,0.0489780348174608,28.62200002670288,29.903400039672853,27.77730001449585,0,0,-0.8129457214178899,-0.6053983709392087,0,41.35649075687397,23.78632598001668,0.4038402821401241,-0.8401807535685226,-0.2056074932950348,0.0406599471820544,-0.0252319979568236,0,,
2026-03-18 04:00:00,26.90999984741211,27.049999237060547,26.32999992370605,26.34000015258789,3029500,-0.0316176686113675,-0.0480664951224746,-0.0895264474685996,-0.1178834690493405,-0.0079095702639239,28.45600004196167,29.830600051879884,27.80440001487732,0,0,-0.8632124896571121,-0.6569611946827894,0,37.33156979182524,24.50035298073068,0.4084149059136355,-1.0319586629784174,-0.2307243323193859,0.0399315653489281,-0.0600413646095656,0,,
2026-03-19 04:00:00,25.920000076293945,27.165000915527344,25.75,26.700000762939453,2629000,0.0136674490609747,0.0202522233511801,-0.0997976769959735,-0.0973630550437731,0.01636849248888,28.29750003814697,29.734600067138672,27.829700021743776,0,0,-0.8640401085098617,-0.6983769774482038,0,39.96549693416219,25.60158668606123,0.3998086136268549,-0.8037110756490855,-0.2202102963175137,0.0405773243273803,-0.0636558854158155,0,,
2026-03-20 04:00:00,26.520000457763672,26.82999992370605,25.801000595092773,26.049999237060547,4625500,-0.0243446257417764,-0.0117602946173406,-0.1278875625994422,-0.1041953471318768,-0.0559884078542537,28.15950002670288,29.613800048828125,27.84935001373291,0,0,-0.9066938904901356,-0.7400403600565902,0,36.94610542686026,26.624160841011022,0.4029589452798834,-0.8736738222445752,-0.2391939848109546,0.0401652850777575,-0.0821073207659334,0,,
2026-03-23 04:00:00,26.57999992370605,27.155000686645508,26.3700008392334,26.6299991607666,4651500,0.0222648729632555,0.0030131798871912,-0.0756681827694186,-0.0814074035524056,-0.0319884064265239,28.054500007629397,29.52820003509521,27.869450006484985,0,0,-0.8835116016549378,-0.7687346083762597,0,41.21393296141652,27.0061283045716,0.3996964393769283,-0.6215655575264094,-0.2222547355330899,0.0406329136720127,-0.0302931600679849,0,,
2026-03-24 04:00:00,26.350000381469727,26.80500030517578,26.0,26.63500022888184,2558800,0.0001877982828706,-0.0207720778753593,-0.0729202696392181,-0.1004728240508603,-0.0436265757969719,27.9107500076294,29.44990005493164,27.891325006484987,0,0,-0.8548813858614146,-0.7859639638732907,0,41.250857577871,27.67711597612429,0.3998900021115411,-0.832578280457167,-0.2221086763079123,0.0407774281630555,-0.0340993888906917,0,,
2026-03-25 04:00:00,27.020000457763672,27.6299991607666,26.825000762939453,26.86000061035156,2547100,0.0084475456931192,0.0197418547741572,-0.0898000541503449,-0.1227955625678544,-0.0236277576562092,27.791750049591062,29.351100082397465,27.909225006103515,0,0,-0.8047593187166413,-0.7897230348419608,0,42.98597339741268,26.983160069740148,0.3869894730330336,-1.0991454372622478,-0.2155374038067424,0.0408940049189046,-0.0500868650411889,0,,
2026-03-26 04:00:00,26.479999542236328,27.334999084472656,26.479999542236328,26.51000022888184,2265600,-0.0130305425732132,-0.0071161246677319,-0.0933652381534176,-0.1204379307988082,-0.018148139671043,27.58925008773804,29.242100105285644,27.922825002670287,0,0,-0.7842391048746826,-0.7886262488485053,1,40.959452762871145,26.675036146166725,0.3878492422830948,-1.0738079541966543,-0.2257593770635321,0.0410950396460265,-0.028473049722506,0,,
2026-03-27 04:00:00,26.290000915527344,26.309999465942383,24.76099967956543,25.01000022888184,4214500,-0.056582421239129,-0.0399231876636346,-0.1816099258524446,-0.1713055011270925,-0.0622422138231496,27.34075012207031,29.091700134277342,27.92677500724793,0,0,-0.8788829361395329,-0.8066775863067108,0,33.63987453434706,27.68931516318341,0.3842848353874116,-1.590895305230409,-0.269567786130969,0.039442349145451,-0.1127760809476889,0,,
2026-03-30 04:00:00,25.200000762939453,25.20199966430664,24.600000381469727,24.81999969482422,2032800,-0.0075969824997524,-0.0679684387151245,-0.1721147407004665,-0.1634647916750371,-0.0776663011682953,27.08625011444092,28.946900100708007,27.929525003433227,0,0,-0.9581750637944886,-0.8369770818042664,0,32.83934988696932,28.72910281225872,0.3826602451386345,-1.5049727886159163,-0.2751168668769874,0.0392740175094232,-0.1037956704931548,0,,
2026-03-31 04:00:00,25.31999969482422,26.479999542236328,25.309999465942383,26.420000076293945,2737100,0.0644641579831839,-0.0080720912611352,-0.1166833764267012,-0.0958247536912451,-0.0311697971104263,26.953750133514404,28.8389001083374,27.943375005722046,0,0,-0.8817437936200783,-0.8459304241674289,0,44.76054223508184,28.013348026817283,0.4589591210117801,-0.7066350761600665,-0.2283878860640001,0.040624902336152,-0.0702715736481128,0,,
2026-04-01 04:00:00,26.780000686645508,27.59000015258789,26.780000686645508,27.09000015258789,2223900,0.025359578893231,0.008562901601264,-0.0681114400764462,-0.0658620637038658,-0.0244868669055305,26.832750129699708,28.748500099182127,27.96147500991821,0,0,-0.7583660824842546,-0.8284175558307941,1,48.854572652086645,26.212247597414528,0.4631324753409634,-0.4027309327843141,-0.2088201277856675,0.0413436306640838,-0.0350633842639461,0,,
2026-04-02 04:00:00,26.209999084472656,27.690000534057617,26.07999992370605,27.36000061035156,2155000,0.0099667942503822,0.03206338642516,-0.0728566452678657,-0.0555746890287552,-0.0516464385239727,26.76175012588501,28.647700080871584,27.9786750125885,0,0,-0.6315217870151102,-0.7890384020676574,1,50.448372969360776,25.11906158685533,0.4609303584774743,-0.3023384639701874,-0.2009346007842635,0.0417181280170093,-0.0340734041703691,0,,
2026-04-06 04:00:00,27.36000061035156,27.799999237060547,27.242000579833984,27.26000022888184,1185200,-0.0036549846213046,0.0899640135709265,-0.0528144691278266,-0.0657984940443398,-0.0855417404476606,26.718750095367437,28.50810005187988,27.99662501335144,0,0,-0.532922762169175,-0.737815274087961,1,49.8290297775831,23.99366736151011,0.4542516711112198,-0.4015955349666066,-0.2038551725298136,0.041370100817819,-0.0233114441544365,0,,
2026-04-07 04:00:00,27.01000022888184,27.239999771118164,26.450000762939453,27.15999984741211,1811900,-0.0036683925396222,0.0942788147203668,-0.0341394368126007,-0.0940626997292429,-0.095872203073955,26.63625011444092,28.39870002746582,28.01167501449585,0,0,-0.4575768584650284,-0.6817675909633746,1,49.17882961163573,23.579455721424395,0.4480267455838111,-0.6898710039020847,-0.206775744275364,0.0412002079039614,-0.0175410642008146,0,,
2026-04-08 04:00:00,28.540000915527344,28.89999961853028,27.540000915527344,27.809999465942383,1747800,0.0239322394028733,0.0526116345811691,-0.0347101707232638,-0.1171428740970672,-0.0845951206655454,26.63025007247925,28.305300025939943,28.03172501564026,0,0,-0.3414787950138915,-0.6137098317734779,1,53.432319277754026,22.117598840946368,0.4475920054505616,-0.956585293534346,-0.187792111487196,0.0411384433132642,-0.0341208389846247,0,,
2026-04-09 04:00:00,27.600000381469727,27.6299991607666,26.989999771118164,27.06999969482422,1674000,-0.0266091256860471,-0.0007382967017725,-0.0307912853904335,-0.1564350400091486,-0.0976666768391927,26.60025005340576,28.19830005645752,28.049175014495848,0,0,-0.3056585983249746,-0.5520995850837773,1,48.45970624602553,20.7605246622784,0.4445492196734628,-1.3788734050990656,-0.2094042532758321,0.0398140941654783,-0.0373119883684125,0,,
2026-04-10 04:00:00,27.209999084472656,27.3700008392334,26.350000381469727,26.68000030517578,1921700,-0.0144070703378325,-0.0248538117692329,-0.0357788134582023,-0.1368489020743388,-0.1696234230240302,26.625750064849854,28.102300071716307,28.061925020217892,0,0,-0.3052221152121639,-0.5027240911094546,1,46.028485734562736,19.987598770391383,0.4460815860426841,-1.1835071002815911,-0.2207944218076784,0.0392664754987593,-0.0428346399096438,0,,
2026-04-13 04:00:00,26.540000915527344,28.030000686645508,26.51000022888184,27.89999961853028,1232000,0.0457271101724021,0.0234776003035523,0.0661062108212773,-0.0867430338693928,-0.1184834137503265,26.70275001525879,28.03330005645752,28.08017501831055,0,0,-0.2040799440133156,-0.4429952616902268,1,53.83161188990684,18.700390926148888,0.4309637400416738,-0.6253822318045762,-0.1851636024867278,0.0406646270387975,0.0321479610110695,1,,
2026-04-14 04:00:00,28.299999237060547,29.549999237060547,28.26000022888184,29.299999237060547,3552300,0.0501791984828714,0.0787923196491602,0.1115325705096703,-0.0786163540874061,-0.0345964128900064,26.84025001525879,28.010700035095216,28.10387501716614,0,1,-0.0108309235729038,-0.3565623940667622,1,60.83017209714317,18.33447802411857,0.4604415038271509,-0.5347654978956157,-0.1442757651648414,0.0421910524868402,0.0571550660565645,1,,
2026-04-15 04:00:00,29.450000762939453,30.225000381469727,29.40999984741211,29.940000534057617,3186300,0.0218430482478495,0.0765911941394945,0.1276836683394342,-0.0632039614605755,-0.0112285384702068,26.977250003814696,27.9971000289917,28.13207502365112,0,1,0.1917526679693288,-0.246899381659544,1,63.55033639163497,18.41416674098812,0.4639248567783347,-0.378849527219414,-0.1255841394164828,0.0427750956219479,0.0749484720324056,1,,
2026-04-16 04:00:00,30.350000381469727,30.46999931335449,29.31999969482422,29.84000015258789,3228100,-0.0033400260416152,0.1023273176576096,0.0970587983675901,-0.0826928597495363,-0.0219600154463356,27.152250003814697,27.987500038146973,28.159525022506717,0,1,0.3403095520749843,-0.1294575949126383,1,62.81629378747955,18.637028889078167,0.4600624533443098,-0.5738969581472028,-0.1285047111620331,0.0425277218235182,0.0459364748581887,1,,
2026-04-17 04:00:00,30.600000381469727,31.28499984741211,30.520999908447266,30.790000915527344,3921300,0.0318364865308844,0.1540479971266808,0.1689445989810385,-0.0396132377842535,-0.0458630158426373,27.35675001144409,28.019700050354004,28.19262502670288,0,1,0.5286056383515074,0.0021550517401908,1,66.74595309204832,19.31940660870997,0.4491231430126152,-0.1491975730401441,-0.100759363137214,0.0433576481826196,0.0857988612205382,1,,
2026-04-20 04:00:00,30.75,31.5049991607666,30.690000534057617,31.239999771118164,1508300,0.0146150971812373,0.1197132687546549,0.1700374111779199,-0.0182275276325787,-0.0261846013712931,27.616250038146973,28.094700050354003,28.222975025177004,0,1,0.7060044107993164,0.1429249235520159,1,68.44699528200496,20.076484737508377,0.4492900348194289,0.0510335761484074,-0.0876168738401466,0.0440794687076826,0.0863079179900283,1,,
2026-04-21 04:00:00,31.40999984741211,31.86000061035156,30.64999961853028,30.709999084472656,2648100,-0.0169654510412481,0.048122862939486,0.1788867556196496,-0.0284720502531142,-0.0093548682428175,27.820250034332275,28.13310001373291,28.24957502365112,0,1,0.7946671616650534,0.2732733711746234,1,64.27663641254982,20.98043322513348,0.4433076283099852,-0.0426529734173224,-0.1030958650978725,0.0436172002315951,0.08594275248277,1,,
2026-04-22 04:00:00,31.280000686645508,31.3799991607666,30.6200008392334,30.8799991607666,1420500,0.0055356587874304,0.0313960791563683,0.1595944473877952,-0.0469136510348072,-0.0809523641927975,28.032499980926517,28.16909999847412,28.282225017547606,0,1,0.8686375034817146,0.3923461976360417,1,65.01298473631223,21.78530528761041,0.4404157959094069,-0.2196321454875435,-0.0981309098420187,0.043418959529164,0.0685662337591668,1,,
2026-04-23 04:00:00,30.690000534057617,30.790000915527344,29.07999992370605,29.799999237060547,3422200,-0.0349740917440893,-0.001340513248083,0.1188285707145111,-0.1296729621423623,-0.0875689107077011,28.179499912261964,28.1825,28.30577501296997,0,1,0.8305386320341022,0.4799846845156539,1,56.9777990104696,20.95026525638665,0.4639271404943246,-1.0782859105578075,-0.1296729621423623,0.0420636583013454,0.0315426988957374,1,,
2026-04-24 04:00:00,29.905000686645508,30.21500015258789,29.31999969482422,29.540000915527344,1890200,-0.0087247761137476,-0.0405975954151279,0.0997766286030144,-0.0946981321311484,-0.0336931236368727,28.33099994659424,28.198500022888183,28.323125019073487,1,1,0.7704836543156972,0.5380844784756627,1,55.208768286735975,20.17487094167888,0.4664830844697242,-0.7386903746844722,-0.1372663706934114,0.0413760271374508,0.0117871120596311,1,,
2026-04-27 04:00:00,29.61000061035156,30.56999969482422,29.57999992370605,29.90999984741211,2308500,0.0125253527561768,-0.0425736214292696,0.1282534737523719,-0.0791256074829139,-0.0468451036541895,28.57599992752075,28.23970001220703,28.342050018310548,1,1,0.744167177401021,0.5793010182607343,1,57.24322858905641,19.73013587699821,0.4624558948416284,-0.5746605417778208,-0.1264603276517297,0.041822224872614,0.0176952068388573,1,,
2026-04-28 04:00:00,29.540000915527344,29.920000076293945,29.21999931335449,29.57999992370605,1347200,-0.011033096803396,-0.0367958057458213,0.182726895361909,-0.0876001975829738,-0.0721455237643501,28.813999938964844,28.264099998474123,28.363625020980837,1,1,0.6887435371591124,0.60118952204041,1,54.85028133045716,18.95318562108798,0.4083360823669072,-0.661120199744611,-0.136098175418355,0.0415630398378982,0.0537668454945903,1,,
2026-04-29 04:00:00,29.290000915527344,29.415000915527344,27.934999465942383,28.530000686645508,2047900,-0.0354969317027973,-0.0761009889244684,0.1494762706461654,-0.0937102572581948,-0.0844030543531927,28.919499969482423,28.25610000610352,28.37997502326965,1,1,0.5537109050996918,0.5916937986522663,0,47.97786097840508,18.10756316974441,0.4327584398876413,-0.719470984648392,-0.1667640394834516,0.0400938756028098,0.0208753304443558,1,,
2026-04-30 04:00:00,28.709999084472656,30.165000915527344,28.61000061035156,29.8700008392334,1528000,0.0469681079683648,0.0023490471129206,0.1305829202489314,-0.0472089162433032,-0.0190476160648235,29.058500003814697,28.26030002593994,28.40767502784729,1,1,0.5485006111843695,0.5830551611586869,0,55.6200565575548,16.951870027359167,0.4069638319922258,-0.2312450630506486,-0.1276285229267862,0.041563468059221,0.0231032118010472,1,,
2026-05-01 04:00:00,30.030000686645508,30.405000686645508,29.51499938964844,30.299999237060547,1446200,0.01439566072132,0.0257277690581829,0.1184938747283841,-0.0042721349592994,0.0110110087176082,29.205499935150147,28.268899993896483,28.43477502822876,1,1,0.5724696193544823,0.580938052797846,0,57.76421646435442,16.076755987405512,0.4021948981577717,0.1726612695052864,-0.1150701591198833,0.0420453732194021,0.0169734138982615,1,,
2026-05-04 04:00:00,30.190000534057617,30.924999237060547,30.11000061035156,30.57999992370605,1890200,0.0092409469866596,0.0224005376032094,0.1176900307573902,-0.0013063655921293,0.0265189319872407,29.37149991989136,28.30430000305176,28.4652250289917,1,1,0.6070611236149865,0.5861626669612742,1,59.14828520480204,15.685371747114807,0.4021045872155471,0.2003507105882376,-0.106892569373397,0.0425899353877922,0.0208975668905231,1,,
2026-05-05 04:00:00,30.520000457763672,30.940000534057617,29.415000915527344,29.780000686645508,4670000,-0.0261608645865421,0.0067613510295911,0.0924431561483898,-0.0178099938527008,-0.0433664796182361,29.502499961853022,28.325300025939946,28.489525032043456,1,1,0.5634270510779018,0.5816155437845998,0,53.730597868230745,14.675877893836706,0.4159615349091254,0.0484029115538348,-0.1302570319272542,0.0411456676610237,-0.0054250086985185,0,,
2026-05-06 04:00:00,29.950000762939453,31.11000061035156,29.57200050354004,31.059999465942383,1815900,0.0429818250431026,0.0886785390258029,0.1435935066436267,0.0644276607643878,0.0130463020391708,29.664999961853027,28.356300010681156,28.519175033569336,1,1,0.624928155545998,0.5902780661368795,1,60.03766309131495,13.886786651091626,0.435298539012209,0.7876352626270884,-0.0928738918410826,0.0423258775773677,0.0273219415792815,1,,
2026-05-07 04:00:00,31.0,31.100000381469727,29.94499969482422,30.3799991607666,2549500,-0.0218931203112675,0.0170739306060994,0.092412791951743,0.1051291165409451,0.0298304800259865,29.830499935150147,28.37909999847412,28.54132502555847,1,1,0.6117460545819569,0.594571663825895,1,55.6942788177485,13.154059068542622,0.4414293890702573,1.1557956739465076,-0.1127337128644977,0.0415265568373714,0.0094343269421206,1,,
2026-05-08 04:00:00,30.1200008392334,30.530000686645508,29.3700008392334,30.479999542236328,6210900,0.0032916518838772,0.0059406042807954,0.125969703947359,0.0587008882586563,0.0248823058780522,30.020499897003173,28.3775,28.56097502708435,1,1,0.602423971099654,0.5961421252806468,1,56.19615197855269,12.520849970677633,0.4267145366489926,0.7567494299553481,-0.1098131411189473,0.0413220896179663,0.0378759201759149,1,,
2026-05-11 04:00:00,30.290000915527344,30.93000030517578,29.89999961853028,29.940000534057617,3296300,-0.0177165031590774,-0.0209286916692337,0.1221889127283635,0.0295736111625808,0.0557122669147387,30.12249994277954,28.376700019836427,28.58052502632141,1,1,0.5451782700425731,0.5859493542330321,0,52.723101466579166,11.723444169561514,0.4288580202388971,0.4851017081834877,-0.1255841394164828,0.0404977695501354,0.0313573865679657,1,,
2026-05-12 04:00:00,29.850000381469727,30.1299991607666,29.07999992370605,29.71999931335449,1807900,-0.0073480700326932,-0.0020148210848741,0.0652329648641079,0.0202540394639805,0.060292493232587,30.14349994659424,28.372900009155277,28.599125022888185,1,1,0.476564836850109,0.5640724507564475,0,51.33121791740592,11.5620725694545,0.4054461050290806,0.396954651390644,-0.1320094083977482,0.0402611823786016,-0.0099212679317327,0,,
2026-05-13 04:00:00,29.809999465942383,30.0,29.47100067138672,29.6299991607666,1090100,-0.0030282689995704,-0.0460399333471911,0.011262796324194,0.0309672719810816,0.0392844238124612,30.12799987792969,28.38409999847412,28.618875017166136,1,1,0.4101974358592599,0.53329744777701,0,50.74106525460613,11.412227512212274,0.3681458758808877,0.4983435541280507,-0.1346379173982161,0.0399159370858773,-0.0539241205625882,0,,
2026-05-14 04:00:00,29.8799991607666,30.14999961853028,29.165000915527344,29.18000030517578,1338000,-0.0151872719654568,-0.0394996342574138,-0.0253841087282985,0.0477558314358581,0.0128427922975422,30.094999885559083,28.3775,28.64167501449585,1,1,0.3176282251114983,0.4901636032439077,0,47.78299158527184,11.558700478180556,0.3637838819868975,0.6574233983407926,-0.1477804066952835,0.0390018324334188,-0.0882116833093175,0,,
2026-05-15 04:00:00,28.71999931335449,28.90999984741211,28.049999237060547,28.14999961853028,2695400,-0.0352981725796215,-0.0764435681987907,-0.0566354063477123,-0.007404830299779,-0.0053003400202865,29.96299982070923,28.36489997863769,28.659925012588506,1,0,0.1593174983817142,0.423994382271469,0,41.77926399729068,12.607749210322938,0.3827520737887928,0.1309718567202767,-0.1778622009754883,0.0380832559077981,-0.1045075006407285,0,,
2026-05-18 04:00:00,28.420000076293945,29.01000022888184,27.84000015258789,28.11000061035156,1915200,-0.0014209239332417,-0.0611222408504762,-0.0870412544815568,-0.0283442684470873,0.039570993291268,29.806499862670897,28.36469997406006,28.681375017166136,1,0,0.0302784896260988,0.345251203742395,0,41.56087601955335,13.735109284197788,0.361935658534592,-0.0776281085370344,-0.179030396250545,0.0380559123823896,-0.1222791369564011,0,,
2026-05-19 04:00:00,27.96999931335449,28.38500022888184,27.51000022888184,28.1200008392334,2796700,0.0003557534210141,-0.0538357507095278,-0.099871925567978,-0.0519217470027424,0.0457419664374725,29.67699995040893,28.35090000152588,28.704175024032597,1,0,-0.070367763814378,0.2621274102310404,0,41.643006856655376,15.02192260091074,0.3559765856836968,-0.3220371715230261,-0.1787383335054626,0.0383247265176062,-0.1305538010959154,0,,
2026-05-20 04:00:00,28.3799991607666,29.63999938964844,28.18000030517578,29.540000915527344,2305400,0.0504978674934013,-0.0030374028953205,-0.0380982808148918,-0.0110478712565889,0.0993673238891539,29.61000003814697,28.38310001373291,28.73107502937317,1,1,-0.0351433948817359,0.2026732492084851,0,51.9661717425436,14.699983650978591,0.4007294993371657,0.1004089365223091,-0.1372663706934114,0.0398516032587215,-0.0863328446777726,0,,
2026-05-21 04:00:00,29.26000022888184,30.6200008392334,29.0,30.530000686645508,1969100,0.0335138706985544,0.0462645773595236,-0.0113341477860455,0.0597015360148276,0.137057737537892,29.64650011062622,28.44030002593994,28.765300035476685,1,1,0.0718288804097539,0.1765043754487389,0,57.59786614157255,13.841189250568572,0.4182955977349289,0.7588136897684009,-0.1083528273935358,0.0411056682072828,-0.0532783684124748,0,,
2026-05-22 04:00:00,30.670000076293945,31.229999542236328,30.51000022888184,30.670000076293945,2056300,0.0045856333606202,0.0895204437624515,0.0291946597821193,0.067525254610798,0.1250917028166136,29.70300006866455,28.53030002593994,28.803200035095216,1,1,0.1659885473433036,0.1744012098276519,0,58.3416885757836,13.558757227060422,0.3988723694755808,0.8290955776435779,-0.104264060372929,0.041132449270114,-0.0221380894776237,0,0.486362,
