Date,open,high,low,close,volume,ret_1d,ret_5d,ret_21d,ret_63d,ret_126d,sma20,sma50,sma200,trend_sma,above_sma200,macd,macd_signal,macd_bullish,rsi,adx,vol_21,sharpe_63,drawdown,rs_ratio,rs_mom_21,rs_positive,score,score_pct
2024-05-23 04:00:00,84.1985542397474,84.20773315429688,84.1985542397474,84.20773315429688,5210000,,,,,,,,,0,0,0.0,0.0,0,,0.0,,,0.0,0.1639993357576357,,0,,
2024-05-24 04:00:00,84.20771651645747,84.21688842773438,84.20771651645747,84.21688842773438,4187400,0.0001087224782636,,,,,,,,0,0,0.0007303352030021,0.0001460670406004,1,99.99999890773334,7.142857142857142,,,0.0,0.1629390781145676,,0,,
2024-05-28 04:00:00,84.20773315429688,84.21690506738598,84.20773315429688,84.20773315429688,4940900,-0.0001087106589714,,,,,,,,0,0,0.0005638770370808,0.0002296290398965,1,92.85714285714286,13.77551020408163,,,-0.0001087106589714,0.1628076067853716,,0,,
2024-05-29 04:00:00,84.2169029338276,84.22608184814453,84.2169029338276,84.22608184814453,4961200,0.0002178979668534,,,,,,,,0,0,0.0018907486153096,0.0005618529549791,1,93.81124290871584,19.934402332361515,,,0.0,0.1639914637599884,,0,,
2024-05-30 04:00:00,84.23524400010727,84.24442291259766,84.23524400010727,84.24442291259766,5711700,0.0002177599153454,,,,,,,,0,0,0.0043718782285253,0.0013238580096883,1,94.58924989608052,25.653373594335694,,,0.0,0.16512252918513,,0,,
2024-05-31 04:00:00,84.26277160644531,84.2719505187037,84.26277160644531,84.26277160644531,12454800,0.000217803068895,0.0006536032984949,,,,,,,0,0,0.0077296746913759,0.0026050213460259,1,95.23466457255084,30.963846909026003,,,0.0,0.1636677749662602,,0,,
2024-06-03 04:00:00,84.29505108551375,84.29505108551375,84.27661895751953,84.27661895751953,15275200,0.0001643353382545,0.0007092464575726,,,,,,,0,0,0.0113769714394891,0.0043594113647185,1,95.65581381390822,35.89500070123843,,,0.0,0.1635613037966496,,0,,
2024-06-04 04:00:00,84.29505157470703,84.30427115499725,84.28583902689606,84.29505157470703,8302300,0.0002187156700814,0.0010369406364396,,,,,,,0,0,0.0155752962293007,0.0066025883376349,1,96.14429848224464,40.47392922257855,,,0.0,0.1634144221032631,,0,,
2024-06-05 04:00:00,84.3134874632332,84.3134874632332,84.30426788330078,84.30426788330078,8099300,0.0001093339219988,0.0009282876923708,,,,,,,0,0,0.0194222898843037,0.0091665286469687,1,96.36442401538211,44.72579142096579,,,0.0,0.1615126834313524,,0,,
2024-06-06 04:00:00,84.32268851101165,84.32268851101165,84.31346893310547,84.31346893310547,4720800,0.0001091409727609,0.000819591589813,,,,,,,0,0,0.02294896649434,0.011923016216443,1,96.57467309218644,48.67394917661109,,,0.0,0.1615333332553765,,0,,
2024-06-07 04:00:00,84.35037231445312,84.359584863388,84.35037231445312,84.35037231445312,5032600,0.0004376925989955,0.0010396134180934,,,,,,,0,0,0.0283943650114935,0.0152172859754531,1,97.25927713251916,52.34009566399601,,,0.0,0.1618007106604927,,0,,
2024-06-10 04:00:00,84.35957009305082,84.36878967285156,84.35957009305082,84.36878967285156,4087500,0.0002183435341551,0.0010936688784168,,,,,,,0,0,0.0338063113571536,0.0189350910517932,1,97.52512686897607,55.74437454513915,,,0.0,0.1613375392650174,,0,,
2024-06-11 04:00:00,84.38722556088862,84.38722556088862,84.37800598144531,84.37800598144531,4831700,0.0001092383644412,0.0009840958062024,,,,,,,0,0,0.0383963872553039,0.0228273502924953,1,97.64807150256264,58.90549064905778,,,0.0,0.1609675371575035,,0,,
2024-06-12 04:00:00,84.3964614868164,84.3964614868164,84.38724893729969,84.3964614868164,6373600,0.0002187241231459,0.001093581687267,,,,,,,0,0,0.043027268945778,0.0268673340231518,1,97.87565241346488,61.84081274555366,,,0.0,0.1596911511515534,,0,,
2024-06-13 04:00:00,84.41489737704987,84.41489737704987,84.40567779541016,84.40567779541016,5132600,0.0001092025474929,0.0010936433226089,,,,,,,0,0,0.0469003174635105,0.0308739307112236,1,97.980732706981,64.56646897801411,,,0.0,0.1593877127278494,,0,,
2024-06-14 04:00:00,84.43331254940847,84.45175170898438,84.43331254940847,84.45175170898438,5226500,0.0005458627284042,0.0012018843752499,,,,,,,0,0,0.0530756925421371,0.0353142830774063,1,98.40538565617572,67.09743547958453,,,0.0,0.1593777453824014,,0,,
2024-06-17 04:00:00,84.46097564697266,84.46097564697266,84.45176309842113,84.46097564697266,5347500,0.0001092213933,0.0010926549317413,,,,,,,0,0,0.0580449108900893,0.0398604086399429,1,98.47455030538936,69.4476186596142,,,0.0,0.1581365628355795,,0,,
2024-06-18 04:00:00,84.47016579815737,84.47938537597656,84.47016579815737,84.47938537597656,6273200,0.0002179672785318,0.0012014907599682,,,,,,,0,0,0.062745275033194,0.0444373819185931,1,98.60463660019752,71.62993161249891,,,0.0,0.1577701658723123,,0,,
2024-06-20 04:00:00,84.48860544776838,84.49781799316406,84.48860544776838,84.49781799316406,5238800,0.0002181907113252,0.0012009568240427,,,,,,,0,0,0.0671832588522107,0.0489865573053166,1,98.7221377176304,73.65636506874898,,,0.0,0.1582344205509993,,0,,
2024-06-21 04:00:00,84.52549743652344,84.5347170174225,84.52549743652344,84.52549743652344,5343800,0.0003275758358827,0.0014195684963718,,,,84.3434886932373,,,0,0,0.0721027372820799,0.0536097933006693,1,98.8752983136042,75.53805327812405,,,0.0,0.1584987545482679,,0,,
2024-06-24 04:00:00,84.54391479492188,84.54391479492188,84.5346952164005,84.54391479492188,5280400,0.0002178911565977,0.0010913105302432,,,,84.36029777526855,,,0,0,0.0766045368668102,0.0582087420138975,1,98.96425347493135,77.28533518682947,,,0.0,0.1590503397180016,,0,,
2024-06-25 04:00:00,84.55313437344326,84.56234691948676,84.54391479492188,84.54391479492188,3518000,0.0,0.0009819818835137,0.0039922894018415,,,84.37664909362793,,,0,0,0.0792586016483767,0.0624187139407933,1,98.96425347493135,78.90781124491308,0.0021860164074687,,0.0,0.1584401922281958,-0.0338973539359658,0,,
2024-06-26 04:00:00,84.55313873291016,84.56235127942864,84.55313873291016,84.55313873291016,4098100,0.0001091023287798,0.0008730337774753,0.003992670727372,,,84.3939193725586,,,0,0,0.0811705779219096,0.0661690867370166,1,99.00974587676,80.41439615599072,0.0021858393761644,,0.0,0.1582599459777975,-0.0287170652425078,0,,
2024-06-27 04:00:00,84.57157135009766,84.580790929148,84.57157135009766,84.57157135009766,4487200,0.0002180003896214,0.0008728433311682,0.004320721888263,,,84.41119384765625,,,0,0,0.0832139524084709,0.0695780598713074,1,99.09526479235612,81.81336785913423,0.0018977096465083,,0.0,0.158045302642098,-0.0292511157021779,0,,
2024-06-28 04:00:00,84.59922790527344,84.60844748485238,84.59922790527344,84.59922790527344,10410800,0.0003270195259976,0.0008722867180446,0.0044302910564173,,,84.42893409729004,,,0,0,0.0860728006110207,0.0728770080192501,1,99.20605507429391,83.11241301205321,0.0019438989488347,,0.0,0.1587215544540555,-0.0321352659772936,0,,
2024-07-01 04:00:00,84.62886047363281,84.62886047363281,84.61960840907952,84.62886047363281,11882700,0.0003502699621864,0.0010047521328648,0.0045633591844294,,,84.44723854064941,,,0,0,0.0896956039367324,0.0762407272027466,1,99.30434915932446,84.31866922547798,0.0020033956069943,,0.0,0.1584510752214477,-0.0404030509743612,0,,
2024-07-02 04:00:00,84.63810729980469,84.63810729980469,84.62884817395239,84.63810729980469,8228100,0.0001092632716561,0.0011141251870261,0.0044543478241185,,,84.46531295776367,,,0,0,0.0922494490410912,0.0794424715704155,1,99.33213562851796,85.43876428080098,0.0020377265044178,,0.0,0.15740906595181,-0.0382403256581227,0,,
2024-07-03 04:00:00,84.6658706665039,84.6658706665039,84.65661154141146,84.6658706665039,4240100,0.0003280244275887,0.0013332672835464,0.0046187390263079,,,84.48385391235351,,,0,0,0.0954137905656296,0.0826367353694583,1,99.40852649947064,86.47885254645806,0.0020684778566976,,0.0,0.1567611149797591,-0.0415757802062095,0,,
2024-07-05 04:00:00,84.7028931575362,84.7028931575362,84.69363403320312,84.69363403320312,4316500,0.0003279168628476,0.0014433063162579,0.0047284206018054,,,84.50332221984863,,,0,0,0.0990203803792155,0.0859134643714097,1,99.47339353564304,87.44464879313962,0.0021022928740123,,0.0,0.1559134493138774,-0.0459015348391081,0,,
2024-07-08 04:00:00,84.70292959238724,84.72144078637345,84.70292959238724,84.71218872070312,4748100,0.0002190800726855,0.0013352464109503,0.0048386736240568,,,84.52325820922852,,,0,0,0.1021977647872489,0.0891703244545776,1,99.51191891624164,88.34145959362965,0.0020603892190196,,0.0,0.1557678775247721,-0.0355687602021793,0,,
2024-07-09 04:00:00,84.72144078637345,84.73069991468932,84.71218872070312,84.71218872070312,4311500,0.0,0.0009846315619039,0.0047290165218323,,,84.54134902954101,,,0,0,0.1035225216335646,0.092040763890375,1,99.51191891624164,89.17421247979895,0.0021726141249189,,0.0,0.155616543566313,-0.0366289085343725,0,,
2024-07-10 04:00:00,84.73993386921761,84.73993386921761,84.7214156180871,84.73067474365234,4653500,0.0002182215242976,0.0010936851827245,0.0045086040377091,,,84.55944328308105,,,0,0,0.1048553612027376,0.0946036833528475,1,99.54996146972704,89.94748301695617,0.0020298376853751,,0.0,0.1541253674449722,-0.0474370179475032,0,,
2024-07-11 04:00:00,84.73994445800781,84.74920358473005,84.73994445800781,84.73994445800781,5960300,0.0001094021071295,0.0008748955266246,0.0043991953256108,,,84.57754020690918,,,0,0,0.1054441402302757,0.0967717747283332,1,99.568138772677,90.66551994431644,0.0020618933660946,,0.0,0.1554828978574978,-0.0362881536075904,0,,
2024-07-12 04:00:00,84.7769546508789,84.78620671285583,84.7769546508789,84.7769546508789,5872000,0.0004367502611408,0.0009837884349503,0.0047281120807871,,,84.5965648651123,,,0,0,0.1076561717745505,0.0989486541375766,1,99.63204135878313,91.3322685197224,0.0021713471480082,,0.0,0.1545758113171809,-0.0397081669583379,0,,
2024-07-15 04:00:00,84.78621969476342,84.79547882080078,84.78621969476342,84.79547882080078,6130500,0.000218504781142,0.0009832127035729,0.0047278917499011,,,84.61605491638184,,,0,0,0.1096401055221036,0.1010869444144821,1,99.65922131387552,91.9513921968851,0.0021713548256572,,0.0,0.1541855751623106,-0.0344763999103356,0,,
2024-07-16 04:00:00,84.80473794683813,84.80473794683813,84.79547882080078,84.79547882080078,5457000,0.0,0.0009832127035729,0.0046181848848541,,,84.63324127197265,,,0,0,0.1099450096773466,0.102858557467055,1,99.65922131387552,92.52629275425043,0.0022749858253344,,0.0,0.1532766322301808,-0.0383409761836728,0,,
2024-07-17 04:00:00,84.81399012486439,84.8232421875,84.80473099958554,84.8232421875,7883400,0.0003274156486325,0.0010924903422251,0.0043988487035266,,,84.65135459899902,,,0,0,0.1111457016191224,0.1045159862974685,1,99.69799733503062,93.0601289860897,0.0019877834303154,,0.0,0.1555071939801587,-0.0242853943814795,0,,
2024-07-18 04:00:00,84.82325277542087,84.83251190185547,84.81400071163038,84.83251190185547,5746000,0.0001092827168169,0.001092370834554,0.0043989102900698,,,84.66901092529297,,,0,0,0.1115592613896723,0.1059246413159092,1,99.70986774553128,93.55583405851186,0.0019877446409612,,0.0,0.1567286183878543,-0.0089033454533161,0,,
2024-07-19 04:00:00,84.86954965468492,84.86954965468492,84.86029052734375,84.86029052734375,4604900,0.0003274525870509,0.0009830015339431,0.0045088532506714,,,84.68713455200195,,,0,0,0.1128279035691974,0.1073052937665669,1,99.7425276322349,94.01613162576102,0.0020296794506596,,0.0,0.1578280308556501,0.0003667675889029,1,,
2024-07-22 04:00:00,84.86952505503011,84.8787841796875,84.86952505503011,84.8787841796875,6777700,0.0002179305801197,0.0009824268940419,0.0045085920035741,,,84.70479888916016,,,0,0,0.1140113430299294,0.1086465036192394,1,99.7617557883257,94.44355079534952,0.0020296732957592,,0.0,0.1562514676798086,-0.0125317416039171,0,,
2024-07-23 04:00:00,84.8787841796875,84.89729536635953,84.8787841796875,84.8787841796875,8687900,0.0,0.0009824268940419,0.0041796470163262,,,84.72154235839844,,,0,0,0.1136392646241688,0.1096450558202253,1,99.7617557883257,94.84044002425313,0.0021146377360158,,0.0,0.156496954077141,-0.0126297552105832,0,,
2024-07-24 04:00:00,84.90655517578125,84.90655517578125,84.89729605104918,84.90655517578125,5548000,0.0003271841881589,0.0009821952820088,0.004289372945871,,,84.7396743774414,,,0,0,0.1142680659647652,0.1105696578491333,1,99.78917568673224,95.20898002252076,0.0021605652090396,,0.0,0.1601781926245737,0.0070911694283188,1,,
2024-07-25 04:00:00,84.90655517578125,84.91581430051332,84.90655517578125,84.90655517578125,5926500,0.0,0.000872817181359,0.004289372945871,,,84.75734519958496,,,0,0,0.1134585164057995,0.1111474295604665,1,99.78917568673224,95.55119573519784,0.0021605652090396,,0.0,0.1610171551435567,0.0162645783189245,1,,
2024-07-26 04:00:00,84.95285034179688,84.95285034179688,84.93433915199738,84.95285034179688,4299300,0.0005452484312875,0.0010907317648565,0.0047273420582214,,,84.77640914916992,,,0,0,0.1152243410613635,0.1119628118606459,1,99.82754852707596,95.868967468398,0.0024309211620568,,0.0,0.1593206046334659,0.0067020031449853,1,,
2024-07-29 04:00:00,84.9621094680186,84.9621094680186,84.95285034179688,84.95285034179688,4097400,0.0,0.0008726110161119,0.0045083588446153,,,84.7940902709961,,,0,0,0.1152947240130117,0.1126291942911191,1,99.82754852707596,96.16404122065528,0.0025526495088236,,0.0,0.1592270142447385,0.0074770434988282,1,,
2024-07-30 04:00:00,84.971363923076,84.971363923076,84.96210479736328,84.96210479736328,6748000,0.0001089363750501,0.0009816424502429,0.0042893641121188,,,84.81075248718261,,,0,0,0.1147742145301435,0.113058198338924,1,99.83453092641209,96.43803827632276,0.0025430142751167,,0.0,0.1600552924797812,0.0084030050632586,1,,
2024-07-31 04:00:00,84.97136984092758,84.98062896728516,84.97136984092758,84.98062896728516,12395000,0.0002180286136514,0.0008724154613333,0.0041566020348571,,,84.82787857055663,,,0,0,0.1145361512592018,0.1133537889229795,1,99.84781361923064,96.69246411372828,0.0024877376011156,,0.0,0.1575295924651323,-0.0058155664455266,0,,
2024-08-01 04:00:00,84.9918058732592,85.0010986328125,84.9918058732592,85.0010986328125,18244900,0.000240874488411,0.0011135000923723,0.0042887458685958,,,84.84463996887207,,,0,0,0.1146772869578427,0.1136184885299522,1,99.86108385642916,96.9287166770334,0.0024706011255194,,0.0,0.1598308888389525,0.0153855362300665,1,,
2024-08-02 04:00:00,85.03826942399378,85.04756927490234,85.02896957308523,85.04756927490234,14492000,0.0005467063701209,0.0011149588592305,0.0045082936653653,,,84.86233673095703,,,0,0,0.1171880594587264,0.114332402715707,1,99.88549462161753,97.1480940572453,0.0027133349371613,,0.0,0.1629521951170452,0.0394937235428924,1,,
2024-08-05 04:00:00,85.04756927490234,85.05686912581089,85.04756927490234,85.04756927490234,21054200,0.0,0.0011149588592305,0.0041790064358375,,,84.879105758667,84.61204635620118,,1,0,0.1178197124499149,0.1150298646625486,1,99.88549462161753,97.35180162458492,0.0027772521873793,,0.0,0.1678403270949771,0.0764967860924499,1,,
2024-08-06 04:00:00,85.05686172358841,85.06615447998047,85.05686172358841,85.06615447998047,9774300,0.0002185271752805,0.001224659898261,0.0041784513494789,,,84.89680404663086,84.62921478271484,,1,0,0.1184545029483956,0.115714792319718,1,99.89412408706372,97.54095865140027,0.0027772015247954,,0.0,0.1663433676716242,0.067892625327518,1,,
2024-08-07 04:00:00,85.07547797934687,85.08477783203125,85.06617812666248,85.08477783203125,14277100,0.0002189278704864,0.0012255600601189,0.0043982939994213,,,84.91450920104981,84.64657257080079,,1,0,0.1190875605914385,0.1163893459740621,1,99.90208702673505,97.71660446201456,0.0026818582756199,,0.0,0.1674993598749812,0.0763595954282625,1,,
2024-08-08 04:00:00,85.08476241848943,85.09405517578125,85.08476241848943,85.09405517578125,6946000,0.000109036469112,0.0010935922530872,0.0042886526423671,,,84.93221473693848,84.66429901123047,,1,0,0.1189664957323799,0.1169047759257257,1,99.90588444255305,97.87970414329924,0.0027037195167321,,0.0,0.1637325661841724,0.0623336631630757,1,,
2024-08-09 04:00:00,85.11264038085938,85.12194023027503,85.11264038085938,85.11264038085938,7714500,0.0002184077964051,0.000765114235619,0.0043981138438937,,,84.9489990234375,84.68203018188477,,1,0,0.1189984812680364,0.1173235169941878,1,99.913151191763,98.03115384734927,0.0026820378421576,,0.0,0.1630493193950146,0.0486640115522645,1,,
2024-08-12 04:00:00,85.1219637251927,85.14055633544922,85.1219637251927,85.14055633544922,6167100,0.0003279883512592,0.0010933535354351,0.004288921276633,,,84.96625289916992,84.6999528503418,,1,0,0.1198943468684774,0.1178376829690458,1,99.92279392271274,98.17178571539576,0.0025905765486186,,0.0,0.163017177104673,0.0546098753457025,1,,
2024-08-13 04:00:00,85.14054145823621,85.14984130859375,85.14054145823621,85.14984130859375,7486700,0.0001090546449795,0.0009837852566025,0.0041790257301552,,,84.98397102355958,84.71769424438476,,1,0,0.1199706001468001,0.1182642664045966,1,99.92574692302703,98.30237245001037,0.0026104341857969,,0.0,0.160397136962354,0.0402862705768978,1,,
2024-08-14 04:00:00,85.14986404018545,85.16845665215662,85.14986404018545,85.1591567993164,5103800,0.0001094011518929,0.0008741747840252,0.0042888840722767,,,85.00076675415039,84.73534500122071,,1,0,0.1194062724863584,0.118492667620949,1,99.9286937157006,98.4236315607239,0.0025318797432946,,0.0,0.159910175656799,0.0432782435919931,1,,
2024-08-15 04:00:00,85.16844177246094,85.17774162367638,85.15914192124549,85.16844177246094,6865000,0.0001090308252629,0.0008741691358582,0.0040696344074879,,,85.01756324768067,84.75281280517578,,1,0,0.1183440618067948,0.1184629464581182,0,99.9316071512662,98.53622930638647,0.0025104945040344,,0.0,0.1572326230821002,0.0110954937696428,1,,
2024-08-16 04:00:00,85.19631271681708,85.21491241455078,85.19631271681708,85.21491241455078,8828900,0.0005456321745793,0.001201608048273,0.0045077117737326,,,85.03529434204101,84.77102569580079,,1,0,0.1198702549532839,0.1187444081571513,1,99.94395047809078,98.64078435593032,0.0027680525172057,,0.0,0.1569664986029795,0.0015177841645772,1,,
2024-08-19 04:00:00,85.22421226341764,85.22421226341764,85.21491241455078,85.21491241455078,5960000,0.0,0.0008733332538797,0.004178890798079,,,85.05210075378417,84.7890545654297,,1,0,0.1196999475329647,0.118935516032314,1,99.94395047809078,98.73787118764956,0.0028309618266957,,0.0,0.1554798801517647,-0.0148779066123752,0,,
2024-08-20 04:00:00,85.22422775096312,85.2335205078125,85.22422775096312,85.2335205078125,5868900,0.0002183666301409,0.000982728774743,0.0041793285749007,,,85.06983757019043,84.80671752929688,,1,0,0.1196868201272849,0.1190857768513082,1,99.94828490265384,98.8280232456746,0.0028309997163738,,0.0,0.1557671095066652,-0.0030998631906351,0,,
2024-08-21 04:00:00,85.25212860107422,85.25212860107422,85.24282874960186,85.25212860107422,4315700,0.000218318956566,0.0010917416899383,0.0043985599581204,,,85.08711624145508,84.82438430786132,,1,0,0.1197969890567947,0.1192280192924055,1,99.95226066642402,98.91173587098356,0.0027374614613962,,0.0,0.155267531379302,-0.0078558889857562,0,,
2024-08-22 04:00:00,85.25212860107422,85.26142135883836,85.25212860107422,85.25212860107422,5644000,0.0,0.0009826037305797,0.0040700441158816,,,85.10439491271973,84.84186676025391,,1,0,0.1185180958926537,0.1190860346124551,0,99.95226066642402,98.98946902305616,0.0027935853101052,,0.0,0.1564958007541041,-0.0229893458662029,0,,
2024-08-23 04:00:00,85.28931427001953,85.29860702705986,85.28931427001953,85.28931427001953,6458000,0.0004361846390876,0.0008731083957089,0.004508004045693,0.0128442017758729,,85.12121810913087,84.85972381591797,,1,0,0.119131858646952,0.1190951994193545,1,99.95948026305808,99.06164980712356,0.0028214908115843,21.49709207016956,0.0,0.1549179928488819,-0.037878959476318,0,,
2024-08-26 04:00:00,85.2986068725586,85.30790672328973,85.2986068725586,85.2986068725586,6712300,0.0001089538896941,0.000982157413959,0.0040699815176372,0.0128444361341184,,85.13850593566895,84.87758239746094,,1,0,0.1189963891140166,0.1190754373582869,0,99.9610648808806,99.12867482090046,0.0025701244298066,21.49781793149461,0.0,0.1553051021683868,-0.0252039117872868,0,,
2024-08-27 04:00:00,85.31720733642578,85.31720733642578,85.30790748561154,85.31720733642578,6549600,0.0002180629268069,0.0009818534787098,0.004288931956526,0.0131754429263162,,85.15626106262206,84.89489151000977,,1,0,0.1190179654965675,0.1190639429859431,0,99.96409194035104,99.19091233369328,0.0024724749613328,22.87377973175235,0.0,0.15512594798214,-0.0257560959869219,0,,
2024-08-28 04:00:00,85.32649993896484,85.32649993896484,85.31720718187513,85.32649993896484,6373600,0.0001089182690008,0.0008723692781753,0.0042889137748016,0.0130650514267576,,85.17355461120606,84.91220199584961,,1,0,0.1184198302096888,0.1189351204306922,0,99.96553363472069,99.24870430985804,0.0024724837180254,22.600378283456983,0.0,0.1560487459579663,-0.0250322651612475,0,,
2024-08-29 04:00:00,85.33579978976225,85.34509964055964,85.32649993896484,85.32649993896484,4766800,0.0,0.0008723692781753,0.0040699977851756,0.0128444944953782,,85.18982467651367,84.92914428710938,,1,0,0.1166016919626002,0.1184684347370738,0,99.96553363472069,99.30236828772532,0.0025701360701497,21.87398724912275,0.0,0.1560347773803213,-0.009489106531789,0,,
2024-08-30 04:00:00,85.3822856899593,85.3822856899593,85.37298583984375,85.37298583984375,12422200,0.0005448002778991,0.0009810322728041,0.00437508706373,0.013175619698148,,85.20609550476074,84.94664764404297,,1,0,0.1175567074577657,0.1182860892812122,0,99.97204526702708,99.35219912431636,0.0028420576702677,21.52863551089983,0.0,0.1546435599778883,-0.0324551086385501,0,,
2024-09-03 04:00:00,85.39728370589964,85.40662384033203,85.38795069590236,85.40662384033203,18003300,0.0003940122294818,0.0012663391787255,0.0042218086712049,0.0134082844897003,,85.22404823303222,84.96427017211914,,1,0,0.1196486346515399,0.1185585983552777,1,99.97563278353532,99.39847061543664,0.0026558358455501,21.66983533839768,0.0,0.1579550830518731,-0.0306661230404586,0,,
2024-09-04 04:00:00,85.41595458984375,85.41595458984375,85.40661445643758,85.41595458984375,6427400,0.0001092508881883,0.0011574130998988,0.0043315207957403,0.0132973762302441,,85.2415382385254,84.98171096801758,,1,0,0.1206684250390424,0.1189805636920307,1,99.97653244166284,99.44143700004832,0.0025776505743642,21.418454443045658,0.0,0.158296299253987,-0.056863734754219,0,,
2024-09-05 04:00:00,85.42528533935547,85.43461834730208,85.41594520697531,85.42528533935547,7293000,0.0001092389537356,0.0011577341208333,0.0042217831706441,0.0132972800096724,,85.2585636138916,84.99933837890624,,1,0,0.1208366006593593,0.1193517710854964,1,99.97742985122262,99.48133435718772,0.0025985955873647,21.418164109107085,0.0,0.1586996268153237,-0.045951581738984,0,,
2024-09-06 04:00:00,85.47199249267578,85.47199249267578,85.46265235802919,85.47199249267578,7105200,0.0005467602845548,0.0017051274084254,0.0045509275631998,0.0137406700759694,,85.27746047973633,85.01771545410156,,1,0,0.1233172336676631,0.1201448636019297,1,99.98128737823892,99.51838190310288,0.0028624138954721,21.42099972380547,0.0,0.161504526457657,-0.0357901870299602,0,,
2024-09-09 04:00:00,85.48133262732237,85.48133262732237,85.47199249267578,85.47199249267578,5391800,0.0,0.0011596953281891,0.0044414068187703,0.0132971574095881,,85.29542808532715,85.03572387695313,,1,0,0.1238554249571706,0.1208869758729779,1,99.98128737823892,99.5527831957384,0.0029378045452119,20.76632576057749,0.0,0.159716292275475,-0.0245294751209095,0,,
2024-09-10 04:00:00,85.48131922867445,85.49999237060547,85.48131922867445,85.49999237060547,4815300,0.0003275912625073,0.0010932235238334,0.004551051265861,0.013407833656738,,85.31339988708496,85.05373916625976,,1,0,0.1250992354609224,0.1217294277905668,1,99.983274791571,99.58472725318563,0.0029654592721317,20.84904416716336,0.0,0.1590757142516468,-0.0243705717884112,0,,
2024-09-11 04:00:00,85.49999237060547,85.50933250378806,85.49999237060547,85.49999237060547,7429500,0.0,0.0009838651475038,0.0042216782533119,0.0132971427341725,,85.33090744018554,85.07116180419922,,1,0,0.1246480985568894,0.1223131619438313,1,99.983274791571,99.6143895922438,0.0030267867111841,20.462276457361103,0.0,0.1574603724941153,-0.0340872336845194,0,,
2024-09-12 04:00:00,85.50933837890625,85.51867851273057,85.50933837890625,85.50933837890625,5170200,0.0001093100483595,0.0009839363043022,0.0042219347069554,0.0131862980092321,,85.34841651916504,85.08858642578124,,1,0,0.1236197030856232,0.1225744701721897,1,99.98393528131108,99.64193319279782,0.003026689458303,20.232439947921627,0.0,0.1561621856965498,-0.0264029105880996,0,,
2024-09-13 04:00:00,85.54669776835495,85.55603790283203,85.54669776835495,85.55603790283203,8183500,0.0005461336131364,0.000983309359068,0.0046604630486291,0.0136289422402391,,85.3677963256836,85.10638977050782,,1,0,0.1251305267408611,0.123085681485924,1,99.98675078263778,99.66750939331226,0.0032319223771639,20.29223605345336,0.0,0.1554356366783937,-0.0279815775326806,0,,
2024-09-16 04:00:00,85.56537452577308,85.57471466064453,85.56537452577308,85.57471466064453,6037400,0.0002182985359107,0.0012018225499721,0.004770228029638,0.0132970948374147,,85.38578643798829,85.12401138305664,,1,0,0.1263781153931944,0.1237441682673781,1,99.98768069602536,99.69125872236138,0.0032060924575914,20.46124890972218,0.0,0.1552403105744868,-0.0126711141018942,0,,
2024-09-17 04:00:00,85.59336265332196,85.59336265332196,85.58402252197266,85.58402252197266,9658200,0.0001087688269254,0.0009828088756189,0.0043315201173503,0.0132966363033038,,85.40424194335938,85.14144805908204,,1,0,0.1266578719031912,0.1243269089945407,1,99.98812790721136,99.71331167076414,0.0030095945341735,20.45997981910798,0.0,0.1551937713249008,-0.0112936664438345,0,,
2024-09-18 04:00:00,85.5933739010367,85.61204704175637,85.5933739010367,85.60270690917969,7621200,0.0002183163008286,0.0012013397396457,0.004550782059628,0.0132969898893531,,85.42270126342774,85.15925842285156,,1,0,0.1269241522291935,0.1248463576414713,1,99.98899179370476,99.73378940856672,0.002914974014129,20.46048363429724,0.0,0.1556894026307624,0.001347585802055,1,,
2024-09-19 04:00:00,85.61205879192265,85.62139892578125,85.61205879192265,85.62139892578125,8001100,0.0002183577748469,0.0013105065364724,0.0045507731659775,0.0132971591373884,,85.44116477966308,85.17707290649415,,1,0,0.1271774483704604,0.1253125757872691,1,99.98979205139992,99.75280445081194,0.0029149739333385,20.460724523271843,0.0,0.1531106437044886,-0.0170540867747368,0,,
2024-09-20 04:00:00,85.6494046789736,85.65874481201172,85.6494046789736,85.65874481201172,6438700,0.0004361746794494,0.0012004635990312,0.0047695725327892,0.0134071660014698,,85.46149559020996,85.19544891357423,,1,0,0.1289057431277882,0.1260312092553729,1,99.99117278061632,99.77046127575396,0.0030129649327237,20.398992570643337,0.0,0.1534426731637194,-0.0117529930396372,0,,
2024-09-23 04:00:00,85.66807556152344,85.66807556152344,85.65874255316548,85.66807556152344,6998800,0.0001089293280236,0.0010909869959734,0.0048790214071439,0.0132967673584603,,85.48043365478516,85.21327133178711,,1,0,0.1295351421935322,0.1267319958430048,1,99.99148275625282,99.78685689891438,0.0029322779240599,20.17047177078496,0.0,0.1530769087311654,-0.0218465416098332,0,,
2024-09-24 04:00:00,85.67742156982422,85.68676170325655,85.67742156982422,85.67742156982422,11580200,0.0001090955789484,0.0010913140689032,0.0045504797772903,0.0134073135559418,,85.49937438964844,85.23091018676757,,1,0,0.1292976276827886,0.1272451222109616,1,99.99179360586272,99.80208140613476,0.0028631336158562,20.54516329098847,0.0,0.152656790233281,-0.0145961264667734,0,,
2024-09-25 04:00:00,85.68675768968136,85.69609069824219,85.68675768968136,85.69609069824219,5875800,0.0002179002131006,0.0010908976180108,0.0046599099358968,0.0135175580996753,,85.51831855773926,85.2489224243164,,1,0,0.1291273387782752,0.1276215655244243,1,99.99239100056435,99.81621844855373,0.002836446019855,20.77974827450114,0.0,0.1530275492034919,-0.0146650234480094,0,,
2024-09-26 04:00:00,85.69609069824219,85.70543083123702,85.69609069824219,85.69609069824219,4937700,0.0,0.0008723493588989,0.0044408786181007,0.0132966590332039,,85.53679809570312,85.26637939453126,,1,0,0.1275223849211357,0.1276017294037666,0,99.99239100056435,99.82934570222844,0.0029384549018649,20.17031027753401,0.0,0.1524232461056504,-0.0174226292354436,0,,
2024-09-27 04:00:00,85.72411346435547,85.73344647317401,85.72411346435547,85.72411346435547,8616700,0.0003270016856655,0.0007631287673803,0.0046599066605925,0.0132966409615649,,85.55667877197266,85.28421142578125,,1,0,0.1270471302224933,0.127490809567512,0,99.99324680513624,99.84153529492642,0.0029400691577573,20.17030803571602,0.0,0.1526945512928882,-0.0214945313689453,0,,
2024-09-30 04:00:00,85.73344421386719,85.7427843468738,85.73344421386719,85.73344421386719,11327400,0.0001088462643081,0.0007630456493306,0.0047692601383326,0.0130520927973327,,85.57470169067383,85.30167449951172,,1,0,0.1259712824256667,0.1271869041391429,0,99.99350860840885,99.85285420243169,0.0028598640496767,19.863634711074702,0.0,0.1521016653409111,-0.0252066372987065,0,,
2024-10-01 04:00:00,85.75314331054688,85.75314331054688,85.74376528047725,85.75314331054688,13695700,0.0002297714370431,0.0008838004148028,0.0044529011954237,0.0131741605089596,,85.59202766418457,85.31916168212891,,1,0,0.1252642494718259,0.1268023732056795,0,99.9940344230846,99.86336461654368,0.0026160477738913,20.10212197618089,0.0,0.1535118226588067,-0.0073183604881018,0,,
2024-10-02 04:00:00,85.76251220703125,85.76251220703125,85.75313417796036,85.76251220703125,7391800,0.0001092542631404,0.0007750821332439,0.004166987883335,0.0129525809147699,,85.60935554504394,85.33683624267579,,1,0,0.1240301698176011,0.1262479325280638,0,99.99427206328922,99.87312428679056,0.0025510454819537,19.798870290687,0.0,0.1534638704883162,-0.0284334791687709,0,,
2024-10-03 04:00:00,85.77190201116649,85.7812728881836,85.77190201116649,85.7812728881836,5394900,0.0002187515345521,0.0009940032182023,0.0042769328059852,0.0128420378626576,,85.62715492248535,85.35433059692383,,1,0,0.1231464276184226,0.1256276315461356,0,99.99472518949143,99.8821868377341,0.0025311441310635,19.72159967719336,0.0,0.1537785585627381,-0.0285397745401502,0,,
2024-10-04 04:00:00,85.80941207708547,85.80941207708547,85.80004119873047,85.80004119873047,6208000,0.0002187926328784,0.0008857220134048,0.0043869430214515,0.0128417467953048,,85.64355735778808,85.3722003173828,,1,0,0.1225478460801241,0.1250116744529333,0,99.99513944482143,99.89060206361025,0.0025082146083237,19.72121175916868,0.0,0.1524270252141734,-0.0395249927616375,0,,
2024-10-07 04:00:00,85.80939333265599,85.81877136230469,85.80939333265599,85.81877136230469,6735500,0.0002183001699362,0.0009952609418635,0.0040572222492487,0.0130628503207486,,85.66089630126953,85.38951873779297,,1,0,0.1221764593927616,0.124444631440899,0,99.99551776293669,99.89841620192378,0.0021876359610693,20.31618441798844,0.0,0.1538512019184476,-0.0473876782717666,0,,
2024-10-08 04:00:00,85.82814939195337,85.82814939195337,85.81877136230469,85.81877136230469,5266500,0.0,0.0007653136576013,0.0040572222492487,0.0128418264335119,,85.6768352508545,85.40683715820313,,1,0,0.120493162593334,0.123654337671386,0,99.99551776293669,99.90567218750066,0.0021876359610693,19.72131853058,0.0,0.1524097801211404,-0.045746817999835,0,,
2024-10-09 04:00:00,85.82814025878906,85.83751828743982,85.82814025878906,85.82814025878906,6200800,0.0001091707133025,0.0007652300529559,0.0038379873387732,0.0128415920938029,,85.69324264526367,85.42415786743165,,1,0,0.1185485752182415,0.1226331851807571,0,99.99571140620736,99.91240988839348,0.002148611623422,19.720702733834145,0.0,0.1513779054790363,-0.0483908484008634,0,,
2024-10-10 04:00:00,85.84688765981474,85.84688765981474,85.83751678466797,85.83751678466797,4717800,0.000109247687887,0.0006556663778782,0.0039476543179031,0.0125100286765027,,85.70965156555175,85.4412956237793,,1,0,0.1164220421572537,0.1213909565760564,0,99.9959022135606,99.9186663249368,0.002063370147775,19.499599825249017,0.0,0.1516598408542183,-0.036838040886216,0,,
2024-10-11 04:00:00,85.88440704345703,85.88440704345703,85.87502901339556,85.88440704345703,6011000,0.0005462676524845,0.0009832844314277,0.0043862889324297,0.0128418193729114,,85.726070022583,85.45896179199218,,1,0,0.1171697415466894,0.120546713570183,0,99.99669429471903,99.9244758731556,0.0023845696631159,19.3055015723134,0.0,0.1508394209330962,-0.0340848505655314,0,,
2024-10-14 04:00:00,85.88441617803157,85.89379420909049,85.87503814697266,85.87503814697266,4174900,-0.0001090872814623,0.0006556465884419,0.0037285532612312,0.0127313312122845,,85.74108619689942,85.47551116943359,,1,0,0.1156729018439648,0.1195719512249394,0,96.00369878644167,99.92987045364448,0.0022939494694409,18.83684136365456,-0.0001090872814623,0.1495995222305181,-0.0375468237052414,0,,
2024-10-15 04:00:00,85.89380495116669,85.90318298339844,85.88442691893493,85.90318298339844,5906400,0.0003277417633005,0.0009836032345114,0.0038383805783808,0.0127316613707273,,85.75704421997071,85.49262344360352,,1,0,0.1154271266140369,0.1187429863027589,0,96.46089404245802,99.93487970695558,0.002349289402037,18.83688855254406,0.0,0.1508203705126544,-0.0284716002272595,0,,
2024-10-16 04:00:00,85.91255386228752,85.91255386228752,85.90318298339844,85.90318298339844,5757300,0.0,0.0008743370692072,0.0037292061300793,0.0126209993968073,,85.77206802368164,85.50936401367187,,1,0,0.1139191588229238,0.1177782208067919,0,96.46089404245802,99.93953115645876,0.0024213852517412,18.50942780987807,0.0,0.150167651059601,-0.0323860952819914,0,,
2024-10-17 04:00:00,85.92191314697266,85.92191314697266,85.91253511678713,85.92191314697266,4395800,0.0002180380624294,0.0009832106690179,0.0037289269150289,0.0125102402199157,,85.7870937347412,85.5261067199707,,1,0,0.1129336226469348,0.1168093011748205,0,96.7480389045202,99.94385035956884,0.0024213260251388,18.43126577553709,0.0,0.1501875257514845,-0.0353388013975894,0,,
2024-10-18 04:00:00,85.9593902341751,85.9593902341751,85.94064133322618,85.95001220703125,5286800,0.0003270301955513,0.0007638774701095,0.0038379807544939,0.0126206806294018,,85.8016571044922,85.5432258605957,,1,0,0.1131160065291254,0.1160706422456815,0,97.12491077058156,99.94786104817106,0.0024732714948167,18.5094964434904,0.0,0.1496609578118502,-0.0225306733037875,0,,
2024-10-21 04:00:00,85.95941011765954,85.96878814697266,85.95003208834645,85.96878814697266,5874700,0.0002184518589267,0.0010917025718177,0.00361951760607,0.0128418894994728,,85.81669273376465,85.56034881591796,,1,0,0.1134676243634515,0.1155500386692355,0,97.34622392550044,99.951585259016,0.0023008178072271,19.043834670949654,0.0,0.1499398835344277,-0.0228280018659107,0,,
2024-10-22 04:00:00,85.97818756103516,85.97818756103516,85.96881668195208,85.97818756103516,4191500,0.0001093351932148,0.0008731292023393,0.0036199248959316,0.0126213150802705,,85.8317310333252,85.57710144042969,,1,0,0.1131998408897629,0.115079999113341,0,97.4519653153758,99.95504345480056,0.0023006778896635,18.75905477441352,0.0,0.1500359761500306,-0.0198653905826862,0,,
2024-10-23 04:00:00,85.98756559346104,85.98756559346104,85.97818756103516,85.97818756103516,5462300,0.0,0.0008731292023393,0.003510446342807,0.0126213150802705,,85.84583587646485,85.59366836547852,,1,0,0.1117000123461195,0.1144040017598967,0,97.4519653153758,99.95825463660051,0.0023683598267184,18.75905477441352,0.0,0.1514195448384243,-0.0081047517962745,0,,
2024-10-24 04:00:00,85.99693448894902,85.99693448894902,85.98755645751953,85.98755645751953,4689000,0.0001089682947517,0.000763987999599,0.0034011558392279,0.0121797692668303,,85.86040916442872,85.61023635864258,,1,0,0.1099993747469056,0.1135230763572985,0,97.56416351722864,99.9612364482719,0.0023688628285883,18.72702785938333,0.0,0.1511092367526565,-0.0125357326887882,0,,
2024-10-25 04:00:00,86.01566927235672,86.0250473022461,86.01566927235672,86.0250473022461,6048400,0.0004360031412811,0.0008730085463408,0.003838641895139,0.0126210828257717,,85.87545585632324,85.62736846923828,,1,0,0.1104041348995394,0.1128992880657467,0,97.95266369191528,99.96400527339534,0.0024730462270091,19.28750364962285,0.0,0.151227334827544,-0.0078459900878737,0,,
2024-10-28 04:00:00,86.03442533213546,86.03442533213546,86.0250473022461,86.0250473022461,5718600,0.0,0.0006544137295183,0.0035104922725828,0.0125107835713105,,85.8900360107422,85.64357116699219,,1,0,0.1094630878977369,0.1122120480321448,0,97.95266369191528,99.96657632529568,0.0024916098851217,18.94265167120281,0.0,0.1507612836624065,-0.01266101255161,0,,
2024-10-29 04:00:00,86.04379272460938,86.05317075411901,86.03442184844033,86.04379272460938,4704800,0.0002179065626946,0.0007630442724515,0.0036199235151221,0.0125106600203384,,85.90456848144531,85.66014877319336,,1,0,0.1089737190917077,0.1115643822440573,0,98.12598630169757,99.9689637306317,0.0024882326131887,18.94249380257627,0.0,0.1505504857371577,-0.0101983078244196,0,,
2024-10-30 04:00:00,86.05316162109375,86.06253964960808,86.05316162109375,86.05316162109375,4965800,0.0001088852105155,0.0008720125672034,0.0034986275600461,0.012377051652308,,85.91910095214844,85.67654159545899,,1,0,0.1080958210961,0.1108706700144659,0,98.20765678060202,99.97118060701514,0.0024881628264502,18.710226371460717,0.0,0.1510237764475984,-0.0162075217928865,0,,
2024-10-31 04:00:00,86.06255190179121,86.07192993164062,86.06255190179121,86.07192993164062,12141700,0.0002181013479727,0.0009812288847024,0.0036078435279791,0.0120445612434518,,85.93363380432129,85.69293762207032,,1,0,0.1076733352332439,0.1102312030582215,0,98.3616885263487,99.97323913508548,0.0024852674175502,18.916543528554836,0.0,0.1540770976305361,0.0039959056178413,1,,
2024-11-01 04:00:00,86.10863494873047,86.10863494873047,86.0992201010504,86.10863494873047,15201500,0.0004264458473162,0.0009716663821257,0.0038162415819311,0.0124761434438931,,85.94906349182129,85.71006774902344,,1,0,0.1090433167867956,0.1099936258039363,0,98.61277381682726,99.97515062543653,0.0026346548241842,19.486359114113217,0.0,0.1534949684513653,-0.001844145985131,0,,
2024-11-04 05:00:00,86.12745666503906,86.12745666503906,86.1180418174462,86.12745666503906,9477100,0.0002185810554284,0.0011904598254175,0.0038160292435085,0.0124761979843388,,85.96449775695801,85.72683059692383,,1,0,0.1103754527318585,0.1100699911895208,1,98.7210187213,99.97692558076248,0.0026346170997092,19.486429479732774,0.0,0.1538599362278943,0.0094006362172818,1,,
2024-11-05 05:00:00,86.12745666503906,86.13687151263193,86.12745666503906,86.12745666503906,4689500,0.0,0.0009723413831543,0.0035969438601164,0.0122545872431634,,85.97993202209473,85.74340759277344,,1,0,0.1101613090679478,0.1100882547652062,1,98.7210187213,99.97857375356516,0.0027037140482363,18.921190961479468,0.0,0.1520217008528482,-0.0118913667412823,0,,
2024-11-06 05:00:00,86.13687834382779,86.14628601074219,86.13687834382779,86.14628601074219,9978200,0.0002186218707973,0.0010821727859167,0.0038163521015095,0.0123655034747998,,85.99583930969239,85.75998916625977,,1,0,0.1102401892270279,0.1101186416575705,1,98.82719586662375,99.98010419973907,0.0026346741076244,19.130504413225523,0.0,0.1483657356084514,-0.0265340223539113,0,,
2024-11-07 05:00:00,86.1462782067126,86.15569305419922,86.1462782067126,86.15569305419922,7827900,0.0001091984796171,0.0009731758382218,0.0038163799707475,0.012254967871663,,86.01174812316894,85.77657302856446,,1,0,0.1097961108898175,0.1100541355040199,0,98.87733973264986,99.98152532832914,0.0026346645161578,18.92187095655361,0.0,0.1472434264226126,-0.0273123019065438,0,,
2024-11-08 05:00:00,86.1933363131589,86.20275115966797,86.18392146664982,86.20275115966797,8280900,0.0005461984437771,0.0010929938791102,0.0042549503839472,0.0124757796981471,,86.0276653289795,85.79409805297851,,1,0,0.1119508714790811,0.1104334826990321,1,99.08751595339876,99.9828449477342,0.0029048083262658,18.666216010469505,0.0,0.1466884493790688,-0.0327798806008782,0,,
2024-11-11 05:00:00,86.19336700439453,86.20278185425599,86.19336700439453,86.19336700439453,8165700,-0.0001088614359425,0.0007652651303962,0.0035973929561063,0.0122551690028278,,86.04358177185058,85.81050567626953,,1,0,0.1116146872297179,0.1106697236051693,1,95.25767589709896,99.98407030861034,0.0028121743109711,17.905457973375082,-0.0001088614359425,0.1465328451437403,-0.0285507313851727,0,,
2024-11-12 05:00:00,86.20275115966797,86.21215882475332,86.20275115966797,86.20275115966797,5526300,0.0001088732880449,0.0008742217353723,0.0038161614802947,0.0122546347283694,,86.05856018066406,85.82642822265625,,1,0,0.1108279263469853,0.1107013641535325,1,95.44718345295333,99.9852081437096,0.0026343596539688,17.904245297666087,0.0,0.1470054786724076,-0.0173399187339201,0,,
2024-11-13 05:00:00,86.21217328667723,86.22158813476562,86.21217328667723,86.22158813476562,4860500,0.0002185194189772,0.0008741192163994,0.0037065582474251,0.012365452982201,,86.07448043823243,85.84254089355468,,1,0,0.110451186616487,0.1106513286461234,0,95.80920343311762,99.9862647048732,0.002584613923463,18.098313549227225,0.0,0.146966195229869,-0.0255547395201634,0,,
2024-11-14 05:00:00,86.23100298285402,86.23100298285402,86.22158813476562,86.22158813476562,6138400,0.0,0.0007648372177211,0.0037065582474251,0.0118133750501039,,86.08946418762207,85.8584669494629,,1,0,0.1088973171795828,0.1103005263528153,0,95.80920343311762,99.98724579738224,0.002584613923463,17.737734603322238,0.0,0.147917321532794,-0.0149854480038035,0,,
2024-11-15 05:00:00,86.2592393719079,86.2592393719079,86.24982452392578,86.24982452392578,9715700,0.000327486303268,0.0005460772843621,0.0038163882174298,0.0121447300718962,,86.1044548034668,85.87402359008789,,1,0,0.1086913785260605,0.1099786967874643,0,96.31816405710134,99.98815681185494,0.0026342658945276,18.32042118706584,0.0,0.14988557190395,-0.0020105121648661,0,,
2024-11-18 05:00:00,86.26866930519485,86.27808415482328,86.2592544555664,86.2592544555664,7387900,0.0001093327631989,0.0007644144028915,0.0035979314091343,0.0120343961113267,,86.11897811889648,85.8897688293457,,1,0,0.1080436276488967,0.1095916829597508,0,96.47225219404328,99.9890027538653,0.0025902180138562,18.123874264071464,0.0,0.1492902759617442,-0.0024768106226606,0,,
2024-11-19 05:00:00,86.27806029094273,86.28746795654297,86.26864544391837,86.28746795654297,7470700,0.0003270779599782,0.0009827621013869,0.0037069245296967,0.0121444399390129,,86.13444213867187,85.90551834106445,,1,0,0.1085555137615159,0.1093844491201039,0,96.89143022267992,99.98978827144634,0.0026420791089893,18.19437323208245,0.0,0.1487952029458155,-0.0076342635570298,0,,
2024-11-20 05:00:00,86.28747541095136,86.29689025878906,86.28747541095136,86.29689025878906,5538200,0.0001091966477777,0.0008733557993125,0.0037067854858845,0.0122549627189212,,86.15037727355957,85.92145629882812,,1,0,0.1084711009091563,0.1092017794779143,0,97.01883106563756,99.99051768062874,0.0026421233459792,18.520539367244115,0.0,0.14876101947019,-0.0084976731085191,0,,
2024-11-21 05:00:00,86.30630493164062,86.30630493164062,86.296890083822,86.30630493164062,5889700,0.0001090963164875,0.0009825473957008,0.0038162861990145,0.0119240102974844,0.0249213664675957,86.16631469726562,85.93739562988281,,1,0,0.1079198556151652,0.1089453947053645,0,97.14474935221912,99.99119498915526,0.002576661044738,18.31348463261497,0.0,0.1479828420412269,-0.0226965600832083,0,,
2024-11-22 05:00:00,86.3251341016508,86.33454895019531,86.3251341016508,86.33454895019531,6694300,0.0003272532473388,0.0009823141871556,0.0040353803151413,0.0121448885933679,0.0251453189733801,86.18178977966309,85.95296585083008,,1,0,0.10851119647333,0.1088585550589576,0,97.48759441988976,99.99182391850132,0.002610070958447,18.58151396080188,0.0,0.147573912659729,-0.0233958172835877,0,,
2024-11-25 05:00:00,86.33454877452151,86.34396362304688,86.33454877452151,86.34396362304688,5107700,0.0001090487292287,0.000982029905256,0.0037072495837204,0.0120345744859222,0.0253685782615202,86.19773559570312,85.96835083007812,,1,0,0.1084889309176162,0.1087846302306893,0,97.5914139966521,99.99240792432263,0.0024664256189607,18.380945728052968,0.0,0.147091050063857,-0.0273514359583463,0,,
2024-11-26 05:00:00,86.34396362304688,86.35337129014697,86.34396362304688,86.34396362304688,6692000,0.0,0.0006547377949757,0.0037072495837204,0.0119243574365506,0.0251452012064479,86.212744140625,85.98354965209961,,1,0,0.1072351453008337,0.1084747332447182,0,97.5914139966521,99.99295021544246,0.0024664256189607,18.05561812444202,0.0,0.1463269911777203,-0.0294126739767996,0,,
2024-11-27 05:00:00,86.36278516378795,86.37220001220703,86.36278516378795,86.37220001220703,6120700,0.000327022156215,0.0008726821232158,0.0038167458360274,0.0122552791218459,0.0252571864824442,86.22869606018067,85.99893951416016,,1,0,0.1072832571830844,0.1082364380323915,0,97.89410499841956,99.99345377148228,0.0025180768812697,18.651919145362577,0.0,0.1468197310971903,-0.0247807545867425,0,,
2024-11-29 05:00:00,86.3910140991211,86.4098437941222,86.3910140991211,86.3910140991211,9410500,0.0002178257229918,0.0009814945448951,0.0039260902407625,0.0119244776232509,0.0252572097036622,86.2446502685547,86.01433181762695,,1,0,0.1075991892983978,0.1081089882855927,0,98.06830000504723,99.99392135923354,0.0025067836159037,18.864591885485225,0.0,0.1459450917349461,-0.0336283784720113,0,,
2024-12-02 05:00:00,86.41461944580078,86.41461944580078,86.40517010957616,86.41461944580078,12973900,0.0002732384487651,0.0009274444191706,0.0039814317447317,0.0118023118131118,0.0253688450572386,86.2599494934082,86.02944931030274,,1,0,0.1085035604709219,0.1081879027226585,1,98.26249457320132,99.99435554785973,0.0025227340984744,18.88844799035982,0.0,0.1457237497917044,-0.0542153763751596,0,,
2024-12-03 05:00:00,86.42408295540778,86.43352508544922,86.42408295540778,86.43352508544922,5673500,0.0002187782549953,0.0010372637373163,0.0037730262117403,0.0119131197501884,0.0253689092158269,86.2752529144287,86.04475830078125,,1,0,0.1094837477663901,0.1084470717314049,1,98.40113058910076,99.9947587230126,0.0023749473317928,19.09660017944405,0.0,0.1456880783920933,-0.0508608857869213,0,,
2024-12-04 05:00:00,86.45242724342836,86.45242724342836,86.44297790527344,86.44297790527344,5963400,0.0001093652007699,0.001146742378643,0.0036634222401512,0.0119132474872649,0.0253689412846001,86.29102897644043,86.06006942749023,,1,0,0.1097580938355378,0.1087092761522314,1,98.46699461418932,99.99513309994026,0.002382342721959,19.096929027715465,0.0,0.1448048457848906,-0.058852815521719,0,,
2024-12-05 05:00:00,86.4618728558997,86.4618728558997,86.45243072509766,86.45243072509766,5880200,0.0001093532413307,0.0009288950944781,0.0037731760885784,0.0114708713793689,0.0253691589144462,86.3063362121582,86.07519622802734,,1,0,0.1094763039459394,0.108862681710973,1,98.53211428572084,99.99548073565882,0.0023106563977578,19.20503682512437,0.0,0.1450593756176692,-0.0457982327267754,0,,
2024-12-06 05:00:00,86.49021911621094,86.49021911621094,86.48076977786724,86.49021911621094,5706600,0.0004371003891543,0.0011483256461837,0.0039924310309311,0.0119129856908672,0.025368551946405,86.32306251525878,86.09107879638673,,1,0,0.1110223937344017,0.1092946241156588,1,98.75905073336608,99.9958035402546,0.0024754944449414,19.73083239047912,0.0,0.1448482163875663,-0.0237084338001606,0,,
2024-12-09 05:00:00,86.49966430664062,86.50911364531859,86.49966430664062,86.49966430664062,8793100,0.0001092053012028,0.000984148994525,0.0039924378790037,0.0116920704706267,0.0252566694633376,86.33790817260743,86.10658981323242,,1,0,0.1117219676629588,0.1097800928251188,1,98.80862951447097,99.99610328737928,0.0024754916476277,19.463535961962183,0.0,0.1456138917829247,-0.0110669432196647,0,,
2024-12-10 05:00:00,86.50909772116688,86.51854705810547,86.50909772116688,86.51854705810547,5400300,0.0002182985519794,0.0009836689244386,0.0036634085825471,0.0119129213846593,0.0253684719348648,86.35416717529297,86.12229187011718,,1,0,0.1125031984342115,0.1103247139469373,1,98.9029902961502,99.99638162399503,0.0021149609311456,20.071046224441297,0.0,0.1460999060954087,-0.0040121992300782,0,,
2024-12-11 05:00:00,86.51855011899475,86.52799224853516,86.51855011899475,86.52799224853516,5845900,0.0001091695451536,0.0009834730977786,0.0038822621249214,0.0119127792231894,0.0252561626893768,86.37042922973633,86.13778884887695,,1,0,0.1125866485777749,0.1107771008731048,1,98.9478793411527,99.99664007942395,0.0018677583987552,20.070646106298835,0.0,0.1449949633880397,-0.0104951333893233,0,,
2024-12-12 05:00:00,86.53744855015024,86.5468978881836,86.53744855015024,86.5468978881836,4770200,0.0002184916020486,0.0010927068480737,0.0039922940264189,0.0115814150542701,0.0253681997313439,86.38669471740722,86.1534765625,,1,0,0.1128771332083289,0.1111971073401496,1,99.03315987374484,99.99688007375084,0.0018503265024498,20.504248715789963,0.0,0.1457777622311769,-0.0083515012659264,0,,
2024-12-13 05:00:00,86.57525634765625,86.57525634765625,86.56580700769614,86.57525634765625,6271900,0.000327665810845,0.0009832005550947,0.0041018522221816,0.011692024811061,0.0251445896112296,86.40437812805176,86.16935623168945,,1,0,0.1140805850767066,0.111773802887461,1,99.14509768054106,99.99710292562575,0.0019093923052408,20.538055099449124,0.0,0.1458544985057216,-0.0075643022697057,0,,
2024-12-16 05:00:00,86.58468627929688,86.58468627929688,86.57523694145488,86.58468627929688,6761700,0.0001089217871068,0.0009829167932358,0.004211220790363,0.0116921795428266,0.0251442825051042,86.4211212158203,86.18504913330078,,1,0,0.1144756420836472,0.1123141707266983,1,99.17913117040844,99.99730985950964,0.0018036171097728,20.538513838789964,0.0,0.1452501694035051,-0.0180313711852712,0,,
2024-12-17 05:00:00,86.59415435791016,86.59415435791016,86.58470501802313,86.59415435791016,5827400,0.0001093504985714,0.0008738854543397,0.0039922380814683,0.0115819637547482,0.0250329588990472,86.4378662109375,86.2005567932129,,1,0,0.1142358822823581,0.1126985130378303,1,99.21300766658966,99.9975020124018,0.0017674854504602,20.31122911033509,0.0,0.1458670474797309,-0.0268106154126318,0,,
2024-12-18 05:00:00,86.59415435791016,86.60359649006273,86.59415435791016,86.59415435791016,9268200,0.0,0.0007646324346111,0.0038824808359114,0.0113611251898853,0.0248093550169032,86.45320053100586,86.216064453125,,1,0,0.1127462028678678,0.1127080510038378,1,99.21300766658966,99.9976804400874,0.0018678914860589,19.68347786521784,0.0,0.1503479387807049,0.0070846062286853,1,,
2024-12-19 05:00:00,86.6159571883569,86.6159571883569,86.6064682006836,86.6064682006836,13876400,0.0001422017786851,0.0006883009553613,0.003696947560233,0.0110639420499538,0.0246194441591178,86.46867942810059,86.23163101196289,,1,0,0.111276518956771,0.1124217445944244,0,99.25912565865772,99.9978461229383,0.0017986462426826,19.678170888435616,0.0,0.1504154959848329,0.0108894171783715,1,,
2024-12-20 05:00:00,86.63494307853813,86.6444320678711,86.63494307853813,86.6444320678711,12690000,0.0004383490976624,0.000799024145387,0.0040272807981818,0.0113969702242986,0.0248452804444228,86.4855857849121,86.24776931762695,,1,0,0.1118854053666495,0.1123144767488695,0,99.37979493818476,99.99799997129983,0.0019958091059668,19.764110621693963,0.0,0.1486954499004494,-0.0004407711776519,0,,
2024-12-23 05:00:00,86.6444320678711,86.65391381922592,86.6444320678711,86.6444320678711,6572800,0.0,0.0006900271992844,0.0039177570688293,0.0112866433224627,0.0248452804444228,86.5010799407959,86.26296981811524,,1,0,0.1110874057690693,0.1120690625529094,0,99.37979493818476,99.99814283049272,0.0020862390878997,19.371699558808377,0.0,0.1478103292756485,-0.0011657619437416,0,,
2024-12-24 05:00:00,86.66336822509766,86.67285721064398,86.66336822509766,86.66336822509766,4145600,0.0002185501915659,0.0007992902950633,0.003808663842004,0.0112873004938054,0.0249574353336945,86.51705017089844,86.27873641967773,,1,0,0.1107068157118931,0.1117966131847062,0,99.43319891635268,99.99827548545753,0.00202678502487,19.372439787812432,0.0,0.1462174169234332,-0.0091919751387463,0,,
2024-12-26 05:00:00,86.68236541748047,86.68236541748047,86.67287642983001,86.68236541748047,6192000,0.0002192067164232,0.0010186722212877,0.0039192293269156,0.0115089814623072,0.0249586714978351,86.53397026062012,86.29432006835937,,1,0,0.1106624620314136,0.1115697829540477,0,99.48144025562776,99.99839866506768,0.0020133593251105,19.98517284774236,0.0,0.146239725302369,-0.0057877400502507,0,,
2024-12-27 05:00:00,86.7203140258789,86.7203140258789,86.71082503823985,86.7203140258789,6143500,0.0004377892575457,0.0013145187370013,0.0043587343809587,0.0116210074536107,0.0250721687788979,86.5513759613037,86.31066268920898,,1,0,0.1123938407348248,0.1117345945102031,1,99.56169273687988,99.99851304613428,0.0020732393860346,19.84121490252979,0.0,0.1478602151947566,0.0104780669970461,1,,
2024-12-30 05:00:00,86.7203140258789,86.72979577554112,86.7203140258789,86.7203140258789,8990100,0.0,0.0008757857394503,0.0040303941965433,0.0115109082699385,0.0247132425101921,86.56784095764161,86.32663070678711,,1,0,0.1124694925311189,0.1118815741143862,1,99.56169273687988,99.99861925712467,0.0021432865962584,19.45219239386381,0.0,0.1495669998704155,0.0187118499175467,1,,
2024-12-31 05:00:00,86.74876968787822,86.74876968787822,86.7392807006836,86.7392807006836,7301500,0.0002187108639739,0.0010946881472799,0.004031282711451,0.0114997229496942,0.0248253826546018,86.58407402038574,86.34241607666016,,1,0,0.1127600713584513,0.1120572735631993,1,99.59777497488103,99.99871788161578,0.0021434254358771,19.44012245735538,0.0,0.1501459503627721,0.0287838294380962,1,,
2025-01-02 05:00:00,86.75824737548828,86.75824737548828,86.74876562671405,86.75824737548828,10756900,0.0002186630399914,0.0010948010945546,0.0039765022619004,0.0116103778076523,0.0247133430804269,86.60031013488769,86.35820526123047,,1,0,0.1132157288701449,0.1122889646245884,1,99.63053005034008,99.99880946150036,0.0021254991215576,19.655226849925462,0.0,0.1505486704940531,0.0331100504155661,1,,
2025-01-03 05:00:00,86.78671631621904,86.78671631621904,86.76773834228516,86.76773834228516,7837900,0.0001093955570101,0.0009848938061798,0.0038667086238299,0.0114997763601318,0.0244894947862186,86.61654815673828,86.37399627685546,,1,0,0.1130396319201452,0.1124390980836998,1,99.64606250275556,99.99889449996462,0.0021399209755118,19.44040475449645,0.0,0.1487058166921761,0.0207136941703705,1,,
2025-01-06 05:00:00,86.77721405029297,86.78670303580788,86.77721405029297,86.77721405029297,7827100,0.0001092077330682,0.0006561325919216,0.0038665505645327,0.0113889555052679,0.0243769563834344,86.63278732299804,86.38997680664062,,1,0,0.1123693602258129,0.1124251505121224,0,99.66136892260252,99.99897346425286,0.0021399900579061,19.22837487220047,0.0,0.1478702409031314,0.0211691473557071,1,,
2025-01-07 05:00:00,86.79619598388672,86.80568497062612,86.78671423512347,86.79619598388672,6956800,0.0002187432934035,0.0008750194099294,0.0039763515716773,0.0113894035776345,0.0246010319725604,86.64808616638183,86.40614959716797,,1,0,0.1120778843961289,0.1123556972889237,0,99.69026572428176,99.9990467882348,0.0021255473934532,19.228885501946294,0.0,0.1495935948219138,0.031257677657426,1,,
2025-01-08 05:00:00,86.81520080566406,86.81520080566406,86.80571181599011,86.81520080566406,6673100,0.0002189591555472,0.0008752678644228,0.0037574386187699,0.0116108565473713,0.0246017875854089,86.663862991333,86.42195266723633,,1,0,0.1120883334531583,0.1123022245217706,0,99.71636292896956,99.99911487478946,0.0019300614207575,19.830982548182966,0.0,0.1494080893250933,0.031480352683987,1,,
2025-01-10 05:00:00,86.85313217625496,86.85313217625496,86.84364318847656,86.84364318847656,10112200,0.0003276198470838,0.0009842961974402,0.0039766499048659,0.0118318179401948,0.0248253494137138,86.68011779785157,86.43832458496094,,1,0,0.1130880681415362,0.1124593932457238,1,99.75027495133924,99.99917809801876,0.001978780197773,20.096612933647634,0.0,0.1517742492229662,0.0423061108017439,1,,
2025-01-13 05:00:00,86.85314178466797,86.86262353551835,86.85314178466797,86.85314178466797,7854400,0.00010937583734,0.0009842764605192,0.0038673179097401,0.011831947591725,0.024489994271899,86.69637527465821,86.45451156616211,,1,0,0.1133403059195927,0.1126355757804976,1,99.76057043163516,99.99923680530314,0.0019943819178019,20.09697966805754,0.0,0.1515558389872036,0.0373438494083078,1,,
2025-01-14 05:00:00,86.86261947108852,86.87210845947266,86.86261947108852,86.87210845947266,6078300,0.0002183763812679,0.0010935406283576,0.0039769351165468,0.0115003578649131,0.0244898627562495,86.71263580322265,86.47089050292969,,1,0,0.1137593117880158,0.1128603229820012,1,99.78006836840572,99.99929131921006,0.0019786899692436,20.552031263997485,0.0,0.1513806461459593,0.0440407211996047,1,,
2025-01-15 05:00:00,86.88158416748047,86.88158416748047,86.87209518054678,86.88158416748047,7253800,0.0001090765284261,0.0009837779481671,0.0038671089023811,0.0117210547119075,0.0246016105538866,86.72795219421387,86.48708358764648,,1,0,0.1135470872606134,0.1129976758377237,1,99.78930004278143,99.99934193926649,0.0019944006200572,21.66683711160431,0.0,0.1486924302615719,0.0199939139261371,1,,
2025-01-16 05:00:00,86.89106591643785,86.89106591643785,86.88158416748047,86.88158416748047,6997800,0.0,0.0007646513652028,0.003538283716933,0.0113895801075394,0.0242662497553505,86.74279708862305,86.50254257202148,,1,0,0.1120868305823421,0.1128155067866474,0,99.78930004278143,99.9993889436046,0.0020194627118934,20.9462007951535,0.0,0.148978942682996,0.0214216510925904,1,,
2025-01-17 05:00:00,86.9195267355993,86.92900848388672,86.9195267355993,86.92900848388672,7745500,0.0005458500424535,0.00098297690281,0.0039767101942156,0.0119416471527782,0.0247133620710975,86.75953979492188,86.51857360839844,,1,0,0.113448548390096,0.1129421151073371,1,99.83057824193556,99.99943259049,0.0023908703462464,21.08565420092772,0.0,0.1475785808904504,0.0160303529869008,1,,
2025-01-21 05:00:00,86.92900848388672,86.93849747014993,86.92900848388672,86.92900848388672,10266200,0.0,0.0008735055250717,0.0038669368441723,0.0117210534545639,0.0243779268688266,86.7762825012207,86.53460464477538,,1,0,0.1132225603660828,0.1129982041590862,1,99.83057824193556,99.9994731197407,0.0024656220365691,20.423029116703148,0.0,0.1462399912394306,0.0025567375644011,1,,
2025-01-22 05:00:00,86.93850143078497,86.94799041748047,86.93850143078497,86.94799041748047,6019200,0.0002183613263835,0.0008734904603266,0.0040861425600144,0.0116111468145618,0.0243783680196512,86.79335861206054,86.55063873291016,,1,0,0.1132694469545469,0.1130524527181784,1,99.8447014224316,99.99951075404492,0.0023748689759598,20.38623190093653,0.0,0.1454542579361866,-0.0325490384783803,0,,
2025-01-23 05:00:00,86.95747940417597,86.95747940417597,86.94799041748047,86.94799041748047,6561500,0.0,0.0007643305613764,0.0039433800256754,0.0113902067437983,0.0243783680196512,86.80853652954102,86.56648468017578,,1,0,0.1120153615528636,0.1128450344851154,0,99.8447014224316,99.99954570018458,0.0024635409520241,19.75491464694557,0.0,0.1446646602615926,-0.0382330004338131,0,,
2025-01-24 05:00:00,86.98595428466797,86.98595428466797,86.9764652963189,86.98595428466797,7242200,0.0004366273102485,0.0012012915992221,0.0039416522059876,0.0117211905975269,0.0244904425174448,86.82561264038085,86.58214874267578,,1,0,0.1127847443151921,0.1128329764511308,0,99.86986424347712,99.9995781501714,0.0024613376202253,19.875533498362778,0.0,0.1451515773868419,-0.0238330931846273,0,,
2025-01-27 05:00:00,86.98594824296266,86.99542999267578,86.98594824296266,86.99542999267578,7909600,0.0001089337708108,0.0007640891107296,0.0040510153558366,0.0118314012018279,0.0246020441245078,86.84221572875977,86.59819000244141,,1,0,0.1128581377812878,0.1128380087171622,1,99.87529549483058,99.99960828230202,0.002384588027785,20.276866215266825,0.0,0.1472502991323457,-0.0037888430805023,0,,
2025-01-28 05:00:00,87.00491898036579,87.00491898036579,86.99542999267578,86.99542999267578,6485500,0.0,0.0007640891107296,0.0038316277612893,0.0117211556727301,0.0240436859111947,86.85786895751953,86.61404357910156,,1,0,0.1116295071603445,0.1125963084057987,0,99.87529549483058,99.9996362621376,0.0024730968652735,19.87543607260597,0.0,0.1459958373767289,-0.0015154114425391,0,,
2025-01-29 05:00:00,87.01441757760512,87.01441757760512,87.00492858886719,87.00492858886719,5688800,0.0001091850019272,0.0006548532187269,0.0037212086891398,0.0113906509481862,0.0241554961230145,86.87209968566894,86.6297103881836,,1,0,0.1101524964593778,0.1121075460165145,0,99.88106615934512,99.99966224341348,0.0024816709076838,19.753038686167315,0.0,0.1466692694536894,0.0029372603814201,1,,
2025-01-30 05:00:00,87.02389328416466,87.02389328416466,87.014404296875,87.014404296875,7369900,0.0001089100141968,0.000763834552997,0.0033912500698316,0.0115008015183395,0.0241554691283425,86.88680419921874,86.64556671142579,,1,0,0.10849589217338,0.1113852152478876,0,99.88669883799597,99.99968636888391,0.0023009633926256,20.158138374454104,0.0,0.1459021898059722,-0.0132424086236134,0,,
2025-01-31 05:00:00,87.04286193847656,87.05235092553922,87.04286193847656,87.04286193847656,13634400,0.0003270451809849,0.0006542165833158,0.0037194043428094,0.0116111712679238,0.0242670947044332,86.9019832611084,86.66142745971679,,1,0,0.1082316876648405,0.1107545097312782,0,99.90174831651456,99.9997087711065,0.0022910885722761,20.194437044928588,0.0,0.1467308154515976,-0.018962634948051,0,,
2025-02-03 05:00:00,87.06761169433594,87.06761169433594,87.05809613534953,87.06761169433594,17508900,0.0002843398678327,0.0008297183158498,0.0037852630434569,0.0117886438351793,0.0243116041411459,86.91745147705078,86.67759460449219,,1,0,0.1087656197832274,0.110356731741668,0,99.91261908780324,99.99972957317031,0.0023173407580651,20.467990567286343,0.0,0.1477669414248574,-0.0158446427104206,0,,
2025-02-04 05:00:00,87.07713451710784,87.07713451710784,87.06761169433594,87.06761169433594,9295900,0.0,0.0008297183158498,0.0035658202903607,0.011568019486563,0.0237519124491862,86.93244514465331,86.69319747924804,,1,0,0.1079444484254565,0.1098742750784257,0,99.91261908780324,99.99974888937244,0.0023938329498976,19.836470870301927,0.0,0.1467822778279508,-0.0250177743432883,0,,
2025-02-05 05:00:00,87.07713317871094,87.08665600133646,87.07713317871094,87.07713317871094,6249600,0.0001093573625106,0.0008298908006114,0.0035657819638592,0.0112473996429871,0.0238638672581972,86.94744110107422,86.70880233764649,,1,0,0.1068304929992649,0.1092655186625936,0,99.91672976392826,99.99976682584582,0.0023938450416352,19.70873643215994,0.0,0.1462055241305892,-0.0168136836688951,0,,
2025-02-06 05:00:00,87.09619903564453,87.09619903564453,87.08667621080913,87.09619903564453,8308300,0.0002189536591019,0.0009400137762303,0.00367590719341,0.011247776355141,0.0238643038241703,86.9624412536621,86.72460021972657,,1,0,0.1062612174435599,0.1086646584187868,0,99.92439913586912,99.99978348114256,0.0023891877805124,19.709154296185154,0.0,0.1457310315471875,-0.0144668010471782,0,,
2025-02-07 05:00:00,87.12474956927386,87.12474956927386,87.11522674560547,87.11522674560547,6391100,0.0002184677422392,0.0008313698046837,0.0036756306898286,0.0114687013736858,0.0238638328183991,86.97744255065918,86.74021377563477,,1,0,0.1061221297834862,0.1081561526917267,0,99.93120868691852,99.99979894677524,0.0023891240372609,20.341084776921665,0.0,0.1471094325010232,-0.0166060741026242,0,,
2025-02-10 05:00:00,87.13427141994421,87.13427141994421,87.124755859375,87.124755859375,5466500,0.0001093851686497,0.0006563194272477,0.0035656780245647,0.0113582360185648,0.02386418980032,86.9914981842041,86.75582962036133,,1,0,0.1055639461934276,0.1076377113920669,0,99.93439563598533,99.99981330771986,0.0023937161713403,20.11757951951377,0.0,0.1461331210518416,-0.0219196181950079,0,,
2025-02-11 05:00:00,87.13426971435547,87.14379253852498,87.13426971435547,87.13426971435547,6959400,0.0001091980676057,0.0007655891636668,0.003346549214295,0.0113582356019195,0.0237523982859628,87.00555458068848,86.7716357421875,,1,0,0.104682554932495,0.1070466801001525,0,99.9375084387044,99.99982664288272,0.0023306955722704,20.117578317555463,0.0,0.1460379969826891,-0.0377946342653306,0,,
2025-02-12 05:00:00,87.14378356933594,87.15330639252531,87.14378356933594,87.14378356933594,6275700,0.0001091861446897,0.0007654178334994,0.0033463589076436,0.0109165008889908,0.0235284724473037,87.01913833618164,86.78706741333008,,1,0,0.103557982633248,0.1063489406067716,0,99.9405463964808,99.99983902553396,0.0023307466732153,20.46453213543232,0.0,0.1465259897297841,-0.0331880928576046,0,,
2025-02-13 05:00:00,87.162841796875,87.162841796875,87.15331897231108,87.162841796875,6340500,0.0002186986467473,0.0007651626818203,0.0033466821809438,0.011247672833468,0.0236406839677585,87.03320121765137,86.80250396728516,,1,0,0.1030170739673508,0.1056825672788875,0,99.94618973559352,99.99985052371012,0.0023308501947591,21.872099345444678,0.0,0.1450268884634,-0.041972060790605,0,,
2025-02-14 05:00:00,87.19139099121094,87.20090655067669,87.19139099121094,87.19139099121094,6058900,0.0003275385903831,0.0008742931454208,0.0035658514597669,0.0114687735396259,0.0238639538985059,87.04869155883789,86.81803939819336,,1,0,0.1036967299856286,0.1052853998202357,0,99.953335384728,99.99986120058796,0.002393753233638,22.11764274636671,0.0,0.1450815361698977,-0.0242843168634886,0,,
2025-02-18 05:00:00,87.20091113620857,87.21043395996094,87.20091113620857,87.21043395996094,8777200,0.000218404231582,0.0009833955887834,0.0037850344883969,0.0114686570566264,0.0239759251784299,87.0627628326416,86.83357757568359,,1,0,0.104566592122623,0.1051416382807132,0,99.95739907903746,99.99987111483168,0.0023172023292178,22.11751046856781,0.0,0.1446884509745229,-0.0287993164081082,0,,
2025-02-19 05:00:00,87.21995544433594,87.21995544433594,87.2104326207298,87.21995544433594,5685800,0.0001091782707947,0.0009833757746677,0.0033469490279893,0.0115790874555667,0.0235292506085211,87.07731018066406,86.84911712646485,,1,0,0.1048160145775511,0.1050765135400808,0,99.95930719874136,99.99988032091512,0.0019055015617878,22.63179035369298,0.0,0.1443642635013066,-0.0217803787632963,0,,
2025-02-20 05:00:00,87.22946759564107,87.23898315429688,87.22946759564107,87.23898315429688,5454900,0.0002181577583248,0.0010924426397573,0.0035658369492113,0.0114685291921574,0.023752541455414,87.09185981750488,86.86484817504883,,1,0,0.10533482653112,0.1051281761382886,1,99.9628848980218,99.99988886942118,0.0018240641809875,22.638857594513205,0.0,0.1449990063374267,-0.0084859475953611,0,,
2025-02-21 05:00:00,87.25804004254287,87.26756286621094,87.25804004254287,87.26756286621094,7185900,0.000327602533646,0.0012014416599677,0.0036754437589188,0.0116892780607549,0.0238643475745201,87.1078384399414,86.88039505004883,,1,0,0.1068207693080438,0.1054666947722397,1,99.96750599885476,99.99989680731969,0.0018986487306745,22.894215807569942,0.0,0.1475705675833337,0.0145496575842807,1,,
2025-02-24 05:00:00,87.27706909179688,87.27706909179688,87.26755353293267,87.27706909179688,9061400,0.000108931947607,0.0009826440387281,0.0037847760797729,0.0114686542401765,0.0237523745617906,87.12239418029785,86.89594314575196,,1,0,0.1075259701707977,0.1058785498519513,1,99.96889333955714,99.9999041782254,0.0018076596251935,22.636711338034267,0.0,0.1482612874529019,0.0248618230935302,1,,
2025-02-25 05:00:00,87.28659191444648,87.28659191444648,87.27706909179688,87.27706909179688,8348300,0.0,0.000764072930385,0.0033466875143568,0.0113582173131434,0.0237523745617906,87.1364761352539,86.91111358642578,,1,0,0.1068531107878101,0.106073462039123,1,99.96889333955714,99.99991102263787,0.0016524790372678,22.1185241593608,0.0,0.1490023147265332,0.0265290767693735,1,,
2025-02-26 05:00:00,87.29613494873047,87.29613494873047,87.28661212387605,87.29613494873047,8610600,0.0002184520760377,0.0008734182906473,0.0034565603742633,0.0114688030946736,0.0235295675183586,87.15151138305664,86.92647644042968,,1,0,0.1066291655475737,0.1061846027408132,1,99.97170349483083,99.99991737816374,0.001654121246513,22.37175006507813,0.0,0.1489596615543209,0.0116085497418167,1,,
2025-02-27 05:00:00,87.3056411743164,87.3056411743164,87.29612561426654,87.3056411743164,6620600,0.0001088962941087,0.0007640852473216,0.0035658330749872,0.0112480141024573,0.0235295085739963,87.1665470123291,86.94165130615234,,1,0,0.1059968940750621,0.106147061007663,0,99.97301259973182,99.99992327972348,0.0015580300415087,22.127314384598137,0.0,0.1513923974201764,0.0369637939027134,1,,
2025-02-28 05:00:00,87.3246841430664,87.33420696661042,87.3246841430664,87.3246841430664,13721500,0.0002181184227485,0.0006545533641524,0.0036751429991994,0.011358298587045,0.0235295653633467,87.18206100463867,86.95663986206054,,1,0,0.1058126800971592,0.1060801848255622,0,99.9754616527069,99.99992875974324,0.001550558821635,22.37910663092381,0.0,0.1490986593676742,0.0165637281963273,1,,
2025-03-03 05:00:00,87.34282684326172,87.34282684326172,87.33328120620227,87.34282684326172,17874400,0.0002077614179007,0.0007534367520485,0.0037743468916504,0.0115684198211654,0.0236307232306396,87.19705924987792,86.97180267333984,,1,0,0.10590979132553,0.1060461061255558,0,99.97755177231804,99.999933848333,0.0015354448516394,23.163529378202725,0.0,0.1517889759418124,0.0403474830889705,1,,
2025-03-04 05:00:00,87.352379767067,87.352379767067,87.34282684326172,87.34282684326172,12187400,0.0,0.0007534367520485,0.0034461746558513,0.0112377226806485,0.0236307232306396,87.21082000732422,86.98677612304688,,1,0,0.1047789264323597,0.1057926701869166,0,99.97755177231804,99.99993857345208,0.0015570412118473,22.38107270829436,0.0,0.1536071918044957,0.0468638869874367,1,,
2025-03-05 05:00:00,87.35237121582031,87.36192413869043,87.35237121582031,87.35237121582031,11850800,0.0001092748300408,0.0006442011106548,0.0032705562486778,0.0111279758285531,0.0231851487505638,87.22505798339844,87.00194046020508,,1,0,0.1034602337836219,0.1053261829062576,0,99.97866074272488,99.99994296106264,0.0015035112755805,22.131922646975497,0.0,0.1519903972500337,0.0285818721322321,1,,
2025-03-06 05:00:00,87.37147614054285,87.37147614054285,87.36192321777344,87.36192321777344,10301700,0.0001093502307971,0.0006446552903112,0.0033802641155555,0.010962309132968,0.0228940015366587,87.23929748535156,87.01704956054688,,1,0,0.1020100190860517,0.1046629501422165,0,99.9797394906193,99.99994703527244,0.0014055346771278,21.86585603836652,0.0,0.1547540726071865,0.0543103356699488,1,,
2025-03-07 05:00:00,87.39058593098329,87.40013885498047,87.39058593098329,87.40013885498047,10375700,0.0004374404294165,0.0008640708255003,0.0037094201942386,0.0111833199973696,0.0232296679778913,87.25449447631836,87.03216369628906,,1,0,0.1027598445094639,0.104282329015666,0,99.98336312109308,99.99995081846728,0.0016860072719561,21.57773943093121,0.0,0.1539588501263096,0.0530303218146206,1,,
2025-03-10 04:00:00,87.40013759042598,87.40968322753906,87.40013759042598,87.40968322753906,29759000,0.000109203173858,0.0007654479101908,0.0035992867124572,0.0111831561763751,0.0232296313708579,87.26921730041504,87.04746871948242,,1,0,0.1029376366605703,0.1040133905446468,0,99.98412669631968,99.9999543314339,0.0016938968466755,21.577200275332466,0.0,0.1581891350199901,0.0854869641732325,1,,
2025-03-11 04:00:00,87.40968230573397,87.41923522949219,87.40968230573397,87.41923522949219,19163000,0.0001092785330003,0.0008748100902158,0.0034897284348978,0.0111830806408299,0.0227822316998549,87.2839412689209,87.06258605957031,,1,0,0.1026658370867892,0.1037438798530753,0,99.98487488373408,99.99995759347432,0.0016976564693364,21.57695173458908,0.0,0.1595326096496797,0.0844485424044449,1,,
2025-03-12 04:00:00,87.42879486083984,87.42879486083984,87.41924193634871,87.42879486083984,20095800,0.0001093538661436,0.0008748891868168,0.00348969702659,0.0108518136989317,0.0228940768911143,87.29866752624511,87.0775146484375,85.86912612915039,1,1,0.102045499327815,0.1034042037480233,0,99.98560611143452,99.99996062251188,0.001697669604409,21.62463393540565,0.0,0.1587078634568036,0.0860499133560623,1,,
2025-03-13 04:00:00,87.4287850458652,87.44788360595703,87.4287850458652,87.44788360595703,14549100,0.0002183347619919,0.0009839571407936,0.0035992026171751,0.0109621153667716,0.0227823556627735,87.31387252807617,87.09206604003906,85.88532688140869,1,1,0.1019193169410499,0.1031072263866286,0,99.9869616092539,99.9999634351896,0.0016938274062164,21.86379034143164,0.0,0.1608872087501318,0.1016804672362279,1,,
2025-03-14 04:00:00,87.46697998046875,87.47652561610813,87.46697998046875,87.46697998046875,15909000,0.0002183743473742,0.0007647713878256,0.0037087718468828,0.0109621919763205,0.0230057050921974,87.32907943725586,87.10699935913085,85.90157733917236,1,1,0.1021823399103141,0.1029222490913657,0,99.98816258889502,99.99996604696176,0.0016857488791903,21.863865719240767,0.0,0.1576656455311716,0.0760251189698884,1,,
2025-03-17 04:00:00,87.4861068725586,87.4861068725586,87.47655394708055,87.4861068725586,9386400,0.000218675574418,0.0008743155471755,0.003708748694047,0.0110728863472462,0.0231175744208538,87.34381523132325,87.12193588256837,85.91796920776368,1,1,0.1027497328887108,0.1028877458508347,0,99.98923240365896,99.9999684721788,0.0016857415697366,22.10824296370959,0.0,0.1564933519067686,0.0790643967119402,1,,
2025-03-18 04:00:00,87.4861068725586,87.49565979803664,87.4861068725586,87.4861068725586,8773100,0.0,0.0007649534211875,0.0033801029894953,0.0108520236691607,0.0225591205137221,87.35759887695312,87.13649307250977,85.93426933288575,1,1,0.1020233344200676,0.1027148635646813,0,99.98923240365896,99.99997072416602,0.0016972903528686,21.36672745392104,0.0,0.1582032661977429,0.0904438316153406,1,,
2025-03-19 04:00:00,87.49564361572266,87.50519653943388,87.49564361572266,87.49564361572266,8833200,0.0001090086586885,0.0007646079874394,0.0032703616162792,0.0106310660446726,0.022447389543696,87.37138328552246,87.15105117797852,85.95052543640136,1,1,0.101052325565476,0.1023823559648402,0,99.98976718006033,99.999972815297,0.0016927308345099,21.159488529310067,0.0,0.1565159305142103,0.0817444617039266,1,,
2025-03-20 04:00:00,87.50520198206974,87.5147476196289,87.50520198206974,87.5147476196289,8491000,0.0002183423438788,0.0007646155734672,0.0033798707393413,0.0107416378149356,0.0225594105156783,87.38517150878906,87.16580184936524,85.96678531646728,1,1,0.1006639363122019,0.1020386720343126,0,99.99075745139194,99.99997475706152,0.0016973288328538,21.39057581913278,0.0,0.1570040950402359,0.0875551277883588,1,,
2025-03-21 04:00:00,87.54339599609375,87.54339599609375,87.53384307292282,87.54339599609375,6544300,0.0003273548429729,0.0008736555857085,0.003489412998527,0.0109619597907291,0.0226708845664547,87.3989631652832,87.18074584960938,85.98311920166016,1,1,0.1014978159449953,0.1019305008164491,0,99.99200669107697,99.99997656012854,0.001783856007313,21.60278345178496,0.0,0.1570037095850998,0.0827916242387001,1,,
2025-03-24 04:00:00,87.5529416325193,87.5529416325193,87.54339599609375,87.54339599609375,8056300,0.0,0.0006548368144738,0.0031607749869866,0.0109619597907291,0.0224476251781231,87.41227951049805,87.19530975341797,85.99936092376709,1,1,0.1009944701764453,0.1017432946884484,0,99.99200669107697,99.99997823440508,0.0017705979742571,21.60278345178496,0.0,0.1542414680431829,0.045204816713076,1,,
2025-03-25 04:00:00,87.55294036865234,87.56249329168537,87.55294036865234,87.55294036865234,18837100,0.0001090244723773,0.0007639326800894,0.0031608677940972,0.0109284235650344,0.0221132770600089,87.42607307434082,87.20949569702148,86.01560428619385,1,1,0.1002105512721271,0.1014367460051841,0,99.99240341567344,99.99997978909045,0.001770570769803,21.503501124088668,0.0,0.1538883877762316,0.0379539421247587,1,,
2025-03-26 04:00:00,87.572045293538,87.572045293538,87.56249237060547,87.56249237060547,7171300,0.0001090997276951,0.0007640238087327,0.003270312371608,0.0105957218579866,0.0221134512088057,87.43939094543457,87.22368270874023,86.03184940338134,1,1,0.0992163522718811,0.1009926672585235,0,99.99278914359668,99.99998123272682,0.0016924950187962,21.59878204398712,0.0,0.1557647328281903,0.045384651332889,1,,
2025-03-27 04:00:00,87.57205073773092,87.58159637451172,87.57205073773092,87.58159637451172,8399300,0.0002181756524859,0.0007638570263992,0.0032700351046344,0.0108162092390025,0.0222249312572468,87.45318870544433,87.23787246704102,86.04800552368164,1,1,0.0988307168736355,0.1005602771815459,0,99.99350001308984,99.99998257324634,0.0016923657221847,22.36001487684826,0.0,0.1562135814469759,0.048697209814817,1,,
2025-03-28 04:00:00,87.60069945714613,87.6102523803711,87.60069945714613,87.6102523803711,10052200,0.0003271920933805,0.0007636942057893,0.0034890208920921,0.0109260022390778,0.0223366278033516,87.46746711730957,87.25244583129883,86.06421283721924,1,1,0.0996882540874679,0.1003858725627303,0,99.99439293692136,99.99998381801446,0.0017831663339865,22.31812862229937,0.0,0.1594762543756061,0.0533967166990143,1,,
2025-03-31 04:00:00,87.6102523803711,87.61979801685065,87.6102523803711,87.6102523803711,22045800,0.0,0.0007636942057893,0.0032701891808373,0.0107044490355301,0.0223366278033516,87.48083839416503,87.26701919555664,86.08037406921386,1,1,0.0992240652482934,0.100153511099843,0,99.99439293692136,99.99998497387055,0.0018610283486002,21.56048467647581,0.0,0.1584128649789602,0.0624700829020692,1,,
2025-04-01 04:00:00,87.63037872314453,87.63037872314453,87.62079225280667,87.63037872314453,19110200,0.0002297258851173,0.0008844746294769,0.0032922208986758,0.010494250482004,0.0222372116986862,87.49521598815917,87.2810466003418,86.09654365539551,1,1,0.0993351461767559,0.0999898381152256,0,99.9949572124057,99.99998604716552,0.0018703340408213,21.945107686586933,0.0,0.1580029820290299,0.0409384545133206,1,,
2025-04-02 04:00:00,87.63036714421008,87.63995361328125,87.63036714421008,87.63995361328125,9035500,0.0001092645070834,0.0008846395366173,0.003401845128653,0.0106046616381936,0.0222376391954832,87.50959510803223,87.29526550292968,86.11271503448486,1,1,0.0990539598361692,0.0998026624594143,0,99.99520446801358,99.99998704379657,0.0017917599821206,22.48562256054008,0.0,0.157026514196703,0.0222601712331236,1,,
2025-04-03 04:00:00,87.64955139160156,87.64955139160156,87.63997223282864,87.64955139160156,24029500,0.0001095137311764,0.0007759052118581,0.0034020848163012,0.0104943306373395,0.0221147354819055,87.52397651672364,87.30929672241211,86.12870403289794,1,1,0.0984704718303532,0.0995362243336021,0,99.99544553326216,99.99998796923964,0.001791672034955,22.24592874539102,0.0,0.1651841163315593,0.0868062675026839,1,,
2025-04-04 04:00:00,87.67830657958984,87.68788573790113,87.66872010894397,87.67830657958984,33920200,0.0003280699961578,0.0007767835084333,0.003621524689054,0.0106048615772464,0.0223383658344085,87.5378849029541,87.32390304565429,86.14479068756104,1,1,0.0991850136387597,0.0994659821946336,0,99.99608113905802,99.99998882857967,0.0018695840878581,22.18220532771388,0.0,0.1755134011315283,0.1341439884237194,1,,
2025-04-07 04:00:00,87.69747557013443,87.69747557013443,87.67830994044262,87.6878890991211,37206000,0.0001092917952578,0.0008861601997551,0.0032923316588555,0.0106047567265852,0.0222264854174265,87.5517951965332,87.33794174194335,86.16083320617676,1,1,0.0993789438086452,0.0994485745174359,0,99.99626804983184,99.99998962653828,0.0016105452540429,22.18183694564095,0.0,0.1758457986486952,0.1421610287711896,1,,
2025-04-08 04:00:00,87.68788882561125,87.71664092622672,87.68788882561125,87.70706176757812,21800900,0.0002186467099847,0.0008750737535423,0.0034021235297803,0.0107153442002212,0.0222263362838091,87.5661865234375,87.3521743774414,86.17687942504882,1,1,0.0999278034618669,0.0995444203063221,1,99.9966158368064,99.99999036749982,0.0016146343682079,22.424075956333528,0.0,0.1786829061303664,0.1295523305553607,1,,
2025-04-09 04:00:00,87.69747529659469,87.70706176757812,87.69747529659469,87.70706176757812,22907000,0.0,0.0007657255798307,0.0032924851988276,0.0104943053479038,0.0220032328044124,87.58009986877441,87.36640701293945,86.1927872467041,1,1,0.0992190433216677,0.0994793449093913,0,99.9966158368064,99.99999105553556,0.0017014228428311,21.65672382864493,0.0,0.1617011659086252,0.0135931848899573,1,,
2025-04-10 04:00:00,87.70706512809376,87.71664428710938,87.70706512809376,87.71664428710938,23678100,0.0001092559634097,0.0007654676429325,0.0032923869844907,0.0103834751642537,0.0221148927522203,87.59353790283203,87.3806413269043,86.20865089416503,1,1,0.0982974630796036,0.0992429685434337,0,99.99678927589498,99.99999169442586,0.0017014570911858,21.42724678211343,0.0,0.1691299563191123,0.0656684088318366,1,,
2025-04-11 04:00:00,87.74539520714605,87.75497436523438,87.7358087367233,87.75497436523438,34807600,0.0004369761113927,0.0008744213778231,0.0035117003021034,0.0104939307391787,0.0224499109573563,87.60793762207031,87.39545272827148,86.2247061920166,1,1,0.0995128983178119,0.0992969544983094,1,99.9973699192303,99.99999228768117,0.0019516854864889,21.112419651134008,0.0,0.1662377308437442,0.0332563547790936,1,,
2025-04-14 04:00:00,87.75497436523438,87.75497436523438,87.74539520714605,87.75497436523438,18027100,0.0,0.000765045969318,0.0032926069338388,0.0103834192066682,0.0223382228702695,87.6213809967041,87.40969497680663,86.24071537017822,1,1,0.0993311122700504,0.0993037860526576,1,99.9973699192303,99.99999283856108,0.0020244371342265,20.634565264249936,0.0,0.1646404625670114,0.0442380266946669,1,,
2025-04-15 04:00:00,87.76455293473714,87.77413940429688,87.7549664651774,87.77413940429688,10082100,0.000218392623337,0.0007647917438677,0.0032923231131756,0.0103834356138026,0.0220032067041417,87.63578262329102,87.42382553100586,86.25672821044923,1,1,0.0995855438413855,0.0993601376104032,1,99.99761955352515,99.99999335009242,0.0020243279665413,20.63457922950824,0.0,0.1651389415680747,0.0552457312465055,1,,
2025-04-16 04:00:00,87.77415039479723,87.78372955322266,87.77415039479723,87.78372955322266,12016200,0.0001092593899623,0.0008741346945095,0.0034019422203528,0.0103836203539191,0.0222263820481025,87.65018692016602,87.4381478881836,86.27265071868896,1,1,0.0994150329487126,0.0993711166780651,1,99.99773538583284,99.99999382508582,0.0019519601462683,20.635154090892645,0.0,0.1689115759826241,0.0676870335375794,1,,
2025-04-17 04:00:00,87.82205963134766,87.83164610118071,87.81248047384857,87.82205963134766,8243800,0.0004366421695691,0.001201771284059,0.0037306544890236,0.0108247964500076,0.0223376664438623,87.66555252075196,87.45304641723632,86.28861671447754,1,1,0.1012061769949355,0.0997381287414392,1,99.99812755944126,99.99999426615112,0.0021593708389292,21.03894604617507,0.0,0.1687445437713265,0.0781301508219696,1,,
2025-04-21 04:00:00,87.82207093860063,87.83165740966797,87.82207093860063,87.83165740966797,10032200,0.0001092866457539,0.000873831312564,0.0036212158368607,0.0103837480896675,0.0224493942982557,87.67996559143066,87.4677555847168,86.30458446502685,1,1,0.1022217829712843,0.1002348595874082,1,99.99821109789146,99.99999467571176,0.0021663168958066,21.71124223066045,0.0,0.1728779476182538,0.1011047041413151,1,,
2025-04-22 04:00:00,87.83165740966797,87.84124388073529,87.83165740966797,87.83165740966797,9201200,0.0,0.000873831312564,0.0032927830853977,0.0103837480896675,0.0222265100106491,87.69437866210937,87.48208419799805,86.32041339874267,1,1,0.101852565055637,0.100558400681054,1,99.99821109789146,99.99999505601804,0.0021676102375677,21.71124223066045,0.0,0.1684941085238097,0.0731855251641797,1,,
2025-04-23 04:00:00,87.850830078125,87.850830078125,87.84124360708753,87.850830078125,8478500,0.0002182888154735,0.0008737274366756,0.0035117906785906,0.0103836748418169,0.0221153880294417,87.709273147583,87.49660568237304,86.33619937896728,1,1,0.101932022405407,0.1008331250259245,1,99.99837868023712,99.99999540915962,0.0020997861051141,21.71118581125944,0.0,0.1659592715192463,0.0759705131487902,1,,
2025-04-24 04:00:00,87.850830078125,87.86040923682758,87.850830078125,87.850830078125,20381700,0.0,0.0007643845305258,0.0034023952618651,0.0103836748418169,0.0218921537888239,87.72369003295898,87.51093688964843,86.3518925857544,1,1,0.1008326568258155,0.1008330313859027,0,99.99837868023712,99.9999957370768,0.002170461638362,21.71118581125944,0.0,0.1625380062345751,0.0562070899782307,1,,
2025-04-25 04:00:00,87.87958862623917,87.88916778564453,87.87958862623917,87.88916778564453,11894100,0.0004363955068544,0.0007641377870044,0.0037307688051684,0.0103834407336698,0.0222263376190943,87.73906860351562,87.52584457397461,86.3677774810791,1,1,0.1018805190732763,0.1010425289233775,1,99.9986680442017,99.99999604157132,0.0023583875817189,21.712237465612304,0.0,0.1614424726087002,0.0364507400193887,1,,
2025-04-28 04:00:00,87.88916383386604,87.89875030517578,87.88916383386604,87.89875030517578,9934400,0.000109029585473,0.0007638805584058,0.0036212394360553,0.0103835375326732,0.0223377905329444,87.75349349975586,87.54056274414063,86.38361785888672,1,1,0.1023048797246559,0.1012949990836332,1,99.9987290997977,99.9999963243162,0.002364880502362,21.71256722822472,0.0,0.1613985330229538,0.0331914263020582,1,,
2025-04-29 04:00:00,87.89875030517578,87.90833677648553,87.89875030517578,87.89875030517578,19478900,0.0,0.0007638805584058,0.0032929699089569,0.0103835375326732,0.0222264002652574,87.76791839599609,87.55470993041992,86.39941188812256,1,1,0.1014714884432663,0.1013302969555598,1,99.9987290997977,99.99999658686504,0.0023662181653904,21.71256722822472,0.0,0.1603881932013497,0.0057183361204093,1,,
2025-04-30 04:00:00,87.90833282470703,87.91791929558583,87.90833282470703,87.90833282470703,17498400,0.0001090176993185,0.0006545498378431,0.003402346600279,0.0103833685113263,0.0218922927858915,87.78181610107421,87.56866790771484,86.4150687789917,1,1,0.1004265938299369,0.1011495563304352,0,99.99879325340916,99.9999968306604,0.0023046607815256,21.71199192065823,0.0,0.1603420525882789,0.0121782256104951,1,,
2025-05-01 04:00:00,87.92948913574219,87.92948913574219,87.91986994372562,87.92948913574219,15747600,0.0002406633177465,0.0008953706817254,0.0034133187252636,0.0105164753613105,0.0221382247754529,87.79629287719726,87.58285858154296,86.43073883056641,1,1,0.1001511645279293,0.1009498779699341,0,99.99892256717968,99.9999970570418,0.0023090319516836,21.95724549620938,0.0,0.159252017682426,0.0079051397470879,1,,
2025-05-02 04:00:00,87.94871668483081,87.95833587646484,87.94871668483081,87.95833587646484,14267400,0.0003280667385445,0.0007869922148882,0.0036328438121782,0.0105175073245564,0.0222507991713374,87.81173210144043,87.59724563598633,86.44655311584472,1,1,0.1010952130295663,0.1009789449818605,1,99.99906905287028,99.99999726725312,0.002369340369196,21.95533798670773,0.0,0.1569741188821502,-0.0003336717676046,0,,
2025-05-05 04:00:00,87.96795506809887,87.96795506809887,87.95833587646484,87.95833587646484,26580800,0.0,0.0006778887194891,0.00352294427023,0.0102302585863491,0.0221395032963447,87.82573356628419,87.6110610961914,86.46222858428955,1,1,0.1006827699692394,0.1009197099793363,0,99.99906905287028,99.99999746244931,0.0024355869206815,21.21307842267404,0.0,0.1578794634127049,-0.0442212791464312,0,,
2025-05-06 04:00:00,87.9679427603954,87.9775619506836,87.9679427603954,87.9775619506836,8429300,0.0002185816048834,0.0008966184983767,0.0034131061920328,0.0104510763375729,0.0221399940788644,87.8402172088623,87.62507095336915,86.4779538345337,1,1,0.1007459527517653,0.1008849585338221,0,99.99915758378472,99.99999764370294,0.0023733684429518,21.95649094537204,0.0,0.1592449938491639,-0.0926903995790784,0,,
2025-05-07 04:00:00,87.9775619506836,87.98717380367943,87.9775619506836,87.9775619506836,6212900,0.0,0.0007875149459903,0.0033034533564271,0.0103405881556146,0.0217042925261317,87.85374221801757,87.63908081054687,86.4935401916504,1,1,0.0996473529061461,0.1006374374082869,0,99.99915758378472,99.99999781200988,0.0024335448567464,21.436757972411097,0.0,0.1585780861200645,-0.0981980386300167,0,,
2025-05-08 04:00:00,87.98718409227841,87.9968032836914,87.98718409227841,87.9968032836914,9354600,0.0002187072769599,0.0007655469013962,0.0033035141101989,0.0103403392802285,0.0217044214590298,87.86822929382325,87.65309417724609,86.50913028717041,1,1,0.0991859653136941,0.1003471429893683,0,99.99924132506167,99.99999796829488,0.0024335641752802,21.436567991461168,0.0,0.157515217931397,-0.118465099193795,0,,
2025-05-09 04:00:00,88.02564239501953,88.02564239501953,88.0160232048223,88.02564239501953,9062400,0.0003277290793752,0.000765209094556,0.0036323258472121,0.0104507063050258,0.0220392637084683,87.88367919921875,87.66749420166016,86.52486457824708,1,1,0.0999947108065839,0.1002766565528115,0,99.99934622444609,99.99999811341668,0.0024318446895452,21.38537159525412,0.0,0.1577678891989086,-0.0243243559043924,0,,
2025-05-12 04:00:00,88.02564239501953,88.03526158521676,88.02564239501953,88.02564239501953,14492000,0.0,0.000765209094556,0.0035226850094578,0.0103401900729411,0.0218158724108314,87.897212600708,87.68151336669922,86.54046001434327,1,1,0.0994888024513755,0.1001190857325243,0,99.99934622444609,99.99999824817262,0.0024963443010617,20.893228309594218,0.0,0.1527208453306222,-0.0970207250425206,0,,
2025-05-13 04:00:00,88.0448989868164,88.0448989868164,88.03527979462953,88.0448989868164,23455700,0.0002187611617812,0.000765388749583,0.0033037970061431,0.0104508739838662,0.0219278130747404,87.91170883178711,87.69555480957031,86.55615173339844,1,1,0.0994947983568579,0.099994228257391,0,99.99940945633216,99.99999837330314,0.0023067667938227,21.116204011053988,0.0,0.1517520929552925,-0.0871380872135914,0,,
2025-05-14 04:00:00,88.0448989868164,88.05451084170947,88.0448989868164,88.0448989868164,9141900,0.0,0.000765388749583,0.0033037970061431,0.0103405587934277,0.0213699424016797,87.92524681091308,87.7095962524414,86.57161197662353,1,1,0.0983656521476916,0.0996685130354512,0,99.99940945633216,99.99999848949578,0.0023067667938227,20.637364581325127,0.0,0.1515584082311712,-0.0794583186409331,0,,
2025-05-15 04:00:00,88.06412358601382,88.06412358601382,88.05450439453125,88.05450439453125,6657100,0.0001090966975416,0.0006557182611943,0.00319416393185,0.0102298477111861,0.0215925825248459,87.93878555297852,87.72363891601563,86.58712024688721,1,1,0.0971262606944094,0.0991600625672428,0,99.99944074745684,99.99999859738894,0.0023012318581824,20.420848748650474,0.0,0.1508381973503139,-0.0865982552750322,0,,
2025-05-16 04:00:00,88.09298706054688,88.09298706054688,88.08336786761886,88.09298706054688,8756000,0.0004370323390068,0.0007650573593673,0.0035229479186882,0.010340425345741,0.0219277908819608,87.95233192443848,87.7382601928711,86.60277465820313,1,1,0.0981182178340276,0.0989516936205998,0,99.99954481028551,99.99999869757544,0.0024965637013945,20.15056085262149,0.0,0.1499543118544504,-0.1122318823792387,0,,
2025-05-19 04:00:00,88.09298706054688,88.10260625347489,88.09298706054688,88.09298706054688,7618200,0.0,0.0007650573593673,0.0030849587260477,0.0101198109046347,0.0217045286020043,87.96539840698242,87.75211715698242,86.61833644866944,1,1,0.0977772359025692,0.0987168020769937,0,99.99954481028551,99.99999879060576,0.0023577801282569,19.506577721265884,0.0,0.1497904533663001,-0.1123241675340446,0,,
2025-05-20 04:00:00,88.10260157174329,88.11222076416016,88.10260157174329,88.11222076416016,7925400,0.0002183341064376,0.0007646300707759,0.0031943306407571,0.01023005933996,0.0219276015472997,87.97942657470703,87.76616790771484,86.63389205932617,1,1,0.0979301268610015,0.0985594670337952,0,99.99958912652484,99.99999887699106,0.0023662242635882,19.71177515150775,0.0,0.1503285816722148,-0.1304351784406427,0,,
2025-05-21 04:00:00,88.12181091308594,88.1314301031334,88.12181091308594,88.12181091308594,12007400,0.0001088401681696,0.0008735534614112,0.0033035184804111,0.0101196475115674,0.0217042341766255,87.99297561645508,87.78021942138672,86.64926326751709,1,1,0.0976989265078742,0.098387358928611,0,99.99960953898068,99.99999895720596,0.0023075029702203,19.505753367500144,0.0,0.152921797069846,-0.0924205100723932,0,,
2025-05-22 04:00:00,88.13145594140975,88.14107513427734,88.13145594140975,88.14107513427734,7876500,0.0002186090026043,0.000983149474764,0.0033038396551772,0.0100095870604932,0.0218158699676715,88.00748786926269,87.79446502685546,86.66473079681397,1,1,0.0979411555398286,0.0982981182508546,0,99.9996474305521,99.99999903169126,0.0023076102609757,19.527540465375356,0.0,0.1528948876308314,-0.0787204219976333,0,,
2025-05-23 04:00:00,88.16992334885742,88.1795425415039,88.16992334885742,88.1795425415039,14805900,0.0004364299751047,0.0009825467820445,0.0037417115249405,0.0103403271798441,0.0219275710571764,88.02200660705566,87.8090982055664,86.68029773712158,1,1,0.1000834226736486,0.0986551791354134,1,99.99970830326336,99.99999910085616,0.0024255000897601,19.484102433380137,0.0,0.1540128901108905,-0.0524499858290447,0,,
2025-05-27 04:00:00,88.1795425415039,88.18915439685624,88.1795425415039,88.1795425415039,8996500,0.0,0.0009825467820445,0.0033038742222202,0.0103403271798441,0.0218159921761851,88.03604621887207,87.82334945678711,86.69577156066894,1,1,0.1006212852693977,0.0990484003622103,1,99.99970830326336,99.99999916508074,0.0023076628299251,19.484102433380137,0.0,0.1508760754252122,-0.0654499216516497,0,,
2025-05-28 04:00:00,88.18914031982422,88.19875951093526,88.18914031982422,88.18914031982422,9887600,0.0001088435939184,0.0008729726137528,0.0033036876365162,0.0102296094966658,0.0218157339683919,88.05056571960449,87.83741012573242,86.71124698638916,1,1,0.1006616410121949,0.0993710484922072,1,99.99972218308302,99.99999922471784,0.0023077117264148,19.27885352193013,0.0,0.1517705370236211,-0.0596535533440278,0,,
2025-05-29 04:00:00,88.19876861572266,88.2083878078267,88.19876861572266,88.19876861572266,7477700,0.0001091777951742,0.000873310498721,0.0034132261210226,0.0102298938464127,0.0215929739391211,88.06508750915528,87.85166336059571,86.72667762756348,1,1,0.1003141867397516,0.0995596761417161,1,99.99973576633626,99.99999928009512,0.0022441914981345,19.27964650743128,0.0,0.1511903010657354,-0.0573476884552678,0,,
2025-05-30 04:00:00,88.22761535644531,88.23723454816793,88.22761535644531,88.22761535644531,19202100,0.0003270651186564,0.0009818376056354,0.0036319939359439,0.0103399310543124,0.0218156736656418,88.07999382019042,87.86630279541015,86.74211292266845,1,1,0.1011999476182694,0.0998877304370268,1,99.99977177022546,99.9999993315169,0.0023052686223795,19.276328552702477,0.0,0.1514091105151898,-0.0557117857036968,0,,
2025-06-02 04:00:00,88.25270995792603,88.25270995792603,88.2430648803711,88.2430648803711,17013900,0.0001751098435944,0.0007203750103068,0.0035662182017777,0.0103069487174358,0.0219946036484397,88.09423027038574,87.880869140625,86.75757904052735,1,1,0.1019730847152402,0.1003048012926695,1,99.999788399773,99.9999993792657,0.0022920512072962,19.231055360993928,0.0,0.1505873798289743,-0.0544083395585627,0,,
2025-06-03 04:00:00,88.2526995506748,88.2623519897461,88.2526995506748,88.2623519897461,8454700,0.0002185679905968,0.0009391004518219,0.0034563649965846,0.0105277694771028,0.0218838003115808,88.1094310760498,87.89524826049805,86.77309501647949,1,1,0.1029553053001564,0.1008349020941668,1,99.9998072785918,99.99999942360388,0.0022270946574871,19.85621433029152,0.0,0.1497662379021609,-0.045917639361943,0,,
2025-06-04 04:00:00,88.2623519897461,88.27200442881738,88.2623519897461,88.2623519897461,14872200,0.0,0.0008301664995982,0.0034563649965846,0.0104173562922236,0.0216612562097942,88.12367057800293,87.90962738037109,86.78856456756591,1,1,0.1025515715099913,0.1011782359773317,1,99.9998072785918,99.99999946477502,0.0022270946574871,19.435493120749214,0.0,0.1498064370061345,-0.0511341135323414,0,,
2025-06-05 04:00:00,88.2719955444336,88.28164798253339,88.2719955444336,88.2719955444336,7780200,0.0001092601145347,0.0008302488783034,0.0033466896242821,0.0104172652471437,0.0214937716620711,88.13839225769043,87.92400848388672,86.80384998321533,1,1,0.1018358633986338,0.1013097614615922,1,99.99981675886872,99.99999950300536,0.0022257361113144,19.43523776201204,0.0,0.1505503800171718,-0.0545989774738386,0,,
2025-06-06 04:00:00,88.30095672607422,88.3106091654016,88.30095672607422,88.30095672607422,7582100,0.0003280902562812,0.0008312745315919,0.00367587789682,0.0103068242556048,0.0216054087667816,88.15359992980957,87.9387777709961,86.81928020477295,1,1,0.1024248944576555,0.1015327880608048,1,99.99984191008753,99.99999953850498,0.0022203644344377,19.65543952814673,0.0,0.1490690032153347,-0.0599646719000641,0,,
2025-06-09 04:00:00,88.31059875991225,88.32024383544922,88.31059875991225,88.32024383544922,8128000,0.0002184246931189,0.0008746177978151,0.0036755943362518,0.0104171594529161,0.0217168123503674,88.16833000183105,87.95355072021485,86.83471382141113,1,1,0.1032577235912981,0.1018777751669035,1,99.99985607779035,99.9999995714689,0.0022202941523264,19.86444339908909,0.0,0.1489673018865321,-0.054267239426909,0,,
2025-06-10 04:00:00,88.32025783859987,88.32991027832031,88.32025783859987,88.32991027832031,9514600,0.0001094476470093,0.000765425881491,0.0034565823664809,0.0104173303099417,0.0217169087956901,88.1835433959961,87.96794387817383,86.85010272979736,1,1,0.1035046111063167,0.1022031423547861,1,99.999862718165,99.99999960207826,0.0021586749837526,19.864940416698037,0.0,0.1481436658481829,-0.0610024219731542,0,,
2025-06-11 04:00:00,88.32991027832031,88.33956271804075,88.32991027832031,88.32991027832031,7435700,0.0,0.000765425881491,0.0034565823664809,0.010306849349974,0.0212705110578748,88.19779396057129,87.98233703613282,86.8654916381836,1,1,0.1025185017678893,0.1022662142374068,1,99.999862718165,99.99999963050124,0.0021586749837526,19.44036761749325,0.0,0.1485673824989097,-0.0271964368892843,0,,
2025-06-12 04:00:00,88.33954620361328,88.34919864152927,88.33954620361328,88.33954620361328,5315900,0.0001090901741278,0.0007652558295874,0.0033465563614423,0.0101965028870694,0.0212703934948266,88.21252632141113,87.99652038574219,86.88074279785157,1,1,0.1013462847680699,0.1020822283435394,0,99.99986967008827,99.999999656894,0.0021572667033366,19.236724664914355,0.0,0.1479954224702954,-0.0247553125089604,0,,
2025-06-13 04:00:00,88.37815856933594,88.37815856933594,88.36850613033032,88.37815856933594,6221300,0.0004370903789074,0.0008743035876861,0.0037851094879379,0.0104174008188078,0.0214937903427985,88.22870903015136,88.01128448486328,86.89614055633545,1,1,0.1023531264381887,0.1021364079624693,1,99.99989304326314,99.99999968140158,0.002278985044836,19.03435362952504,0.0,0.149734147254232,-0.0120366860422334,0,,
2025-06-16 04:00:00,88.38780364568785,88.38780364568785,88.37815856933594,88.37815856933594,8456900,0.0,0.0006557356657055,0.0036756117932881,0.010196495519875,0.0213822865031529,88.24296760559082,88.02585662841797,86.9114453125,1,1,0.1019755451091981,0.1021042353918151,0,99.99989304326314,99.9999997041586,0.0023518785673785,18.448955639973867,0.0,0.1483229733435344,-0.0166749805484489,0,,
2025-06-17 04:00:00,88.38780849796449,88.3974609375,88.38780849796449,88.3974609375,5518300,0.0002184065438399,0.0007647540789619,0.0034562782704128,0.0104171290450605,0.021382199645183,88.25819129943848,88.04023971557618,86.92680011749268,1,1,0.1020573948604379,0.1020948672855396,0,99.99990311666664,99.99999972529014,0.0021586571832608,19.03409656401804,0.0,0.1496339954108786,-0.0021360935848424,0,,
2025-06-18 04:00:00,88.40711086640266,88.41676330566406,88.40711086640266,88.41676330566406,5063800,0.0002183588528374,0.0009832799226228,0.0036753918322085,0.0105276063113144,0.021270592033975,88.27341842651367,88.05481719970703,86.94225143432617,1,1,0.1024982649765178,0.1021755468237353,1,99.99991203833753,99.99999974491227,0.0020803259177324,19.237980681949757,0.0,0.1496892333344149,-0.0006757442120671,0,,
2025-06-20 04:00:00,88.44571048339188,88.44571048339188,88.4360580444336,88.4360580444336,6516900,0.000218224893653,0.0010925100361944,0.0036752822419516,0.0105274876505276,0.0213822079249064,88.28913078308105,88.06939712524414,86.95756679534912,1,1,0.1032147860806844,0.1023833946751251,1,99.99991997164037,99.99999976313282,0.0020802971031719,19.23786570780681,0.0,0.1500743387402171,-0.0016912481257358,0,,
2025-06-23 04:00:00,88.44570797391324,88.45536041259766,88.44570797391324,88.45536041259766,6474200,0.0002182635521177,0.0008735398486623,0.0037850958355893,0.0104172839781608,0.021493437616987,88.30484504699707,88.08436309814454,86.97281047821045,1,1,0.104139716188726,0.1027346589778453,1,99.99992705906276,99.99999978005192,0.0020711511392971,19.23161893348449,0.0,0.1486389471386811,-0.0280067983324104,0,,
2025-06-24 04:00:00,88.45536041259766,88.46500548862862,88.45536041259766,88.45536041259766,16266600,0.0,0.0008735398486623,0.0035657073372603,0.0104172839781608,0.021493437616987,88.31863594055176,88.0991374206543,86.98800750732421,1,1,0.1036775991372991,0.1029232470097361,1,99.99992705906276,99.99999979576248,0.0021563967567453,19.23161893348449,0.0,0.1470148283599281,-0.0384581810550843,0,,
2025-06-25 04:00:00,88.47466403603056,88.47466403603056,88.46501159667969,88.46501159667969,7119500,0.0001091079617674,0.0007641696770843,0.0032373614893888,0.0104173683280877,0.0214596373066442,88.33290939331054,88.11333816528321,87.00320613861084,1,1,0.1029039255435861,0.1029193827165061,0,99.99993062197954,99.99999981035089,0.0019323782183341,19.23185171987357,0.0,0.1469485389911582,-0.0458685705764364,0,,
2025-06-26 04:00:00,88.47465515136719,88.48430758974875,88.47465515136719,88.47465515136719,7976100,0.0001090098165754,0.0006547609699643,0.0033467242101463,0.0104172774902411,0.0211233779230317,88.3471851348877,88.12773178100586,87.0182194519043,1,1,0.1018943631242308,0.102714378798051,0,99.99993408655163,99.99999982389726,0.001858448367408,19.231601011180764,0.0,0.1458236361106782,-0.0334873458253385,0,,
2025-06-27 04:00:00,88.51325225830078,88.52290469610612,88.51325225830078,88.51325225830078,6878900,0.0004362504365522,0.0008728816681131,0.0036751910416763,0.0106375759560852,0.0215688434424243,88.3629093170166,88.14251403808593,87.03342575073242,1,1,0.1030211775866973,0.1027757385557803,1,99.99994576111708,99.99999983647602,0.0020797481855711,19.05983066050826,0.0,0.1451660188655617,-0.0435164709012757,0,,
2025-06-30 04:00:00,88.53256377785037,88.53256377785037,88.52291870117188,88.52291870117188,16763400,0.0001092089898908,0.0007637557323727,0.0036752223476217,0.0104173460982435,0.0214571682841158,88.37767448425294,88.15729782104492,87.04854038238526,1,1,0.1035010911685105,0.1029208090783263,1,99.99994823402372,99.9999998481563,0.0020797358030283,18.843895830272924,0.0,0.1444910453697017,-0.0443100889991674,0,,
2025-07-01 04:00:00,88.53840637207031,88.53840637207031,88.52872162602353,88.53840637207031,18374200,0.0001749566228235,0.0009388459793198,0.003522604735143,0.010594125304759,0.02141197861469,88.39244155883789,88.17162475585937,87.06373245239257,1,1,0.1039330759419669,0.1031232624510545,1,99.99995200937605,99.99999985900229,0.0020047343021724,19.386649344467195,0.0,0.1445631027227762,-0.0452152962864594,0,,
2025-07-02 04:00:00,88.54808807373047,88.54808807373047,88.53841071450582,88.54808807373047,6569200,0.0001093503040869,0.0009390885226978,0.0034566251044532,0.0104725023896714,0.021076653934926,88.4067283630371,88.18595336914062,87.0789262008667,1,1,0.1038594325101058,0.1032704964628648,1,99.99995425534476,99.99999986907356,0.002014495231095,19.171571032005584,0.0,0.1439264523356408,-0.0442329729151173,0,,
2025-07-03 04:00:00,88.58682709348724,88.60619658815338,88.58682709348724,88.59651184082031,4860800,0.0005468640615879,0.0013773061815798,0.0037859839845764,0.0109146363970016,0.0216350440610895,88.42343635559082,88.20125045776368,87.09412857055663,1,1,0.1064810159993214,0.1039126003701561,1,99.999963465078,99.99999987842544,0.0024083551139457,18.877673097895784,0.0,0.1428790613380832,-0.0459861759268929,0,,
2025-07-07 04:00:00,88.59651642404093,88.606201171875,88.59651642404093,88.606201171875,11518400,0.0001093647013112,0.0010501129627795,0.0038957627388951,0.0109144857570269,0.021523356616637,88.4401466369629,88.21635787963868,87.1092860031128,1,1,0.1080944423955401,0.1047489687752329,1,99.99996498419328,99.99999988710934,0.0023340312276185,18.877278085248044,0.0,0.1439675499710473,-0.0389762092455888,0,,
2025-07-08 04:00:00,88.606201171875,88.61587853241096,88.606201171875,88.606201171875,10532400,0.0,0.0009408012289366,0.0037860889558476,0.0105829438145326,0.0213000360460118,88.45540885925293,88.23146530151367,87.1243968963623,1,1,0.1081266774080091,0.1054245105017882,1,99.99996498419328,99.99999989517296,0.0024083164492359,18.280647846362392,0.0,0.1440464465459291,-0.0432010432022882,0,,
2025-07-09 04:00:00,88.61587524414062,88.62555999161533,88.61587524414062,88.61587524414062,10322900,0.0001091805329387,0.0008749747736001,0.0035664224912459,0.0105828313870179,0.021299816465941,88.4701904296875,88.2459994506836,87.13946273803711,1,1,0.107691440776179,0.1058778965566663,1,99.99996659265034,99.9999999026606,0.0023575354439326,18.28036450530858,0.0,0.1432034360559213,-0.0393480001401793,0,,
2025-07-10 04:00:00,88.62555390065182,88.63523864746094,88.62555390065182,88.63523864746094,9514400,0.0002185094179452,0.000984217453209,0.0035665074996689,0.0105826926723695,0.0214114340671403,88.48545684814454,88.2607292175293,87.15453193664551,1,1,0.1076678494830503,0.1062358871419431,1,99.99996960247128,99.99999990961342,0.002357557592322,18.28022502817819,0.0,0.1428319111448055,-0.0411861573917741,0,,
2025-07-11 04:00:00,88.65460205078125,88.66428679773205,88.65460205078125,88.65460205078125,5713900,0.0002184616820104,0.0006556715242391,0.0036758983614708,0.0108034662672213,0.021411146488949,88.50169143676757,88.27584625244141,87.16951122283936,1,1,0.1079670411908324,0.106582117951721,1,99.99997229094072,99.9999999160696,0.0023527767580258,18.84848456246891,0.0,0.1433670965062957,-0.0322428185811344,0,,
2025-07-14 04:00:00,88.67396086883167,88.67396086883167,88.66427612304688,88.66427612304688,6587100,0.0001091209259513,0.0006554276157175,0.003785420404855,0.0108033297858016,0.0212989810565775,88.51792793273925,88.29096511840821,87.18449222564698,1,1,0.1077427778811852,0.1068142499376138,1,99.99997354960888,99.99999992206465,0.0022798942645542,18.848125622766,0.0,0.1431096567300305,-0.0367356931049065,0,,
2025-07-15 04:00:00,88.67396545410156,88.68364281309022,88.67396545410156,88.67396545410156,6166500,0.0001092811161198,0.0007647803576988,0.003785612048736,0.0104722392720708,0.0210760649648547,88.53271827697753,88.3058546447754,87.19947494506836,1,1,0.107112173174201,0.1068738345849313,1,99.99997478503556,99.99999992763144,0.0022798195906571,18.78616605668566,0.0,0.1437395330494689,-0.0287568990296352,0,,
2025-07-16 04:00:00,88.6836364824331,88.69332122802734,88.6836364824331,88.69332122802734,6745200,0.0002182802339634,0.00087395157666,0.0035660695333921,0.0106928053888728,0.0211872524763889,88.54847640991211,88.32055435180663,87.21446109771729,1,1,0.1069415084528486,0.1068873693585148,1,99.99997708733548,99.99999993280063,0.0020866844054872,19.383378963493776,0.0,0.1432918564864118,-0.0430248603004486,0,,
2025-07-17 04:00:00,88.7030059736216,88.7030059736216,88.69332122802734,88.69332122802734,6559900,0.0,0.0006552989697181,0.0035660695333921,0.0104721257305255,0.0209642979875908,88.56326942443847,88.33525405883789,87.2294472503662,1,1,0.1055890901275518,0.1066277135123222,0,99.99997708733548,99.9999999376006,0.0020866844054872,18.786055745171737,0.0,0.1424202884744397,-0.0397961606083998,0,,
2025-07-18 04:00:00,88.72236328959636,88.74173277973958,88.72236328959636,88.73204803466797,6681400,0.0004366372360897,0.0008735698101984,0.0037850306289286,0.0108028957788852,0.0212986893012951,88.57903366088867,88.35034378051758,87.24448692321778,1,1,0.1064155265548123,0.1065852761208202,0,99.99998109316822,99.9999999420577,0.002279149238282,18.84879970432556,0.0,0.1425869069658961,-0.0470955041040773,0,,
2025-07-21 04:00:00,88.75142669677734,88.75142669677734,88.74174195070488,88.75142669677734,6678700,0.0002183952984136,0.0009829277082182,0.0037850672044656,0.0105823874927428,0.0215217361333146,88.59480209350586,88.36582107543946,87.25957683563233,1,1,0.1073961831084915,0.1067474575183545,1,99.99998272107908,99.99999994619644,0.0022791569855476,18.986988514854197,0.0,0.1423481302864645,-0.0490422917161308,0,,
2025-07-22 04:00:00,88.76111602783203,88.76111602783203,88.75143866775103,88.76111602783203,4792100,0.0001091738061607,0.0009828203045185,0.0036756272338045,0.0105822734714984,0.0210759052231099,88.61008987426757,88.38110733032227,87.27461669921875,1,1,0.1077135537334328,0.1069406767613701,1,99.99998348667746,99.99999995003957,0.0022873601343819,18.98668255601763,0.0,0.1423432986351699,-0.0515147370959262,0,,
2025-07-23 04:00:00,88.76110535388352,88.77079010009766,88.76110535388352,88.77079010009766,6437300,0.0001089899800559,0.0008734465120676,0.0035659759457051,0.0106924168133291,0.0211871922656559,88.62586135864258,88.39601028442382,87.28965808868408,1,1,0.1075064219111112,0.1070538257913184,1,99.9999842376195,99.99999995360815,0.0022924742601285,19.382324745002087,0.0,0.1411579196389576,-0.0503301970562507,0,,
2025-07-24 04:00:00,88.77079010009766,88.78047484631179,88.77079010009766,88.77079010009766,4807700,0.0,0.0008734465120676,0.0035659759457051,0.010471842111845,0.0209642531571463,88.64115028381347,88.4109132385254,87.30460567474366,1,1,0.1061189947350982,0.1068668595800743,0,99.9999842376195,99.99999995692184,0.0022924742601285,18.78514949362065,0.0,0.1411111907232738,-0.0401567495096532,0,,
2025-07-25 04:00:00,88.79984283447266,88.80952758132841,88.79984283447266,88.79984283447266,5153900,0.0003272780871077,0.0007640396148436,0.0037849001740879,0.0108025474034076,0.0212983923849248,88.65740966796875,88.42601211547851,87.31960468292236,1,1,0.1061402429121756,0.1067215362464946,0,99.99998639281768,99.99999995999886,0.0023440178523996,19.397981554165785,0.0,0.1405635971804513,-0.0434501891243098,0,,
2025-07-28 04:00:00,88.81920165242997,88.81920165242997,88.80951690673828,88.80951690673828,6305300,0.0001089424480587,0.0006545270552034,0.003784832557959,0.0104717013971324,0.0209638744216402,88.67222290039062,88.44130447387695,87.33455841064453,1,1,0.1057190357910684,0.1065210361554094,0,99.9999870288105,99.99999996285608,0.0023440435425893,19.364425636210974,0.0,0.1406142051882646,-0.0357241875278689,0,,
2025-07-29 04:00:00,88.81920623779297,88.82888359668776,88.81920623779297,88.81920623779297,7664300,0.0001091023956909,0.0006544556057939,0.0034565895127132,0.0104717749617766,0.0209640465627991,88.68703727722168,88.45659851074218,87.34956058502198,1,1,0.1049571929650312,0.1062082675173337,0,99.9999876513578,99.99999996550922,0.0021599998880753,19.36463063605853,0.0,0.1410014588357084,-0.0286882568138081,0,,
2025-07-30 04:00:00,88.82888793945312,88.83857268611827,88.82888793945312,88.82888793945312,6895100,0.0001090045956302,0.0006544702293396,0.003456384434342,0.0105819210290021,0.0210753363358477,88.70156135559083,88.47131652832032,87.3645643234253,1,1,0.103936543670045,0.105753922747876,0,99.99998825779362,99.99999996797284,0.0021600657334239,19.779794299120223,0.0,0.1411946394307402,-0.0228139116201089,0,,
2025-07-31 04:00:00,88.83856964111328,88.84825438744647,88.83856964111328,88.83856964111328,11795100,0.0001089927149235,0.0007635342767502,0.0033902041085036,0.0105818957829764,0.0210751400177657,88.71608543395996,88.48622817993164,87.37956958770752,1,1,0.1027247571050367,0.1051480896193081,0,99.99998884761186,99.99999997026048,0.0021680478295036,19.77972161011262,0.0,0.1417417339702339,-0.019516520463404,0,,
2025-08-01 04:00:00,88.87646484375,88.87646484375,88.8667463076487,88.87646484375,20144800,0.0004265625030863,0.0008628619919988,0.0037084569205616,0.0107697169324605,0.0213994517565394,88.73008308410644,88.50151306152344,87.39452987670899,1,1,0.1036276783017058,0.1048440073557877,0,99.99999079632155,99.99999997238474,0.0023438310351386,19.5970824792593,0.0,0.1441651151888727,0.0016582278612364,1,,
2025-08-04 04:00:00,88.88618469238281,88.88618469238281,88.87646615613801,88.88618469238281,20328000,0.0001093635829225,0.00086328344433,0.0032695739995154,0.010548730903926,0.0211771845830293,88.74408226013183,88.51680053710938,87.40958560943604,1,1,0.1039295255313277,0.1046611109908957,0,99.99999122009064,99.99999997435728,0.0019248032653336,19.37943245961941,0.0,0.1420221850533898,-0.0059972138441325,0,,
2025-08-05 04:00:00,88.8958958155565,88.8958958155565,88.88618469238281,88.88618469238281,8588400,0.0,0.0007540987746561,0.0031598637206522,0.010548730903926,0.0208869057351803,88.75808143615723,88.53170272827148,87.42450061798095,1,1,0.1029816334687012,0.1043252154864568,0,99.99999122009064,99.99999997618887,0.001993848291467,19.37943245961941,0.0,0.1427458880131235,-0.0084856758218739,0,,
2025-08-06 04:00:00,88.90562570079585,88.91534423828125,88.89590716331044,88.91534423828125,7208800,0.0003280548715118,0.0009732903431938,0.0034889552008507,0.0106593347986085,0.0212218126578693,88.77305488586425,88.54641876220703,87.43956142425537,1,1,0.1033915207452196,0.1041384765382094,0,99.99999243240758,99.99999997788969,0.0020061770558556,19.38792382999164,0.0,0.1417072841187326,-0.0162389457240139,0,,
2025-08-07 04:00:00,88.91534423828125,88.92505536269458,88.91534423828125,88.91534423828125,7157900,0.0,0.0008642034363917,0.0033794057025964,0.0106593347986085,0.0211101467453882,88.78706016540528,88.56113479614258,87.45452857971192,1,1,0.1025344065516833,0.1038176625409041,0,99.99999243240758,99.999999979469,0.0020793680832816,19.38792382999164,0.0,0.1418260810474803,-0.0096181701108282,0,,
2025-08-08 04:00:00,88.95420706244856,88.95420706244856,88.94448852539062,88.94448852539062,6243500,0.0003277756765049,0.0007653733950852,0.0034890172650146,0.0107695416916906,0.0212212416869037,88.80155448913574,88.57624176025391,87.46950096130371,1,1,0.1030192954680018,0.1036579891263237,0,99.99999347652054,99.9999999809355,0.0021508816334592,19.401260735825627,0.0,0.1407748659357372,-0.0144018601486246,0,,
2025-08-11 04:00:00,88.95420837402344,88.9639194981528,88.95420837402344,88.95420837402344,8361400,0.0001092799429616,0.0007652897002614,0.0033794785190122,0.0105488122976362,0.0211097611418515,88.81605110168456,88.59135055541992,87.48442806243897,1,1,0.1030005576669736,0.1035265028344537,0,99.99999378452354,99.99999998229724,0.0021505020841467,19.181652748234097,0.0,0.1410692197801995,-0.0160279225993483,0,,
2025-08-12 04:00:00,88.96391296386719,88.97363150035459,88.96391296386719,88.96391296386719,6571900,0.0001090964668355,0.0008744696574993,0.003379453979915,0.0106590596026225,0.0211094663778537,88.83054847717285,88.60607650756836,87.49935668945312,1,1,0.1025862368398264,0.1033384496355282,0,99.9999940848172,99.99999998356174,0.0021505094743437,19.58685968886201,0.0,0.1395984424497101,-0.0245351317342908,0,,
2025-08-13 04:00:00,88.97362518310547,88.98334371890284,88.97362518310547,88.97362518310547,6791500,0.0001091703244013,0.000655465547859,0.0033793428259281,0.0105483248544373,0.0211094380520981,88.84456367492676,88.62068771362304,87.51433387756347,1,1,0.1018673165089012,0.1030442230102028,0,99.99999437758328,99.9999999847359,0.0021505428711237,19.378023324086957,0.0,0.1391373946383557,-0.0320172071905181,0,,
2025-08-14 04:00:00,88.99305615460815,88.99305615460815,88.98334503173828,88.98334503173828,6475800,0.000109244156488,0.0007647813101279,0.0032699621538052,0.0106587213537765,0.0211094972820258,88.8590648651123,88.6351075744629,87.52931282043457,1,1,0.1009185512800598,0.1026190886641743,0,99.99999466231212,99.9999999858262,0.0021469068015409,19.7921708622662,0.0,0.1391396461247081,-0.0289772947571342,0,,
2025-08-15 04:00:00,89.022216796875,89.022216796875,89.01249826038463,89.022216796875,5354600,0.0004368431544448,0.0008738964355523,0.0037082337688323,0.0109899250356106,0.0213321980062686,88.87357330322266,88.65030487060547,87.54429866790771,1,1,0.1021260292879873,0.1025204767889369,0,99.99999561804366,99.9999999868386,0.0022776318928511,19.82547403276375,0.0,0.13952710171462,-0.0203144284484361,0,,
2025-08-18 04:00:00,89.022216796875,89.03192792029407,89.022216796875,89.022216796875,15606200,0.0,0.000764532944474,0.0032701686553393,0.0105482827559186,0.020997781832023,88.88711280822754,88.6653092956543,87.55928451538085,1,1,0.1019082296726736,0.1023980273656842,0,99.99999561804366,99.99999998777872,0.0021472466770819,19.378946888129448,0.0,0.13955746045494,-0.021246316197045,0,,
2025-08-19 04:00:00,89.04164123535156,89.04164123535156,89.03192269943109,89.04164123535156,11862700,0.0002181976497044,0.0008737056284378,0.0032699704035827,0.0107687820161288,0.02099757095844,88.90113906860351,88.68012298583984,87.57427375793458,1,1,0.1021257694574018,0.1023435757840277,0,99.99999603000484,99.99999998865164,0.0021471738264218,20.007042352801168,0.0,0.1403493383362456,-0.0140415750189097,0,,
2025-08-20 04:00:00,89.05136239641023,89.06108093261719,89.05136239641023,89.06108093261719,6916000,0.0002183214167654,0.0009829401615562,0.0033794629699237,0.0107687691926041,0.0211089936804229,88.9156536102295,88.69493972778321,87.58931335449219,1,1,0.1026831252591335,0.1024114856790489,1,99.99999639525356,99.99999998946224,0.0021508018854321,20.00702951542041,0.0,0.1407539746847164,-0.0111654286903024,0,,
2025-08-21 04:00:00,89.06108093261719,89.07079205575306,89.06108093261719,89.06108093261719,4656000,0.0,0.0008736005693108,0.0032701165799267,0.0106587689222326,0.0208862794182003,88.93016815185547,88.70956314086914,87.60425910949706,1,1,0.101949621966952,0.1023191129366295,0,99.99999639525356,99.99999999021496,0.0022159548241662,19.58816217190315,0.0,0.1413209291379305,0.0011548023617082,1,,
2025-08-22 04:00:00,89.09992871221024,89.09992871221024,89.09021759033203,89.09021759033203,7468100,0.0003271536501661,0.0007638631782467,0.0035983400606685,0.0107684465455943,0.0208858213092921,88.94468688964844,88.72476928710938,87.61916702270508,1,1,0.1025374126301841,0.1023627728753404,1,99.99999689226097,99.99999999091388,0.0022165133931199,19.59835783227193,0.0,0.1392290515310573,-0.0133379867505153,0,,
2025-08-25 04:00:00,89.09994506835938,89.10966360509177,89.09994506835938,89.09994506835938,7319800,0.0001091868253377,0.0008731334073799,0.0033795356422658,0.0104378237891431,0.0208860814820124,88.95920829772949,88.7399772644043,87.63402946472168,1,1,0.102605396010901,0.1024112975024525,1,99.99999703904058,99.99999999156287,0.0021506209817809,19.58245611356141,0.0,0.1398597851076861,-0.0050070721501362,0,,
2025-08-26 04:00:00,89.11938345386766,89.11938345386766,89.10966491699219,89.10966491699219,8729600,0.0001090892775001,0.00076395359179,0.0033796829518744,0.0105480517212992,0.0209974492070512,88.97373123168946,88.75460739135742,87.64894050598144,1,1,0.1022647396216456,0.1023819859262912,0,99.99999718224876,99.99999999216554,0.0021505765342314,20.008531668156493,0.0,0.1392918223870179,-0.009404332936891,0,,
2025-08-27 04:00:00,89.11936950683594,89.12908804219046,89.11936950683594,89.11936950683594,4919400,0.000108906142255,0.0006544786298163,0.0033794860566458,0.0105481149225197,0.0208856275157687,88.98825531005859,88.76943161010742,87.66380592346191,1,1,0.1016065887672112,0.1022269064944752,0,99.99999732153972,99.99999999272517,0.0021506359549615,20.00871761029065,0.0,0.1389903008754266,-0.0142633840592042,0,,
2025-08-28 04:00:00,89.12909698486328,89.13880810812172,89.12909698486328,89.12909698486328,5490300,0.000109151109138,0.0007637011760226,0.0033796330492708,0.0105480879579398,0.0208858876244448,89.00278167724609,88.7840643310547,87.67867294311523,1,1,0.1007090148205662,0.1019233281596934,0,99.99999745722596,99.99999999324478,0.0021505916585985,20.008638421178333,0.0,0.1385149270352086,-0.0189788536330809,0,,
2025-08-29 04:00:00,89.16795349121094,89.177672027234,89.16795349121094,89.16795349121094,11546500,0.0004359575903059,0.0008725525987192,0.0037076671926201,0.010658093058127,0.0211082280598307,89.01735610961914,88.79908813476563,87.69349895477295,1,1,0.1019577706129553,0.1019302166503458,1,99.99999791220093,99.9999999937273,0.0023413662114171,19.794633166400395,0.0,0.1394067040096629,-0.0164738351589616,0,,
2025-09-02 04:00:00,89.18939971923828,89.18939971923828,89.17964696407921,89.18939971923828,13477100,0.000240514974132,0.0010039809879822,0.0035210094825266,0.0107241837095086,0.0211416660384746,89.03251686096192,88.81415496826172,87.70847911834717,1,1,0.1034850388329431,0.1022411810868653,1,99.99999811290049,99.99999999417535,0.0021734347599746,19.871920775191207,0.0,0.1404812409247802,-0.0255531600641818,0,,
2025-09-03 04:00:00,89.19917297363281,89.19917297363281,89.18942021623242,89.19917297363281,7040700,0.0001095786542493,0.0010044708026228,0.00352122528752,0.0106140496232816,0.0212535613680369,89.04816627502441,88.82903121948242,87.72346122741699,1,1,0.1042819326455202,0.1026493313985962,1,99.99999819791738,99.9999999945914,0.0021733625305872,19.66059509489465,0.0,0.1397393091399139,-0.0160740796419773,0,,
2025-09-04 04:00:00,89.20890569124279,89.21865844726562,89.19916037439313,89.21865844726562,9180600,0.0002184490391921,0.0011141117916242,0.003740443534993,0.0108348172914158,0.0213650437357253,89.06333198547364,88.84429718017579,87.73844657897949,1,1,0.1052722783138762,0.1031739207816522,1,99.9999983568604,99.99999999497771,0.0020915519666041,20.30351658525213,0.0,0.1386113832591232,-0.0289640900452432,0,,
2025-09-05 04:00:00,89.23815678984613,89.24790954589844,89.23815678984613,89.24790954589844,10223000,0.0003278585347716,0.0013330389856338,0.0037402465284952,0.0110557600453655,0.0215881960774106,89.0799602508545,88.85995513916015,87.75357818603516,1,1,0.1071819270525082,0.1039755220358234,1,99.99999856191404,99.99999999533648,0.0020913743610245,20.53105931345376,0.0,0.1390596049314196,-0.0186841431883952,0,,
2025-09-08 04:00:00,89.2576675415039,89.26742029812871,89.2576675415039,89.2576675415039,9201200,0.0001093358450088,0.0010061243617283,0.0038499913165186,0.0108346596786892,0.0212531548674717,89.09561920166016,88.87561538696289,87.76861740112305,1,1,0.1082350597359038,0.1048274295758395,1,99.999998623621,99.99999999566955,0.0020068423363054,20.303973826917897,0.0,0.138733963721351,-0.0218021770276095,0,,
2025-09-09 04:00:00,89.26742553710938,89.26742553710938,89.25767277991218,89.26742553710938,8740800,0.0001093238919886,0.0008748328626126,0.0036307703498297,0.0107244008907501,0.0212532781377821,89.11128005981445,88.89069885253906,87.78365825653076,1,1,0.1086051313197913,0.1055829699246299,1,99.99999868441397,99.99999999597888,0.0019501567562463,20.08592761910235,0.0,0.1384291198364773,-0.0166631030593963,0,,
2025-09-10 04:00:00,89.26742295618442,89.27716827392578,89.26742295618442,89.27716827392578,9027200,0.0001091410081313,0.0008743948816209,0.0036306309257949,0.0107240909972707,0.021253137705405,89.12694282531739,88.90578384399414,87.79860675811767,1,1,0.1084346065082542,0.1061532972413547,1,99.999998744061,99.9999999962661,0.0019502136572315,20.08501731470801,0.0,0.1380451596895865,-0.0214367109658991,0,,
2025-09-11 04:00:00,89.28691864013672,89.28691864013672,89.27716588348264,89.28691864013672,9714300,0.0001092145550698,0.000765088761242,0.0036307494298359,0.0108344767791674,0.0212529954490903,89.14260749816894,88.92075408935547,87.81355690002441,1,1,0.1078430894276181,0.1064912556786074,1,99.99999880257278,99.9999999965328,0.0019501652525519,20.52529546358062,0.0,0.1369223878616089,-0.0191696593539373,0,,
2025-09-12 04:00:00,89.30642461064767,89.31617736816406,89.30642461064767,89.31617736816406,7154200,0.0003276933337263,0.0007649234879896,0.0038500419012221,0.0110554242864204,0.0213646538391441,89.15924911499023,88.93611587524414,87.82860626220703,1,1,0.1084846986295389,0.1068899442687937,1,99.99999895926084,99.99999999678046,0.0020067060096171,20.75195910207389,0.0,0.1370131027729176,-0.0152675840377748,0,,
2025-09-15 04:00:00,89.31616734855814,89.32592010498047,89.31616734855814,89.32592010498047,8876200,0.000109081435228,0.0007646689114391,0.0038498785713214,0.010723933955933,0.0212530502931143,89.1744342803955,88.95070404052734,87.84356311798096,1,1,0.1085282894183592,0.1072176132987068,1,99.99999900590782,99.99999999701042,0.0020067814528731,20.765893478397864,0.0,0.1363023682733625,-0.0203915845006723,0,,
2025-09-16 04:00:00,89.33567810058594,89.34542341840631,89.33567810058594,89.33567810058594,7036400,0.0001092403592821,0.0007645853239957,0.0035211581444458,0.0108343458016133,0.0211413136799152,89.19010734558105,88.96529357910157,87.85852169036865,1,1,0.1081040677266429,0.107394904184294,1,99.99999905175038,99.99999999722397,0.0017942767416888,21.238227728100217,0.0,0.1365052100771369,-0.02165809796339,0,,
2025-09-17 04:00:00,89.34542846679688,89.35518122434223,89.34542846679688,89.34542846679688,5395900,0.0001091430257009,0.0007645873428876,0.0036306854800005,0.0107239226018847,0.0212527641325583,89.20529670715332,88.980078125,87.8735290145874,1,1,0.1073175521077587,0.107379433768987,0,99.99999909658116,99.99999999742224,0.00170351353738,21.00835814826142,0.0,0.1366899370707416,-0.0205472597082998,0,,
2025-09-18 04:00:00,89.36491632983767,89.36491632983767,89.35516357421875,89.35516357421875,6032900,0.0001089603305834,0.0007643329518076,0.0035210754711776,0.0106133750373846,0.021252714782727,89.22000083923339,88.99486389160157,87.88844383239746,1,1,0.1062549338860776,0.1071545337924051,0,99.99999914028432,99.99999999760638,0.0017086905719832,20.782157252725156,0.0,0.1360690556533632,-0.0304973484992692,0,,
2025-09-19 04:00:00,89.39417266845703,89.39417266845703,89.38441991223688,89.39417266845703,6689800,0.0004365622833411,0.0008732494223466,0.0037400369763291,0.0108339815818345,0.0214755238396708,89.2366554260254,89.01004257202149,87.90345962524414,1,1,0.1073233523822665,0.1071882975103774,1,99.99999928875842,99.99999999777737,0.0019419704653227,20.52624189901494,0.0,0.1354575539688111,-0.037628924709012,0,,
2025-09-22 04:00:00,89.39417027870853,89.40392303466797,89.39417027870853,89.40392303466797,6255200,0.0001090716085834,0.0008732395881936,0.003849516516762,0.0107236307403617,0.0212526258252219,89.2523406982422,89.02502899169922,87.91840614318848,1,1,0.1077151812450267,0.1072936742573073,1,99.99999932035344,99.99999999793611,0.0018507675644024,20.30493320089029,0.0,0.1348344257992871,-0.0458990991512128,0,,
2025-09-23 04:00:00,89.40392303466797,89.41366835145428,89.40392303466797,89.40392303466797,7854700,0.0,0.0007639157784775,0.0035212108896003,0.0107236307403617,0.0212526258252219,89.26753959655761,89.03982192993163,87.93325813293457,1,1,0.1067946462372901,0.1071938686533039,0,99.99999932035344,99.99999999808354,0.0018764597154148,20.30493320089029,0.0,0.1355724108064843,-0.0262634894396117,0,,
2025-09-24 04:00:00,89.41368626796523,89.4234390258789,89.41368626796523,89.4234390258789,6711500,0.0002182900990079,0.000873134310515,0.0036306863856239,0.0108339716674517,0.0213642014688553,89.28322830200196,89.05481140136719,87.9481604385376,1,1,0.106413227553034,0.1070377404332499,0,99.9999993838867,99.99999999822045,0.0018718664683693,20.526156899856765,0.0,0.1360348178486494,-0.0273485852712531,0,,
2025-09-25 04:00:00,89.4234390258789,89.43319178379257,89.4234390258789,89.4234390258789,11455100,0.0,0.0007640907243535,0.0035212129815436,0.0107237928521843,0.0212527830683146,89.29843177795411,89.06941375732421,87.9630154800415,1,1,0.1049017088966906,0.106610534125938,0,99.9999993838867,99.99999999834756,0.0019548092051894,20.086434577717284,0.0,0.1366653229729463,-0.0188560919733958,0,,
2025-09-26 04:00:00,89.45267486572266,89.45267486572266,89.44292954861719,89.45267486572266,7888800,0.0003269371001857,0.0006544296515007,0.003739987846987,0.0106133554406118,0.0213638317713453,89.31461067199707,89.08460083007813,87.97782775878906,1,1,0.1048542133113414,0.1062592699630187,0,99.99999946996896,99.99999999846558,0.0020175039548449,20.31133196724905,0.0,0.1359312342722058,-0.0220092091603032,0,,
2025-09-29 04:00:00,89.45268010447812,89.46243286132812,89.45268010447812,89.46243286132812,6928500,0.0001090855653016,0.0006544436158295,0.0037399220651976,0.010613230719694,0.0211411385155648,89.32933464050294,89.09920852661133,87.9926416015625,1,1,0.1044004974644252,0.1058875154633,0,99.99999949531464,99.99999999857518,0.002017532062655,20.310956801819945,0.0,0.1355650748707313,-0.0212962763480898,0,,
2025-09-30 04:00:00,89.46243286132812,89.47218561817813,89.46243286132812,89.46243286132812,14165800,0.0,0.0006544436158295,0.0033025247141755,0.010436448171144,0.0211411385155648,89.34298629760742,89.11342864990235,88.00736103057861,1,1,0.1028552728269289,0.1052810669360258,0,99.99999949531464,99.99999999867696,0.0018747805095378,19.72069232699892,0.0,0.1350563356493662,-0.0312063066923607,0,,
2025-10-01 04:00:00,89.48296356201172,89.48296356201172,89.47317763591494,89.48296356201172,15501400,0.0002294896307528,0.0006656480312234,0.0032914656192053,0.0105578280527391,0.0211408973219224,89.35717582702637,89.12786560058593,88.02213588714599,1,1,0.1021102635748718,0.104646906263795,0,99.99999954805035,99.99999999877146,0.0018689738740049,19.94086006539144,0.0,0.1346285734671615,-0.0416615586471966,0,,
2025-10-02 04:00:00,89.49275207519531,89.49275207519531,89.48296614881563,89.49275207519531,7225200,0.0001093896848511,0.0007751105311029,0.0032912760485939,0.010115976529474,0.0211410251320955,89.37088050842286,89.14230484008789,88.03686515808106,1,1,0.1011437671945856,0.1039462784499531,0,99.99999957106344,99.9999999988592,0.0018690337613639,20.512846759490188,0.0,0.1344884085837448,-0.0375764027208097,0,,
2025-10-03 04:00:00,89.52210739909523,89.52210739909523,89.51232147216797,89.51232147216797,6177600,0.000218670188578,0.0006667951130008,0.0032914978773852,0.0102263756747149,0.0212524770633897,89.38410110473633,89.1571354675293,88.05155048370361,1,1,0.100794996658621,0.1033160220916867,0,99.99999961344189,99.9999999989407,0.0018691262904218,20.72754253845224,0.0,0.1345198036920785,-0.0295183517460164,0,,
2025-10-06 04:00:00,89.5318832397461,89.5318832397461,89.52209731392128,89.5318832397461,7041200,0.0002185371494829,0.0007763077327174,0.003181852609126,0.0104471476671874,0.0211406530585038,89.39781188964844,89.17177627563477,88.06628646850587,1,1,0.1009335653428564,0.1028395307419207,0,99.99999965060282,99.99999999901635,0.0017790362900006,21.440996581029864,0.0,0.1340684012898581,-0.0358925486953815,0,,
2025-10-07 04:00:00,89.5318832397461,89.5416617010966,89.5318832397461,89.5318832397461,7071900,0.0,0.0007763077327174,0.0030721808646263,0.0103368385527065,0.0210290629592027,89.41103477478028,89.18622360229492,88.08097511291504,1,1,0.0998918904904115,0.1022500026916189,0,99.99999965060282,99.9999999990866,0.0018504126306159,20.94674524780269,0.0,0.134567308543516,-0.0300334183935218,0,,
2025-10-08 04:00:00,89.55146789550781,89.55146789550781,89.54168196746811,89.55146789550781,7236300,0.0002187450442572,0.0007655572722355,0.00318192618068,0.0103370765626422,0.021029163339405,89.42474975585938,89.20086883544921,88.09576168060303,1,1,0.0994997030686022,0.1016999427670155,0,99.999999685687,99.99999999915184,0.0018618085656076,20.94693717475624,0.0,0.1337988946537847,-0.0334483466207266,0,,
2025-10-09 04:00:00,89.55146789550781,89.56125382354753,89.55146789550781,89.55146789550781,9389800,0.0,0.0006560958172698,0.0030724498422756,0.010116404833816,0.021029163339405,89.43797721862794,89.21532043457032,88.11048667907716,1,1,0.0980585339709563,0.1009716610078037,0,99.999999685687,99.99999999921243,0.0019300824189164,20.25960325725498,0.0,0.1341876373636172,-0.0279439158507507,0,,
2025-10-10 04:00:00,89.58082076113529,89.59060668945312,89.58082076113529,89.59060668945312,14648000,0.0004370536280988,0.0008745747624196,0.0034012602735278,0.0104476188935518,0.021363817751737,89.45169868469239,89.23036117553711,88.12521755218506,1,1,0.098934119705234,0.1005641527472898,0,99.99999974502694,99.9999999992687,0.0021703051410214,20.17947730809459,0.0,0.1379754615874562,0.0076910265902729,1,,
2025-10-13 04:00:00,89.59059401691403,89.60037994384766,89.5808080899804,89.60037994384766,13286000,0.0001090879362879,0.0007650537621122,0.0031819831978714,0.0104474237167797,0.0210290709097895,89.46542167663574,89.24483947753906,88.13999729156494,1,1,0.0992722983979916,0.1003057818774302,0,99.9999997573463,99.99999999932092,0.0020902910256008,20.17889400531492,0.0,0.1359051739062088,-0.0080862986406861,0,,
2025-10-14 04:00:00,89.61015840630613,89.61015840630613,89.60037994384766,89.60037994384766,8281800,0.0,0.0007650537621122,0.0030725666026683,0.0102269111502577,0.0210290709097895,89.47865676879883,89.25912338256836,88.1546823501587,1,1,0.0984059449703949,0.0999258144960231,0,99.9999997573463,99.99999999936944,0.0021513159179058,19.535445937338856,0.0,0.1360714061931978,-0.0016944832513947,0,,
2025-10-15 04:00:00,89.61994675483477,89.61994675483477,89.61016082763672,89.61016082763672,11747900,0.0001091611865395,0.0006554100508702,0.0030724871953367,0.010337188718553,0.0209175667890395,89.49189338684081,89.27360290527344,88.16932132720947,1,1,0.097385984211499,0.0994178484391183,0,99.99999977023155,99.99999999941448,0.0021513330309434,19.966213911767984,0.0,0.135484759620846,-0.0074755421841715,0,,
2025-10-16 04:00:00,89.61994934082031,89.61994934082031,89.61016341333989,89.61994934082031,7811800,0.000109234411513,0.0007647160557144,0.003072578851927,0.0100065458401843,0.0209175412908877,89.5051326751709,89.28769500732422,88.18381950378418,1,1,0.0962579079254482,0.0987858603363842,0,99.99999978266952,99.99999999945628,0.0021513132714544,20.048998748817063,0.0,0.136428674032143,-0.0019113553213749,0,,
2025-10-17 04:00:00,89.64930483075648,89.64930483075648,89.6395263671875,89.6395263671875,10183500,0.0002184449613191,0.0005460357903808,0.0031823879179915,0.0100065959890918,0.0206948771580746,89.51740036010742,89.30217864990234,88.19841556549072,1,1,0.095838831366791,0.0981964545424656,0,99.99999980536292,99.99999999949512,0.0021609024693058,20.04903685566676,0.0,0.1356882688195647,-0.0027984822263236,0,,
2025-10-20 04:00:00,89.65908813476562,89.65908813476562,89.64930220700704,89.65908813476562,8215400,0.0002182270296475,0.0006552225666316,0.0029634534153708,0.0101167284405485,0.0208060598990416,89.5301586151123,89.31647064208984,88.21301460266113,1,1,0.0959787975009618,0.0977529231341648,0,99.99999982502383,99.9999999995312,0.0019162819825324,20.25775081920681,0.0,0.1343208786731317,-0.0083913762088237,0,,
2025-10-21 04:00:00,89.66887406252421,89.66887406252421,89.65908813476562,89.65908813476562,6989600,0.0,0.0006552225666316,0.0028540705087261,0.0100066478361444,0.0208060598990416,89.54291687011718,89.33056823730469,88.22751880645752,1,1,0.0949946821074974,0.0972012749288314,0,99.99999982502383,99.99999999956468,0.001975461574337,19.80786045561693,0.0,0.1343228929684905,-0.0037937850646396,0,,
2025-10-22 04:00:00,89.67864990234375,89.67864990234375,89.66886397568598,89.67864990234375,13191400,0.0002181794170015,0.0007643003212411,0.0030728726251672,0.0102270104977368,0.0208059482487903,89.55567741394043,89.34486297607423,88.2420733642578,1,1,0.0947015739324399,0.0967013347295531,0,99.99999984337292,99.99999999959576,0.0019306499785153,20.470751957069872,0.0,0.135054322024169,-0.0038214912549927,0,,
2025-10-23 04:00:00,89.67866758081142,89.68844604492188,89.67866758081142,89.68844604492188,7399500,0.000109236062193,0.0007643019730023,0.002963507352544,0.0100068106213389,0.0209174570708403,89.56892776489258,89.35915939331055,88.25662952423096,1,1,0.0941741692267754,0.0961959016289975,0,99.99999985175674,99.99999999962463,0.0019161913621679,20.299883626146432,0.0,0.1342728514276848,-0.0129523194784217,0,,
2025-10-24 04:00:00,89.71778106689453,89.71778106689453,89.70800260445156,89.71778106689453,8743100,0.0003270769342793,0.0008729932305362,0.003291553581723,0.0102271039387598,0.0208059005144962,89.58218307495117,89.37384811401367,88.271237449646,1,1,0.0950278662189987,0.0959622945469978,0,99.99999987357948,99.99999999965146,0.001947811183663,20.471963199199596,0.0,0.1332279540526668,-0.0251517271938833,0,,
2025-10-27 04:00:00,89.71778106689453,89.72756699381264,89.71778106689453,89.71778106689453,11472400,0.0,0.0006546233443807,0.0029636475551997,0.0101168977652854,0.0206946146037714,89.59495048522949,89.38775939941407,88.28575035095214,1,1,0.0946137784924587,0.09569259133609,0,99.99999987357948,99.99999999967636,0.0019163624487637,20.015656331148296,0.0,0.1316744962649398,-0.0313153781767461,0,,
2025-10-28 04:00:00,89.73736313750491,89.73736313750491,89.72757720947266,89.72757720947266,13039400,0.000109188417966,0.0007638832396341,0.0029637507014315,0.0101170834270951,0.0208060626339665,89.60820770263672,89.40186660766602,88.30017002105713,1,1,0.0939925897557572,0.0953525910200234,0,99.99999988039828,99.99999999969948,0.001916340944047,20.01620913908224,0.0,0.1313400346000172,-0.0311661412406023,0,,
2025-10-29 04:00:00,89.73735547092278,89.75691986083984,89.73735547092278,89.75691986083984,13416300,0.0003270193209239,0.0008727825249523,0.0032917392260971,0.0103372918253465,0.021028575753097,89.62190551757813,89.41617218017578,88.31468891143798,1,1,0.094775487125176,0.0952371702410539,0,99.99999989812362,99.99999999972094,0.0019478703342714,20.20144321012918,0.0,0.1313199126770761,-0.0276656622906656,0,,
2025-10-30 04:00:00,89.75691986083984,89.76670578803605,89.75691986083984,89.75691986083984,7897200,0.0,0.0007634630650605,0.0030615470020534,0.0099065035792966,0.0207829107510966,89.63511390686035,89.43008895874023,88.32911296844482,1,1,0.0943088057237275,0.0950514973375887,0,99.99999989812362,99.99999999974088,0.0020010352166043,19.81093613393036,0.0,0.132780249099074,-0.0137290644956462,0,,
2025-10-31 04:00:00,89.77649688720703,89.78627535049122,89.77649688720703,89.77649688720703,14371000,0.0002181116107542,0.0006544502061271,0.0031705898570792,0.0100163169102758,0.0206707072459368,89.6483226776123,89.44439727783202,88.34358753204346,1,1,0.0944301280313766,0.0949272234763462,0,99.99999990860452,99.99999999975938,0.0020116719805149,20.015213016897203,0.0,0.1323749829232544,-0.0157145562412865,0,,
2025-11-03 05:00:00,89.78924560546875,89.78924560546875,89.78924560546875,89.78924560546875,17922800,0.0001420050759803,0.0007965482173588,0.0030936984847038,0.0101597443541001,0.0208156476672702,89.66119079589843,89.45837783813477,88.3581258392334,1,1,0.0944660460764339,0.0948349879963638,0,99.99999991475484,99.99999999977656,0.0019965360076231,20.56634785878529,0.0,0.1321457845551587,-0.0176481014078342,0,,
2025-11-04 05:00:00,89.79907989501953,89.79907989501953,89.78926154568065,89.79907989501953,12162100,0.00010952636348,0.0007968863951375,0.0029843743435837,0.0099390680462303,0.0207043466987297,89.6745506286621,89.47236053466797,88.37247619628906,1,1,0.094202152587826,0.0947084209146562,0,99.999999919268,99.99999999979252,0.0019830634133668,20.40527902058775,0.0,0.1337456170158145,-0.0024076088842571,0,,
2025-11-05 05:00:00,89.81869438532755,89.81869438532755,89.80887603759766,89.80887603759766,7973200,0.0001090895651667,0.0005788542748388,0.0030937894728499,0.0100492418600086,0.020815694892075,89.6874210357666,89.48634475708008,88.38687553405762,1,1,0.0937033282928752,0.0945074023903,0,99.99999992360677,99.99999999980734,0.0019196884338926,20.88641835651373,0.0,0.1332982768584144,-0.0094304604798666,0,,
2025-11-06 05:00:00,89.81869506835938,89.82851341616393,89.81869506835938,89.81869506835938,15915800,0.0001093325202912,0.0006882500827267,0.0029840624518111,0.009828675811871,0.0207040678374919,89.70078239440917,89.50033126831055,88.40122905731201,1,1,0.0930279518457126,0.0942115122813826,0,99.99999992779546,99.9999999998211,0.0019056114934818,20.74155992568268,0.0,0.134758721925829,0.0071736562138864,1,,
2025-11-07 05:00:00,89.84815979003906,89.85797813971963,89.84815979003906,89.84815979003906,11525000,0.0003280466461605,0.0007982367915519,0.003313088009651,0.0100495685629267,0.0207043918730054,89.71366004943847,89.51471252441407,88.41572990417481,1,1,0.0937891252835356,0.0941270348818132,0,99.99999993866372,99.99999999983388,0.0019364001764576,20.88609332706508,0.0,0.1346703450968632,0.0035972593506352,1,,
2025-11-10 05:00:00,89.86779022216797,89.86779022216797,89.85797187317212,89.86779022216797,13043700,0.0002184845207156,0.0008747664173986,0.0030938905646173,0.010160043867089,0.020927399982856,89.72703056335449,89.5287092590332,88.4301390838623,1,1,0.0948826246962966,0.0942781528447099,1,99.99999994464216,99.99999999984574,0.0016683185369768,21.103853489820544,0.0,0.1326301499562852,-0.0387410309751559,0,,
2025-11-11 05:00:00,89.8677895403276,89.8677895403276,89.85797119140625,89.85797119140625,6181200,-0.0001092608457095,0.0006558118018087,0.0028748901256894,0.0099394175125586,0.0205925865717822,89.73991012573242,89.54208068847656,88.44445178985596,1,1,0.0938747870279144,0.0941974796813508,0,95.01150035341412,99.9999464665922,0.0018880281847053,19.89809690151395,-0.0001092608457095,0.132312774924586,-0.0264331289116483,0,,
2025-11-12 05:00:00,89.86779022216797,89.87760108195786,89.86779022216797,89.86779022216797,6371200,0.0001092727849463,0.0006559951217477,0.0029844770578864,0.0099394464224089,0.0207041095660125,89.75279159545899,89.55545303344726,88.45881359100342,1,1,0.0927986569835042,0.0939177151417814,0,95.26583082576028,99.99989969556783,0.0018252278744844,19.898182453419015,0.0,0.1322536473648952,-0.0280570248747338,0,,
2025-11-13 05:00:00,89.87760162353516,89.88741997259017,89.87760162353516,89.87760162353516,6625900,0.0001091759499474,0.0006558384658221,0.0029844918637391,0.0096086668860642,0.0207041904504448,89.76567420959472,89.56863189697266,88.47317695617676,1,1,0.0916806764938513,0.0934703074121954,0,95.5120509117828,99.99985909116708,0.0018252245362966,20.056957437632537,0.0,0.1344999818694356,-0.0072685500137898,0,,
2025-11-14 05:00:00,89.9168701171875,89.9168701171875,89.90705176785005,89.9168701171875,10192200,0.0004369107869257,0.0007647382796598,0.0033131102901877,0.0100497758032005,0.0207040664359248,89.77954139709473,89.58201110839843,88.48768928527832,1,1,0.0928925012278654,0.0933547461753294,0,96.33388426010173,99.99982868779396,0.0020856603355869,20.354878043873697,0.0,0.1345807619042746,-0.0135448954626136,0,,
2025-11-17 05:00:00,89.9168701171875,89.92668846652496,89.9168701171875,89.9168701171875,9767000,0.0,0.0005461344370234,0.0030939894624602,0.0098294333942314,0.0207040664359248,89.79243049621581,89.59519515991211,88.50205932617187,1,1,0.0927833325581843,0.0932404634519004,0,96.33388426010173,99.99980256117578,0.0021417879199365,19.69527680483067,0.0,0.1358463779352429,0.0011652379166873,1,,
2025-11-18 05:00:00,89.9365005493164,89.9365005493164,89.92668220066307,89.9365005493164,9642600,0.0002183175649166,0.0008739275644547,0.0030940802580303,0.00982942950537,0.0207040495556125,89.80630111694336,89.60857666015625,88.51640377044677,1,1,0.0932064020317255,0.0932336511678654,0,96.6857493445964,99.99978033459924,0.0021418258125107,19.69527397419124,0.0,0.1370267119950758,0.0201445475094659,1,,
2025-11-19 05:00:00,89.94631140876406,89.94631140876406,89.9365005493164,89.9365005493164,6206200,0.0,0.0007645712326804,0.0030940802580303,0.00982942950537,0.0205929680453376,89.81919364929199,89.62176330566406,88.53074821472168,1,1,0.0924756854992239,0.0930820580341371,0,96.6857493445964,99.99976165756094,0.0021418258125107,19.69527397419124,0.0,0.1364993875904765,0.0162034525454759,1,,
2025-11-20 05:00:00,89.94631263265838,89.95613098144531,89.93650177307723,89.95613098144531,10933900,0.0002182699127606,0.0008737366873572,0.0030941710139897,0.0097195114630324,0.0205926220482657,89.83257789611817,89.63514755249024,88.54514320373535,1,1,0.0924152932233823,0.0929487050719862,0,97.017711807615,99.99974620506944,0.0021418636602261,19.73961811183105,0.0,0.1386424156781764,0.026567781024922,1,,
2025-11-21 05:00:00,89.97576141357422,89.97576141357422,89.97576141357422,89.97576141357422,9431800,0.0002182222814024,0.0006549526947496,0.0032034825144415,0.009829594670826,0.020370018037062,89.84547691345215,89.64833923339843,88.559541015625,1,1,0.092880772000754,0.0929351184577397,0,97.30808085629542,99.99973529517985,0.0021508213337579,19.94076150315916,0.0,0.1373049453658414,0.0225815859715285,1,,
2025-11-24 05:00:00,89.97576141357422,89.98557227247218,89.97576141357422,89.97576141357422,7347100,0.0,0.0006549526947496,0.0028754650818585,0.0097194451060815,0.020370018037062,89.85837593078614,89.66133605957032,88.57384368896484,1,1,0.0921869930143515,0.0927854933690621,0,97.30808085629542,99.99972673022774,0.0021140968885276,19.495489931672772,0.0,0.1353133350877452,0.0156527288128585,1,,
2025-11-25 05:00:00,89.99539184570312,89.99539184570312,89.98557349746622,89.99539184570312,8992400,0.000218174670828,0.0006548097382821,0.0030942671063343,0.0098297636497528,0.0204815640489113,89.87176666259765,89.67453033447265,88.58819686889649,1,1,0.0921588303542222,0.0926601607660941,0,97.58121011342368,99.9997202859674,0.0020709336031877,19.695455365917127,0.0,0.1340816980332022,0.018281457962967,1,,
2025-11-26 05:00:00,90.01502936579693,90.01502936579693,90.00521850585938,90.00521850585938,6749500,0.0001091907035983,0.0007640719410166,0.0030942693987887,0.0098298036290538,0.0204815772202822,89.88418159484863,89.68772613525391,88.602551612854,1,1,0.0918704156289322,0.0925022117386617,0,97.70665045453768,99.99971704835156,0.0020709330754727,19.69557210618081,0.0,0.1331769415024832,0.013985887152079,1,,
2025-11-28 05:00:00,90.03465270996094,90.04447105764828,90.03465270996094,90.03465270996094,10775200,0.0003270277500593,0.0008728891256097,0.0030942778512419,0.0097198509645668,0.0204815390987853,89.89806823730468,89.70131591796876,88.61700595855713,1,1,0.0929455210502112,0.0925908736009716,1,98.03532161167234,99.99971742874796,0.0020709423008319,19.992071759159813,0.0,0.132497270118956,0.0089655667436754,1,,
2025-12-01 05:00:00,90.05533497127206,90.05533497127206,90.04548645019531,90.04548645019531,16856800,0.0001203285613737,0.0007749313317906,0.0032149787426181,0.0095985255383703,0.0204256455990927,89.9115177154541,89.71434219360351,88.63141918182373,1,1,0.0935928618855825,0.0927912712578938,1,98.14092987857887,99.99971886850462,0.0020040923152635,19.81570562232555,0.0,0.1331209658594167,0.0025660198911694,1,,
2025-12-02 05:00:00,90.06518657380114,90.07503509521484,90.05533805238743,90.07503509521484,7403400,0.0003281524281162,0.0011033380555049,0.0033253492657758,0.0098191731199226,0.0205374439339587,89.92580718994141,89.72776443481445,88.64583740234374,1,1,0.0953906093007646,0.093311138866468,1,98.39443068399832,99.99972201713877,0.0020838945252858,19.959273036659344,0.0,0.1329184570287872,0.0041055650662322,1,,
2025-12-03 05:00:00,90.07503600486784,90.08487701416016,90.07503600486784,90.08487701416016,6530900,0.0001092635593746,0.0009943305609518,0.0032925035364523,0.0097089396093814,0.0206489514875582,89.94009704589844,89.74138351440429,88.66020961761474,1,1,0.0964971387379307,0.0939483388407605,1,98.46929945531208,99.99972577786396,0.0020901595025966,19.758240075948788,0.0,0.132474252597179,0.0024856490362217,1,,
2025-12-04 05:00:00,90.0947265625,90.1045750841254,90.0947265625,90.0947265625,7236700,0.0001093363133337,0.0009944762995581,0.003292312881447,0.0094883680851489,0.0206490292512862,89.95438957214355,89.75480926513671,88.67458347320557,1,1,0.0970501142187885,0.0945686939163661,1,98.54254609245524,99.99973081972531,0.0020902134778012,19.61864416582297,0.0,0.1323919508931294,-0.0101211998784609,0,,
2025-12-05 05:00:00,90.12426655162218,90.12426655162218,90.11441802978516,90.11441802978516,7308400,0.000218564038501,0.0008859402177201,0.0034021357984659,0.0095986206213922,0.0205372780878991,89.96917572021485,89.76862884521485,88.688960647583,1,1,0.0979482022083857,0.0952445955747701,1,98.67867590712402,99.99973686760546,0.0020932999470827,19.81432475060176,0.0,0.132169825559437,-0.00846561055081,0,,
2025-12-08 05:00:00,90.12425994873048,90.13410846984594,90.12425994873048,90.12425994873048,7579000,0.0001092158076421,0.0008748189569582,0.0034020187015471,0.0095985115115133,0.0204258506876673,89.98298072814941,89.782060546875,88.70324413299561,1,1,0.0983207239142984,0.0958598212426757,1,98.74192459018148,99.99974311770234,0.0020933368119995,19.814001423203123,0.0,0.1325825754439252,-0.0161484648325882,0,,
2025-12-09 05:00:00,90.14395141601562,90.14395141601562,90.13410289550924,90.14395141601562,9285600,0.000218492415875,0.0007650990169243,0.0032921278150579,0.0097089004820396,0.020537110611563,89.9967887878418,89.79569091796876,88.7175785446167,1,1,0.0990629508586096,0.0965004471658625,1,98.85955005177176,99.99974953952008,0.0020166732253079,20.013785561033558,0.0,0.132726105601171,-0.0144370276492109,0,,
2025-12-10 05:00:00,90.14395141601562,90.15379242430195,90.14395141601562,90.14395141601562,6974200,0.0,0.0006557638064619,0.0030729718975501,0.009598637616033,0.020537110611563,90.01108779907227,89.8093212890625,88.73191295623779,1,1,0.0985155451784152,0.096903466768373,1,98.85955005177176,99.99975610353565,0.0020733280795832,19.560971496715784,0.0,0.1318516302519148,-0.005869854664471,0,,
2025-12-11 05:00:00,90.15380096435548,90.1636494857948,90.15380096435548,90.15380096435548,7144500,0.0001092646615235,0.0006556921155036,0.0032921928797957,0.0093781845671552,0.0205372886630019,90.02538833618163,89.82273803710937,88.74620128631592,1,1,0.0977497007645809,0.0970727135676146,1,98.91822326956552,99.99976278248757,0.0018615457577402,19.42605907571,0.0,0.1315599039032256,-0.0056900856458457,0,,
2025-12-12 05:00:00,90.19319152832033,90.19319152832033,90.18334300644528,90.19319152832033,6040700,0.0004369262698131,0.00087414977822,0.003620889145576,0.0097090678978799,0.0205371212567235,90.04116783142089,89.83674682617188,88.76063903808594,1,1,0.0991779907194398,0.0974937689979797,1,99.11444229306623,99.9997705165892,0.0020888795966674,19.27661725433733,0.0,0.1330479248857943,0.0060057135415525,1,,
2025-12-15 05:00:00,90.19319152832033,90.20304005019536,90.19319152832033,90.19319152832033,6058100,0.0,0.0007648504368198,0.0035113298428575,0.009598778964535,0.0205371212567235,90.05498390197754,89.85036422729492,88.7749815750122,1,1,0.0991667877983815,0.09782837275806,1,99.11444229306623,99.99977814691007,0.0021632534589659,18.855948759643915,0.0,0.1332492375518195,-0.0092992155109007,0,,
2025-12-16 05:00:00,90.20304107666016,90.21288959864728,90.20304107666016,90.20304107666016,7212200,0.0001092050095237,0.0006555033334607,0.0031826170005662,0.0095988415364978,0.0204257013720876,90.06929244995118,89.8637873840332,88.7892826461792,1,1,0.0988136236930472,0.0980254229450575,1,99.15869602488534,99.9997856689706,0.0019336124818083,18.85612021599628,0.0,0.13362890296631,-0.0070727712081294,0,,
2025-12-17 05:00:00,90.21288299560548,90.2227240046511,90.21288299560548,90.21288299560548,9641200,0.0001091085048559,0.0007646833593053,0.0032920727560044,0.009598991116773,0.0203142438468606,90.08311157226562,89.87740737915038,88.80363292694092,1,1,0.0981959573304465,0.0980595298221353,1,99.20162852649564,99.99979307726358,0.0018616184670988,18.856530482476337,0.0,0.1351304066754087,-0.0052704479185706,0,,
2025-12-18 05:00:00,90.22769927978516,90.22769927978516,90.21781890956044,90.22769927978516,10277300,0.0001642368992951,0.0008196916229732,0.0032378258959393,0.0093241716595944,0.0202591711454549,90.09767150878906,89.89093200683594,88.81800956726075,1,1,0.0977749142478217,0.0980026067072726,0,99.2626329308031,99.99980016949056,0.0018483801843651,19.11270950087509,0.0,0.1341396668382554,-0.0210692142779004,0,,
2025-12-19 05:00:00,90.24748208186068,90.2573699951172,90.24748208186068,90.2573699951172,7581800,0.0003288426455387,0.0007115666461001,0.0035677332767116,0.0095459676877747,0.0203719658606795,90.11273345947264,89.90505004882813,88.83248680114747,1,1,0.0986976878221383,0.0981416229302457,1,99.36695251937134,99.99980789019912,0.0018542894004308,19.24943317232824,0.0,0.1329785339884286,-0.025793915007231,0,,
2025-12-22 05:00:00,90.2573699951172,90.26725036610576,90.2573699951172,90.2573699951172,11026900,0.0,0.0007115666461001,0.003348732436414,0.0095459676877747,0.0203719658606795,90.1268138885498,89.9183853149414,88.84677295684814,1,1,0.0982958985960777,0.0981724780634121,1,99.36695251937134,99.99981538893778,0.0019345398479082,19.24943317232824,0.0,0.1321552211963578,-0.0467908356190003,0,,
2025-12-23 05:00:00,90.26725036610576,90.26725036610576,90.2573699951172,90.2573699951172,7111200,0.0,0.0006022958628508,0.003129827156989,0.0093256418934744,0.0202606473009809,90.14089431762696,89.93152511596679,88.86101139068603,1,1,0.0968609252868191,0.0979101675080935,0,99.36695251937134,99.99982235205226,0.0019973514682883,18.63852913389993,0.0,0.1315539597670565,-0.0418847666663548,0,,
2025-12-24 05:00:00,90.28702545166016,90.28702545166016,90.2771375384848,90.28702545166016,5073500,0.000328565484952,0.0008218610645476,0.003459420995119,0.0096572714624778,0.0204846268933431,90.1554759979248,89.94525802612304,88.87535034179687,1,1,0.0969985076856971,0.0977278355436142,0,99.46197292985552,99.99982946827708,0.0020131133718349,19.20590058786861,0.0,0.1311358975615978,-0.0308723269841694,0,,
2025-12-26 05:00:00,90.30680062366812,90.31668853759766,90.30680062366812,90.31668853759766,5588900,0.0003285420666936,0.0009862742652515,0.0035701460408705,0.0096588913989656,0.0203747600871568,90.17104949951172,89.95938858032227,88.88978981018066,1,1,0.098367190122147,0.0978557064593208,1,99.53685739771696,99.99983688123058,0.002085224244854,19.20363324648263,0.0,0.1311922860903243,-0.021549637163473,0,,
2025-12-29 05:00:00,90.31668853759766,90.3265764515272,90.31668853759766,90.31668853759766,7988900,0.0,0.0006572154992292,0.0034605774743827,0.0095487642013232,0.0202633381585737,90.18515129089356,89.97332336425781,88.90413383483887,1,1,0.0983185260467394,0.0979482703768045,1,99.53685739771696,99.99984399974387,0.0021581943795833,18.784936796103533,0.0,0.131661478649422,-0.0113793186415305,0,,
2025-12-30 05:00:00,90.32657623291016,90.33645660454734,90.32657623291016,90.32657623291016,7852900,0.0001094780540851,0.0007667655039882,0.0032423462984816,0.0096592876355319,0.0201965444614544,90.1992057800293,89.98706436157227,88.91843181610108,1,1,0.0979487218981063,0.0979483606810649,1,99.5605051322159,99.99985083814671,0.0020820347546762,19.204748230229047,0.0,0.131836878801452,-0.0049841881037334,0,,
2025-12-31 05:00:00,90.34634421270027,90.34634421270027,90.33645629882812,90.33645629882812,11225900,0.0001093816053925,0.0008762309794225,0.0032313651700215,0.0095380472756128,0.0201965763914468,90.21227684020997,90.00061172485351,88.93268356323242,1,1,0.097330917958601,0.0978248721365721,0,99.58339527245494,99.9998574097645,0.0020846202866146,19.006019870951448,0.0,0.1328354730165135,-0.0021446121657853,0,,
2026-01-02 05:00:00,90.3759994506836,90.3759994506836,90.36611907918494,90.3759994506836,8517900,0.0004377319354287,0.0009854571969598,0.0033412627055944,0.0098694850142293,0.0200853010224653,90.22683296203611,90.01494995117187,88.94713302612304,1,1,0.0988921387470895,0.0980383254586756,1,99.65977196767533,99.99986409424604,0.0022297118989971,18.917581261697997,0.0,0.1326504657707919,-0.0020162080119341,0,,
2026-01-05 05:00:00,90.3759994506836,90.38588736445055,90.3759994506836,90.3759994506836,11770200,0.0,0.0006566993768959,0.00323164604507,0.0096487049415221,0.0199737518977436,90.24089660644532,90.02889694213867,88.96153480529784,1,1,0.0989883414873844,0.0982283286644174,1,99.65977196767533,99.99987047179262,0.0022916044284968,18.32786652675625,0.0,0.131772843634321,-0.0052946814124769,0,,
2026-01-06 05:00:00,90.38587951660156,90.39576742951,90.38587951660156,90.38587951660156,9135800,0.0001093217887273,0.0007660929571737,0.0032316314751184,0.0095384598866155,0.0200852572527561,90.25446968078612,90.04284561157226,88.97589046478271,1,1,0.0987237951435986,0.0983274219602536,1,99.67693464294491,99.99987655966598,0.0022916079689052,18.142103818077207,0.0,0.1310081199645002,-0.0104525306810095,0,,
2026-01-07 05:00:00,90.39576690724834,90.40564727783205,90.39576690724834,90.40564727783205,8767200,0.0002187040867025,0.0008753907013812,0.0032317719452021,0.0097592500734762,0.0201969684185876,90.26853904724122,90.05660293579102,88.99020172119141,1,1,0.0989683874209248,0.0984556150523879,1,99.70860673358574,99.9998823737746,0.0022916579971515,18.72439251377637,0.0,0.1314605161232834,-0.0053666518295784,0,,
2026-01-08 05:00:00,90.40564727783205,90.40564727783205,90.40564727783205,90.40564727783205,7116500,0.0,0.0007659253178478,0.0031222151423118,0.0095384185474316,0.0199740944728852,90.28162384033205,90.07036026000976,89.0045129776001,1,1,0.098032174676149,0.0983709269771401,0,99.70860673358574,99.99988777258974,0.0023488667704932,18.142072434161538,0.0,0.1314738650174096,-0.0083624143127654,0,,
2026-01-09 05:00:00,90.42542266845705,90.43531058126077,90.42542266845705,90.42542266845705,7776600,0.0002187406563687,0.0005468621987458,0.0031224641034697,0.009759245643734,0.0199743789573547,90.29569740295412,90.08431716918945,89.01887538909912,1,1,0.0977590229211102,0.0982485461659341,0,99.73836570787796,99.9998932379656,0.0023489601746072,18.72438906283713,0.0,0.1306386654722635,-0.0157274269402587,0,,
2026-01-12 05:00:00,90.43531036376952,90.44519073428192,90.43531036376952,90.43531036376952,6189700,0.0001093464096786,0.0006562684058424,0.0032321519433873,0.0094284848102923,0.019974608919886,90.3097728729248,90.09788497924804,89.03323947906495,1,1,0.0972197142157682,0.0980427797759009,0,99.75200333984832,99.99989844367356,0.002291714752279,18.814401060064988,0.0,0.1304480876448179,-0.0106448635061638,0,,
2026-01-13 05:00:00,90.44519805908205,90.45508597266276,90.44519805908205,90.44519805908205,7777400,0.0001093344543492,0.0006562810783909,0.0032322219541445,0.0094287336255027,0.019974663317581,90.3223731994629,90.11165054321287,89.0475574874878,1,1,0.0964780239534377,0.0977298286114083,0,99.76518456057784,99.9999034043009,0.0022916977195455,18.81508352911736,0.0,0.1307237289570977,-0.0063558494747983,0,,
2026-01-14 05:00:00,90.45508575439452,90.45508575439452,90.44519784083764,90.45508575439452,8005900,0.0001093225016326,0.0005468516409217,0.0029037028365046,0.0095390868998825,0.0198635534443201,90.3354679107666,90.12522232055665,89.06178165435792,1,1,0.0955862249528536,0.0973011078796974,0,99.77789755408624,99.99989023895,0.002049748792799,19.23971754567505,0.0,0.1313838025746689,-0.0125076908381233,0,,
2026-01-15 05:00:00,90.4649736679514,90.4649736679514,90.45508575439452,90.45508575439452,8938400,0.0,0.0005468516409217,0.0029037028365046,0.0094288964438196,0.0198635534443201,90.34807014465332,90.13853912353515,89.07600582122802,1,1,0.0937982203232934,0.0966005303684166,0,99.77789755408624,99.99987916218916,0.002049748792799,18.815530042827625,0.0,0.1310269879946281,-0.01667739041529,0,,
2026-01-16 05:00:00,90.49462127685548,90.49462127685548,90.49462127685548,90.49462127685548,7648200,0.0004370735169973,0.0007652561232933,0.0032324874717641,0.0097597905652551,0.0198639981971211,90.36215705871584,90.15244995117187,89.09032703399659,1,1,0.0944822672591527,0.0961768777465638,0,99.82246903499086,99.99987182689472,0.0022918983668624,18.725743046552257,0.0,0.1311941806127847,-0.0182200279990255,0,,
2026-01-20 05:00:00,90.5045091894738,90.5143895598247,90.49462127685548,90.49462127685548,9335100,0.0,0.000655838000084,0.0031230382168778,0.0095392618002607,0.019641313328222,90.37550315856934,90.16616485595704,89.10460037231445,1,1,0.0939414804737737,0.0957297982920058,0,99.82246903499086,99.99986662355704,0.0023490985437522,18.14359794821728,0.0,0.133920368865804,-0.0089545931176783,0,,
2026-01-21 05:00:00,90.51439697272258,90.51439697272258,90.5045166015625,90.5045166015625,8153800,0.0001093471033681,0.000655850656015,0.0030679860396192,0.0094293672218273,0.0196414900099251,90.38786048889162,90.1798812866211,89.11887519836426,1,1,0.0932365995732595,0.0952311585482566,0,99.83224141637211,99.99986179247028,0.0023521605065663,17.960838493351275,0.0,0.1324068942171579,-0.0129176750020324,0,,
2026-01-22 05:00:00,90.52428458087526,90.52428458087526,90.51439666748048,90.51439666748048,7679200,0.0001091665508969,0.0006556946200571,0.0028477084184614,0.0095395631442207,0.01964167002926,90.40071182250978,90.19320602416992,89.1330556488037,1,1,0.0924099705127616,0.0946669209411576,0,99.8416160018095,99.99985809893732,0.0022580888178421,18.348093947065895,0.0,0.1317332754223316,-0.0093643577557065,0,,
2026-01-23 05:00:00,90.54405212402344,90.55394003733728,90.54405212402344,90.54405212402344,8147700,0.0003276324831718,0.0009835419300854,0.0031762739034135,0.0096500362418709,0.019975737761557,90.41504592895508,90.20673126220704,89.14733646392823,1,1,0.0930748990298866,0.0943485165589034,0,99.86584822212689,99.99985672171366,0.0022954118143608,18.330172560953017,0.0,0.1317286469723453,-0.0032278272485254,0,,
2026-01-26 05:00:00,90.55394003733728,90.5638279506511,90.54405212402344,90.54405212402344,10052800,0.0,0.0005462296705649,0.0031762739034135,0.0095397580940694,0.0196420312680289,90.42789726257324,90.22045288085936,89.16152141571045,1,1,0.0925351718107805,0.0939858476092788,0,99.86584822212689,99.99985603611896,0.0022954118143608,17.946672518350656,0.0,0.1310630893305071,-0.0037313239177185,0,,
2026-01-27 05:00:00,90.5539321899414,90.56382010239837,90.5539321899414,90.5539321899414,8178400,0.0001091188839708,0.0006554081585077,0.0029562025877589,0.0093197927222858,0.0196422111499039,90.43975944519045,90.23417572021484,89.17575576782227,1,1,0.0918459301390157,0.0935578641152262,0,99.87333610984749,99.99985539949532,0.0022056816867355,17.77940129454148,0.0,0.1305572162765282,-0.0044128365751094,0,,
2026-01-28 05:00:00,90.56382751464844,90.57371542791466,90.56382751464844,90.56382751464844,6265500,0.0001092754833249,0.00065533649936,0.0027363600354757,0.009430086630465,0.0196423876181086,90.45211639404296,90.2479002380371,89.18999168395996,1,1,0.091048619345571,0.0930560151612952,0,99.88052863841176,99.99985542456268,0.0020984266232254,18.16275520381477,0.0,0.1305846289214501,-0.0046318056265586,0,,
2026-01-29 05:00:00,90.57372253350002,90.58360290527344,90.57372253350002,90.58360290527344,10237300,0.0002183586004225,0.0007645881797919,0.0029553161436457,0.0095402742659858,0.0197538774437471,90.46496772766112,90.26123489379884,89.20413482666015,1,1,0.0909638785818032,0.0926375878453968,0,99.89353925766684,99.99985603769466,0.0020638404937656,18.34751553574258,0.0,0.1308728449748729,-0.005989858861064,0,,
2026-01-30 05:00:00,90.59348275334231,90.6033706665039,90.59348275334231,90.6033706665039,14545800,0.0002182267054573,0.0006551346122571,0.0030643742421945,0.0094304796440922,0.0198652570895727,90.47831344604492,90.27496490478516,89.21837680816651,1,1,0.0914377762743754,0.0923976255311925,0,99.90471038094384,99.99985767294024,0.0020775536996018,18.371463735588712,0.0,0.131292996825326,-0.0041254160525524,0,,
2026-02-02 05:00:00,90.61724853515624,90.61724853515624,90.60733097228578,90.61724853515624,21391700,0.0001531716596219,0.0008084066199349,0.0031082936815594,0.0095850957859322,0.0195865541509401,90.49037590026856,90.28857986450195,89.2325923538208,1,1,0.0918741041451056,0.0922929212539751,0,99.9117143981714,99.99985985386856,0.0020734373389825,18.87955170949421,0.0,0.1306635314593552,-0.0163506140930316,0,,
2026-02-03 05:00:00,90.61724853515624,90.62716609802672,90.61724853515624,90.61724853515624,11836100,0.0,0.0006992114387922,0.002669393267449,0.0093649415726868,0.0194750607056011,90.50243835449218,90.30219482421874,89.24675994873047,1,1,0.0911689581276391,0.0920681286287079,0,99.9117143981714,99.9998623235977,0.0018439895451586,18.28734856125303,0.0,0.1317777647006507,-0.0065789521738209,0,,
2026-02-04 05:00:00,90.62716739792478,90.6370849609375,90.62716739792478,90.6370849609375,9216600,0.0002189034218311,0.0008089040436947,0.0028888810286007,0.0094425490463982,0.0196982272848609,90.514998626709,90.3158139038086,89.26083507537842,1,1,0.0911599237531675,0.0918864876535998,0,99.92130328582186,99.9998650435193,0.0018096875709458,18.394185656385105,0.0,0.1324481799142823,0.0051250034630456,1,,
2026-02-05 05:00:00,90.6370849609375,90.64699495906616,90.6370849609375,90.6370849609375,9393900,0.0,0.000590416520747,0.0027792554067009,0.0093320005828305,0.0193638200178611,90.52657051086426,90.32904037475586,89.27486221313477,1,1,0.090113986009598,0.0915319873247995,0,99.92130328582186,99.99986797735312,0.0018696765504591,18.001269397852898,0.0,0.1341232738153354,0.0237783265012829,1,,
2026-02-06 05:00:00,90.66683197021484,90.66683197021484,90.66683197021484,90.66683197021484,12369800,0.0003281990952175,0.0007004298321806,0.0028890307215005,0.009553130720153,0.0196983743012886,90.5396297454834,90.34286178588869,89.2890380859375,1,1,0.0906405599020416,0.0913537018402479,0,99.93380701523934,99.99987143977565,0.00196934291585,18.164098960713595,0.0,0.1316417832741065,0.0013788714373605,1,,
2026-02-09 05:00:00,90.66683197021484,90.67674196854954,90.66683197021484,90.66683197021484,9180300,0.0,0.0005471743609537,0.0028890307215005,0.0094427657984783,0.0193642514941501,90.55170021057128,90.35629058837893,89.30311809539795,1,1,0.0900201769413939,0.0910869968604771,0,99.93380701523934,99.99987498853392,0.00196934291585,17.78413179177441,0.0,0.1310100746901477,-0.0035276237387599,0,,
2026-02-10 05:00:00,90.68666011699386,90.68666011699386,90.67674255371094,90.67674255371094,7085300,0.0001093077069169,0.0006565418782453,0.002779305618237,0.0092220337690627,0.0193642797926412,90.56377182006835,90.36972106933594,89.31724765777588,1,1,0.0892988388101798,0.0907293652504177,0,99.93763565591436,99.9998786040209,0.00194876382226,17.621675805828882,0.0,0.1313708410850338,0.0056045858255167,1,,
2026-02-11 05:00:00,90.68665378750693,90.69657135009766,90.68665378750693,90.69657135009766,5732300,0.0002186756584796,0.0006563140152378,0.0028889267397571,0.0092222266273689,0.0194759687215442,90.57634048461914,90.38295944213868,89.33128467559814,1,1,0.0892978215950961,0.0904430565193534,0,99.94454667436968,99.99988226754274,0.0019693160468604,17.621813042864016,0.0,0.131429936735574,0.0075267419284015,1,,
2026-02-12 05:00:00,90.70648891268836,90.70648891268836,90.69657135009766,90.69657135009766,6366300,0.0,0.0006563140152378,0.0027792884134258,0.0093325071507024,0.0193646843482706,90.58841476440428,90.39598114013673,89.34527378082275,1,1,0.0882793856391686,0.0900103223433164,0,99.94454667436968,99.99988596222668,0.0020245847488003,18.210142917215123,0.0,0.1334922415862404,0.0211783480415501,1,,
2026-02-13 05:00:00,90.72631900939764,90.73623657226562,90.72631900939764,90.73623657226562,9832500,0.0004373398197694,0.0007654905387406,0.003108181430887,0.0096635996940697,0.0196990969478854,90.60247230529784,90.40920516967772,89.35946121215821,1,1,0.0896396101128544,0.089936179897224,0,99.9558876162592,99.99989014212274,0.0022806023481978,18.150586325643246,0.0,0.133456604816969,0.0157766954653484,1,,
2026-02-17 05:00:00,90.74614715576172,90.74614715576172,90.73623715771376,90.74614715576172,6710000,0.0001092240969042,0.0008747982456576,0.003217745016101,0.0096636483009926,0.019365169964485,90.61504859924317,90.42243057250975,89.37365028381348,1,1,0.0904743668869656,0.0900438172951723,1,99.95818848301998,99.99989423732887,0.0022220473987484,18.15071154963297,0.0,0.1332561771203054,0.0170132059035708,1,,
2026-02-18 05:00:00,90.74614780564931,90.75606536865234,90.74614780564931,90.75606536865234,8752800,0.0001092962423363,0.0008747867723017,0.0028890566987072,0.0093330122631174,0.0194765827471306,90.628120803833,90.43565734863282,89.38778316497803,1,1,0.0908885281583735,0.0902127594678126,1,99.96041380854167,99.99989824611303,0.0019698513829441,18.20896449546501,0.0,0.1326027210292261,0.0107363025544453,1,,
2026-02-19 05:00:00,90.75606536865234,90.76598293165534,90.75606536865234,90.75606536865234,4941800,0.0,0.00065596766966,0.0028890566987072,0.0093330122631174,0.0192541838797566,90.6406982421875,90.44849029541017,89.40177181243897,1,1,0.0901772467823036,0.0902056569307108,0,99.96041380854167,99.99990216658188,0.0019698513829441,18.20896449546501,0.0,0.1329533767776325,-0.0072206498261698,0,,
2026-02-20 05:00:00,90.79572994113865,90.79572994113865,90.78581237792967,90.78581237792967,6518200,0.0003277688290748,0.00098395150449,0.003108085506998,0.0094434609243834,0.0193657142631964,90.65426902770996,90.46172134399414,89.4159091949463,1,1,0.0909652949139854,0.0903575845273657,1,99.96659759653004,99.99990631864804,0.0020732685705903,18.18291228748005,0.0,0.1320420445639034,-0.0027555185506891,0,,
2026-02-23 05:00:00,90.79572994113865,90.79572994113865,90.78581237792967,90.78581237792967,7714900,0.0,0.0005463727341674,0.0029985916101973,0.0094434609243834,0.0193657142631964,90.66635704040527,90.47455856323242,89.42995044708252,1,1,0.0905460700038816,0.0903952816226689,1,99.96659759653004,99.99991017413804,0.0021325368572912,18.18291228748005,0.0,0.1334042776265248,0.0126847389077358,1,,
2026-02-24 05:00:00,90.80564880371094,90.80564880371094,90.79573124036008,90.80564880371094,5476100,0.0002184969794474,0.0006556933799855,0.0028891647054758,0.0094436900853467,0.019254989602417,90.67943687438964,90.48779251098632,89.44409088134766,1,1,0.0907681463331897,0.090469854564773,1,99.97019795997603,99.99991391249776,0.002044932229548,18.183080067844,0.0,0.1324705699558449,0.0056322068172109,1,,
2026-02-25 05:00:00,90.81555938720705,90.81555938720705,90.80564938867668,90.81555938720705,6009100,0.0001091406055313,0.0006555376581502,0.0029986206361927,0.0093336022995424,0.0192549424977919,90.69251823425292,90.50102767944335,89.45818466186523,1,1,0.090698330786509,0.0905155498091202,1,99.9718315819628,99.99991753551436,0.0019866543591722,18.000722922481074,0.0,0.1313764277338852,0.0023907448312008,1,,
2026-02-26 05:00:00,90.81555240805056,90.82546997070312,90.81555240805056,90.82546997070312,6447700,0.0001091286951591,0.0007647378912787,0.0029986304757274,0.0094437495585417,0.0192549826700532,90.70560035705566,90.513673248291,89.47218379974365,1,1,0.0904006206423702,0.0904925639757702,0,99.9734017404098,99.9999210449817,0.0019866522763608,18.39250442608601,0.0,0.1321246479095835,0.0120057065994374,1,,
2026-02-27 05:00:00,90.8453140258789,90.85522402462182,90.8453140258789,90.8453140258789,11530600,0.0002184855765918,0.0006554069010422,0.0031081560812449,0.0094440633319645,0.0193666598921637,90.71868591308592,90.5267156982422,89.48628215789795,1,1,0.0907201670033828,0.0905380845812927,1,99.97625574962002,99.9999246769792,0.0019995520772728,18.39272841601588,0.0,0.1327911709073948,0.0168974097806871,1,,
2026-03-02 05:00:00,90.85823822021484,90.85823822021484,90.84829428233972,90.85823822021484,15489300,0.0001422659437586,0.0007977660868823,0.0030318435802183,0.0094774472915692,0.0194004123664039,90.73142929077147,90.53981964111328,89.50034885406494,1,1,0.0909676656434754,0.0906240007937293,1,99.9779176506731,99.9999280833042,0.0019830239707609,18.4715574107992,0.0,0.1327345924956723,0.0142256212215512,1,,
2026-03-03 05:00:00,90.86817932128906,90.86817932128906,90.85823538372436,90.86817932128906,11602900,0.0001094133153904,0.0006886192478321,0.0029227240977587,0.0092578422445106,0.0190676780559475,90.74397583007811,90.55292556762696,89.5144652557373,1,1,0.0909179285879986,0.0906827863525832,1,99.9791277780264,99.99993135755555,0.0019675887738739,18.32009149450395,0.0,0.1339296163993188,0.0200819513435326,1,,
2026-03-04 05:00:00,90.87812042236328,90.87812042236328,90.86817648510896,90.87812042236328,9932500,0.0001094013454265,0.000688880138804,0.0028788325779482,0.0092468151929914,0.0189340965231403,90.75701942443848,90.56593399047853,89.52858333587646,1,1,0.0906358813671204,0.0906734053554906,0,99.98029093039274,99.99993450450526,0.0019694554019947,18.292083987805345,0.0,0.1330058710465414,0.0179264983964932,1,,
2026-03-05 05:00:00,90.88805389404295,90.88805389404295,90.87811754210529,90.88805389404295,9249000,0.0001093054261411,0.0006890569722348,0.0029884526761112,0.0090260170086939,0.0189338181522082,90.76956787109376,90.57854766845703,89.54255867004395,1,1,0.0901744303580613,0.0905736103560048,0,99.9814059758346,99.9999375285235,0.0019091927000997,18.155983217920102,0.0,0.1337662291872544,0.015089529641975,1,,
2026-03-06 05:00:00,90.9178800777376,90.9178800777376,90.90794372558594,90.90794372558594,8733200,0.0002188387878363,0.0006894103496541,0.0029883878631487,0.009136569185707,0.0189342151935494,90.78311080932616,90.5915591430664,89.55663345336914,1,1,0.0903719190597058,0.090533272096745,0,99.98342770853884,99.99994059778513,0.0019091599566896,18.33463106832235,0.0,0.1355724690909653,0.0235887664043781,1,,
2026-03-09 04:00:00,90.92782876433286,90.92782876433286,90.91788482666016,90.91788482666016,13422900,0.0001093534917502,0.0006564798923434,0.0030980681455463,0.0091365865191801,0.0187116459002647,90.79566345214845,90.60476943969726,89.57066177368164,1,1,0.0902897895633856,0.0904845755900731,0,99.98434397127173,99.99994352259408,0.0018430353176289,18.33467708379227,0.0,0.1344098606723567,0.0021367421840292,1,,
2026-03-10 04:00:00,90.92782592773438,90.92782592773438,90.91788199037188,90.92782592773438,9226800,0.0001093415348714,0.0006564080725599,0.0028786045773085,0.0090263901796532,0.0187116516959606,90.80871315002442,90.61758544921877,89.58469184875489,1,1,0.0899895219290272,0.0903855648578639,0,99.98522377469608,99.99971078539348,0.0017245161314889,18.156396883958813,0.0,0.1346409423338131,0.022782728895899,1,,
2026-03-11 04:00:00,90.92782592773438,90.93776986509688,90.92782592773438,90.92782592773438,6613400,0.0,0.0005469468904075,0.0028786045773085,0.0089162005819634,0.0186002943474017,90.8212673187256,90.62980819702148,89.59862560272217,1,1,0.0887287478915226,0.0900542014645957,0,99.98522377469608,99.9995085432203,0.0017245161314889,17.76126845033193,0.0,0.1348101510377835,0.0290059856589151,1,,
2026-03-12 04:00:00,90.9377718217009,90.94771575927734,90.9377718217009,90.94771575927734,10138900,0.0002187430672628,0.000656432420744,0.0029883429635322,0.0089164534129675,0.0187119228538463,90.83382453918458,90.64242874145508,89.61246646881104,1,1,0.0883164613710647,0.0897066534458895,0,99.9869282952778,99.99933397761065,0.0017440157863699,17.761418206412248,0.0,0.1369187439498557,0.0422308544194438,1,,
2026-03-13 04:00:00,90.9775390625,90.9775390625,90.9675951250246,90.9775390625,11182000,0.0003279170122489,0.0007655583666499,0.003097886813359,0.0092472942819796,0.0189346933247542,90.84787292480468,90.65544799804688,89.62645645141602,1,1,0.0893660563899345,0.0896385340346985,0,99.98898085565062,99.9992056054905,0.0018427108427793,18.293238740898182,0.0,0.1377432840057937,0.0480358389194206,1,,
2026-03-16 04:00:00,90.9874754149735,90.9874754149735,90.9775390625,90.9775390625,8509100,0.0,0.0006561331244514,0.003097886813359,0.0091370312658276,0.0186009045985897,90.8599380493164,90.66826965332032,89.64039844512939,1,1,0.0891699720726535,0.0895448216422895,0,99.98898085565062,99.99909600291149,0.0018427108427793,17.8992047627724,0.0,0.1363556112069907,0.0214497081382847,1,,
2026-03-17 04:00:00,90.99742410156858,90.99742410156858,90.98748016357422,90.98748016357422,7548300,0.0001092698393103,0.0006560613896922,0.0027689443688629,0.0088065254349547,0.018601096486227,90.87200469970703,90.68049926757811,89.65434200286865,1,1,0.0887931850485159,0.0893944943235348,0,99.98961147283735,99.99900347190658,0.0015130567952692,18.034482153005573,0.0,0.1360127218349149,0.0191531698371285,1,,
2026-03-18 04:00:00,90.99741842834824,91.00736236572266,90.99741842834824,91.00736236572266,15874000,0.0002185158014342,0.0008747205509069,0.0028785267270088,0.0090269656013524,0.0187123924134153,90.88456954956057,90.69312652587892,89.66824073791504,1,1,0.0890721380067134,0.0893300230601705,0,99.9907514736192,99.9989264114572,0.0015397452740417,18.62286540943103,0.0,0.1379675936404044,0.0353560834620485,1,,
2026-03-19 04:00:00,91.00736236572266,91.00736236572266,90.99741842834824,91.00736236572266,14921000,0.0,0.0006558340244979,0.002768927851263,0.0089167868340374,0.0186012191943698,90.89713439941406,90.70555618286132,89.6820622253418,1,1,0.088275623794388,0.089119143207014,0,99.9907514736192,99.99885485532565,0.0016093983586763,18.20846051550454,0.0,0.1383084327105766,0.0430286168870763,1,,
2026-03-20 04:00:00,91.03718566894533,91.03718566894533,91.0272417316718,91.03718566894533,14839100,0.0003277020940659,0.0006556190358628,0.0030975373287842,0.0091373055152221,0.0188240055464672,90.90970306396484,90.7181869506836,89.6959363937378,1,1,0.0890246511068397,0.0891002447869792,0,99.99223401935254,99.9988127353142,0.0016707362412586,18.335218575156237,0.0,0.1403660123670135,0.055753646646965,1,,
2026-03-23 04:00:00,91.04713439941406,91.04713439941406,91.03719046161706,91.04713439941406,30253900,0.0001092820521155,0.000764972735372,0.0028784455923194,0.0090818576354023,0.0184907100945774,90.92276916503906,90.73101669311524,89.70986030578614,1,1,0.0893906008493559,0.0891583159994545,1,99.99265689428782,99.99878052202747,0.0015396442527768,18.217017763214624,0.0,0.1389226612363525,0.0521092860624341,1,,
2026-03-24 04:00:00,91.04713151861328,91.05706787109376,91.04713151861328,91.05706787109376,17380200,0.0001091025186594,0.0007648053050204,0.0029878621566428,0.0088601947521829,0.0184907415727693,90.9353401184082,90.74364959716796,89.72378566741943,1,1,0.0894510309998679,0.0892168589995372,1,99.99306305858332,99.99875721856964,0.0014618458244782,18.09358645319504,0.0,0.139405782314419,0.0449873481920561,1,,
2026-03-25 04:00:00,91.05707075220892,91.06701469000592,91.04713439941406,91.04713439941406,16949500,-0.0001090906165984,0.0004370199581389,0.0026593675490951,0.0087501375714758,0.0183796337897712,90.94691886901856,90.75588607788086,89.73751655578613,1,1,0.0876865778954822,0.0889108027787262,0,94.37161705874786,99.99874191793302,0.0016715047904479,17.479517532681673,-0.0001090906165984,0.1386180892545063,0.0464066796172955,1,,
2026-03-26 04:00:00,91.06700897216795,91.06700897216795,91.05706503499532,91.06700897216795,13198900,0.0002182888334156,0.0006554041881314,0.0027687940993548,0.0089703364622142,0.0183796325011991,90.9589958190918,90.76832229614256,89.75125038146973,1,1,0.0868903303792905,0.0885067082988391,0,94.9797330311588,99.998727710199,0.0016997620114236,18.04224420009553,0.0,0.1411694572555705,0.0745417552494422,1,,
2026-03-27 04:00:00,91.08689592332036,91.09683227539062,91.08689592332036,91.09683227539062,11244000,0.0003274874574148,0.0006551894811666,0.0029877335594854,0.0089692491216697,0.0187131390577299,90.97157173156738,90.7811572265625,89.76508499145508,1,1,0.087655353461244,0.0883364373313201,0,95.7259790762711,99.9987318350963,0.0018268195745462,18.043822816836062,0.0,0.14366545508869,0.0873478746146154,1,,
2026-03-30 04:00:00,91.09682943970252,91.10677337646484,91.09682943970252,91.10677337646484,12480000,0.0001091267481636,0.0006550340924422,0.0028780719554941,0.0087479385223283,0.018491325309446,90.98399848937989,90.7941909790039,89.7789693069458,1,1,0.088048831420707,0.0882789161491975,0,95.9424892637348,99.9987405554202,0.0018083729835941,17.924935621327393,0.0,0.1441631368577531,0.0856379672884188,1,,
2026-03-31 04:00:00,91.10677337646484,91.11671731322716,91.10677337646484,91.10677337646484,20279800,0.0,0.0005458720177706,0.002735416855075,0.0087479385223283,0.018380234725849,90.99592819213868,90.8064340209961,89.79280544281006,1,1,0.0873537063869918,0.0880938741967563,0,95.9424892637348,99.99875333910438,0.0018691554543042,17.924935621327393,0.0,0.1400909825848876,0.0554218003830102,1,,
2026-04-01 04:00:00,91.13070678710938,91.13070678710938,91.1207341204918,91.13070678710938,22095200,0.0002626962821483,0.0009179024496113,0.0028891022994097,0.0089024801751118,0.0186477594273248,91.00855751037598,90.81915573120118,89.80656818389893,1,1,0.0877228268662833,0.0880196647306617,0,96.44527928204757,99.99877136894628,0.0019224467913468,18.101720383803148,0.0,0.1390798915592934,0.0384550878173111,1,,
2026-04-02 04:00:00,91.16061506140534,91.17058772779114,91.15064239501952,91.15064239501952,11510300,0.0002187584033197,0.0009183723479611,0.0029987633039687,0.0090128186288169,0.018636830594598,91.0216869354248,90.83207824707031,89.82043060302735,1,1,0.0886026383928424,0.0881362594630979,1,96.8008832760503,99.99880208693288,0.0019396304168804,18.27749012856993,0.0,0.1389851638683573,0.0449551044233498,1,,
2026-04-06 04:00:00,91.16062059472762,91.17059326171876,91.16062059472762,91.17059326171876,17291500,0.0002188779604292,0.0008096986962746,0.0031086524088763,0.0087920887831371,0.0187483471858556,91.03481941223144,90.84520217895508,89.83429626464844,1,1,0.0898737548709363,0.0884837585446655,1,97.1122276778432,99.998830612455,0.0019530235122264,18.657297556787668,0.0,0.1383615775197809,0.0343535760890258,1,,
2026-04-07 04:00:00,91.18055725097656,91.18055725097656,91.17059219101854,91.18055725097656,9231600,0.0001092895077385,0.0008098615698619,0.0029987866210408,0.0089023391739309,0.0186369401594315,91.04795303344729,90.85793228149414,89.848115234375,1,1,0.0906402896607261,0.0889150647678777,1,97.25586667050888,99.99886017749782,0.0019396532654547,19.09643764805664,0.0,0.1383158297733657,0.0202353818647327,1,,
2026-04-08 04:00:00,91.19052991785055,91.19052991785055,91.18055725097656,91.18055725097656,13839400,0.0,0.0008098615698619,0.0028891171942375,0.0087920562218906,0.0184143787840995,91.06058959960936,90.8706623840332,89.86183773040771,1,1,0.0902079133318096,0.0891736344806641,1,97.25586667050888,99.99889059605243,0.0019993445993301,18.657208154344342,0.0,0.1348804839185579,0.0035014041666809,1,,
2026-04-09 04:00:00,91.1905288696289,91.20050153638827,91.1905288696289,91.1905288696289,15586500,0.0001093612383273,0.0006564426484618,0.0028891369524584,0.0086817761437489,0.0185257538416938,91.0737247467041,90.88339431762697,89.87551357269287,1,1,0.0896366032989846,0.0892662282443282,1,97.40564226078692,99.99892169087435,0.0019993411169445,18.484768316024425,0.0,0.1341214755945992,-0.0038581632764124,0,,
2026-04-10 04:00:00,91.2204360961914,91.23040876260455,91.2204360961914,91.2204360961914,10595200,0.0003279641749338,0.0007656962072677,0.0032180486608091,0.0090125876302324,0.0186369720106767,91.0873607635498,90.8965264892578,89.88933895111084,1,1,0.0905532576338146,0.0895236341222255,1,97.79445989488951,99.9989579246564,0.0020377805975049,19.011907033597204,0.0,0.134254309519718,-0.0041231429071668,0,,
2026-04-13 04:00:00,91.23040876260455,91.24038142901776,91.2204360961914,91.2204360961914,9906200,0.0,0.0005466985865667,0.002998649659722,0.0087919238226761,0.0186369720106767,91.09950561523438,90.90926315307615,89.9031160736084,1,1,0.0902394881510417,0.0896668049279887,1,97.79445989488951,99.99899369279692,0.0020891174429586,18.40519281839165,0.0,0.13295502017514,-0.0289494605367353,0,,
2026-04-14 04:00:00,91.23041534423828,91.24038801137092,91.23041534423828,91.23041534423828,21667600,0.0001093970657666,0.0005468061916367,0.0027795462961968,0.0087919749185414,0.0183033547308058,91.11214942932128,90.92180404663084,89.91689487457275,1,1,0.0897613524956142,0.0896857144415138,1,97.9153630322762,99.9990269075004,0.0019791221081642,18.40533029114978,0.0,0.1313688512768419,-0.0462776299763812,0,,
2026-04-15 04:00:00,91.24038696289062,91.25035202299254,91.24038696289062,91.24038696289062,18583600,0.0001093014716058,0.0006561674299641,0.0028891515763034,0.0087919416494519,0.0183035721508184,91.1247947692871,90.93426681518557,89.9305305480957,1,1,0.0891592801509943,0.0895804275834099,0,98.03148486880433,99.99905994844325,0.0019225444458216,18.405240744297885,0.0,0.1303545827422952,-0.0440101321212647,0,,
2026-04-16 04:00:00,91.25035095214844,91.26032361904944,91.25035095214844,91.25035095214844,17779800,0.0001092059074876,0.0006560120141978,0.002889087466777,0.0087918240430753,0.0184147769165132,91.1369441986084,90.9469288635254,89.94416770935058,1,1,0.0884663590223482,0.0893576138711976,0,98.1428097229626,99.99909273515505,0.0019225562436231,18.4049240708656,0.0,0.1300492467073538,-0.0438449804335158,0,,
2026-04-17 04:00:00,91.28026580810548,91.29023086774714,91.27029314154804,91.28026580810548,13604100,0.0003278327770239,0.0006558805731973,0.0029986963174049,0.0091225390681903,0.0186374509881883,91.15058937072754,90.95979248046876,89.95787700653077,1,1,0.08930167873838,0.0893464268446341,0,98.42990031040144,99.99912858141744,0.0020157130754947,18.93893860996378,0.0,0.128538406406087,-0.0683434927399938,0,,
2026-04-20 04:00:00,91.29022979736328,91.29022979736328,91.28026473783844,91.29022979736328,7961400,0.0001091581972245,0.0007651103651629,0.0031081818469136,0.0087917768954879,0.0186373733619393,91.16324157714844,90.97285537719726,89.97158771514893,1,1,0.0897332967047077,0.0894238008166488,1,98.51238693898372,99.99916186723252,0.0019529017625481,19.19260601381985,0.0,0.1288100146335565,-0.0686756251290651,0,,
2026-04-21 04:00:00,91.30020904541016,91.30020904541016,91.29023637825075,91.30020904541016,8177600,0.0001093134289291,0.0007650266734895,0.0028891861554387,0.0089020513836959,0.0185262321826651,91.17589530944824,90.98552291870118,89.98510620117187,1,1,0.0898449226284299,0.089508025179005,1,98.5921604553544,99.99919443613594,0.0018428405389872,19.65699309107473,0.0,0.1296730582168473,-0.0761790833111898,0,,
2026-04-22 04:00:00,91.30020904541016,91.31018171256956,91.30020904541016,91.30020904541016,9669300,0.0,0.0006556535379871,0.0027796003428937,0.0087917429287049,0.0183040107231269,91.18805236816408,90.99819046020508,89.99857624053955,1,1,0.088908505074329,0.0893881211580698,0,98.5921604553544,99.999226265478,0.0019017886787658,19.19250880820906,0.0,0.1283730631244118,-0.075938641097527,0,,
2026-04-23 04:00:00,91.31017959330842,91.32014465332033,91.31017959330842,91.32014465332033,6741000,0.0002183522701493,0.0007648595369074,0.0028891418137797,0.0089018765578241,0.0185263597155704,91.20170288085936,91.01105850219729,90.01214595794677,1,1,0.0887519471649653,0.0892608863594489,0,98.74774375945805,99.9992573346006,0.0019226163452567,19.37017221484902,0.0,0.1289013241298861,-0.075351667700848,0,,
2026-04-24 04:00:00,91.35006055732404,91.35006055732404,91.340087890625,91.340087890625,7270200,0.0002183881484243,0.0006553670937514,0.0032176025433792,0.0087916958422755,0.0185265722676521,91.21535682678224,91.02392883300782,90.0257670211792,1,1,0.0892087831501271,0.0892504657175846,0,98.88097346614155,99.99929005362904,0.0017173344333331,19.478359784011523,0.0,0.1279380446231844,-0.0770465434111785,0,,
2026-04-27 04:00:00,91.35005950927734,91.36002456894616,91.35005950927734,91.35005950927734,8616000,0.0001091702327271,0.0006553791358272,0.0031081567332018,0.0089018258664839,0.0185265052259153,91.22801818847655,91.0369985961914,90.03934112548828,1,1,0.0893455355307253,0.0892694796802127,1,98.941606555398,99.99932153824616,0.0017066233562641,19.956191397791184,0.0,0.1277319542097633,-0.0951870419213992,0,,
2026-04-28 04:00:00,91.36002349853516,91.36999616500292,91.36002349853516,91.36002349853516,6500500,0.0001090747976666,0.0006551403742707,0.0028891369389101,0.0089017813925842,0.018304536872308,91.24068069458008,91.0494743347168,90.05286823272705,1,1,0.08922934311407,0.0892614523669842,0,98.99991843064213,99.99935183581266,0.0015798676054611,19.956056343614343,0.0,0.128370530968723,-0.1064620865922491,0,,
2026-04-29 04:00:00,91.36999616500292,91.36999616500292,91.36002349853516,91.36002349853516,9227100,0.0,0.0006551403742707,0.0027797068503769,0.0087915452089073,0.018304536872308,91.2533432006836,91.06175186157226,90.0663469696045,1,1,0.088121450558404,0.0890334520052681,0,98.99991843064213,99.99937996926728,0.0016482170626669,19.47791860492226,0.0,0.1283903725573565,-0.1094091363727726,0,,
2026-04-30 04:00:00,91.3699951171875,91.3799677835409,91.3699951171875,91.3699951171875,14975100,0.0001091464107658,0.0005458868254799,0.0028891566561686,0.0086813969271726,0.0183044941008554,91.2653076171875,91.07403045654296,90.07982711791992,1,1,0.0870446672741707,0.0886356950590487,0,99.0600257813234,99.99940718663176,0.0015798631742012,19.303085188816823,0.0,0.1271393962813786,-0.0924512489278961,0,,
2026-05-01 04:00:00,91.41000366210938,91.41000366210938,91.4000015258789,91.4000015258789,14126100,0.0003284054973726,0.0006559401970978,0.002955038408718,0.008792507977515,0.0183059051891099,91.27777557373048,91.0869091796875,90.09336051940916,1,1,0.087602745254486,0.0884291050981361,0,99.21326020020356,99.9994352487416,0.0016598986426222,19.190341543926305,0.0,0.1268299430090123,-0.0880785023121666,0,,
2026-05-04 04:00:00,91.41000366210938,91.41999816894533,91.41000366210938,91.41999816894533,10297700,0.000218781649153,0.0007656115392118,0.0029550617181446,0.0088586847070031,0.0185286918343894,91.2902458190918,91.0995928955078,90.10699390411376,1,1,0.0886368377600064,0.0884706516305102,1,99.29566413416548,99.99946209628102,0.0016599124494283,19.26258186753349,0.0,0.1273241276939675,-0.0839013017636527,0,,
2026-05-05 04:00:00,91.43000030517578,91.43000030517578,91.41999816894533,91.43000030517578,9783300,0.0001094086242703,0.0007659455849609,0.0028452929193116,0.00896906254778,0.0184179988671886,91.30271797180175,91.11247665405271,90.12048366546632,1,1,0.0892348089919892,0.088623483102806,1,99.33328078700488,99.99948778509436,0.0016379757607753,19.728145680875706,0.0,0.1263246581619814,-0.0869961124581613,0,,
2026-05-06 04:00:00,91.41999816894533,91.43000030517578,91.41999816894533,91.41999816894533,8293500,-0.0001093966553327,0.0006564651377429,0.0026260084955358,0.0086378904214015,0.0181620031717613,91.3146900177002,91.12476364135742,90.13382652282716,1,1,0.0878884928620067,0.0884764850546461,0,93.93080213287767,99.99951163899247,0.001843978095531,18.38197391604442,-0.0001093966553327,0.124579256830472,-0.0993130935584265,0,,
2026-05-07 04:00:00,91.44000244140624,91.44000244140624,91.43000030517578,91.44000244140624,8040800,0.0002188172485404,0.0007661959938702,0.00284540036003,0.0088585977893571,0.0182732668119209,91.32716369628906,91.1372525024414,90.14722095489502,1,1,0.0874278909295611,0.0882667662296291,0,94.56721044262171,99.99953456885952,0.0018127639920004,18.989236617234692,0.0,0.1249897486335752,-0.0733296248473931,0,,
2026-05-08 04:00:00,91.45999908447266,91.47000122070312,91.45999908447266,91.45999908447266,8043400,0.0002186859419566,0.0006564284200449,0.0029550241476172,0.0087481507517366,0.0183848536995805,91.33914184570312,91.1499430847168,90.1606669998169,1,1,0.0876658650341681,0.0881465859905369,0,95.11826860761208,99.9995578348982,0.001832491464429,19.086898826691534,0.0,0.1239933837069346,-0.0755143189617018,0,,
2026-05-11 04:00:00,91.4800033569336,91.4800033569336,91.47000122070312,91.4800033569336,6150400,0.0002187215466999,0.0006563682912941,0.0028454946265381,0.0089687857074998,0.0184962416489109,91.35212020874025,91.1626368713379,90.17421306610107,1,1,0.0884490532038029,0.0882070794331901,1,95.59917346064437,99.999579997697,0.0017277806810944,19.728080946958933,0.0,0.123738678300305,-0.0783262098403521,0,,
2026-05-12 04:00:00,91.48999786376952,91.48999786376952,91.4800033569336,91.48999786376952,7332100,0.0001092534594355,0.0006562130415999,0.0029550589661055,0.0089687309794666,0.0182734746884873,91.3650993347168,91.17527206420898,90.18766384124756,1,1,0.0888519783469234,0.0883360592159368,1,95.8206933907157,99.9996011126772,0.0016600887843102,19.727918027929498,0.0,0.1239399587790686,-0.0678053478852922,0,,
2026-05-13 04:00:00,91.48999786376952,91.5,91.48999786376952,91.48999786376952,7467300,0.0,0.0007656934612363,0.0028453506273291,0.0087481423152055,0.0180510462935739,91.37757987976076,91.1877084350586,90.20106624603272,1,1,0.0881551022813056,0.0882998678290105,0,95.8206933907157,99.99962123212676,0.0017278079028329,19.086757991574647,0.0,0.1232503915677732,-0.0617989700767052,0,,
2026-05-14 04:00:00,91.5,91.51000213623048,91.5,91.51000213623048,6764000,0.0002186498297962,0.0007655259509546,0.0029549981353051,0.0089687049248301,0.0183849125783759,91.39056243896484,91.20034606933594,90.21452022552492,1,1,0.0882002826281507,0.0882799507888386,0,96.25793423916886,99.99964040429708,0.0017484626979817,19.72790956180433,0.0,0.1223117797111882,-0.0616994267628263,0,,
2026-05-15 04:00:00,91.52999877929688,91.54000091552734,91.52999877929688,91.52999877929688,9441200,0.0002185186602512,0.0007653585777926,0.0030646219354826,0.0087480177381951,0.0184961547738033,91.4030490875244,91.21318496704102,90.22802577972412,1,1,0.0888257227156827,0.0883891051742074,1,96.6367238344697,99.99965945983708,0.0017647227333009,20.3077033144873,0.0,0.1238280786497008,-0.047837017246646,0,,
2026-05-18 04:00:00,91.54000091552734,91.5500030517578,91.52999877929688,91.52999877929688,7274100,0.0,0.0005465174959407,0.0027358922433069,0.0086378501799058,0.0183849716271136,91.4150375366211,91.22562606811525,90.24148292541504,1,1,0.0883034809299516,0.0883719803253563,0,96.6367238344697,99.99967751218855,0.0017027912658164,19.80730774475093,0.0,0.1239152450470755,-0.035967159452761,0,,
2026-05-19 04:00:00,91.5500030517578,91.55999755859376,91.54000091552734,91.5500030517578,9718100,0.0002185542743113,0.0006558660989108,0.0028455756434302,0.008748039923067,0.0181626977500646,91.42752723693847,91.2382684326172,90.25485061645507,1,1,0.0884837920812771,0.0883943426765404,1,96.990199389445,99.9996946194474,0.0017278108389673,19.981055188218495,0.0,0.1247734254953985,-0.0313375411814168,0,,
2026-05-20 04:00:00,91.55999755859376,91.56999969482422,91.55999755859376,91.56999969482422,8725700,0.0002184231829585,0.0008744325382303,0.0029549839177243,0.0089683738807502,0.0183850880872769,91.44101676940916,91.251111907959,90.26826969146728,1,1,0.0892118730047712,0.0885578487421866,1,97.29611655021392,99.9997108359196,0.0017483324522655,20.668707119784813,0.0,0.1235345695714323,-0.0473381959971191,0,,
2026-05-21 04:00:00,91.58000183105467,91.58000183105467,91.55999755859376,91.56999969482422,7791400,0.0,0.0006556393530012,0.0029549839177243,0.0086377738586518,0.0181628052629432,91.45350952148438,91.26395538330078,90.28168876647948,1,1,0.0887656472553146,0.0885994084448122,1,97.29611655021392,99.99972621167376,0.0017483324522655,20.133558859855867,0.0,0.1232900733881383,-0.039595454159627,0,,
2026-05-22 04:00:00,91.5999984741211,91.5999984741211,91.58999633789062,91.58999633789062,10827800,0.0002183754846898,0.0006554961148685,0.0029550071957806,0.0088580356213945,0.0183851470590357,91.46600494384764,91.27680099487304,90.29506202697752,1,1,0.08899963966482,0.0886794546888138,1,97.58123725239884,99.99974106392844,0.0017483454754456,20.82961664130858,0.0,0.122834068100643,-0.0470689969261255,0,0.592158,
