Date,open,high,low,close,volume,ret_1d,ret_5d,ret_21d,ret_63d,ret_126d,sma20,sma50,sma200,trend_sma,above_sma200,macd,macd_signal,macd_bullish,rsi,adx,vol_21,sharpe_63,drawdown,rs_ratio,rs_mom_21,rs_positive,score,score_pct
2024-05-23 04:00:00,31.014327171060778,31.02393118136383,30.582240110269662,30.659055709838867,1774400,,,,,,,,,0,0,0.0,0.0,0,,0.0,,,0.0,0.0597102425791905,,0,,
2024-05-24 04:00:00,30.86069796681592,31.01432917588533,30.803088552700483,30.99512481689453,637400,0.0109614956910697,,,,,,,,0,0,0.0268089316169763,0.0053617863233952,1,99.99999997024422,0.0,,,0.0,0.0599679845455745,,0,,
2024-05-28 04:00:00,31.091145289184112,31.10074563684262,30.870300664470463,30.95671844482422,811700,-0.0012391100954488,,,,,,,,0,0,0.0444438092529608,0.0131781909093083,1,99.12857462488591,7.142857142857142,,,-0.0012391100954488,0.0598518504226725,,0,,
2024-05-29 04:00:00,30.51502843815868,30.630250928400816,30.476619720458984,30.476619720458984,1257500,-0.0155087085609845,,,,,,,,0,0,0.019455352930052,0.0144336233134571,1,88.7205914632008,11.3566859367499,,,-0.0167286016590881,0.059339166309856,,0,,
2024-05-30 04:00:00,30.563037064884536,30.63985266775217,30.46701710344289,30.51502799987793,1451700,0.0012602539182899,,,,,,,,0,0,0.0027196974406251,0.0120908381388907,0,88.82170799228325,15.321179841603929,,,-0.0154894300265864,0.059810693951156,,0,,
2024-05-31 04:00:00,30.716666889127254,30.80308649882357,30.553433511446464,30.78388214111328,847200,0.0088105487314784,0.0040714375698909,,,,,,,0,0,0.0110237769427179,0.0118774258996561,0,89.52930791433221,15.652730415008968,,,-0.0068153516731801,0.059793059277582,,0,,
2024-06-03 04:00:00,30.95671888229568,31.02393230542547,30.755074950049472,30.91831016540528,1279300,0.0043668314371714,-0.0024782817279505,,,,,,,0,0,0.0281277981264196,0.0151275003450088,1,89.87444292820395,15.598236211483938,,,-0.0024782817279505,0.0600052444485456,,0,,
2024-06-04 04:00:00,30.71666776140321,30.831892079508705,30.572638737342658,30.70706558227539,871800,-0.0068323456877099,-0.0080645777424308,,,,,,,0,0,0.0243564200790586,0.0169732842918188,1,85.12594733630078,15.105944108513802,,,-0.0092936949381835,0.0595287230879307,,0,,
2024-06-05 04:00:00,30.975920457903737,31.01432917588533,30.76467983471889,30.99512481689453,1402100,0.0093808779561603,0.0170132088529317,,,,,,,0,0,0.0441031549109531,0.0223992584156457,1,86.19691622757244,14.81141879366407,,,0.0,0.0593814039094213,,0,,
2024-06-06 04:00:00,31.05273628234864,31.0815409879115,30.975918850371983,31.05273628234864,1185400,0.0018587266802263,0.0176210974629569,,,,,,,0,0,0.0636674298164869,0.0306528926958139,1,86.40770722797096,14.964206293305317,,,0.0,0.059492876864809,,0,,
2024-06-07 04:00:00,30.707065509109093,30.82228799551164,30.64945426590782,30.678260803222656,581500,-0.0120593391745269,-0.0034310597151605,,,,,,,0,0,0.0483973228769656,0.0342017787320443,1,78.06283994200847,14.853480015132098,,,-0.0120593391745269,0.0588469836556262,,0,,
2024-06-10 04:00:00,30.32298683717269,30.56303581524766,30.28457995302345,30.534229278564453,540400,-0.0046949051506555,-0.0124224410967509,,,,,,,0,0,0.0243923331609927,0.032239889617834,0,75.06025139636824,16.223228319788344,,,-0.0166976268715783,0.0583902887459236,,0,,
2024-06-11 04:00:00,30.19782599464993,30.32569869623694,30.0306066918674,30.24700736999512,1075300,-0.0094065550484016,-0.0149821613871767,,,,,,,0,0,-0.017605259273413,0.0222708598395845,0,69.33312289327404,18.208781845485756,,,-0.0259471147736348,0.0577020712826432,,0,,
2024-06-12 04:00:00,30.88637390959809,31.014248484350784,30.768337861063937,30.83719253540039,987000,0.0195121837405551,-0.005095391047048,,,,,,,0,0,-0.0032284280797405,0.0171710022557195,0,73.76304205353432,16.917892882735686,,,-0.0069412159040801,0.0583487485722798,,0,,
2024-06-13 04:00:00,30.50275534625361,30.50275534625361,30.010934076967644,30.109298706054688,980400,-0.0236044130317666,-0.0303817856087043,,,,,,,0,0,-0.0499933424133587,0.0037381333219039,0,61.88887238723289,17.605438723133386,,,-0.0303817856087043,0.0568569772179414,,0,,
2024-06-14 04:00:00,29.4994383330362,29.568293007813057,29.36172898348248,29.51911163330078,3112700,-0.0196014885140857,-0.0377840574912939,,,,,,,0,0,-0.1331432458583812,-0.0236381425141531,0,54.26169071568587,19.27957808618913,,,-0.0493877459011435,0.0557086007180223,,0,,
2024-06-17 04:00:00,29.646984897234244,29.81420420036888,29.53878549601716,29.794532775878903,1146800,0.0093302652870967,-0.0242251571486309,,,,,,,0,0,-0.1748009623021396,-0.0538707064717504,0,56.92932022860148,20.083368028870503,,,-0.0405182813852361,0.0557843890806254,,0,,
2024-06-18 04:00:00,29.68633149851261,29.83387750100806,29.67649484819302,29.794532775878903,729600,0.0,-0.0149593177460944,,,,,,,0,0,-0.2054467405722952,-0.0841859132918594,0,56.92932022860148,20.77026367028071,,,-0.0405182813852361,0.0556430292790841,,0,,
2024-06-20 04:00:00,29.74534868296944,29.892894681291725,29.706003958953104,29.85354995727539,1163700,0.0019808057350798,-0.0318979290023175,,,,,,,0,0,-0.2224077690136106,-0.1118302844362096,0,57.54467857452028,21.221017172777145,,,-0.0386177344942996,0.0559051089246565,,0,,
2024-06-21 04:00:00,29.65682084502836,29.725675519485225,29.519111496114625,29.68633079528809,1218400,-0.0056013158310022,-0.0140477503277598,,,,30.45568561553955,,,0,0,-0.2465011829194558,-0.1387644641328589,0,55.14080441866066,21.97515680859898,,,-0.0440027401977214,0.0556665929318496,,0,,
2024-06-24 04:00:00,29.98142433166504,30.12897033823608,29.91256965367517,29.98142433166504,1719000,0.0099403842937635,0.0156614705790372,,,,30.42180404663086,,,0,0,-0.2390284338421793,-0.158817258074723,0,58.44022785764784,21.449615153892157,,,-0.034499760051502,0.056403286288077,,0,,
2024-06-25 04:00:00,29.86338821564753,29.97158761963154,29.81420496279184,29.942079544067383,825100,-0.0013123054849699,0.0049521423711644,-0.0233854614622522,,,30.3691517829895,,,0,0,-0.2335883606829618,-0.1737714785963707,0,57.82949934267583,21.16332851570644,0.173008937171158,,-0.0357667913121262,0.0561131909988028,-0.0602417847426606,0,,
2024-06-26 04:00:00,29.696168304043223,29.912568983757648,29.656821702559206,29.87322425842285,1824600,-0.0022996160150865,0.0026411383301723,-0.0361960329277385,,,30.314977073669432,,,0,0,-0.2321569488212205,-0.1854485726413407,0,56.712507732315,21.21544661685928,0.1673973748148656,,-0.037984157441103,0.0559143625910185,-0.0675964347522029,0,,
2024-06-27 04:00:00,30.02076963561253,30.128969035138656,29.96174973461736,30.050277709960938,990100,0.0059268276502884,0.0065897607811162,-0.0292809050958963,,,30.29365997314453,,,0,0,-0.2142658869969231,-0.1912120355124572,0,58.9102932970856,20.62010507989587,0.1694741355711054,,-0.0322824553454095,0.0561572177968457,-0.0617296307421642,0,,
2024-06-28 04:00:00,30.02077027534853,30.16831627868228,30.00109697459757,30.1191349029541,999300,0.0022913995556965,0.0145792388641949,-0.0117298053650255,,,30.27386531829834,,,0,0,-0.1923140153345883,-0.1914324314768834,0,59.76584714997005,19.95222156950599,0.1617927135727739,,-0.0300650277935482,0.056508275269254,-0.0477069567479213,0,,
2024-07-01 04:00:00,30.34537154210864,30.40438956686832,30.14864229137747,30.25684356689453,781600,0.0045721321141571,0.0091863292478271,-0.0084608945134977,,,30.247513389587404,,,0,0,-0.1619383362496549,-0.1855336124314377,1,61.49269497884057,18.66105207746761,0.1626542972763674,,-0.0256303569584789,0.0566500461105441,-0.0528441927658122,0,,
2024-07-02 04:00:00,29.883059794057644,30.04044432785461,29.84371506772036,30.020771026611328,915200,-0.0078022857791254,0.0026281234884881,-0.0247893073071113,,,30.202636432647704,,,0,0,-0.155126273670092,-0.1794521446791686,1,56.97793366849616,18.198701704865694,0.1610323942949954,,-0.0332326673679932,0.0558323093557028,-0.0662409645823923,0,,
2024-07-03 04:00:00,30.32569961407713,30.512592223113923,30.32569961407713,30.47324562072754,306600,0.0150720510714106,0.0200855909330077,-0.0143948534799202,,,30.190945434570317,,,0,0,-0.1119265274042433,-0.1659470212241835,1,62.639734986784894,17.223126245462645,0.1696870805975098,,-0.0186615007563921,0.0564220260531405,-0.0597150870450615,0,,
2024-07-05 04:00:00,30.85686574068892,30.866700514578906,30.551935217923152,30.7978458404541,800000,0.0106519739894648,0.0248772453189463,0.0029563312696057,,,30.18108148574829,,,0,0,-0.0509110217487709,-0.142939821329101,1,66.08767873019772,17.050166108790943,0.1724292141708027,,-0.0082083085875889,0.0566960956538925,-0.0475842129160755,0,,
2024-07-08 04:00:00,30.84703023539941,30.8863749608669,30.610956254146767,30.65030097961425,354900,-0.0047907526261476,0.0176355024263348,-0.0111250991669606,,,30.16095972061157,,,0,0,-0.0142966284760248,-0.1172111827584858,1,63.23113320909724,16.9284506872929,0.1698883011608196,,-0.0129597372378142,0.056359449580874,-0.0508905840817923,0,,
2024-07-09 04:00:00,30.42406293057871,30.443736230922667,30.22733367943753,30.296188354492188,1096000,-0.0115533164048727,0.0013003599503256,-0.0243633256978547,,,30.141856098175047,,,0,0,-0.0136955140586678,-0.0965080490185222,1,56.87696019527906,15.840631419211418,0.1738703056366756,,-0.0243633256978547,0.0556541884486552,-0.0645234962309319,0,,
2024-07-10 04:00:00,30.55193644463246,30.7093190992795,30.51259171904532,30.689647674560547,640400,0.012987089843268,0.0222804619960061,0.0003711706935061,,,30.14962701797485,,,0,0,0.0183185870322724,-0.0735427218083633,1,61.50574603258252,15.399677169209186,0.1756474529366264,,-0.0116926445543055,0.0558245793415415,-0.0513603948126193,0,,
2024-07-11 04:00:00,30.94539209215423,31.043756717201948,30.88637406758527,30.915884017944336,736400,0.0073717478213777,0.0145254759773838,0.0124992426007559,,,30.183070850372317,,,0,0,0.0612394447719459,-0.0465862884923014,1,63.90487445531669,15.62926155374882,0.1764894065680589,,-0.0044070919599472,0.0567252110876507,-0.028516345680671,0,,
2024-07-12 04:00:00,31.161795131974188,31.49623373670024,31.161795131974188,31.397869110107425,688100,0.0155902089645352,0.0194826376091918,0.0380487803647626,,,30.211104679107667,,,0,0,0.132617965227471,-0.0107454377483469,1,68.4205075804157,16.57554051517235,0.1797534846694759,,0.0,0.0572484717257438,-0.0078610619483232,0,,
2024-07-15 04:00:00,31.21097587862257,31.24048582885085,31.03391992955116,31.08310317993164,442700,-0.0100250730096348,0.0141206509066662,0.0079744822505793,,,30.259794902801517,,,0,0,0.1619204587301403,0.0237877415473505,1,62.88736000449893,17.113974462064064,0.172126061877591,,-0.0100250730096348,0.0565191172499731,-0.031356821989769,0,,
2024-07-16 04:00:00,30.906047744049392,31.122448420869315,30.847029718761995,31.112611770629883,765700,0.000949345067879,0.0269480571808182,0.0333223657704599,,,30.33946990966797,,,0,0,0.1853869670431471,0.0561075866465098,1,63.18791353123678,17.1265623659676,0.148282974119373,,-0.0090852451953726,0.0562392761784536,-0.0108641202841301,0,,
2024-07-17 04:00:00,30.965066456231813,31.092941036031867,30.925721730550503,30.974903106689453,546300,-0.0044261364155363,0.0092948421941436,0.0493169134448605,,,30.39848842620849,,,0,0,0.1906744295148641,0.0830209552201807,1,60.7167254508468,17.13825113387803,0.1290041277635023,,-0.0134711690763056,0.0567865679345934,0.0193501039817431,1,,
2024-07-18 04:00:00,31.0535933470851,31.092939947538216,30.64046342307325,30.66997337341309,581300,-0.0098444128211174,-0.0079541844699803,0.0293825919043417,,,30.442260456085204,,,0,0,0.1683192213380131,0.1000806084437472,1,55.53732014172164,16.406079840841123,0.1329277288268377,,-0.0231829661478528,0.0566629819992133,0.0157497990579063,1,,
2024-07-19 04:00:00,30.502754900505263,30.512591550885144,30.345372246725585,30.36504554748535,508700,-0.0099422266271698,-0.0328947024716907,0.0191482368895654,,,30.467835235595704,,,0,0,0.1245615624777194,0.1049767992505416,1,50.86460605424104,15.428746690348806,0.1386002993700252,,-0.0328947024716907,0.0564746452291952,0.0149455549218939,1,,
2024-07-22 04:00:00,30.80768358460546,30.88637491156406,30.738828908035337,30.85686683654785,443200,0.0161969554201188,-0.007278434912826,0.0336079588761921,,,30.526362037658693,,,0,0,0.1280925985382808,0.1095999591080894,1,57.12980287461359,14.933831010139452,0.1483514567192999,,-0.0172305410810639,0.0568037204798327,0.0160738718242587,1,,
2024-07-23 04:00:00,30.896212077798808,30.96506675551853,30.8470307011845,30.886375427246094,333400,0.0009563054750358,-0.0072715317200516,0.0404241480778917,,,30.571609592437746,,,0,0,0.1317532967207633,0.1140306266306242,1,57.480117412900256,14.632250669531322,0.1460526479539194,,-0.0162907132668017,0.0569473781641972,0.0230081484224407,1,,
2024-07-24 04:00:00,30.689647362519487,30.778175339376983,30.49291810813634,30.532264709472656,335500,-0.0114649489580788,-0.0142902270167619,0.0183727221133334,,,30.60111885070801,,,0,0,0.1048717546000901,0.1121988522245174,0,51.98981531272711,13.651194865258557,0.1500273732690057,,-0.027568890028786,0.0575998346758769,0.0212141608502851,1,,
2024-07-25 04:00:00,30.34537285408827,30.679811469101185,30.296189601204457,30.433900833129883,483400,-0.0032216370871518,-0.0076971876502459,0.0164257558777325,,,30.62915267944336,,,0,0,0.0747689066252093,0.1047128631046558,0,50.54556361814527,13.158092628651884,0.1505286495348143,,-0.0307017101573694,0.0577149866595397,0.0285457952439567,1,,
2024-07-26 04:00:00,30.640463192126223,30.82735579057152,30.60111846811884,30.7978458404541,363100,0.011958539568087,0.014253240367841,0.030951516114654,,,30.666531085968018,,,0,0,0.0793646370681919,0.099643217897363,0,55.47414255702653,12.353207489357116,0.1548481063047889,,-0.0191103182050073,0.0577582972509883,0.0329778356494399,1,,
2024-07-29 04:00:00,30.59128218669559,30.59128218669559,30.404389585998302,30.50275421142578,1504300,-0.0095815671835303,-0.0114759747643156,0.0150573151380513,,,30.6857120513916,,,0,0,0.0585207672982583,0.0914187277775421,0,51.03320081808316,12.03567666539964,0.1585343632921504,,-0.0285087785907577,0.0571712715910706,0.0180574080057416,1,,
2024-07-30 04:00:00,30.57160894955741,30.6306269744762,30.45357102357068,30.54209899902344,525400,0.0012898765575379,-0.011146546768934,0.014043036011232,,,30.699974822998048,,,0,0,0.0446618123034134,0.0820673446827164,0,51.58966544184086,11.640325368479951,0.1584503497146016,,-0.027255674838408,0.0575365155529718,0.0181962779578446,1,,
2024-07-31 04:00:00,30.66997467267784,30.797847377269164,30.57161004352723,30.601119995117188,638700,0.0019324472786115,0.0022551647019872,0.0113784647582786,,,30.72899227142334,,,0,0,0.0380029177673151,0.0732544592996361,0,52.46239000601997,10.844780221237976,0.1579029024099698,,-0.0253758977144646,0.0567256564276924,0.0013346911845524,1,,
2024-08-01 04:00:00,30.23716992814317,30.34537120244912,29.72567538288669,29.85354995727539,1700500,-0.0244294992458146,-0.0190692241207124,-0.0055701790333002,,,30.69800748825073,,,0,0,-0.0272824632243278,0.0531470747948433,0,42.10782305230137,11.774676405494352,0.1782290697690617,,-0.0491854764862019,0.0561347970957575,0.0054177902283696,1,,
2024-08-02 04:00:00,29.59780272621502,29.68633070056256,29.479764801701915,29.6469841003418,706200,-0.0069193063213324,-0.0373682544576089,-0.0271143261426582,,,30.64046440124512,,,0,0,-0.0945992550019489,0.0235978088354848,0,39.771935506966514,13.01051006675871,0.1705939426089681,,-0.0557644534291656,0.0568039751049427,0.0067695025953593,1,,
2024-08-05 04:00:00,28.82072594809203,29.233855893902223,28.801054522976703,29.076473236083984,2460900,-0.0192434705104199,-0.0467590882271062,-0.0558926300653479,,,30.561773014068603,30.450286407470703,,1,0,-0.1917731151673507,-0.0194763759650822,0,34.13905319480402,15.01471418642922,0.1756653113226548,,-0.0739348223244917,0.0573820606552342,0.0120989813042733,1,,
2024-08-06 04:00:00,28.82072534463752,29.19451055624139,28.82072534463752,29.007617950439453,1178100,-0.0023680755601088,-0.0502415059499693,-0.0535943523121473,,,30.497344493865967,30.417257652282714,,1,0,-0.2712137621270791,-0.0698238531974816,0,33.52197305071978,16.875760868980404,0.1754983345864842,,-0.076127814638813,0.0567232008964747,0.0064541317969879,1,,
2024-08-07 04:00:00,29.42074758602773,29.52894886345911,29.066635678906287,29.09614562988281,1685900,0.0030518769102174,-0.0491803687405727,-0.0396103533080735,,,30.41766939163208,30.37927806854248,,1,0,-0.3233007930131251,-0.1205192411606103,0,35.14512510317094,17.71594170526926,0.1733490221285806,,-0.0733082704483171,0.0572791736902188,0.0291978966338322,1,,
2024-08-08 04:00:00,29.34205667743487,29.56829400969578,29.224018747997,29.53878593444824,638800,0.0152130220337782,-0.0105436044717504,-0.0374999984462607,,,30.348814487457275,30.35091941833496,,0,0,-0.3251150431378491,-0.1614384015560581,0,42.68103938247136,18.39465864180028,0.1759047800307639,,-0.0592104887481271,0.0568366522552172,0.0181295215407477,1,,
2024-08-09 04:00:00,29.47976579643272,29.696168352650574,29.43058442064641,29.66665840148925,641500,0.0043289682698803,0.0006636189732103,-0.0404072423007538,,,30.262253952026366,30.334720191955565,,0,0,-0.3126307967976771,-0.1916768806043819,0,44.68080877619913,18.686796419972676,0.1742222823280685,,-0.0551378408052816,0.0568320941589722,0.0018842251843964,1,,
2024-08-12 04:00:00,29.69616728690173,29.70600393693581,29.53878463865472,29.60763931274414,409600,-0.0019894080400423,0.0182678990105642,-0.0570175571815153,,,30.18848075866699,30.31657241821289,,0,0,-0.3039950234476087,-0.2141405091730273,0,43.91919270755032,18.931186404614007,0.1622083871060005,,-0.0570175571815153,0.0566892308571476,-0.0097686602233731,0,,
2024-08-13 04:00:00,29.71584048578831,30.05027910232698,29.71584048578831,30.020771026611328,335800,0.0139535512947619,0.0349271380332878,-0.0341771587981662,,,30.133888721466064,30.30131019592285,,0,0,-0.2608083973697077,-0.2234740868123634,0,50.30490458875545,18.252799247287108,0.1697358879731825,,-0.0438596032955876,0.0565502476673008,0.00055079447172,1,,
2024-08-14 04:00:00,30.19782583819492,30.227333912789465,30.099461211864963,30.16831588745117,740500,0.0049147592081846,0.0368492195223,-0.0303509036830563,,,30.093559360504152,30.28631031036377,,0,0,-0.2122305857901771,-0.2212253866079261,1,52.38994272394618,17.197935454266883,0.1710371798661457,,-0.0391604034765673,0.0566494717310042,0.0072937559019967,1,,
2024-08-15 04:00:00,30.45357057175148,30.60111844608312,30.443735797868577,30.55193519592285,791200,0.0127159669735243,0.0342989472797889,-0.0136551810770718,,,30.08765745162964,30.28320770263672,,0,0,-0.1411503545516055,-0.205210380196662,1,57.39513454663155,16.533685714754373,0.1774190672021221,,-0.0269423989003207,0.0564030557543718,-0.0067535720887969,0,,
2024-08-16 04:00:00,30.7191561201485,30.91588537890423,30.7191561201485,30.886375427246094,463800,0.0109466136655027,0.0411140685024238,0.0070558279004113,,,30.113723945617675,30.28103271484375,,0,0,-0.0571731708311915,-0.1756029383235679,1,61.2225371927377,16.513616987867266,0.1783776286034639,,-0.0162907132668017,0.0568929254624552,0.0040580896932858,1,,
2024-08-19 04:00:00,31.014248819427173,31.25032279519517,31.014248819427173,31.24048614501953,313200,0.0114649489580789,0.0551495110781277,0.0288305379343216,,,30.13290491104126,30.284787712097167,,0,0,0.03752061351096,-0.1329782279566623,1,64.82563807831022,17.05746444579739,0.1781604878393387,,-0.0050125365048174,0.0570002062432229,0.0093061410460342,1,,
2024-08-20 04:00:00,31.201139903462703,31.27983122962449,31.14212187787866,31.191303253173828,236300,-0.0015743318339347,0.0389907449587121,0.010838314155404,,,30.148151302337645,30.29504856109619,,0,0,0.1073598934778132,-0.0849106036697672,1,63.93703220700596,17.610458435095108,0.170032030211201,,-0.0065789769429639,0.0570031499408427,0.0035108520942894,1,,
2024-08-21 04:00:00,31.378196058814115,31.555253889007016,31.30934138249696,31.515907287597656,400700,0.0104068762946223,0.0446690960534204,0.020382186373226,,,30.197333431243894,30.314682121276856,,0,0,0.186748142426083,-0.0305788544505971,1,67.13866901244126,18.56300650001108,0.1734216024887982,,0.0,0.0573991131959129,0.0079324991997553,1,,
2024-08-22 04:00:00,31.565087798000533,31.58476109816596,31.309340524297465,31.32901382446289,867900,-0.0059301311375641,0.0254346778217746,0.0260953166288724,,,30.242089080810548,30.33632225036621,,0,0,0.2319098487602602,0.0219188861915742,1,63.63569990983454,19.493596310453626,0.1694152457579504,,-0.0059301311375641,0.0575101077914192,-0.0015577628818312,0,,
2024-08-23 04:00:00,31.584761714057027,31.91920031879407,31.555253639382656,31.88968849182129,696800,0.0178963394921993,0.032484001463316,0.0478344089597169,0.0401392917521428,,30.296681213378907,30.357372169494628,,0,0,0.3093762890249145,0.0794103667582423,1,68.88121062341591,20.857887809448123,0.1779227045184018,1.0287949392379716,0.0,0.0579238691705782,0.0036192074732803,1,,
2024-08-26 04:00:00,31.79132610054032,31.86018077709068,31.74214472476126,31.801164627075195,222300,-0.0027759400901264,0.0179471753241282,0.0325775637626966,0.0260053739077481,,30.361601734161376,30.39120948791504,,0,0,0.3594819804886988,0.1354246895043336,1,67.23219803673103,22.124729915657294,0.1751308462626409,0.703415702154558,-0.0027759400901264,0.0579010994735306,0.0024724105338806,1,,
2024-08-27 04:00:00,31.92903437519224,32.02740087572633,31.87985300107436,31.98805427551269,598900,0.0058768177401395,0.025544011927677,0.048693965593787,0.0333154120494612,,30.43389949798584,30.44058834075928,,0,0,0.4095504915623067,0.1902498499159282,1,68.92366144745243,23.54684786362654,0.1708451317145349,0.8741225237254578,0.0,0.0581615121871858,0.0173205977155457,1,,
2024-08-28 04:00:00,32.00772838919508,32.076583065169935,31.81099913542474,31.92903518676757,479900,-0.0018450352821333,0.0131085516720153,0.0454106375527261,0.0476567112636046,,30.50029525756836,30.48327838897705,,1,0,0.4394026399786312,0.2400804079284689,1,67.73456366029835,24.62142536800476,0.1714279097806459,1.228025397614767,-0.0018450352821333,0.0583931892234003,0.0148892170857968,1,,
2024-08-29 04:00:00,32.09625594149175,32.174945390580625,31.91919999066881,31.938873291015625,659900,0.000308124069221,0.0194662835533154,0.0437158279210661,0.0466604615648194,,30.604561424255373,30.526165199279784,,1,0,0.4585684438917923,0.2837780151211336,1,67.83418386032909,25.77696711421029,0.1715488973420716,1.2045551976126654,-0.0015374797126912,0.0584059529400839,0.0296214555848008,1,,
2024-08-30 04:00:00,32.155272405424064,32.184784232382746,31.93887360408471,32.09625625610352,341900,0.0049276304662935,0.0064775723455314,0.0751236051336528,0.0426318587426473,,30.727025032043457,30.571019325256348,,1,0,0.4809133023619161,0.3232050725692901,1,69.45871542023801,26.86628578479952,0.1419437603749676,1.1129324876641793,0.0,0.0581387640286085,0.0356991925958609,1,,
2024-09-03 04:00:00,31.95854690361613,31.99788975239579,31.584761697971352,31.64377784729004,651600,-0.0140975447479934,-0.0049490885516551,0.067352339792472,0.0234640146244633,,30.85539026260376,30.610168266296387,,1,0,0.4568443206612329,0.3499329221876787,1,60.0660758236436,26.567311415712734,0.1504988829678443,0.6460972274336503,-0.0140975447479934,0.0585234985855408,0.0302711822090158,1,,
2024-09-04 04:00:00,31.51590798805712,31.76181862388347,31.51590798805712,31.62410926818848,335400,-0.0006215622924822,-0.0113775287546269,0.087618467735725,0.0298642565977524,,30.98621482849121,30.64302196502685,,1,0,0.4312116498202698,0.3661886677141969,1,59.68823449994015,26.05730986968793,0.1276788295330604,0.800571480656456,-0.0147103445382437,0.0586070840586693,0.0213485432458646,1,,
2024-09-05 04:00:00,31.801163954125087,31.83067202850841,31.633942777256763,31.7323055267334,290800,0.0034213219296506,-0.0061614658533655,0.0939300697130378,0.0237837632270818,,31.11802282333374,30.678826484680176,,1,0,0.414846020642809,0.3759201382999193,1,61.136493115364345,25.74353414689098,0.1255764731396771,0.658342380791057,-0.0113393514329546,0.0589509821835859,0.0392746046045093,1,,
2024-09-06 04:00:00,31.67328921213244,31.73230536059008,31.14212136222359,31.161794662475582,508300,-0.0179788658525671,-0.0243301828921633,0.0709939061643709,0.0035120376876074,,31.199173259735108,30.70459789276123,,1,0,0.351785518347679,0.3710932143094713,0,50.77741220582571,23.922703150927955,0.1474646430710525,0.1663072266688941,-0.0291143486072535,0.0588820988411794,0.0279844321712741,1,,
2024-09-09 04:00:00,31.260159307322063,31.44705003138649,31.260159307322063,31.40770530700684,276800,0.0078914147017141,-0.0214526873041694,0.0632700130840198,0.0237772443641119,,31.286225605010987,30.73174644470215,,1,0,0.3179869936819344,0.3604719701839639,0,54.36664167962761,22.23193151181943,0.1421034443988866,0.649429896667105,-0.0214526873041694,0.0586896607206828,0.0326023506300992,1,,
2024-09-10 04:00:00,31.12244935963886,31.12244935963886,30.84703064922388,31.092941284179688,347100,-0.0100218726503693,-0.0174074210029104,0.0480769644962384,0.0182978912131068,,31.36049070358276,30.75122257232666,,1,0,0.2627735039469812,0.3409322769365673,0,49.40110817321976,21.674014388318295,0.1488994954467063,0.517585857323639,-0.0312595638543682,0.0578495069707039,0.0179020820328346,1,,
2024-09-11 04:00:00,31.15195778107335,31.32901372972848,30.827355833922,31.2896671295166,484400,0.0063270259168761,-0.0105755433563563,0.0568106021221508,0.0344715014866494,,31.42393550872803,30.7718790435791,,1,0,0.2322137318003569,0.3191885679093253,0,52.33150138658369,20.558894003014256,0.1486814130847871,0.8995435413735937,-0.0251303180081489,0.0576243570440211,0.0164956583946236,1,,
2024-09-12 04:00:00,31.28966778717755,31.61426974115153,31.20113981098926,31.604434967041016,423900,0.0100598014105264,-0.0040296649603558,0.0527522740513852,0.0248804242072246,,31.49574146270752,30.80355232238769,,1,0,0.2307342650857116,0.3014977073446026,0,56.65683064396946,19.399784233684358,0.1455388737929908,0.6853236893576903,-0.0153233226061678,0.0577178853895374,0.0206477914845939,1,,
2024-09-13 04:00:00,31.76181863255881,31.948709365010423,31.76181863255881,31.870019912719727,640900,0.0084034074950454,0.0227273575837072,0.0564069943982654,0.0584776558183659,,31.561645698547363,30.83148780822754,,1,0,0.2481319519009055,0.2908245562558632,0,59.95823485189045,19.075879709625397,0.1467674634264041,1.537538846012379,-0.0070486832351599,0.0579005001495863,0.0220836731633171,1,,
2024-09-16 04:00:00,31.88968979816062,32.0765842848834,31.840508420922514,32.06674575805664,140100,0.0061727556454522,0.0209834002391373,0.0495814930353721,0.0863045662214931,,31.62066421508789,30.85686580657959,,1,0,0.2746281334849776,0.2875852717016861,0,62.251829134920165,19.038859036853907,0.1428141130536469,2.2785902947936614,-0.0009194373889406,0.0581719914619032,0.0313624090729216,1,,
2024-09-17 04:00:00,32.145437442819684,32.15527221688264,31.889688289602194,32.01756286621094,486300,-0.0015337662329937,0.0297373469296615,0.0366241562280234,0.0746120137897163,,31.65951805114746,30.884211044311524,,1,0,0.2883341632000764,0.2877350500013641,1,61.30636239562406,19.167012472843957,0.1398568040714649,1.9997530446761451,-0.0024517934199138,0.0580590480952796,0.0204967950469345,1,,
2024-09-18 04:00:00,32.1651094096112,32.47003617279896,31.9978882390872,32.04707336425781,711800,0.0009216972000707,0.0242062733235894,0.0258186513325713,0.0756024806739887,,31.70230655670166,30.919228744506835,,1,0,0.298140759964081,0.2898161919939075,1,61.68240713622538,19.89349144738373,0.135325644754977,2.0246578681922545,-0.0015323560309734,0.0582854197991544,0.0225475246606561,1,,
2024-09-19 04:00:00,32.578240833902136,32.67660734217909,32.41102339827924,32.54873275756836,281700,0.0156538285917255,0.0298786480920199,0.0435194866138339,0.0902801443764695,,31.7539478302002,30.95641044616699,,1,0,0.342444788690404,0.3003419113332068,1,67.47003555617272,20.92425324401645,0.1436972130490479,2.3470599401470853,0.0,0.0582045910795701,0.0210767499686295,1,,
2024-09-20 04:00:00,32.312656094570265,32.312656094570265,32.05691068394304,32.1552734375,396000,-0.0120883145589399,0.008950528602162,0.0202870932468426,0.083167659190936,,31.79526081085205,30.981198234558107,,1,0,0.3418663493259117,0.3086467989317478,1,59.83621249294366,20.77552582719468,0.1483074058296452,2.151815313948201,-0.0120883145589399,0.0576005723845866,0.003509796187723,1,,
2024-09-23 04:00:00,32.27331294457498,32.30282101990812,32.17494643963372,32.24380111694336,249300,0.0027531309791357,0.0055214632698497,0.0291993644487515,0.0754592830631097,,31.81296644210816,30.998116874694823,,1,0,0.344579280385382,0.3158332952224747,1,60.90793821384256,20.637421797288745,0.1462319347514772,1.977602536568671,-0.009368464293102,0.0576151714634554,0.0018268731544937,1,,
2024-09-24 04:00:00,32.41102020990232,32.617584228515625,32.3815083841731,32.617584228515625,731200,0.011592402217611,0.0187403821087803,0.0228254263719451,0.0893560075047745,,31.853787422180176,31.028806495666505,,1,0,0.372595422960412,0.3271857207700622,1,65.13782505329434,21.12482705398513,0.1387153660951052,2.2952082997580425,0.0,0.0581167782859913,0.0033303907037878,1,,
2024-09-25 04:00:00,32.617584689814855,32.617584689814855,32.35200076828529,32.361839294433594,267400,-0.0078407074015753,0.0098219867567326,0.0176306331523796,0.0833058733293266,,31.872476673126226,31.053791046142575,,1,0,0.3698979852453021,0.3357281736651102,1,60.32798083698893,21.480839227761727,0.1415837830203012,2.138671219809072,-0.0078407074015753,0.0577885578483527,-0.0019436871873106,0,,
2024-09-26 04:00:00,33.0012062389711,33.188100721753365,32.89300495994947,33.14875411987305,501000,0.0243161341442914,0.0184345537128529,0.0362854156230716,0.1031097429387495,,31.93346261978149,31.09726806640625,,1,0,0.4263430786916444,0.353851154670417,1,68.12679921891363,22.7662843910286,0.162641727447329,2.508292618129931,0.0,0.0589599970623632,0.0137287502533904,1,,
2024-09-27 04:00:00,33.47335512571439,33.56188310623186,33.315972466160964,33.37499237060547,828400,0.0068249397824815,0.037932158638807,0.0452865918240192,0.1080993022589116,,32.005268573760986,31.151368446350094,,1,0,0.4837553277044293,0.3798319892772195,1,69.95545960304922,24.449275357102877,0.1630006114843285,2.6150475117551544,0.0,0.0594486046508593,0.0180742898529011,1,,
2024-09-30 04:00:00,33.33564606916141,33.35531937082086,33.109408728525715,33.28646469116211,795000,-0.0026525153462305,0.0323368690446008,0.0421928284027965,0.1001301116413355,,32.06477899551392,31.209796829223635,,1,0,0.5161615161468376,0.4070978946511431,1,68.30406203995662,25.352355281870608,0.1637457144784841,2.4349406593189835,-0.0026525153462305,0.0590542723557705,0.0111002283680161,1,,
2024-10-01 04:00:00,33.24711667237328,33.24711667237328,32.63725935608914,32.82415008544922,852900,-0.0138889668819542,0.0063329600220056,0.0226784651623435,0.0933813144356916,,32.12379760742188,31.24914249420166,,1,0,0.4987889998992969,0.4254361157007739,1,60.29869651793854,24.874126501632823,0.1722873454777649,2.2587270133577237,-0.0165046415303872,0.0587604840293986,0.0106937257985773,1,,
2024-10-02 04:00:00,32.63725904555851,32.755295097068206,32.529057768216944,32.66676712036133,298100,-0.004794730851467,0.009422450409986,0.0323282914577438,0.071981879676833,,32.17593050003052,31.284750328063964,,1,0,0.4669390825484925,0.4337367090703176,1,57.81455346023133,24.15781115747278,0.1647814558807923,1.795113438727035,-0.021220237067916,0.058454058154989,-0.0011865392915685,0,,
2024-10-03 04:00:00,32.46020246543807,32.47987576569293,32.243799914933014,32.35200119018555,593400,-0.009635662109324,-0.0240356825118153,0.0230169936431781,0.0504631186798787,,32.206915283203124,31.321145057678223,,1,0,0.4115546676009529,0.4293003007764447,0,53.10261842938046,22.80706688262094,0.1691899024575987,1.2927773004701375,-0.030651428142974,0.0579968557488266,-0.0104121936732396,0,,
2024-10-04 04:00:00,32.37167348250985,32.558564200664385,32.34216540919551,32.53889465332031,183400,0.0057768748843722,-0.025051622724011,0.025418547855194,0.0616174593183334,,32.27577028274536,31.363244934082037,,1,0,0.378381118275584,0.4191164642762726,0,55.42556408665551,21.716769161919565,0.169786135737708,1.5540907404018722,-0.025051622724011,0.0578065859207837,-0.0194126750804294,0,,
2024-10-07 04:00:00,32.430693161193965,32.430693161193965,32.135597420861686,32.214290618896484,491400,-0.0099758777267101,-0.032210512056881,0.0337752035086829,0.0633116695064344,,32.31609954833984,31.39157382965088,,1,0,0.3221840712629173,0.3997299856736016,0,50.7259209604176,20.21196151489906,0.1603678318011768,1.5975493751182956,-0.0347775885255708,0.0577520255102961,-0.0191921373918984,0,,
2024-10-08 04:00:00,32.3520002842804,32.411020183392324,32.263472311761646,32.371673583984375,204700,0.0048855014983806,-0.0137848657249902,0.0306920950624967,0.0548075992028447,,32.380036163330075,31.42895221710205,,1,0,0.2870381989236819,0.3771916283236177,0,52.814964713977616,18.814640128380017,0.1592233760540594,1.411547199087331,-0.0300619929880419,0.0574904360103977,-0.0204333215690668,0,,
2024-10-09 04:00:00,32.33233019165768,32.58807936087914,32.33233019165768,32.54873275756836,200900,0.0054695712016441,-0.0036132857089307,0.0468206420255707,0.0528158515110315,,32.44298944473267,31.46908489227295,,1,0,0.2703555469902525,0.3558244120569447,0,55.120250828294736,17.94222977595966,0.1540730190191394,1.3663391113175394,-0.0247568479975092,0.0574072673132754,-0.0076446573287568,0,,
2024-10-10 04:00:00,32.509384029257475,32.509384029257475,32.31265477786154,32.430694580078125,197700,-0.0036265060876383,0.0024324118137226,0.036466589620097,0.0328947632194001,,32.48430242538452,31.50567638397217,,1,0,0.2447879673908772,0.3336171231237312,0,53.25237385453235,17.077937849424043,0.1545921047608474,0.9003750947699327,-0.0282935732251737,0.0572993445365935,-0.0056401932116878,0,,
2024-10-11 04:00:00,32.460203993789364,32.6864413289248,32.460203993789364,32.6470947265625,370400,0.0066726953981832,0.0033252534972372,0.0329909318299419,0.0503164544922474,,32.52315616607666,31.56154727935791,,1,0,0.2392294712147205,0.3147395927419291,0,56.183879556974,16.709364760270294,0.1527327069502938,1.3335175872313687,-0.0218096722228483,0.0573383345501922,-0.0065759657822465,0,,
2024-10-14 04:00:00,32.65693265691101,32.82415008544922,32.63725935608914,32.82415008544922,279400,0.0054233113350408,0.0189313331082634,0.0299381730962988,0.0550110780617594,,32.561026382446286,31.62509059906006,,1,0,0.2462723365011214,0.3010461414937676,0,58.478147372192296,16.68972739145945,0.1514008986802332,1.4454929496114222,-0.0165046415303872,0.0571816471018046,-0.0124153167230779,0,,
2024-10-15 04:00:00,32.833986773138086,32.86349484656906,32.58807615508466,32.617584228515625,1192300,-0.0062931060330839,0.007596476094857,0.0171778725105147,0.0530326476298617,,32.591027450561526,31.69591281890869,,1,0,0.2325055405285141,0.2873380213007169,0,54.86847935417243,16.51063995170384,0.1526533243249331,1.3951141415980308,-0.0226938821042823,0.0572667442644474,-0.0155615645039192,0,,
2024-10-16 04:00:00,32.578237500306685,32.6766039985182,32.4798747543934,32.53889465332031,713900,-0.0024124893690476,-0.0003022576737878,0.0162826817671233,0.0609365145888041,,32.615618515014646,31.766538352966307,,1,0,0.2127927224087145,0.2724289615223164,0,53.51335490683964,15.986998012628533,0.1528568117524319,1.598475263559895,-0.025051622724011,0.0568813663377555,-0.0202842071332526,0,,
2024-10-17 04:00:00,32.63726025256816,32.656933553930415,32.47987759396868,32.55856704711914,335600,0.000604580887225,0.0039429456783688,0.0159606987211442,0.0722383734351237,,32.616110229492186,31.83578678131104,,1,0,0.1964925262656578,0.2572416744709847,0,53.82042033559945,15.500759069201465,0.1528579279639596,1.889011442298825,-0.0244621875690789,0.0569108615723025,-0.0235832259866791,0,,
2024-10-18 04:00:00,32.784807720378986,32.86349717253036,32.715949290336084,32.81431579589844,759100,0.0078550369986853,0.0051220811755687,0.0081595507975136,0.0634364133506943,,32.64906234741211,31.90129737854004,,1,0,0.2018840958423453,0.2461701587452568,0,57.72955416821414,15.62291011939194,0.145519234814228,1.6990681886076673,-0.0167993019588175,0.0571381179112029,-0.0183228358551522,0,,
2024-10-21 04:00:00,32.588077654998095,32.60775095562366,32.371675100415395,32.42085647583008,747700,-0.0119904776474888,-0.0122864905433733,0.008259392937407,0.0496814866541561,,32.657915115356445,31.95638134002685,,1,0,0.1724205183161515,0.2314202306594358,0,50.6288756682169,14.589517271026748,0.145413570136667,1.337703205753371,-0.0285883479516756,0.0565458644800443,-0.0183107191626541,0,,
2024-10-22 04:00:00,32.292986245563235,32.312655794253,32.204458267265345,32.24380111694336,351500,-0.005461156123951,-0.0114595584073172,0.0,0.056056647738276,,32.63922595977783,32.00910457611084,,1,0,0.133247538424996,0.2117856922125479,0,47.78081571122311,13.9479643533574,0.1465409123820447,1.5085029655267583,-0.0338933786441368,0.0562669416201754,-0.0234006045462389,0,,
2024-10-23 04:00:00,32.10609084197109,32.204457344092575,31.92903489045079,32.01756286621094,821400,-0.0070164882208487,-0.0160218038339595,-0.0183956407715849,0.0520361172813281,,32.6220121383667,32.04904041290283,,1,0,0.0829904710623878,0.1860266479825159,0,44.34788235035828,14.067066871263313,0.1421706586240002,1.4032145874885735,-0.0406720543729641,0.0563873807248574,-0.0297572854541851,0,,
2024-10-24 04:00:00,32.41102199961235,32.43069530041876,32.19461944304032,32.33232879638672,546700,0.0098310396544254,-0.0069486550315622,-0.0009118918667874,0.049824359920557,,32.58119087219238,32.092320671081545,,1,0,0.0677790483727989,0.1623771280605725,0,49.75663251026374,13.469555128318236,0.1443776929642546,1.352588510720688,-0.0312408632979063,0.0568188436575893,-0.0167803839872275,0,,
2024-10-25 04:00:00,32.430694561576914,32.489710710353165,32.17494540921859,32.184783935546875,421200,-0.004563384894698,-0.0191846712351762,-0.0290801331730371,0.0551435359725986,,32.521680450439455,32.124977645874026,,1,0,0.0433188958467454,0.138565481617807,0,47.429685349214864,12.737134863697335,0.1146899027380846,1.4948544500548469,-0.0356616841089333,0.0565790923598367,-0.0403816964239016,0,,
2024-10-28 04:00:00,32.37167570780498,32.52905836346398,32.32249433146751,32.48971176147461,325500,0.0094742853187512,0.0021237960106286,-0.0265252677603773,0.063768137301678,,32.481842803955075,32.157044372558595,,1,0,0.0479860229063717,0.12044958987552,0,52.38567951158587,11.934585363040146,0.1174127504762778,1.7004384748759478,-0.0265252677603773,0.0569391218556599,-0.0422126441812659,0,,
2024-10-29 04:00:00,32.30282029953571,32.43069487695843,32.26347369843666,32.342166900634766,167400,-0.0045412794648057,0.0030506882031262,-0.0283688219607792,0.056894875278924,,32.457743644714355,32.1790779876709,,1,0,0.0393257942632203,0.1042248307530601,0,49.9327374042915,11.37318264738549,0.1178777471737094,1.526347244008766,-0.0309460885714043,0.056588968274047,-0.0417464136527045,0,,
2024-10-30 04:00:00,31.96838239708877,32.20445825657092,31.93887432176544,31.99789047241211,449800,-0.0106448163872377,-0.0006144250854143,-0.0251723079161578,0.0718286608529159,,32.424299812316896,32.195209732055666,,1,0,0.0046289109465433,0.0843056467917567,0,44.675993489876085,11.770087329700726,0.1139991603950153,1.978172374587788,-0.0412614895278964,0.056156469429229,-0.0443157445549082,0,,
2024-10-31 04:00:00,31.958547705455285,31.958547705455285,31.59459726479931,31.79132652282715,358400,-0.0064555489919891,-0.0167325489285519,-0.0267991195550083,0.0723291925825475,,32.396266078948976,32.20071811676026,,1,0,-0.0390860438803812,0.0596273086573291,0,41.83050718919056,12.926311429080233,0.114803438316614,1.992300155281106,-0.0474506729527558,0.0569095622642193,-0.0264223894716507,0,,
2024-11-01 04:00:00,32.05691067556416,32.08641875116383,31.89952801853504,31.90936279296875,842300,0.003712845076057,-0.0085574954652385,-0.0136819479764076,0.0974289259183311,,32.3647894859314,32.21232509613037,,1,0,-0.0634742286037948,0.0350070012051043,0,44.02445475951952,13.539114516366906,0.1118178041872986,2.7353242589373794,-0.043914004874127,0.0568807898420283,-0.0192435588513937,0,,
2024-11-04 05:00:00,32.05690967033902,32.10609104556244,31.8503456430216,31.88968849182129,359200,-0.000616568286716,-0.018468100734732,-0.0199516968359211,0.0993556432763957,,32.34855937957764,32.21232509613037,,1,0,-0.0834278876255965,0.0113200234389641,0,43.7284060751199,14.222845970544064,0.1093670166557113,2.7886088985029622,-0.0445034971780948,0.0569684174209219,-0.0144995329945705,0,,
2024-11-05 05:00:00,31.997890667110177,32.342167807937365,31.997890667110177,32.32249450683594,623600,0.0135719737471142,-0.0006082583723987,0.0033588784933846,0.110885782536074,,32.346100425720216,32.222751693725584,,1,0,-0.0635845151472054,-0.0036608842782697,0,51.46120621600412,14.016743177611026,0.1151138838070898,3.045992356639653,-0.0315355237263366,0.0570517383232422,-0.0121257597610853,0,,
2024-11-06 05:00:00,31.36835915928481,31.447050485329225,31.19130320664759,31.397869110107425,993200,-0.0286062511831493,-0.0187519037488427,-0.0300819934857717,0.0629370204917973,,32.28855724334717,32.21094799041748,,1,0,-0.1210723943957887,-0.0271431863017735,0,39.09955259635862,15.47382026498796,0.1508116355472746,1.6895514490078152,-0.0592396617965781,0.0540750874213901,-0.0594072479879936,0,,
2024-11-07 05:00:00,31.97821838218709,32.13560104370117,31.93887553103255,32.13560104370117,528800,0.0234962420859401,0.0108291964673705,-0.0126927127069524,0.0832228088785347,,32.27380256652832,32.21507930755615,,1,0,-0.1058826025871013,-0.0428910695588391,0,49.51894669408509,14.972938444418704,0.1725367676654935,2.1069180802003813,-0.0371353291452996,0.0549210020514937,-0.0433092425078152,0,,
2024-11-08 05:00:00,31.68312383637094,31.71263566275864,31.427378438900373,31.574922561645508,728500,-0.0174472691919842,-0.0104809435867812,-0.0263877178553649,0.0664451234399692,,32.22019395828247,32.20780029296875,,1,0,-0.1375016178002681,-0.0618131792071249,0,43.43651863268865,15.382704751427209,0.1820219643327367,1.669337654539934,-0.0539346882531528,0.0537300358582081,-0.0622923125430499,0,,
2024-11-11 05:00:00,31.78149162482896,31.840507775398784,31.57492384093911,31.71263694763184,455200,0.0043615114405257,-0.0055519998019064,-0.0286229995887004,0.0563565112808324,,32.1646183013916,32.20012790679932,,0,0,-0.1497216175290461,-0.0793948668715091,0,45.21646032894195,15.463403262021409,0.1809336909181491,1.4501381703540182,-0.0498084135724844,0.0539130103023915,-0.0597388165294949,0,,
2024-11-12 05:00:00,31.28966811603658,31.30934141676279,30.81752015550284,31.06343078613281,1024500,-0.0204715288284316,-0.0389531730119668,-0.0536409715021662,0.0296706949775069,,32.08691062927246,32.188520965576174,,0,0,-0.2093779878346566,-0.1053914910641386,0,38.98790223027047,16.620885672070266,0.190743879877801,0.7888477384994207,-0.0692602880265684,0.0529738836694947,-0.0735859081641781,0,,
2024-11-13 05:00:00,30.82735709054841,30.85686704191024,30.522428431073084,30.728992462158203,564800,-0.0107663035122284,-0.0213032497716191,-0.0579010313310186,0.0057952880922247,,31.996415519714358,32.17061862945557,,0,0,-0.2804100760226795,-0.1403952080558468,0,36.219960049727575,18.041139287027807,0.1924706323986915,0.221369623277478,-0.0792809142565584,0.0523781016229015,-0.0853661702675292,0,,
2024-11-14 05:00:00,31.191303425924527,31.279831402865497,30.99457604750509,31.02408599853516,1977800,0.009603098335891,-0.0345882762128663,-0.0465537834313182,0.0044586187075736,,31.919691467285155,32.1564542388916,,0,0,-0.3093262154217164,-0.1741814095290207,0,40.250730686809405,18.39964133945704,0.1971914746235517,0.1891853864247194,-0.0704391583364326,0.0532233205473462,-0.064310090033496,0,,
2024-11-15 05:00:00,31.14212211288844,31.14212211288844,31.01424941046651,31.06343078613281,548900,0.0012682013452227,-0.016199304195096,-0.0459214393195669,-0.0056674969161755,,31.83214721679688,32.154486961364746,,0,0,-0.3253176097815782,-0.2044086495795322,0,40.78804068610625,18.732536102427044,0.1973234929683022,-0.0590816683301357,-0.0692602880265684,0.0539822672343816,-0.0514593217711225,0,,
2024-11-18 05:00:00,31.00441185547204,31.142121204239057,30.965065255167648,31.08310317993164,1307700,0.0006332975238398,-0.0198511958731079,-0.0527578458967347,-0.003468917998198,,31.765259552001957,32.147994918823244,,0,0,-0.3325698490507207,-0.2300408894737699,0,41.07337799283737,19.11369269222317,0.1942662665587994,-0.0049300444489371,-0.0686708528716362,0.0537960311731739,-0.0584913689880868,0,,
2024-11-19 05:00:00,30.66997444709964,31.04375778374368,30.65030114618436,30.974903106689453,826200,-0.0034809932784332,-0.0028499002590169,-0.0445994808995434,-0.0171660671536847,,31.701814651489254,32.145634155273434,,0,0,-0.3430931779783357,-0.2526513471746831,0,39.93354296889565,19.917015208599643,0.1912446145133394,-0.3483014980120839,-0.0719128033727989,0.053413509725659,-0.0553949397217318,0,,
2024-11-20 05:00:00,30.847029638928927,30.8568662891429,30.610955662241107,30.827356338500977,837400,-0.0047634295313295,0.0032010120886294,-0.0439292121082484,-0.016012552733792,,31.64230432510376,32.13638793945312,,0,0,-0.3591981701505808,-0.2739607117698627,0,38.369825701656666,20.717828012357412,0.1911053693699442,-0.319755903964273,-0.0763336813328617,0.0531410740901133,-0.0555542462421875,0,,
2024-11-21 05:00:00,30.748664402837647,30.827355726838896,30.620789828742392,30.758501052856445,286900,-0.0022335773748635,-0.0085606049986857,-0.0393240990457527,-0.0354718873862615,0.003243587929085,31.56361293792725,32.119469261169435,,0,0,-0.3732153444093029,-0.2938116382977507,0,37.6293022439397,21.46143990156106,0.1902611386545595,-0.8397011534634555,-0.0783967615241602,0.052739262591351,-0.064697421419652,0,,
2024-11-22 05:00:00,30.71915566909494,30.965066300854232,30.71915566909494,30.896211624145508,436300,0.0044771548214399,-0.0053831517561141,-0.0444173749835706,-0.0284565994214948,-0.0031912500218456,31.499184322357177,32.09999309539795,,0,0,-0.3689588359973825,-0.3088410778376771,0,40.11848317683175,21.75051918766896,0.1869990579059021,-0.654408504094396,-0.0742706011415634,0.0528116951997717,-0.0705249913561438,0,,
2024-11-25 05:00:00,31.299504075383428,31.338850675967173,31.10277670091224,31.20113945007324,421900,0.0098694244342056,0.0037974416343926,-0.0305624076098655,-0.0246002716720987,0.0078955721900777,31.434755706787108,32.08268096923828,,0,0,-0.3370945787801673,-0.3144917780261752,0,45.32206543945505,21.02089945591308,0.1912341629309153,-0.5501787112889142,-0.0651341847930074,0.0531526144729354,-0.0605608493170812,0,,
2024-11-26 05:00:00,31.1814677094817,31.20113913342476,30.965065160765647,31.04375648498535,1090100,-0.0050441415878328,0.0022228763092089,-0.0445050201462184,-0.0277264469973433,0.0186089129873432,31.36983518600464,32.06320484161377,,0,0,-0.3208429376764812,-0.3157620099562364,0,43.23383353286054,20.610701372616205,0.1873996502395973,-0.6298922931443622,-0.0698497803305363,0.0526098095419059,-0.0760340548406901,0,,
2024-11-27 05:00:00,31.1421214253468,31.25032270080293,31.073266750474428,31.20113945007324,281500,0.00506971394277,0.0121250459321884,-0.0352798702099064,-0.02309830513495,0.0224843788509077,31.329997634887697,32.04628616333008,,0,0,-0.291899074210157,-0.3109894228070205,1,45.9173936569368,20.097973469849755,0.1887738286701063,-0.5087579969548541,-0.0651341847930074,0.0530372377146612,-0.0627636563753134,0,,
2024-11-29 05:00:00,31.368358433803422,31.840506379150145,31.368358433803422,31.742143630981445,411600,0.0173392443495179,0.0319795355578178,-0.0079926156898112,-0.0110328326860469,0.0311286758919975,31.32753849029541,32.030154380798336,,0,0,-0.2227387442514405,-0.2933392870959045,1,53.97242823240694,19.09188967604835,0.1966814030175853,-0.1925299162551161,-0.048924317989122,0.0536237435655471,-0.0451012303555481,0,,
2024-12-02 05:00:00,31.850345315604155,31.97821613941088,31.60443468971657,31.938873291015625,721200,0.0061977433635629,0.0337472334651951,0.0046411013419818,0.0093255440342707,0.0330083733603352,31.329014015197757,32.025826377868654,,0,0,-0.1503214331499904,-0.2647357163067217,1,56.509087963930334,18.43491425741073,0.1965829203677228,0.3102406200822107,-0.0430297949926928,0.0538595484182865,-0.053594048602452,0,,
2024-12-03 05:00:00,31.988056304935387,32.19462034071456,31.94870970222548,32.06674575805664,4134800,0.0040036624296633,0.0277427787330815,0.0049321876500325,0.0139968049728889,0.0442790657459004,31.337866878509523,32.022285270690915,,0,0,-0.0816705061908749,-0.2281226742835523,1,58.124545585860574,18.245296811842337,0.1966492208897802,0.4249251996489105,-0.039198409336598,0.0540501219308195,-0.0497649192120958,0,,
2024-12-04 05:00:00,32.34216811520405,32.55856692477861,32.30282151262739,32.47987747192383,663400,0.0128834936037558,0.0462611858082662,0.0185072043037957,0.0235587024888761,0.0479027803178906,31.34573602676392,32.019531135559085,,0,0,0.0060029266490104,-0.1812975540970398,1,62.9170986898252,18.705652531721917,0.2013541820642476,0.6526869009302151,-0.0268199281888076,0.0544086203591283,-0.044933617216009,0,,
2024-12-05 05:00:00,32.79464261746196,32.92251719902211,32.7749693162759,32.89300537109375,775600,0.0127195030069628,0.0542244915038363,0.0176505827586157,0.0555555521551156,0.0592627030356478,31.42049283981323,32.03015445709229,,0,0,0.107580600441409,-0.12352192318935,1,66.98607561014603,19.68332095802488,0.2007014949659698,1.4297163448371948,-0.0144415613390888,0.0551914997640951,-0.0326061679068822,0,,
2024-12-06 05:00:00,32.971697054909555,32.98153182889966,32.79464110470081,32.84382247924805,849400,-0.0014952386165638,0.0347071344983558,0.0460525956099087,0.0457249951310776,0.070589453877969,31.45590391159057,32.024055824279785,,0,0,0.182014836679194,-0.0624145712156412,1,66.05680267303995,20.675892597464127,0.1701052138056828,1.1995210061485275,-0.0159152063754549,0.0550047007371941,0.0171911569658658,1,,
2024-12-09 05:00:00,32.92251676487235,32.93235153918643,32.64709430419799,32.65693283081055,3603900,-0.0056902526664057,0.0224823065376231,0.0162228733920493,0.0503005338844102,0.0695188187944952,31.510004425048827,32.00969463348389,,0,0,0.2233494391362462,-0.0052617691452637,1,62.508244523607885,21.1671137589185,0.1532818197774146,1.3159712537828825,-0.0215148974963464,0.0549748154666863,0.0009798330908485,1,,
2024-12-10 05:00:00,32.676606855292675,32.68644162982452,32.52905897122504,32.55856704711914,354000,-0.0030120949876407,0.015337424407618,0.0311527125221988,0.0405533210804132,0.0764227564349746,31.552300930023197,31.99513668060303,,0,0,0.2453419632837814,0.0448589773405453,1,60.66115252280593,21.282381756827125,0.1391187355159135,1.0819770185780266,-0.0244621875690789,0.0549801659898581,0.0232668769280008,1,,
2024-12-11 05:00:00,32.58807905947742,32.66676851307258,32.499551078996255,32.63726043701172,627400,0.0024169795242736,0.0048455529188475,0.0291563104924621,0.0326797638068137,0.0583732744005438,31.63099241256714,31.99139888763428,,0,0,0.2660541889374279,0.0890980196599218,1,61.63779074271231,21.30196185755019,0.1387771707631764,0.8952615051052186,-0.0221043326512786,0.0546902542770286,0.0144166309816071,1,,
2024-12-12 05:00:00,32.52905884899538,32.69628003379693,32.47003894513038,32.47987747192383,279000,-0.0048221867577283,-0.0125597492387539,0.0455985269477492,0.0191357759070838,0.0787324470427615,31.71853666305542,31.98766109466553,,0,0,0.266694993144096,0.1246174143567566,1,58.509257162632906,21.22787839135569,0.1164914902351225,0.5606304605443833,-0.0268199281888076,0.054708423498773,0.0327433012104625,1,,
2024-12-13 05:00:00,32.696279245803154,32.696279245803154,32.47003816258911,32.57823944091797,302900,0.0030283971692679,-0.0080862402206041,0.060179225890242,0.0159509071085834,0.1036321094489225,31.79624433517456,31.992185859680177,,0,0,0.2720043273779851,0.1540947969610023,1,59.879856167262126,21.15908399463367,0.1065990525161994,0.4815226978943736,-0.0238727524141467,0.0548849924067595,0.0478614288449488,1,,
2024-12-16 05:00:00,32.42085798996421,32.5388977992303,32.36184183762976,32.47003936767578,887600,-0.0033212375837071,-0.005722933752016,0.0466074445902739,0.0141321343962239,0.0897985751923895,31.86657476425171,31.990808753967286,,0,0,0.2644329528880291,0.1761624281464077,1,57.62481852002136,20.72385110047746,0.1056158213809305,0.4354919681651434,-0.0271147029153094,0.0544701253923823,0.0234259124048261,1,,
2024-12-17 05:00:00,32.36183848906262,32.40118133578181,32.214290618896484,32.214290618896484,343200,-0.0078764533015595,-0.0105740657358911,0.0370487033672222,0.005217863507785,0.0812148276067807,31.923134136199952,31.990808753967286,,0,0,0.2350858737936931,0.1879471172758648,1,52.58403970186583,19.82905083281782,0.1112259469327648,0.2097061907140362,-0.0347775885255708,0.0542646672971854,0.0052313486867392,1,,
2024-12-18 05:00:00,32.253639706050606,32.352002458883874,31.42737982443628,31.5454158782959,633100,-0.0207632925558892,-0.0334539279368446,0.0148734409073654,-0.030825067345799,0.0566721855002774,31.951659774780275,31.974283599853518,,0,0,0.1560565775460247,0.1815690093298968,0,42.18943954136835,19.800448628337385,0.1359077825468427,-0.705258530566269,-0.0548187838365153,0.0547702993100304,0.0181104091809334,1,,
2024-12-19 05:00:00,31.594597037279765,31.63394363906169,31.35852305503593,31.427379608154297,522600,-0.0037417883662397,-0.0324046131232893,0.0146078423524471,-0.0226368415358216,0.058648164533104,31.98166093826294,31.95185653686524,,1,0,0.0829446164569702,0.1618441307553115,0,40.6618850381188,19.90910472877924,0.136012757802709,-0.5012766259691066,-0.0583554519151442,0.0545821171140707,0.021878498425095,1,,
2024-12-20 05:00:00,31.1322853359394,31.68312462098902,31.1322853359394,31.476560592651367,475400,0.0015649088505078,-0.0338164022111919,0.0210593554316425,-0.0237949775682255,0.0498687535470832,32.01756391525269,31.9327738571167,,1,0,0.0286411970854558,0.1352035440213403,0,41.61050896000518,20.44134133208284,0.1345535430165594,-0.5315921463719054,-0.0568818640278137,0.054018720267873,0.0165154015568327,1,,
2024-12-23 05:00:00,31.407706523409928,31.5454158782959,31.29950524391424,31.5454158782959,399000,0.0021875098278878,-0.0284762047532456,0.0255836532504361,-0.032870869366297,0.0535479284886941,32.05002412796021,31.91074028015137,,1,0,-0.0087378830212685,0.1064152586128186,0,42.98479077105742,20.935561035150467,0.1340743334431789,-0.7783815503118571,-0.0548187838365153,0.0538146273376258,0.0203902120249048,1,,
2024-12-24 05:00:00,31.52574159496034,31.781490748035555,31.4568869196628,31.771652221679688,518300,0.0071717660739241,-0.0137404359591004,0.0283348848131923,-0.0182371300773198,0.0635494832038952,32.078549766540526,31.88969032287598,,1,0,-0.0198765664472482,0.0811568936008052,0,47.368079680229926,20.621300486039253,0.1352147652841089,-0.3940578471467426,-0.0480401652567237,0.0536047639594143,0.0150169154131998,1,,
2024-12-26 05:00:00,31.74214484863238,31.92903557824149,31.712636773509484,31.879854202270508,480300,0.0034056139049951,0.0106018042451838,0.0217528835215559,-0.0382789625520743,0.0608838463979688,32.120354652404785,31.87493572235108,,1,0,-0.0197454445663645,0.0609764259673713,0,49.37278673138284,19.879080182110407,0.1319063844504674,-0.9792013072054964,-0.0447981576065252,0.0537837376590605,0.0118737938365465,1,,
2024-12-27 05:00:00,31.60443448263202,31.71263575768132,31.5257412817604,31.6142692565918,641700,-0.0083308080392598,0.005946714322597,0.0183776976823788,-0.0527557607942525,0.0496406805326621,32.14101114273071,31.856443214416505,,1,0,-0.0406039579096635,0.0406603491919643,0,44.856514112543785,19.630639823128377,0.1342919926869667,-1.3877503534697844,-0.0527557607942525,0.0539030872756029,0.0245824446991551,1,,
2024-12-30 05:00:00,31.36836006575014,31.456888044626982,31.220814059671817,31.3781967163086,502200,-0.0074672780941783,-0.0031249880701939,0.0056747051343646,-0.0573286467204844,0.0370611411244823,32.12281379699707,31.832835807800294,,1,0,-0.0753153723418478,0.0174652048852019,0,41.24499079863847,20.04343297208515,0.1363951456053609,-1.5119454124224754,-0.0598290969515102,0.0541181474827395,0.0203802048269097,1,,
2024-12-31 05:00:00,31.56508916908654,31.56508916908654,31.21097725532401,31.29950523376465,824300,-0.0025078395439802,-0.0077954478546102,-0.0139448174125444,-0.0464488752249654,0.0425949821881592,32.09084539413452,31.80253959655762,,1,0,-0.1079300133410363,-0.0076138387600457,0,40.08640305882748,20.07244634928693,0.1216993694242731,-1.225230950219425,-0.0621868947202749,0.0541795357448833,0.0103646657689391,1,,
2025-01-02 05:00:00,31.25032339073337,31.260160041096483,30.97490280901409,31.06343078613281,1613800,-0.0075424338457967,-0.022290985391802,-0.0274099370039166,-0.0490815735858095,0.01936732216682,32.04067964553833,31.775391082763672,,1,0,-0.1510849727572889,-0.0363080655594943,0,36.75110917931959,20.5825400035134,0.1212786627161505,-1.29656106245629,-0.0692602880265684,0.0539033387362716,0.0008130465121063,1,,
2025-01-03 05:00:00,31.11261186449973,31.15195846557617,30.97490251303059,31.15195846557617,382700,0.0028499002590169,-0.0228324675538352,-0.0285275998812768,-0.0370933073832053,0.0114979673239654,31.974283695220947,31.753554229736327,,1,0,-0.1761120352188996,-0.0642688594913754,0,38.80724502864818,21.056198993614068,0.1207080720593223,-0.9629833159536166,-0.0666077726803379,0.0533894048440814,-0.0122241553420325,0,,
2025-01-06 05:00:00,31.614269056523483,31.929034353421297,31.5552529085416,31.742143630981445,491400,0.0189453631320628,0.0040448309385794,-0.0227135660096037,-0.0244861121076086,0.0356225751940701,31.91674060821533,31.74804584503174,,1,0,-0.1466328597337742,-0.0807416595398552,0,50.38676009971105,19.83510697877841,0.1310940025738297,-0.5838024498880818,-0.048924317989122,0.0540892960999498,-0.0058690012183878,0,,
2025-01-07 05:00:00,32.15527242078586,32.184784247758635,31.830672342472543,31.88968849182129,830900,0.0046482324116206,0.0163008658571781,-0.0305024386781687,-0.0100763394393911,0.0525973801946217,31.869033908844,31.739193038940428,,1,0,-0.110095649474907,-0.0866124575268655,0,52.79183163382534,19.24945241081819,0.1231441567017186,-0.1967843591460363,-0.0445034971780948,0.0549620128738949,-0.0041580114905577,0,,
2025-01-08 05:00:00,31.751979108924143,31.909361760862737,31.643777832160406,31.850345611572266,766000,-0.0012337179229302,0.0175990123068587,-0.030248515327456,-0.0161044491894923,0.037820503816792,31.82870454788208,31.732504272460936,,1,0,-0.0833534421469437,-0.0859606544508812,1,52.067028685857686,18.23380127709576,0.1231461539309346,-0.3610948097464178,-0.0456823103389234,0.0548141193955569,-0.0034648191715064,0,,
2025-01-10 05:00:00,31.73230651603788,31.742145042671293,31.38803312983801,31.50606918334961,2746700,-0.0108091897155919,0.0142495012950856,-0.0352410207481317,-0.0320339222416057,0.0190900303889973,31.776079654693604,31.71283142089844,,1,0,-0.0889153202280184,-0.0865515876063086,0,46.10216695438937,17.173779572066103,0.126604127931436,-0.7916002317776281,-0.0559977112954155,0.0550622797542677,0.0015909882887072,1,,
2025-01-13 05:00:00,31.14212221957592,31.358522899857928,31.14212221957592,31.34868812561035,1495500,-0.0049952616057362,0.0063151618621852,-0.03716007893584,-0.0333636534301192,-0.001566379690437,31.71165103912353,31.69296184539795,,1,0,-0.1048142513051786,-0.0902041203460826,0,43.64088702441299,16.71862495804248,0.127053298022226,-0.8272270073412714,-0.0607132496839086,0.0547024164284608,-0.0050518138022449,0,,
2025-01-14 05:00:00,31.65361604581389,31.751978795191725,31.56508807045451,31.69296264648437,807100,0.0109821029669425,-0.0015493907742598,-0.0289331205463704,-0.0292256351773262,0.0196202889725141,31.67230529785156,31.686863288879398,,0,0,-0.0886127198422883,-0.0898858402453237,1,49.93727218926803,15.676582707886734,0.133891125294693,-0.7076539844340276,-0.0503979058764525,0.0552271753130381,0.0098174902111389,1,,
2025-01-15 05:00:00,32.332328671815404,32.38151004749271,32.16511124405288,32.253639221191406,763800,0.0176908855433,0.0114128029022126,-0.0069654896613444,-0.0173808267014571,0.0366741133458505,31.656075286865235,31.69610954284668,,0,0,-0.0301830442768675,-0.0779452810516325,1,58.13937262524404,15.879429634013237,0.1484807155139941,-0.3744580482340295,-0.033598603917635,0.0552001042280792,0.0089872947868288,1,,
2025-01-16 05:00:00,32.23396410991232,32.401181528282414,32.14543613774632,32.29298400878906,752000,0.0012198557603944,0.0138974440847503,-0.0087560112831213,-0.0099516940755772,0.0425531888690542,31.6472225189209,31.703781967163085,,0,0,0.019077773416388,-0.0585406701580284,1,58.65132742867404,16.02034922924905,0.1481029457922958,-0.1817040464760074,-0.0324197336077706,0.055373934111823,0.0089084772288923,1,,
2025-01-17 05:00:00,32.607749938964844,32.79464066063304,32.55856481278526,32.607749938964844,526200,0.009747192457969,0.0349672550137563,0.0042411581251777,0.0021160917227871,0.063181553565728,31.66689548492432,31.71814319610596,,0,0,0.082564553521518,-0.0303196254221191,1,62.59286387179112,16.78307657197322,0.1517048982840221,0.1310968974190151,-0.0229885425327126,0.0553578839168541,0.0162980811605766,1,,
2025-01-21 05:00:00,33.13891422435273,33.424171447753906,33.07005955005567,33.424171447753906,813400,0.0250376524083151,0.0662063852186525,0.0375572705657445,0.0265860717820305,0.1007449797987176,31.760833263397217,31.740176734924315,,1,0,0.1964916434386623,0.0150426283500371,1,70.45870122385318,18.31078561118548,0.1711087503312707,0.7209560760542136,0.0,0.0562292222694659,0.0362032068034527,1,,
2025-01-22 05:00:00,33.650408051091766,33.69958942420949,33.52253723144531,33.52253723144531,290200,0.0029429535402294,0.0577281021458526,0.0626753934954373,0.0215826970140695,0.0863882392537713,31.86559114456177,31.782670097351076,,1,0,0.2913583816062441,0.0703057790012785,1,71.24329335977127,20.03267036592265,0.1501179762873943,0.6033488450785492,0.0,0.0560794476774283,0.0239025235189496,1,,
2025-01-23 05:00:00,33.65040929393043,33.95533982219981,33.57171984449541,33.906158447265625,1103700,0.0114436808041027,0.0512351246549713,0.0788732267856073,0.0458131626640661,0.0977707153477018,31.98707103729248,31.818081245422363,,1,0,0.3929661124114503,0.1348378456833129,1,74.12911147218458,21.895884633174436,0.1508150394701133,1.1807734574084052,0.0,0.0564132979842082,0.0335490993563072,1,,
2025-01-24 05:00:00,33.984847600428886,34.122556949963446,33.915992925661605,33.994686126708984,1230900,0.002610961651142,0.0526957223109756,0.0800000218145025,0.0543014455217432,0.1134020502633108,32.10953454971313,31.866476516723637,,1,0,0.4751570997225585,0.202901696491162,1,74.75862343850044,23.79262734252689,0.1506750304221118,1.38289739421441,0.0,0.0567261904761904,0.0501209616757194,1,,
2025-01-27 05:00:00,33.80779387626199,34.01436166646253,33.80779387626199,33.94550323486328,764200,-0.0014467817606076,0.0410256242274442,0.076083554131195,0.0602150880973815,0.1153845647650504,32.21822710037232,31.91113384246826,,1,0,0.5302134306057127,0.2683640433140721,1,73.68587825501888,25.24338299779212,0.1516617212793575,1.526869027763902,-0.0014467817606076,0.0574568685913962,0.0676812501351995,1,,
2025-01-28 05:00:00,33.89631962539976,34.04386750121442,33.81763017665073,33.994686126708984,393000,0.001448877970829,0.0170689250995155,0.0699690997974724,0.051414710669033,0.1038007756391752,32.323968696594235,31.969758949279782,,1,0,0.5712298358539272,0.3289372018220431,1,74.08632881423873,26.62455605595718,0.1512305868365675,1.327695387429935,0.0,0.0570499239769927,0.0642696611850912,1,,
2025-01-29 05:00:00,34.11272158583122,34.2405961591718,34.03402838614523,34.1717414855957,735900,0.0052083245665741,0.0193662027927115,0.0718913978961035,0.0617359294388273,0.1202838028572379,32.451842308044434,32.038613929748536,,1,0,0.6109795285851831,0.3853456671746711,1,75.5300169641542,28.135446747329343,0.1513800293076894,1.5724113959241282,0.0,0.0576052924925216,0.0710540955276535,1,,
2025-01-30 05:00:00,34.31928544040812,34.49634138654612,34.171741320158645,34.338958740234375,1177900,0.0048934367219521,0.0127646514022485,0.0861854329615561,0.0569179250445843,0.1243156124054321,32.599880409240725,32.10491138458252,,1,0,0.648498988746546,0.4379763314890461,1,76.84221150719826,29.817176970600837,0.1453284894496222,1.4648650010736888,0.0,0.0575781598040206,0.0681792586318346,1,,
2025-01-31 05:00:00,34.25043213974511,34.45699616775136,33.99468673635143,34.06354141235352,1401900,-0.0080205497774209,0.0020254720219474,0.0855799560543018,0.0532238460399809,0.1131468854012143,32.73808221817016,32.16491359710693,,1,0,0.6485336622756677,0.4800877976463704,1,70.16802039709185,30.80699721706972,0.1458893550906226,1.3723314793837995,-0.0080205497774209,0.0574219480269474,0.0610479238089516,1,,
2025-02-03 05:00:00,33.197935927245155,33.601229221010115,33.050388044426875,33.38482666015625,2579900,-0.0199249615294294,-0.0165169616378287,0.066624740896608,0.0433446132625501,0.1182866596413025,32.854152011871335,32.210948066711424,,1,0,0.5870276437853121,0.5014757668741588,1,57.0237799055073,29.33892304368482,0.1666187797111426,1.1149898596311305,-0.0277857021610904,0.0566591080031195,0.0457658454275415,1,,
2025-02-04 05:00:00,33.69959048141673,33.886484958344816,33.670082407080024,33.82746505737305,770500,0.0132586699257921,-0.0049190355431625,0.0889803283568453,0.0640469825341791,0.1410086416507725,32.98792734146118,32.2679993057251,,1,0,0.5674595795747166,0.5146725294142704,1,62.02057089397129,28.426685592246034,0.1654101707736701,1.583485788444787,-0.0148954336889085,0.0570277714839939,0.0579636219383177,1,,
2025-02-05 05:00:00,34.05370301060788,34.18157758892223,33.98484833435364,34.14223098754883,478100,0.0093050404350998,-0.0008635936233836,0.0959898725236487,0.0699753300956573,0.1742218772659891,33.10793170928955,32.334296798706056,,1,0,0.5707712321921292,0.5258922699698422,1,65.12577959225672,28.012730098869216,0.1662952716689,1.711027820274739,-0.0057289958665823,0.0573259830995915,0.0737333234376085,1,,
2025-02-06 05:00:00,34.2996144461319,34.55536360876584,34.27010637055819,34.53569030761719,873800,0.0115241244841863,0.005729106956068,0.0880074990874006,0.0829735861632676,0.1905731234678642,33.24023180007934,32.40984058380127,,1,0,0.5982483846221385,0.5403634929003015,1,68.5835508552947,28.12681039151957,0.1599991663923088,1.9883376083490605,0.0,0.0577857797406694,0.0683403909322271,1,,
2025-02-07 05:00:00,34.525850352710805,34.56519695338051,34.0438676275512,34.0733757019043,1786300,-0.0133865749198858,0.0002887042610082,0.0684762791158357,0.0541691234473893,0.1710614916262203,33.35138330459595,32.473383865356446,,1,0,0.5760786251343859,0.5475065193471184,1,60.93809966911534,27.71866642152709,0.1710009436824568,1.3388671794336269,-0.0133865749198858,0.0575389133081406,0.0468851175476079,1,,
2025-02-10 05:00:00,34.260269776469656,34.37830582479379,34.23075795016488,34.329124450683594,476100,0.0075058236382785,0.0282852386846248,0.0778258066440167,0.0933584164675862,0.1621711375296859,33.49253606796265,32.535943565368655,,1,0,0.5725457664624543,0.5525143687701856,1,63.37070839260892,27.339675592248355,0.1708165672283312,2.3460061919748623,-0.0059812285520766,0.0575797491299029,0.0504546960681473,1,,
2025-02-11 05:00:00,34.4865071421626,34.830780513661054,34.447160541906115,34.820945739746094,866600,0.0143266482012682,0.0293690550175147,0.1052139045688485,0.083562921147581,0.1737400710421128,33.66614894866943,32.61148735046387,,1,0,0.6024867262719127,0.5625088402705309,1,67.55519813913699,27.620107768107744,0.1661737595111151,2.171030670666352,0.0,0.0583602890750759,0.059895982068425,1,,
2025-02-12 05:00:00,34.68323189126436,35.25374632579123,34.634050518153,35.165218353271484,1280300,0.0098869403518935,0.0299625225456334,0.1217444957303719,0.1137071923016259,0.1877076041700889,33.83976173400879,32.69076892852783,,1,0,0.6465421400075968,0.5793155002179442,1,70.12773702547696,28.386351401102477,0.1630574410052298,2.9597100035353208,0.0,0.0591277734731786,0.0808987487875452,1,,
2025-02-13 05:00:00,35.53900391329042,35.88327728095474,35.4012945662247,35.814422607421875,1988300,0.0184615448034035,0.0370264004690432,0.1300433792482536,0.1293423081329834,0.1929881006612015,34.017800903320314,32.77221450805664,,1,0,0.7254788617554411,0.6085481725254436,1,74.27067785389345,29.72204180689697,0.168183057761663,3.258350303670353,0.0,0.0595902355383491,0.0790020528948003,1,,
2025-02-14 05:00:00,35.961969994475126,36.03082466707725,35.824256896972656,35.824256896972656,1706100,0.0002745902023488,0.0513856099960916,0.1107043348285259,0.1532614392665587,0.1874795076603574,34.19436454772949,32.84992218017578,,1,0,0.7798408080262647,0.6428066996256079,1,74.32875881456492,31.09287133194026,0.1635453608527413,3.980309892152607,0.0,0.0596095283700079,0.0798807213064247,1,,
2025-02-18 05:00:00,36.20788163219285,36.345590981278825,36.15869650554928,36.2964096069336,2397800,0.0131796930587788,0.0573065928050731,0.1239719933300353,0.1811779918144567,0.1880232585652168,34.37879753112793,32.93451545715332,,1,0,0.8512096053803262,0.6844872807765516,1,77.01184012607663,32.634056006795404,0.1652432753151133,4.6634700233993565,0.0,0.0602183704393483,0.0874858614477771,1,,
2025-02-19 05:00:00,35.65704071855945,35.686548792901405,35.35211019193195,35.470149993896484,2912000,-0.0227642243953318,0.0186440729956787,0.0877828142171563,0.1433100719090081,0.1484076555841791,34.48109645843506,32.99432090759277,,1,0,0.831512487676072,0.7138923221564557,1,64.33885276088529,32.22588418771931,0.1913581104575097,3.576352092659853,-0.0227642243953318,0.0587092948404191,0.0605408062309378,1,,
2025-02-20 05:00:00,35.69638896711564,35.7849169465267,35.47015163135372,35.5980224609375,787300,0.003605072633271,0.0123077326953595,0.0650382917219531,0.1459784563406629,0.1394836269733486,34.58487071990967,33.04842124938965,,1,0,0.8168049998064859,0.7344748576864617,1,65.29079664783293,31.959994771247857,0.175536752323539,3.637016165319761,-0.019241218444446,0.0591670967972315,0.0522481800243743,1,,
2025-02-21 05:00:00,35.627531838087336,35.627531838087336,35.20456527136396,35.322601318359375,853600,-0.0077369787290951,-0.0137324924780605,0.0536971314100156,0.1363923709253363,0.1324503189768184,34.65569286346435,33.09799682617187,,1,0,0.7740028027821282,0.742380446705595,1,61.483806930439705,31.168997420855145,0.1794834904895153,3.390577296386417,-0.0268293282757147,0.0597309716676912,0.0651134085925135,1,,
2025-02-24 05:00:00,35.71606013185446,35.73573343191325,35.40129483551041,35.479984283447266,1695800,0.0044555881847265,-0.0096100420035365,0.0464171085211384,0.1454429465441937,0.1257801960031015,34.72995777130127,33.15445785522461,,1,0,0.7442025396186835,0.7427448652882127,1,62.817967179655504,30.57774475214283,0.1767343055273935,3.6041865070663706,-0.0224932805290575,0.060271371951602,0.0683894419445878,1,,
2025-02-25 05:00:00,35.971805150682464,36.12918779720357,35.71605975719753,35.98164367675781,959500,0.0141392225346781,-0.0086720954933146,0.0584490629695124,0.1671984870080971,0.1485086596840776,34.831764793396,33.222919387817385,,1,0,0.7523922276080768,0.7446743377521856,1,66.76927095966144,30.52608469437147,0.1815014524888431,4.064252262472291,-0.0086720954933146,0.0614290650448226,0.0829048192581545,1,,
2025-02-26 05:00:00,36.19804412102211,36.463628052691945,36.0013148658261,36.10951614379883,2787900,0.0035538250611828,0.0180254707130465,0.0637496193225684,0.1739686560716018,0.1323257721084292,34.93750629425049,33.292364501953124,,1,0,0.7604350320633415,0.7478264766144169,1,67.71118690717208,30.860661292995047,0.1808627377802674,4.22113958140979,-0.0051490895424287,0.0616162530749891,0.0723914230894189,1,,
2025-02-27 05:00:00,35.80458748758651,35.87344216045393,35.37178239836471,35.411128997802734,1308300,-0.019340805986292,-0.0052501080176531,0.0416665965325939,0.1461317467844116,0.1135167347819094,34.99947566986084,33.350989532470706,,1,0,0.7023586531717569,0.738732911925885,0,58.03572759366192,29.876901273833585,0.1967621342619549,3.4713703077724465,-0.0243903079868746,0.0614046951562259,0.076332637726028,1,,
2025-02-28 05:00:00,35.48982280962582,35.67671353173688,35.11603761310539,35.479984283447266,1915100,0.001944453271987,0.0044555881847265,0.0382843466846143,0.13713745423371,0.1091635639310419,35.05652694702148,33.40902442932129,,1,0,0.654345858841765,0.721855501309061,0,58.662885714517934,28.500164896795624,0.1964201429623458,3.2898598646946247,-0.0224932805290575,0.060578725740151,0.0516173622070477,1,,
2025-03-03 05:00:00,36.87675836171152,36.93577450925748,36.316078693936944,36.552154541015625,2534700,0.030219017263448,0.030219017263448,0.064451453450395,0.1774398036749989,0.1447935813658416,35.18095760345459,33.490666732788085,,1,0,0.6948013156389123,0.7164446641750313,0,66.946592914252,28.671293667187864,0.2195700285818572,3.9508662963193375,0.0,0.0635222572736779,0.1032352803543799,1,,
2025-03-04 05:00:00,35.87344465276573,36.8570871932656,35.52916751221167,36.42428207397461,4504700,-0.0034983564894246,0.0123017836870724,0.0693040289922684,0.1674023037607079,0.1404372891331995,35.332930374145505,33.57486656188965,,1,0,0.7083785699964977,0.7148314453393246,0,65.26672785889625,27.59099927662673,0.2172384637126979,3.7400693901836624,-0.0034983564894246,0.0640582848654355,0.1155714333371935,1,,
2025-03-05 05:00:00,37.46694457352513,37.99811244673768,37.46694457352513,37.89974594116211,4337200,0.0405076993471267,0.0495777841562332,0.1352386617718843,0.1939882316004211,0.1808151592120648,35.53654441833496,33.701953163146975,,1,0,0.8286441510494882,0.7375939864813574,1,73.52252047544587,27.646765750453,0.235947163027748,3.959947297154749,0.0,0.0659443740461314,0.1638794956408533,1,,
2025-03-06 05:00:00,38.00794449567042,38.54894710449703,37.870235150038006,37.958763122558594,7186100,0.0015571920056696,0.0719444478856898,0.1221285147491442,0.1884815966014792,0.1995648340645068,35.727371025085446,33.83258083343506,,1,0,0.918134006503834,0.7737019904858528,1,73.79086964514173,28.117325712630365,0.2349931472940813,3.861023824886837,0.0,0.0672406723457716,0.1790864450076599,1,,
2025-03-07 05:00:00,37.72268867834389,38.17516708374024,37.68334582977331,38.17516708374024,3645800,0.0057010277306175,0.0759634722146813,0.1181216335178028,0.1904908396932945,0.2071539077984923,35.909344863891604,33.96655296325684,,1,0,0.9950470695722586,0.8179710063031339,1,74.79943784129978,28.2758465018087,0.234609605963065,3.896422610745068,0.0,0.0672470952163924,0.1730648404156467,1,,
2025-03-10 04:00:00,37.37841614257903,37.50629072213142,36.87676010325574,37.171852111816406,3743700,-0.0262818750661387,0.0169537905106362,0.0763315219912597,0.1444578922426171,0.1714198352370071,36.06426868438721,34.07908168792724,,1,0,0.9639305021980746,0.8471629054821221,1,62.74403160961744,27.31595659092586,0.2576647623522014,2.917940379708493,-0.0262818750661387,0.067271537489338,0.1641538418489589,1,,
2025-03-11 04:00:00,37.45710781662984,37.48661589059148,36.80790017108712,37.1226692199707,4873800,-0.0013231219068061,0.0191736694927227,0.0894919700573133,0.128588549485173,0.1912879095077631,36.20394592285156,34.186102027893064,,1,0,0.9246430406357576,0.8626589325128493,1,62.21468773467091,26.33591929421452,0.2509248479704667,2.6391702318732824,-0.027570222848293,0.0677456736264527,0.1773888266476531,1,,
2025-03-12 04:00:00,37.43743453865198,37.54563206067464,37.16201208975357,37.36857986450195,3457000,0.0066242716296638,-0.0140150300079786,0.0885386814389854,0.1377658580426446,0.1897901963619508,36.33132762908936,34.295876541137694,32.07925287246704,1,1,0.9029418268314656,0.8707155113765727,1,63.85657280216045,25.486881337108105,0.2507974255909159,2.8085935608781667,-0.0211285838636665,0.0678344872550273,0.17809626266327,1,,
2025-03-13 04:00:00,37.03414044337643,37.20135786193377,36.81773789955093,36.9751205444336,4820500,-0.0105291483244756,-0.0259134517884336,0.0618643393774522,0.1322288206303628,0.1891805347873862,36.42182273864746,34.40309356689453,32.110833196640016,1,1,0.8442624477277008,0.8654248986467983,0,59.40846541010232,24.220585561812342,0.2528813014034208,2.692039652852675,-0.0314352661947554,0.0680270849367824,0.1656399585216401,1,,
2025-03-14 04:00:00,37.76203628801264,37.998112147234735,37.63416170792157,37.98827362060547,3206700,0.0274009404500614,-0.0048956816017283,0.0802797593626019,0.1667673692650046,0.2140836610169574,36.53051528930664,34.53529510498047,32.14579894065857,1,1,0.869488678748688,0.8662376546671762,1,65.97996300213559,23.882626776759285,0.2658515814664829,3.221709646242004,-0.0048956816017283,0.0684766414181004,0.1581129712107736,1,,
2025-03-17 04:00:00,37.94893108797088,38.41124053134899,37.94893108797088,38.39156723022461,3206100,0.010616265788935,0.0328128691230984,0.0719582904086431,0.176310962261015,0.2147525266710706,36.65888080596924,34.67713634490967,32.18297318458557,1,1,0.9115156869683788,0.8752932611274168,1,68.18773599800963,23.9501068157755,0.2617638882355222,3.3763439880578243,0.0,0.0686740472926041,0.1524379232971664,1,,
2025-03-18 04:00:00,38.59813369736874,38.716169747784384,38.38173114469139,38.666988372802734,9223600,0.0071740010228416,0.0416004340550286,0.0793521407577417,0.1904905862476591,0.213271547325587,36.7774097442627,34.829207496643065,32.22392502784729,1,1,0.956026104360781,0.8914398297740896,1,69.63692811103064,24.28158822341503,0.261802728030721,3.625375792347192,0.0,0.0699224682461546,0.1730082447915415,1,,
2025-03-19 04:00:00,38.17516800247896,38.54894946283456,38.10631332545037,38.401405334472656,5386600,-0.0068684697077904,0.0276388739876045,0.0579945991996118,0.1787440326269087,0.1975460691961377,36.9239725112915,34.974196434021,32.263356914520266,1,1,0.9588179428001596,0.9049154523793036,1,66.49146201100237,24.162870539645954,0.2619364821383644,3.4090118696629323,-0.0068684697077904,0.0686940679626967,0.1407493670371749,1,,
2025-03-20 04:00:00,37.49645282433697,37.83089144026032,37.48661804988269,37.73252868652344,3770200,-0.0174180252551531,0.0204842643090141,0.0637826085600499,0.1620721570201271,0.1784947169212454,37.0306978225708,35.09400413513183,32.29810014724731,1,1,0.8967208990880522,0.9032765417210534,0,59.23456454968169,23.16679555948316,0.2559439418360206,3.068494598163907,-0.024166859784109,0.0676933011844498,0.1530252810641066,1,,
2025-03-21 04:00:00,37.28988588870702,37.5161232065379,37.23086598967791,37.466941833496094,3294200,-0.0070386709365227,-0.0137234924733877,0.0525006515350507,0.1630534496860369,0.1691221038387571,37.13791484832764,35.20554920196533,32.33084330558777,1,1,0.8166639119030208,0.885954015757447,0,56.59339620379729,21.90319985688131,0.2583092339876685,3.087580905559585,-0.0310354281470423,0.0671946614331768,0.1356761624362963,1,,
2025-03-24 04:00:00,37.466944555416426,37.59481913645361,37.25054199555328,37.40792465209961,5004500,-0.0015751801056718,-0.0256213186668401,0.0590365164486443,0.1858434454128492,0.1492897413464238,37.23431186676025,35.31670078277588,32.36434760093689,1,1,0.7399265665964734,0.8567485259252523,0,55.99590199149719,20.824753987875795,0.2560852615508701,3.5615678363734564,-0.0325617218637258,0.0659085061766564,0.1034226354684708,1,,
2025-03-25 04:00:00,37.71285447885383,37.82105575674281,37.59481842674696,37.752201080322266,2058900,0.0092033020121935,-0.0236580952118811,0.0640422154283499,0.201251951356673,0.1740594012892156,37.32283973693848,35.44162342071533,32.398132982254026,1,1,0.6988361499712568,0.8251660507344533,0,58.7329645552938,20.10091761593738,0.2569849788333279,3.8251775201452487,-0.0236580952118811,0.066355563976965,0.1009466323455958,1,,
2025-03-26 04:00:00,37.34890713828718,37.50628978909091,36.827574058757406,36.945613861083984,4530500,-0.0213653031123184,-0.0379098488898743,0.0267906100395531,0.1737500274953625,0.1458206719204062,37.364644622802736,35.5535619354248,32.42759737014771,1,1,0.594335718887244,0.7789999843650114,0,50.76599377445708,18.94644618252176,0.2669775728716458,3.2615032700188924,-0.0445179359489377,0.0657224745029883,0.0698921504833733,1,,
2025-03-27 04:00:00,36.73904470096049,37.10299511599395,36.709536627638194,36.9751205444336,3573600,0.0007986518632647,-0.0200730819919936,0.0239716421894904,0.1721234136549609,0.1335946980435307,37.44284420013428,35.65920509338379,32.45908166885376,1,1,0.5080429146426084,0.7248085704205308,0,51.02770089467987,18.021464531730075,0.2668672375673706,3.233627998245564,-0.0437548384181671,0.0659501182050083,0.0703363952485836,1,,
2025-03-28 04:00:00,36.807900866267005,36.93577544301312,36.60133684003754,36.77839279174805,5030100,-0.0053205439167978,-0.0183775084928995,0.0386111325066802,0.1575851496527449,0.1364741187029541,37.507764625549314,35.74970016479492,32.49030248641968,1,1,0.4189515474031751,0.6636371658170597,0,49.15175915552273,17.301641808287226,0.2574832945176112,2.981611611975988,-0.0488425827955888,0.066947427003877,0.0902656032010127,1,,
2025-03-31 04:00:00,36.15869592005138,36.52264633936917,35.97180519964639,36.47346496582031,4808000,-0.0082909502776356,-0.0249802600644098,0.0280011590319824,0.1440913353745088,0.1002967059915553,37.503830146789554,35.83330978393555,32.521434774398806,1,1,0.3200515151911176,0.5949200356918712,0,46.30989538756141,17.388637148153947,0.2599058633882087,2.736603301132164,-0.0567285816478349,0.0659496495707951,0.0886602312118995,1,,
2025-04-01 04:00:00,36.62101092016105,36.82757495078835,36.40460836295237,36.68003082275391,2421300,0.0056634558062189,-0.0284002052035902,0.0034984608525552,0.1602365541030452,0.099027391990037,37.51661758422851,35.91475540161133,32.55064896583557,1,1,0.2553966122710633,0.5270153510077097,0,48.48290534697975,16.99078239497019,0.2387045421519644,3.0255205005327857,-0.0513864056567279,0.0661363597345854,0.0411525435824007,1,,
2025-04-02 04:00:00,36.316080090586496,36.87675977992379,36.296410542180254,36.76855850219727,2966900,0.0024135115881211,-0.0047923241863686,0.0094518384061343,0.1717868567981497,0.1046099020530617,37.46005821228027,35.98164314270019,32.583945264816286,1,1,0.2088925959528609,0.4633907999967399,0,49.4275888927301,16.754548889449843,0.2384059099947052,3.235693626548966,-0.0490969157541311,0.0658790764599033,0.0284239829132579,1,,
2025-04-03 04:00:00,36.70953776209322,36.8079005110728,36.06033386285228,36.129188537597656,5679700,-0.0173890408176161,-0.0228784110607395,-0.04671686734558,0.1543054200940832,0.1006892316646317,37.36857948303223,36.033776168823245,32.61699564933777,1,1,0.1190734111092624,0.3945273222192444,0,43.25796229821139,16.827058719098385,0.1969021353810922,2.889116326842585,-0.0656322082996796,0.0680889824771761,0.0325214768062604,1,,
2025-04-04 04:00:00,34.8012721562455,34.94881627755845,33.68975509798948,33.75860977172852,9598100,-0.065613949878841,-0.0821075308298157,-0.1106504270771129,0.0867637256216684,0.0334236518521799,37.14775161743164,36.0308251953125,32.636816034317015,1,1,-0.1417607054741054,0.2872697166805744,0,28.869474002684413,18.883146457333567,0.2941943337153535,1.4747991942765566,-0.1269397697527078,0.0675775831866416,0.0050105215952853,1,,
2025-04-07 04:00:00,32.80447619196988,34.52585058365072,32.5192227159524,33.00120544433594,10891700,-0.0224358862084089,-0.0951996067480364,-0.1355321282040446,0.0593621418956127,0.0200668963361481,36.939219284057614,36.01095558166504,32.6528493976593,1,1,-0.404922131130867,0.1488313471182861,0,25.904735779644557,21.38511068924295,0.2969490096261974,1.0447376528933914,-0.1465276497316234,0.0661793023797066,-0.0158786462560157,0,,
2025-04-08 04:00:00,33.89631982981246,33.89631982981246,32.283146721596424,32.676605224609375,5685500,-0.0098360109988732,-0.1091445538170342,-0.1209314745384466,0.0294391457770313,0.004232183445574,36.71691608428955,35.98557762145996,32.66696467399597,1,1,-0.6323822726791022,-0.0074113768411915,0,24.73248392735691,23.81396178810006,0.2886620353609149,0.5898768928723368,-0.1549224131560974,0.0665710494611071,-0.0104128440403475,0,,
2025-04-09 04:00:00,33.03071732959571,35.82425845939993,32.893004226087065,35.627532958984375,7688900,0.0903070473230371,-0.0310326428256552,-0.0402755591772479,0.117211695815772,0.1059542915430746,36.62986373901367,36.01823455810547,32.69667068481445,1,1,-0.5679835070738264,-0.1195258028877184,0,47.840756906284014,23.62712955336429,0.4413391447013088,1.594906004944615,-0.0786059515293471,0.0656847179897818,-0.030421952079699,0,,
2025-04-10 04:00:00,35.047183818867126,35.38162242366566,34.27010533237959,35.21440124511719,5509900,-0.0115958552152011,-0.0253198958932747,-0.0576467884836885,0.1056206948135172,0.0878152825110416,36.54182777404785,36.039087753295895,32.722835569381715,1,1,-0.5440122632519859,-0.2044230949605719,0,45.72424324688708,23.453642478252508,0.4415771678962809,1.454502950590984,-0.0892903035115607,0.0678982819268686,0.0009404459946966,1,,
2025-04-11 04:00:00,35.11603912482594,35.863605797750694,35.00783784599375,35.77507781982422,4236400,0.0159217977555354,0.0597319635414728,-0.032455410744835,0.1354979769653621,0.099123523065753,36.43116798400879,36.067810134887694,32.7520005607605,1,1,-0.474305467822333,-0.2583995695329242,0,49.02054372040282,22.773381526001664,0.4449818967709624,1.800396319426894,-0.0747901679100667,0.0677701341183864,-0.00377718402361,0,,
2025-04-14 04:00:00,36.04066026848397,36.42428023959146,35.942297520307086,36.217716217041016,4588800,0.0123728143778212,0.0974664631002784,-0.046607998595758,0.1553184003082064,0.1167727575988835,36.32247543334961,36.11089363098144,32.78372302055359,1,1,-0.3789765056100336,-0.2825149567483461,0,51.52361100364394,21.57305303922129,0.4357599271062929,2.0237213181832305,-0.0633427183970828,0.0679494421168299,-0.0076989655209812,0,,
2025-04-15 04:00:00,36.51280993921189,36.69970442279695,36.36526580997465,36.59150314331055,3573000,0.0103205548364657,0.1198073634574741,-0.0468869654661276,0.1545624040095714,0.1208195844005308,36.218701171875,36.17502716064453,32.816429147720335,1,1,-0.2701519911759362,-0.2800423636338641,1,53.595639950414,20.18862517441364,0.4356539446126178,2.0156118127643623,-0.0536758955593248,0.0688435356983445,0.0024680124795664,1,,
2025-04-16 04:00:00,36.59150223657222,36.876759465913416,36.49313573388642,36.611175537109375,2622400,0.0005376219097035,0.0276090567162594,-0.053167130987097,0.1351021596674575,0.1153731457418276,36.12918968200684,36.23070137023926,32.84888935089111,0,1,-0.1802426565307868,-0.2600824222132487,1,53.70778788420136,18.7658843299216,0.4345112124767559,1.8021950553932224,-0.053167130987097,0.0704464331118406,0.0074935121546539,1,,
2025-04-17 04:00:00,36.788230895996094,36.96528684567498,36.62100972027788,36.788230895996094,3726300,0.0048361014441411,0.0446927846344435,-0.0420082136168185,0.139201966779644,0.127864977315957,36.08197479248047,36.283621368408205,32.88154628753662,0,1,-0.093622748546835,-0.226790487479966,1,54.76733724343418,17.53597080541917,0.4348346144460595,1.8490826292955704,-0.0485881511819034,0.070686263391655,0.029000982006774,1,,
2025-04-21 04:00:00,36.984958021875656,37.06365122621893,36.1193552878907,36.42428207397461,3951800,-0.0098930775728358,0.0181468299641445,-0.0346715859787071,0.1170437132937276,0.1194074802494198,36.02984180450439,36.32139320373536,32.913563842773435,0,1,-0.0537241768283891,-0.1921772253496506,1,52.126233103246,16.698538945933155,0.4321785357173278,1.5902839805949829,-0.0580005424059759,0.0716934567117021,0.0590923393786448,1,,
2025-04-22 04:00:00,36.94561520916267,37.44727125431082,36.916103381355,37.40792465209961,2796700,0.0270051328980844,0.032862603150515,-0.0015751801056718,0.1191877923009341,0.1489425992846189,36.02984180450439,36.388084182739256,32.9482372379303,0,1,0.0566148434490614,-0.1424188115899082,1,58.01875135121895,15.516311119874782,0.4424823042532237,1.6125931418167765,-0.0325617218637258,0.0717624415143737,0.0679783182736837,1,,
2025-04-23 04:00:00,37.82105678850348,38.185003481268886,37.73252880893367,37.81121826171875,3499800,0.0107809672247216,0.0333332881579417,0.0107809672247216,0.1279342610812437,0.1522781244899487,36.03279266357422,36.45772605895996,32.98330410003662,0,1,0.1745891804058601,-0.0790172131907545,1,60.182685332928834,15.163534509998165,0.4438944631851192,1.711546537225548,-0.0221318014951976,0.0714292961821988,0.0837644535706045,1,,
2025-04-24 04:00:00,38.03745531458281,38.430913832473365,37.96860063679674,38.39156723022461,1578300,0.0153485921688332,0.0486297330527016,0.0169358641776149,0.1322889111703751,0.1841626472405417,36.10509033203125,36.52913848876953,33.02201043128967,0,1,0.3113252404048978,-0.0009487224716241,1,63.12803900094264,15.066802879532924,0.4458529656231935,1.758845181061848,-0.0071229013214757,0.0710305126648503,0.07045300209502,1,,
2025-04-25 04:00:00,38.49976870349264,38.75551786709468,38.39156742291474,38.71617126464844,1797300,0.0084550868287627,0.052406444172399,0.0479233451153842,0.138888916942518,0.2007322314211894,36.19214286804199,36.60015754699707,33.064110345840454,0,1,0.4408011050829117,0.087401243039283,1,64.70085892231145,15.277823959117024,0.438772607057044,1.832912242315849,0.0,0.0711172329467394,0.0820839215891939,1,,
2025-04-28 04:00:00,38.77518621021308,38.84404463850196,38.51944080686258,38.82437133789063,1818200,0.002794699726442,0.0658925619739503,0.0500133810580754,0.1437264921150609,0.2125960835970783,36.29444179534912,36.660356521606445,33.10478396415711,0,1,0.5458502800598453,0.1790910504433955,1,65.23321911176444,15.556623283935783,0.438724418262832,1.8882687854509137,0.0,0.0712887937024534,0.0809502036197982,1,,
2025-04-29 04:00:00,38.824369782244965,39.040768575701954,38.824369782244965,39.021095275878906,2696800,0.0050670218527475,0.0431237669232407,0.0609788061384251,0.1478586721005423,0.2068754936155321,36.42182331085205,36.72429328918457,33.14531002044678,0,1,0.6376263263905884,0.2707981056328341,1,66.2304172648436,16.0045752103102,0.437810901548689,1.9347660828643212,0.0,0.0712015011169893,0.0635435042614258,1,,
2025-04-30 04:00:00,38.62764118231511,38.991587854382416,38.46042000717176,38.84404373168945,2062000,-0.0045373289226686,0.0273153185073744,0.0649946137031576,0.1367300009589283,0.2069070840891269,36.53002395629883,36.77524597167969,33.18254089355469,0,1,0.6881404694050772,0.3542665783872827,1,64.43901519232467,15.887483984714144,0.4367636164607627,1.8073455034998636,-0.0045373289226686,0.0708503142905776,0.0743091851386077,1,,
2025-05-01 04:00:00,39.02109726386086,39.08995569289875,38.78502515855381,38.81453323364258,3225700,-0.000759717455029,0.0110171590777097,0.0581924922910521,0.130335183639807,0.1946715168974742,36.63232269287109,36.84213363647461,33.22119804382324,0,1,0.7175209067442552,0.4269174440586772,1,64.1276697278394,15.88590570405131,0.436903207602517,1.7342972250206534,-0.0052935992897158,0.0702982900687244,0.0629295345380576,1,,
2025-05-02 04:00:00,39.65062956073105,39.83752028035472,39.601444435089526,39.680137634277344,2628600,0.0223010385162767,0.0248982876700181,0.0791866543233148,0.1648858571084126,0.2268855626213022,36.80987014770508,36.92377593994141,33.26403567314148,0,1,0.8014139547757893,0.5018167462020997,1,68.87766732163638,16.6379847952977,0.4419393580177506,2.1129481243295665,0.0,0.070814822742198,0.0749213035082365,1,,
2025-05-05 04:00:00,40.112940710195446,40.16212583796716,40.01457795924888,40.05392456054688,1575400,0.0094200007498623,0.0316696234938456,0.1086306164575208,0.1997643410966094,0.2517676624676401,37.124635887146,37.01840240478516,33.309430780410764,1,1,0.8878269642490579,0.5790187898114914,1,70.68294290362775,17.627462126559095,0.4352991100838095,2.5147232117756544,0.0,0.0718941764209086,0.0558856044736473,1,,
2025-05-06 04:00:00,39.886701807066586,40.10310435336691,39.847355207321385,40.00473785400391,4245800,-0.0012280121631681,0.0252079694629445,0.1850232614586597,0.1826111648080608,0.258353841425248,37.4748125076294,37.10889747619629,33.35610460281372,1,1,0.9414880524682944,0.651512642342852,1,70.10665575070423,18.26839379816193,0.3524359402802893,2.3313149917312,-0.0012280121631681,0.0724111169762393,0.0715256977487353,1,,
2025-05-07 04:00:00,39.85719662316463,40.0342525825568,39.680140663772455,39.77850341796875,2652300,-0.0056551910641384,0.0240567046194768,0.2053651641623901,0.1650821363277457,0.2466091434058335,37.82990741729737,37.18483467102051,33.403171892166135,1,1,0.9547538155492958,0.7121608769841408,1,67.38530112679769,18.582266635039897,0.3384893320137012,2.135756637132216,-0.0068762585838947,0.0717000880778887,0.083421636367611,1,,
2025-05-08 04:00:00,39.9949050679728,39.9949050679728,39.75882921006684,39.79817581176758,1545500,0.000494548364279,0.0253421204939912,0.2179409561735872,0.152378176236706,0.2479951261353514,38.03843955993653,37.25860786437988,33.447878437042235,1,1,0.9558361420776292,0.7608959300028385,1,67.50342743410758,18.87371998356944,0.3330395741608045,1.9958634361739809,-0.0063851108620506,0.0712391676427564,0.0701223462666993,1,,
2025-05-09 04:00:00,40.12278075378546,40.20147020705843,40.01457947227389,40.10310745239258,2614800,0.007661950187547,0.0106594846523377,0.1256212294733019,0.1769631457487581,0.2407182076838501,38.2828748703003,37.35244743347168,33.493962097167966,1,1,0.9701164302955192,0.8027400300613747,1,69.35613453533716,19.38002684143588,0.1576758122119153,2.2808541814040493,0.0,0.0718765776517813,0.0942663659294811,1,,
2025-05-12 04:00:00,39.64079303341665,39.7489943116064,39.36537432696889,39.719486236572266,5181300,-0.0095658725767253,-0.008349701749427,0.1279330283112438,0.1570200776204571,0.2650376398883067,38.4800952911377,37.43723747253418,33.539898204803464,1,1,0.9396469701695124,0.8301214180830023,1,64.38305294135039,18.714921261650872,0.1550047010937076,2.05220464861357,-0.0095658725767253,0.0689116642503542,0.0149250068591877,1,,
2025-05-13 04:00:00,39.76866563263064,40.00473772574844,39.74899233282111,39.926048278808594,2303500,0.0052005215023687,-0.0019670063951549,0.1160296695898219,0.1466101058029369,0.2424241956611672,38.66551189422608,37.50471534729004,33.58735894203186,1,1,0.9215445421560772,0.8484060428976175,1,65.80485059978965,18.42370316187853,0.1505641984486236,1.9388789829777453,-0.0044150986003809,0.0688155940531565,0.0154265584445167,1,,
2025-05-14 04:00:00,40.05392282582295,40.07359612561991,39.680137634277344,39.680137634277344,2275700,-0.0061591531126252,-0.0024728377198568,0.0956002138977278,0.1283916179802657,0.2566978606774908,38.81994361877442,37.569832458496094,33.63177040100098,1,1,0.8772429925287426,0.8541734328238426,1,62.60098869185664,18.24181069155034,0.1532322492480578,1.7287168757307945,-0.0105470584447191,0.0683044582854064,0.0052247105718115,1,,
2025-05-15 04:00:00,39.945724494712415,40.23098173432735,39.92605119346671,40.19163513183594,1893500,0.0128905172223179,0.009886365694983,0.0983871029956184,0.1222192682650415,0.2673696986537499,38.99896659851075,37.61567024230957,33.68021480560303,1,1,0.8733399492638156,0.8580067361118372,1,66.27864978824019,18.28023683284449,0.1547343959674821,1.6613981644914588,0.0,0.0688486504300193,7.429501728606347e-05,1,,
2025-05-16 04:00:00,40.14245417698132,40.221143630493046,39.98507151765928,40.18179702758789,2279600,-0.0002447798955125,0.0019621814915147,0.097528184716694,0.121636581134038,0.2935402178926629,39.16864490509034,37.66013092041016,33.72841329574585,1,1,0.8595446113325949,0.8583143111559888,1,66.14392294819493,18.315918249760493,0.1550118338131004,1.6545144411276975,-0.0002447798955125,0.0683985558599469,-0.0290699920696128,0,,
2025-05-19 04:00:00,40.48672566763328,40.89001894769847,40.44737906657853,40.880184173583984,2223800,0.0173806847293713,0.0292223804230122,0.1112299552853259,0.126287272385607,0.3303457386026132,39.39144001007081,37.71423126220703,33.779808616638185,1,1,0.8946527130746915,0.8655819915397294,1,70.69751775714528,19.192276885347983,0.1613308299344611,1.7054497751455475,0.0,0.0695113299012564,-0.0166218078877449,0,,
2025-05-20 04:00:00,40.9195288447367,41.08675003051758,40.909694070184216,41.08675003051758,3163400,0.0050529580800438,0.0290712905921382,0.1280043885854467,0.1583472310544942,0.3243500560325141,39.575381278991706,37.79252922058105,33.8359746170044,1,1,0.9284417760972588,0.8781539484512353,1,71.90130804996728,20.224260373023306,0.1518795271203729,2.097686413767363,0.0,0.0700982615943261,-0.0222502190651894,0,,
2025-05-21 04:00:00,41.20478638887877,41.431023728231175,40.94904097335389,40.99822235107422,3274200,-0.0021546527622069,0.0332177455871085,0.0959769282141422,0.1516994348790716,0.3198227405511322,39.73473148345948,37.87004028320312,33.89273080825806,1,1,0.9372721185542404,0.8899775824718363,1,70.56338524055612,21.54557536666473,0.132986620905206,2.0204223999126327,-0.0021546527622069,0.071146084875389,-0.008588847118046,0,,
2025-05-22 04:00:00,40.86051099813971,41.07690980000648,40.75230972105712,40.9588737487793,3184200,-0.0009597636199436,0.0190895099049013,0.0832466033036372,0.1595656101208604,0.3177215129287285,39.863096809387216,37.94184616088867,33.952142810821535,1,1,0.930370394443692,0.8980561448662076,1,69.9404290980581,22.32649187268236,0.1321124205128618,2.1145974288801788,-0.0031123484248157,0.0710497618705541,-0.005313426450075,0,,
2025-05-23 04:00:00,40.31950665657657,40.72279992078768,40.29983335682258,40.585086822509766,5027400,-0.0091259083089576,0.0100366291394331,0.0571354531877057,0.1438868320312143,0.3102571033949373,39.95654258728028,38.01404548645019,34.01003015518189,1,1,0.8845427886211183,0.8953534736171898,0,64.1470220348013,22.102441114235308,0.1324707053826748,1.9286770019179784,-0.012209853727423,0.0708852152148428,-0.0020455638648303,0,,
2025-05-27 04:00:00,41.578569506076505,41.70644408350629,41.47036822919733,41.61791610717773,1848800,0.0254484926737947,0.0180461988737921,0.074949168467463,0.1566429949963803,0.3500319537682892,40.09621982574463,38.08663833618164,34.07263900756836,1,1,0.9209486496325424,0.9004725088202603,1,71.2367926428771,22.99211322994018,0.1532510795883978,2.0604495831181406,0.0,0.0712086614752947,0.0012856030074144,1,,
2025-05-28 04:00:00,41.25396746399988,41.25396746399988,41.008056824903385,41.08675003051758,1642200,-0.012762918626013,0.0,0.0582721268797203,0.1378371802850506,0.3357851853675417,40.19950256347656,38.1405419921875,34.130378828048705,1,1,0.8966043961656638,0.899698886289341,0,64.20505523559547,22.974314467070645,0.1632898022744009,1.8371531363564444,-0.012762918626013,0.0707089189107996,-0.0081341647338588,0,,
2025-05-29 04:00:00,41.24413281156007,41.29331418906527,40.9687140956921,41.16543960571289,1452100,0.0019152056353171,0.0040786464643944,0.0549534633683006,0.1625000605958428,0.3323782250876979,40.315572357177736,38.1905110168457,34.18787273406983,1,1,0.8735907802608622,0.8944772650836453,0,64.7600201047666,23.00184349044172,0.1630913554664974,2.136778153506189,-0.0108721566043715,0.0705657908420881,-0.0089283268600857,0,,
2025-05-30 04:00:00,41.3720057601338,41.3720057601338,40.96871247684924,41.283477783203125,2300200,0.0028674096188652,0.0079251210962192,0.0628007235385628,0.1635709151783193,0.3231400683062624,40.43901958465576,38.24815246582031,34.24625192642212,1,1,0.8550208699328437,0.886585986053485,0,65.62106576562546,23.11994591668697,0.1610118584379194,2.148973716660763,-0.0080359219119315,0.0708473641745267,-4.163871509232919e-05,0,,
2025-06-02 04:00:00,41.16543632388517,41.657257564324894,41.03756550302561,41.647422790527344,4074000,0.0088157545552594,0.0261755253269133,0.0729852795042593,0.1393972069086722,0.3415716236103892,40.53738384246826,38.32645034790039,34.3043851852417,1,1,0.8597606174688579,0.8812209123365597,0,68.20096325068033,23.562774483447328,0.1616451629330282,1.897491344872798,0.0,0.0710715978635755,0.011000378445835,1,,
2025-06-03 04:00:00,41.24413191267692,41.450695945076,41.14576915981026,41.43102264404297,2262700,-0.0051960033054817,-0.0044906972913649,0.044124973202037,0.1374561222620693,0.3278688975554615,40.606238746643065,38.405731964111325,34.36069871902466,1,1,0.8364135633405567,0.8722594425373592,0,65.07399152626368,23.97397243829624,0.1486995575298559,1.8737582855009305,-0.0051960033054817,0.0703014167870625,-0.0072499786803761,0,,
2025-06-04 04:00:00,41.50971556095477,41.89333554769822,41.47036895916096,41.76546096801758,2024400,0.008072171591031,0.0165189735619362,0.0427308041908223,0.1019984417008188,0.3157731706327806,40.69427490234375,38.49288269042969,34.41676634788513,1,1,0.8352687739748674,0.8648613088248609,0,67.55020760642611,24.861879081650184,0.1479348685563778,1.4889126067561005,0.0,0.0708879239731156,-0.0139962998101798,0,,
2025-06-05 04:00:00,42.13924496727411,42.1687530416207,41.79497159223609,41.873661041259766,3078300,0.002590659141175,0.0172042723782448,0.0467175461585682,0.1031355501774655,0.3110562999427655,40.7990327835083,38.57531188964844,34.4717027759552,1,1,0.8334844716367371,0.8585859413872362,0,68.33246564491498,25.972279192243548,0.1474640688846327,1.5032260278057656,0.0,0.0714167182901994,-0.0137326798365261,0,,
2025-06-06 04:00:00,41.80480866270011,41.91300994431252,41.72611545705524,41.82448196411133,1272400,-0.0011744632765685,0.0131046173907451,0.0514342765650244,0.0955939465141311,0.3042945573484985,40.90034809112549,38.67288925170899,34.52462275505066,1,1,0.8186649981618501,0.850601752742159,0,67.53555779162704,26.836240457031312,0.1452502655086499,1.4081029354719938,-0.0011744632765685,0.0706077721867624,-0.0152345125425745,0,,
2025-06-09 04:00:00,41.549061431399785,41.74578693230912,41.51954960442466,41.61791610717773,1341600,-0.0049388742486004,-0.0007084876175418,0.0457242136930327,0.1196083526316402,0.2813446153900358,40.97608852386474,38.76574516296387,34.57675581932068,1,1,0.7812465959043422,0.8367307213745957,0,64.1514044663572,27.134677099593404,0.1473669711063915,1.7361488235860876,-0.0061075369987363,0.0701957830209015,-0.0146462214029108,0,,
2025-06-10 04:00:00,41.60807860104175,41.63759042874055,41.30315181577602,41.43102264404297,6624500,-0.0044906972913649,0.0,0.0331125260860842,0.1160572101791248,0.2595693879785274,41.06166534423828,38.85879776000976,34.626331396102906,1,1,0.7281182085191489,0.8150082188035064,0,61.16505146849743,26.901832980203015,0.1476753712199472,1.6900520884764028,-0.0105708071902441,0.0694865822345802,-0.0332513802866329,0,,
2025-06-11 04:00:00,41.519551108510136,41.64742569057231,41.31298707369332,41.42118835449219,4258600,-0.0002373653586896,-0.0082429980549962,0.0428430042570151,0.108449625452317,0.2611561391998036,41.13642234802246,38.9577522277832,34.676792268753054,1,1,0.6774112584552512,0.7874888267338553,0,61.0041249049906,26.7000852886834,0.1422285672581987,1.5938639241607009,-0.0108056634054934,0.0696687850630776,0.010986831053344,1,,
2025-06-12 04:00:00,41.529388427734375,41.74578723074131,41.460533751464204,41.529388427734375,2487800,0.0026121914300523,-0.0082216984367849,0.040157747086049,0.1231711436296154,0.2716867393178153,41.22888488769531,39.05473937988281,34.72499076843262,1,1,0.6385951494791442,0.7577100912829131,0,62.18303400978937,26.66379404730588,0.1417852422594853,1.7865896180139589,-0.0082216984367849,0.0695742765033956,0.0110248623248538,1,,
2025-06-13 04:00:00,40.71296142074003,41.10641991147434,40.693288120973484,40.830997467041016,5467400,-0.0168167889567801,-0.0237536593501098,0.0290034234097391,0.0748316144825704,0.2540784552326862,41.26085300445556,39.13598815917969,34.770139932632446,1,1,0.5451941310581816,0.7152068992379669,0,51.38481386826368,24.921029024815397,0.1537348337507967,1.1688396836760226,-0.0249002248260875,0.0691776643260856,0.0127840270254484,1,,
2025-06-16 04:00:00,41.16999816894531,41.5,40.970001220703125,41.130001068115234,6117000,0.0073229560780525,-0.0117236777979458,0.0233472943611596,0.0713290452944763,0.2602161001685199,41.308263206481925,39.23600440979004,34.81584966659546,1,1,0.4896557955598339,0.6700966785023403,0,54.988648194757616,23.96465514583086,0.1496502058936268,1.1232015562831783,-0.01775961200077,0.0690275009787554,0.002597734997259,1,,
2025-06-17 04:00:00,40.97999954223633,41.02000045776367,40.369998931884766,40.400001525878906,4781900,-0.0177485904030826,-0.0248852442533735,0.0054304315494202,0.0448189327900987,0.2438471038199381,41.28425407409667,39.36883224487305,34.858204498291016,1,1,0.3823291498991423,0.6125431727817008,0,46.01925088680196,22.502245706321222,0.1633504435559428,0.75991281395701,-0.0351929943247332,0.0683867410147519,-0.0001727353018846,0,,
2025-06-18 04:00:00,40.34999847412109,40.59999847412109,40.220001220703125,40.27999877929688,3309900,-0.002970364902218,-0.0275508651617799,-0.0146815726597173,0.0489199139578839,0.2364080892813862,41.243916511535645,39.514408111572266,34.89991012573242,1,1,0.2843114260798174,0.5468968234413241,0,44.72767530196022,21.385526836116597,0.1513201676918131,0.8162529567491843,-0.038058823191805,0.0681938798770511,-0.0189530257308672,0,,
2025-06-20 04:00:00,40.33000183105469,40.54999923706055,40.31999969482422,40.34000015258789,2332400,0.0014896071278396,-0.0286396771100096,-0.0181749560959441,0.0691040743048778,0.2423760777064756,41.21100540161133,39.66767601013184,34.94112884521484,1,1,0.2090633312009373,0.4793301249932467,0,45.5505402160444,20.348573599498007,0.150123549016191,1.0948961432231614,-0.0366259087582693,0.0684562339004784,-0.0234246564251546,0,,
2025-06-23 04:00:00,40.04999923706055,40.790000915527344,40.02999877929688,40.75,4065000,0.0101636054997835,-0.0019837249165024,-0.0060544661899887,0.0876254640982947,0.2649665479858984,41.200561714172366,39.77012535095215,34.9866599559784,1,1,0.1804323235400886,0.4195505647026151,0,50.92671224825566,19.869686855854823,0.1547479612084881,1.3415449198252256,-0.0268345545461758,0.0684756293617896,-0.0375348203386973,0,,
2025-06-24 04:00:00,41.209999084472656,41.45000076293945,41.119998931884766,41.38999938964844,1791200,0.0157055064944402,0.0063213789151772,0.0105258177632872,0.1064500309649048,0.3120765168965764,41.240807342529294,39.89363731384277,35.0354894065857,1,1,0.2069984959311526,0.3770401509483226,0,57.91247065779741,18.704293346536183,0.1642531716681407,1.5817650606916132,-0.011550498322436,0.0687911238810586,-0.0317895223014325,0,,
2025-06-25 04:00:00,41.060001373291016,41.209999084472656,40.959999084472656,41.150001525878906,1624500,-0.0057984505269056,0.0185643557344812,0.0139192680759727,0.0900027110559043,0.3093678836399689,41.21741161346436,40.00113578796387,35.08257788658142,1,1,0.2063083627068493,0.342893793300028,0,54.76416166146252,17.395534983656095,0.1621747762792705,1.3676019363541316,-0.0172819738562579,0.0683539388228652,-0.0357095112754555,0,,
2025-06-26 04:00:00,41.52000045776367,41.68000030517578,41.369998931884766,41.63999938964844,1985300,0.0119076025662203,0.0337636705950092,0.0005306196113674,0.1270620525136057,0.3228891151268243,41.245074081420896,40.10958145141601,35.13496891021728,1,1,0.2425047162625162,0.3228159778925257,0,59.59390082397093,16.895311460351014,0.1416288618043023,1.863819051111733,-0.0055801581662776,0.0686309171716684,-0.0361998702155172,0,,
2025-06-27 04:00:00,42.0,42.38999938964844,41.90999984741211,42.29999923706055,4540600,0.0158501406600928,0.048586987532446,0.0295289650712655,0.1440124768823392,0.3409238096671945,41.30180206298828,40.223751373291016,35.18943037986755,1,1,0.3207496566907153,0.3224027136521636,0,65.01251350464733,17.38228221842612,0.1436486216608913,2.0710780633051464,0.0,0.069374053548627,-0.0188783166640763,0,,
2025-06-30 04:00:00,42.09000015258789,42.34999847412109,41.959999084472656,42.310001373291016,1624800,0.0002364571255524,0.03828224228935,0.0278039486166274,0.1504037605140835,0.3316903092757759,41.35312824249267,40.33772789001465,35.24551568031311,1,1,0.3791952971620631,0.3337612303541435,1,65.08892136958426,17.834469350924433,0.1436942574955449,2.1540165946519094,0.0,0.069060259294124,-0.0213351473851278,0,,
2025-07-01 04:00:00,42.06999969482422,42.25,41.81999969482422,42.0099983215332,1946400,-0.007090594233523,0.0149794380533339,0.0175983366068464,0.1517961992616066,0.3177600516924954,41.37125701904297,40.44216323852539,35.29911733627319,1,1,0.3967328598166375,0.3463555562466424,1,60.80001470337386,17.96383348642617,0.1464791942762361,2.1726782652138628,-0.007090594233523,0.0685927830823848,-0.031823076530947,0,,
2025-07-02 04:00:00,41.91999816894531,42.18999862670898,41.81999969482422,42.16999816894531,2088300,0.0038086135159423,0.0247872808078739,0.0125476042310312,0.1496718302315542,0.3338912826571998,41.40820579528808,40.5570775604248,35.35194515228272,1,1,0.4187154638573176,0.3608275377687774,1,62.22947190522216,18.08395732653493,0.1440646521550819,2.146456749097452,-0.0033089860506145,0.0685433007475332,-0.0355739450363199,0,,
2025-07-03 04:00:00,42.119998931884766,42.310001373291016,42.08000183105469,42.209999084472656,1144900,0.0009485633688455,0.0136887536786545,0.0188017671473452,0.1479916756037691,0.3452015571861817,41.43043270111084,40.65311904907227,35.40364504814148,1,1,0.4343575718075314,0.3755335445765282,1,62.596695244172885,18.37715443928235,0.1424958937149578,2.125241337124775,-0.0023635614647247,0.0680718181403876,-0.031714846564588,0,,
2025-07-07 04:00:00,42.2400016784668,42.400001525878906,42.08000183105469,42.22999954223633,1840100,0.0004738322245316,-0.0016548391509872,0.011122553503587,0.1688610027399284,0.3492225907993045,41.44824962615967,40.74149467468262,35.454461317062375,1,1,0.4432583188629735,0.3890784994338173,1,62.79148862757279,18.787941296051663,0.1401054017939511,2.407507684797713,-0.0018908491717797,0.0686153958635574,-0.0320580429244911,0,,
2025-07-08 04:00:00,42.380001068115234,42.66999816894531,42.34999847412109,42.59000015258789,2191200,0.0085247599870681,0.0066177917799272,0.0171071526471566,0.2616040897589125,0.3710655608459294,41.486525535583496,40.82546333312988,35.50732350349426,1,1,0.4738984591895843,0.4060424913849707,1,66.20331066099045,19.573267647807587,0.1426714924283404,4.035499008445549,0.0,0.0692382485563345,-0.0305036381679253,0,,
2025-07-09 04:00:00,43.15999984741211,43.310001373291016,43.040000915527344,43.2599983215332,2940000,0.0157313492966635,0.0297548214697092,0.0343223942057109,0.3108611561023449,0.3886766820563392,41.56862964630127,40.91633987426758,35.56338812828064,1,1,0.5459508622765483,0.4340241655632862,1,71.45020308147905,21.104161192752134,0.1514061610555347,4.777611021266491,0.0,0.0699082459700307,-0.0099072126915631,0,,
2025-07-10 04:00:00,43.11000061035156,43.11000061035156,42.790000915527344,42.86000061035156,1328400,-0.0092463644637391,0.0163624015026488,0.0298449470649881,0.3116417790570509,0.3502553925979561,41.6400785446167,40.9970524597168,35.614944467544554,1,1,0.5642718636632296,0.4600737051832749,1,64.96564576046848,21.891157868336435,0.1544728659236881,4.790720432814725,-0.0092463644637391,0.0690670583184447,-0.0160796653856077,0,,
2025-07-11 04:00:00,42.52000045776367,42.56999969482422,42.40999984741211,42.45000076293945,899700,-0.009566025235032,0.0056858963201229,0.0245945683661032,0.1914942528243348,0.3311513147526215,41.69151916503906,41.06563056945801,35.666418104171754,1,1,0.5394889354556653,0.475956751237753,1,59.04993214628741,21.739662471040777,0.1578934062797571,4.591777221349682,-0.0187239387429787,0.068647686812543,-0.0120727685124184,0,,
2025-07-14 04:00:00,42.02000045776367,42.36000061035156,42.0099983215332,42.34999847412109,1924700,-0.0023557664787057,0.0028415565518711,0.0224235507605412,0.202632927913074,0.3296558533648677,41.7325496673584,41.13574966430664,35.71694909095764,1,1,0.5059466987439336,0.4819547407389892,1,57.67053820438463,20.77921544635065,0.1583071917430373,4.905544563514095,-0.0210355959944443,0.0683555385125386,-0.0188498557761547,0,,
2025-07-15 04:00:00,42.369998931884766,42.369998931884766,41.81999969482422,41.81999969482422,1278700,-0.0125147295960525,-0.018079372035806,0.0069977256610831,0.1689701949900524,0.3273632915440094,41.78199977874756,41.19585899353027,35.76296116828919,1,1,0.4316222893108445,0.4718882504533603,0,50.88604762104727,19.525930614976016,0.1650215128840813,4.140764538982492,-0.0332870707947348,0.0677897644193482,-0.0256490210711752,0,,
2025-07-16 04:00:00,42.02000045776367,42.20000076293945,41.790000915527344,42.18000030517578,3383600,0.0086083360348785,-0.0249652810508741,0.0330386941740448,0.1646234139227536,0.3455108595347176,41.834499740600585,41.24585624694824,35.812051973342896,1,1,0.397190139278095,0.4569486282183072,0,54.77765789924806,18.30404205762869,0.1548187219536018,4.063926090545436,-0.0249652810508741,0.0681454980672898,-0.0149205132733368,0,,
2025-07-17 04:00:00,42.04999923706055,42.380001068115234,42.04999923706055,42.34999847412109,1601500,0.0040303026959542,-0.0118992563921546,0.0296619833290405,0.1573724727365641,0.3362587444572298,41.93199958801269,41.29177772521973,35.85805819511413,1,1,0.3792481076950338,0.4414085241136525,0,56.52930544934771,17.507245499478888,0.1536997123171987,3.919901572069617,-0.0210355959944443,0.0680039817662215,-0.0148277019741572,0,,
2025-07-18 04:00:00,42.5099983215332,42.52000045776367,42.060001373291016,42.130001068115234,1109300,-0.0051947441306352,-0.0075382730052525,0.0428217692300865,0.1507415550044804,0.3062092243046739,42.02449970245361,41.33428298950195,35.90183323860168,1,1,0.3433193940645935,0.4217906981038407,0,53.63401597292533,17.026099372826742,0.1394458076740687,3.751748494351311,-0.0261210655862531,0.067700303056517,-0.010037588398705,0,,
2025-07-21 04:00:00,42.380001068115234,42.630001068115234,42.2599983215332,42.41999816894531,918700,0.0068833869802475,0.0016528854154977,0.0531280897344104,0.1530861130254066,0.3135979678248384,42.128499603271486,41.387112884521486,35.9475009059906,1,1,0.3343913171375661,0.4043108219105858,0,56.77667520754785,16.782989564716,0.1391664722257579,3.800480280049251,-0.0194174800087721,0.0680372998029098,-0.0022961015625392,0,,
2025-07-22 04:00:00,42.209999084472656,42.45000076293945,41.97999954223633,42.41999816894531,3055700,0.0,0.0143471659134266,0.0515616759665278,0.1646076670171266,0.3009176728951561,42.21199951171875,41.43954933166504,35.995480146408084,1,1,0.3235856578114067,0.38816578909075,0,56.77667520754785,15.90357059079954,0.1393988266923539,4.110979175307324,-0.0194174800087721,0.0680275636188733,-0.0062619612149313,0,,
2025-07-23 04:00:00,42.47999954223633,43.22999954223633,42.400001525878906,43.209999084472656,4461100,0.0186233132868376,0.0244191268810989,0.0603680756925806,0.1551028154150056,0.2927769698649136,42.30299949645996,41.50168716430664,36.04819630622864,1,1,0.3744521156143321,0.3854230543954665,0,64.40009672985968,16.414858104121212,0.1481173498225155,4.01324921537451,-0.0011557845353789,0.0687099098646178,0.0034213705666057,1,,
2025-07-24 04:00:00,42.79999923706055,42.88999938964844,42.68000030517578,42.70000076293945,2735600,-0.0118027848261739,0.0082645171529873,0.0316501906887838,0.1292944984576245,0.2737699556609145,42.38049945831299,41.56129745483398,36.09993630409241,1,1,0.3693538661283355,0.3822092167420403,0,57.36594472094341,16.88962508077705,0.1486548979802492,3.3585680769412662,-0.0129449278853763,0.0678764709061259,-0.0132960900088534,0,,
2025-07-25 04:00:00,42.380001068115234,42.810001373291016,42.34000015258789,42.810001373291016,1846000,0.0025761266600967,0.0161405242804615,0.0403402135080881,0.1150886630016994,0.2626025280886235,42.43899955749512,41.61897651672364,36.15129183769226,1,1,0.369925327714327,0.3797524389364977,0,58.42084621499128,16.543159051906763,0.146266952627696,3.065573796525879,-0.010402148999118,0.0677650659604044,-0.0086150538301364,0,,
2025-07-28 04:00:00,42.06999969482422,42.09000015258789,41.560001373291016,41.66999816894531,3116900,-0.0266293662176088,-0.0176803402256876,0.0007204317900237,0.0762943960575461,0.2257797590372803,42.40749950408936,41.65877372741699,36.19857037544251,1,1,0.2752169542203404,0.3588453419932662,0,45.77884665412685,15.951610918157352,0.1718170229570194,1.9668531071064608,-0.0367545125815792,0.0659770920595799,-0.0386680700397813,0,,
2025-07-29 04:00:00,41.959999084472656,42.02999877929688,41.79999923706055,41.88999938964844,1985900,0.005279607160316,-0.0124940783162238,-0.0096926679623411,0.0789614344319313,0.2340367765302671,42.38649940490723,41.69274101257325,36.246162004470825,1,1,0.2154288164766313,0.3301620368899393,0,48.112387038895605,15.402316222532905,0.1632906565023385,2.0283360230115,-0.0316689548090627,0.066500837454719,-0.0414162925032787,0,,
2025-07-30 04:00:00,41.709999084472656,41.93999862670898,41.43999862670898,41.630001068115234,2587300,-0.0062066919389225,-0.0365655646802637,-0.016071857317524,0.0668588560569962,0.2246031898322875,42.36749954223633,41.72170509338379,36.29156834602356,1,1,0.14539062232177,0.2932077539763054,0,45.61391738588401,15.471604796684169,0.1644887133496492,1.733328065454108,-0.0376790873014578,0.06617141255129,-0.0418308122842489,0,,
2025-07-31 04:00:00,41.34999847412109,41.41999816894531,41.060001373291016,41.150001525878906,6831000,-0.0115301352371082,-0.0362997472919446,-0.0204712408953724,0.0593645144186731,0.204211425490993,42.31649971008301,41.727101440429685,36.335164880752565,1,1,0.0505699583203664,0.2446801948451176,0,41.34520150775813,16.081461342271737,0.1673492648941652,1.5383322880175272,-0.0487747775663693,0.0656547265981925,-0.0428333179113533,0,,
2025-08-01 04:00:00,40.84000015258789,40.88999938964844,40.5099983215332,40.75,3006000,-0.0097205713498539,-0.0481196287598402,-0.0336731854541796,0.0498644864465316,0.186698767084452,42.243499755859375,41.72036643981934,36.37567940711975,1,1,-0.0562049851505079,0.1845031588459925,0,38.14183269618792,17.324131845401546,0.1690745984964743,1.2998916447933564,-0.0580212302108162,0.0660999403598841,-0.0356469612785175,0,,
2025-08-04 04:00:00,41.290000915527344,41.34000015258789,41.15999984741211,41.29999923706055,1611500,0.0134969137928968,-0.0088792644142833,-0.0215588691577788,0.0408229834713047,0.2124399731991062,42.19699974060059,41.72640197753906,36.41805865287781,1,1,-0.0953454719772608,0.1285334326813418,0,44.50825356656254,17.53478173946795,0.1768443950007808,1.1060052719918774,-0.0453074239602325,0.0659890640446548,-0.0305964223173447,0,,
2025-08-05 04:00:00,41.5099983215332,41.54999923706055,41.2599983215332,41.4900016784668,1454100,0.0046005434604403,-0.0095487638340832,-0.0175230374565698,0.0358535932165422,0.242780203738,42.14199981689453,41.737024536132814,36.46242074012756,1,1,-0.1097676475615188,0.0808732166327697,0,46.554651042154944,17.323471436019418,0.1778462362682218,0.987142699910409,-0.0409153192728019,0.0666304638260095,-0.0289283769708912,0,,
2025-08-06 04:00:00,41.61000061035156,41.90999984741211,41.560001373291016,41.84000015258789,1693700,0.0084357305365629,0.0050444169849781,-0.0176097674879774,0.0458761236052016,0.236864780781687,42.07099990844726,41.762122802734375,36.5089262676239,1,1,-0.0918960533166028,0.0463193626428952,0,50.19799425806313,16.469154267777803,0.1777877942154697,1.2311173254054248,-0.0328247393444417,0.0666817793563358,-0.0369227883908512,0,,
2025-08-07 04:00:00,42.52999877929688,42.54999923706055,42.060001373291016,42.33000183105469,2190600,0.0117113211443544,0.0286755835096066,-0.0214978392640297,0.0641426447414654,0.2398135858928438,42.04449996948242,41.77636451721192,36.55778344154358,1,1,-0.0377583905596452,0.0295038120023871,0,54.8395592911138,15.91376934114905,0.1735775428720779,1.6676543550545844,-0.0214978392640297,0.0675192668524659,-0.0341730662015028,0,,
2025-08-08 04:00:00,42.2599983215332,42.470001220703125,42.16999816894531,42.34000015258789,1907700,0.0002361994117814,0.0390184086524636,-0.0121325350060326,0.0638678604979865,0.225978104837516,42.03899993896484,41.80142951965332,36.60541186332703,1,1,0.0058850391364444,0.0247800574291985,0,54.93185924041273,15.398054766422351,0.1709742423448305,1.660999764687969,-0.0212667176292369,0.0670126785796915,-0.029744711715985,0,,
2025-08-11 04:00:00,41.93999862670898,42.040000915527344,41.84000015258789,41.93999862670898,937600,-0.0094473671336173,0.0154963535465184,-0.012014184383142,0.0458042104716454,0.230873013394004,42.01849994659424,41.81692070007324,36.65300757408142,1,1,0.0081025898067323,0.0214445639047053,0,50.48620907076633,14.345535967760076,0.1708956645740201,1.217289685784623,-0.0305131702736839,0.0665111071415054,-0.0311238407329292,0,,
2025-08-12 04:00:00,41.77000045776367,42.15999984741211,41.720001220703125,42.150001525878906,2917500,0.0050072223663877,0.0159074432564954,-0.0047224782868503,0.0611920122740337,0.2278204644115116,42.035000038146975,41.83425117492676,36.7025385761261,1,1,0.026500017874703,0.0224556546987048,1,52.65268881483033,13.475706242160395,0.1718000966200816,1.6002344330555922,-0.0256587341359599,0.0661400089395264,-0.0324118516395837,0,,
2025-08-13 04:00:00,42.34000015258789,42.47999954223633,42.31999969482422,42.380001068115234,1136500,0.0054566911959685,0.012906331585994,0.0133907550783727,0.0614624510838233,0.2170835733430673,42.045000076293945,41.84890274047852,36.75435076713562,1,1,0.05895950456933,0.0297564246728299,1,54.97626205894986,12.903612169986776,0.1667332781788919,1.6065043678288808,-0.0203420547286508,0.0662740550500572,-0.0223589708899828,0,,
2025-08-14 04:00:00,42.33000183105469,42.56999969482422,42.290000915527344,42.5,1853500,0.0028314990292683,0.0040160208266419,0.0075865266123515,0.0710648332854255,0.2085805801927047,42.05250015258789,41.87028228759765,36.80518912315369,1,1,0.0932913875195282,0.0424634172421695,1,56.18442268125326,12.52182377998732,0.1644603283047767,1.8445435237966368,-0.0175681542075998,0.0664555319038471,-0.0247993809036948,0,,
2025-08-15 04:00:00,42.65999984741211,42.7599983215332,42.5099983215332,42.58000183105469,1174200,0.0018823960248162,0.0056684382995244,0.0054310121657772,0.0594244720669978,0.1889065558251041,42.07500019073486,41.8865731048584,36.85716521263122,1,1,0.125508349145619,0.0590724036228594,1,57.0126153508088,12.483624396740542,0.1640325415895077,1.5798547214510927,-0.0157188284064273,0.0667368715390024,-0.0186328828740511,0,,
2025-08-18 04:00:00,42.40999984741211,42.47999954223633,42.27000045776367,42.45000076293945,860600,-0.0030531015153789,0.0121602802319999,0.0075955301854098,0.0564485389688835,0.184951327393108,42.07650032043457,41.89809989929199,36.90696665763855,1,1,0.1389488082435193,0.0750476845469914,1,55.18715450299532,11.958769864322951,0.163293232611241,1.50482074957764,-0.0187239387429787,0.0665475999451927,-0.0170265576265143,0,,
2025-08-19 04:00:00,42.63999938964844,42.68000030517578,42.33000183105469,42.38999938964844,1930400,-0.0014134598872233,0.0056938992901858,-0.000707184832432,0.0369326911457523,0.1678840923580165,42.07500038146973,41.90941024780273,36.957205820083615,1,1,0.1431091859267113,0.0886599848229354,1,54.32262217569853,11.82408425020724,0.1616709033543402,1.0404399864276228,-0.020110933093858,0.0668160231984691,-0.017950103957366,0,,
2025-08-20 04:00:00,42.400001525878906,42.470001220703125,42.2400016784668,42.38999938964844,882200,0.0,0.000235920747551,-0.000707184832432,0.0317194559842981,0.1950893750644609,42.03400039672852,41.92485191345215,37.0091663646698,1,1,0.1447378671779162,0.0998755612939316,1,54.32262217569853,11.50558348452887,0.1616709033543402,0.9074241229028872,-0.020110933093858,0.0669940319440988,-0.0151928368413273,0,,
2025-08-21 04:00:00,42.20000076293945,42.22999954223633,42.02999877929688,42.08000183105469,2238600,-0.0073129880409823,-0.0098823098575367,-0.0261512908437905,0.0263860093912613,0.1820881869837014,42.00300045013428,41.937831497192384,37.06060974121094,1,1,0.1196353151401439,0.103827512063174,1,49.66111701893431,10.76332145342418,0.1484859557467301,0.7660126468839137,-0.027276850121632,0.0667719827181274,-0.0282044780775986,0,,
2025-08-22 04:00:00,42.18999862670898,42.77999877929688,42.150001525878906,42.65999984741211,1524400,0.0137832222224236,0.0018787696786588,-0.0009367895740662,0.041532540886418,0.2077253162336894,41.99550037384033,41.96260772705078,37.11436292648315,1,1,0.1448723561289142,0.1120364808763221,1,57.08174147330151,11.070382552682414,0.1519204517785055,1.1401528651113606,-0.0138695907859626,0.0666684952756787,-0.0177966770269748,0,,
2025-08-25 04:00:00,42.61000061035156,42.61000061035156,42.11000061035156,42.119998931884766,1707400,-0.0126582493544031,-0.0077738945847745,-0.0161177860142919,0.0378196088648918,0.1871481846043352,42.0180004119873,41.97441993713379,37.16551447868347,1,1,0.1199170034583545,0.1136125853927286,1,49.73121243655631,11.265703697675754,0.1577199122477929,1.0403869302074422,-0.0263522754017535,0.0661155738629216,-0.0243413339027313,0,,
2025-08-26 04:00:00,42.20000076293945,42.31999969482422,42.06999969482422,42.130001068115234,3013300,0.0002374676278278,-0.006133482549582,0.0110391869302441,0.0123044354171588,0.1708748340290227,42.03000049591064,42.00040000915527,37.21455201148987,1,1,0.0997964046441524,0.1108493492430133,0,49.860004359559824,11.352527484854935,0.1264907722219892,0.4079753228223471,-0.0261210655862531,0.0658555346539716,-0.0018424183578515,0,,
2025-08-27 04:00:00,41.720001220703125,41.90999984741211,41.540000915527344,41.88999938964844,1166900,-0.0056966929119883,-0.0117952348950044,0.0,0.019550082655217,0.1600819912078026,42.04300041198731,42.015599975585936,37.26701266288757,1,1,0.063749688719497,0.1014294171383101,0,46.763956523594246,10.793700170952684,0.1270366703878859,0.6101819731868792,-0.0316689548090627,0.0653315171668945,-0.0175835422917889,0,,
2025-08-28 04:00:00,42.0,42.09000015258789,41.91999816894531,42.02000045776367,2237100,0.0031033915017759,-0.0014258880865051,0.0093682291530647,0.020759181979735,0.186632610905205,42.086500358581546,42.047999954223634,37.316434659957885,1,1,0.0451519231157035,0.0901739183337888,0,48.62486763413087,10.136579622738408,0.1253599634174955,0.6429552284063401,-0.0286638444725113,0.0653030048145213,-0.0131236088710594,0,,
2025-08-29 04:00:00,41.900001525878906,41.93000030517578,41.7599983215332,41.880001068115234,1715800,-0.0033317322256851,-0.0182840783424004,0.0177399639165805,0.0144494436259634,0.1803838675219993,42.1430004119873,42.08,37.36796005249023,1,1,0.0188984298289156,0.0759188206328141,0,46.730416469683824,9.626874108975692,0.1184975687112454,0.4700481819132587,-0.0319000764438555,0.0654759101699309,-0.0027235880419695,0,,
2025-09-02 04:00:00,40.970001220703125,41.22999954223633,40.84000015258789,41.040000915527344,3236400,-0.0200573097221674,-0.0256409791962236,0.0071165868841065,-0.014584861062235,0.1227792569512107,42.13000049591064,42.09400001525879,37.41459687232971,1,1,-0.068894472295419,0.0469561620471675,0,37.33218222413922,10.669420564561898,0.1344657478522488,-0.3230555711195667,-0.0513175564526277,0.0646416533166082,-0.0220618511202306,0,,
2025-09-03 04:00:00,40.97999954223633,41.130001068115234,40.90999984741211,41.04999923706055,2549900,0.0002436238136003,-0.0256349822851548,-0.0060532688769558,-0.0091965725841721,0.1269954244723754,42.10800037384033,42.1,37.46452971458435,1,1,-0.1360953759765593,0.0103458544424221,0,37.49332299714414,11.63749941617766,0.1257192587046134,-0.1767662585176824,-0.0510864348178349,0.064308875770367,-0.0254616169908216,0,,
2025-09-04 04:00:00,41.209999084472656,41.34999847412109,41.13999938964844,41.34000015258789,2721700,0.0070645778542555,-0.0131296071872576,-0.0036153656257083,-0.0101869057725829,0.0907724874136792,42.083000373840335,42.09900001525879,37.5175847530365,0,1,-0.164060736015422,-0.0245354636491466,0,42.14053254860736,12.028850619023792,0.1272004093260317,-0.2042980229184121,-0.0443827610596464,0.0642264274260767,-0.0360801390518672,0,,
2025-09-05 04:00:00,41.52000045776367,41.59000015258789,41.20000076293945,41.34000015258789,1639700,0.0,-0.0161827771958089,-0.0119502867633014,-0.0127445481336355,0.0890765860603042,42.033500289916994,42.10279998779297,37.56916432380676,0,1,-0.1841012803647856,-0.0564486269922744,0,42.14053254860736,11.865438120819944,0.1233307351145509,-0.2746218064685203,-0.0443827610596464,0.0644129769719761,-0.0340243227799248,0,,
2025-09-08 04:00:00,41.5,41.709999084472656,41.5,41.68999862670898,1512200,0.008466339449183,-0.004536829908319,-0.0151193757774936,-0.0032154214729485,0.0920711502128772,42.00100021362304,42.103799972534176,37.62229716300964,0,1,-0.1697844350634412,-0.0791157886065078,0,47.59411692648039,11.456616311975797,0.119727648561961,-0.0133586723725143,-0.0362921811312862,0.0647991373035187,-0.0402867163070784,0,,
2025-09-09 04:00:00,41.400001525878906,41.52000045776367,41.34999847412109,41.47999954223633,1616200,-0.0050371573852274,0.0107212138619254,-0.0203117762695378,-0.0033138748366502,0.1158981106849508,41.978000259399415,42.0873999786377,37.67428164482117,0,1,-0.1733847318358314,-0.0979695772523725,0,44.86186427675055,11.360470195764952,0.1205995985849023,-0.0160020939261178,-0.0411465290883023,0.0643240218131107,-0.0401216131568809,0,,
2025-09-10 04:00:00,41.31999969482422,41.369998931884766,41.02000045776367,41.06999969482422,2588900,-0.0098842780119762,0.0004872218790594,-0.0207438950970949,-0.008713831476488,0.1063320757315045,41.92400016784668,42.06259994506836,37.72475712776184,0,1,-0.2069361233247306,-0.1197628864668441,0,40.03010500180032,11.855830993045316,0.1209963669987465,-0.1600051158071604,-0.0506241033675418,0.0635046426307756,-0.0452024427188293,0,,
2025-09-11 04:00:00,41.18999862670898,41.43999862670898,41.18000030517578,41.38999938964844,2503400,0.0077915679864137,0.0012094638818576,-0.0180308922590156,-0.0007529712710515,0.1076149947289435,41.87450008392334,42.05019996643066,37.77757034301758,0,1,-0.2053375384559856,-0.1368778168646724,0,45.00833958231246,12.143631425949176,0.1230956610193721,0.0542260479565663,-0.0432269765242674,0.0634719744604706,-0.040339191388608,0,,
2025-09-12 04:00:00,41.220001220703125,41.36000061035156,41.18999862670898,41.310001373291016,1610500,-0.0019327861207321,-0.0007256598738787,-0.0252477505393278,-0.0052826940812075,0.1172377740769801,41.81500015258789,42.03300003051758,37.83032784461975,0,1,-0.2081266651376836,-0.1511275865192747,0,44.024441173380254,12.41087468507419,0.1209783115222766,-0.0665653092644862,-0.0450762141447322,0.0633705012971409,-0.0438113187841482,0,,
2025-09-15 04:00:00,41.31999969482422,41.47999954223633,41.2599983215332,41.41999816894531,4993700,0.0026627158556671,-0.0064763844245052,-0.025411807789522,0.0144253321849348,0.0903364175643512,41.75699996948242,42.01720001220704,37.88294677734375,0,1,-0.1991653913445219,-0.1607351474843241,0,45.77955717518669,12.336745153435512,0.120909024613328,0.4629959111282787,-0.0425335234391816,0.0632027564168294,-0.0489466473870681,0,,
2025-09-16 04:00:00,41.27000045776367,41.27000045776367,40.93999862670898,41.150001525878906,2952700,-0.0065185092950785,-0.0079555935390357,-0.0335838479023465,0.0004862741853701,0.0718500049532402,41.6920000076294,41.99560005187988,37.93269108772278,0,1,-0.2114129530179198,-0.1708707085910433,0,42.27558962648532,12.904562184609604,0.1217124602522699,0.0855261534987449,-0.0487747775663693,0.0628773377265914,-0.0578321057521461,0,,
2025-09-17 04:00:00,41.18000030517578,41.43999862670898,40.91999816894531,41.060001373291016,2659200,-0.0021871239186052,-0.000243445863343,-0.0327443902159352,0.0163366292694155,0.0618877523487568,41.62550010681152,41.96500007629395,37.98277231216431,0,1,-0.225778855925526,-0.1818523380579398,0,41.145075695979166,12.964370145678291,0.1216188826693229,0.5261868532333819,-0.0508552250023346,0.0628178643289562,-0.0560461326825946,0,,
2025-09-18 04:00:00,41.27000045776367,41.540000915527344,41.16999816894531,41.45000076293945,5659000,0.0094982799952394,0.001449658714081,-0.0221750092060282,0.0290467234136047,0.0793876005816405,41.57850017547607,41.92880012512207,38.03401661872864,0,1,-0.2033501521241945,-0.1861519008711908,0,47.67490241517883,12.749214769746471,0.1275114057410539,0.8708787981177517,-0.0418399821733881,0.0631196031101179,-0.0553223599879828,0,,
2025-09-19 04:00:00,41.25,41.34999847412109,41.15999984741211,41.220001220703125,2925200,-0.0055488428951241,-0.0021786528587742,-0.0276008064588701,0.021814602498428,0.0924261547152887,41.5355001449585,41.8960001373291,38.08140590667725,0,1,-0.2018079670209402,-0.1892831141011407,0,44.53667528797989,12.572419475706145,0.1283888840164124,0.671876326731395,-0.0471566615806974,0.0624600057618523,-0.0676780610253418,0,,
2025-09-22 04:00:00,40.9900016784668,41.27000045776367,40.91999816894531,41.2400016784668,2669100,0.0004852124495722,-0.0043456421640662,-0.019961979943831,0.0120245810666699,0.1007037046615191,41.46450023651123,41.87180015563965,38.1279115486145,0,1,-0.1967044183347184,-0.1907673749478562,0,44.87647980743304,12.950385968869805,0.1266173131531842,0.4062455864033877,-0.0466943301304042,0.0621960620690156,-0.0685305492339305,0,,
2025-09-23 04:00:00,41.29999923706055,41.40999984741211,41.16999816894531,41.27000045776367,3737900,0.0007274194489796,0.0029161343240606,-0.0325832019367144,-0.0028992252634528,0.103242183082383,41.42200031280517,41.8502001953125,38.17392782211304,0,1,-0.1880712007211542,-0.1902281401025158,1,45.41665141980115,12.876559035614092,0.1150515751839112,-0.0153123834224898,-0.0460008770453184,0.06258196806279,-0.0612962268908365,0,,
2025-09-24 04:00:00,41.220001220703125,41.34000015258789,41.150001525878906,41.2400016784668,2282700,-0.0007268906945512,0.0043838358294081,-0.020892622880667,0.0021871239186053,0.092386682056599,41.37750034332275,41.83860023498535,38.21772844314575,0,1,-0.1815570872558964,-0.188493929533192,1,44.9423706958966,12.856461746480043,0.1077290537571483,0.1313735043958382,-0.0466943301304042,0.0627360810266387,-0.0511149285838405,0,,
2025-09-25 04:00:00,40.70000076293945,40.79999923706055,40.52999877929688,40.75,2866600,-0.0118817084996057,-0.0168878347419796,-0.0327557805157437,-0.0213736648101318,0.1029726059829607,41.32050037384033,41.81000022888183,38.257013416290285,0,1,-0.2134728634527789,-0.1934897163171094,0,37.96784091541651,14.114892838404543,0.1139971072920935,-0.5573107262041173,-0.0580212302108162,0.0622779885432037,-0.0543241525494496,0,,
2025-09-26 04:00:00,41.060001373291016,41.220001220703125,41.02000045776367,41.20000076293945,2294500,0.0110429635077167,-0.0004852124495723,-0.0164716790824182,-0.0260046925286312,0.114262784172096,41.27950038909912,41.787000274658205,38.29879430770874,0,1,-0.2001478652705088,-0.1948213461077893,0,46.221853902014345,14.073261282228392,0.1208838776615436,-0.7065381091331294,-0.0476189930309904,0.0626070373426942,-0.0417023810612027,0,,
2025-09-29 04:00:00,41.22999954223633,41.36000061035156,41.20000076293945,41.310001373291016,2822900,0.0026699176775382,0.0016973737142393,-0.0168966938776288,-0.0236350736833411,0.1232138828687403,41.25100040435791,41.77060028076172,38.34205965042114,0,1,-0.17865218706239,-0.1915875142987095,1,48.041841906705415,13.673431340340953,0.1207184054797798,-0.6344520835876261,-0.0450762141447322,0.0625982689042318,-0.0414182458827382,0,,
2025-09-30 04:00:00,41.36000061035156,41.66999816894531,41.34999847412109,41.61000061035156,2173600,0.0072621454148513,0.0082384334581204,-0.0064470021699505,-0.0095214883876015,0.1408293851254536,41.27950038909912,41.75440032958984,38.3873168182373,0,1,-0.1358433583069,-0.1804386831003476,1,52.73939516963261,12.83524604540562,0.1234479992027397,-0.2131014576944586,-0.0381414187517509,0.0628162462059669,-0.0406204962567352,0,,
2025-10-01 04:00:00,41.84000015258789,42.209999084472656,41.810001373291016,42.130001068115234,2286800,0.0124970067324226,0.0215809736524124,0.0265594573165688,-0.0009484729088636,0.1485813976464958,41.33350048065186,41.74860038757324,38.43478052139282,0,1,-0.0592740872004284,-0.1562057639203638,1,59.56368947585585,13.125923285989089,0.108311291973627,0.0409508260710228,-0.0261210655862531,0.0633852715443394,-0.0194361020767083,0,,
2025-10-02 04:00:00,42.54999923706055,42.61000061035156,42.27999877929688,42.470001220703125,2198800,0.0080702621402306,0.04220861891296,0.0345920099886525,0.0061597285446546,0.1550629926970115,41.39000053405762,41.733800430297855,38.48473114013672,0,1,0.0285140899378717,-0.1192617931487167,1,63.295642499359246,14.040023173946793,0.1107418070601584,0.244907475494876,-0.0182616072926856,0.0638233012649208,-0.0075506607700633,0,,
2025-10-03 04:00:00,42.380001068115234,42.47999954223633,42.290000915527344,42.43000030517578,1461000,-0.0009418628297058,0.0298543572684286,0.0263667186396867,0.0047359878074215,0.1743967141974753,41.44450054168701,41.72840042114258,38.53398994445801,0,1,0.0937780976829287,-0.0766538149823876,1,62.56405706252117,14.888830212764656,0.1092670531605295,0.2042882357300829,-0.0191862701932717,0.0637641300977962,-0.0071979299924875,0,,
2025-10-06 04:00:00,42.45000076293945,42.470001220703125,42.29999923706055,42.41999816894531,2133100,-0.0002357326457348,0.0268699288006308,0.0261247704976075,-0.0039915938725876,0.2565682786045993,41.48100051879883,41.72060035705567,38.58373973846435,0,1,0.1430442798045987,-0.0327141960249903,1,62.36993537837776,15.677008177381246,0.1093044198246619,-0.0472639508652007,-0.0194174800087721,0.0635212968993428,-0.0138431743811693,0,,
2025-10-07 04:00:00,42.25,42.27999877929688,42.04999923706055,42.06999969482422,1400600,-0.0082507894679099,0.0110550126826534,0.0091149215790999,-0.0275080599371324,0.2748019088510227,41.510500526428224,41.728600387573245,38.633018283844,0,1,0.1520929000007456,0.0042472231801568,1,55.84075727849648,15.706374125923528,0.1107318666244906,-0.7554974558251685,-0.0275080599371324,0.0632316268183424,-0.0241902986737934,0,,
2025-10-08 04:00:00,42.27999877929688,42.41999816894531,42.209999084472656,42.34000015258789,2031200,0.0064178858978429,0.0049845497068261,0.0207328982604226,-0.0121325350060326,0.2957282392572662,41.57400054931641,41.73760040283203,38.686991205215456,0,1,0.1789875204318605,0.0391952826304975,1,59.37397638778403,16.00326332092792,0.1106827167552758,-0.2947026422861468,-0.0212667176292369,0.063260216199555,-0.0165382322741953,0,,
2025-10-09 04:00:00,42.43000030517578,42.560001373291016,41.97999954223633,42.09000015258789,2417200,-0.0059045819343181,-0.0089475172402395,0.0248356577877504,-0.0084805795967348,0.1813896909742061,41.60900058746338,41.746800384521485,38.74030430793762,0,1,0.1780760404798016,0.0669714342003583,1,54.9869637574912,15.647782049167278,0.106532027530609,-0.1874644192245489,-0.0270457284868393,0.0630694036607006,-0.0068536559225365,0,,
2025-10-10 04:00:00,42.2599983215332,42.2599983215332,41.5099983215332,41.52000045776367,2642300,-0.013542401823659,-0.0214470855731081,0.0031408811314876,-0.0195985371018277,0.1790630818554899,41.61950054168701,41.75420036315918,38.79052150726319,0,1,0.1298625002980031,0.0795496474198873,1,46.542999020034,14.84947422438604,0.1151598494485972,-0.5108374872030642,-0.040221866187716,0.0639435476548206,0.0074296285621888,1,,
2025-10-13 04:00:00,41.58000183105469,41.83000183105469,41.52000045776367,41.77999877929688,1946300,0.0062620018946699,-0.0150872092709555,0.0113773272907646,-0.0009565020521099,0.167852072599689,41.63750057220459,41.77480033874512,38.84169442176819,0,1,0.1113490514425663,0.0859095282244231,1,50.29262624667868,14.10818838708918,0.1167582613536055,0.038399126582176,-0.0342117336953208,0.0633715839537733,1.708455212212634e-05,1,,
2025-10-14 04:00:00,41.380001068115234,41.77999877929688,41.310001373291016,41.66999816894531,2740800,-0.0026328533644208,-0.0095079992579157,0.0060357317974832,-0.0120910889649256,0.1505418486143781,41.66350040435791,41.78220031738281,38.89118615150451,0,1,0.0868003000725963,0.0860876825940577,1,48.73510269308728,13.88012082944548,0.1170000983829359,-0.2964956460162667,-0.0367545125815792,0.0632820446796074,0.0012545064056228,1,,
2025-10-15 04:00:00,41.58000183105469,41.72999954223633,41.290000915527344,41.52999877929688,2847200,-0.0033597167218684,-0.019130877902028,0.0092344408098987,-0.0193624492176849,0.134962907007256,41.6870002746582,41.783000259399415,38.93943687438965,0,1,0.0554097281717744,0.0799520917096011,0,46.75068093653579,13.71206532647296,0.1151737914875545,-0.5173291215286613,-0.0399907445529231,0.0627906684878054,-0.001378385948255,0,,
2025-10-16 04:00:00,41.63999938964844,41.86000061035156,41.52000045776367,41.59000015258789,2469700,0.0014447718529893,-0.0118793062054493,0.0129079094391271,-0.0128174911425773,0.1359919353158147,41.69400024414063,41.77800025939941,38.98931552886963,0,1,0.0349709597009351,0.0709558653078679,0,47.73297075425786,13.190449598560829,0.1148074536304157,-0.3199637623424042,-0.038603750202044,0.0633125617181057,0.0078751067778881,1,,
2025-10-17 04:00:00,41.20000076293945,41.40999984741211,41.09999847412109,41.380001068115234,2717100,-0.0050492686631929,-0.0033718542414481,-0.0016887742710683,-0.0245166701018727,0.124816281193312,41.70200023651123,41.75900024414062,39.03932455062866,0,1,0.0018070863860728,0.0571261095235089,0,44.629895233410544,13.62648296326843,0.1116752792909592,-0.6791703407294897,-0.0434580981590602,0.0626373312782203,-0.0076406030477763,0,,
2025-10-20 04:00:00,41.72999954223633,41.91999816894531,41.70000076293945,41.880001068115234,1956600,0.0120831316359066,0.0023935445605591,0.0160116406566388,-0.0127297766180809,0.149782471568294,41.73400020599365,41.74980026245117,39.09222702980041,0,1,0.0156894410666055,0.0488387758321282,0,52.54088468730227,12.731299261423862,0.1173106903186073,-0.3110998228349912,-0.0319000764438555,0.0627416434778537,0.0045090888571996,1,,
2025-10-21 04:00:00,41.63999938964844,41.84999847412109,41.54999923706055,41.68999862670898,2593800,-0.004536829908319,0.0004799726096116,0.010911661734416,-0.0351770536905631,0.1144697016590314,41.75500011444092,41.74480026245117,39.14535986900329,1,1,0.0112302428144772,0.041317069228598,0,49.63854422198606,12.22573156090966,0.1187522586312008,-1.0344225560634226,-0.0362921811312862,0.0624579319273776,0.0042103929035157,1,,
2025-10-22 04:00:00,41.59000015258789,41.59999847412109,41.220001220703125,41.43999862670898,2046400,-0.0059966420780794,-0.0021671118524754,0.0041191705127137,-0.0295082462228916,0.0959709983389802,41.76499996185303,41.73060020446778,39.19680006980896,1,1,-0.0123344309478952,0.0305867691932993,0,46.03519408203376,12.41982163977446,0.1208863166084872,-0.8664064966219206,-0.0420711919888886,0.0624078409443852,-0.0027823848273692,0,,
2025-10-23 04:00:00,41.31999969482422,41.58000183105469,41.31999969482422,41.54999923706055,2269700,0.0026544549709679,-0.0009617916657991,0.0075169143059374,-0.0294324245692871,0.0822689000398346,41.804999923706056,41.71400016784668,39.24583934783936,1,1,-0.0218812414066249,0.0200931670733145,0,47.82972251947509,12.600048141577489,0.121118668014491,-0.863923177374295,-0.0395284131026302,0.0622046330425203,-0.0084711696271362,0,,
2025-10-24 04:00:00,41.650001525878906,41.68999862670898,41.5099983215332,41.59000015258789,1836600,0.000962717599563,0.0050748931622059,0.0206135006770034,-0.0019197988930328,0.0742281272674174,41.82449989318848,41.69580017089844,39.29434090614319,1,1,-0.0259206211096483,0.0108904094367219,0,48.50038380603617,12.466349671831386,0.1126019475401158,-0.0077426269323249,-0.038603750202044,0.0617597823250665,-0.008320856698473,0,,
2025-10-27 04:00:00,41.66999816894531,41.810001373291016,41.59999847412109,41.77999877929688,1370100,0.0045683728302936,-0.0023878291850017,0.0140776214955595,-0.0026259396503772,0.0761281468200285,41.84799976348877,41.67980010986328,39.34398917198181,1,1,-0.0136333999872562,0.0059856475519263,0,51.67792287551137,12.015541839007522,0.1074382966484044,-0.0320270636961659,-0.0342117336953208,0.0613185059616203,-0.0205812546921974,0,,
2025-10-28 04:00:00,41.790000915527344,41.900001525878906,41.70000076293945,41.720001220703125,1583000,-0.0014360354319465,0.0007196592703873,0.0099249536137075,0.0021619060840434,0.0691653047087215,41.853499794006346,41.66520011901856,39.39505883216858,1,1,-0.0086374234403052,0.00306103335348,0,50.615881320706,11.352161871316524,0.1074253002018199,0.1315245263172763,-0.0355986398654927,0.0610682531976516,-0.0244418213692301,0,,
2025-10-29 04:00:00,41.65999984741211,41.68000030517578,41.060001373291016,41.27000045776367,3329000,-0.0107862116436406,-0.0041022725525801,-0.0081711162605295,0.0029161343240606,0.0624537636408615,41.81049976348877,41.64280014038086,39.44466539382935,1,1,-0.0405222613836926,-0.0056556255939545,0,43.409950251148345,12.113342536888094,0.11122055926211,0.1574495448804247,-0.0460008770453184,0.0603805574511579,-0.0387748218322806,0,,
2025-10-30 04:00:00,40.959999084472656,41.15999984741211,40.959999084472656,41.0,1934100,-0.0065422935490392,-0.0132370456596777,-0.0268217668992759,0.0061349693251533,0.0563053728664491,41.736999702453616,41.61500015258789,39.49120058059693,1,1,-0.0865799656750923,-0.021840493610182,0,39.753076412584136,12.999963601129114,0.1027025032988792,0.2689237025976432,-0.0522422193532139,0.0606525961619723,-0.0431121507534371,0,,
2025-10-31 04:00:00,40.79999923706055,40.79999923706055,40.54999923706055,40.72999954223633,1590300,-0.0065853770186261,-0.0206780622071733,-0.040970134882374,-0.0138014456502151,0.0264581216334307,41.65199966430664,41.58800010681152,39.53358238220215,1,1,-0.1432168934096083,-0.0461157735700673,0,36.446621189817314,14.495709334935578,0.0983577986143922,-0.436984663691252,-0.0584835616611093,0.0600561748431954,-0.0590243116082117,0,,
2025-11-03 05:00:00,40.9900016784668,41.0099983215332,40.86000061035156,40.90999984741211,2046100,0.0044193544610557,-0.0208233355027257,-0.0358237201704251,-0.0139793156806669,0.0213730688380149,41.57649974822998,41.55300010681152,39.57666746139526,1,1,-0.1715994546871968,-0.0712125097934932,0,40.02787237518233,15.26873350694873,0.1007884524852192,-0.4435280756947041,-0.054322666789179,0.0602085916808107,-0.0557607923378283,0,,
2025-11-04 05:00:00,40.29999923706055,40.52000045776367,40.2599983215332,40.34000015258789,6831300,-0.0139330163028654,-0.0330776852286002,-0.0490334301306061,-0.0358508602899042,0.0083805648172849,41.48999977111816,41.51740013122559,39.61532871246338,0,1,-0.2373510159056167,-0.1044402110159179,0,33.5756835776006,16.868478246332966,0.1090806484169396,-1.216212787039066,-0.0674988044900558,0.0600818874439843,-0.0541457687932388,0,,
2025-11-05 05:00:00,40.38999938964844,40.77999877929688,40.38999938964844,40.72999954223633,1672700,0.0096678083334964,-0.0130845870980783,-0.0318516796365165,-0.0377983042666572,0.0239198572724022,41.40949974060059,41.48940010070801,39.65185785293579,0,1,-0.2550498545417596,-0.1345621397210862,0,40.62754188916444,17.64963437479683,0.1144354204680894,-1.2967209169086915,-0.0584835616611093,0.0604532535642825,-0.0439396136689932,0,,
2025-11-06 05:00:00,40.66999816894531,40.70000076293945,40.22999954223633,40.38999938964844,2667100,-0.0083476591310863,-0.0148780636671113,-0.0460557571070359,-0.0460557571070359,0.0148706207209092,41.324499702453615,41.45940010070801,39.68619516372681,0,1,-0.293132434254673,-0.1662761986278036,0,36.9451208481132,18.608688098443068,0.1129592299834583,-1.5837725544749863,-0.0663430199546768,0.0605987950748064,-0.0420710089948654,0,,
2025-11-07 05:00:00,40.06999969482422,40.4900016784668,39.970001220703125,40.47999954223633,2132200,0.0022282781368636,-0.0061379819005584,-0.0382513804826529,-0.0348116149804275,0.0093980769517965,41.27249965667725,41.42860008239746,39.71906436920166,0,1,-0.3124491733189813,-0.1955107935660391,0,38.53330755966025,19.860979713760926,0.1131285574670515,-1.1902213895202078,-0.0642625725187117,0.0606740919414823,-0.0379789815693284,0,,
2025-11-10 05:00:00,40.84000015258789,40.97999954223633,40.709999084472656,40.959999084472656,1484200,0.0118576963355818,0.0012221764176738,-0.0134875088419297,-0.028232559865404,0.0312318452588182,41.23149967193604,41.41020004272461,39.75389093399048,0,1,-0.2857321344779322,-0.2135550617484178,0,46.30161406889097,19.761826763064917,0.1142102569862644,-0.9314808723110456,-0.0531668822538001,0.0604502548393902,-0.0546308883937423,0,,
2025-11-11 05:00:00,41.060001373291016,41.27999877929688,41.060001373291016,41.22999954223633,2071700,0.0065918081982092,0.0220624537997513,-0.0131641755177143,-0.0271354765666609,0.0326591616160476,41.209499740600585,41.41400001525879,39.79031341552734,0,1,-0.2400052768238509,-0.2188451047635044,0,50.12033888638355,19.0027311115293,0.1144661520768383,-0.8903197909623728,-0.0469255399459046,0.0607097576012758,-0.0420034688487389,0,,
2025-11-12 05:00:00,41.470001220703125,41.70000076293945,41.459999084472656,41.68000030517578,1261300,0.0109144013566739,0.0233243499537563,0.0002400320775133,-0.0192941104664522,0.0503995900752842,41.21699981689453,41.426600036621096,39.82873998641968,0,1,-0.1655467915689499,-0.2081854421245935,1,55.76636860024511,17.820934404637065,0.1208838810835366,-0.6013757584865166,-0.0365233027660788,0.0613382397508835,-0.0307165316570479,0,,
2025-11-13 05:00:00,41.459999084472656,41.5099983215332,41.02999877929688,41.25,4326700,-0.010316705902768,0.021292414541902,-0.0067420849392478,-0.0312353634067878,0.0263329636799407,41.19999980926514,41.42480003356933,39.8641312789917,0,1,-0.1396258170206508,-0.194473517103805,1,49.94827916771655,17.139689926020605,0.1256565364904947,-1.0008739527681516,-0.0464632084956115,0.0617297764058425,-0.0168956965662647,0,,
2025-11-14 05:00:00,40.619998931884766,40.90999984741211,40.59999847412109,40.86000061035156,2265600,-0.0094545306581439,0.0093873782710582,-0.017552285154077,-0.0374558333100437,0.0168783785926256,41.17399978637695,41.41520004272461,39.896736488342285,0,1,-0.14883724619812,-0.185346262922668,1,45.32909842602554,17.171694024100752,0.1293754542162153,-1.2022935428049113,-0.0554784513245579,0.0611561546390961,-0.0340597034852386,0,,
2025-11-17 05:00:00,40.34000015258789,40.43000030517578,39.84000015258789,40.0099983215332,1716700,-0.0208027967724263,-0.0231933785198639,-0.033107847057009,-0.0561453432975614,-0.0212862507750901,41.08049964904785,41.38160003662109,39.926468772888185,0,1,-0.2221644773261104,-0.1927099058033565,0,37.24466867158382,18.154103078822573,0.1462823732622193,-1.7482935908543735,-0.0751271411488305,0.0604470923653346,-0.0349669896240818,0,,
2025-11-18 05:00:00,39.54999923706055,39.68999862670898,39.400001525878906,39.52999877929688,2340000,-0.0119969898118688,-0.0412321315016739,-0.0561127561815535,-0.0674687579979055,-0.0378893743132373,40.97249965667724,41.3426000213623,39.95719463348389,0,0,-0.3153733600426633,-0.2172425966512179,0,33.60031080760717,19.51856251892957,0.1416932544438883,-2.0932588337960727,-0.0862228314137421,0.0602276686863772,-0.0400686793033067,0,,
2025-11-19 05:00:00,39.650001525878906,39.77999877929688,39.31999969482422,39.5099983215332,1471400,-0.0005059564477941,-0.0520633869422767,-0.0522907262409728,-0.061074225230305,-0.0362997209195344,40.87599964141846,41.31139999389649,39.98560729980469,0,0,-0.3864017421630734,-0.251074425753589,0,33.453424511733814,20.59153346047415,0.141725775222182,-1.8919785698389768,-0.0866851628640352,0.05996553725851,-0.0399051744423061,0,,
2025-11-20 05:00:00,39.7400016784668,39.880001068115234,38.869998931884766,38.88999938964844,2224200,-0.015692203447826,-0.0572121360085227,-0.0615347326632633,-0.0883731943565014,-0.0505110167779581,40.74299964904785,41.26139999389648,40.00934614181519,0,0,-0.487105925089665,-0.2982807256208042,0,29.19300405847412,22.03814329997584,0.1485416522620855,-2.8120910968513138,-0.101017085100291,0.0599381432068905,-0.0395735167267781,0,,
2025-11-21 05:00:00,39.31999969482422,39.52000045776367,39.04999923706055,39.400001525878906,1597300,0.0131139661669992,-0.0357317440691073,-0.0517448315441592,-0.0645773379625331,-0.0292000187609201,40.6334997177124,41.22319999694824,40.033667697906495,0,0,-0.519770217938671,-0.3425786240843775,0,36.37143824888324,23.381423865227404,0.1576768864788578,-1.9922157879068865,-0.0892278535695859,0.0601252489774286,-0.0334281220447079,0,,
2025-11-24 05:00:00,39.4900016784668,39.619998931884766,39.369998931884766,39.470001220703125,1394800,0.001776641931809,-0.0134965539486027,-0.0509737659078333,-0.0631379012573832,-0.0516103420686206,40.51799983978272,41.1842000579834,40.06065082550049,0,0,-0.5338545718037437,-0.3808338136282508,0,37.3108474031596,24.38511600618779,0.1579258018718632,-1.9433231694945663,-0.0876097375839138,0.059358402943006,-0.03888257522381,0,,
2025-11-25 05:00:00,39.880001068115234,40.25,39.72999954223633,40.18999862670898,1483300,0.0182416362740873,0.0166961767718991,-0.0380564911211963,-0.0405824967225841,-0.0218258052326487,40.44149971008301,41.165,40.089955196380615,0,1,-0.4813698186912631,-0.4009410146408533,0,46.12201557250624,23.93175105016105,0.172044346272834,-1.15968991889992,-0.0709662462769005,0.0598779909649173,-0.0234923368420725,0,,
2025-11-26 05:00:00,40.25,40.63999938964844,40.2400016784668,40.59999847412109,1644000,0.0102015392242296,0.0275879574511099,-0.0268457026321046,-0.0337934785381522,-0.0137358215291191,40.40799961090088,41.1557999420166,40.11885046005249,0,1,-0.402057049152134,-0.4011642215431095,0,50.39747076574231,22.785746036144825,0.1769978405186083,-0.9388666390886128,-0.0614886719976609,0.0600741124964541,-0.016279173697336,0,,
2025-11-28 05:00:00,40.7400016784668,40.91999816894531,40.70000076293945,40.91999816894531,1289400,0.0078817661785923,0.0521984780446462,-0.0084807919780993,-0.0229227047441697,-0.0088044814481618,40.40399951934815,41.14519989013672,40.14762435913086,0,1,-0.3098085270012873,-0.3828930826347451,1,53.49905345842565,21.24117598653495,0.1761172917533927,-0.6065893916313198,-0.0540915451543863,0.060218903360729,-0.0026772540243549,0,,
2025-12-01 05:00:00,40.59999847412109,40.720001220703125,40.5099983215332,40.52000045776367,1938700,-0.009775115568925,0.0284263677286693,-0.0117073059082031,-0.0126705761735724,-0.0270706386427374,40.39349956512452,41.13119987487793,40.17115224838257,0,1,-0.2659121116554104,-0.3594968884388781,1,49.34550072537303,20.114553367342825,0.1778972842623987,-0.3179973038350346,-0.0633379096181254,0.0599037420997774,-0.0123466118448595,0,,
2025-12-02 05:00:00,40.83000183105469,40.95000076293945,40.75,40.88999938964844,1786600,0.0091312667251926,0.03597664365413,0.0039283046700304,-0.0038976821044045,-0.0130584093721934,40.39249954223633,41.12419982910156,40.196480960845946,0,1,-0.1989744114858638,-0.3273923930482753,1,52.9818595129096,18.692117924037355,0.1794483741882714,-0.0501912130346821,-0.0547849982394721,0.0603389787307321,0.0047089893466432,1,,
2025-12-03 05:00:00,40.81999969482422,41.02000045776367,40.77999877929688,40.95000076293945,3088200,0.0014673850375797,0.0189102304603066,0.0009777784325724,-0.009433947465141,-0.0195247505038331,40.42299957275391,41.11779983520508,40.21974891662597,0,1,-0.1394763954040456,-0.2898091935194294,1,53.56402793550592,17.494694198665552,0.1788741424626238,-0.218115999409651,-0.0533980038885928,0.0602189948493974,0.0001727854496564,1,,
2025-12-04 05:00:00,41.2599983215332,41.27999877929688,41.08000183105469,41.13999938964844,1576700,0.0046397710175609,0.0133005156606484,0.01983141383328,-0.0048379478036101,-0.0175208384785945,40.44349956512451,41.11579978942871,40.24809816360474,0,1,-0.0761150804411769,-0.2470703709037789,1,55.4452961258894,16.836474704435137,0.1719420895147098,-0.0789449781105885,-0.0490059873818697,0.0604542017801599,0.0061967816261216,1,,
2025-12-05 05:00:00,41.52999877929688,41.619998931884766,41.34999847412109,41.40999984741211,1761400,0.0065629669851576,0.0119746261093105,0.0166953182621727,-0.0067162098469699,-0.0099100358745597,40.49449958801269,41.12899978637695,40.27715805053711,0,1,-0.0040671181792433,-0.1984697203588718,1,58.04643626376832,16.77285671630643,0.1702965436528696,-0.1362569952800312,-0.0427646450739743,0.060735591217376,0.0046703466967787,1,,
2025-12-08 05:00:00,41.56999969482422,41.56999969482422,41.25,41.34000015258789,1410600,-0.0016904055803466,0.0202369122793804,0.0235206926787656,-0.0033751058629083,-0.0066777960211684,40.53749961853028,41.13179977416992,40.30724504470825,0,1,0.0468430431873372,-0.14940716764963,1,57.11545664783714,16.500187114274098,0.1673044449457135,-0.0360310037733595,-0.0443827610596464,0.0608156304662069,0.0035782129188013,1,,
2025-12-09 05:00:00,41.43999862670898,41.66999816894531,41.43999862670898,41.52999877929688,1457900,0.0045959996615312,0.015651733900746,0.0259387166238724,0.0112003673701179,0.002388937779892,40.565999603271486,41.13619972229004,40.3374951171875,0,1,0.1013526835033218,-0.0992551974190396,1,59.03592334021569,16.415015727830657,0.1676954086951367,0.4027964509371423,-0.0399907445529231,0.0611479186014264,0.0078093737340314,1,,
2025-12-10 05:00:00,41.47999954223633,42.0,41.459999084472656,41.93999862670898,2347600,0.0098723780270488,0.024175771558605,0.0239257706089115,0.013288215635927,0.0125252387202581,40.60149955749512,41.14279968261719,40.367286891937255,0,1,0.1756111908549513,-0.0442819197642414,1,62.89719735411553,16.86601641101626,0.1662513673810494,0.4639665701392556,-0.0305131702736839,0.06134473921799,0.0147970323859911,1,,
2025-12-11 05:00:00,42.220001220703125,42.47999954223633,42.20000076293945,42.38999938964844,2142300,0.0107296322764514,0.0303840548990024,0.0281348498736653,0.0261437419621024,0.0207229384899712,40.63699951171875,41.147999649047854,40.3986893081665,0,1,0.2676871627084694,0.0181118967303007,1,66.61659276394354,17.950950937933293,0.1685508756337927,0.8365057269978239,-0.020110933093858,0.0618590030204591,0.0189301599049573,1,,
2025-12-12 05:00:00,42.380001068115234,42.43999862670898,42.0,42.18000030517578,2668600,-0.0049539770581817,0.0185945535040081,0.0119961611405725,0.0183486762392055,0.0330386941740448,40.68349952697754,41.1421996307373,40.43253366470337,0,1,0.3200238272202824,0.078494282828297,1,63.42144742046772,18.47379431175736,0.1661830053331011,0.6075540444048405,-0.0249652810508741,0.0622215648120587,0.0144008870284293,1,,
2025-12-15 05:00:00,42.2400016784668,42.29999923706055,42.02000045776367,42.09999847412109,1927400,-0.0018966768723536,0.0183840909223029,0.0206060236150567,0.0230861947269851,0.0235836951328896,40.74549942016601,41.13559959411621,40.46563373565674,0,1,0.3509994288223836,0.1329953120271144,1,62.197539857096906,18.959291730308276,0.1616999956311719,0.7487166795153634,-0.0268146068520467,0.0621975184883877,0.00757725217519,1,,
2025-12-16 05:00:00,42.06999969482422,42.18999862670898,41.86000061035156,42.02999877929688,3843400,-0.0016627006499116,0.0120394898795241,0.0286343159928614,0.0236239009635503,0.0403464651449048,40.8464994430542,41.12779960632325,40.493022956848144,0,1,0.3656840478258374,0.179533059186859,1,61.086728681235165,19.00300374930833,0.1575388106809834,0.7646159262361972,-0.0284327228377184,0.0622642270317649,0.0181187388122743,1,,
2025-12-17 05:00:00,41.83000183105469,41.970001220703125,41.59000015258789,41.61000061035156,2181400,-0.0099928189660619,-0.0078683363653535,0.0399900613831629,0.0038600686240557,0.0330189143833408,40.95049953460693,41.11859962463379,40.51895154953003,0,1,0.3395176241910107,0.2115299721876893,1,54.76669359300255,18.39134367664032,0.1420371369201262,0.1810137516422383,-0.0381414187517509,0.0623278640204272,0.0311143444870007,1,,
2025-12-18 05:00:00,41.91999816894531,42.150001525878906,41.81999969482422,41.93999862670898,1917900,0.007930738080194,-0.0106157294036043,0.0609663526899548,0.0174671854605434,0.0396628276665598,41.07199954986572,41.11059959411621,40.53915281295777,0,1,0.3414723463040161,0.2375184470109547,1,58.40779813925082,18.15589059845829,0.1340059915838764,0.581704105937523,-0.0305131702736839,0.0623513343229406,0.0352606315815064,1,,
2025-12-19 05:00:00,42.150001525878906,42.290000915527344,42.09000015258789,42.09999847412109,1755900,0.0038149702587308,-0.0018966768723536,0.065553031197582,0.0208534617035025,0.0331287969109468,41.23249950408936,41.11079956054687,40.55985898971558,1,1,0.3518759215843658,0.260389941925637,1,60.0854393662508,18.19027938967391,0.1334750051471768,0.6798943577584626,-0.0268146068520467,0.0620270242563745,0.0343778625542456,1,,
2025-12-22 05:00:00,42.27000045776367,42.36000061035156,42.16999816894531,42.34000015258789,1017500,0.0057007526642627,0.0057007526642627,0.0887117721029782,0.025926815676178,0.0229524227337158,41.379499435424805,41.12719955444336,40.580683155059816,1,1,0.3751623219058118,0.283344417921672,1,62.52709247677395,18.34990258055227,0.1148789646889497,0.8251441449869944,-0.0212667176292369,0.061994406505771,0.0343064230699114,1,,
2025-12-23 05:00:00,42.43999862670898,42.5,42.369998931884766,42.43999862670898,1583800,0.0023617967350189,0.0097549336026641,0.0771572838349594,0.0290978879583496,0.0313486525636894,41.527999305725096,41.1403995513916,40.60702388763428,1,1,0.3971083848008661,0.3060972112975108,1,63.52818398150427,18.75495348664952,0.1101672198908986,0.9164490205039304,-0.0189551485584792,0.0618581050185048,0.0288207711493497,1,,
2025-12-24 05:00:00,42.56999969482422,42.61000061035156,42.5099983215332,42.56999969482422,1113900,0.0030631732403834,0.0230713547318197,0.0785406227070257,0.0446625691981403,0.0223343016044081,41.64699935913086,41.15839958190918,40.63426054000855,1,1,0.420147597519275,0.3289072885418636,1,64.84312093515723,19.330930502013988,0.1099935755873243,1.382517646161208,-0.0159500382219277,0.0618300923222526,0.0416400923323327,1,,
2025-12-26 05:00:00,42.65999984741211,42.70000076293945,42.560001373291016,42.650001525878906,1381600,0.0018793007194786,0.0169290157944299,0.0612093302619594,0.0351941926235053,0.0082742859369062,41.74949951171875,41.18079963684082,40.66066764831543,1,1,0.4397921683939714,0.3510842645122852,1,65.66354923718714,20.030048931157268,0.0963657314226063,1.1202138067854954,-0.0141007124207552,0.0619525725813851,0.0346468140135722,1,,
2025-12-29 05:00:00,42.52999877929688,42.61000061035156,42.40999984741211,42.5099983215332,1394100,-0.0032826072529154,0.0097387140682236,0.0470443329851248,0.0290485816594052,0.0047269426081475,41.82899951934815,41.19919960021973,40.688342037200925,1,1,0.4390029906027664,0.3686680097303814,1,62.89733815468626,20.18675498711562,0.0947119529245658,0.9374882869171872,-0.017337032572807,0.061970044816995,0.0315598889730215,1,,
2025-12-30 05:00:00,42.720001220703125,42.93999862670898,42.720001220703125,42.75,1950400,0.0056457701233365,0.009683510768411,0.0447214543729745,0.0273972452037127,0.0176148942640517,41.94049949645997,41.226599578857424,40.7121506690979,1,1,0.4525272388707932,0.3854398555584638,1,65.57465775046225,20.95615637506421,0.0933310004259939,0.8902619611832054,-0.0117891433499974,0.0623961053746727,0.0361547934691151,1,,
2025-12-31 05:00:00,42.650001525878906,42.66999816894531,42.4900016784668,42.5,2240800,-0.0058479532163743,0.0014137930073649,0.0488647462948623,0.0087823147995309,0.0078255121030028,42.02099952697754,41.23899955749512,40.732692832946775,1,1,0.4380231343643146,0.395956511319634,1,60.66403203395607,20.94341001788692,0.0878654430190895,0.3343297958428571,-0.0175681542075998,0.0624942336073798,0.0432442351145203,1,,
2026-01-02 05:00:00,42.709999084472656,42.720001220703125,42.400001525878906,42.560001373291016,3380200,0.001411797018612,-0.0002348677849396,0.0408413306082207,0.0021191464563465,0.0082919283679185,42.10149955749512,41.25639961242676,40.75215789794922,1,1,0.4264542374281532,0.4020560565413378,1,61.41094636856491,20.65791920004371,0.0842875193642681,0.1292109283277189,-0.0161811598567204,0.0624679565336734,0.0352836234176583,1,,
2026-01-05 05:00:00,42.68999862670898,43.09000015258789,42.650001525878906,43.04999923706055,3370100,0.0115131073298562,0.0093786095397658,0.0512820130646158,0.0146122773373897,0.01941746871212,42.19699954986572,41.28859962463379,40.77540086746216,1,1,0.4516185581643057,0.4119685568659315,1,66.93292163378088,21.12336094854174,0.0905563403004713,0.5096638023812176,-0.0048543479570161,0.0627691074223568,0.042347312161834,1,,
2026-01-06 05:00:00,43.18999862670898,43.18999862670898,42.97999954223633,43.130001068115234,2305700,0.0018583468634725,0.014584868761756,0.0483714561981134,0.0167374570913985,0.012679054087642,42.28299961090088,41.32019966125488,40.80238822937012,1,1,0.4725694562820166,0.4240887367491485,1,67.74448918944961,21.735550180092577,0.0902013314295641,0.5738117067844778,-0.0030050221558437,0.062513972140558,0.0340715831115989,1,,
2026-01-07 05:00:00,43.31999969482422,43.41999816894531,43.220001220703125,43.2599983215332,2741300,0.0030140795316155,0.0119297852990223,0.0446751625437813,0.0282861572460479,0.0,42.37899951934814,41.35359962463379,40.83135351181031,1,1,0.4939687219599165,0.4380647337913021,1,69.07276680547525,22.700443405129256,0.088900206522732,0.927161082359471,0.0,0.0629051599991763,0.0357215388590741,1,,
2026-01-08 05:00:00,43.119998931884766,43.34999847412109,43.08000183105469,43.310001373291016,2105500,0.0011558727160865,0.0190588558421416,0.0476536336098634,0.022909806736121,0.0104993176978809,42.467999649047854,41.38419967651368,40.86086389541626,1,1,0.5090941026516589,0.4522706075633734,1,69.59147992436372,23.121116829847093,0.087913090273993,0.7676066969669961,0.0,0.0629842653187012,0.0356591691292142,1,,
2026-01-09 05:00:00,43.45000076293945,43.47999954223633,43.18000030517578,43.40999984741211,1999700,0.0023089002759246,0.0199717680144277,0.0452685076661361,0.031361361131833,0.0226148190157577,42.54149971008301,41.41799964904785,40.88915288925171,1,1,0.5231199161987092,0.4664404692904406,1,70.65159311947976,23.750938632064443,0.087494796500621,1.0275910475897254,0.0,0.062714934372049,0.0256266412081291,1,,
2026-01-12 05:00:00,43.7599983215332,43.84999847412109,43.709999084472656,43.83000183105469,2176000,0.0096752357779059,0.0181185274754351,0.045064455561095,0.0556358706123056,0.03494695183609,42.61349983215332,41.46919967651368,40.92357482910156,1,1,0.5616517526734555,0.4854827259670436,1,74.6491299729558,24.946727411839564,0.0872772403070979,1.7798074205568606,0.0,0.0632224282454669,0.0306088028315596,1,,
2026-01-13 05:00:00,43.88999938964844,43.88999938964844,43.52000045776367,43.56999969482422,2772800,-0.0059320585299691,0.0102016836497196,0.0278367615514505,0.0428434889379252,0.0418460070007267,42.68299980163575,41.52059967041016,40.95654922485352,1,1,0.5646990125179201,0.5013259832772189,1,68.43478825661388,25.405002564612268,0.0856261019249959,1.3904019986764131,-0.0059320585299691,0.0629733026516946,0.0180135400964491,1,,
2026-01-14 05:00:00,43.47999954223633,43.59999847412109,43.310001373291016,43.4900016784668,2682700,-0.0018360802597601,0.0053167675880168,0.0310574054958048,0.0436765920205355,0.0310574054958048,42.75249996185303,41.57579971313477,40.99010726928711,1,1,0.554269542287571,0.5119146950792893,1,66.597755261315,25.156899667064383,0.0833988219345643,1.4164629326537646,-0.0077572470541625,0.0631681651378912,0.0152133802595886,1,,
2026-01-15 05:00:00,43.34000015258789,43.470001220703125,43.22999954223633,43.2400016784668,2546800,-0.0057484476972043,-0.0016162478089272,0.0270784618922603,0.0411751251970267,0.0210154247086824,42.81300010681152,41.62239974975586,41.02393995285034,1,1,0.5198388229642319,0.5134995206562779,1,61.07974250362253,24.67732590359256,0.0863726937488601,1.336558019580261,-0.0134611026224018,0.0626344791291839,0.0070253709700296,1,,
2026-01-16 05:00:00,43.33000183105469,43.34000015258789,43.119998931884766,43.34000015258789,2776100,0.0023126380721416,-0.0016125246503172,0.031168246760366,0.0420774223029452,0.0287206041726975,42.89950008392334,41.68239974975586,41.05723979949951,1,1,0.4949161852708172,0.5097828535791857,0,62.42098274592741,23.88814319470782,0.0857575969429895,1.3635946752881885,-0.0111795952086777,0.0628319752881373,0.009118369944314,1,,
2026-01-20 05:00:00,42.709999084472656,42.81999969482422,42.470001220703125,42.540000915527344,2776800,-0.0184586809931697,-0.0294319156202577,0.0223504035456423,0.0280328617078247,0.0028289191834496,42.92950019836426,41.71859977722168,41.08609701156616,1,1,0.4059322287338816,0.4890127286101249,0,48.13087481489394,22.876240070169825,0.1032534587359863,0.9033697761230194,-0.0294319156202577,0.0629537151907623,0.0100412741583764,1,,
2026-01-21 05:00:00,42.400001525878906,42.93999862670898,42.18000030517578,42.81999969482422,4279500,0.0065820115954597,-0.0172136792575899,0.0209823819010528,0.0224450478207995,0.0094295507577777,42.96550025939941,41.7671997833252,41.1195510673523,1,1,0.3539255303228259,0.4619952889526651,0,52.25108754874188,22.516096085291657,0.1022254259723662,0.7451691958336529,-0.0230436252346869,0.0626450853821083,0.0047112233019148,1,,
2026-01-22 05:00:00,43.02999877929688,43.20000076293945,42.900001525878906,43.09999847412109,2834700,0.0065389720058945,-0.0089676520876937,0.0237529699820464,0.0338210576603086,-0.0025457211914429,43.00350017547608,41.81959976196289,41.166258010864254,1,1,0.3314822871204939,0.4358926885862309,0,56.01388631055937,21.50970277548748,0.1035938500638724,1.0833359504730364,-0.0166553348491164,0.0627270818646833,0.0112863323156571,1,,
2026-01-23 05:00:00,43.09000015258789,43.47999954223633,43.0099983215332,43.47999954223633,2311300,0.0088167304308237,0.0055503666617351,0.0269248792050076,0.0492278229520144,0.0182669500084378,43.05550022125245,41.86999977111817,41.21865198135376,1,1,0.3404344491663664,0.4168010407022581,0,60.55678618116894,20.02772682354198,0.1058603321968072,1.5330563557314416,-0.0079854500158923,0.0632571811808423,0.0203691711276206,1,,
2026-01-26 05:00:00,43.7599983215332,43.93999862670898,43.7599983215332,43.84000015258789,2735100,0.0082796829379416,0.0115366866229729,0.0329877844293293,0.0551143431426293,0.0240597698261109,43.11900024414062,41.9221997833252,41.274468955993655,1,1,0.3722866538837337,0.4078981633385533,0,64.3167610611742,19.57583037640173,0.1085675681467379,1.6944707157943937,0.0,0.0634586780849802,0.0258749126892354,1,,
2026-01-27 05:00:00,44.02999877929688,44.41999816894531,44.02000045776367,44.29999923706055,3458700,0.0104926798100273,0.0413727852293204,0.0406389371538253,0.065159871953115,0.0631149792100362,43.20150012969971,41.97459976196289,41.31783128738403,1,1,0.4296945856414993,0.4122574477991425,1,68.45471387631397,19.943967560359944,0.1128229810810674,1.9630354856332668,0.0,0.0638700544699857,0.0329930309193293,1,,
2026-01-28 05:00:00,43.959999084472656,44.08000183105469,43.79999923706055,44.0099983215332,2349300,-0.0065462961743063,0.0277907201118645,0.0318873797654868,0.0533748110912186,0.0506087124080656,43.276500129699706,42.02979972839356,41.36180927276612,1,1,0.4466415293909378,0.4191342641175016,1,63.4585305848368,19.757169241200263,0.1165768170367323,1.621136630065899,-0.0065462961743063,0.0634583305207754,0.0243050106985012,1,,
2026-01-29 05:00:00,43.63999938964844,43.650001525878906,42.959999084472656,43.43999862670898,2562300,-0.0129515954683718,0.0078886349100926,0.021877213406162,0.0412271657641352,0.043478201108672,43.31100006103516,42.0813996887207,41.40013387680054,1,1,0.4093590563381042,0.4171792225616221,0,54.9668137506061,18.75186081110857,0.1260262408379718,1.2510950902297384,-0.0194131066628124,0.0627609856932618,0.01276327746095,1,,
2026-01-30 05:00:00,43.380001068115234,43.45000076293945,42.97999954223633,43.11000061035156,3653000,-0.0075966396590656,-0.0085096351375383,0.0084210669088085,0.0445844471087655,0.0476305956693592,43.34150009155273,42.14339973449707,41.43459529876709,1,1,0.3491594529965383,0.4035752686486054,0,50.7340285450091,17.81836012602343,0.1282849623768678,1.353868046387057,-0.0268622719458977,0.0624705364892921,0.001192880776331,1,,
2026-02-02 05:00:00,43.40999984741211,43.59000015258789,43.36000061035156,43.47999954223633,2764800,0.0085826705322737,-0.0082116927257882,0.0230588127585018,0.0604877937130812,0.0669938537972105,43.3875,42.22239974975586,41.46903778076172,1,1,0.327531080808086,0.3883664310805016,0,54.925181217612845,16.675813308394822,0.1291229835495875,1.798950876189896,-0.018510151443484,0.0626950208694057,0.0032128926212191,1,,
2026-02-03 05:00:00,43.369998931884766,43.59000015258789,43.220001220703125,43.5099983215332,1996800,0.0006899443333188,-0.0178329780842624,0.0223213561463455,0.068254328763595,0.0535108747045571,43.41049995422363,42.30239974975586,41.50353189468384,1,1,0.3092462920481367,0.3725424032740286,0,55.25753006829328,15.880283289821014,0.1291264843919267,2.0263900293538293,-0.0178329780842624,0.0632732775892689,0.0128917464294096,1,,
2026-02-04 05:00:00,43.34999847412109,43.54999923706055,43.04999923706055,43.25,2147700,-0.0059755994383601,-0.0172687650651727,0.0046457785478257,0.0571987328603207,0.0424198180364654,43.41649990081787,42.38959976196289,41.53584074020386,1,1,0.2706558217344366,0.3521650869661102,0,51.69958764444516,15.45976839223486,0.1254885163793901,1.710926440721841,-0.0237020147887979,0.0632013240911433,0.0068858183035533,1,,
2026-02-05 05:00:00,42.7400016784668,43.119998931884766,42.65999984741211,42.84000015258789,1811000,-0.0094797652580834,-0.0138121200066562,-0.0067238791640497,0.0619732273312749,0.0239005735266029,43.3954999923706,42.45839973449707,41.56791933059692,1,1,0.2046301854075238,0.322658106654393,0,46.60363827901947,15.740165871935671,0.1297329252282472,1.865982889163428,-0.0329570905105399,0.0633939305659585,0.0140761880147686,1,,
2026-02-06 05:00:00,43.2599983215332,43.56999969482422,43.2400016784668,43.52999877929688,1323800,0.0161064104633834,0.0097424765251445,0.0062413423078955,0.0687453785546203,0.0283486155524292,43.4064998626709,42.53959968566895,41.59852970123291,1,1,0.205611355824395,0.2992487564883934,0,54.69676680392338,15.021719626032908,0.1413415072639593,2.023832837372202,-0.017381500474598,0.0632024582827468,0.0047261350829461,1,,
2026-02-09 05:00:00,44.0,44.36000061035156,43.91999816894531,44.31999969482422,1220300,0.0181484249409873,0.0193192309436875,0.0233202098708789,0.0973013212320821,0.0467642781081876,43.45199985504151,42.62219970703125,41.63107360839844,1,1,0.2670569457848231,0.2928103943476794,0,61.83006311153552,14.888921854258063,0.1542539041572951,2.7463001554631994,0.0,0.0640406898985255,0.0167728332541274,1,,
2026-02-10 05:00:00,44.27000045776367,44.34000015258789,44.18999862670898,44.220001220703125,1308800,-0.0022562832763911,0.016318155057674,0.0186593267942456,0.0923913468567243,0.0543634398819974,43.47149982452392,42.69459976196289,41.66021577835083,1,1,0.3041776072679738,0.2950838369317383,1,60.53082684483641,14.765609637609993,0.1546294381836442,2.613375010368854,-0.0022562832763911,0.0640651460290822,0.0215293481616873,1,,
2026-02-11 05:00:00,44.11000061035156,44.150001525878906,43.86000061035156,44.04999923706055,1413300,-0.0038444590445416,0.0184970921863709,0.0050193337169788,0.0754394585364937,0.0450770496417443,43.49549980163575,42.7571997833252,41.68688491821289,1,1,0.3162329233272416,0.299313654210839,1,58.28841195984515,14.008377147031258,0.1520617749409683,2.180957377385855,-0.0060920681322839,0.0638335995148147,0.0096670008778341,1,,
2026-02-12 05:00:00,44.5099983215332,44.619998931884766,43.77999877929688,43.959999084472656,1646200,-0.0020431363029893,0.0261437658238923,0.0089510992054187,0.0662139115339959,0.0372816889225173,43.51899967193604,42.82599975585938,41.71256305694581,1,1,0.3148946781720525,0.3024298590030817,1,57.082770036210704,14.049352304517514,0.1506495087650758,1.9343397544818608,-0.0081227575097119,0.0647027636277786,0.0274633996195139,1,,
2026-02-13 05:00:00,43.91999816894531,44.09000015258789,43.709999084472656,43.970001220703125,960600,0.0002275281264507,0.0101080278829575,0.0110370090529103,0.0549424399894491,0.034588264016544,43.55549964904785,42.88759979248047,41.73730758666992,1,1,0.3110555433688802,0.3041549958762414,1,57.18875108632882,13.94714811588744,0.150421388152944,1.640801560950168,-0.0078970775390588,0.0646719248934185,0.0238056583129298,1,,
2026-02-17 05:00:00,43.709999084472656,44.06999969482422,43.54999923706055,44.040000915527344,1067500,0.0015919875569905,-0.0063176620312471,0.018501369241596,0.0676363858309658,0.0342883753332261,43.59049968719482,42.94939979553223,41.76328737258911,1,1,0.3100869029436097,0.3053413772897151,1,57.970979997459146,13.526656238077743,0.148678239821712,2.019500567958848,-0.0063176620312471,0.0646705380483507,0.0325069985010559,1,,
2026-02-18 05:00:00,44.08000183105469,44.38999938964844,44.0,44.119998931884766,831400,0.0018164853472837,-0.0022614718692395,0.0179972029660988,0.0797845881751482,0.0393403566297057,43.6694995880127,43.00899978637696,41.78981470108032,1,1,0.3121758508902985,0.3067082720098318,1,58.89532675294919,13.6627940803175,0.1486294035337767,2.3862371907707134,-0.004512652624472,0.0644632607904489,0.025962664627855,1,,
2026-02-19 05:00:00,43.75,43.93000030517578,43.68000030517578,43.880001068115234,950600,-0.0054396615951884,-0.0038592093505029,0.0314997678361304,0.096725891250518,0.0351498395829337,43.72249965667724,43.058399810791016,41.81081401824951,1,1,0.2911098027314054,0.3035885781541465,0,54.988111788594175,13.13379547405104,0.1333276079743705,3.0102500366506724,-0.0099277669164868,0.0642821423704771,0.0211016486586919,1,,
2026-02-20 05:00:00,43.91999816894531,44.45000076293945,43.91999816894531,44.31999969482422,1027100,0.0100273157702519,0.0081892770211344,0.035030359894685,0.1211738189588818,0.0455296138939573,43.7834997177124,43.11799980163574,41.8321443939209,1,1,0.3063871790653962,0.3041482983363965,1,60.20109388968575,13.460293242250572,0.13549512382502,3.770616680582972,0.0,0.06446054974333,0.0289801562269114,1,,
2026-02-23 05:00:00,44.209999084472656,44.27000045776367,43.84999847412109,43.900001525878906,788100,-0.0094764930468707,-0.0015919875569905,0.0185615563823784,0.1111111969334892,0.0432509414360593,43.80449981689453,43.16539985656738,41.85162071228027,1,1,0.2813609142366715,0.2995908215164515,0,53.7964711889805,13.617215060551253,0.1395493487294494,3.424889404769284,-0.0094764930468707,0.0645084054211419,0.0283979981772677,1,,
2026-02-24 05:00:00,43.810001373291016,44.11000061035156,43.720001220703125,43.95000076293945,1044300,0.0011389347453911,-0.0020436001525185,0.0108095958061491,0.1301106056236622,0.0302391214285389,43.80999984741211,43.20559989929199,41.87247819900513,1,1,0.2625355927348209,0.2921797757601254,0,54.41817219143367,13.485175351402276,0.1365729024493745,4.128763739674189,-0.008348351408675,0.0641158532241936,0.0135743014045555,1,,
2026-02-25 05:00:00,44.09000015258789,44.380001068115234,44.09000015258789,44.34999847412109,1068400,0.0091011991863019,0.005213045054498,0.0116331733521468,0.1256344354451586,0.0529439600851513,43.812499809265134,43.24479988098145,41.895237312316894,1,1,0.2767031999403357,0.2890844605961675,0,59.15340262424883,13.803359023339627,0.1371872257543756,4.037285822434839,0.0,0.0641579968107762,0.0110200645033851,1,,
2026-02-26 05:00:00,44.459999084472656,44.56999969482422,44.18999862670898,44.560001373291016,1676400,0.0047351275399134,0.0154968160579624,0.0058691228150846,0.1289587026898302,0.0576786195957361,43.83999996185303,43.29239990234375,41.91752178192139,1,1,0.3014022323007737,0.2915480149370888,1,61.419456301899295,14.393857554885304,0.1333447312675827,4.1320174053237695,0.0,0.0648218445133916,0.0149019763847728,1,,
2026-02-27 05:00:00,44.43000030517578,44.650001525878906,44.33000183105469,44.34000015258789,1309600,-0.0049371906176599,0.0004512738696162,0.0074983377332515,0.1032595587878661,0.0584865313591977,43.88500003814697,43.33719993591309,41.94062435150146,1,1,0.2997685878284954,0.2931921295153701,1,57.801699255289805,15.06639630338234,0.132415179957399,3.468452431596073,-0.0049371906176599,0.0648130352284204,0.0213479411848307,1,,
2026-03-02 05:00:00,42.91999816894531,43.18999862670898,42.790000915527344,42.90999984741211,3006900,-0.0322507961266282,-0.0225512902974091,-0.0122007089330569,0.0568965876873972,0.0211803755343367,43.875,43.35479995727539,41.95554410934448,1,1,0.1809984022840112,0.2707533840690984,0,40.9269168199214,15.08669262080213,0.1687935574310493,1.7379683194274107,-0.0370287584162397,0.0626871206761787,-0.0011769257010091,0,,
2026-03-03 05:00:00,40.83000183105469,41.72999954223633,40.59000015258789,41.56999969482422,4329000,-0.0312281556129789,-0.0541524693242361,-0.03572259090058,0.0158846909815406,-0.0074021338439513,43.7795000076294,43.35399993896485,41.964993419647215,1,0,-0.0210124208109476,0.2124002230930891,0,31.61325952013108,17.084677063864735,0.1984963943008034,0.5032277623182198,-0.067100574199241,0.061269568229846,-0.019224554917211,0,,
2026-03-04 05:00:00,41.880001068115234,42.130001068115234,41.68999862670898,42.09999847412109,2146600,0.0127495497519298,-0.0507328089608145,-0.0317387553506001,0.0389930404370142,0.0258283999743453,43.70900001525879,43.35719993591309,41.97453523635864,1,1,-0.1367644460176578,0.1425672892709397,0,37.65633805346378,18.32447418305291,0.2017033364707845,1.113823543419714,-0.0552065265564475,0.0616160077044309,-0.0172105081075314,0,,
2026-03-05 05:00:00,41.400001525878906,41.63999938964844,40.810001373291016,41.18000030517578,3326100,-0.0218526888904955,-0.0758528043973801,-0.0535508643125894,0.0070922210774295,0.0031668957498509,43.605500030517575,43.33879997253418,41.97952625274658,1,0,-0.299284952793279,0.054196840858096,0,32.317773024160886,20.0604971090848,0.2134540032668712,0.2608458508627075,-0.0758528043973801,0.0606074519449513,-0.04213193540601,0,,
2026-03-06 05:00:00,40.27999877929688,40.93999862670898,40.15999984741211,40.81999969482422,3597900,-0.008742122576097,-0.0793865684630185,-0.0561849781543533,-0.0031746291988568,-0.0125786273789144,43.5045000076294,43.3083999633789,41.97922533035278,1,0,-0.4519231768444669,-0.0470271626824165,0,30.49585740571221,22.042813879181946,0.2142303261534495,-0.006515687579633,-0.0839318124596946,0.0608755178054062,-0.0367999613802884,0,,
2026-03-09 04:00:00,40.16999816894531,41.31999969482422,39.720001220703125,41.09000015258789,3922800,0.0066144159672276,-0.0424143486668873,-0.0408496730571156,-0.0012153436510047,-0.0060474116854677,43.38250007629394,43.281399993896486,41.979241580963134,1,0,-0.5448229092926624,-0.1465863120044657,0,33.522808754771404,24.11391072751678,0.2150300268956922,0.0447798753353421,-0.0778725564129587,0.0607460369988387,-0.0417688813973257,0,,
2026-03-10 04:00:00,41.5,41.84999847412109,41.040000915527344,41.09999847412109,3170700,0.0002433273666602,-0.0113062599026588,-0.0558235785279074,-0.0074861476559603,-0.0141520789643274,43.22150001525879,43.25199996948242,41.97975046157837,0,0,-0.6106012049711609,-0.2393892905978047,0,33.63806410085411,25.236364383616195,0.2050881488416988,-0.1197916340209071,-0.0776481775703856,0.0608586257068538,-0.0370845160073911,0,,
2026-03-11 04:00:00,40.91999816894531,41.09999847412109,40.560001373291016,40.79999923706055,2047200,-0.0072992517809808,-0.0308788428545823,-0.0794223935469644,-0.0130624313868934,-0.0163934501610441,43.05049991607666,43.21499992370605,41.978956089019775,0,0,-0.6791100514936588,-0.3273334427769756,0,31.853534402539808,26.568763388434608,0.1910332446593579,-0.2648811803427701,-0.0843806557529459,0.0604903284926328,-0.0554391498829628,0,,
2026-03-12 04:00:00,40.40999984741211,40.58000183105469,40.09000015258789,40.34000015258789,5785700,-0.011274487575353,-0.0203982551326575,-0.0877431244008802,-0.0286539528458213,-0.0177745202741826,42.86499996185303,43.17159996032715,41.977730655670165,0,0,-0.7617410114735677,-0.414214956516294,0,29.287857908095603,28.072313094727264,0.1926252357295737,-0.6713045675237028,-0.0947037946734123,0.0607305208901401,-0.0520505352072147,0,,
2026-03-13 04:00:00,40.4900016784668,40.66999816894531,39.77000045776367,39.84000015258789,2175500,-0.012394645466255,-0.0240078282597485,-0.0955731931302886,-0.0500714960153509,-0.0374486412156893,42.65900001525879,43.1133999633789,41.96884107589722,0,0,-0.8576855982216642,-0.5029090848573681,0,26.764381761045016,29.64229426861197,0.1946412390736957,-1.2414609210263046,-0.1059246201803814,0.060319200896815,-0.055055623444578,0,,
2026-03-16 04:00:00,40.38999938964844,40.650001525878906,40.29999923706055,40.52000045776367,2959500,0.0170682806870323,-0.0138719808398034,-0.0782529276240145,-0.0441141533099765,-0.0191237203888867,42.48649997711182,43.07379997253418,41.96600732803345,0,0,-0.8688366250533406,-0.5760945928965626,0,34.970634666237814,31.10013393007634,0.2086805381821922,-1.062315834645183,-0.0906642906422551,0.0607306977684925,-0.0613894312480473,0,,
2026-03-17 04:00:00,40.810001373291016,40.93999862670898,40.66999816894531,40.7400016784668,2163500,0.0054294476361727,-0.0087590464481638,-0.0734591642611893,-0.0341393697555826,-0.0164171057590326,42.32150001525879,43.037399978637694,41.963880138397215,0,0,-0.8501219575285859,-0.6309000658229673,0,37.414064973091534,31.95485242833111,0.2107104263784386,-0.7985980257007547,-0.0857271000245951,0.0609002305139736,-0.0583204286196956,0,,
2026-03-18 04:00:00,40.52000045776367,40.59999847412109,39.720001220703125,39.7599983215332,2210400,-0.0240550642257724,-0.0254902189944813,-0.0971844347188722,-0.0555819533824041,-0.0337789344545113,42.10349998474121,42.97159996032715,41.956262741088864,0,0,-0.9039483751773574,-0.6855097276938453,0,31.700092693617208,33.32222502023911,0.2213009102312545,-1.3019626244011435,-0.1077199933533867,0.0602763463193673,-0.0679473507039342,0,,
2026-03-19 04:00:00,39.04999923706055,40.0,38.959999084472656,39.68999862670898,5975500,-0.0017605557791564,-0.0161130769315878,-0.1004079875889186,-0.0556745234487263,-0.0333658719133216,41.893999862670896,42.902799911499024,41.94647562026977,0,0,-0.9414026851710346,-0.7366883191892832,0,31.33201053800535,34.97046374307204,0.2203055523087105,-1.304315398229097,-0.1092909020757142,0.0603188726894982,-0.0642906990762217,0,,
2026-03-20 04:00:00,39.36000061035156,39.36000061035156,38.02999877929688,38.20000076293945,4926200,-0.0375408897788887,-0.0411646431568075,-0.129443941816653,-0.0819514491082171,-0.0784077187015599,41.58799991607666,42.801599960327145,41.930320510864256,0,0,-1.0788792227582746,-0.8051264999030816,0,24.745508906103822,36.89016857749586,0.2476082832382921,-1.809961178819308,-0.1427289141459431,0.0588988086583586,-0.0837453997891473,0,,
2026-03-23 04:00:00,39.310001373291016,39.959999084472656,38.93999862670898,39.31999969482422,5674600,0.0293193431810441,-0.0296150234299795,-0.1128158852533546,-0.0624701720952428,-0.046094164716439,41.35899982452393,42.72179992675781,41.91809320449829,0,0,-1.0849491966975435,-0.861091039261974,0,35.68927046512094,37.74921378459802,0.2716478309268127,-1.2689357042658922,-0.1175942889806017,0.0599957267568072,-0.0692644261381716,0,,
2026-03-24 04:00:00,38.619998931884766,39.150001525878906,38.540000915527344,38.95000076293945,1925800,-0.0094099423895334,-0.0439371831561178,-0.1127562776967432,-0.0748218010772123,-0.0555286329370605,41.10899982452393,42.63259994506836,41.90347490310669,0,0,-1.1068563651855283,-0.9102441044466848,0,33.933643521428706,38.74482382744599,0.2716357877784071,-1.5444364092958376,-0.1258976758854896,0.0596313438863597,-0.0756035047362024,0,,
2026-03-25 04:00:00,39.720001220703125,39.7599983215332,39.27999877929688,39.470001220703125,3017700,0.0133504607850598,-0.0072936899666069,-0.1019340037421354,-0.0677845753788771,-0.0436151978942354,40.86499996185303,42.54539993286133,41.89170249938965,0,0,-1.0699248354307471,-0.9421802506434974,0,38.51163962109863,38.78304814181179,0.2786231497813095,-1.370645726887679,-0.1142280070852691,0.0600925684062178,-0.0627502343906681,0,,
2026-03-26 04:00:00,38.869998931884766,39.27000045776367,38.63999938964844,38.66999816894531,2632400,-0.0202686350903427,-0.0256991809789901,-0.1280721646132669,-0.0888313048952614,-0.0623182202939481,40.57049980163574,42.44739990234375,41.87696290969848,0,0,-1.092614907866448,-0.9722671820880876,0,34.54557252011679,39.185481009470095,0.278524374415402,-1.808655711843964,-0.1321813963829035,0.0599451186021966,-0.0656641169923802,0,,
2026-03-27 04:00:00,38.31999969482422,38.540000915527344,37.97999954223633,38.08000183105469,3954500,-0.0152572114255861,-0.0031413332326732,-0.1454218882973463,-0.1054732886060001,-0.0655214274587806,40.257499885559085,42.33919990539551,41.86020780563354,0,0,-1.1450058131350789,-1.006814908297486,0,31.93365736372587,39.90016579549279,0.2770986835274736,-2.164985012834483,-0.1454218882973463,0.0600545667306867,-0.0735443093064096,0,,
2026-03-30 04:00:00,38.36000061035156,38.650001525878906,38.15999984741211,38.369998931884766,2391100,0.0076154697186381,-0.0241607520425414,-0.1346414343743454,-0.1003517571130014,-0.0686893635594384,40.03049983978271,42.24179985046387,41.84495185852051,0,0,-1.1498706475313512,-1.035426056144259,0,34.55296013774708,40.40201441066269,0.2818242305168808,-2.0406124888493054,-0.138913874565464,0.0607149084776838,-0.0632299773694231,0,,
2026-03-31 04:00:00,39.09000015258789,39.72999954223633,38.810001373291016,39.66999816894531,5435000,0.033880616972868,0.01848517052382,-0.0755069142388309,-0.0668078161543775,-0.0396999067980192,39.93549976348877,42.168399810791016,41.83565490722656,0,0,-1.0368745456258068,-1.0357157540405686,0,44.80653031934502,39.41637841462525,0.298904565717332,-1.2129304592715615,-0.1097397453689653,0.060998856799201,-0.0269315907122094,0,,
2026-04-01 04:00:00,40.290000915527344,40.459999084472656,39.97999954223633,40.20000076293945,3147700,0.0133602878360867,0.0184950473691249,-0.0329564335324097,-0.0596491049604805,-0.0338860809115522,39.84049987792969,42.12159980773926,41.83249992370605,0,0,-0.8942491928099585,-1.0074224417944466,1,48.35876232856747,37.67391817606795,0.286558156254644,-1.058109691748748,-0.0978456121180669,0.0613515679172148,0.0013383428305084,1,,
2026-04-02 04:00:00,39.150001525878906,40.04999923706055,39.09000015258789,39.900001525878906,3465300,-0.0074626674469399,0.0318076911087461,-0.0522564614721903,-0.0611764346852021,-0.0529313905933895,39.77649993896485,42.06319984436036,41.82634992599488,0,0,-0.7962463718472677,-0.9651872278050108,1,46.5331728212616,36.70676838413731,0.2824729111472253,-1.087730083614136,-0.1045780903006273,0.0608389376609044,-0.0126114961432439,0,,
2026-04-06 04:00:00,39.869998931884766,40.34000015258789,39.869998931884766,40.209999084472656,4723200,0.0077693620736503,0.0559347991333585,-0.0235551533150719,-0.0552162174104893,-0.0532140822056009,39.74599990844727,42.00539985656738,41.82539991378784,0,0,-0.685660352209787,-0.9092818526859662,1,48.68874894277068,35.487174239463094,0.2753195870312713,-0.964564752109318,-0.0976212332754936,0.0610231732223752,0.0068592436092105,1,,
2026-04-07 04:00:00,39.880001068115234,40.20000076293945,39.400001525878906,40.11000061035156,3071800,-0.0024869056552579,0.0453479730754144,-0.0173934122925208,-0.0682926522372159,-0.0546782860744221,39.69699993133545,41.93799987792968,41.82454992294311,0,0,-0.5991821768999444,-0.8472619175287619,1,48.01625707448811,34.696387193621845,0.2739500192212659,-1.2368048578047257,-0.0998653641336455,0.060844638198036,-0.0005072582293076,0,,
2026-04-08 04:00:00,42.04999923706055,42.130001068115234,41.47999954223633,41.7400016784668,2761000,0.0406382708379855,0.0521805799109398,0.0158189711235123,-0.0322281325115946,-0.016030092405245,39.729000091552734,41.89599990844727,41.83154993057251,0,0,-0.3945717585950135,-0.7567238857420123,1,58.16058396214696,32.325877966186894,0.3085542532281423,-0.4662252491486752,-0.0632854490106571,0.0617446503387401,0.0164391520704549,1,,
2026-04-09 04:00:00,41.43999862670898,41.81999969482422,41.18999862670898,41.619998931884766,1933900,-0.0028750057919604,0.0353233368655658,0.0126520797340443,-0.0379102971169582,-0.010696476496405,39.77000007629395,41.84239990234375,41.835899925231935,0,0,-0.2393407752219687,-0.6532472636380037,1,57.274439520911,30.145593177550285,0.3088302618328041,-0.5702716843014235,-0.065978508770165,0.0612139850506905,0.00583909576842,1,,
2026-04-10 04:00:00,41.959999084472656,41.959999084472656,41.43999862670898,41.59999847412109,1391200,-0.0004805492137665,0.0426064381761883,0.0196078248044146,-0.0394828641179512,-0.0174776021681609,39.8329999923706,41.79419990539551,41.8369499206543,0,0,-0.1165890068142871,-0.5459156122732604,1,57.11823845352541,27.99978536692541,0.3074834542532872,-0.5992181193739704,-0.0664273520634165,0.0612250862874095,0.0121466987051701,1,,
2026-04-13 04:00:00,41.130001068115234,41.970001220703125,41.11000061035156,41.93999862670898,1472800,0.0081730808908417,0.0430241129476764,0.0396628276665598,-0.0338631934086672,-0.0035638281144004,39.93799991607666,41.76419990539551,41.84089990615845,0,1,0.0080352000570158,-0.4351254498072051,1,59.15743916273593,26.297027054962363,0.3049894754441719,-0.4944022995366119,-0.0587971872943534,0.0611281156086497,0.006546868241569,1,,
2026-04-14 04:00:00,42.2599983215332,42.40999984741211,42.18999862670898,42.18999862670898,1573300,0.0059608967140212,0.0518573419273549,0.0589859052490098,-0.0374173656361502,0.0161367572629693,40.02149982452393,41.74579986572266,41.84364990234375,0,1,0.1255266988871639,-0.3229950200683313,1,60.63959048035558,24.531394482951807,0.3006489922364918,-0.5611485748796029,-0.0531867745408689,0.0607522352501526,0.0071790465871444,1,,
2026-04-15 04:00:00,42.34999847412109,42.43000030517578,42.2400016784668,42.36000061035156,775500,0.0040294379989613,0.0148538310242718,0.0454096774876848,-0.0277713815227865,0.0138822845380763,40.10249977111816,41.72339988708496,41.8439499092102,0,1,0.2297093510943852,-0.212454145835788,1,61.65852679186595,22.91078989180999,0.2962695086743205,-0.3855281560064659,-0.0493716493522847,0.0605194737586063,-0.0034780435207798,0,,
2026-04-16 04:00:00,42.560001373291016,42.619998931884766,42.220001220703125,42.36000061035156,872300,0.0,0.0177799542877903,0.0397643314958677,-0.0259830081513823,0.016558734622659,40.23249988555908,41.70039993286133,41.84419990539551,0,1,0.3087161657741859,-0.1082200835137932,1,61.65852679186595,21.593726461515462,0.2961397904339677,-0.3531454194078687,-0.0493716493522847,0.0603711230961525,-0.0086881020540589,0,,
2026-04-17 04:00:00,43.4900016784668,43.70000076293945,43.150001525878906,43.18999862670898,2980000,0.0195939094522719,0.0382211589160756,0.0862676169510339,-0.0011564072575585,0.0399711027258595,40.40749988555908,41.69919990539551,41.850099906921386,0,1,0.4333086268336004,8.565855568544445e-05,1,66.56019193678975,21.33188677267926,0.2861398534278338,0.0929641620940638,-0.0307451235269308,0.0608189902495364,0.0090026015726625,1,,
2026-04-20 04:00:00,42.91999816894531,43.0,42.68000030517578,42.9900016784668,1527600,-0.0046306310396245,0.0250358389637412,0.0831444486253298,-0.0080756454289074,0.0336619745309569,40.64699993133545,41.702199935913086,41.85419992446899,0,1,0.5100316403185658,0.1020748549082615,1,64.42298447737845,20.567109181773272,0.2870520887164608,-0.0279043546177142,-0.0352333852432344,0.0606586570938817,0.0056331358533945,1,,
2026-04-21 04:00:00,42.81999969482422,42.95000076293945,42.02000045776367,42.060001373291016,2144500,-0.021632944146676,-0.0030812338859775,0.1010471343785004,-0.0112834868807237,0.0164330663997915,40.78400001525879,41.67279998779297,41.85344993591308,0,1,0.4901418785013831,0.1796882596268858,1,55.49894914168583,19.180316870703116,0.2622908734759645,-0.0827321282811144,-0.0561041275348452,0.0597375303266474,0.0142400447036845,1,,
2026-04-22 04:00:00,42.41999816894531,42.470001220703125,42.150001525878906,42.31999969482422,1714900,0.0061816051603438,-0.0009443086626766,0.076297050439573,-0.0116767866315616,0.0105061751548991,40.95249996185303,41.63279998779297,41.85389993667602,0,1,0.489713676191414,0.2416933429397915,1,57.28058078425838,17.89258115328082,0.246737609967782,-0.0896829166583101,-0.0502693359387874,0.059504222926222,-0.0081923139722519,0,,
2026-04-23 04:00:00,42.04999923706055,42.27999877929688,41.43999862670898,41.91999816894531,2886500,-0.0094518319651081,-0.0103872151809819,0.0762515365296676,-0.0273781983051413,0.0055168997316537,41.07499980926514,41.58679992675781,41.85054992675781,0,1,0.4518884537851022,0.2837323651088537,1,53.71739565874825,17.229653207753877,0.2467655269991309,-0.3660655163405035,-0.0592460305876045,0.0591714269837502,-0.0077126704285918,0,,
2026-04-24 04:00:00,42.16999816894531,42.369998931884766,42.040000915527344,42.34999847412109,2341600,0.0102576413157937,-0.0194489506667506,0.0729667383923799,-0.025988985280866,0.0219594565050393,41.25899982452392,41.55279991149902,41.84599992752075,0,1,0.4514056007025999,0.3172670122276029,1,56.826531610955605,16.51318298389097,0.2454578999350487,-0.3407811343472942,-0.049596113802963,0.0593187079156512,-0.0128778068751438,0,,
2026-04-27 04:00:00,42.40999984741211,42.5099983215332,42.060001373291016,42.119998931884766,821400,-0.0054309220902775,-0.0202373275788404,0.0892164708119909,-0.0392336043502863,0.0137184044594591,41.46099967956543,41.51599990844726,41.842299919128415,0,1,0.4275355318048426,0.3393207161430509,1,54.7094989773864,15.684625810866292,0.2324103367968507,-0.5787257399269303,-0.054757683263196,0.0588950877950593,-0.0175165356516421,0,,
2026-04-28 04:00:00,41.869998931884766,41.9900016784668,41.720001220703125,41.88999938964844,2087200,-0.0054605780643127,-0.0040418920135968,0.1000524520848802,-0.0544018033615664,0.0072132540504903,41.63699970245361,41.47439987182617,41.83949991226197,1,1,0.3856141692500756,0.3485794067644558,1,52.59921758173959,15.2739976491618,0.2244282033989652,-0.8581401876696412,-0.0599192527234292,0.0588598958056843,-0.0198930904015979,0,,
2026-04-29 04:00:00,41.7599983215332,41.7599983215332,41.18000030517578,41.34000015258789,1156000,-0.0131296071872576,-0.0231568891612299,0.0774042560171954,-0.0606679907015341,-0.0105313221532936,41.72049980163574,41.420399856567386,41.83444992065429,1,0,0.3045007503975014,0.339763675491065,0,47.84644427766435,15.425736548959328,0.2323349203003447,-0.9681292896957784,-0.0722621436594742,0.0580960667243812,-0.0431334217404805,0,,
2026-04-30 04:00:00,41.88999938964844,42.41999816894531,41.7599983215332,42.2599983215332,1323300,0.0222544307099554,0.008110691017152,0.0652886380674302,-0.0271639121196991,0.0129433625366748,41.82349967956542,41.38319984436035,41.836649913787845,1,1,0.3108704243132223,0.3339850252554965,0,55.147187239883216,14.742032476935536,0.2162098790584561,-0.3542688554182418,-0.0516158658185414,0.0588038848700903,-0.035983820751531,0,,
2026-05-01 04:00:00,42.619998931884766,42.77999877929688,42.290000915527344,42.33000183105469,3345000,0.0016564957951219,-0.0004721757682852,0.0529851001913137,-0.018093221253854,0.0256845495888917,41.94499969482421,41.35219985961914,41.83739992141724,1,1,0.3179025522225487,0.3307685306489069,0,55.65585817545426,13.6942634573792,0.2129915923588898,-0.1968018205642989,-0.0500448714881094,0.0587386392798249,-0.0425894353819227,0,,
2026-05-04 04:00:00,42.040000915527344,42.130001068115234,41.34000015258789,41.47999954223633,3032600,-0.0200803744873634,-0.0151946677558901,0.0395989462640156,-0.0459981605578723,0.0117073059082031,42.0084997177124,41.295399856567386,41.83304992675781,1,0,0.2519827826477936,0.3150113810486842,0,48.46817575993475,13.68023127416768,0.2246295356793264,-0.6789590480169606,-0.0691203262148196,0.057770781713442,-0.0504307942483026,0,,
2026-05-05 04:00:00,42.31999969482422,42.4900016784668,42.02999877929688,42.38999938964844,1638200,0.0219382800736416,0.0119360230910758,0.0542153781350769,-0.0257411853617671,0.0407561960733811,42.12249965667724,41.26519981384277,41.83434991836548,1,1,0.2700572212913599,0.3060205490972194,0,55.1466705290426,13.24583414066914,0.2344077036553278,-0.3142440133429902,-0.0486984272164602,0.0585683272942174,-0.040228093665533,0,,
2026-05-06 04:00:00,43.27999877929688,43.5099983215332,43.20000076293945,43.470001220703125,1859100,0.0254777505686498,0.0515239733975156,0.0837696474500779,0.0050867334266617,0.0625764209933859,42.208999633789055,41.25559982299805,41.83959993362427,1,1,0.3672945233179803,0.3182753439413716,1,61.52049885709192,12.80897500554877,0.2464390263545312,0.2035177026697556,-0.0244614030295167,0.0592371533030121,-0.0264194996080319,0,,
2026-05-07 04:00:00,43.36000061035156,43.43999862670898,42.47999954223633,42.5,949500,-0.0223142671604331,0.0056791691433766,0.0182079130563446,-0.0079365114700484,0.053544864631676,42.252999687194816,41.21859985351563,41.83999994277954,1,1,0.3619128873760004,0.3270028526282973,1,54.08643172604543,12.105985155749122,0.2238057487625142,-0.0050051940899778,-0.0462298319076301,0.0580934402350968,-0.0591340315899782,0,,
2026-05-08 04:00:00,42.77000045776367,42.790000915527344,42.380001068115234,42.650001525878906,1195200,0.0035294476677389,0.0075596428297213,0.0247477804043156,-0.0202158804984048,0.0471397496985377,42.30549983978271,41.18039985656738,41.83719995498657,1,1,0.3655380762394173,0.3347098973505213,1,54.99217013052142,11.549555159454352,0.2235245490817131,-0.2083573036828108,-0.0428635500122975,0.0578211027469544,-0.0554265875833204,0,,
2026-05-11 04:00:00,42.5,42.66999816894531,42.43000030517578,42.52999877929688,1842500,-0.0028136633596416,0.0253133859365501,0.0223557773867308,-0.0403881075779063,0.0529833974247819,42.33499984741211,41.14419982910156,41.83634994506836,1,1,0.3546397791687212,0.3386958737141613,1,54.07315296584986,11.032870162894923,0.2238991454764953,-0.5534420724311397,-0.0455566097718054,0.0575273900737664,-0.060395116411678,0,,
2026-05-12 04:00:00,42.0,42.02999877929688,41.709999084472656,41.93999862670898,771600,-0.013872564531441,-0.0106157294036043,0.0,-0.0515604371563582,0.0360671714669686,42.3224998474121,41.1247998046875,41.831999931335446,1,1,0.2949942091300386,0.3299555407973368,0,49.67745611155833,11.26392799559882,0.2281669821236903,-0.73903808719842,-0.0587971872943534,0.0568154095787443,-0.0705519217624176,0,,
2026-05-13 04:00:00,41.880001068115234,42.18000030517578,41.869998931884766,42.15999984741211,443100,0.0052456182142797,-0.030135756533338,-0.000711040063364,-0.0429057757635175,0.0292968942812881,42.312499809265134,41.13659980773926,41.83444993972778,1,1,0.2624515469720023,0.3164547420322699,0,51.26825632814729,11.292365934399914,0.2279487579781732,-0.5907997032442799,-0.0538599966766933,0.0567956783366429,-0.0651261125984616,0,,
2026-05-14 04:00:00,42.400001525878906,42.56999969482422,42.20000076293945,42.25,546400,0.0021347284846684,-0.0058823529411764,-0.0025968037952455,-0.0388989790738338,0.0247392789010045,42.30699977874755,41.13959983825684,41.83624994277954,1,1,0.2411437577728961,0.3013925451803951,0,51.937618521214354,10.840099375727965,0.2276277360204876,-0.5228613565012913,-0.0518402446611147,0.0564711241630681,-0.066893337699628,0,,
2026-05-15 04:00:00,41.59000015258789,41.619998931884766,41.31999969482422,41.369998931884766,881700,-0.0208284276476978,-0.0300117830761967,-0.0233711441029788,-0.0591312762482744,-0.0074376528555956,42.21599979400635,41.14339981079102,41.83494993209839,1,0,0.1515020285191255,0.2714144418481412,0,45.374823851275096,11.284146883150315,0.2387605145187816,-0.853268856337531,-0.0715889215236496,0.0559681803757893,-0.0729312706896412,0,,
2026-05-18 04:00:00,42.18000030517578,42.38999938964844,41.84000015258789,42.34000015258789,1272100,0.0234469723410004,-0.0044674025902272,-0.0196804468892815,-0.0386012880926185,0.0264242461233428,42.1834997177124,41.17379981994629,41.84089992523193,1,1,0.1569224003733182,0.2485160335531766,0,52.499694044179776,10.801086817934516,0.2432819046039509,-0.4939046617187385,-0.0498204926455361,0.0573207862359096,-0.0575182849842443,0,,
2026-05-19 04:00:00,42.33000183105469,42.45000076293945,42.0,42.040000915527344,1377400,-0.0070854803018277,0.0023844132592478,-0.022098179247462,-0.0471441084930362,0.0288791064011104,42.182499694824216,41.19279983520508,41.84734992980957,1,1,0.1354492779252183,0.225902682427585,0,50.3139221743532,10.2860358941133,0.2439123663030577,-0.6331939757683399,-0.0565529708280966,0.0572962834211431,-0.055431060195326,0,,
2026-05-20 04:00:00,42.2599983215332,43.09999847412109,42.20000076293945,42.880001068115234,1654400,0.0199809736987337,0.017077827877348,0.0194959502627343,-0.022789425151738,0.071732138639891,42.21049976348877,41.22839988708496,41.855249938964846,1,1,0.1840905841575022,0.2175402627735684,0,55.85589820004121,9.991341157337006,0.2420447169097649,-0.2309885249515978,-0.0377019805520644,0.057848230783292,-0.0316266764465261,0,,
2026-05-21 04:00:00,42.52999877929688,43.220001220703125,42.36000061035156,43.04999923706055,2222500,0.0039645094382172,0.0189348931848649,0.0172495167178747,-0.0286552451829548,0.0890463082839052,42.26699981689453,41.27339988708496,41.86304992675781,1,1,0.2336630787663765,0.2207648259721301,1,56.90355947515653,9.840832235699436,0.2415715698265041,-0.3259739433836629,-0.0338869409715851,0.0579626251281564,-0.0259073679523053,0,,
2026-05-22 04:00:00,43.11000061035156,43.18000030517578,42.90999984741211,42.90999984741211,906500,-0.0032520184002213,0.0372250653925068,0.0236164532850624,-0.0225512902974091,0.0860542057787403,42.29499988555908,41.324799880981445,41.868399925231934,1,1,0.2586710582313856,0.2283460724239812,1,55.73053254739374,9.701073951321694,0.2391587167413871,-0.2296343801102752,-0.0370287584162397,0.057547876997513,-0.0274380738981171,0,0.520101,
