,open,high,low,close,volume,ret_1d,ret_5d,ret_21d,ret_63d,ret_126d,sma20,sma50,sma200,trend_sma,above_sma200,macd,macd_signal,macd_bullish,rsi,adx,vol_21,sharpe_63,drawdown,calmar_63,rs_ratio,rs_mom_21,rs_mom_63,rs_positive,score,score_pct
2024-05-28,39.61849156749453,39.64680956487457,39.35417705507175,39.47689437866211,156600,,,,,,,,,0,0,0.0,0.0,0,,0.0,,,0.0,,0.0763247946230026,,,0,,
2024-05-29,38.87275743780312,39.0049129082964,38.76891996785368,38.78779983520508,271600,-0.017455642200403,,,,,,,,0,0,-0.0549705048911661,-0.0109941009782332,0,0.0,7.142857142857142,,,-0.017455642200403,,0.0755213399413488,,,0,,
2024-05-30,39.00490961412088,39.19370467072359,38.97659161596864,39.08042907714844,176000,0.0075443630003926,,,,,,,,0,0,-0.0740684765466923,-0.023608976091925,0,3.163265853132515,10.092281206470124,,,-0.0100429709011752,,0.0765992416086643,,,0,,
2024-05-31,39.23146529571482,39.401380490430384,39.12762783217017,39.36362075805664,276700,0.0072463810555702,,,,,,,,0,0,-0.0655964002892872,-0.0320064609313975,0,6.253822540287743,10.350368901369018,,,-0.0028693650396849,,0.0764579196869668,,,0,,
2024-06-03,39.44857685226179,39.55241431184981,39.20314220215081,39.391937255859375,843200,0.0007193570423,,,,,,,,0,0,-0.0559523304590356,-0.0367956348369251,0,6.574895626048615,9.88989233137111,,,-0.0021520720953331,,0.0764505825737009,,,0,,
2024-06-04,39.25034218103718,39.34473790383638,39.07098526636629,39.26921844482422,256800,-0.0031153281504808,-0.0052606958350336,,,,,,,0,0,-0.0575483366807745,-0.040946175205695,0,6.4714509177902215,9.849788211036875,,,-0.0052606958350336,,0.0761273142305961,,,0,,
2024-06-05,39.59016614596503,39.67512373086699,39.3258552600326,39.627925872802734,3010400,0.0091345700827358,0.0216595434947854,,,,,,,0,0,-0.0295281098456072,-0.0386625621336774,1,10.884963024014567,10.473752733738673,,,0.0,,0.0759203870365725,,,0,,
2024-06-06,39.66569228257078,39.797847747802734,39.63737428315432,39.797847747802734,560300,0.0042879325944389,0.0183574921666813,,,,,,,0,0,0.0063165833710598,-0.02966673303273,1,12.979816844312197,11.592059663722258,,,0.0,,0.0762473550719765,,,0,,
2024-06-07,39.26921891394208,39.46745569573419,39.165385058008944,39.18426132202149,295100,-0.0154175780979292,-0.0045564770867384,,,,,,,0,0,-0.0146190166881154,-0.0266571897638071,1,11.8926584744772,11.396472302414557,,,-0.0154175780979292,,0.0751631782637614,,,0,,
2024-06-10,38.32525247191562,38.65564475242918,38.22141860189122,38.627323150634766,645000,-0.0142133130138586,-0.019410421484434,,,,,,,0,0,-0.0752830701022162,-0.0363823658314889,0,10.992657708238696,13.64962456831153,,,-0.0294117562483663,,0.0738666192757227,,,0,,
2024-06-11,38.00452904303121,38.11074147509498,37.73417280383433,38.0141830444336,529100,-0.0158732227912896,-0.0319597753684357,,,,,,,0,0,-0.1708654216181742,-0.0632789769888259,0,10.087575259220516,16.443288016795872,,,-0.0448181196800425,,0.0725194836088279,,,0,,
2024-06-12,38.59352957854634,38.71905003618188,38.41972805515908,38.49697113037109,693800,0.012700209429022,-0.0285393372860788,,,,,,,0,0,-0.2052916853622477,-0.0916815186635103,0,15.955395222755657,16.98697637754105,,,-0.0326871097571719,,0.072842228659008,,,0,,
2024-06-13,37.994872895811554,38.052807956552805,37.44450271041649,37.60865020751953,659600,-0.0230750860851683,-0.0550079379708182,,,,,,,0,0,-0.3007875304562972,-0.1335027210220677,0,14.128360247896609,18.82065346338469,,,-0.0550079379708182,,0.071018390114917,,,0,,
2024-06-14,36.39204376706531,36.50791390144856,36.131341489695096,36.353424072265625,903100,-0.0333759953714832,-0.0722442418013616,,,,,,,0,0,-0.4723104337786594,-0.2012642635733861,0,12.031802807074968,21.5969130156418,,,-0.0865479886591926,,0.0686063380991461,,,0,,
2024-06-17,36.72032939989696,37.0100010074469,36.517562221274,37.00034332275391,672400,0.01779527697865,-0.0421199217335389,,,,,,,0,0,-0.5497059257013461,-0.2709525959989781,0,18.72572833858756,23.07765604771896,,,-0.0702928571106781,,0.0692758567295034,,,0,,
2024-06-18,37.0775960870539,37.29967498779297,37.06793840079284,37.29967498779297,1939900,0.0080899699342782,-0.0187958282782366,,,,,,,0,0,-0.5802006549174195,-0.3328022077826664,0,21.69488153459193,23.87243710679498,,,-0.0627715542770197,,0.0696593125484657,,,0,,
2024-06-20,37.17414735050667,37.43484960509397,37.14518166110622,37.33829116821289,768400,0.0010352953593444,-0.0300979512968512,,,,,,,0,0,-0.5944000704814982,-0.3851217803224328,0,22.09031398919366,24.34318269823173,,,-0.061801246016517,,0.0699213820932848,,,0,,
2024-06-21,37.04862707316617,37.17415121248827,36.92310661717221,37.05828475952149,368500,-0.0074991757772187,-0.0146340122541276,,,,,,,0,0,-0.6210878723092819,-0.4323149987198026,0,21.25226255765071,25.013794607458827,,,-0.0688369633866066,,0.069490179392203,,,0,,
2024-06-24,37.47347102951542,37.69554989779205,37.396224284030914,37.42518997192383,444000,0.009900760782191,0.0294818418624798,,,,,,,0,0,-0.6056504024122447,-0.4669820794582911,0,25.25381408480889,24.62173712314918,,,-0.0596177409118788,,0.070407052080666,,,0,,
2024-06-25,37.07759247143369,37.463815167667285,37.04862309880356,37.4058837890625,409700,-0.0005158606509629,0.0109604514415193,,,,38.33040771484375,,,0,0,-0.588193614061197,-0.4912243863788723,0,25.1813044413222,24.66503408194477,,,-0.060102847116206,,0.0701007763429525,,,0,,
2024-06-26,36.76861381606334,37.02931239335297,36.70102106701926,36.96172332763672,306900,-0.0118740801294916,-0.0090604451718909,,,,38.20464916229248,,,0,0,-0.6032451857624466,-0.5136285462555872,0,23.50894331715878,25.083935714456786,,,-0.0712632612230292,,0.0691820602373604,,,0,,
2024-06-27,36.89413600485606,36.92310537962288,36.5948140377802,36.66240310668945,301200,-0.008098113237146,-0.0181017406093516,-0.0712946475722248,,,38.0983793258667,,,0,0,-0.6320405352248955,-0.5373109440494489,0,22.42795176979557,25.586049373656213,0.210676822641181,,-0.0787842765011429,,0.0685138102802513,-0.1023387534985554,,0,,
2024-06-28,36.31480284402264,36.51757006620532,36.25686777340118,36.478946685791016,1018300,-0.0050039387861338,-0.0156331594268303,-0.0595252414218779,,,37.96830520629883,,,0,0,-0.6620329533058893,-0.562255345900737,0,21.767296025494048,26.40368388560977,0.2045597542425011,,-0.0833939835903553,,0.0684402754393552,-0.0937624320158089,,0,,
2024-07-01,37.21277158600664,37.30932634179332,36.78792182055842,36.96172332763672,701000,0.0132343909489511,-0.0123838154097494,-0.0542139838160219,,,37.84821033477783,,,0,0,-0.6394746546944106,-0.5776992076594718,0,27.79498687061113,25.64994390459104,0.2090980368983826,,-0.0712632612230292,,0.0692036353854299,-0.0965493400185039,,0,,
2024-07-02,36.70101990048633,36.8844790873088,36.67205421133656,36.84585571289063,491800,-0.0031348001206278,-0.0149716573822972,-0.0639617239643965,,,37.7209062576294,,,0,0,-0.6237563141700662,-0.5869106289615907,0,27.252279201503057,25.09298307809328,0.2060287544061817,,-0.0741746652637788,,0.0685255289683981,-0.1037484507954884,,0,,
2024-07-03,37.42519127909337,37.56037308841282,37.39622559018876,37.54106140136719,575800,0.0188679479693378,0.0156740006031399,-0.0469861596922827,,,37.63449840545654,,,0,0,-0.5488750373090525,-0.5793035106310831,1,35.4021959761142,23.48165035945189,0.2193846290226997,,-0.0567062410192809,,0.0695082752527598,-0.0908077752612087,,0,,
2024-07-05,37.946596880540966,38.03349763310432,37.56037417840322,37.83073043823242,1154200,0.0077160587914193,0.0318671781591368,-0.0366314396761668,,,37.54463863372803,,,0,0,-0.4608448825562163,-0.5556117850161097,1,38.4940864257412,22.276941256208268,0.2220066552866045,,-0.0494277309174067,,0.0696430108356898,-0.0851770939306334,,0,,
2024-07-08,37.83073274894954,37.87901012924959,37.41554064837871,37.50244140625,689700,-0.008677840162733,0.0280571346885312,-0.0536360261037908,,,37.42986831665039,,,0,0,-0.4128118934059372,-0.5270518066940753,1,36.36946185521652,20.940645505732245,0.219634115083944,,-0.0576766451316319,,0.0689590929955635,-0.0916920251954935,,0,,
2024-07-09,37.07759227607195,37.09690027995332,36.7493009601729,36.84585571289063,419500,-0.0175078119914066,-0.0031348001206278,-0.0741746652637788,,,37.312948036193845,,,0,0,-0.4228520068649501,-0.5062118467282503,1,32.505246102769505,20.107421361851507,0.2240424058003185,,-0.0741746652637788,,0.067685946938375,-0.1122846572909919,,0,,
2024-07-10,37.16449684676294,37.33829468285291,37.08725008998686,37.29967498779297,762500,0.0123166979331019,0.0123166979331019,-0.0480954921860269,,,37.24656562805176,,,0,0,-0.3896972589347598,-0.4829089291695522,1,37.45193476669518,18.973437727751037,0.2261493518719836,,-0.0627715542770197,,0.0678482276986978,-0.0973209320579027,,0,,
2024-07-11,37.64727288880047,37.753481639880825,37.57968014418193,37.63761520385742,689300,0.0090601383571049,0.0025719518544757,-0.0256219656463841,,,37.22773723602295,,,0,0,-0.3323221285463162,-0.452791569044905,1,40.92407089071822,17.90231911418502,0.2250008765997639,,-0.054280134886555,,0.0690584213677327,-0.0650929737293432,,0,,
2024-07-12,38.01418845596819,38.39075718083553,38.01418845596819,38.168678283691406,552300,0.0141099024727675,0.0089331567628798,0.0040641472967397,,,37.21132259368896,,,0,0,-0.2412189501806168,-0.4104770452720474,1,45.997351009084426,17.69779304980839,0.2242330209950316,,-0.0409361198232454,,0.069593854762654,-0.0403426596630877,,0,,
2024-07-15,37.8983204595441,37.93694383573087,37.666583885751415,37.73417663574219,269700,-0.0113837226618054,0.0061792038278758,-0.019814402853816,,,37.2175989151001,,,0,0,-0.2017539823495298,-0.3687324326875439,1,42.76168911044118,16.98709652589367,0.2229533153084953,,-0.0518538370501325,,0.0686129161963358,-0.0580612721567135,,0,,
2024-07-16,37.40588655269829,37.685896831073954,37.37691717792783,37.67624282836914,337100,-0.0015353139391988,0.0225367846508717,0.0017972626105069,,,37.28373985290527,,,0,0,-0.1731564453794476,-0.3296172352259247,1,42.33408115347737,15.91298152786453,0.2078852785566896,,-0.0533095390705073,,0.0681037132993245,-0.0410411558312735,,0,,
2024-07-17,37.55071869323852,37.82107496890938,37.55071869323852,37.67624282836914,353900,0.0,0.0100957405312354,0.0363877348519889,,,37.317534828186034,,,0,0,-0.1487776748714964,-0.293449323155039,1,42.33408115347738,15.100020449538045,0.1684371814481992,,-0.0533095390705073,,0.0690721864769532,0.0067901653216619,,0,,
2024-07-18,37.89831840339225,37.9755651515748,37.444502966139005,37.54106140136719,356600,-0.0035879752558597,-0.0025653538877866,0.0146138665227129,,,37.329604148864746,,,0,0,-0.1387657300478011,-0.2625126045335915,1,41.21865939697352,14.55920575970706,0.1587942738272124,,-0.0567062410192809,,0.069357363324646,0.0011765512400794,,0,,
2024-07-19,37.33829637711703,37.44450883083959,37.20311822995315,37.280364990234375,282200,-0.0069443004912833,-0.0232733574596054,-0.0005176988154699,,,37.32670783996582,,,0,0,-0.1501365327971058,-0.2400373901862943,1,39.08016521262122,13.671654762842705,0.1585649427742261,,-0.0632567563331951,,0.0693361511197454,-0.0046391705128505,,0,,
2024-07-22,37.77279256239066,37.89831668081807,37.65692612871095,37.84038162231445,227000,0.0150217582962712,0.0028145568829416,0.0134470656902747,,,37.36581268310547,,,0,0,-0.1126606323031822,-0.214562038609672,1,45.60841122215121,13.492133547119968,0.1668747040810738,,-0.0491852257411672,,0.069659517666202,-0.0037451265870778,,0,,
2024-07-23,37.47347650721104,37.52175388853204,37.27070561233789,37.29967498779297,332200,-0.0142891432734026,-0.0099948352677201,0.0065137992715502,,,37.35953693389892,,,0,0,-0.1251485827349725,-0.1966793474347321,1,41.03597167007724,12.706661954060063,0.1726309114416482,,-0.0627715542770197,,0.0687720209481258,-0.0103346753506556,,0,,
2024-07-24,37.18380103073035,37.27070178150738,36.826544025681535,36.84585571289063,333700,-0.0121668426079009,-0.0220400722880268,-0.0154797947443369,,,37.331535530090335,,,0,0,-0.1697085022081026,-0.1912851783894062,1,37.62638707319454,12.265211003979454,0.1741911834327087,,-0.0741746652637788,,0.0695105644267158,-0.0127329241525853,,0,,
2024-07-25,36.53687659659448,37.01000373153296,36.42101015504276,36.71067810058594,248900,-0.0036687331502902,-0.0221193346640702,-0.0185854635168342,,,37.3189832687378,,,0,0,-0.2134695192759252,-0.19572204656671,0,36.64957239299082,12.387124572877246,0.1744946630304396,,-0.0775712713607041,,0.0696182872913596,-0.0068827918428806,,0,,
2024-07-26,37.11621340950282,37.38657335760853,37.11621340950282,37.34794998168945,174200,0.0173593056319312,0.001812884382242,0.0104493681376578,,,37.353260612487794,,,0,0,-0.1944860119985776,-0.1954748396530835,1,44.0269693125662,11.899707978403018,0.1804759527007049,,-0.0615585491365808,,0.0700423501725965,0.0124351592346989,,0,,
2024-07-29,36.87482396047351,36.96172471727986,36.68171444163983,36.90379333496094,300000,-0.0118923969574306,-0.0247510264748812,0.0065841354580338,,,37.374502944946286,,,0,0,-0.2128278284063682,-0.1989454374037405,0,40.48800584673604,12.013578291921489,0.1832262343065913,,-0.0727188673915558,,0.0691687386073767,0.0095590702727876,,0,,
2024-07-30,37.01000551793739,37.04862521143355,36.83620400555685,36.97138214111328,184500,0.0018314866859043,-0.0088014934925606,0.0134991687003418,,,37.37498588562012,,,0,0,-0.2193811093928417,-0.2030325718015607,0,41.26175739341965,11.975288428455398,0.1822247014473874,,-0.0710205643430932,,0.0696482908008334,0.0176506502015556,,0,,
2024-07-31,37.34795106912114,37.40588613468661,37.15483786723085,37.18380355834961,244900,0.0057455633231549,0.0091719364069686,0.0060083840989859,,,37.391883277893065,,,0,0,-0.2050700784842689,-0.2034400731381024,0,43.73760250517591,11.359074218622895,0.177520760057092,,-0.0656830541696177,,0.0689280544523307,-0.0039821742248694,,0,,
2024-08-01,36.6334311589014,36.68171221901233,36.04444126882216,36.15065002441406,1195900,-0.0277850417403991,-0.0152551820110056,-0.0188679479693383,,,37.32236270904541,,,0,0,-0.2739375575053557,-0.2175395700115531,0,35.827676598937344,12.141351011779534,0.2024022927091147,,-0.0916430895082771,,0.067975472732963,-0.0080270264778068,,0,,
2024-08-02,36.1989361948509,36.36308003575202,36.0154769805164,36.26652526855469,661200,0.0032053433081389,-0.0289553968468136,-0.0339504554542531,,,37.24415245056152,,,0,0,-0.3155281548410826,-0.237137286977459,0,37.19947779479858,12.898167019187468,0.1900950597688805,,-0.0887314937638308,,0.0694871111798222,-0.0003044827807998,,0,,
2024-08-05,35.532691179154654,35.93822925222001,35.38785904710315,35.73545837402344,792000,-0.014643445728497,-0.031658939511529,-0.0553854509267276,,,37.1558032989502,,,0,0,-0.3868819289004435,-0.2670862153620559,0,33.649206866112095,14.226761956434178,0.1920948276414542,,-0.1020756046789888,,0.0705234770501687,0.0126425638971328,,0,,
2024-08-06,35.320275131572515,35.87064541692915,35.27199406385521,35.67753219604492,1576900,-0.0016209720153085,-0.0349959852766651,-0.0486610775665646,,,37.09738712310791,,,0,0,-0.4429978637554796,-0.3022685450407407,0,33.27615593183451,15.568338909909343,0.1908513116815546,,-0.103531114995667,,0.0697659431982432,0.0117004178510826,,0,,
2024-08-07,36.17961969352554,36.39204088977724,35.78373930733602,35.80305099487305,491600,0.0035181468869094,-0.0371331717399446,-0.0283018184227638,,,37.02255592346192,37.55979377746582,,0,0,-0.4719020354447352,-0.3361952431215396,0,34.95883085621925,15.896942060475578,0.1835028530419664,,-0.1003772057786779,,0.0704825031693848,0.0413166448503097,,0,,
2024-08-08,36.00581901736804,36.20858621617996,35.8899488894802,36.16030883789063,213300,0.0099784189640359,0.0002671822904996,-0.0305462755446318,,,36.94869060516358,37.49346206665039,,0,0,-0.4606707518785597,-0.3610903448729436,0,39.62573321047232,16.202073557429937,0.1814839104420795,,-0.0914003926283408,,0.0695773652790391,0.0254853758011202,,0,,
2024-08-09,36.13133726476349,36.334108134559614,36.06374820260732,36.31479644775391,301200,0.0042722978544198,0.0013310119687997,-0.0351461894952349,,,36.8559965133667,37.44400199890137,,0,0,-0.4342977061110744,-0.3757318171205698,0,41.57788775186293,16.260130726254676,0.178739430279251,,-0.0875185844752401,,0.0695678516211038,0.0073768013123032,,0,,
2024-08-12,36.23755403416396,36.26652340950078,36.06375251545537,36.17962265014648,176800,-0.0037222788182748,0.0124292312546887,-0.0521122481308137,,,36.778268814086914,37.38598587036133,,0,0,-0.4194688967734947,-0.3844792330511548,0,40.34854290228459,16.314040954449077,0.1693673879895213,,-0.0909150947203174,,0.0692725008826075,-0.004617561150227,,0,,
2024-08-13,36.2085823147729,36.64308603921567,36.19892831348638,36.61411666870117,209100,0.0120093573876158,0.0262513804909432,-0.0296829046477744,,,36.72516250610352,37.33099578857422,,0,0,-0.3684101199231762,-0.3812654104255591,1,45.88700103833708,15.664730074482726,0.1732332183392488,,-0.0799975691971267,,0.0689701674201943,0.0052067634443095,,0,,
2024-08-14,36.78792277185735,36.91344690428824,36.77826876936017,36.86516952514648,277500,0.0068567230152492,0.0296655871709237,-0.0215274465375285,,,36.68460884094238,37.28046043395996,,0,0,-0.3041813903106458,-0.3658486064025765,1,48.84257959035055,14.596403141279476,0.1755601341994208,,-0.0736893673557553,,0.0692246841790144,0.0164597615222985,,0,,
2024-08-15,37.0775938028766,37.24173762592149,37.05828211487229,37.17414855957031,229400,0.0083813268297348,0.0280373634590567,-0.0133265482730343,,,36.66626319885254,37.23855903625488,,0,0,-0.2257453812834242,-0.337827961378746,1,52.29596126339365,14.03274758355346,0.1785237508823325,,-0.0659256551977054,,0.0686285683830121,-0.0064225286119924,,0,,
2024-08-16,37.251396388900574,37.47347528238094,37.251396388900574,37.46381759643555,120600,0.0077922171210202,0.0316405779758321,-0.0020575818063798,,,36.6754358291626,37.19527687072754,,0,0,-0.1386125692040849,-0.2979848829438138,1,55.33975219100447,13.862500706251314,0.1804485471595994,,-0.0586471450958312,,0.0690086211984851,-0.0050281918089727,,0,,
2024-08-19,37.69555485452582,37.93694544091496,37.69555485452582,37.888668060302734,125800,0.0113402875393993,0.0472377898100973,0.0163169826858644,,,36.67785015106201,37.15709327697754,,0,0,-0.0348752854806733,-0.2453629634511857,1,59.42857795281027,14.350930103958303,0.1827308337190367,,-0.0479719330451835,,0.0691302114404604,-0.0029701631249949,,0,,
2024-08-20,37.927284240722656,37.98521930208629,37.86935286268672,37.927284240722656,223300,0.0010192013178838,0.0358650622082061,0.002296557663598,,,36.7092306137085,37.131953735351566,,0,0,0.0498782963358905,-0.1863147114937704,1,59.78894152423655,14.868822233461389,0.1753203327513364,,-0.0470016247846808,,0.0693133727603403,-0.0049690970804637,,0,,
2024-08-21,38.120398138149646,38.40041208162762,38.05280907363121,38.35213470458984,197500,0.0112017106516426,0.0403352323777888,0.0282163240602313,,,36.78454456329346,37.12644996643066,,0,0,0.1496034667133656,-0.1191310758523432,1,63.61773427447177,15.88288569551282,0.1710205078160619,,-0.0363264127340332,,0.0698497665269214,0.0156712797433795,,0,,
2024-08-22,38.36178957235936,38.36178957235936,37.95625517609721,37.97556686401367,162900,-0.0098186931047439,0.0215584844709788,0.0306604672157961,,,36.84778900146485,37.12567764282227,,0,0,0.1959912400775252,-0.0561066126663695,1,58.31736574764969,16.60981510272948,0.1688563834041825,,-0.0457884279405453,,0.0697110657879803,0.0028844732152313,,0,,
2024-08-23,38.25557876172059,38.709394238788754,38.22661307027471,38.69008255004883,271100,0.0188151420778985,0.0327319806759349,0.0539190380531624,,,36.914895629882814,37.12953987121582,,0,0,0.287099821057069,0.0125346740783181,1,64.38135574959566,17.72220266513416,0.1779156669915159,,-0.0278348016398717,,0.0702759775138446,0.0094470899540008,,0,,
2024-08-26,38.66111642616031,38.738359496928,38.583869672064665,38.651458740234375,124700,-0.0009982870872526,0.0201324226736501,0.0349017485346314,,,37.002278900146486,37.15039604187012,,0,0,0.3521282934512015,0.0804533979528948,1,63.84068992769886,18.79086771314297,0.1698632284222704,,-0.0288053016040711,,0.0703735926737243,0.0047291745681223,,0,,
2024-08-27,38.58386824383156,38.66111499506782,38.47765580254562,38.60317993164063,139600,-0.0012490811515862,0.0178208301608968,0.0460491034418886,-0.0221322994316831,,37.08386878967285,37.195391159057614,,0,0,0.3952123677929648,0.1434051919209088,1,63.12706418392198,19.51492702707565,0.1630029824495168,-0.3849428114453869,-0.030018402596358,,0.0701893134819964,0.0147548573989877,-0.0803864742946477,0,,
2024-08-28,38.47765758075427,38.55490433556041,38.236266996977065,38.41006851196289,90900,-0.0050024744080593,0.0015105758211191,0.0389135133049232,-0.0097384054998486,,37.14518203735352,37.2235856628418,,0,0,0.4090589524705521,0.1965359440308375,1,60.22704680189906,19.59059729142408,0.164903892066514,-0.1211039585775743,-0.0348707107136582,,0.0702459809882493,0.0085815485282338,-0.0698525603120437,0,,
2024-08-29,38.62249497088265,38.69974172882192,38.43903944576909,38.45835113525391,170900,0.0012570303871233,0.01271302342817,0.0342769554196966,-0.0159178892500511,,37.26056709289551,37.24675918579101,,1,0,0.4190973810420715,0.2410482314330843,1,60.71300775449112,19.888836691486382,0.1643071055677891,-0.2583612402255896,-0.0336575138695226,,0.0703280021028029,0.0203102736845759,-0.0818707780150143,0,,
2024-08-30,38.62249257554521,38.69008164288618,38.32316693208668,38.50662612915039,234000,0.0012552538648029,-0.0047416911210029,0.0651710578688138,-0.0217712347696279,,37.372572135925296,37.27012588500977,,1,0,0.4260372048657217,0.2780460261196118,1,61.22316255116839,19.869952274418463,0.1247814214684276,-0.3900201527118836,-0.032444508729084,,0.0697504215035931,0.0261116061318593,-0.0877279712923845,0,,
2024-09-03,38.41006624920961,38.44868962433737,37.91763110797801,38.00453186035156,281800,-0.0130391654442748,-0.016737450563784,0.0479231627217353,-0.0352205423789214,,37.4860258102417,37.289050827026365,,1,0,0.3865661598676411,0.2997500528692177,1,53.44920502723336,18.89545185031197,0.1366362600197629,-0.6839025917209591,-0.0450606248562821,,0.0702873777368495,0.0115167625109104,-0.0806168459332522,0,,
2024-09-04,37.792111303652106,38.05281359059543,37.7824573004297,37.86935806274414,253800,-0.0035567810203298,-0.0190093632233395,0.0597137908904468,-0.0356477780184745,,37.59561710357666,37.29793418884277,,1,0,0.3404531446341678,0.3078906712222077,1,51.55136961474229,17.69730666730412,0.1241772403545103,-0.6933476475117282,-0.0484571351013589,,0.0701810328445727,-0.0048557476165325,-0.0781096961862015,0,,
2024-09-05,37.76314458414068,37.82107596855676,37.560377372028206,37.68589782714844,1212500,-0.0048445562581688,-0.0188536681362312,0.0562921678570065,-0.0490065529012998,,37.68975944519043,37.30353446960449,,1,0,0.2858099014306816,0.3034745172639025,0,49.007950383216254,16.748555893856253,0.1261086504829746,-1.000255133076623,-0.0530669380424195,,0.070011322987831,0.0035171858694791,-0.0778323751944916,0,,
2024-09-06,37.68589711464461,37.80176724794228,37.10656118146837,37.15483856201172,697400,-0.0140917238478036,-0.0338941357277091,0.0377562115399674,-0.0664108572538809,,37.73948593139649,37.307396774292,,1,0,0.1973774486941906,0.2822551035499602,0,42.475163003976114,16.71051554585471,0.1386922250317801,-1.3873079873100158,-0.0664108572538809,,0.0702063183565897,-0.003918487573169,-0.0792294592997242,0,,
2024-09-09,37.34795015504969,37.57002904262346,37.33829246936116,37.45416259765625,151300,0.0080561253185087,-0.0273320110664643,0.0357810483745053,-0.0441528987913555,,37.7964542388916,37.32323196411133,,1,0,0.1497211486962868,0.2557483125792255,0,46.78122375605473,16.675192365567565,0.1374184394869521,-0.8888168326640946,-0.0588897461239189,,0.069988306179864,0.0059062440662538,-0.0688485000692465,0,,
2024-09-10,37.454164553039554,37.454164553039554,37.12587320571999,37.36726379394531,167500,-0.0023201374075407,-0.0167682125054955,0.0289817773784188,-0.0326209339377623,,37.85583629608154,37.340998306274415,,1,0,0.1037452694993703,0.2253477039632545,0,45.71141460953483,17.018297399157117,0.1377674271052408,-0.637695211470657,-0.0610732512285571,,0.0695231038957337,-0.0006432241951898,-0.0588021412456405,0,,
2024-09-11,37.38657327173017,37.53140540610226,36.98103519216706,37.521751403808594,164400,0.0041343035100234,-0.0091791009068495,0.0370962618001955,-0.0129538924997919,,37.90121803283692,37.35219886779785,,1,0,0.0788657971888966,0.1960513226083829,0,47.988597101284896,17.58417855255277,0.1367734994021179,-0.2013154032538629,-0.0571914430754564,,0.0691016158088919,-0.0024668529580762,-0.047130338356683,0,,
2024-09-12,37.34794839169591,37.68589370828107,37.23208195219924,37.647274017333984,104600,0.0033453292777971,-0.0010248876115837,0.0282174593472026,-0.0220717913146875,,37.94032325744629,37.36822723388672,,1,0,0.0684877775438081,0.170538613595468,0,49.829990150669175,17.67945661920558,0.1318046612626388,-0.4135324502901952,-0.0540374380066189,,0.0687536672312047,-0.0031390410823651,-0.0561289996623084,0,,
2024-09-13,37.71486312760834,37.92728431972876,37.66658206804089,37.75348281860352,117300,0.0028211551577581,0.0161121479667489,0.0240962758316114,0.0038510451793623,,37.96928997039795,37.37247566223144,,1,0,0.0680488599454491,0.1500406628654642,0,51.39791781995788,17.130640689299536,0.1304176938275249,0.1743602021714676,-0.0513687308458051,,0.0685893998049722,-0.0091771364734486,-0.0342022722004031,0,,
2024-09-16,37.84038621145873,38.091434478759766,37.80176651776685,38.091434478759766,64000,0.0089515359888787,0.0170147144377323,0.024675371319387,0.047808712682448,,38.00067081451416,37.37768974304199,,1,0,0.0938885998458545,0.1388102502615423,0,56.09936342761979,16.211820527444203,0.1308294583565295,1.2552232199111768,-0.0428770238997957,,0.0691013167548061,0.0068885069721347,0.0072147657107806,1,,
2024-09-17,38.13005838211553,38.13005838211553,37.8210750450196,37.95625686645508,73100,-0.0035487666493647,0.0157622745876619,0.0131443964233475,0.0258352614558934,,38.00405025482178,37.386766052246095,,1,0,0.1022800554831775,0.1315042113058693,0,53.85527652545678,15.2616202079228,0.1295143348358871,0.7341007996202574,-0.0462736299967209,,0.0688279789481396,-0.0026176765628442,-0.006465135221821,0,,
2024-09-18,37.94659901061071,38.3038560430573,37.71486611298568,37.85004425048828,473000,-0.0027982900511105,0.0087494009313853,-0.0010194026813764,0.0147553366852508,,38.00018825531006,37.40684982299805,,1,0,0.0992161718115411,0.1250466034070037,0,52.09204570548312,14.400146133724402,0.1239564568479558,0.4553446178274321,-0.0489424330093828,,0.0688395378099255,-0.0042047264788903,-0.0117683437942323,0,,
2024-09-19,38.59352644902247,39.04733822699819,38.458348315866814,38.921817779541016,1898200,0.0283163084819619,0.0338548751662655,0.0262221131496287,0.0424102593285313,,38.02867240905762,37.439292678833006,,1,0,0.1811826279840005,0.1362738083224031,1,64.66415171274127,15.08523190463496,0.1581813889594889,1.0918618302038323,-0.0220119935583723,,0.0696011195749289,0.0041513895966864,-0.0045803230538067,0,,
2024-09-20,38.51628022119363,38.54524591202772,38.226612262869054,38.33282470703125,347400,-0.0151327226247733,0.0153453892243882,-0.000503492118687,0.034392847801254,,38.04653530120849,37.45319686889648,,1,0,0.196351399793734,0.1482893266166693,1,55.97138014293635,15.125817715182311,0.1635825350662336,0.8939140545579961,-0.0368116147902085,,0.0686665721293388,-0.0169391317453665,-0.0118521389650726,0,,
2024-09-23,38.17833613815342,38.28454858580551,38.11074706843446,38.2748908996582,222600,-0.0015113367672698,0.0048162119229386,0.0078820162636776,0.0227039843584446,,38.02577571868896,37.45532112121582,,1,0,0.2013766420787988,0.1589067897090952,1,55.18555367175041,14.874839992389528,0.1597698216683311,0.6238232393732156,-0.0382673168105833,,0.0683918795252256,-0.0189236278034654,-0.0286217430766965,0,,
2024-09-24,38.69973915112845,38.87353697825928,38.62249239833439,38.85422897338867,416500,0.0151362436342212,0.0236580785637796,0.0042425968755044,0.0387197156600713,,38.03591423034668,37.47772216796875,,1,0,0.2492339102398517,0.1769722138152465,1,61.07146107770483,15.655577034348308,0.1548663867352253,0.9865119780614788,-0.0237102966068349,,0.0692289960807539,-0.0148981411590383,-0.0124360999646222,0,,
2024-09-25,38.84457417714562,38.86388586678066,38.458351434429176,38.49697113037109,877800,-0.009194825182666,0.0170918394599883,-0.0039969412513394,0.0415361532016675,,38.0306037902832,37.49413673400879,,1,0,0.2553894472735649,0.1926556605069102,1,56.17198599198444,15.967398046507022,0.1582622660348762,1.05479944166858,-0.0326871097571719,,0.0687440668286265,-0.0231553596055953,-0.0063310258068516,0,,
2024-09-26,39.414255986915215,39.74254734286514,39.34666691510154,39.68461227416992,235200,0.0308502489657396,0.0195981210063078,0.0280140740852001,0.0824334716599368,,38.09433097839356,37.5343041229248,,1,0,0.3520423444859517,0.2245329973027185,1,65.9511518875463,17.453868505989774,0.1910946341224888,1.878290954818123,-0.0028452662654117,,0.0705849867127858,0.0056372289620836,0.0302300576199532,1,,
2024-09-27,39.79082302940394,39.95497054204774,39.62667920008814,39.70392227172852,357200,0.0004865865243988,0.0357682371486121,0.0336852760198191,0.0884064886444122,,38.156609535217285,37.57756134033203,,1,0,0.4252960689506437,0.2646856116323036,1,66.08365945360586,19.06775408734668,0.1897239792553038,2.0075702977936905,-0.0023600642092359,,0.070721912539576,0.0067752139642871,0.0333376376055423,1,,
2024-09-30,39.26941899101773,39.26941899101773,38.8252611941916,39.00872039794922,1648000,-0.0175096522963508,0.0191726084919439,0.0143107867718954,0.0553815376022237,,38.18171424865723,37.61212844848633,,1,0,0.4223842099368653,0.296225331293216,1,57.41976657776976,18.829104901113308,0.201011272050411,1.293905457997262,-0.0198283926018859,,0.0692062710442951,-0.0159499918235714,3.8085555051470266e-05,1,,
2024-10-01,38.81560104686365,38.81560104686365,38.21695351619726,38.42937469482422,794100,-0.0148516971901353,-0.0109345697956182,-0.0020061854826509,0.0429768545551674,,38.20295639038086,37.623908309936525,,1,0,0.3690737319994426,0.3107950114344613,1,51.37496477108356,17.579916140366493,0.2081218957484951,1.0170864149297227,-0.034385604509331,,0.0687947259992209,-0.0137016448613569,0.0039284195959579,1,,
2024-10-02,38.31351328037474,38.37144834576652,38.139711767527366,38.265235900878906,459600,-0.0042711804511204,-0.0060195704412018,0.0068598145475204,0.0192901977855464,,38.2227502822876,37.64321952819824,,1,0,0.3100066021098158,0.3106373295695322,0,49.77614313364499,16.349453613549567,0.2033700671356325,0.517033657461944,-0.0385099178386711,,0.0684719905313583,-0.0258280684803439,-0.0149087963646503,0,,
2024-10-03,37.92728501619262,37.92728501619262,37.60865138049702,37.724517822265625,462300,-0.0141307917195111,-0.0493918004883744,-0.0038247345053628,-0.0028075750781554,,38.224681282043456,37.66079277038574,,1,0,0.2170618917700508,0.2919222420096359,0,44.82697458360946,15.99074875569404,0.2091800280765537,0.0255944818383548,-0.0520965339300686,,0.0676280631320793,-0.0363769185065633,-0.0289325185604683,0,,
2024-10-04,37.86935489569999,38.120399475097656,37.82107383364115,38.120399475097656,91600,0.0104940149188168,-0.0398832837167432,0.0115295554305783,0.0164778090619099,,38.27295932769776,37.68898719787597,,1,0,0.1733486250144338,0.2682075186105955,0,48.83784815136085,15.328889067120146,0.2115319524727065,0.4517901174729606,-0.0421492208155324,,0.0677223345208725,-0.0326945466714905,-0.0179346685254473,0,,
2024-10-07,38.033497809349136,38.11074456013132,37.81141892584208,37.93694305419922,72700,-0.0048125524240185,-0.0274753268709205,0.0210498692083445,0.0296122133737517,,38.297098350524905,37.700767059326175,,1,0,0.1224901559460391,0.2390640460776843,0,47.12805370268786,14.729103547743088,0.2057584482400491,0.7479808633416248,-0.0467589279047447,,0.0680112701999779,-0.0312656781895721,0.0048063634523585,1,,
2024-10-08,37.850045246332535,37.89832262766394,37.705209419010224,37.85969924926758,158000,-0.0020361104167324,-0.0148239582371701,0.0108275455512842,0.0150141860929857,,38.321720123291016,37.71988517761231,,1,0,0.0750859788643296,0.2062684326350133,0,46.39160549359121,14.342599734238982,0.2044077277835007,0.4266123618222974,-0.0486998319812951,,0.0672369033771543,-0.039312321627542,-0.0090101737698781,0,,
2024-10-09,37.734172873382434,37.93694005315381,37.72451518863474,37.84038162231445,91900,-0.0005102424830671,-0.0111028788549738,0.0126612917386206,0.0053873343823402,,38.33765163421631,37.73726516723633,,1,0,0.035549266136087,0.1721245993352281,0,46.19718010634207,13.906091392479484,0.2041789368432528,0.2089300900397205,-0.0491852257411672,,0.0667403219415184,-0.0400267220288197,-0.033567222944042,0,,
2024-10-10,37.80176362105345,37.83072930993474,37.58933874705018,37.82107162475586,181600,-0.0005103013429231,0.0025594443100673,0.007977245457601,-0.0091071180498296,,38.3463415145874,37.75001052856445,,1,0,0.0026276906476212,0.1382252175977067,0,45.9896948578449,13.737494684947835,0.2038217568599821,-0.1287158305215277,-0.0496704277973427,,0.0668232017701029,-0.0329719357806361,-0.0398117477757239,0,,
2024-10-11,37.89832110655311,38.03349924218668,37.85969772970695,37.98522186279297,290100,0.0043401794551389,-0.003546070192496,0.0089766883334867,0.0066529933718757,,38.35792846679688,37.78670196533203,,1,0,-0.0101009058107308,0.1085599929160192,0,48.122705670783546,13.141724354631942,0.2040284615550066,0.2393157649043849,-0.0455458269124576,,0.0667137268223753,-0.0296702778336108,-0.0276797646747148,0,,
2024-10-14,37.80176634776568,38.04315692806219,37.77279697346709,37.98522186279297,56300,0.0,0.0012726067180683,0.0061382163151118,0.0082008982644941,,38.35261783599854,37.8210758972168,,1,0,-0.0199583428557588,0.0828563257616636,0,48.122705670783546,12.75616735093036,0.203858689728156,0.275404872406005,-0.0455458269124576,,0.0661725521281069,-0.0352364604988143,-0.0283561802677323,0,,
2024-10-15,37.69555181342053,37.69555181342053,37.06793486611084,37.23208236694336,1549900,-0.0198271711712001,-0.0165774397253396,-0.0225602454613672,-0.0117888735203538,,38.31640911102295,37.8510083770752,,1,0,-0.0875334645074588,0.0487783677078391,0,39.76605563241419,13.571928481650634,0.2127743904555703,-0.1849910932857939,-0.0644699531773306,,0.0653684259509496,-0.0540205451815334,-0.0536215909024302,0,,
2024-10-16,37.33829134477213,37.454161469577336,37.29967165316483,37.44450378417969,407500,0.0057053327058851,-0.0104617823912567,-0.0134827067926096,-0.0025720534684717,,38.29613208770752,37.88634780883789,,1,0,-0.1225341052868671,0.0145158731088978,0,42.7839736154881,14.329420960176604,0.2137907052474845,0.0273450491625619,-0.0591324430038551,,0.0654568664754749,-0.0489788095507608,-0.0562376748797928,0,,
2024-10-17,37.83073034475068,37.86935371986735,37.4831273353562,37.55071640014648,558900,0.0028365342101732,-0.0071482698134978,-0.0079082562852734,0.0072518445026736,,38.22757701873779,37.92130111694336,,1,0,-0.140087058409712,-0.0164047131948241,0,44.28706253554296,14.070584185914646,0.2139385487760235,0.251253791794535,-0.0564636399911933,,0.0656369065597012,-0.0465231370243526,-0.05335232054712,0,,
2024-10-18,37.88866905603709,37.91763474850005,37.792110608947006,37.89832305908203,953600,0.0092569914041427,-0.0022877003068411,-0.026296169573996,0.001531206459435,,38.20585193634033,37.95606140136719,,1,0,-0.1245136322699664,-0.0380264970098525,0,49.00837255521386,13.7242477730384,0.1907572959925274,0.1204429624192236,-0.0477293320170957,,0.0659906750777767,-0.051873368118243,-0.0526682169406599,0,,
2024-10-21,37.62796607122803,37.66658576601475,37.30932872677313,37.36726379394531,410900,-0.0140127378277086,-0.0162683811899214,-0.0251888797777228,0.0018120481257399,,38.16047058105469,37.97711074829102,,1,0,-0.15325697331361,-0.061072592270604,0,43.01142950627015,14.220499382560051,0.189763422176538,0.1268952224952246,-0.0610732512285571,,0.0651729855171202,-0.0508775449812491,-0.052332843813334,0,,
2024-10-22,37.23208479181361,37.33829355417806,37.18380372862398,37.290016174316406,226300,-0.0020672538416212,0.0015560184574709,-0.0257316141781763,0.0120545568241581,,38.08225994110107,37.99931861877442,,1,0,-0.1801923700183252,-0.0848965478201483,0,42.20247451553848,14.874595005025451,0.1897866661551636,0.3639569567876508,-0.0630142511569558,,0.0650728230051358,-0.0485299796281454,-0.0638426900742347,0,,
2024-10-23,36.971381707670126,37.2031145992421,36.76861450671267,36.93275833129883,582700,-0.0095805226081837,-0.0136667708518832,-0.0494533206000783,0.0060494723116908,,38.00404930114746,38.00569145202637,,0,0,-0.2277413279049795,-0.1134655038371145,0,38.58777980884462,16.074942237941148,0.1821859531702991,0.2246940277882561,-0.0719910643072926,,0.0650437234697793,-0.0604554861100772,-0.0657092266926261,0,,
2024-10-24,37.309326953893326,37.309326953893326,36.98103562217365,37.10655975341797,154400,0.0047058879426249,-0.0118281803733251,-0.0361174226472116,-0.0064632791997909,,37.87514667510986,38.0105192565918,,0,0,-0.2485349412607433,-0.1404793913218403,0,41.22521033054107,16.916942339846226,0.1819688714486713,-0.0704171045563256,-0.067623958246168,,0.0652087831525475,-0.051426746178578,-0.0690092066890707,0,,
2024-10-25,37.18380291105645,37.251395661370175,36.85551157855624,36.93275833129883,249800,-0.0046838462868584,-0.0254777691951679,-0.0693430976182734,0.0007848785645145,,37.73658847808838,38.00569145202637,,0,0,-0.2758584276628255,-0.1675551985900374,0,39.40283277383966,17.882108570092534,0.1383047749835277,0.1010761868604568,-0.0719910643072926,,0.0649257859655971,-0.0801757003966917,-0.0613420560676106,0,,
2024-10-28,37.27070650579304,37.53140879116971,37.21277512015034,37.483131408691406,115600,0.0149020301287965,0.0031007786758223,-0.0559337903151812,0.0138417672789421,,37.66030902862549,38.006077728271485,,0,0,-0.2502176267594791,-0.1840876842239257,0,47.341260200131416,18.04479967402507,0.1517447109057602,0.4068661815449326,-0.0581618471878073,,0.06569023544353,-0.0711473561073487,-0.0568291814744158,0,,
2024-10-29,37.251395572802025,37.32863864203306,37.04862468899877,37.10655975341797,190000,-0.0100464299838651,-0.0049197195313847,-0.0487624465792846,-0.0020773508231999,,37.59416828155518,37.99043556213379,,0,0,-0.2573171013811262,-0.1987335676553658,0,43.17374661595487,18.46592192829319,0.1445971253148097,0.0353756474069959,-0.067623958246168,,0.0649252016678499,-0.0618595585608874,-0.0580729111866801,0,,
2024-10-30,36.63343101336434,37.029311394738095,36.60446532407505,36.95206832885742,127800,-0.0041634531896025,0.0005228420088576,-0.0384421130371857,0.0221688490774614,,37.5285099029541,37.97093124389649,,0,0,-0.2722710814470161,-0.2134410704136959,0,41.557426819065945,19.515718460244862,0.1375090149774976,0.6219559615085559,-0.0715058622511171,,0.0648510781435848,-0.0573248573688746,-0.0459635580859031,0,,
2024-10-31,36.7203319256122,36.7203319256122,36.32445154250215,36.60446548461914,170800,-0.0094068575849332,-0.0135311457633195,-0.0434015465254618,0.0093182408174479,,37.472507286071775,37.93597785949707,,0,0,-0.3086133601678185,-0.2324755283645204,0,38.10114455410794,20.853653422738205,0.1397901280425843,0.3078105448418335,-0.0802400743733661,,0.0655255413311464,-0.0430314523843522,-0.0570115778510911,0,,
2024-11-01,36.88448086757924,36.923104243861616,36.60446691452387,36.65274429321289,228600,0.0013189322109903,-0.0075817255666127,-0.028410529568655,0.0256687883946729,,37.39912452697754,37.909521408081055,,0,0,-0.3297183931220218,-0.2519241013160207,0,38.86170162340581,21.5430772738411,0.1330840933744183,0.712510365422619,-0.079026973381079,,0.0653362096878255,-0.0338890889094037,-0.0735537664805313,0,,
2024-11-04,36.83620135301829,36.91344441777636,36.60446479208871,36.63343048095703,158700,-0.0005269404141025,-0.0226688885320117,-0.0390071723962912,0.0267927243302461,,37.33394889831543,37.86838836669922,,0,0,-0.3440369037575763,-0.2703466618043318,0,38.657069288786886,22.183259697338237,0.1260271251444243,0.7400745038379021,-0.0795122712891028,,0.0654427460865332,-0.0336608070360705,-0.0619671563734963,0,,
2024-11-05,36.79758346633968,37.12587482800454,36.78792577972494,37.06793975830078,127800,0.0118610043241682,-0.0010407861945118,-0.0229065187107174,0.0353290775026091,,37.29436092376709,37.83671798706055,,0,0,-0.3166727528861344,-0.2796118800206923,0,45.597508680058354,22.183905175314663,0.1340877050745092,0.9399421455184974,-0.0685943623585191,,0.0654278214456815,-0.037985597779605,-0.0717154115760583,0,,
2024-11-06,36.18927339917171,36.266520148687,35.95754051728132,36.15065002441406,344800,-0.0247461752627162,-0.0216880499708725,-0.0451416482101764,-0.0002671109231912,,37.20987434387207,37.78766738891601,,0,0,-0.3647989068680033,-0.2966492853901545,0,36.268351266378325,23.35971118030344,0.1572324967261912,0.076108897801167,-0.0916430895082771,,0.0622605871450966,-0.074011680819741,-0.1051603219610095,0,,
2024-11-07,36.61411703692034,36.874819274207816,36.53687397586896,36.826541900634766,260500,0.0186965345232863,0.0060669214281776,-0.0267925342772396,0.0140919267884951,,37.16014785766602,37.75599685668945,,0,0,-0.3444300298975236,-0.3062054342916284,0,45.170078939697945,23.03568606069481,0.1730394113831407,0.4100449483456211,-0.0746599631718027,,0.0629379907527896,-0.056972023480207,-0.0953006412275481,0,,
2024-11-08,36.218242176878974,36.22789986305576,35.87064282440385,36.07341003417969,165400,-0.0204507897724194,-0.0158060268120354,-0.0462086745694492,-0.0029357027018732,,37.06455726623536,37.70829803466797,,0,0,-0.3846252748384628,-0.3218894024009953,0,38.68595953137888,23.57148267303976,0.1853365484283697,0.0201964254258171,-0.0935838977329791,,0.0613849617389582,-0.0813825121677683,-0.1138624857360905,0,,
2024-11-11,36.17962348075168,36.22790086298395,36.06375334340044,36.08306503295898,97400,0.0002676486301167,-0.0150235847632164,-0.0500762332442022,-0.0145040133167039,,36.96944942474365,37.65982681274414,,0,0,-0.4109638825124904,-0.3397042984232943,0,38.80723309179937,24.06900592414375,0.1840624331010776,-0.248031211630001,-0.0933412967048915,,0.0613429358261003,-0.0805050362510043,-0.1105874014720856,0,,
2024-11-12,35.561660057495,35.561660057495,34.94369711269116,35.136810302734375,362600,-0.0262243445605375,-0.0520970269229479,-0.07498736140985,-0.0468832571414911,,36.8646858215332,37.6024723815918,,0,0,-0.502400902531285,-0.3722436192448924,0,32.10500176164807,25.6204226207579,0.2013934755803465,-0.9658184816236208,-0.1171178269389127,,0.0599204033292125,-0.0944825097087158,-0.1344069815579233,0,,
2024-11-13,34.905076762656265,34.96300814024659,34.56712776562608,34.885765075683594,223000,-0.0071447927369561,-0.034989272609932,-0.0630186962989465,-0.0615584639475914,,36.7367488861084,37.54280052185059,,0,0,-0.5883406268972919,-0.4154630207753723,0,30.59530371917259,27.346192056728,0.1931637110705098,-1.3107604058618512,-0.1234258370765876,,0.0594633989603108,-0.0903345446174538,-0.1335474371481997,0,,
2024-11-14,35.26233538565556,35.358890141633445,35.02094481238299,35.04025650024414,219100,0.0044284946661019,-0.0485053797668642,-0.0642082826839687,-0.0646907136453172,,36.61122589111328,37.4898876953125,,0,0,-0.6366434810436346,-0.4596991128290247,0,32.692869370982706,28.125321186877684,0.1924861200736104,-1.3890060351789055,-0.1195439330716385,,0.0601132616490082,-0.0816355122723274,-0.1289021486734499,0,,
2024-11-15,35.1561218121596,35.20439918859415,34.953354621137834,35.03059768676758,201800,-0.0002756490517269,-0.0289080612679544,-0.0671124003740463,-0.0754333820599424,,36.46783962249756,37.44740287780762,,0,0,-0.6680029048140383,-0.5013598712260275,0,32.62647962517164,28.91033680196243,0.1915796041268518,-1.6617928199272542,-0.1197866299515747,,0.0608764272553601,-0.0725274781195096,-0.1193947481588276,0,,
2024-11-18,35.00163217470244,35.22371105408744,34.97266648536067,35.136810302734375,383000,0.0030319955404847,-0.0262243445605375,-0.0728663574914004,-0.0735743144770735,,36.35631694793701,37.40105583190918,,0,0,-0.6764868839323697,-0.536385273767296,0,34.20865187012991,29.59680042620526,0.1876391574489747,-1.615544001232482,-0.1171178269389127,,0.0608118350373412,-0.0784783612886472,-0.1226536436539343,0,,
2024-11-19,34.64437288921665,35.078876617410806,34.61540351845204,35.01128387451172,799000,-0.0035725049354548,-0.0035725049354548,-0.0630493025238668,-0.0871099055062063,,36.24238033294678,37.35393623352051,,0,0,-0.6854381281262363,-0.566195844639084,0,33.21586985573734,30.578884236325692,0.1837344044129919,-1.963835342483792,-0.1202719278595985,,0.0603739014815592,-0.0736360931984662,-0.1356606545235912,0,,
2024-11-20,34.847140829032746,34.8761065171025,34.567126899933186,34.80851745605469,585300,-0.0057914590959814,-0.0022143020071745,-0.0665459276462008,-0.0833970278653072,,36.13616828918457,37.29967155456543,,0,0,-0.7008150493729772,-0.5931196855858627,0,31.61955261495288,31.536516091890007,0.1839407620201569,-1.8794396098631216,-0.1253668370049863,,0.0600039192270968,-0.0778958641096447,-0.1392482879318877,0,,
2024-11-21,34.56712978555009,34.72161960703134,34.422297649783346,34.62506484985352,298300,-0.0052703366764405,-0.0118489900434297,-0.0624836482762686,-0.105066141819079,,36.01209354400635,37.23922737121582,,0,0,-0.7195103944413432,-0.6183978273569588,0,30.205168481866902,32.566576120690584,0.1826612876166051,-2.4889817287878966,-0.1299764482423501,-3.28541447684427,0.0593689654844022,-0.0872452818297483,-0.1552025658738602,0,,
2024-11-22,34.412636860069355,34.654027414568525,34.402982858553514,34.59609603881836,413400,-0.0008366427950613,-0.0124034894247135,-0.0676555232088947,-0.1049213363115471,,35.895260429382326,37.17607963562012,,0,0,-0.7282690982163231,-0.6403720815288316,0,29.977137799168887,33.54247657529967,0.1807121499133589,-2.485187551659213,-0.1307043471784619,-3.262279011357816,0.0591360096813125,-0.0931281520317377,-0.1596846567790427,0,,
2024-11-25,34.914732542509384,34.96300992073574,34.63471859213752,34.69265365600586,1536600,0.0027909974894033,-0.0126407787986934,-0.0606535979576315,-0.1013006255588171,-0.1211909092130156,35.75573654174805,37.10810401916504,,0,0,-0.7191293656351405,-0.6561235383500934,0,31.82461950996509,33.61575974067213,0.1818260522624659,-2.388218579442738,-0.1282781451938877,-3.1497016356774745,0.0591005799485067,-0.0897209934459164,-0.1579832168658252,0,,
2024-11-26,34.7892056083073,34.79886329317083,34.31608218316567,34.42229461669922,854000,-0.007792976633825,-0.0168228408853433,-0.0816590470689024,-0.1038210565550454,-0.1125484105067383,35.62152328491211,37.03742477416992,,0,0,-0.7253405028950226,-0.6699669312590792,0,29.479327624656776,34.06403728663753,0.1704499735531704,-2.448472412124944,-0.1350714532395863,-3.121843057305524,0.0583354192967476,-0.1119620914299341,-0.1695550624240572,0,,
2024-11-27,34.49953648122476,34.64437228252897,34.45125910856584,34.5864372253418,416200,0.0047684970008636,-0.0063800542781882,-0.0679158225613744,-0.1006781049009357,-0.1149934112272687,35.50324172973633,36.972152633666994,,0,0,-0.7088467926183668,-0.6777429035309368,0,32.721065575642854,34.48029500789111,0.1715430767124489,-2.3619892206481814,-0.1309470440583979,-3.027336199771983,0.0587917279573112,-0.0944698445746365,-0.1640352889397945,0,,
2024-11-29,34.654029679895736,35.02094437805133,34.61540630465245,35.00163269042969,381700,0.0120045745788373,0.0108755851349042,-0.0527828542930182,-0.0910231248763532,-0.1108126738248329,35.42310009002686,36.893748931884765,,0,0,-0.6547253381482463,-0.6731393904543987,1,40.20825227206258,33.864378765825926,0.1794631461727971,-2.089199312178112,-0.1205144330358379,-2.737016168765694,0.0591301771420104,-0.0882159736636585,-0.15226064778742,0,,
2024-12-02,34.85679721788863,34.88576659127001,34.45126282382747,34.7602424621582,795900,-0.0068965419529554,0.0047446516264628,-0.0503824601191311,-0.0853658561067024,-0.1175797667329049,35.32847499847412,36.82229728698731,,0,0,-0.6241174323354954,-0.6633349988306181,1,37.58914225647829,33.530638876597564,0.1784568029471103,-1.9627703446043163,-0.126579842145425,-2.566905154508371,0.0586173199523248,-0.1054279177017317,-0.1660334779911185,0,,
2024-12-03,34.914731068894106,35.01128582127162,34.7505872531868,34.92438507080078,870000,0.0047221364701719,0.0066795528843843,-0.0471549744975619,-0.0777666467718823,-0.1106422166289916,35.243022727966306,36.75528717041016,,0,0,-0.5799304327063268,-0.6466540856057599,1,40.43064307897448,32.89116223253167,0.1797347743211115,-1.7689128312797224,-0.1224554329642366,-2.338401037038316,0.0588668114775036,-0.0990170418705409,-0.1612148027534206,0,,
2024-12-04,35.175435632025774,35.26233638820771,34.95335674030038,35.04991149902344,3577500,0.0035942344573334,0.0182328601074648,-0.0432260632199528,-0.0699462260449602,-0.1155249555193415,35.14212131500244,36.67920082092285,,0,0,-0.5286885904867233,-0.6230609865819526,1,42.58353681947261,31.661725287837186,0.1807924123801489,-1.5745135458777748,-0.1193013320435508,-2.1032452125682983,0.0587138091890855,-0.1028217380815622,-0.1613669520387314,0,,
2024-12-05,35.42647665348066,35.53268908739587,35.35888759250328,35.436134338378906,477700,0.0110192243813862,0.0245673501292156,-0.0440220155358501,-0.0462578843066234,-0.1095967158089508,35.10639553070068,36.61798408508301,,0,0,-0.4517071076539807,-0.5887902107963583,1,48.72400195531563,29.88796728869925,0.179998676263849,-1.001367738113397,-0.1095967158089508,-1.3909495795942814,0.0594586349778227,-0.091233153358383,-0.1530871242126336,0,,
2024-12-06,36.01547167288657,36.01547167288657,35.78373879243234,35.938228607177734,361400,0.0141689910080016,0.0267586350908748,-0.0058760054685841,-0.0404743794905556,-0.0828402171006217,35.06197986602783,36.543056411743166,,0,0,-0.3461932166682615,-0.5402708119707389,1,55.401544278827416,28.243999510190573,0.1683574921867438,-0.8528455598692589,-0.0969805996817526,-1.2170427156493784,0.0601870111437753,-0.0333047935524418,-0.1400418951546016,0,,
2024-12-09,36.25686197924745,36.363074416748994,36.00581741333008,36.00581741333008,465400,0.0018806938675559,0.0358333217188537,-0.0222862219732485,-0.0364342004842171,-0.0678666167749086,35.05860023498535,36.4690943145752,,0,0,-0.2541887167821883,-0.4830543929330287,1,56.22791319621671,27.31914607020296,0.1540083769141965,-0.7571651817242984,-0.0952822966332901,-1.0955567165686235,0.0606123353623433,-0.0369515353545544,-0.1281698893472042,0,,
2024-12-10,35.81270734647979,35.822361349217765,35.53269338381424,35.58097076416016,368900,-0.0117993890901815,0.0188002077066873,-0.0136510318695387,-0.0517241484482366,-0.0640080118893869,35.03349552154541,36.400539321899416,,0,0,-0.21309958242594,-0.4290634308316111,1,49.96133719301472,25.496274151922734,0.1427661639701606,-1.1120979369184478,-0.1059574128320893,-1.5553171879208805,0.0600839549921715,-0.0211942259134955,-0.1304985521852297,0,,
2024-12-11,35.745118183566646,35.81270725253924,35.561662665402174,35.7547721862793,270700,0.0048846734191467,0.0201101987739826,-0.0090982527781332,-0.0502692925438192,-0.0712315505239427,35.06439361572266,36.34704727172851,,0,0,-0.164614254514241,-0.376173595568137,1,52.30326142943433,23.80360737066252,0.1440164685372817,-1.0762781162456982,-0.101590306770965,-1.51157045719697,0.059914268425156,-0.0232898439193453,-0.1285662156219764,0,,
2024-12-12,35.65821848227088,35.85133169219729,35.474762958671256,35.48441696166992,290800,-0.0075613745544468,0.0013625251228015,0.0098929486182897,-0.0601021597884338,-0.056482570741794,35.094326210021975,36.291430892944334,,0,0,-0.1463180268654866,-0.330202481827607,1,48.50065909488711,22.151766031490137,0.1130178826627572,-1.3078894361169509,-0.1083835189648153,-1.807239460764965,0.0597692005718499,-0.0025233935180964,-0.1285942034512878,0,,
2024-12-13,35.803053343741816,35.803053343741816,35.46510431466435,35.58097076416016,198800,0.0027210198379343,-0.0099408862613283,0.0199280619750876,-0.0659062529136167,-0.0212484333406924,35.121361923217776,36.24855995178223,,0,0,-0.1226136360375775,-0.2886847126696011,1,49.90152305179455,20.63851395725925,0.1097367683527637,-1.4561814489415603,-0.1059574128320893,-1.98176540403737,0.0599437460508098,0.0080780294920499,-0.1325238234821247,0,,
2024-12-16,35.281649152219906,35.49407036455214,35.23337177138658,35.33958053588867,533500,-0.0067842507690835,-0.0185035898447551,0.0085422900840479,-0.0689392618395668,-0.044885064237875,35.13681106567383,36.19294357299805,,0,0,-0.1219007140141599,-0.2553279129385129,1,46.49628460358606,19.72703992555428,0.1121231178110682,-1.526797982404371,-0.1120228219416766,-2.072966343157104,0.0592839251380876,-0.0137962321153514,-0.1386653212241383,0,,
2024-12-17,35.39989368389396,35.55554022642836,35.3317985534668,35.3317985534668,800600,-0.0002202058514523,-0.0070029626888188,0.0085982223138885,-0.0665321731292031,-0.0527585410588751,35.14656047821045,36.1408406829834,,0,0,-0.1205737598697567,-0.2283770823247617,1,46.38638919746516,18.73004904512679,0.1121188928187901,-1.468745026122014,-0.1122183597122412,-2.0005864866220917,0.0595160798726515,-0.0223460449970622,-0.1354375440901011,0,,
2024-12-18,35.40962126972498,35.54581152130834,34.504924643171535,34.53410720825195,481400,-0.0225771508350393,-0.0341399176498113,-0.0171530394845066,-0.1127313887584005,-0.0751020968615783,35.12270164489747,36.07432884216309,,0,0,-0.1817935611142758,-0.2190603780826645,1,36.78802756561985,19.2896163592662,0.1369757320166379,-2.6972256606621823,-0.1322619397135965,-3.389771930795473,0.0599593739863167,-0.0140180122915394,-0.138528599072783,0,,
2024-12-19,34.76757752911014,34.79676009307211,34.52437960034467,34.55356216430664,376200,0.0005633548288179,-0.02623277700656,-0.0130735482836235,-0.0985907657890756,-0.0675887351902142,35.109953880310066,36.00859245300293,,0,0,-0.226134109058016,-0.2204751242777348,0,37.12971736296224,19.809214579538505,0.1366652949434159,-2.3603991601638787,-0.131773095287185,-2.9645710408454047,0.0600115822636203,-0.0060012556592791,-0.1260437152653578,0,,
2024-12-20,34.3492801622582,34.90377119733158,34.3492801622582,34.6702995300293,306000,0.0033784466321462,-0.025594333560122,-0.0039708076105191,-0.0941763982836354,-0.0736105933987572,35.112215614318856,35.9455770111084,,0,0,-0.2489844452633249,-0.2261769884748529,0,39.25164943848416,20.561370859548195,0.1359585547258737,-2.241328459588301,-0.1288398370250193,-2.8318333958384203,0.0594996839815517,-0.0084033718470413,-0.130018294648477,0,,
2024-12-23,34.641115349655564,34.806488168490986,34.51465138113631,34.777305603027344,248400,0.0030863902085809,-0.0159106283757476,0.0043968366220825,-0.1049286905977112,-0.0702717840021669,35.1212760925293,35.88141868591308,,0,0,-0.2555136037575138,-0.2320443115313851,0,41.21035922057187,21.259801690985764,0.1350754634232299,-2.5719478603818864,-0.1261510968279077,-3.155149014313369,0.0593280476289194,-0.0006892128766088,-0.1430173628443969,0,,
2024-12-24,34.75784990339085,35.030230414687225,34.65084221369409,34.9913215637207,187100,0.0061538971171686,-0.0096365598040772,0.0114239920151362,-0.0910629970025018,-0.0533092503953332,35.136209487915046,35.821540679931644,,0,0,-0.2406447070950079,-0.2337643906441097,0,45.02803697740684,21.24925077503672,0.136533888937117,-2.203815250916535,-0.1207735205818361,-2.7382151020488585,0.0590369406555483,-0.0016752741062178,-0.1412067487551658,0,,
2024-12-26,34.981594812503936,35.21506649448936,34.96213852976294,35.13724136352539,216600,0.004170171153409,0.0174648833872073,0.0128150389395931,-0.114587762108598,-0.0416001574890158,35.17195682525635,35.779643859863285,,0,0,-0.2146125708981401,-0.2299340266949158,1,47.52989763662978,20.7268799885594,0.1368988517176727,-3.0824998886579875,-0.117106995680053,-3.445592074101455,0.0592791913342129,0.0030221596109853,-0.1601728059336017,0,,
2024-12-27,34.98159127679167,35.156694092855865,34.92322614537435,35.07887268066406,758900,-0.0016611629313028,0.0152027890455839,0.0190742096445342,-0.1164884808964519,-0.0383803298156165,35.19657859802247,35.73233123779297,,0,0,-0.1964274865174644,-0.2232327186594255,1,46.61598003262919,20.323306931533008,0.1337500673918981,-3.139815177558282,-0.1185736248111358,-3.5027456607499,0.059810312979681,0.0252829876036506,-0.154288807642028,0,,
2024-12-30,34.92322569278615,34.93295197759428,34.68002775261606,34.83567428588867,361400,-0.0069329022340403,0.0047699257895403,0.0072062079977481,-0.106977262250313,-0.057520289919988,35.18828067779542,35.67803039550781,,0,0,-0.1993418651583667,-0.2184545479592138,1,42.91344608418658,20.445414401540383,0.1356520786855576,-2.920503307368276,-0.1246844676968248,-3.2167484566931224,0.0600812906050376,0.0219344233029308,-0.1318519304907661,0,,
2024-12-31,35.185877245447394,35.185877245447394,34.825945322381344,34.903770446777344,401800,0.0019547823397882,0.0036364186804336,-0.0027959336788052,-0.0917424307848994,-0.052708377334112,35.195457077026376,35.61813934326172,,0,0,-0.1939213357017593,-0.2135479055077229,1,44.24870593294197,19.826351194783623,0.1291073255347365,-2.51184518378851,-0.1229734163525362,-2.758645308664527,0.0604185294441128,0.0217884059269468,-0.1217563764292475,0,,
2025-01-02,34.79676260033571,34.864857728424134,34.46601324494645,34.573020935058594,545600,-0.0094760396222262,-0.0119544106929589,-0.005386082312384,-0.0964900615113026,-0.0790611760966487,35.177888870239265,35.56225448608399,,0,0,-0.213849128820712,-0.2136081501703207,0,39.42515727052915,19.970424825921224,0.1311115438038169,-2.638338092058055,-0.1312841550089252,-2.9014039986034432,0.0599934074909839,0.0234757839453985,-0.1238255668424221,0,,
2025-01-03,34.52438137270862,34.54383394241129,34.26172715084943,34.388187408447266,149600,-0.0053461780779445,-0.0213179500157257,-0.0153531024602582,-0.0884393123203606,-0.0909985873893162,35.14480266571046,35.5042179107666,,0,0,-0.2417695998678581,-0.2192404401098282,0,36.99793369670286,20.468121293483986,0.1309641963941221,-2.435609288579824,-0.1359284646153795,-2.6593223217084963,0.0589357764274284,0.0011715421337399,-0.1285307652190864,0,,
2025-01-06,35.03995954047184,35.51662542340359,34.97186441433873,35.25397491455078,236400,0.0251768869298076,0.0049916722091025,0.0058220807642561,-0.0751939801265562,-0.0599552031117766,35.135694694519046,35.47064224243164,,0,0,-0.1918237336786674,-0.2137570988235961,1,51.92752914391946,19.353598085946743,0.1583636815364819,-1.9383391329607336,-0.1141738332697356,-2.2610423414907057,0.0600735322107287,0.0231584875929991,-0.1129435711904829,0,,
2025-01-07,35.73063906169177,35.75982162550083,35.302612045233445,35.36097717285156,532400,0.0030351828002412,0.0150794522492041,-0.0021209188567147,-0.0679012507061378,-0.0402997436566409,35.10683212280274,35.43573059082031,,0,0,-0.141970538894725,-0.1993997868378219,1,53.397368918992456,18.748083519536195,0.1539223799422533,-1.7353790494797785,-0.1114851889244723,-2.0417539094001502,0.0609447935844911,0.0249948322429984,-0.1039015532971048,0,,
2025-01-08,34.99132480932768,35.20533649766562,34.855134541047214,35.13724136352539,441100,-0.0063271953213427,0.0066889884318959,-0.0222878888218872,-0.0719091260555868,-0.0579745969629835,35.0634033203125,35.399820251464845,,0,0,-0.1191417410028989,-0.1833481776708373,1,49.95779941522732,17.51335040578248,0.1462387049788399,-1.8419108782746192,-0.117106995680053,-2.162268554977751,0.0604708397557085,0.0047157784800966,-0.100630208733628,0,,
2025-01-10,35.20533603631055,35.224792318796574,34.76758266854754,34.9232292175293,247400,-0.0060907498053689,0.0101295250747259,-0.0300670356507442,-0.0770909879794899,-0.0721189685272603,35.03051624298096,35.348622207641604,,0,0,-0.1169703840331806,-0.170072618943306,1,46.84913787147364,16.528063788995127,0.1468438043526821,-1.9815364673274505,-0.1224844760742763,-2.318084342331792,0.0610343616979857,0.0069627136641321,-0.0854949463464171,0,,
2025-01-13,34.55356118515124,34.89403679141237,34.52437862201622,34.84539794921875,457400,-0.0022286389332942,0.0132955696484069,-0.0206732081543524,-0.0786776669117269,-0.0870682581611063,34.98504753112793,35.30339897155762,,0,0,-0.1201449447451139,-0.1600870841036676,1,45.73454847877246,16.054256458115074,0.1419754589582127,-2.0255780240042003,-0.1244401413354673,-2.365794920254399,0.060804058581207,0.0119849565350571,-0.0900756478207079,0,,
2025-01-14,35.088598965598244,35.14696780792168,34.92322614537435,35.07887268066406,1039100,0.0067003032017474,-0.0049668791763519,-0.0189037564578472,-0.0765126288488449,-0.0703686734895653,34.96477031707764,35.26593505859375,,0,0,-0.1026381981249713,-0.1485973069079283,1,49.60756299052935,15.088197526744102,0.1430518559431672,-1.9597611845147305,-0.1185736248111358,-2.300693395865395,0.0611273572915304,0.0202470780042935,-0.0837364332188869,0,,
2025-01-15,35.477715267766165,35.5263541116561,35.15669221846192,35.24424362182617,206100,0.0047142604230057,-0.003301196979223,-0.0067684172492726,-0.0721590688838814,-0.0645499398021647,34.947933959960935,35.23873062133789,,0,0,-0.0745604361147869,-0.1337899327493,1,52.20935509430595,14.545209049450191,0.1421341286902083,-1.833967609430557,-0.1144183513347897,-2.1697842007352293,0.0603183445825784,0.0091877422731856,-0.088468819129041,0,,
2025-01-16,35.83764826560991,36.13921504443304,35.75982314427257,36.0613899230957,784100,0.0231852415400819,0.0263011131126997,0.0135021374801682,-0.0314431095287611,-0.0428613042077937,34.98402442932129,35.22690353393555,,0,0,0.0134729619843838,-0.1043373538025632,1,62.50969409639792,15.000880988763011,0.1636393593069384,-0.7230066749793721,-0.0938859269070228,-0.94547730912771,0.0618357479769908,0.0315629577867453,-0.0540425736518357,0,,
2025-01-17,36.33377101483197,36.51860382555074,36.24621960736152,36.27540588378906,158900,0.0059347673827816,0.0387185462672237,0.0264809410216406,-0.031222149641213,-0.033713898071407,35.031204795837404,35.21974304199219,,0,0,0.0993639577927822,-0.0635970914834941,1,64.65816160874687,15.922677316169512,0.1622458539621039,-0.7170837213780431,-0.0885083506609512,-0.9388331647337514,0.061584424059628,0.0388047673324927,-0.0591602168627763,0,,
2025-01-21,36.93690670132187,37.15091837893384,36.86881157059448,37.13146209716797,384900,0.0235988045487718,0.0656059130471338,0.0509360863975769,-0.0111650147632569,-0.0039941372115163,35.1610725402832,35.22101348876953,,0,0,0.2338145047749762,-0.0041147722318001,1,71.6553260017412,17.483037184530385,0.1795060401674719,-0.1879169969954398,-0.0669982373803613,-0.3357259594531975,0.0624659683401729,0.0495645626162442,-0.0483102934877665,0,,
2025-01-22,37.37465839755894,37.37465839755894,37.24819813804116,37.26765441894531,180800,0.0036678416115407,0.0623960113600725,0.0791549986860578,-0.0166410698213093,-0.0151353442754764,35.296777153015135,35.243353576660155,,1,0,0.3473530444067876,0.0661787910959174,1,72.58525993737197,19.152168324828494,0.1547562322808933,-0.3240198132602305,-0.063576134691784,-0.5003879753453176,0.0623446089900163,0.0397808523525271,-0.0552512318363637,0,,
2025-01-23,37.51085080979612,37.8026875894552,37.40384312470973,37.70540618896485,398600,0.011746158346821,0.0698316182792051,0.0912161822758181,0.0090491612359995,0.0108776068773968,35.44853248596191,35.26093086242676,,1,0,0.4672696705653862,0.1463969669898112,1,75.38108220046158,21.093372219754865,0.1567551072689175,0.2997841929647243,-0.0525767516901315,0.2721033874671206,0.0627345186942689,0.045373515043934,-0.0374153002736187,0,,
2025-01-24,38.01670561942319,38.15289587873208,37.92915420830943,38.05561447143555,182800,0.0092880124594225,0.0553008231960197,0.0976430831950008,0.0205309188802778,0.0328329668327305,35.61244792938233,35.300574951171875,,1,0,0.5838332757520917,0.2338842287422673,1,77.3694794585729,23.185163495882836,0.1576933379254439,0.5721700243884857,-0.0437770727554828,0.6173536341591326,0.063502579403535,0.0672759106287772,-0.0241305591041726,0,,
2025-01-27,37.9291541795646,38.113983286928566,37.91942418338919,38.08480072021485,442700,0.000766936736791,0.0498793822520502,0.09510498469725,0.031192969086734,0.0374311424012345,35.76712188720703,35.34060966491699,,1,0,0.6708329147525376,0.3212739659443214,1,77.53234473448003,25.103347282561696,0.1581580065845255,0.8281034181696342,-0.0430437102640169,0.9379557212321028,0.0644631300697142,0.0865540439306773,-0.0089262017777144,0,,
2025-01-28,37.96805920187504,37.96805920187504,37.36492938155369,37.6956787109375,629200,-0.0102172520774359,0.0151951089965984,0.0772865106649958,0.0158764100319288,0.0093105171614111,35.895043754577635,35.39178703308105,,1,0,0.7003091335740379,0.3970809994702646,1,70.27122377139476,25.58296489802345,0.1658291065523416,0.4619333128772658,-0.0528211739033374,0.4773950687627073,0.0632609342737979,0.0715483148575488,-0.0298709588583009,0,,
2025-01-29,37.42330114073968,37.64704280588708,37.36493229773795,37.569217681884766,344600,-0.0033547884897491,0.0080918229934576,0.0692136384071377,0.017232922190016,0.0180313265057616,36.019561004638675,35.44545608520508,,1,0,0.7053342470445187,0.4587316489851155,1,68.04100696137728,26.028324112380798,0.1675446408090917,0.4944466188616621,-0.0559987585268606,0.5181846561873906,0.0633326222740699,0.0683786476944985,-0.0245382272672277,0,,
2025-01-30,37.88051104464278,38.08480014125197,37.68595565496727,37.87078475952149,133100,0.0080269725121835,0.0043860705207052,0.0795895610521248,0.0103420748550426,0.0243269947273094,36.17131652832031,35.502066650390624,,1,0,0.7252899376144128,0.5120433067109751,1,70.44950464416274,26.92922089660172,0.167331573321517,0.3321141002026683,-0.0484212865100887,0.3109806011965497,0.0635001810416722,0.0616928398827261,-0.03333911634006,0,,
2025-01-31,37.81241693286047,38.00697603867391,37.48166756624951,37.578948974609375,709500,-0.0077060928830829,-0.0125254973135161,0.0787490050058241,0.0127306121702077,0.0106268153993362,36.30507545471191,35.553033676147464,,1,0,0.7093789780096316,0.5515104409707063,1,65.31930790695748,27.29158478183552,0.1679711839997487,0.3905955530652215,-0.0557542404618065,0.3828026273046139,0.0633479709812402,0.0543710087334368,-0.0242930425488484,0,,
2025-02-03,36.732617132194285,37.180104185319294,36.57697059094836,36.91744995117188,384100,-0.0176029144371345,-0.0306513555793231,0.0576923203029047,-0.0009368454663336,0.0212112348253756,36.42229690551758,35.58864646911621,,1,0,0.636059882683135,0.5684203293131921,1,55.460677343671605,25.875178024462056,0.1834372500705179,0.0596321762835263,-0.0723757177745844,-0.0281704368255126,0.0626545048526371,0.0370081071005305,-0.0338710373647802,0,,
2025-02-04,37.3552086201484,37.57895030091335,37.3260223411572,37.55949401855469,216100,0.0173913438829602,-0.003612740161203,0.0863816063139473,0.0260904925476057,0.0356518508576579,36.58086223602295,35.63961067199707,,1,0,0.622584791917312,0.5792532218340161,1,61.52972589727161,25.096042748760848,0.184505000485408,0.6924337395172253,-0.056243084888218,0.784527009491951,0.0633193837703105,0.0554390293604587,-0.0336686659280932,0,,
2025-02-05,37.6373101579857,37.68595271251285,37.49139362712199,37.60812759399414,342400,0.0012948410704209,0.001035685982041,0.0936350656491977,0.0260658054179632,0.0524036714562465,36.69856986999512,35.695602874755856,,1,0,0.6088120026980377,0.5851649780068204,1,61.95264520947387,24.511627093283263,0.1816710085186943,0.6918660866280925,-0.0550210696740375,0.7837846808465233,0.0631453430107371,0.0714263362338527,-0.0335321973459472,0,,
2025-02-06,37.83187177400395,38.06534343427141,37.83187177400395,37.98751831054688,210700,0.0100879980159749,0.0030824170073751,0.0775385868578426,0.0369631730310853,0.0647462414667243,36.82989692687988,35.76285194396973,,1,0,0.62134811385868,0.5924016051771924,1,65.1694706542414,24.44609214742769,0.1667659914551932,0.9369035347046852,-0.0454881240997712,1.111462635153356,0.0635614445935585,0.0580607174985949,-0.0287472883623662,0,,
2025-02-07,37.987519757001934,38.00697603867391,37.54003641126543,37.578948974609375,388300,-0.0107553573939067,0.0,0.0627237135137956,0.0137857463792321,0.0496018615841045,36.95198230743408,35.82250900268555,,1,0,0.5914965375267442,0.5922205916471028,0,59.34995094004632,23.83398904542776,0.1740530874339316,0.4056346124467923,-0.0557542404618065,0.4145299426900226,0.063458686433581,0.0412486892027088,-0.0300962949490113,0,,
2025-02-10,37.6275847527338,37.81241384717512,37.60812847264957,37.73459243774414,1196600,0.0041417726514898,0.0221343155513999,0.0739201762411252,0.0438150465416355,0.0435362321409127,37.09255046844483,35.883347778320314,,1,0,0.573783851846926,0.5885332436870675,0,60.78652519270376,23.265607593570675,0.1707630985472505,1.1354819146485249,-0.051843389198666,1.317494768308405,0.063291691846256,0.0466481382091481,0.0165611143170956,1,,
2025-02-11,37.89996516353997,38.16261937770451,37.86105260346242,38.12370681762695,456300,0.0103118744564363,0.0150218423814105,0.0916432320780695,0.0352236417009284,0.0498119374694971,37.256465911865234,35.95737602233887,,1,0,0.5844080075944547,0.5877081964685449,0,64.19343576392015,23.218255261831224,0.1686481893639075,0.9462077638855124,-0.0420661172630424,1.0591558682391071,0.0638957530653898,0.0468816464660191,0.0152175546302719,1,,
2025-02-12,37.91942391004498,38.62956147857432,37.86105506613205,38.53228378295898,375500,0.0107171363814788,0.0245733102945657,0.1058069659331553,0.0681630526875474,0.0650272435277312,37.42913646697998,36.03629295349121,,1,0,0.6186648902995486,0.5938995352347456,1,67.39653534390871,23.743616599832706,0.1683561295436497,1.778445139191143,-0.0317998091973109,2.0496261534821487,0.064789244025693,0.0655414381453436,0.055457919827524,1,,
2025-02-13,38.67819944861247,38.97003995064782,38.41554893423047,38.79493713378906,587500,0.0068164490926501,0.021254845253158,0.1059345460429617,0.0751563676298843,0.0595622853562414,37.60667114257812,36.1121590423584,,1,0,0.6594064202310221,0.607000912234001,1,69.29791733805278,24.60247792326182,0.1683726569152976,1.9422631472120373,-0.0252001218852103,2.25991135404462,0.0645494051826891,0.0559822646157954,0.0522712079786775,1,,
2025-02-14,39.32997306567231,39.4175244767648,39.18405281021607,39.19378280639648,170400,0.0102808691565072,0.0429717667963034,0.1120619646983833,0.1154621739625121,0.0631656740290209,37.76329078674316,36.20082984924316,,1,0,0.7156285680465118,0.6287264433965032,1,71.9710419188967,25.839321289279347,0.1694130841929125,3.0651846681973702,-0.0151783318845327,3.4718851659456917,0.0652162346903551,0.0812006718962798,0.088381103378867,1,,
2025-02-18,39.145143958213154,39.310516784217725,39.11595768057816,39.19378280639648,251100,0.0,0.0386698324901682,0.0868627884277588,0.1234892719528086,0.0543289981097958,37.909209632873534,36.28621780395508,,1,0,0.7515219480381745,0.6532855443248375,1,71.9710419188967,26.831202961695315,0.156841682642795,3.2849906906442903,-0.0151783318845327,3.713255664020251,0.0650253288551336,0.0515815039437956,0.0935353510238301,1,,
2025-02-19,38.66847242123784,38.746297543194736,38.47391332725166,38.63928985595703,591000,-0.0141474721431826,0.0135239482560414,0.0651649213723712,0.1027113872778817,0.0313762006900579,37.98460102081299,36.35800537109375,,1,0,0.7268461334890333,0.6679976621576766,1,63.11133704516319,26.39885585879464,0.1687312330974989,2.7093064629328865,-0.0291110690001991,3.088475901896331,0.0639547749577644,0.0384894546686243,0.0639045894928511,1,,
2025-02-20,38.814396499926325,39.02840818461582,38.68793251971906,38.99922561645508,105300,0.009315278873909,0.0121181977202868,0.050301372846548,0.1132903287912385,0.0293110740758901,38.07117958068848,36.42926719665528,,1,0,0.7279429077311264,0.6799867112723665,1,66.03425274646507,26.338596887801977,0.1533858460214611,2.9528901835357395,-0.0200669678523444,3.4065789554864665,0.0648202006051855,0.0376882377327782,0.064783258933418,1,,
2025-02-21,38.98949906204053,39.05759419455066,38.67820225654312,38.69765853881836,385200,-0.0077326427094356,-0.002507507477979,0.0383711865468541,0.1013423872401666,0.0203118760944278,38.12079219818115,36.484455795288085,,1,0,0.6964499251437246,0.6832793540466382,1,61.6282304781454,26.318126677349497,0.1572199392689707,2.6435256105122704,-0.0276444398691162,3.0473108106806968,0.065438236695969,0.049621414843552,0.0760773236950822,1,,
2025-02-24,38.765748029403525,38.765748029403525,38.50309753417969,38.50309753417969,542400,-0.0050277203320584,-0.0176223171830218,0.0211558878643851,0.0997339506938224,0.0039362301669165,38.14316635131836,36.53440139770508,,1,0,0.6483186486708163,0.6762872129714739,0,58.89778842725276,25.926958373675912,0.1546211537763619,2.60082850439817,-0.0325331716887763,2.99894599306146,0.0654068709513065,0.0425977964390065,0.0833633299528355,1,,
2025-02-25,38.88248591531233,38.94085104305134,38.60037542822085,38.80466079711914,184300,0.0078321818828148,-0.0099281564935812,0.0196829386698202,0.114803606505492,0.0218322990694086,38.17915935516358,36.598875198364254,,1,0,0.6272770410855486,0.6664851785942889,0,61.728138587093454,25.80468946116555,0.1537225967760054,2.9673246243494145,-0.0249557955238528,3.452082398456271,0.0662486004471275,0.0432426693432794,0.1040712223546,1,,
2025-02-26,39.02840244556573,39.23269152536991,38.72683938983184,38.80466079711914,1107700,0.0,0.004279864919324,0.0189015056739472,0.1207101261871947,0.0029614371311328,38.23460845947265,36.659872970581056,,1,0,0.603642994788423,0.6539167418331158,0,61.728138587093454,26.07579451837698,0.1537585233764541,3.12070108282986,-0.0249557955238528,3.629688252923623,0.0662151782832529,0.0271790744824822,0.1153163566686941,1,,
2025-02-27,38.60038070267545,38.69765840280333,38.34745274489276,38.36690902709961,501300,-0.0112809070103256,-0.0162135678173228,0.0178065587121887,0.1089953324227748,-0.007361939818291,38.2744930267334,36.71752281188965,,1,0,0.5433268002829763,0.631798753523088,0,55.31544839940698,25.48997966655953,0.1547715536409443,2.8004732226861164,-0.0359551785255052,3.2774307360505377,0.066530160721426,0.0516784408127548,0.1250363539907582,1,,
2025-02-28,38.51282646857327,38.67819928886456,38.08479942407865,38.46418762207031,1056600,0.0025354816803717,-0.0060332052522983,0.0238218945031982,0.1087127552553635,-0.0036005404170447,38.30416316986084,36.77518714904785,,1,0,0.4976388799668854,0.6049667788118476,0,56.39943339944684,24.413945954135563,0.1540813961229519,2.7938690773459807,-0.0335108605415993,3.268933793354059,0.0656739645467424,0.0369689772600989,0.1112236902575727,1,,
2025-03-03,39.55371577495677,39.61208462085362,38.940855881211945,39.26187896728516,1085300,0.0207385465423723,0.0197070231150078,0.0367326480451113,0.1405944724044667,0.0221767491785904,38.38830966949463,36.85363311767578,,1,0,0.5198059000786301,0.5879346030652042,0,64.09182632084003,24.661325498173987,0.1669660835019148,3.4664882325994646,-0.0134672805402438,4.319034186991368,0.0682313589479203,0.0745065262592439,0.1696386135639631,1,,
2025-03-04,38.85330304511994,40.07902278772712,38.512827400454725,39.670448303222656,1520200,0.0104062603900829,0.0223114308518266,0.0556561422201145,0.1469943563356031,0.0315171382076659,38.52595958709717,36.9404061126709,,1,0,0.5638419352258168,0.5831160694973267,0,67.27636440014619,25.38016425172968,0.1657959343009469,3.593240656239486,-0.0032011641782089,4.51563734655112,0.0697672118893107,0.1013330152274556,0.1866841529129548,1,,
2025-03-05,40.37085683891601,40.93507782416464,40.36113055440405,40.876708984375,793700,0.0304070342722684,0.0533968895666701,0.1072462761767063,0.1678514926977021,0.0615500004408435,38.691820335388186,37.06725814819336,,1,0,0.6881434765273511,0.6041215509033316,1,74.47407918649166,26.78370537903131,0.1751102196335569,3.8483855399651032,0.0,5.156364421023109,0.0711242043019202,0.1351810132280797,0.2028410490146897,1,,
2025-03-06,40.37086002224918,40.87671220759575,40.27358232583518,40.302764892578125,781900,-0.0140408586223578,0.0504563936623396,0.0730380146406721,0.1594500509153178,0.060472604705972,38.82655220031738,37.18224220275879,,1,0,0.7319039192096923,0.6296780245646039,1,66.93061235508495,27.909957782119093,0.1806694022623675,3.625431301202556,-0.0140408586223578,4.89827380296704,0.0713928537139565,0.1275039247528413,0.2179481042808229,1,,
2025-03-07,40.254127079315005,40.76970556319613,40.1763019514579,40.73079299926758,978400,0.0106203161949387,0.0589276809760752,0.0830316637665342,0.1662565544588889,0.0755606929428918,38.96371593475342,37.30345207214356,,1,0,0.7919930731929128,0.6621410342902656,1,69.41840064449767,28.751709266284387,0.1821666445518679,3.7497899360932463,-0.003569660785637,5.107368236025475,0.0717489332542446,0.136250590040259,0.2188350524414588,1,,
2025-03-10,40.14711849827982,40.30276503965398,39.5342586180976,39.884464263916016,393600,-0.0207785970522789,0.0158572465966191,0.049936032616336,0.1379333800893414,0.0583392346615065,39.07899169921875,37.405595245361326,,1,0,0.7625325047107765,0.6822193283743678,1,59.83358482983873,28.28926485811893,0.1994478114879094,3.0545546651317426,-0.0242740852948378,4.2372859611386335,0.0721806551947948,0.1356043849593338,0.2293642022499313,1,,
2025-03-11,40.127661921086734,40.18603076526183,39.60235345622956,39.972015380859375,442000,0.002195118288766,0.0076018066479026,0.0636810360999426,0.1280015759949275,0.075822609594865,39.19086284637452,37.5052091217041,,1,0,0.7377451683090115,0.6933244963612966,1,60.44207002106816,27.859852193393863,0.1936475082299912,2.8675053876410463,-0.0221322514946455,3.932182917692728,0.0729455011808924,0.1494959205819785,0.2268277132177691,1,,
2025-03-12,40.11793606507276,40.11793606507276,39.68990529168826,39.855281829833984,331400,-0.0029203819200291,-0.0249879987875601,0.0562001403775231,0.1089940538102627,0.0641082076235763,39.27744159698487,37.599569931030274,,1,0,0.7006054600114808,0.6947806890913334,1,59.15530476576394,27.461111861863444,0.1946722293409949,2.4950466652124192,-0.0249879987875601,3.348275622323439,0.0723485510322972,0.1430971257339985,0.2020625323871006,1,,
2025-03-13,39.50507529752391,39.67044812105728,39.281333630499006,39.3688850402832,534600,-0.0122040735184736,-0.0231716075754122,0.0326615202612072,0.0934034516796735,0.0535661711110413,39.31927165985108,37.685370178222655,,1,0,0.6247224066516992,0.6807690326034066,0,53.99697488863904,26.30338108041977,0.1991222899615861,2.1392638723781965,-0.0368871169317509,2.869335430392709,0.0724311414359319,0.1335830311258266,0.1949901122095887,1,,
2025-03-14,39.99146975752159,40.21521141651032,39.87473578563748,40.16657257080078,426500,0.0202618776148058,-0.0138524292536348,0.0424134940209428,0.1288779285150809,0.070487678960629,39.38785343170166,37.7919881439209,37.23777835845947,1,1,0.6217837216201971,0.6689719704067647,0,60.13628990857814,25.954945776762308,0.2072059871301534,2.845748393564396,-0.0173726415657793,3.959104292549555,0.072403192548366,0.1175187122055869,0.2050337325131077,1,,
2025-03-17,40.22493642155555,40.62378088113446,40.22493642155555,40.54595947265625,263600,0.0094453391856308,0.0165852850464058,0.0451353312631639,0.1340013372596888,0.0769958922918991,39.455462265014646,37.90483192443848,37.24312368392944,1,1,0.6426599608846146,0.6637095685023346,0,62.686817535501135,26.10696834136312,0.2081641332445658,2.940419053089251,-0.0080913928722876,4.116494388642615,0.0725277719882886,0.1236009345557711,0.210525871293733,1,,
2025-03-18,40.59459919533786,40.750245726568615,40.43895266410712,40.67242431640625,291900,0.0031190492319039,0.0175224823885729,0.0377264301665838,0.1462052303223802,0.0773158204192059,39.52939434051514,38.02681999206543,37.25254680633545,1,1,0.6617805921643196,0.6633237732347317,0,63.52458731972423,26.389240629183234,0.2061234063962541,3.202115507644389,-0.0049975810931069,4.491395552612388,0.0735489474985431,0.1277705290370026,0.2305492928607644,1,,
2025-03-19,40.63351629543453,40.944809392673584,40.5362348832308,40.82807540893555,346000,0.0038269440571927,0.0244081470369472,0.0416977511615017,0.1474694065981094,0.0718439976762168,39.638833618164064,38.1556177520752,37.261285037994384,1,1,0.6816360959366321,0.6669862377751119,1,64.57871627392461,26.868822852063044,0.206118121732006,3.226853813633196,-0.0011897624991787,4.530230795989173,0.0730349906802012,0.1231775673585884,0.2183921675214446,1,,
2025-03-20,40.01092474566055,40.25412267725919,39.99146846582395,40.15684127807617,236400,-0.0164405038478122,0.0200146952850381,0.039274826938497,0.1363134669155281,0.0579768552880124,39.69671440124512,38.253675079345705,37.26525114059448,1,1,0.6358787269610602,0.6607647356123016,0,56.93694196014065,26.21100917256583,0.2085243836521856,2.95509825238084,-0.0176107060520452,4.187522551112601,0.0720425915219364,0.126461496729731,0.2152129157124898,1,,
2025-03-21,39.76773057990725,39.89419084446154,39.64126660444666,39.796913146972656,259200,-0.0089630588374992,-0.0092031607420954,0.0204539325565737,0.1263766571845728,0.0514363704200757,39.75167713165283,38.34239379882813,37.26727602005005,1,1,0.5640702396476058,0.6414258364193626,0,53.29512017896076,24.97528900867362,0.2099626001731714,2.738963886676263,-0.0264159190950301,3.882265735509223,0.0713733298436586,0.1010970218742086,0.1992276708475833,1,,
2025-03-24,39.719091731162806,39.845551995717095,39.55371519234415,39.796913146972656,213400,0.0,-0.0184740066686236,0.0284062304971659,0.1523944402843329,0.0224834146336203,39.81636791229248,38.43558723449707,37.26991449356079,1,1,0.5013818779103119,0.6134170447175524,0,53.29512017896075,23.67515823299735,0.2075834279158967,3.372483833810728,-0.0264159190950301,4.699210836391073,0.0701176244950331,0.071508464092713,0.1694188887134584,1,,
2025-03-25,40.13739027077214,40.1957591179494,39.96229115105319,40.10820770263672,152000,0.0078220779213309,-0.0138722149774076,0.0416878191951219,0.1607546426593304,0.0463149535463223,39.88154525756836,38.53928680419922,37.27231590270996,1,1,0.471385925115996,0.5850108207972411,0,56.11094651631303,22.98698052307491,0.2073301123932157,3.534184291611353,-0.018800468551224,5.071965190443752,0.070496624463068,0.0778168017783753,0.1747169763561444,1,,
2025-03-26,39.69963560087943,39.91364727835237,39.28133482045069,39.37861251831055,159000,-0.018190670341976,-0.0355016217665693,0.0147907934098991,0.1358024895113236,0.0288367018875603,39.91024284362793,38.629951095581056,37.2702197265625,1,1,0.3843115778794299,0.5448709722136789,0,48.70008876047446,21.48521706150625,0.2174985216995969,2.9533169898531844,-0.0366491457675102,4.3777641705101,0.0700505230723595,0.0573887236797758,0.1773259685560551,1,,
2025-03-27,39.37860973862554,39.62180767701446,39.339697177865865,39.44670486450195,145100,0.0017291707817217,-0.0176840705337528,0.0165455399994238,0.1342656994413087,0.0152486848090349,39.96423263549805,38.71730773925781,37.271531944274905,1,1,0.3171431844087351,0.4993254146526901,0,49.37215388207279,20.09072241862108,0.2175020168316238,2.922970410096838,-0.0349833476178246,4.524783846700426,0.0703585071226721,0.0625737020852683,0.185923183630535,1,,
2025-03-28,39.29106023720671,39.42725049556207,39.16459626405978,39.25214767456055,411800,-0.0049321531572713,-0.0136886363623293,0.023072972775463,0.1217680819251338,0.019616518443283,40.00363063812256,38.7974658203125,37.27465606689453,1,1,0.2453839756895419,0.4485371268600605,0,47.45901230924338,19.0771150926747,0.2141183375505442,2.6685104157314665,-0.0397429575466908,4.234734638056341,0.0714503761518619,0.0739546602185106,0.210265561841016,1,,
2025-03-31,38.63928827231448,38.82411736302774,38.4349991910035,38.71710968017578,324900,-0.0136307954107572,-0.0271328447713793,0.0065755206008912,0.1018824522851276,-0.0243797920289591,39.97639217376709,38.8505802154541,37.27817070007324,1,1,0.1436848812641642,0.3875666777408812,0,42.57333550452146,19.16237241015326,0.2200633068430334,2.236268202001288,-0.0528320248341107,4.045249970600388,0.0700065206796648,0.0659706805097595,0.1809628151803175,1,,
2025-04-01,38.91167304052904,39.03813701696453,38.70738764768378,38.96031188964844,795900,0.0062815176928658,-0.0286199727870866,-0.0076809130273159,0.1106489152122576,-0.0187288897301105,39.940885353088376,38.90427833557129,37.28048740386963,1,1,0.0817694150909389,0.3264072252108928,0,45.32842191502936,18.84616586838778,0.2086323845832725,2.4104205125141944,-0.0468823724399901,4.520622911821676,0.0702478472539075,0.0295536881732974,0.1745106112013212,1,,
2025-04-02,38.71711479225704,39.15487186585786,38.697658509996295,39.08677673339844,757100,0.0032459915646516,-0.0074110225386029,-0.0147130066532876,0.1220330174355721,0.0020009970758569,39.85138874053955,38.943384628295895,37.28787803649902,1,1,0.0424166651393775,0.2696091131965898,0,46.75881795990757,18.33682432413873,0.2054594253202615,2.6476750205105466,-0.0437885606608094,4.985726733603516,0.0700326816684109,0.0038050793762745,0.1656321121460546,1,,
2025-04-03,38.765750857912906,38.83384598548105,38.33772381164084,38.40581893920898,317600,-0.0174216922217482,-0.0263871451080232,-0.0604473820558918,0.100334389311083,-0.0006129622405335,39.7565414428711,38.966147918701175,37.29814001083374,1,1,-0.0432200617396674,0.2070432782093383,0,40.59928057696285,18.370734871712703,0.1796133790404911,2.168085121884652,-0.0604473820558918,4.099217224978917,0.0723795146977103,0.0176495527522715,0.1979688245252875,1,,
2025-04-04,37.01472751112204,37.14119148507538,36.1878559596026,36.19758224487305,915300,-0.0574974510459276,-0.077819064959525,-0.1018585860956914,0.0469892785147703,-0.0540347813707943,39.529880905151366,38.93599143981933,37.294126205444336,1,0,-0.2859774608456007,0.1084391303983505,0,27.80698300287598,20.378672773901023,0.2590736624150774,0.9514307321225332,-0.1144692627112063,1.6419876344366608,0.0724598936769932,0.0149460332166,0.2077976015595173,1,,
2025-04-07,34.93295272091171,36.6061557723749,34.49519567710957,34.9913215637207,876400,-0.0333243439573425,-0.0962310499733088,-0.1409123420614492,0.0175389923321542,-0.0724514564088542,39.2852237701416,38.87470558166504,37.28258443832397,1,0,-0.5691389251846743,-0.0270764807182544,0,23.458728819896837,23.10020529277186,0.2702308112935559,0.4183009599221473,-0.1439789935854173,0.4872653123406485,0.0701701976498708,-0.0220036108241433,0.1906214171332079,1,,
2025-04-08,36.061389497330765,36.061389497330765,34.281182543176904,34.68002700805664,450000,-0.008896336055704,-0.1098626954967741,-0.1304878315882983,-0.0162803742807806,-0.0902501682672149,39.02062435150147,38.80661010742188,37.26929311752319,1,0,-0.8093357757576172,-0.1835283397261269,0,22.481704608726503,25.715192604997604,0.2657307125578319,-0.183277751679721,-0.1515944441292234,-0.4295770696230367,0.0706525594503053,-0.0211704332742018,0.1761013020254407,1,,
2025-04-09,34.97186783935578,37.77350941359352,34.74812615859084,37.55949401855469,401600,0.0830295492511903,-0.0390741535241183,-0.0603552595313952,0.0621735319970466,-0.0099493792925087,38.9058349609375,38.80388641357422,37.27179916381836,1,1,-0.7585999196624087,-0.2985426557133833,0,45.21223984888913,25.82396658107944,0.4083318810432748,1.002736153686096,-0.0811517132430672,1.64052270683575,0.0692465789109746,-0.0507080246216287,0.1362181219791036,1,,
2025-04-10,36.84935598170731,37.12173650973847,36.02248069018842,36.95636367797852,447500,-0.0160579996173061,-0.0377405117574692,-0.0727361097139565,0.0517719161738603,-0.0238600831280119,38.78520889282227,38.7916293334961,37.26945503234863,0,0,-0.7583175533698139,-0.3904976352446694,0,42.40726201227965,25.924970987441142,0.4109689125721654,0.8575509699895056,-0.0959065786801726,1.3660636822699626,0.0712570286949634,-0.0150869965156109,0.1783700868522624,1,,
2025-04-11,36.96608551186442,37.93887723586086,36.946629232075786,37.90969467163086,357500,0.0257961254510654,0.0472990824407979,-0.0370645591603435,0.0855151577049049,0.0018317217307219,38.67236499786377,38.79240753173829,37.27197408676148,0,1,-0.673405334662668,-0.4470791751282692,0,47.90846632672335,25.09940853075369,0.421514094382709,1.2946240884790852,-0.0725844713643232,2.256419307177218,0.0718138226064138,-0.0085228372393406,0.1766129866609851,1,,
2025-04-14,37.84159986123564,38.230714327513375,37.46220796857384,37.7929573059082,479700,-0.0030793538891257,0.0800665884278077,-0.059094294408831,0.0845896310607507,-0.0007433506677598,38.53471488952637,38.79668769836426,37.276130256652834,0,1,-0.6085169151672787,-0.4793667231360711,0,47.3125066622129,24.02688768795636,0.4140425750603176,1.2824175880737447,-0.0754403119792631,2.231998184124591,0.0709048040309485,-0.0206950614286325,0.1661195927612526,1,,
2025-04-15,37.95833720208835,38.23071772377052,37.899968357053766,37.93888092041016,522300,0.0038611324676396,0.0939691861138529,-0.0642993429223021,0.0815307910770626,-0.0012199729292142,38.39803771972656,38.81711631774903,37.28251264572143,0,1,-0.5391031139480305,-0.491314001298463,0,48.18026768110495,23.03097178627968,0.4124481808841316,1.24312590715644,-0.0718704645495754,2.1512870472688643,0.0713785108169472,-0.0158458082998472,0.1677015657085696,1,,
2025-04-16,38.12370885967493,38.347450525746346,37.82214578018598,37.89996719360352,262500,-0.0010256951671366,0.0090649031342284,-0.0681655241702517,0.0753519808872478,-0.0022444167760135,38.25163230895996,38.82392578125,37.2896177482605,0,1,-0.4816796853426268,-0.4893871381072958,1,47.95345130873104,21.971921532470866,0.4119427494461297,1.1624230907472968,-0.0728224425285638,1.9882517798161357,0.0729262981774211,-0.0084657815277953,0.2090235347487348,1,,
2025-04-17,38.04588918571909,38.43500369240949,37.95833777230514,38.15289688110352,406600,0.0066736123070494,0.0323769192648677,-0.0655230132950753,0.0579985120503716,0.0247317489547056,38.15143508911133,38.834821166992185,37.29557361602783,0,1,-0.4110238652347675,-0.4737144835327902,1,49.61379688691755,20.88336578945633,0.412658178795937,0.9405996397822214,-0.0666348189702025,1.5303598319915497,0.0733083829368337,0.0037433051484818,0.1855340209373999,1,,
2025-04-21,38.29880913468588,38.512824501454986,37.58867162147719,37.90969467163086,369600,-0.0063744100541187,0.0,-0.0559592471649943,0.0450522536695348,0.0124234758225776,38.05707416534424,38.83326469421387,37.30089281082153,0,1,-0.3703834546211979,-0.4530482777504718,1,48.0272720847903,20.260678064091284,0.409962666615731,0.7645681936582213,-0.0725844713643232,1.188757382200948,0.0746171756625055,0.0357369728958887,0.2116241533777874,1,,
2025-04-22,38.40581778379276,38.931126218577255,38.39609149910684,38.75602340698242,403400,0.0223248628795973,0.0254826869799802,-0.0261550371041633,0.0437516116538367,0.0320981095005485,38.00502967834473,38.85680618286133,37.30696762084961,0,1,-0.2668083796153269,-0.4158002981234429,1,53.58913543122766,19.151381518573302,0.4179267226124035,0.7475085163575014,-0.0518800468551223,1.1544383932086777,0.0743486096753151,0.0416861569745141,0.1902258405798262,1,,
2025-04-23,39.31051473587203,39.6509903663205,38.95058282498279,39.02840423583984,521400,0.007028090214445,0.0287178559039555,-0.0193107668500485,0.0472460594675749,0.0298187646718841,37.951039505004886,38.88268241882325,37.31295598983765,0,1,-0.1608908800338895,-0.3648184145055322,1,55.24898903744818,18.263999125137477,0.418833306534882,0.7948223610918819,-0.0452165742903047,1.2466435615842233,0.0737286861900139,0.0515000575245754,0.1825992236445111,1,,
2025-04-24,39.2424215105904,39.65099228691874,39.16459638505764,39.612083435058594,143000,0.0149552412056541,0.0451746101179746,-0.0123696444193268,0.0505677418388816,0.0600744987241215,37.96271305084228,38.91244995117187,37.32350419998169,0,1,-0.0295122661217703,-0.2977571848287799,1,58.66086965278333,17.44000328273015,0.421362280451617,0.8388372076879381,-0.0309375578596555,1.334290107951953,0.0732886619929367,0.0396052655163849,0.1682350246457211,1,,
2025-04-25,39.6218076857626,39.83582305908203,39.5439862751321,39.83582305908203,108400,0.0056482670089859,0.0441100497092799,0.0116106310388384,0.0467791313416501,0.0682704687727933,37.982168960571286,38.938520736694336,37.33845403671265,0,1,0.0916041936018174,-0.2198849091426604,1,59.92225455615236,16.885072090931867,0.4166477198623913,0.7880316669791743,-0.0254640344380669,1.2343231067470044,0.0731739068089267,0.0445875862103246,0.1522981821562556,1,,
2025-04-28,39.92337417602539,40.01092558166647,39.72881508450009,39.92337417602539,272700,0.0021977986199384,0.0531177980154358,0.0120838816109172,0.0482757798660253,0.0809746138617584,38.01573028564453,38.96108947753906,37.35157253265381,0,1,0.1924362190262911,-0.1374206835088701,1,60.43105124411361,16.57099743015852,0.4166630155258317,0.8083746002153548,-0.0233222006378747,1.2738139609662316,0.073306776296199,0.0419035208974301,0.1371892152447569,1,,
2025-04-29,39.76772663801193,39.91364316978158,39.757996642683736,39.82609176635742,114600,-0.0024367281492552,0.0276103755057133,0.0146219793259581,0.0565161081660476,0.0732897911046295,38.07117938995361,38.973735656738285,37.36251491546631,0,1,0.2614822436557062,-0.0576400980759548,1,59.52675543848012,16.279356673726127,0.4163127845563588,0.9218774233541364,-0.025702098924333,1.491244839569203,0.0726703722009696,0.0170747323501094,0.1487401037494475,1,,
2025-04-30,39.68017623934527,40.11793326755069,39.51479971273167,39.92337417602539,221300,0.0024426802970947,0.0229312460426887,0.03115585088386,0.0626618449730391,0.0809746138617584,38.119332504272464,38.988327484130856,37.37128839492798,0,1,0.3203586974140151,0.0179596610220391,1,60.16864473545122,15.62422497756448,0.4128978701236473,1.0051445082035293,-0.0233222006378747,1.6534074264170069,0.0728189871874655,0.0401743506247078,0.1497863908483643,1,,
2025-05-01,40.254123386529415,40.254123386529415,39.83582263993691,39.95255661010742,780800,0.000730961114493,0.0085951847397023,0.0254680897645127,0.0549703911288115,0.0658809738837191,38.16262149810791,39.01459281921387,37.3823802947998,0,1,0.3651641052435863,0.0874005498663485,1,60.37167915145288,15.201922144699026,0.4125828995539222,0.9020210566524098,-0.0226082871451522,1.4504592541845855,0.072359401996624,0.03005863987667,0.1395148928652327,1,,
2025-05-02,40.68215295845122,40.92535090952322,40.63351411041806,40.72106552124024,338500,0.0192355377562596,0.0222222711664643,0.0418118075836464,0.0836137420648426,0.0974088083573776,38.278383827209474,39.04902961730957,37.39760440826416,0,1,0.4574121971064784,0.1614028793143745,1,65.37689355681783,15.64519406890779,0.417121102451696,1.2793629017324033,-0.0038076319498776,2.206248190426074,0.0726725059105903,0.0376941761944578,0.1471954789540368,1,,
2025-05-05,40.80861826088665,40.80861826088665,40.604332865951655,40.70161056518555,256000,-0.0004777614683129,0.0194932518912065,0.0597771819320005,0.1025033045082666,0.1014704292858201,38.503585243225096,39.08910865783692,37.41273124694824,0,1,0.5229217062356497,0.2337066446986296,1,65.1525495561119,16.00452693348739,0.4111255701307469,1.5372390762116572,-0.0042835742783594,2.704671797952519,0.0730567224589199,0.0093563457013756,0.1660250548743258,1,,
2025-05-06,40.545963449755625,40.63351486219762,40.44868575188954,40.48759460449219,278400,-0.0052581693383018,0.0166097854144342,0.1185165442983908,0.0779589997802152,0.1060834810306055,38.77839889526367,39.12879859924316,37.427463912963866,0,1,0.5512151002133265,0.297208335801569,1,62.60738235579951,16.049709591451894,0.3493149757543977,1.2187623063233404,-0.0095192198577324,2.057041078954972,0.0732851264663819,0.0113888214226125,0.1573884978448601,1,,
2025-05-07,40.24439766974688,40.37086164890568,40.07902483699848,40.19575881958008,444100,-0.0072080297128772,0.0068226859371585,0.1487350869666888,0.0688051065323223,0.0966643724689193,39.054185485839845,39.15662055969239,37.4420408821106,0,1,0.5438202881491421,0.3465307262710836,1,59.21064654170204,15.434741861236512,0.3234306631951822,1.093988952731305,-0.0166586347510317,1.8155047009053515,0.0724521839707923,0.0325207338350113,0.1473876063745935,1,,
2025-05-08,40.42923049564967,40.46813934923927,40.19575881958008,40.19575881958008,151600,0.0,0.0060872752611562,0.1590463528255632,0.0581306862686026,0.0972425539146499,39.18599872589111,39.1844425201416,37.453817768096926,1,1,0.5318292497723647,0.3835904309713399,1,59.21064654170204,15.008210087571676,0.3194290276187546,0.9506801548920664,-0.0166586347510317,1.5338474061939684,0.0719508534126893,0.0183757527325985,0.1319889576578461,1,,
2025-05-09,40.66269344082653,40.67242343620252,40.4681343532721,40.54595947265625,74700,0.0087123782050753,-0.0043001342509727,0.0795129309416742,0.0789540574977647,0.0938282444892724,39.365478515625,39.228023529052734,37.47004919052124,1,1,0.544310063827723,0.4157343575426165,1,62.07428248273202,14.91675943865529,0.1623891418038297,1.2344757110174576,-0.0080913928722876,2.083296862209004,0.0726702988780109,0.0494424420798889,0.1451592045491081,1,,
2025-05-12,40.69188059667335,40.72106316162098,40.351401258358194,40.67242431640625,200600,0.0031190492319039,-0.0007170784736528,0.1005526590983854,0.0778551373917459,0.1250814104017061,39.50361499786377,39.27218826293945,37.48918203353882,1,1,0.5579738793118025,0.4441822618964537,1,63.08224370645582,14.603003359512975,0.1457234518050196,1.219832876062396,-0.0049975810931069,2.054300546107681,0.0705649723676286,-0.0097121131768959,0.1149168288792215,1,,
2025-05-13,40.847528644208914,41.06154031327928,40.75997723520999,40.954532623291016,228900,0.0069361074887037,0.0115328663843867,0.0803181871559286,0.0742536873238988,0.1120928143020971,39.66169376373291,39.30604133605957,37.510401306152346,1,1,0.5848248375273215,0.4723107770226273,1,65.29787185677372,14.831202662044625,0.1242409112254969,1.1725342985684646,0.0,1.9592719957895308,0.0705882653840554,-0.0170657566729908,0.1047411134166711,1,,
2025-05-14,40.93507957400452,40.964262139693815,40.67242535008248,40.74052047729492,214900,-0.0052256034262343,0.0135527148563117,0.0779923928029289,0.0573087415937838,0.1293781330540453,39.801775741577146,39.327442779541016,37.52736415863037,1,1,0.5821250485565841,0.4942736313294186,1,62.24590647936259,14.857856405242508,0.1259306647752037,0.942854060420142,-0.0052256034262343,1.512159416795731,0.0701297690735362,-0.0109306409911803,0.0824291921931559,1,,
2025-05-15,40.84752745405749,40.95453143002187,40.740519767187045,40.94480514526367,189100,0.005014287141535,0.0186349592016836,0.0792307034875241,0.0554162004196714,0.1347374483809478,39.95401763916016,39.32880470275879,37.54756921768188,1,1,0.5896721384196653,0.513353332747468,1,63.97670320918592,14.882606309640543,0.1260226926080347,0.9171447327759404,-0.000237518960766,1.4622224634005068,0.0701388377736983,-0.0173675946592394,0.0865915429459009,1,,
2025-05-16,40.964262168574805,41.12963498880558,40.83779819898849,41.1004524230957,170600,0.0038013925644493,0.0136756647925275,0.0844455936635304,0.0486472465828957,0.1697263373931592,40.10139541625976,39.34475845336914,37.56821456909179,1,1,0.6012814972173004,0.5309389656414345,1,65.2826312898575,15.199863034740025,0.1248617833893088,0.8248522211103928,0.0,1.283615552805803,0.0699623162448431,-0.0406435265007828,0.0727745411402898,1,,
2025-05-19,41.25609738318767,41.58684672192696,41.24637109862445,41.56739044189453,174600,0.0113608972960219,0.0220042483459061,0.0894950014262783,0.0605608202510801,0.1915287038055595,40.28428020477295,39.36149040222168,37.59013250350952,1,1,0.6407735547866622,0.5529058834704801,1,68.92248912489791,16.187109424183483,0.1272087673908063,0.9872580024044671,0.0,1.5979693862528928,0.0706798403290144,-0.0358559622039968,0.0869585986482013,1,,
2025-05-20,41.72304080961755,41.92732620239258,41.71331452415954,41.92732620239258,197600,0.0086590896534914,0.0237530138128918,0.1059789999777616,0.085095672272782,0.1965473541011451,40.44284534454346,39.40234764099121,37.61901588439942,1,1,0.6931251869985573,0.5809497441760956,1,71.41072319964789,17.549586850826678,0.1221403864551772,1.3244822914120742,0.0,2.24535068433274,0.0715323643718406,-0.0413418393724458,0.1184835599700004,1,,
2025-05-21,41.8981411157713,42.0829702156102,41.528479205187416,41.54793548583984,289900,-0.0090487696430089,0.019818475539479,0.0720381461621888,0.0653528327575143,0.1860470054592906,40.56882190704346,39.43386604309082,37.64542293548584,1,1,0.6959777740264741,0.6039553501461713,1,65.46128549209203,18.342412155089004,0.1135919397244851,1.0556386483502185,-0.0090487696430089,1.7244123447873974,0.072100034783176,-0.0302436710243646,0.1123081093551576,1,,
2025-05-22,41.31446780160056,41.63548715713439,41.25609895927345,41.48957061767578,464200,-0.0014047597667986,0.0133048739755725,0.0630609021820023,0.0721467960666613,0.1808007118519528,40.66269626617432,39.466551818847655,37.6741934967041,1,1,0.6856254493198506,0.6202893699809072,1,64.57004872024493,18.4169951480763,0.1138999956355776,1.1500139764771662,-0.010440818062274,1.9036791601035024,0.0719703486643617,-0.0238487570647968,0.0998210266383146,1,,
2025-05-23,40.662694938735925,41.28528107311983,40.63351237334483,41.24637222290039,722200,-0.0058616753838319,0.0035503210111305,0.0412573297367988,0.0712481557174837,0.1780879664606596,40.73322372436523,39.5041015625,37.70203769683838,1,1,0.6503008164272259,0.626291659270171,1,60.85230475304411,17.202442915120137,0.1089525248711698,1.1375075507759214,-0.0162412927598833,1.8799674639725092,0.0720402049313887,-0.0170347912978457,0.1014164702210043,1,,
2025-05-27,41.83977155979735,41.84950155541056,41.60630361776469,41.752220153808594,183100,0.0122640587195048,0.0044465074653274,0.0481073804320368,0.0759589001975835,0.1994828623919489,40.8246660232544,39.53581451416016,37.73178354263305,1,1,0.6555665279777969,0.6321466330116963,1,65.32444798241161,16.976756331215178,0.11407255665153,1.1996117028038162,-0.0041764182084664,2.0042660688205007,0.071438464472994,-0.0237166827850859,0.0783392251434575,1,,
2025-05-28,41.46038492530387,41.52848005352534,41.24637325556758,41.31446838378906,268800,-0.0104845147972233,-0.0146171452871837,0.0348441041488682,0.0646779931872578,0.1931954080936209,40.89908485412597,39.55118469238281,37.75755434036255,1,1,0.6173008727183955,0.6291774809530362,0,59.038936195169725,16.108271297435248,0.1223271502092164,1.0432595513409146,-0.0146171452871837,1.7066058988140589,0.0711008070915911,-0.0300922959112885,0.073784122236123,1,,
2025-05-29,41.68412810312113,41.68412810312113,41.382565013174215,41.59657669067383,236200,0.0068283174858776,0.001170724953363,0.0444554021193714,0.0841784690367686,0.2023488616750461,40.9827449798584,39.569667739868166,37.78396324157715,1,1,0.6027902570647328,0.6239000361753755,0,61.60303325889348,15.54863466699946,0.1226271094946434,1.3102581593481206,-0.0078886383100641,2.2211491843192825,0.071304845973116,-0.0187906871328149,0.0717672285759611,1,,
2025-05-30,41.48957370140904,41.48957370140904,41.11018176444349,41.333927154541016,282800,-0.0063142103756749,-0.0037513876576118,0.035331507109003,0.0746080889753169,0.1914316951475243,41.05181350708008,39.57978477478027,37.80973476409912,1,1,0.5636000367093601,0.6118400362821724,0,57.96493807483378,14.533731059951837,0.1260252270304069,1.1796984652797098,-0.0141530381638718,1.9686233055481448,0.0709339413035738,-0.0258867358184867,0.080092267813187,1,,
2025-06-02,41.37283254458566,41.97596611025151,41.236642291340495,41.96623611450195,824700,0.0152975776435864,0.0174527807612105,0.0504017683785746,0.0688799725930129,0.2191585884034284,41.11407203674317,39.61597267150879,37.836495361328126,1,1,0.5769132564653177,0.6048546803188015,0,63.546420051066974,14.363986429007028,0.1344563067984112,1.106092748568649,0.0,1.8174801311019209,0.0716156474152116,-0.0102786170268117,0.0496001914585115,1,,
2025-06-03,41.39228982056586,41.78140801997178,41.363107254427575,41.67440032958984,953000,-0.0069540614534947,-0.0018638487709654,0.0234113424132365,0.0505149831191695,0.2049347568836788,41.16271152496338,39.653522415161135,37.86054151535034,1,1,0.5574889841846513,0.5953815410919715,0,59.61213006936969,14.206366414558277,0.1232228209602878,0.8532268245335629,-0.0069540614534947,1.3328980062827824,0.0707143874311931,-0.0269444194177966,0.0135762275176645,1,,
2025-06-04,41.859228689097336,42.092700346771245,41.81058984276289,41.90787124633789,308700,0.0056022621777782,0.0143630763207802,0.0296366818020741,0.0252261565958513,0.1973118973331933,41.23372535705566,39.69574157714844,37.88421012878418,1,1,0.5545418470194861,0.5872136022774744,0,61.65733352394842,14.532207117186694,0.1240199231490446,0.5027568454992355,-0.0013907577511792,0.6656221927950691,0.0711296422853773,-0.0263778624154158,7.645756476892807e-05,1,,
2025-06-05,42.18025058049456,42.18997686512829,41.77167611866396,41.86895751953125,194400,-0.0009285541271686,0.0065481549331074,0.0341181769016674,0.0388606744755009,0.204507061914541,41.31738529205322,39.73095657348633,37.90623582839966,1,1,0.5428090422927454,0.5783326902805287,0,61.10194699935073,14.978094818923884,0.1219720320785727,0.703143059668036,-0.0023180204844981,1.0253851893606427,0.071408696300292,-0.0256045156304758,0.0002219071729367,1,,
2025-06-06,41.83977124381806,41.98569148966599,41.820318674550606,41.86895751953125,220700,0.0,0.0129440970607472,0.0416262498603738,0.0279435885347023,0.1988459477425879,41.40104522705078,39.780763473510746,37.9261372756958,1,1,0.5274308158852676,0.5681523154014765,0,61.10194699935074,15.392133399108417,0.1178806370941054,0.5448783581492147,-0.0023180204844981,0.7373248716806358,0.0706828554809838,-0.0244206370717792,-0.014858447713544,0,,
2025-06-09,41.82031983857344,42.02460521972179,41.81058984276289,41.90787124633789,204100,0.000929417141291,-0.0013907577511792,0.0425943551518128,0.0507317076903168,0.195662683699088,41.46914081573486,39.82998680114746,37.94604021072388,1,1,0.5124759692328169,0.5570170461677446,0,61.50410286834192,15.840713476687004,0.1177287847822712,0.8844073206894186,-0.0013907577511792,1.3386165422686949,0.0706848422996474,-0.0175954982184909,-0.0207231825633981,0,,
2025-06-10,42.08297112261694,42.09270111860591,41.90787201478343,42.03433227539063,470900,0.0030175961052612,0.0086367636475679,0.0367082891141872,0.0515940183371088,0.1861997099910974,41.53723621368408,39.88563049316407,37.96445119857788,1,1,0.5050070863471205,0.5466150542036198,0,62.84836226175717,16.37421367639184,0.1152736672976184,0.8969153719966371,0.0,1.3613696359239769,0.0704984308841231,-0.029886597790573,-0.0335465554030665,0,,
2025-06-11,42.16079917663086,42.18025545905463,41.90787492693475,41.93705749511719,152500,-0.0023141745094495,0.000696438351825,0.0310931349671432,0.052233369573738,0.166920550078012,41.58636245727539,39.95002944946289,37.9842586517334,1,1,0.4856405194336943,0.5344201472496347,0,61.08148472175698,17.023711617509015,0.1159908812177718,0.906304064311388,-0.0023141745094495,1.3782396799385823,0.0705364636026122,-0.000404007314959,-0.025046630565912,0,,
2025-06-12,42.28725905139604,42.452631869582895,42.248346490326405,42.38453674316406,231200,0.0106702585916758,0.0123141165717417,0.034916870692349,0.0765998757596302,0.1771580202334874,41.668563270568846,40.0185139465332,38.00273092269897,1,1,0.5006292686256728,0.5276619715248424,0,65.83919417136279,18.08536360606446,0.1188873833131832,1.259478431552633,0.0,2.021178972596248,0.0710069011114725,0.0059306702769845,-0.0196633698741194,0,,
2025-06-13,41.67439913636138,41.92732336109914,41.557665164244426,41.6646728515625,309700,-0.0169841160695867,-0.0048791438829938,0.0226838627352004,0.0372971897993299,0.1709819028751824,41.70455665588379,40.07007186889648,38.017796993255615,1,1,0.4492423740058768,0.5119780520210493,0,54.3322169708571,17.277319662923677,0.133545327986833,0.6891829045998074,-0.0169841160695867,0.9841307836567807,0.0705901063783143,0.0065640784343015,-0.0250415224279031,0,,
2025-06-16,42.325322866483134,42.47456361444652,41.98703852414116,41.99698638916016,181200,0.0079759065619353,0.0021264535795304,0.0256975516225701,0.0357872137045485,0.1745840854574452,41.74938335418701,40.14189521789551,38.03476602554321,1,1,0.4303717573000725,0.4956567930768539,0,57.98298523291771,17.457737069487163,0.135024310106121,0.6670843105253359,-0.0091436732304596,0.9442882656157312,0.0704825490092238,0.0049004409886934,-0.028199170097146,0,,
2025-06-17,41.88754180500019,41.92734085683198,41.45971148642464,41.52936172485352,263400,-0.0111347195242403,-0.012013288262289,0.0104356345604799,0.0210692483384031,0.1703549129668191,41.74748191833496,40.24853080749512,38.05036249160767,1,1,0.3733791726166586,0.4712012689848149,0,51.71761312288405,16.541291091769224,0.1412296725430857,0.4462571123798385,-0.0201765805178575,0.5559372164469227,0.0702984481211186,0.0048044703823,-0.0441950495279199,0,,
2025-06-18,41.52935940201363,41.71839919447146,41.340315814109545,41.45970916748047,171300,-0.0016771882465839,-0.0113824945322474,-0.0025905228418076,0.015470573918032,0.165221416871566,41.72410106658936,40.37789855957031,38.0653692817688,1,1,0.3189155000102417,0.4407441151899003,0,50.8364708590439,15.466392377257526,0.1357491823489087,0.3620660071614496,-0.0218199288407405,0.4082095223658537,0.0701911249351331,-0.0069144948772712,-0.038938400875828,0,,
2025-06-20,41.5293605384883,41.5293605384883,41.08163070678711,41.08163070678711,215400,-0.0091191778303624,-0.0307401268597583,-0.0201705086444842,0.0230294365611827,0.1624821258154767,41.70078582763672,40.50593063354492,38.07824430465698,1,1,0.2424500616449449,0.4010853044809093,0,46.231999372564914,14.728712927493744,0.1352831612518216,0.476936965889657,-0.0307401268597583,0.6076591178067267,0.0697147600087873,-0.0254095384517836,-0.0323118791810856,0,,
2025-06-23,40.72344839447929,41.40001710030836,40.70354886837296,41.3602180480957,250300,0.0067813116596311,-0.0073072649472484,-0.0045180930303531,0.0392820642985463,0.1706230574564788,41.69431819915771,40.58194511413574,38.095022735595705,1,1,0.2020017703617611,0.3612685976570796,0,49.837361498112976,14.675594813460672,0.1344321659774455,0.72060691465631,-0.0241672735808199,1.0365040618282435,0.0695010297272197,-0.0360472094607472,-0.0262324893701909,0,,
2025-06-24,41.75820008494242,41.92734036005375,41.64875459142501,41.82784652709961,241100,0.0113062382422675,-0.0040274285514975,0.0081532757362332,0.0510324349184214,0.2112039345584939,41.72339191436768,40.67937477111816,38.11481517791748,1,1,0.2053131955121543,0.3300775172280946,0,55.26038519557442,13.628708956695569,0.1400678183421223,0.8920975589395215,-0.0131342762913231,1.3465515884277708,0.0695188358191483,-0.0340628174061817,-0.0085397741323551,0,,
2025-06-25,41.55920695743166,41.71839936104394,41.44976146830204,41.6786003112793,368200,-0.0035681066134642,0.003593568025787,0.0104791782909559,0.0391538963866326,0.2062027096683167,41.71971092224121,40.75475288391113,38.13477869033814,1,1,0.1936621843763717,0.30279445065775,0,53.280603409613626,12.993603739507057,0.138992192847786,0.7175892581115983,-0.0166555184066892,1.033122198790577,0.0692319900427753,-0.0389812173811546,-0.0179389357990503,0,,
2025-06-26,41.80794809941179,41.937293122006274,41.71840212922277,41.92734146118164,96700,0.0059680782954467,0.0112791986024822,0.0041942992906227,0.0647236857745043,0.2093158129443542,41.75035457611084,40.8374405670166,38.158641204833984,1,1,0.202169521690962,0.2826694648643924,0,56.10330050935296,12.12609331764327,0.1339151819990656,1.1007325911416213,-0.0107868415491448,1.7078115521604946,0.0691045134781139,-0.0326707889383931,-0.0135046756648551,0,,
2025-06-27,42.36512254923704,42.69345523600999,42.16613108687193,42.39496994018555,2882700,0.0111533062366202,0.0319690141506836,0.0261531032266761,0.074740465288819,0.2190412455786996,41.79027423858643,40.92656234741211,38.18334524154663,1,1,0.2438345846164864,0.2749024888148113,0,60.887611363284826,12.49304501029446,0.1330695820855486,1.2435143288389867,0.0,1.9721162122750424,0.0695298101151277,-0.0220953466033048,-0.0117782062387926,0,,
2025-06-30,42.385019609273,42.61386226521232,42.2656262462869,42.58401107788086,591300,0.0044590463906928,0.0295886503393687,0.0237383569938922,0.0848835949294999,0.2169877893961089,41.85277843475342,41.02024322509766,38.20942897796631,1,1,0.2887796154470337,0.2776779141412557,1,62.65938814152079,12.83378586775628,0.1320705534099512,1.3903749188944523,0.0,2.2397547709901264,0.0695075170018825,-0.0252062667930195,-0.0271917273864321,0,,
2025-07-01,42.394969762680354,42.653656005859375,42.37507023698251,42.653656005859375,252700,0.0016354713005108,0.0197430551014559,0.0319284651173865,0.1016745918846109,0.2139159009260323,41.88714942932129,41.11025840759277,38.23508850097656,1,1,0.3262577436521852,0.2873938800434417,1,63.31864982221487,13.209305154664468,0.1292498398197673,1.63885356231997,0.0,2.682805228161805,0.0696437298494468,-0.0181889153544326,-0.0051822434066968,0,,
2025-07-02,42.80290117520328,43.09143860886096,42.74320259723898,43.051639556884766,256300,0.0093305847210545,0.0329435066281218,0.0258637310103617,0.105012703153523,0.2272811600532247,41.95601139068604,41.21309730529785,38.26211032867432,1,1,0.3836508881266027,0.3066452816600739,1,66.91355039169707,14.17791837675882,0.122729285010581,1.6845563558889458,0.0,2.770885270564009,0.0699763176002589,-0.0228906652962059,-0.0038653092480851,0,,
2025-07-03,42.97204011554818,43.05163821702331,42.783000317714325,42.86259841918945,247400,-0.0043910322496668,0.0223066124732405,0.0285114621974769,0.0966009991446721,0.2304225279931597,42.00374774932861,41.295228805542,38.28765590667725,1,1,0.4091647323502201,0.3271491717981031,1,63.71916347459088,15.07734494013215,0.1208789875028883,1.5636982677965874,-0.0043910322496668,2.5489324397298727,0.0691242544587779,-0.022486696557506,-0.0129714754310588,0,,
2025-07-07,42.59395988340517,42.70340157812853,42.33526985292296,42.46461486816406,212000,-0.0092851008968979,0.0016427639429106,0.0132849415937541,0.1056817961720746,0.216619703963381,42.03353061676025,41.36395301818848,38.30952180862427,1,1,0.392743389909711,0.3402680154204247,1,57.49608597383678,14.901572099626854,0.1252298753014463,1.7034772517635437,-0.0136353619690849,2.788540086924953,0.0689966062020165,-0.0299880052088956,-0.0467384799390043,0,,
2025-07-08,42.5641106587926,43.06158742215557,42.5143637415456,43.051639556884766,356500,0.0138238552390781,0.0109813159250937,0.0282472291506616,0.1893512463248152,0.2452380032902612,42.09266471862793,41.432744140625,38.33499872207641,1,1,0.4222301379250979,0.3566604399213593,1,63.204389805966734,15.286046409867382,0.1330570608233739,3.189144763707726,0.0,4.996258201613259,0.0699887323249091,-0.0198850287003092,-0.0341038500980951,0,,
2025-07-09,43.43967103067651,43.628710835288594,43.34017719571152,43.6187629699707,161800,0.0131730967490004,0.0226265941653103,0.0417924293821549,0.2465594616236217,0.2684228584626127,42.17820930480957,41.50840293884277,38.36384231567383,1,1,0.4857611656143845,0.3824805850599643,1,67.71545150509922,16.38411424388213,0.1390496417909095,4.228728756657111,0.0,6.50576511236265,0.0704880103773686,-0.0027566105286688,0.0045291696210352,1,,
2025-07-10,43.44961866245605,43.54911629233277,43.30037791081072,43.52921676635742,121900,-0.0020529285453356,0.0110931247773182,0.0386883292279183,0.2551667493293761,0.2347321648655029,42.25295352935791,41.58051979064941,38.38687931060791,1,1,0.5228571606312613,0.4105559001742238,1,66.33263581919002,17.31284580498673,0.1397179392737168,4.380980536937045,-0.0020529285453356,10.0,0.0701454784378069,-0.0076305448847723,-0.0071771074741465,0,,
2025-07-11,43.141186392905205,43.15113425837588,42.98199397724841,43.06158828735352,114900,-0.010742864534271,0.0046425059493122,0.0244384995872601,0.1464901062320156,0.2177714455361294,42.30918006896973,41.645229721069335,38.41052312850952,1,1,0.5086587918990801,0.430176478519195,1,59.49938371935943,17.459766780781084,0.1462432063602813,3.941235886310067,-0.0127737387463455,6.109700005785237,0.0696367039222603,-0.0122233495278669,0.0056338524938137,1,,
2025-07-14,42.782999985226006,42.96209191670685,42.75315259512799,42.90239334106445,117800,-0.0036969130173915,0.0103092533456272,0.023018683322254,0.1608932554863085,0.2209949237961455,42.335072898864745,41.70481010437012,38.43366064071655,1,1,0.4790387204887167,0.4399489269130994,1,57.33404529958671,17.11414331710042,0.146738377519715,4.4287634379145695,-0.0164234283626849,8.530890239015042,0.0692471314536628,-0.0182789451454964,-0.0282063015833093,0,,
2025-07-15,42.89244614095213,42.89244614095213,42.30542342209944,42.34522247314453,239000,-0.0129869413925357,-0.0164085988596749,-0.0009275616307372,0.1170024670452682,0.2125231091714123,42.369100379943845,41.75266342163086,38.45111560821533,1,1,0.4059263021936701,0.4331444019692135,0,50.41821136345834,15.936947396433805,0.1501918568040222,3.422357918822569,-0.02919707965361,6.203710659220866,0.068641144827522,-0.0333172726441969,-0.0441792076196814,0,,
2025-07-16,42.34522294412266,42.6437082393879,42.235777450254574,42.52431488037109,870600,0.0042293415116696,-0.0250912225629389,0.0206323959837919,0.1251915148149369,0.2203710499258195,42.3954668045044,41.78872840881348,38.471252326965335,1,1,0.3583051260182515,0.4181765467790211,0,52.40550547772701,14.879277803653546,0.1374015602310186,3.651896157734864,-0.0250912225629389,6.876534776702583,0.0687017685283792,-0.0267507437914157,-0.0310703277821294,0,,
2025-07-17,42.60390726708287,42.77305133055665,42.49446177814918,42.76309967041016,215000,0.0056152530784052,-0.0176000661822008,0.0182421013296263,0.1271576449532196,0.2190556994148147,42.45715370178223,41.82995819091797,38.486644763946536,1,1,0.3359601977241837,0.4017332769680537,0,54.9955632802802,13.98031697935495,0.1361307770547235,3.700908049485312,-0.0196168630492712,6.984530612453994,0.0686673236134996,-0.0257542529497147,-0.0379832413483727,0,,
2025-07-18,43.08148687514059,43.08148687514059,42.63375702978332,42.70340347290039,190100,-0.001395974519384,-0.0083179657021226,0.0282701611410574,0.1267398532236079,0.2116419331086136,42.51933841705322,41.87427436828613,38.50164216995239,1,1,0.3098627914505627,0.3833591798645555,0,54.20143941133088,13.703750389354536,0.1292946900208773,3.688665981016678,-0.0209854529276882,6.984405929629356,0.0686217252163344,-0.023851492452512,-0.0590263467180823,0,,
2025-07-21,42.73325283248322,43.01183859304052,42.61385947730815,42.81284713745117,559400,0.0025628792004888,-0.0020872076506643,0.0326374206945005,0.1221388318394152,0.1872212144000435,42.60589923858642,41.92661613464355,38.52066280364991,1,1,0.2946154544601711,0.3656104347836786,0,55.47093959370368,13.40347870492913,0.128873331445862,3.5733027030317324,-0.0184763569080206,6.730851895750127,0.0686673890108594,-0.0217083844386569,-0.0633078201980412,0,,
2025-07-22,42.69345370744757,42.96209160270541,42.58400821729293,42.94219207763672,156000,0.0030211711865433,0.0140976849246874,0.0452893748091218,0.132749615885771,0.1837825389247249,42.68499794006348,41.98154479980469,38.543226890563965,1,1,0.2896302089758436,0.3504143896221117,0,56.98837526252559,13.055444916693714,0.1229197489289863,3.8903135428980606,-0.0155110059586002,10.0,0.0688649889106759,-0.0121892565936442,-0.0770893122227891,0,,
2025-07-23,43.25063057856928,44.17593765258789,43.22077939216946,44.17593765258789,503700,0.0287303818286834,0.0388394916382104,0.0680779680904468,0.13984701651896,0.1897171605304819,42.80240249633789,42.05414436340332,38.57278039932251,1,1,0.3808422111255254,0.3564999539227945,1,68.14067007340472,14.55693388572813,0.1531587321498349,3.947471094162928,0.0,10.0,0.0702458933857427,0.0107173039226391,-0.0551821521275147,0,,
2025-07-24,43.26057880542688,43.3899238263836,43.18098449707031,43.18098449707031,228000,-0.022522513576105,0.0097720892517363,0.0323501705758155,0.1063989251555705,0.1586719145683317,42.87752170562744,42.1043155670166,38.600062732696536,1,1,0.3685950413026404,0.3589189713987636,1,55.61662237643349,15.857665812140388,0.173974528328136,2.894093479326746,-0.022522513576105,10.0,0.0686410488417869,-0.0126266064012479,-0.0690048556557098,0,,
2025-07-25,43.0814881088356,43.49937057495117,42.99194213719988,43.49937057495117,207100,0.0073732936288763,0.0186394300528272,0.0436859743387094,0.0981338723641116,0.1536640225263512,42.95612316131592,42.155212326049806,38.6269575881958,1,1,0.3801974866421318,0.3631746744474373,1,58.26038735914042,16.61432443502407,0.1740282416168792,2.721908132569427,-0.0153152850530855,10.0,0.0688562864211147,-0.0054267343958835,-0.0604783257231412,0,,
2025-07-28,42.922295435880265,42.96209448869115,42.48451724130022,42.58401107788086,339800,-0.0210430515423921,-0.005345032504744,0.0156620857372318,0.0689878558483123,0.1189941791596695,42.96557521820069,42.19208213806152,38.65019292831421,1,1,0.3119348558837913,0.3529267107347081,0,49.18866344208502,16.224984440450424,0.1908007445557708,1.8763995301706449,-0.0360360562627192,7.657647679748134,0.0674242702809945,-0.0243145217663899,-0.0785749562743151,0,,
2025-07-29,42.84269928634168,42.84269928634168,42.55416185902036,42.69345474243164,240600,0.0025700647210198,-0.0057923762893933,0.0070405711495307,0.0693849310980765,0.1210103226238121,42.97104740142822,42.227055130004885,38.67436170578003,1,1,0.2636284733349185,0.3350670632547502,0,50.18737370911366,15.863454445489182,0.1872205999718773,1.886292137305121,-0.0335586065385847,7.701723007610588,0.0677763251486668,-0.0252191824421416,-0.0754425637977331,0,,
2025-07-30,42.56410942478854,42.64370752643325,42.09648386168821,42.25567626953125,463600,-0.0102539950337,-0.0434684917875002,-0.0077102837435657,0.06100484369461,0.120968708205555,42.951148414611815,42.25015960693359,38.69643817901611,1,1,0.1878547800714045,0.3056246066180811,0,46.26973512687381,14.824376939947731,0.1901167922069684,1.6574114033354896,-0.0434684917875002,5.613706944560684,0.0671659311872196,-0.0336882385627361,-0.0757453257364294,0,,
2025-07-31,41.94723875947806,42.01688519976528,41.59900655804195,41.72834777832031,293800,-0.0124794711093328,-0.0336406577031275,-0.0216935267497808,0.0452109482113571,0.1107057946123006,42.88498382568359,42.25337875366211,38.71597455978394,1,1,0.0842810406934617,0.2613558934331572,0,42.01523791430923,14.678252767525,0.1945421113776508,1.238887086992679,-0.0554054991094047,3.2640043935337664,0.066577483110161,-0.0440276065902033,-0.0857125911575286,0,,
2025-08-01,41.181125325985086,41.26072342889773,40.87269216581472,41.220924377441406,742300,-0.0121601603680684,-0.0523788314036386,-0.0425237040513731,0.0317468486362924,0.088462376451748,42.80290012359619,42.23925071716309,38.73215307235718,1,1,-0.0383051636265321,0.2014236820212193,0,38.3600913093479,15.504641440378949,0.1944456026546311,0.8869185383370422,-0.0668919197230298,1.8983966207148637,0.06686381945836,-0.0444793074091018,-0.0759484239314247,0,,
2025-08-04,41.60895506896343,41.64875411987305,41.44976266077133,41.64875411987305,267300,0.0103789458604615,-0.0219626318501877,-0.0283194286880417,0.0227815403835374,0.1083001322898487,42.76210708618164,42.24126708984375,38.75047073364258,1,1,-0.099783091676123,0.1411823272817509,0,42.87269192623459,15.536186480806393,0.1988351134868005,0.6718731263128517,-0.057207241475876,1.362289522788913,0.0665462974755883,-0.0372945358090914,-0.0842988466991792,0,,
2025-08-05,41.58905674170136,41.64875531978573,41.40996480289477,41.6189079284668,225200,-0.0007166166680604,-0.0251688887780937,-0.0199155683460889,0.0225371269230771,0.1273505614150816,42.69047050476074,42.24385383605957,38.7724048614502,1,1,-0.1491933230331241,0.0831071972187759,0,42.63817931982859,15.619105411455491,0.1966992926424883,0.6655082926506884,-0.0578828624811611,1.3476740977207222,0.0668374730105221,-0.0312933245611047,-0.0851290509493487,0,,
2025-08-06,41.75819833707003,41.90743908025447,41.72834715207612,41.80794525146485,321100,0.0045421019533469,-0.0105957603236666,-0.0288884306897674,0.0326112395628996,0.1131125789610316,42.599929618835446,42.25508529663086,38.794222068786624,1,1,-0.1711249335376763,0.0322607710674854,0,44.70138725219015,15.205597607507649,0.1904839918263855,0.9268398801085568,-0.0536036703905552,1.9500854302986887,0.0666306924099644,-0.0479797219266044,-0.0908019727505026,0,,
2025-08-07,42.38501924628884,42.41487043336465,42.08653394365655,42.275577545166016,325400,0.0111852493799555,0.0131141009884414,-0.0307937532691929,0.0517422431287157,0.1241074802117307,42.53724765777588,42.26555244445801,38.81784637451172,1,1,-0.1490536769307553,-0.0040021185321627,0,49.53682973799468,14.284723350165368,0.1886934926674401,1.4095033389897555,-0.0430179914315989,3.094080317360045,0.067432449805085,-0.0433486568272417,-0.0692834072155915,0,,
2025-08-08,42.31537032785153,42.643706798360576,42.29547080278011,42.46461486816406,320200,0.0044715491537894,0.0301713391804303,-0.024457180194801,0.0564451602659827,0.1178570424373881,42.507398986816405,42.28855537414551,38.84067783355713,1,1,-0.1149828640573318,-0.0261982676371965,0,51.38737127890214,13.785209256193642,0.1897687378841026,1.5261517357972845,-0.0387387993409932,3.3753051438986823,0.067209909705131,-0.041849721436837,-0.0658914173034972,0,,
2025-08-11,42.186030772178704,42.22582602844505,41.98703930906111,42.13628005981445,186400,-0.0077319624673144,0.0117056548327523,-0.0214880190058112,0.0392226650409073,0.1212735110895275,42.46909332275391,42.29934944152832,38.86452291488647,1,1,-0.1131708117421368,-0.0435927764581845,0,48.08882540218999,12.807563141945533,0.1881225640867145,1.09065769239472,-0.0461712348657743,2.3454351523876293,0.0668223826745202,-0.0404143374000283,-0.0804718887052802,0,,
2025-08-12,42.22582742354857,42.683508942474376,42.22582742354857,42.67355728149414,128800,0.012750941016079,0.0253406301491629,-0.0053338763120069,0.0492012216808204,0.1308869269463684,42.48551006317139,42.32614204406738,38.891440620422365,1,1,-0.0676016953869336,-0.0483945602439344,0,53.36418296958944,12.59465149227964,0.1936620218327779,1.3287416322588528,-0.0340090205421081,2.942132431599378,0.066961557015872,-0.033006052233661,-0.051065213105783,0,,
2025-08-13,42.92229422151948,43.09143829345703,42.892446830479045,43.09143829345703,178100,0.0097925047402624,0.0306997398286923,0.0176221962415181,0.0521775132882544,0.1303055733691978,42.51386623382568,42.348646087646486,38.92223402023316,1,1,0.0022062308643242,-0.0382744020222826,1,57.02242042094303,12.956673190412603,0.1907413626987665,1.3980590121438985,-0.024549549296716,3.120108582698535,0.0673866040979248,-0.0182768036976879,-0.0453568488857317,0,,
2025-08-14,42.90239601937356,43.38992492893935,42.90239601937356,43.28047943115234,132500,0.0043869767448447,0.0237702698422679,0.0177819337691502,0.0623447841142077,0.1232264268305129,42.53973522186279,42.38076766967774,38.953103618621824,1,1,0.0719541130612029,-0.0162286990055855,1,58.604378872986175,13.669758537526343,0.1907767998543016,1.651549436920056,-0.0202702708537324,3.728090584282697,0.067675936038841,-0.0149316751447885,-0.0349898918406836,0,,
2025-08-15,43.52921754812916,43.688409963344455,43.52921754812916,43.66851043701172,108600,0.0089654969390216,0.0283505589909451,0.0211727113698461,0.0665213885396427,0.1256239515588217,42.58799057006836,42.41598045349121,38.98678237915039,1,1,0.1567339401722023,0.018363828829972,1,61.71917217061244,14.68728136812395,0.1921662138334432,1.7473946268988014,-0.0114865069660031,3.977842987053296,0.068442929187411,-0.0032678487274626,-0.0241793083563649,0,,
2025-08-18,43.27052830407301,43.360074268653946,43.17103067929067,43.330223083496094,233800,-0.0077467115349303,0.0283352735928938,0.0146784462037898,0.0542517303081415,0.105538174192886,42.61385936737061,42.445205764770506,39.016017837524416,1,1,0.194384854122056,0.0535680338883888,1,57.64674230118533,14.928494713598589,0.194438076498469,1.4394660471377103,-0.0191442358449238,3.244142518359204,0.0679274917212689,-0.0101168178572728,-0.0290845791390471,0,,
2025-08-19,43.6983555253084,43.83765220229476,43.57896216905217,43.59886169433594,159600,0.0061997975482883,0.0216833203460884,0.0183593152392145,0.0488717533346512,0.1123922870547862,42.64669284820557,42.4798038482666,39.048479347229005,1,1,0.2430980821084887,0.0914740435324088,1,59.909028056298,15.735206198834543,0.19526805996549,1.315490703231457,-0.0130631286830907,2.9224308983175797,0.0687214578046672,0.0007874013354318,-0.0277077949699793,0,,
2025-08-20,43.82770221889043,43.92719984911629,43.6784614667214,43.74810791015625,120200,0.003423167716319,0.0152389811690023,0.018767459077601,0.0434270885525671,0.1322182181205793,42.625301361083984,42.51660858154297,39.0824595451355,1,1,0.290399049090837,0.1312590446440944,1,61.1505796234619,16.588159667240358,0.1953270332487375,1.18513157954477,-0.0096846782471538,2.5968510796196846,0.0691404147446767,0.0039995045139429,-0.0334387049578002,0,,
2025-08-21,43.37996999816411,43.41976904807704,43.28047616882808,43.330223083496094,111500,-0.0095520662863488,0.0011493322855373,-0.0191442358449238,0.0428971398173005,0.1110534221790706,42.63276329040527,42.54252639770508,39.11608833312988,1,1,0.29081327865579,0.1631698914464335,1,55.927996108970575,16.59404644890706,0.1701370019207464,1.1709769919163535,-0.0191442358449238,2.565161229086549,0.0687558103801827,-0.0212123860020887,-0.0463831177481431,0,,
2025-08-22,43.41977070085198,44.02669295106463,43.41977070085198,43.95704650878906,115100,0.0144661942793393,0.0066074173103187,0.0179723093569439,0.0594721963707685,0.1359097208606281,42.655647087097165,42.582926177978514,39.15260984420777,1,1,0.3378267143365434,0.1981012560244555,1,61.271096307493934,17.337650620072495,0.1586736762803023,1.5606177644781851,-0.0049549858006466,3.556315712158292,0.0686955030001428,0.0007933176907226,-0.0455027066700934,0,,
2025-08-25,43.69835667555724,43.7182562013648,42.693455292676965,42.743202209472656,350400,-0.0276143279797859,-0.0135476079338956,-0.0173834323458912,0.0362899791158168,0.1101237289163288,42.66360664367676,42.59009948730469,39.18315870285034,1,1,0.2739798413279999,0.2132769730851644,1,48.90605433346892,16.77804894490473,0.1848140941664627,0.9436618499821896,-0.0324324851773983,2.170066531911542,0.067093806831279,-0.0255964949816879,-0.0686616328315652,0,,
2025-08-26,42.3651237487793,42.44471805871113,42.23577872526268,42.3651237487793,278400,-0.0088453471230466,-0.0282974806591549,-0.0051401294420397,0.0146795450089327,0.0917534873007956,42.64719009399414,42.60410850524902,39.209644622802735,1,1,0.1906749799545579,0.2087565744590431,0,45.805353811660666,15.58954538872498,0.1723659345533588,0.4350026566974098,-0.0409909557109878,0.8778067693538556,0.0662230668033151,-0.0178155947802373,-0.0730054559284438,0,,
2025-08-27,42.22582532000925,42.444716305310855,42.06663291127529,42.34522247314453,123600,-0.0004697561077072,-0.0320673396868447,-0.008156572743714,0.0249489859044129,0.0912406294320253,42.6516674041748,42.61107322692871,39.24061748504639,1,1,0.1216471380306671,0.191334687173368,0,45.64131786312591,14.701513490969456,0.1720742642198772,0.6841129679719022,-0.0414414560668892,1.4918983321404622,0.0660414817199506,-0.0255965991798877,-0.0711570737182083,0,,
2025-08-28,42.71335340196117,42.7332529271088,42.534261471078814,42.68350601196289,119300,0.0079887061411212,-0.0149253113764726,0.0101247874889682,0.0261302589723149,0.112508333204907,42.699425315856935,42.6341561126709,39.26990230560303,1,1,0.0931647847706074,0.1717007066928159,0,48.98558048727611,13.846039266050903,0.1704188443423256,0.711655098934634,-0.0337838135403464,1.5625360456955304,0.066334154408246,-0.0123839089888458,-0.0697104312762149,0,,
2025-08-29,42.414867714469615,42.53426106877983,42.35516913959136,42.37506866455078,197200,-0.0072261483704189,-0.0359891751126174,0.0154983583262424,0.0251885456254157,0.1016759038539123,42.7571325302124,42.652463302612304,39.301410598754885,1,1,0.045183155103551,0.1463971963749629,0,46.19498393055321,12.931796121828253,0.1662854344206338,0.6886609243308275,-0.0407658350616042,1.5062235135158235,0.0662499073200154,-0.004920218891476,-0.0660337477021369,0,,
2025-09-02,41.8377933555068,42.18602935311012,41.8377933555068,42.07658386230469,403300,-0.0070438777246346,-0.0155958915736134,0.020757891720923,0.0026294411417231,0.0716905295685126,42.77852401733399,42.672362365722655,39.33137819290161,1,1,-0.0167349509982841,0.1137707669003135,0,43.60608081756527,12.80743184714105,0.162160156864575,0.1446633332654497,-0.0475225632287222,0.1572352026181712,0.0662743573250138,-0.0088158609263004,-0.0745827243483553,0,,
2025-09-03,42.24572690623413,42.414870983703246,42.1362814082447,42.32532501220703,318300,0.0059116289173177,-0.0009394221720741,0.0162446850243511,0.0156192933184218,0.0669232847759047,42.813844871521,42.69166450500488,39.36732076644898,1,1,-0.0452129771428673,0.0819740180916773,0,46.306627908852334,12.322182297059776,0.1596333109850962,0.4638858286665756,-0.0418918700704126,0.9340017963152748,0.0663067994820586,-0.0035989679759055,-0.0623294368974519,0,,
2025-09-04,42.2059257944867,42.3551703381826,42.08653243679783,42.34522247314453,191300,0.0004701076939577,0.0,0.017451552210983,0.0104360162852428,0.0359254334621426,42.84070873260498,42.70201202392578,39.40461805343628,1,1,-0.0654223115443954,0.0524947521644628,0,46.52721848711391,11.943978738744748,0.1595426526636953,0.3373828336435759,-0.0414414560668892,0.6240524304192477,0.0657881492520528,-0.0156996324248244,-0.0750951763808128,0,,
2025-09-05,42.4646158308334,42.59396084900675,42.19597792944864,42.34522247314453,158800,0.0,-0.0079253925093114,0.0128510793450404,0.0113751328389561,0.0506778526488274,42.84419097900391,42.715344467163085,39.44114288330079,1,1,-0.0805102822402474,0.0258937452835207,0,46.52721848711391,11.189196221783352,0.1590012877454376,0.360494598480408,-0.0414414560668892,0.6802096796773291,0.0659792411700104,-0.0097770444278999,-0.0760335282897388,0,,
2025-09-08,42.69345411454242,42.86259818151596,42.61385980895502,42.77305221557617,1093800,0.0101033768969562,0.0093919269883879,0.0117674245816905,0.0215934369902373,0.050140423643245,42.85961284637451,42.73225868225098,39.479855155944826,1,1,-0.0572849774662103,0.0092580007335745,0,51.49637998417685,10.726917950712748,0.1581404500435687,0.6070546289654399,-0.0317567778197354,1.2912433697442178,0.0664825308651344,-0.0140869706305538,-0.0594249424031747,0,,
2025-09-09,42.79295024470951,42.92229526811605,42.69345640851774,42.84270095825195,461200,0.0016283323042918,0.0182076828873365,0.008903556320049,0.0223067811394919,0.0741701499300893,42.89493389129639,42.7412133026123,39.51838460922241,1,1,-0.0328796682991239,0.0008304669270348,0,52.27393822056109,10.394184593030849,0.157570167509009,0.6242365917623315,-0.0301801561026477,1.3338998909588486,0.0664371953081897,-0.0114970307255489,-0.0600927561449599,0,,
2025-09-10,42.83274675740063,42.902393197694174,42.643706961667625,42.68350601196289,230600,-0.0037158008885618,0.0084625693873008,0.0129870494351096,0.01544389315665,0.0678347240004795,42.89543132781982,42.74320320129394,39.55674571990967,1,1,-0.0260833144585248,-0.004552289350077,0,50.28950357316585,9.989995359158025,0.1555373800138258,0.4578145092383741,-0.0337838135403464,0.923513225364655,0.065999539115534,-0.0123138913347955,-0.0638154879785027,0,,
2025-09-11,43.11133795440348,43.340176809139045,43.05163937668906,43.310325622558594,258600,0.0146852887487738,0.0227913113463067,0.0149218481333543,0.0327459342516174,0.0866897343111574,42.9063756942749,42.75633659362793,39.59925476074218,1,1,0.0295414139194818,0.0022664513038346,1,57.181991673076574,10.338892668666062,0.1575630860718281,0.863880449366895,-0.0195946498484472,1.9581398972103337,0.0664168137793503,-0.0081351638282924,-0.0584045416066101,0,,
2025-09-12,43.180984731143,43.32027761810692,43.07153923554377,43.2705307006836,196000,-0.0009188322023204,0.0218515377531882,0.0041561018689357,0.0209037074744584,0.0991048046295479,42.90587825775147,42.76071441650391,39.642482089996335,1,1,0.0696108635940433,0.0157353337618764,1,56.64501014281281,10.66286874178067,0.1541520491339872,0.5869471407384622,-0.0204954778554937,1.249998955315474,0.0663780050224659,-0.0149673527693026,-0.0651893832367053,0,,
2025-09-15,43.64861091067899,43.74810854234265,43.58891612712736,43.66851043701172,252200,0.0091974775877161,0.0209351022443391,0.0089654969390216,0.0480944034431334,0.0871853793359676,42.90587825775147,42.77683265686035,39.68784416198731,1,1,0.1319586921504978,0.0389800054396007,1,60.62713668141647,11.618214994234943,0.1566618540186221,1.250198073200088,-0.0114865069660031,2.875946964618301,0.0666337602666896,-0.01539950288317,-0.0560467509486579,0,,
2025-09-16,43.74810623624099,43.74810623624099,43.46951667771464,43.59886169433594,273900,-0.0015949420298235,0.01764969806224,-0.0015949420298235,0.0381426250524783,0.0752948570310323,42.91931018829346,42.79951759338379,39.73237520217896,1,1,0.1737468781604718,0.0659333799837749,1,59.59550078537578,12.227671643270693,0.153690690886543,1.0154734546999276,-0.0130631286830907,2.280850969946082,0.0666192041214307,-0.0266459236568692,-0.0548127861733197,0,,
2025-09-17,43.40982325208263,43.75805546680056,43.19093226257623,43.310325622558594,287300,-0.0066179725929593,0.0146852887487738,-0.0004592051349275,0.0428844514756709,0.0648572429720713,42.90488338470459,42.80469131469727,39.77681535720825,1,1,0.18148976599619,0.0890446571862579,1,55.39049901843667,12.167137638997469,0.1530250089975917,1.1362830382791838,-0.0195946498484472,2.564402492206928,0.0662606446177705,-0.0245386228942198,-0.0574380176414605,0,,
2025-09-18,43.4695184220767,43.6685098874532,43.38992411319401,43.6187629699707,194400,0.0071215661156667,0.0071215661156667,0.000456463193335,0.0520759514681719,0.068352170242744,42.898416137695314,42.80469131469727,39.8219769859314,1,1,0.2100925603505317,0.1132542378191127,1,58.74180770889227,12.11092749217233,0.1535263373796623,1.3541958383967396,-0.0126126283271894,3.1140353935688894,0.0664221764061564,-0.0334579834590573,-0.053695513962197,0,,
2025-09-19,43.59886090269243,43.61876042761487,43.36007419451573,43.45956802368164,204200,-0.0036496896163391,0.0043687313267699,-0.0065954826450362,0.057883226054648,0.0822456806982128,42.90488338470459,42.80329833984375,39.86426666259766,1,1,0.2174086279002551,0.1340851158353412,1,56.387220628807846,11.987215565845988,0.1535329387822276,1.501203386602774,-0.0162162857648882,3.4612985369703595,0.0658535853658198,-0.0475384677832009,-0.0553853250370629,0,,
2025-09-22,43.38992268480197,43.618761534045305,43.210830751403456,43.55906295776367,126000,0.0022893677642588,-0.0025063249960384,0.0052812992406388,0.0531632813712694,0.0945337091069637,42.88498420715332,42.81324783325195,39.90826076507568,1,1,0.2285999162731045,0.1529880759228938,1,57.53293425720918,11.508345375820388,0.1499509168119932,1.3913274401184357,-0.0139640430425155,3.179055497998496,0.0656935517246553,-0.0445381799530076,-0.054783044474422,0,,
2025-09-23,43.7978554604512,43.94709621477685,43.56901660079463,43.66851043701172,230400,0.0025126224444766,0.001597489933661,-0.0065640459196832,0.0440057058333034,0.0972838590707021,42.93124961853027,42.828570175170896,39.95198139190674,1,1,0.2434937454935664,0.1710892098370283,1,58.81465811539113,11.730735798286998,0.1411761939144346,1.1788020960747556,-0.0114865069660031,2.631451209636408,0.066219076695081,-0.0360493219629924,-0.0474656844463209,0,,
2025-09-24,43.151134174840266,43.35012564288768,43.14118630938885,43.19093322753906,232000,-0.0109364208829958,-0.0027566727634424,0.0104749058311588,0.0362855975240246,0.0768602164364398,42.972540092468265,42.84548439025879,39.99268650054932,1,1,0.2142905152611405,0.1797294709218508,1,51.509169401152185,10.942151063502168,0.1085290351502305,0.9808951168187608,-0.0222973065743432,2.169804521683469,0.0657039228006106,-0.0207155339115506,-0.0509600726482785,0,,
2025-09-25,42.83274841308594,42.9123465167533,42.69345552711453,42.83274841308594,165100,-0.0082930556875474,-0.0180201019782678,0.0110379629026839,0.0215946664002668,0.0877160385772672,42.99691638946533,42.85165306091309,40.02966957092285,1,1,0.1603952868291003,0.1758626341033007,0,46.812659212431015,10.977729997049648,0.1079439084205966,0.6172886420452752,-0.0304054494567873,1.2913168859496316,0.0654610408575237,-0.0115069564515124,-0.0527240904712259,0,,
2025-09-26,43.220781083266445,43.44961994557101,43.21083321770825,43.370025634765625,203500,0.0125436083740901,-0.0020603607672129,0.0242011519073026,0.0229993250603968,0.0994587706055585,43.03124237060547,42.86379158020019,40.06682855606079,1,1,0.1592015353786848,0.1725304143583775,0,53.64080178481485,10.44879461856515,0.1155479578139223,0.6506955568155298,-0.0182432351331212,1.3753126010581909,0.0659045816550527,-0.0020729405418019,-0.0521391969009024,0,,
2025-09-29,43.618761534045305,43.63866105947251,43.46951699106442,43.55906295776367,165000,0.0043587090445829,0.0,0.0205127700980183,0.0228971356901905,0.1097243218106625,43.09044208526611,42.88090476989746,40.10459478378296,1,1,0.17153189792446,0.172330711071594,0,55.79128476809514,10.292157234550247,0.1135130221271386,0.6482122069239035,-0.0139640430425155,1.3692018857145989,0.0660063385524218,-0.0049418864045014,-0.0503712202719867,0,,
2025-09-30,43.42972339783356,43.827702535270376,43.38992434545592,43.708309173583984,169800,0.0034262953719879,0.0009113829662148,0.0314628518855601,0.0247259734916915,0.1289145686400199,43.17202835083008,42.898814010620114,40.14523147583008,1,1,0.1911433399511111,0.1760932368474974,1,57.46873203960973,10.472425298540792,0.1097310037838505,0.6928642750468723,-0.0105855926065784,1.4785626459582517,0.0659839430430418,-0.0040145607402721,-0.0525501263978334,0,,
2025-10-01,43.96699476329507,44.31523077320336,43.96699476329507,44.26548385620117,467400,0.012747568898271,0.024879078740928,0.0520218086396853,0.0281950771633803,0.1361686215854523,43.269036293029785,42.92527984619141,40.18778503417969,1,1,0.248777141406407,0.1906300177592794,1,63.098131532284576,11.395201040496843,0.1117167192333781,0.7743293128903306,0.0,1.686007950614876,0.0665981401170756,0.0048854912386997,-0.0482760110710757,0,,
2025-10-02,44.63361334708204,44.693308126297545,44.32517640449888,44.5440673828125,325900,0.006293470721258,0.0399535176501475,0.0524211537646919,0.0392292820696156,0.1396198690579408,43.37897853851318,42.932642440795895,40.2330832862854,1,1,0.3133199493257734,0.2151680040725782,1,65.55313538702956,12.755410993177554,0.1118738890299948,1.0408721329077124,0.0,2.3458308371714303,0.066940177782531,0.0095522375596464,-0.0315963867291961,0,,
2025-10-03,44.514220782096935,44.693308918363584,44.514220782096935,44.6833610534668,457700,0.0031270981488331,0.030282099202828,0.0552161127930104,0.0522492949056778,0.1634528904121088,43.4958854675293,42.96268997192383,40.278595237731935,1,1,0.371428824422189,0.2464201681425004,1,66.7444556202311,14.0184641232543,0.1116569528782642,1.361419107793071,0.0,3.124400976614768,0.0671504979242835,0.0207081167006424,-0.0267565084625716,0,,
2025-10-06,43.93714784782268,44.1162397873265,43.84760187807077,43.96699523925781,671700,-0.0160320485594582,0.0093650380378862,0.03829883683199,0.0212618077219468,0.2146390038380314,43.55558261871338,42.97204246520996,40.32173231124878,1,1,0.3555769228722525,0.2682515190884508,1,56.01513217327377,13.716245399251031,0.1288270065174392,0.6045353549897131,-0.0160320485594582,1.2714126177390246,0.0658378283573209,-0.0021432924990023,-0.0593081747547367,0,,
2025-10-07,43.83765340848251,43.85755293431381,43.56901550292969,43.56901550292969,307000,-0.009051783824717,-0.0031868922245676,0.0186089896821453,-0.0011405061412508,0.2451377529022056,43.591898345947264,42.991742553710935,40.3629183959961,1,1,0.3073575119465843,0.2760727176600775,1,51.10047869867793,12.91402172284709,0.1303927076316493,0.0497401183204025,-0.0249387137463477,-0.0681999347166693,0.0654846624461174,-0.0150094830330889,-0.0709815457191226,0,,
2025-10-08,43.98689293777718,44.136137479644994,43.91724649702456,44.076438903808594,284500,0.0116464279723003,-0.0042707079178598,0.028796922648711,0.0125713756897667,0.2709459220884989,43.661544990539554,43.01940223693848,40.41063005447388,1,1,0.3065543414971969,0.2821690424275014,1,56.35805786652051,12.634671624771206,0.1356017029929482,0.3901935957138461,-0.013582732707416,0.7517425556345653,0.0658546302388472,-0.008768658379393,-0.0611707025815507,0,,
2025-10-09,44.13613981721452,44.156039343547256,43.60881565346008,43.66851043701172,202500,-0.0092550232492041,-0.019655972102328,0.0230769333890417,0.0140942815580362,0.1626490605927526,43.679454231262206,43.047658920288086,40.4562047958374,1,1,0.269890277936291,0.2797132895292594,0,51.55871777275868,11.800577662618638,0.139529168854892,0.4282535090783948,-0.0227120474496252,0.8428092119541057,0.0654347090052,-0.0085580917367515,-0.0603416686945905,0,,
2025-10-10,43.66850758705767,43.728206162159736,42.98199105289232,43.071537017822266,279900,-0.0136705697816402,-0.0360721306017215,-0.0055134336051251,0.0039425230991929,0.1654701039617607,43.66950454711914,43.07452270507813,40.498210983276365,1,1,0.1904673881120686,0.2618641092458212,0,45.457869186136406,11.892234701980728,0.1393787727031403,0.1769663177178768,-0.0360721306017215,0.2357548181976746,0.0663330166064702,-0.0012616861320465,-0.042082824024885,0,,
2025-10-13,43.0814862988348,43.22077918320562,42.991940330961214,43.13123321533203,134600,0.0013859778787337,-0.0190088501472016,-0.0032192229467934,0.0185619698346368,0.1377362331437777,43.64264068603516,43.112728881835935,40.53998062133789,1,1,0.1308329985854683,0.2356578871137506,0,46.14414301479411,11.977344809959812,0.1394631691346308,0.5378477277618853,-0.0347361478980404,1.1099678337081456,0.0654211260554084,-0.01441560298074,-0.0469109129838188,0,,
2025-10-14,42.9919398476151,44.09633884049077,42.98199198260607,43.90729904174805,208400,0.0179931286114987,0.0077643144999595,0.0054682104414978,0.0325221973656144,0.1617852153338628,43.65806255340576,43.15789978027344,40.584560508728025,1,1,0.1445283091994085,0.2174319715308822,0,54.21034799584191,11.672519175974571,0.1498093288516477,0.8613854811556366,-0.0173680312631392,1.944760889007556,0.0666797163862489,0.0006896822177717,-0.0294323157240865,0,,
2025-10-15,44.2356341666526,44.33513179947063,43.88740194040601,44.19583511352539,206600,0.0065714830580445,0.0027088442870206,0.0136924083792537,0.0335040129026615,0.1649219492330662,43.7023380279541,43.20943832397461,40.62985347747803,1,1,0.1766283296888744,0.2092712431624807,0,56.80092777434535,11.727246251421176,0.1511711579319866,0.8839953484680398,-0.010910681928292,2.003471450142272,0.0668212403738016,0.0030327028825292,-0.0268844501656841,0,,
2025-10-16,44.653515563896974,45.13109280364309,44.593816985636266,44.92215347290039,300700,0.0164340906220985,0.0287081703347071,0.0372157869323952,0.0519572169793918,0.185282120256875,43.767507553100586,43.27172248840332,40.67906988143921,1,1,0.2577049860374316,0.2189579917374709,1,62.54535697360557,12.749731288591216,0.1580620992188139,1.294917869005599,0.0,3.1069353139721785,0.0683851070889272,0.0320622065090347,-0.0034481518303607,0,,
2025-10-17,44.902253297797735,45.10124476034403,44.782856143002086,45.001747131347656,156200,0.0017718130653572,0.0448140523224585,0.0317061756732777,0.0511271765428025,0.179510622000403,43.84461650848389,43.32624588012696,40.72990024566651,1,1,0.3246391256050316,0.240094218510983,1,63.12405466818701,13.699181680249112,0.1568697627703094,1.2761814813862469,0.0,3.057300593438801,0.0681196053747061,0.0255551543233139,-0.0079773476761544,0,,
2025-10-20,44.88235496917937,45.09129430247527,44.83260805107747,44.971900939941406,143500,-0.000663222948192,0.0426759818208737,0.0347986182337494,0.0472660747880571,0.1862902439463707,43.91525840759277,43.3763916015625,40.78024089813233,1,1,0.3709999191073052,0.2662753586302475,1,62.73264206556218,14.580814186788588,0.1559648502432763,1.188234607623134,-0.000663222948192,2.826414605118514,0.0673737082935118,0.0230833738094542,-0.0216551347898769,0,,
2025-10-21,44.95200126333148,45.12114154340177,44.75300979614258,44.75300979614258,356100,-0.0048672868885651,0.0192612793966309,0.0274098375242046,0.0130630423307127,0.1547368863462839,43.96948337554932,43.42872619628906,40.83114084243775,1,1,0.3856331570284652,0.290146918309891,1,59.80382122407219,15.228100891047308,0.1575723893753563,0.4074028665156997,-0.0055272817403974,0.7811432152207622,0.067046786554749,0.0205992033398598,-0.0455415495027772,0,,
2025-10-22,44.8624529851798,44.90225203565966,44.613714612850224,44.6833610534668,177100,-0.001556291811278,0.0110310380760789,0.0232398725374183,0.0347925498664445,0.1448933649312263,44.044104766845706,43.46892227172852,40.882616710662845,1,1,0.3871472396645998,0.3095469825808328,1,58.86213757313001,15.5233058751778,0.1578195795573856,0.982881319056451,-0.0070749714883642,2.0805233252980107,0.0672922823816887,0.0162068959606533,-0.0196495607636624,0,,
2025-10-23,45.04154586791992,45.07139325868685,44.862453932425495,45.04154586791992,290000,0.0080160669656101,0.0026577620570116,0.0428472483016617,0.0354528185715128,0.1370658133082694,44.1545446395874,43.50792442321777,40.931554565429686,1,1,0.4124946999807406,0.3301365260608143,1,62.16190919471384,16.04696673347972,0.1531302633633406,0.9991355436375596,0.0,2.120006043498661,0.0674318383592831,0.0262985143811915,-0.020687262352777,0,,
2025-10-24,44.9122021279451,44.99180023285243,44.77290923980382,44.882354736328125,165900,-0.0035343176732568,-0.002653061328287,0.0478513847272992,0.0539719862049603,0.1266832536574276,44.230161094665526,43.53996192932129,40.97916145324707,1,1,0.414954019360934,0.3471000247208383,1,59.86363607604248,16.321695294497715,0.1499366160027768,1.5274031774518575,-0.0035343176732568,3.2274143931135058,0.0666488205958702,0.0181448342829082,-0.0115010467579783,0,,
2025-10-27,44.922153938933405,45.18084018985378,44.89230275177011,45.10124588012695,206700,0.0048769977663774,0.0028761279261528,0.0399174365249526,0.0563971960625215,0.1296952427235209,44.307270240783694,43.56861663818359,41.02898147583008,1,1,0.429613417590204,0.3636027032947114,1,61.94697752576834,16.874085532965992,0.1456077092606597,1.5892641646492054,0.0,3.3724369826267018,0.0661929414834609,0.004375413987415,-0.0233618990367616,0,,
2025-10-28,44.99179903051456,45.1211402543627,44.89230140203933,44.912200927734375,123900,-0.0041915682971382,0.0035571044789375,0.0310644416589667,0.0628678769985426,0.1277079657028605,44.36746482849121,43.60025619506836,41.0789263343811,1,1,0.4211223126776673,0.3751066251713026,1,59.09406865260121,17.387015785884298,0.1468003337118922,1.7741068803122373,-0.0041915682971382,3.759370468951509,0.0657408815356804,-0.0040216897734839,-0.0212168524481111,0,,
2025-10-29,44.87240029546085,44.98184578520455,44.42467426715852,44.63361358642578,451600,-0.0062029322890867,-0.0011133331483611,0.0211699887352545,0.0696233127546659,0.1179819969532776,44.38587131500244,43.62095123291016,41.12786741256714,1,1,0.3874471313149925,0.3775747264000406,1,55.06914982473539,16.71385119782726,0.1489805621275522,1.975092894522741,-0.0103685005718927,4.163331711146112,0.065301731027749,-0.010339061047743,-0.0191619151523204,0,,
2025-10-30,44.23563210009685,44.424675695896255,44.1759373186414,44.21573257446289,168900,-0.0093624732210788,-0.018334479368862,-0.0011239294683844,0.0726526210232303,0.106705961422177,44.36945457458496,43.63030372619629,41.17355171203613,1,1,0.3233128528678151,0.3667223516935955,0,49.610754251160536,15.555375203993297,0.1467592892633069,2.068292858831171,-0.0196338989840244,5.020665377173397,0.0654097310206015,-0.0178444787554871,-0.0217470142976801,0,,
2025-10-31,44.116240021504765,44.146087413098336,43.86750163703427,44.05654144287109,291000,-0.0036003278091958,-0.0183995090789792,-0.0109448007015525,0.0578117490878111,0.0819103301678354,44.33811359405517,43.64483009338379,41.21761320114136,1,1,0.2566817142096482,0.3447142241968061,0,47.67222236900663,15.015867658272509,0.1453980996921516,1.6814720734504465,-0.0231635383207051,3.995085696167824,0.0649611437666683,-0.0295642181036921,-0.0238203141129141,0,,
2025-11-03,43.9073014238705,43.99684739559552,43.77795639905733,43.84760284423828,664600,-0.0047425102332133,-0.0277961952363952,-0.0187040139668203,0.0535500575748428,0.0772940489422224,44.3321439743042,43.64264122009277,41.25654426574707,1,1,0.1848852163476735,0.3127484226269796,0,45.17705585072671,14.684144231054368,0.1454910211542425,1.561241195772117,-0.0277961952363952,3.9959993101053177,0.0645319585841577,-0.0389950844903397,-0.0344943386175207,0,,
2025-11-04,43.35012579208423,43.59886417913794,43.29042721283057,43.40982437133789,1135400,-0.0099840913642538,-0.0334514124305301,-0.0126724800020545,0.0383151841172322,0.0721759293282757,44.32418441772461,43.65597366333008,41.29221635818482,1,1,0.0916049456392897,0.2685197272294417,0,40.40515588990354,15.21606505924009,0.1389029703739702,1.1340409523436994,-0.0375027668478301,3.225009884437339,0.0646540449176109,-0.0179802929295479,-0.0296657204189255,0,,
2025-11-05,43.52921668566626,43.67846123248143,43.469518107850895,43.65856170654297,275200,0.0057299779210651,-0.0218456853822687,0.0020552725963536,0.0327135486179794,0.08614846413289,44.30329055786133,43.68184242248535,41.32485185623169,1,1,0.0373204760050498,0.2222798769845633,0,44.02303469557841,15.513288648192294,0.1369557017894608,0.9883205561945978,-0.0319876789527819,2.753517178077608,0.0647999541065696,-0.0104560108271331,-0.0390390043091214,0,,
2025-11-06,43.29042410804552,43.37997007278049,43.071536924040494,43.20087814331055,331200,-0.0104832487682211,-0.0229523378232678,-0.0198645984628851,0.0173382774677761,0.0747620995841635,44.27990894317627,43.69895553588867,41.35451797485352,1,1,-0.0421457656586099,0.1693947484559286,0,39.29586491608063,16.41276911705884,0.1349552853979292,0.5554718074790279,-0.0421355929250231,1.459372243693515,0.0648160733156413,-0.0157704465037493,-0.035617312982448,0,,
2025-11-07,43.16108383555863,43.56901461820047,43.05163834343216,43.55906295776367,426100,0.0082911466119952,-0.0112918188494778,-0.0025063249960384,0.0337662198924422,0.0743132860658883,44.30428524017334,43.716466674804686,41.38378625869751,1,1,-0.0753522003884796,0.1204453586870469,0,44.33365925776609,16.767808973229734,0.1349896469351829,1.0086723709314207,-0.0341937986915527,2.8421210917327886,0.0652891951746836,-0.0022238019046556,-0.0229442207606462,0,,
2025-11-10,43.81775448663564,43.9868947653634,43.65856207323741,43.96699523925781,185100,0.0093650380378862,0.0027228944634363,0.020790022447191,0.0303100570976908,0.081002570616933,44.34607334136963,43.74830520629883,41.41334316253662,1,1,-0.0679683168196092,0.0827626235857157,0,49.47626462250009,16.13465011273731,0.1292423151065161,0.9196376175242886,-0.0251489868790726,2.551213989702585,0.0648880890171438,-0.0217829319884342,-0.0309650505623207,0,,
2025-11-11,44.35502995979322,44.554017628406775,44.34507829909465,44.484371185302734,190900,0.01176737102978,0.0247535397695441,0.0313725778072513,0.0323250498709206,0.0861892038783587,44.37492694854736,43.79646095275879,41.44534101486206,1,1,-0.0201364999022999,0.0621827988881126,0,55.13710214865264,15.493900947551367,0.1345167251984173,0.9718239591634372,-0.0136775533089216,2.720817027256913,0.0655017080205969,0.0012317422528036,-0.0279713765452386,0,,
2025-11-12,44.74306065249614,45.01169855620961,44.74306065249614,44.912200927734375,465600,0.0096175292812275,0.028714624856813,0.0228868982587802,0.0377010956909031,0.1023963464768293,44.41074523925781,43.84819847106934,41.48142362594604,1,1,0.0516969144565493,0.0600856220017999,0,59.20731356801308,15.61658920744772,0.1243250915754413,1.112534739297455,-0.0041915682971382,3.173321727628012,0.0660948975065898,-0.0087705663934061,-0.0233619012132145,0,,
2025-11-13,45.13109080605746,45.23058463664167,44.76295907836024,44.81270599365234,274500,-0.002215320826564,0.0373100714525955,0.0139576699601307,0.0262018453386685,0.0944662170125405,44.40527286529541,43.89754814147949,41.51764106750488,1,1,0.099450598606289,0.0679586173226977,1,57.89190056083318,16.042734390753388,0.123179960630345,0.8028029855981245,-0.0063976034551577,2.2054235717400634,0.0670612926334283,0.0035924544094647,-0.0201866952567068,0,,
2025-11-14,44.34507821881055,44.61371612548828,44.34507821881055,44.61371612548828,242700,-0.0044404787381561,0.0242120260655569,-0.0068660409968586,0.0296211962610701,0.0854799277201716,44.38587131500244,43.94291801452637,41.55135572433472,1,1,0.1198572779172906,0.0783383494416163,1,55.24815744693053,15.588035636287616,0.110089401174931,0.9005158116142108,-0.010809673771196,2.4932321984548613,0.0667744317581796,-0.0235530132116787,-0.0169748644307482,0,,
2025-11-17,44.20578664607039,44.36497906267003,43.82770323335378,43.97694778442383,374800,-0.0142729276187926,0.0002263640058151,-0.0227724346775408,0.0086719257199554,0.0579674912693286,44.336123657226565,43.96699592590332,41.58334571838379,1,1,0.0836831871738468,0.0794073169880624,1,47.73573140812881,14.68811025938472,0.1198712136600644,0.3119429196787346,-0.0249283156986696,0.7299207039797198,0.0664403583151337,-0.0246514502005007,-0.0331934094881577,0,,
2025-11-18,43.48941868156285,43.57896465272005,43.19093337618772,43.40982437133789,351000,-0.0128959248346655,-0.0241556030878518,-0.0347345016767163,-0.0077325295876355,0.0353587577177938,44.26896438598633,43.97833839416504,41.61580759048462,1,1,0.0091473943831061,0.0653553324670712,0,42.228325696751455,14.772330690471794,0.1266476707071772,-0.1421431086779435,-0.0375027668478301,-0.6508512206421412,0.0661389476525874,-0.0183270399121446,-0.0434111814800823,0,,
2025-11-19,43.37002396469747,43.47946945885619,43.07153866863962,43.22077941894531,270200,-0.004354888671639,-0.0376606239251251,-0.0342374822202312,-0.0025258043176903,0.0402629857186431,44.19583530426026,43.98908386230469,41.64411401748657,1,1,-0.0644343471040116,0.0393973965528546,0,40.54892240938944,15.007415614774963,0.1264960947365939,0.0009721468959594,-0.0416943351449684,-0.2125983230507904,0.0655975036368473,-0.0216159937317544,-0.0459351249861162,0,,
2025-11-20,43.53916306307108,43.62870902901087,42.723301504706896,42.77305221557617,283400,-0.0103590728669942,-0.0455150773168011,-0.0427521294918886,-0.0269352558292594,0.0309350417175344,44.08241062164306,43.97833839416504,41.66993864059448,1,1,-0.1570656952945484,0.000104778183374,0,36.81465861564595,15.669244139651434,0.1300591365812757,-0.6950161595937024,-0.0516214933560551,-2.087134952977617,0.065922791702985,-0.0203513780515839,-0.040362340707398,0,,
2025-11-21,43.18098312564435,43.53916319504285,43.01183905815812,43.46951675415039,607300,0.0162827879353579,-0.0256468070967125,-0.0349017575546665,0.016992515935476,0.0538991530997163,44.01176872253418,43.98231811523438,41.6973486328125,1,1,-0.1722917662094758,-0.0343745306951959,0,45.25972151721265,16.283799198465303,0.1408250170784229,0.5641956268633167,-0.0361792472499202,1.3167008389589956,0.066335416663756,-0.0162597034606312,-0.0113034302768081,0,,
2025-11-24,43.24067697300566,43.40982103684171,42.97203908016931,43.11133575439453,268800,-0.0082398201429663,-0.0196833130455653,-0.0394591369445266,0.017613828063862,0.0325519360546378,43.91227321624756,43.97117462158203,41.72501056671143,0,1,-0.210830428403014,-0.0696657102367595,0,42.14031116166993,16.908251973922198,0.1425499627202403,0.5827680432026158,-0.0441209569026394,1.364844516081776,0.0648345568780549,-0.0272212426505822,-0.0209671643474942,0,,
2025-11-25,43.52921715159179,43.897348896777366,43.52921715159179,43.83765411376953,176400,0.0168475030213128,0.0098555971747751,-0.0280167818360468,0.0352443924830363,0.0610726902387182,43.85854587554932,43.97595046997071,41.75552587509155,0,1,-0.1806819848905121,-0.09186896516751,0,49.70959705057336,16.452358062009473,0.1551688248829568,1.0635395980623057,-0.0280167818360468,2.730985883857821,0.0653125341289022,-0.013300622918816,-0.0110377231410341,0,,
2025-11-26,43.877447370630975,44.29532980987079,43.877447370630975,44.20578384399414,244200,0.0083975691141962,0.0227900662202555,-0.0157288458180192,0.0356643109777485,0.0627264876319813,43.83715438842773,43.99385963439941,41.78593626022339,0,1,-0.1256358813241576,-0.0986223483988395,0,53.061320922305455,15.298567854847027,0.1583162671815201,1.074582966903222,-0.019854485583676,2.763524151668279,0.0654094416612051,-0.0050416098283596,-0.0139402206192286,0,,
2025-11-28,44.17593724022964,44.39482443092182,44.09633913783509,44.34507751464844,85700,0.0031510281809701,0.0367527033410957,-0.0064645465287869,0.0464898090358891,0.0728493653373221,43.84362163543701,44.00838592529297,41.81500022888184,0,1,-0.0699650984627169,-0.092890898411615,1,54.30237837906833,14.35856216314366,0.1575391702049373,1.380596730503794,-0.0167660194462988,3.6023606388269656,0.0652593366782029,-0.0006492071324736,-0.0149520306047769,0,,
2025-12-01,44.22568543540481,44.39482571471474,44.14608733070847,44.18588638305664,445000,-0.0035898264365241,0.0164798157973047,-0.0006750129347282,0.0501300801332786,0.0528913353701419,43.850088882446286,44.02291229248047,41.841954975128175,0,1,-0.0382500728325894,-0.0819627332958099,1,52.59100540904144,13.485702095943289,0.1545788257169061,1.4869799671087645,-0.0202956587829794,3.884434701677428,0.0653232949762601,-0.0013214554316721,-0.0143503820654133,0,,
2025-12-02,44.27543115136477,44.33512972826665,44.10629087664575,44.21573257446289,399900,0.0006754688849626,0.0256173185252275,0.0036133370069058,0.0446637459183278,0.0609806553849474,43.86849536895752,44.03604568481445,41.8670647239685,0,1,-0.0105853272514266,-0.0676872520869332,1,52.8907742691273,12.593849294779012,0.1540281594077516,1.3388978383407732,-0.0196338989840244,3.460864297260188,0.0652465685301443,0.0043937767552431,-0.0159897772203754,0,,
2025-12-03,44.28537909452714,44.593816049227605,44.27543122941584,44.56396865844727,218400,0.0078758411024384,0.0165682803827225,0.0163376277775952,0.0523966118423366,0.0633794400220575,43.926202583312985,44.05395484924316,41.89391565322876,0,1,0.0389894781485438,-0.0463519060398378,1,56.35813189606102,12.277648808569651,0.1551078878597228,1.545992632802772,-0.0119126913502055,4.0600616785286485,0.065533512798868,0.0155202823017388,-0.0038705520079186,0,,
2025-12-04,44.58386849930417,44.65351494191496,44.44457181863612,44.524169921875,127700,-0.0008930698447731,0.0072023624556567,0.0256703538121862,0.0514567481635588,0.0634172083483362,43.96948299407959,44.08061958312988,41.92334005355835,0,1,0.074210985123976,-0.022239327807075,1,55.85217564648085,12.09997092022511,0.1502519884023452,1.5197847147022814,-0.0127951223295637,3.987234364489162,0.065427155869828,0.0119576579191951,-0.008367560620466,0,,
2025-12-05,44.563969053653096,44.60376810534412,44.36497759064442,44.39482498168945,232800,-0.0029050500079508,0.0011218261378522,0.0168641211796067,0.0379157596221926,0.0603279281787687,44.02918033599853,44.11186111450196,41.95031805038453,0,1,0.0906423587779698,0.0003370095099339,1,54.150701688128656,11.740894613801109,0.1499854607660369,1.1527214235125838,-0.0156630018672891,2.937982385532488,0.0651134014052248,0.0048371530964306,-0.0205938227996621,0,,
2025-12-08,44.345076886525874,44.56396786956401,44.20578400475483,44.42467498779297,286800,0.0006723758031668,0.0054041827443771,0.028328054823856,0.0369251703127346,0.0600556331449311,44.0724609375,44.1329541015625,41.97895313262939,0,1,0.1048641778396088,0.0212424431758689,1,54.4952275451112,11.020394608425626,0.144243017704171,1.124973794985371,-0.0150011574875829,2.861224489304536,0.0653535221980359,0.0082919074683431,-0.016311241092085,0,,
2025-12-09,44.15603676642835,44.20578368163347,43.91724625981887,43.98689270019531,180300,-0.0098544848717059,-0.005175530539547,0.0098218307140003,0.0305360737673967,0.0464515627847339,44.07345581054688,44.14151069641113,42.00637210845947,0,1,0.0798887917366357,0.0329717128880222,1,48.713746509339146,10.767894413668737,0.14694400922346,0.9368973303583,-0.0247078136797693,2.366151904798479,0.0647653988302563,-0.008022711001811,-0.0186992258100067,0,,
2025-12-10,43.917248078805855,44.45452389434559,43.8774490268148,44.35503005981445,288600,0.0083692513160291,-0.0046885096844536,0.008825593344395,0.0241213711104428,0.0576571821945017,44.06698875427246,44.15444511413574,42.03412395477295,0,1,0.0887778507795715,0.0441329404663321,1,53.2092376524171,10.055543540992256,0.1462263332503397,0.7659247959239414,-0.0165453482658958,1.8690951768745068,0.0648771540562861,-0.0001685203097098,-0.0231817763522839,0,,
2025-12-11,44.61371484976165,44.862453223412096,44.60376698481203,44.77290725708008,317300,0.009421190712803,0.0055865687252907,0.0064862346952241,0.0347205484210237,0.056350044083028,44.06002407073974,44.16459358215332,42.06396518707275,0,1,0.1280654329936155,0.0609194389717888,1,57.73771886111525,10.242726055097023,0.1441512858388091,1.0600985549019193,-0.0072800344345155,2.690394724870257,0.0653363398237459,-0.0025246394612934,-0.015692927173201,0,,
2025-12-12,44.91220110623138,44.98184754871762,44.4644712649295,44.65351486206055,243600,-0.0026666214533266,0.0058270278231256,-0.0057598171617121,0.0225564008296004,0.0717356409144578,44.05206451416016,44.16678253173828,42.09539821624756,0,1,0.1478626874561186,0.0783080886686547,1,56.06808648404603,10.077032599363536,0.1404302191142706,0.7203299810279938,-0.009927242791838,1.7478301629380384,0.0658703544090538,-0.0033972833911056,-0.0114567428669859,0,,
2025-12-15,45.041545631584,45.11119207330568,44.81270678086328,44.95199966430664,352900,0.0066844637688241,0.0118700851870852,0.0031083521417794,0.0310360848284829,0.070362507627671,44.06897869110107,44.17215530395508,42.12783727645874,0,1,0.1854990654910366,0.0997462840331311,1,59.24138478455443,10.189380120726067,0.1422238374957697,0.9591297553024304,-0.0033091373177802,2.4048963135794352,0.0664109959987137,-0.0096970489111991,-0.0031253468945298,0,,
2025-12-16,44.9900016784668,45.060001373291016,44.790000915527344,44.93999862670898,370600,-0.0002669744991832,0.0216679530652419,0.0073135019800398,0.0376278169402992,0.0821259167056818,44.11713123321533,44.1916153717041,42.15622787475586,0,1,0.2119149590662559,0.1221800190397561,1,59.05667876260623,10.233142407507891,0.1412446940459124,1.1507372607645172,-0.0035752283616853,2.9156705411734336,0.0665751691308382,-0.002984115657667,0.0047467771387086,1,,
2025-12-17,44.65999984741211,44.84000015258789,44.619998931884766,44.619998931884766,155300,-0.0071205986783013,0.0059738178897184,0.0146224597171498,0.0229542493583176,0.0762255652020615,44.17763996124268,44.2126350402832,42.18097562789917,0,1,0.2046691455102518,0.1386778443338552,1,54.20378362247294,9.817143304274795,0.1338733009202664,0.7318488566345925,-0.0106703692736399,1.778658293011877,0.0668365581644875,0.0059632407079219,0.0062386055494065,1,,
2025-12-18,44.810001373291016,45.09999847412109,44.720001220703125,44.79999923706055,587500,0.0040340723775131,0.000605097628012,0.032024429627514,0.0308431784836997,0.0905117072107637,44.25660095214844,44.22710624694824,42.2005920791626,1,1,0.2110188128463761,0.1531460380363594,1,56.37534569110976,10.023393728502173,0.124700671780269,0.957286329857841,-0.0066793419380715,2.389948559698784,0.0666032384731301,0.0070199305707352,0.0113836339076442,1,,
2025-12-19,44.959999084472656,45.09000015258789,44.84999847412109,44.90999984741211,770500,0.0024553708085905,0.0057438924157229,0.0390835253592476,0.031013910720677,0.0858259933540133,44.36344833374024,44.25193603515625,42.223628253936766,1,1,0.2223638281053297,0.1669895960501535,1,57.69553258571688,10.214911979570449,0.122868232805446,0.9620852354238638,-0.0042403713906962,2.4031781061955444,0.0661670724667968,0.0086827820933965,0.0072080246798995,1,,
2025-12-22,44.88999938964844,45.0099983215332,44.86000061035156,44.959999084472656,242600,0.0011133208022806,0.0001779547122653,0.0511290814102831,0.0295748271359932,0.074881994112314,44.437972450256346,44.28970527648926,42.24477428436279,1,1,0.2327068552320739,0.1801330478865376,1,58.31306022361406,10.392750355562418,0.1146500124708721,0.9214587794658488,-0.003131771482094,2.2916676876983435,0.0658306199739474,-0.0013981769681852,-0.005866235842011,0,,
2025-12-23,44.959999084472656,45.0099983215332,44.84000015258789,44.900001525878906,481300,-0.0013344652983872,-0.0008900111716135,0.0329077679841456,0.0395700710919142,0.0772914922895771,44.527405738830566,44.32508064270019,42.269851970672605,1,1,0.2333723065092812,0.1907808996110863,1,57.23343050722763,10.491319267971916,0.1034728589127433,1.2201375868007742,-0.0044620575401159,3.0661701894076248,0.0654436639866173,-0.0134430854886885,-0.003961084862209,0,,
2025-12-24,44.9900016784668,45.02999877929688,44.959999084472656,44.97999954223633,216100,0.001781692954093,0.0080681447550261,0.0433450681854903,0.050131061132056,0.072808291073761,44.5845230102539,44.34653465270996,42.29489189147949,1,1,0.2376157661480391,0.2001478729184769,1,58.34094329985889,10.638470327174096,0.0971397628257439,1.5335290640339216,-0.002688314602503,3.884510716431101,0.0653304567603624,0.0076486970249549,-0.0019948368594628,0,,
2025-12-26,45.11000061035156,45.27999877929688,45.0099983215332,45.18000030517578,336200,0.0044464376383919,0.0084821668434511,0.0306208490975026,0.0417333087522842,0.0656924717465208,44.633233833312985,44.36621795654297,42.3215154838562,1,1,0.2541870188499473,0.210955702104771,1,61.05625193627745,11.4384409827561,0.0815735521624081,1.3095371581599746,0.0,3.2337932096297357,0.065627600187424,0.0048239754087635,-0.0042027649773789,0,,
2025-12-29,45.060001373291016,45.13999938964844,44.84999847412109,44.9900016784668,275300,-0.0042053701953432,0.0017813812363951,0.0177401635324514,0.0328505395556972,0.0564998585075906,44.66548004150391,44.3675749206543,42.34962106704712,1,1,0.2491168902738039,0.2185879397385776,1,57.2393751037294,11.587735526410649,0.0797101067720103,1.04771695180768,-0.0042053701953432,2.5454931546033346,0.0655853335783127,0.0026890906364662,-0.0063782506853445,0,,
2025-12-30,45.11000061035156,45.34000015258789,45.11000061035156,45.13999938964844,211300,0.0033340232403999,0.0040035655881038,0.0179258199455714,0.0327555616571351,0.0582914482980665,44.713185691833495,44.37033996582032,42.37448820114136,1,1,0.2542712577768,0.225724603346222,1,59.39737288320576,12.245747243939189,0.0797791665091474,1.0449754799813955,-0.000885367756909,2.5381335923587423,0.065884448152729,0.0095788818327797,-0.001507865182411,0,,
2025-12-31,45.15999984741211,45.15999984741211,44.91999816894531,44.9900016784668,310100,-0.0033229444663226,0.0020044576732589,0.0181984647414135,0.0163675568219079,0.0450241185128581,44.75189914703369,44.37070198059082,42.39670841217041,1,1,0.2434462723612185,0.2292689371492213,1,56.33558939978975,12.173239877384455,0.0795968196411781,0.5655444161213691,-0.0042053701953432,1.268274567518391,0.0661556629386003,0.012742283784715,-0.0066439870197197,0,,
2026-01-02,45.29999923706055,45.380001068115234,45.13999938964844,45.310001373291016,477800,0.0071126846607205,0.0073366348246584,0.0247484036815468,0.0171949719790083,0.0570988004545676,44.78920078277588,44.381841812133786,42.419896297454834,1,1,0.2577178831200442,0.2349587263433859,1,60.959145857941145,12.675927641300474,0.0824691784346188,0.5901177496175903,0.0,1.3323885713338566,0.0665043022790804,0.0192766267601494,-0.006511418372186,0,,
2026-01-05,45.09999847412109,45.5,45.06999969482422,45.41999816894531,258000,0.0024276493560015,0.0053120376748212,0.019209005307829,0.0164857141027747,0.0695963759463391,44.8339921951294,44.39657455444336,42.44285591125488,1,1,0.2747370617653928,0.2429143934277873,1,62.43174563915819,13.43215361904926,0.0789793505313934,0.5687618140485745,0.0,1.2774302329558835,0.0662246874498305,0.0105468884764934,-0.0137870976846211,0,,
2026-01-06,45.369998931884766,45.68999862670898,45.33000183105469,45.59999847412109,382800,0.0039630187677737,0.0135584968414492,0.0241627986357477,0.0371415700794848,0.0591930747229529,44.89425086975098,44.40774360656738,42.47007169723511,1,1,0.2992992681053721,0.2541913683633043,1,64.77335575402712,14.566214697724382,0.0793666256442029,1.2254894997567511,0.0,2.877992680401863,0.0660940636129056,0.0101931336340588,0.0038919153620016,1,,
2026-01-07,45.45000076293945,45.5099983215332,45.27000045776367,45.400001525878906,269500,-0.0043858981345291,0.0057599056213122,0.0226417503527502,0.0420249574568905,0.0408365215935742,44.94301719665528,44.4180965423584,42.49808713912964,1,1,0.2991781715819854,0.2631887290070405,1,60.27777702039791,15.37824183915535,0.0804778263983955,1.3867392329461343,-0.0043858981345291,3.256392222953871,0.0660169780572253,0.0138769689879545,0.008128859357654,1,,
2026-01-08,45.20000076293945,45.47999954223633,45.20000076293945,45.459999084472656,316000,0.0013215320831994,0.0104467079011203,0.0233051586075569,0.0313900173215788,0.0443560087120034,45.01667251586914,44.425271606445314,42.52640256881714,1,1,0.3004599875659366,0.2706429807188197,1,61.148915602958745,15.846708028697114,0.0804679200483363,1.071619646372045,-0.0030701621564281,2.432321517261092,0.0661109340322047,0.0115894569824968,0.0038919631380194,1,,
2026-01-09,45.70000076293945,45.93999862670898,45.540000915527344,45.880001068115234,297300,0.0092389351540052,0.0125799972974667,0.0430380109098162,0.0506426852890578,0.0654507391124128,45.09292106628418,44.44462760925293,42.55526153564453,1,1,0.3315446456494442,0.2828233137049446,1,66.66092224619459,17.304599150138714,0.0746608554358233,1.6824781446080974,0.0,3.924154990375816,0.0662833740172869,0.0234380581984698,0.0129696460026977,1,,
2026-01-12,46.08000183105469,46.130001068115234,45.93000030517578,46.09999847412109,223500,0.004795061048042,0.0149713855699955,0.039340936348222,0.0703123609228455,0.0745320921291357,45.15927562713623,44.47395530700683,42.58886846542359,1,1,0.369670086556944,0.3001926682753445,1,69.13136563168347,19.00185941150905,0.0718023982897478,2.3539008069562346,0.0,5.448301179639585,0.0664967767256906,0.0249644530954511,0.0024687573036514,1,,
2026-01-13,45.97999954223633,46.02000045776367,45.79999923706055,45.959999084472656,468300,-0.0030368632165361,0.0078947504911843,0.0265136195104878,0.0655850913192779,0.0853644496405852,45.22459983825684,44.50884063720703,42.62143493652344,1,1,0.3841596392440607,0.3169860624690878,1,65.79036260253014,20.047245750258124,0.0681230472416403,2.199216627223637,-0.0030368632165361,5.081998751168243,0.0664276555540558,0.0167030435627992,0.0153853893892765,1,,
2026-01-14,45.93999862670898,46.02000045776367,45.72999954223633,45.869998931884766,1008300,-0.001958227902104,0.0103523654231145,0.0272427394255987,0.0447009935243463,0.0786769654237986,45.270499801635744,44.5451097869873,42.65452419281006,1,1,0.3839544659093548,0.3303797431571412,1,63.66039570520977,20.73509921377369,0.0676517038212169,1.59399846215664,-0.0049891442483547,3.463750506358352,0.06662505301394,0.0114573332974572,-0.0008197901141667,0,,
2026-01-15,45.56999969482422,45.61000061035156,45.380001068115234,45.400001525878906,330500,-0.0102462920634418,-0.0013197879410922,0.0099662276409917,0.027246151345718,0.0616630196546146,45.29349994659424,44.57615776062012,42.687938652038575,1,1,0.3419254975365788,0.3326888940330288,1,53.85483997582704,20.09922631813384,0.0755957539427799,0.9900942235075356,-0.0151843160826813,2.111225346001464,0.0657633056812224,-0.009752757171477,-0.0158323115024664,0,,
2026-01-16,45.25,45.369998931884766,45.08000183105469,45.290000915527344,260000,-0.0024229208514202,-0.0128596368537994,0.0077882131623019,0.0081885531789756,0.0605712245926348,45.327000045776366,44.61376129150391,42.71958709716797,1,1,0.2963252542815837,0.3254161660827398,0,51.84217981620178,18.7186559639511,0.0762315515891624,0.3491968262836142,-0.0175704465380502,0.6345072667024977,0.0656589803485318,-0.0137617191855099,-0.0398643338651262,0,,
2026-01-20,44.459999084472656,44.84000015258789,44.459999084472656,44.54999923706055,745500,-0.0163391844448625,-0.033622544216149,-0.001568796425367,-0.0100384523509405,0.0405754864662988,45.31450004577637,44.631590042114254,42.74690320968628,1,1,0.1981901690698464,0.2999709666801611,0,40.79653083973621,18.858070760492005,0.0925937479720908,-0.2928624261975318,-0.033622544216149,-0.7778505950809986,0.0659282534875287,-0.0135899379307267,-0.0321691805923332,0,,
2026-01-21,44.66999816894531,45.25,44.380001068115234,45.04999923706055,733800,0.0112233447488829,-0.0197998230099953,0.00558035723789,0.0017366020890119,0.0490847592412853,45.32150001525879,44.66857246398926,42.78012411117554,1,1,0.15893116875786,0.2717630070957009,0,48.74314175091002,17.910391766871502,0.0996758678431881,0.1168674358366862,-0.0227765568723385,0.134564265599196,0.0659075448104381,-0.0104453428788248,-0.0217616562930811,0,,
2026-01-22,45.209999084472656,45.34999847412109,45.09000015258789,45.15999984741211,248900,0.0024417449992111,-0.0154785066711463,0.005566688952336,0.0090941380953692,0.0222759775369831,45.33150005340576,44.700591201782224,42.82493619918823,1,1,0.1351364887835444,0.2444377034332696,0,50.32293585574705,16.79070716190118,0.0996721386505695,0.3664769073597302,-0.0203904264169696,0.7046784187374239,0.0657251765133727,-0.0066784873041777,-0.0197117581511101,0,,
2026-01-23,45.09999847412109,45.52999877929688,45.02999877929688,45.5099983215332,354900,0.0077501876728007,0.0024228368272543,0.0122330793652194,0.0184998900838564,0.0539360982985672,45.36199989318848,44.731451263427736,42.877529582977296,1,1,0.1428740224796101,0.2241249672425377,0,55.06817697488146,15.855518461706886,0.1029657590112976,0.6785734689713979,-0.0127982683756289,1.4335028954251563,0.0662105390909346,0.0057711611577939,-0.0160752950036434,0,,
2026-01-26,45.720001220703125,45.7599983215332,45.619998931884766,45.650001525878906,273300,0.0030763175018502,0.0079487878797577,0.0167037856238763,0.0135087649909535,0.0494405073568158,45.3954999923706,44.75476387023926,42.932379455566405,1,1,0.1584763455513496,0.2109952429043001,0,56.84400146616291,15.495810523415685,0.1030556759493923,0.5153242743123959,-0.009761322410776,1.0467550693746148,0.0660786665448631,0.0097030410518523,-0.020067253797979,0,,
2026-01-27,46.0,46.369998931884766,45.9900016784668,46.150001525878906,338200,0.0109529021530601,0.0359147545728202,0.0260116050589094,0.0282437674448647,0.0837401258767356,45.44400005340576,44.77951988220215,42.97533199310303,1,1,0.2087804294901687,0.2105522802214739,0,62.53841339681053,16.27262375535295,0.108878572067177,0.9951514183088228,0.0,2.188527727808452,0.0665373174269019,0.0184731704994254,-0.001672995380435,0,,
2026-01-28,45.560001373291016,45.630001068115234,45.36000061035156,45.52999877929688,384200,-0.0134345119411177,0.0106548179881313,0.0077467567896631,0.0095064535536224,0.0664397869410668,45.47099990844727,44.79386573791504,43.01820016860962,1,1,0.1963542883531701,0.2077126818478131,0,53.16969523483564,15.527615468195084,0.1193698862006794,0.3706424982081419,-0.0134345119411177,0.7366275492757842,0.0656500300235973,0.0003417744380294,-0.0082019539802336,0,,
2026-01-29,45.97999954223633,45.97999954223633,45.41999816894531,45.81999969482422,327900,0.006369447030585,0.0146146999477887,0.0184484993419031,0.0202127428257308,0.0843513520540446,45.50499992370605,44.81799140930176,43.05775169372559,1,1,0.2075150281499844,0.2076731511082474,0,56.45560768838188,15.431576873590547,0.1198552622515604,0.7157081308050036,-0.0071506353227234,1.5662268929075245,0.0661995496368179,0.0093651434702519,0.0069769082863395,1,,
2026-01-30,45.65999984741211,45.7400016784668,45.27000045776367,45.34999847412109,362800,-0.0102575561727081,-0.0035157076096048,0.004652172957734,0.0160503447991757,0.0867911357296149,45.52299976348877,44.8454524230957,43.09553689956665,1,1,0.176401379009917,0.2014187966885813,0,50.29607960997328,15.022054898710245,0.1254899677453923,0.5774624805616506,-0.0173348434519381,1.24369472671993,0.065716508799739,-0.0025489984009687,0.0063517117457994,1,,
2026-02-02,45.619998931884766,45.720001220703125,45.52000045776367,45.68000030517578,481700,0.007276777114844,0.0006571473886998,0.0153367104015742,0.0331164417155578,0.1081750590283863,45.54149971008301,44.89085594177246,43.13424249649048,1,1,0.176339248639465,0.1964028870787581,0,54.08404515462324,14.641784493464243,0.1270486794345244,1.1247605660304123,-0.0101842081292146,2.566097142753109,0.0658672631692524,-0.0043594116744862,0.0069948636313266,1,,
2026-02-03,45.29999923706055,45.70000076293945,45.25,45.68999862670898,452400,0.0002188774401576,-0.0099675597824624,0.0083866087376012,0.0370763825380171,0.0970315821501996,45.55499973297119,44.94024032592773,43.173192653656,1,1,0.1750785938146748,0.1921380284259414,0,54.19793784173668,13.694880143818738,0.1249291343327431,1.2524569564656642,-0.0099675597824624,2.8729414866371448,0.0664434860419273,-0.0009144707194722,0.0228189066464612,1,,
2026-02-04,46.0,46.2400016784668,45.79999923706055,46.02999877929688,388700,0.0074414568353511,0.0109817705557979,0.0134302209366587,0.0497722975372501,0.105987664510845,45.57649974822998,45.00537925720215,43.21257816314697,1,1,0.1992182229325863,0.1935540673272704,1,58.01205102490466,13.80400982270942,0.1271286024798592,1.64785325115434,-0.0026002761129862,3.856711164671808,0.0672637426766537,0.0156898471980015,0.0423322668710486,1,,
2026-02-05,45.77000045776367,46.0099983215332,45.58000183105469,45.72999954223633,400000,-0.006517472192406,-0.0019642111127743,0.0028509007119599,0.0534481584410733,0.0938112185897024,45.592999649047854,45.05058891296387,43.2516796875,1,1,0.1919291815593595,0.1932290901736883,0,53.75822987309397,13.42804707323255,0.1288760125473661,1.7763386096941105,-0.0091008010781333,4.141542978532632,0.0676705043285748,0.0238514721216416,0.0466553858278742,1,,
2026-02-06,46.06999969482422,46.41999816894531,46.060001373291016,46.400001525878906,251200,0.0146512571692409,0.0231533205531859,0.0220264309777606,0.0627927195074107,0.0975604408078512,45.63999977111816,45.11636222839356,43.28989957809448,1,1,0.2374786187049977,0.2020789958799502,1,60.6908211920868,13.760042366940096,0.1370174456832451,2.024682448438388,0.0,4.865625947909901,0.067369497886444,0.020487454424924,0.0396534814769846,1,,
2026-02-09,46.66999816894531,47.040000915527344,46.59999847412109,46.9900016784668,431700,0.0127155201117574,0.0286777881904389,0.0336560190234744,0.0877094100399202,0.1065684175955035,45.69549980163574,45.1794091796875,43.329707565307615,1,1,0.3175247298522592,0.225168142674412,1,65.5839129395868,14.917666781147568,0.1428385631351392,2.773428023604086,0.0,6.796348123061296,0.067898739768568,0.0270425121431865,0.047560216088913,1,,
2026-02-10,46.9900016784668,47.08000183105469,46.83000183105469,46.83000183105469,309200,-0.0034049764140661,0.0249508259709008,0.0207062062079956,0.0750920394330481,0.1113938336411584,45.73199996948242,45.23189353942871,43.3657971572876,1,1,0.3638568834663687,0.2529058908328033,1,63.28336606271088,16.042547262842284,0.1410405966695591,2.4050501949216705,-0.0034049764140661,5.818664622477321,0.0678464681824584,0.0235819945551327,0.0391683953360544,1,,
2026-02-11,46.86000061035156,47.20000076293945,46.560001373291016,47.08000183105469,413700,0.0053384580445225,0.0228112769846535,0.0212582080123873,0.0708032599193244,0.1032593678678728,45.78800010681152,45.28659202575684,43.40201805114746,1,1,0.4159535065718245,0.2855154139806076,1,65.32978889301194,16.455555518595556,0.1412365712089849,2.2900261474257158,0.0,5.486339520928321,0.0682244275616661,0.025980971124395,0.051416810004081,1,,
2026-02-12,47.13999938964844,47.22999954223633,46.59000015258789,46.68000030517578,425600,-0.0084962088003798,0.0207741257915829,0.0156658232168322,0.0493573149708468,0.0832778425096949,45.82850017547607,45.33647430419922,43.43580118179321,1,1,0.4201207846433448,0.312436488113155,1,59.605456380684245,16.88390865609496,0.1444516797999819,1.6360385022760804,-0.0084962088003798,3.824555367648497,0.0687062122109381,0.0343013258239723,0.0489224523631293,1,,
2026-02-13,46.66999816894531,46.83000183105469,46.47999954223633,46.70000076293945,367500,0.0004284588181859,0.0064655005860985,0.0180946555566134,0.0398065514108676,0.0790083977056368,45.8935001373291,45.38615966796875,43.470170726776125,1,1,0.4201935229580869,0.3339878950821414,1,59.79515099662969,17.01280074562473,0.144117857158947,1.3501608356125634,-0.0080713902577757,3.0844943643294305,0.0686872608145703,0.0309524376693377,0.0392218371731649,1,,
2026-02-17,46.68000030517578,47.09000015258789,46.52999877929688,47.04999923706055,292400,0.0074946138844358,0.001276815417124,0.0363435606988054,0.0499254216811884,0.0774354051972152,45.98150005340576,45.43588027954102,43.5058038520813,1,1,0.4433820876877519,0.3558667336032635,1,63.06398754682952,17.553950796340825,0.1398803500101347,1.6625513229280382,-0.0006372683268323,3.8685763110429536,0.0690905699950248,0.0505945417332092,0.0302600394640302,1,,
2026-02-18,47.04999923706055,47.2599983215332,46.90999984741211,47.02999877929688,250400,-0.0004250894386393,0.004270701268894,0.0384190291145036,0.0541600849167585,0.085385567682664,46.105500030517575,45.485996856689454,43.54119106292725,1,1,0.4549015011707311,0.3756736871167571,1,62.75001831168832,18.318301383837312,0.1393014888781058,1.8010959921163314,-0.0010620868694364,4.196708098952191,0.0687150305911125,0.0465442842145664,0.0290620044504557,1,,
2026-02-19,46.68000030517578,47.040000915527344,46.540000915527344,46.90999984741211,276600,-0.0025515401871027,-0.0036109170992096,0.0529742009150993,0.0666952167159526,0.075945518401145,46.19850006103516,45.53630035400391,43.5721357345581,1,1,0.4491700556162072,0.3903729608166471,1,60.7943682543285,18.090978358485888,0.1239838929327059,2.257633534811054,-0.0036109170992096,5.168019152543868,0.0687209483908048,0.0423596069294389,0.0343253729134629,1,,
2026-02-20,47.11000061035156,47.72999954223633,47.11000061035156,47.68000030517578,398500,0.0164144203851697,0.0214224505883116,0.0583796029446246,0.0983688829816449,0.0898757130958509,46.32450008392334,45.60140686035156,43.60702768325805,1,1,0.5009853976886447,0.4124954481910466,1,67.74168701445936,18.912932146845478,0.1297606019193629,3.2425280652163004,0.0,7.622319804860774,0.0693474515477648,0.0521929127722862,0.0485115655608998,1,,
2026-02-23,47.70000076293945,47.709999084472656,47.40999984741211,47.4900016784668,214700,-0.0039848705011094,0.0169165075507724,0.051594371986877,0.0987770770660865,0.0960017811806537,46.42350025177002,45.67146903991699,43.64203971862793,1,1,0.5207156425071986,0.4341394870542771,1,64.69529606723702,19.67617495032223,0.1318381360937701,3.257082100426334,-0.0039848705011094,7.653949582080535,0.069783694196897,0.061749817936183,0.0638163089745722,1,,
2026-02-24,47.5,47.7400016784668,47.5,47.619998931884766,156400,0.0027373604721709,0.0121147652299054,0.0463634517286546,0.1133177658652926,0.0833302670224513,46.52200012207031,45.7367684173584,43.67916091918946,1,1,0.5406098813983107,0.4554335659230838,1,65.82762647752867,20.42774921976363,0.1304259606537148,3.781159031985304,-0.0012584180559349,10.0,0.0694697795006085,0.0492254020949398,0.0538051818801075,1,,
2026-02-25,47.68000030517578,48.040000915527344,47.63999938964844,48.02000045776367,308200,0.0083998642345848,0.0210504296015971,0.051916732807582,0.1046821783032314,0.1234535078216854,46.61550006866455,45.80171028137207,43.71828212738037,1,1,0.5819446930623258,0.4807357913509322,1,69.11056477189285,21.544667726531,0.1321725115988169,3.601608972550256,0.0,9.490472139756106,0.0694671283477136,0.051279209766589,0.0472102511970615,1,,
2026-02-26,48.130001068115234,48.38999938964844,47.970001220703125,48.34999847412109,372600,0.0068720952355605,0.0306970503387971,0.0476705715168506,0.1215147391760542,0.1412689069629882,46.75650005340576,45.87563995361328,43.757302322387694,1,1,0.6340222967471192,0.5113930924301696,1,71.5397500974509,23.017973882243997,0.129593965243342,4.188874686139666,0.0,10.0,0.0703351882118832,0.0570788082815882,0.0848410415478619,1,,
2026-02-27,47.93999862670898,48.25,47.810001373291016,47.869998931884766,377700,-0.00992760201416,0.0039848705011094,0.0513946895525048,0.0919835903547736,0.1304698885982724,46.85900001525879,45.933999938964845,43.79329019546509,1,1,0.6293079510027084,0.5349760641446774,1,63.69353497597927,23.930000441223143,0.1247233684284586,3.2777540184467315,-0.00992760201416,10.0,0.0699729345169074,0.0658477154047953,0.0713553753527211,1,,
2026-03-02,46.459999084472656,46.79999923706055,46.400001525878906,46.56999969482422,542200,-0.027156867893612,-0.0193725405585684,0.0163683981884601,0.0534820479413642,0.0910537593086204,46.920000076293945,45.96659996032715,43.82136753082276,1,1,0.5147391318533749,0.5309286776864169,0,48.25672401656008,22.5629379800978,0.1603317416915821,1.7640902259030595,-0.0368148673313732,5.81091843300105,0.068034006085766,0.0277110110115885,0.0401251617183209,1,,
2026-03-03,44.59000015258789,45.27999877929688,44.27000045776367,45.06999969482422,1098600,-0.0322095771919601,-0.053548914201112,-0.0061741739518833,0.0163472976213947,0.0635970894019555,46.889500045776366,45.975599975585936,43.8430149269104,1,1,0.2994531438377521,0.4846335709166839,0,37.08750719827513,23.51816288176951,0.1939541264806486,0.5355917622489087,-0.0678386532122117,0.9638928146854616,0.0664281799781921,0.0108294124482752,0.0179107444158188,1,,
2026-03-04,45.2599983215332,45.310001373291016,45.0099983215332,45.22999954223633,657500,0.0035500299200241,-0.0581008098486235,-0.0098511549897792,0.0236300150262473,0.0749446697063422,46.86650009155274,45.98419998168945,43.86444089889526,1,1,0.1401327348573957,0.4157334037048263,0,38.71687372748496,24.35721379085647,0.1925630376837892,0.7414849802454859,-0.0645294525408249,1.3933068463193514,0.0661969620255199,0.0050055041063472,0.0133745098066058,1,,
2026-03-05,44.61000061035156,44.77999877929688,43.93000030517578,44.27999877929688,548400,-0.0210037756478932,-0.0841778660448694,-0.0308601420396597,0.0014534691860135,0.0461821324827653,46.77900009155273,45.97159996032715,43.88033863067627,1,1,-0.0620714382803058,0.3201724353077999,0,33.21614537270047,25.87921901136587,0.2053145217596079,0.1120265556580616,-0.0841778660448694,0.0690665730828631,0.0651699339060333,-0.0191674490873393,-0.0011745387663663,0,,
2026-03-06,43.2599983215332,44.22999954223633,43.2599983215332,44.13999938964844,630700,-0.0031616845868998,-0.0779193571226901,-0.0410601659737284,-0.0095137233411205,0.0423844016321359,46.69950008392334,45.95519996643066,43.89320167541504,1,1,-0.2309541869125126,0.2099471108637374,0,32.48370488307944,27.66870887012105,0.2028244542497866,-0.1926792704436218,-0.0870734067701369,-0.4370438085790994,0.0658266864003888,-0.0213645006816388,0.0044736439265908,1,,
2026-03-09,43.06999969482422,44.40999984741211,42.75,44.20000076293945,802000,0.0013593424132463,-0.0508911090276036,-0.0334572227118384,-0.0072807457051834,0.0438013589601808,46.58950004577637,45.94119995117188,43.904565048217776,1,1,-0.3558513398300604,0.0967874207249778,0,33.163931681530286,29.58837181539097,0.2024078362254525,-0.1303633840346106,-0.0858324269317791,-0.3344647219807118,0.0653437544834157,-0.0343835156578929,-0.0012747212576108,0,,
2026-03-10,44.4900016784668,44.81999969482422,43.95000076293945,44.08000183105469,693500,-0.0027149079143315,-0.0219657836803407,-0.0499999917786699,-0.0070914380395601,0.0305554443225488,46.44400005340576,45.92319999694824,43.91722537994385,1,1,-0.4592225130089176,-0.0144145660218012,0,32.45958103439696,30.709564690786568,0.1936537281709566,-0.1251178261510686,-0.0883143077109274,-0.32119090169363,0.0652712513914748,-0.0311453485746017,0.0024242319222063,1,,
2026-03-11,43.90999984741211,44.310001373291016,43.880001068115234,44.20000076293945,529700,0.00272229870463,-0.0227724693725687,-0.0593743523275051,-0.0050574196640774,0.0316810045662181,46.3125,45.90360000610352,43.93077753067016,1,1,-0.5254054545455915,-0.1166127437265593,0,33.969834956669814,31.79325427926386,0.1868199196472759,-0.0683756176854658,-0.0858324269317791,-0.2290645667474369,0.0655311915568911,-0.0348688093438354,0.0027185888821237,1,,
2026-03-12,43.68000030517578,43.790000915527344,43.220001220703125,43.58000183105469,625200,-0.0140271249136406,-0.0158084229344983,-0.0693999545787932,-0.0092502753471107,0.0210033313299178,46.1375,45.87540000915527,43.94244567871094,1,0,-0.6207292642241597,-0.2174360478260794,0,30.21102840244751,33.184598601541374,0.1908031785180042,-0.1819571929502604,-0.0986555696712069,-0.3750533444209248,0.0656082350417003,-0.0329896780292068,0.0130136805557703,1,,
2026-03-13,43.540000915527344,43.720001220703125,42.7599983215332,42.79999923706055,490500,-0.0178981771735107,-0.0303579558476873,-0.0909091424709968,-0.0350587254851791,-0.0117830189028234,45.94349994659424,45.82860000610352,43.9476845741272,1,0,-0.7505617520775729,-0.3240611886763781,0,26.272391585242342,34.71869007588365,0.194416359082436,-0.8816404974286733,-0.1147879919795887,-1.2216861659491725,0.0648007465480918,-0.0501826271899431,-0.0011777259546258,0,,
2026-03-16,43.220001220703125,43.61000061035156,43.220001220703125,43.47999954223633,515700,0.015887857880777,-0.0162896200967224,-0.0685518582266299,-0.0288770105416663,0.0048409122365911,45.78249988555908,45.798399963378905,43.95851222991944,0,0,-0.7894839133495353,-0.4171457336110096,0,34.31248349764422,36.14320358777291,0.2060344095072721,-0.6977116966935779,-0.1007238694018032,-1.0062728694354846,0.0651670948011505,-0.0515108793790297,-0.0025903658370217,0,,
2026-03-17,43.790000915527344,43.97999954223633,43.61000061035156,43.650001525878906,1228700,0.003909889269374,-0.009754997443599,-0.0653104751013406,-0.022473333606136,-0.0004238502973329,45.6125,45.76519996643066,43.96877935409546,0,0,-0.7974201046726037,-0.4932006078233284,0,36.18607911283936,36.79274960184195,0.2071769493505444,-0.5236142065580204,-0.0972077993085731,-0.7831248965677188,0.0652502465719429,-0.050038598160233,-0.0094140655940619,0,,
2026-03-18,43.619998931884766,43.7599983215332,43.09000015258789,43.11000061035156,423100,-0.0123711545624389,-0.0246606365107086,-0.0837406735514993,-0.0409770214386633,-0.0112127029235693,45.416500091552734,45.71900001525879,43.97765972137452,0,0,-0.8376275058974372,-0.5620859874381502,0,32.96925481419251,37.72621765293909,0.2057658909060939,-1.0176477077139232,-0.1083763811610911,-1.427920140296617,0.065354965702058,-0.0540682222369237,-0.0159014374167221,0,,
2026-03-19,42.43999862670898,43.47999954223633,42.290000915527344,43.20000076293945,793500,0.0020876861821774,-0.0087196202879562,-0.0814373403310279,-0.0387182447027356,-0.0025473107863607,45.231000137329104,45.67100006103516,43.9838285446167,0,0,-0.8524039191190411,-0.6201495737743284,0,34.02198837505105,39.03256905616459,0.2065102963523248,-0.9555008350273564,-0.1065149508523382,-1.3492088850509798,0.0656531981951856,-0.0445584083946093,-0.0138485706861768,0,,
2026-03-20,42.84000015258789,42.88999938964844,41.58000183105469,41.68000030517578,662200,-0.0351851951601736,-0.0261681998095681,-0.1114900780057208,-0.0658897063443922,-0.04444790573565,44.9310001373291,45.59660003662109,43.98385654449463,0,0,-0.9755204740388308,-0.6912237538272289,0,26.46293262653789,40.57546853690573,0.2329621412224945,-1.5428432114725823,-0.1379523966792959,-1.910505591281792,0.0642644584770939,-0.0648490746717807,-0.038483425209651,0,,
2026-03-23,42.650001525878906,43.369998931884766,42.40999984741211,42.84000015258789,1197100,0.0278310901851903,-0.0147193973409945,-0.1015100696646282,-0.0437499803091795,-0.014256190276814,44.69850006103516,45.5442000579834,43.98851718902588,0,0,-0.9683266705609056,-0.7466443371739643,0,37.8175959519432,41.1933852436137,0.2492849076518497,-0.9229654245750444,-0.1139606720873501,-1.2685529597335878,0.0653666572574914,-0.0574036132752698,-0.0185663827163227,0,,
2026-03-24,42.08000183105469,42.70000076293945,42.06999969482422,42.43999862670898,539300,-0.0093371037454291,-0.0277205694586871,-0.106338236960889,-0.054998914030178,-0.0256907347189671,44.43950004577637,45.47540000915527,43.991372394561765,0,0,-0.9835643916034584,-0.7940283480598632,0,35.76673752256467,41.95352569020254,0.2497086451195684,-1.1845917896125788,-0.1222337132146009,-1.59472152174836,0.0649744314011389,-0.0689167125802857,-0.0180246914544456,0,,
2026-03-25,43.119998931884766,43.22999954223633,42.77999877929688,42.970001220703125,548700,0.0124882801871863,-0.0032474921750481,-0.0976480011650767,-0.0442615192235801,-0.0159957188674007,44.18700008392334,45.41280006408692,43.996877613067625,0,0,-0.9420146568127236,-0.8236256098104353,0,40.38026228766923,41.79811128905868,0.2558336642455184,-0.9184845561495668,-0.1112719218863587,-1.2833852910694177,0.0654212733192402,-0.058277228033131,-0.0062181801549061,0,,
2026-03-26,42.4900016784668,42.959999084472656,42.18999862670898,42.25,728400,-0.0167559041249508,-0.0219907580130054,-0.1201582757759178,-0.0590200765216351,-0.0217854340535321,43.88200016021729,45.33860008239746,43.99858825683594,0,0,-0.956162230844015,-0.8501329340171513,0,36.54063646386879,42.027723672122725,0.2543708242027235,-1.2420241319926486,-0.1261633643563827,-1.7113171760562815,0.0654947344418735,-0.0571837932605554,0.0007803727992159,1,,
2026-03-27,42.08000183105469,42.369998931884766,41.720001220703125,41.869998931884766,464500,-0.0089941081210705,0.0045585082849768,-0.134022745537514,-0.0691418550912004,-0.022476948523505,43.58200016021728,45.25860008239746,43.99776659011841,0,0,-0.9866635523324944,-0.87743905768022,0,34.66705334353249,42.51350805129788,0.2501939109837496,-1.4730934487432883,-0.134022745537514,-2.0048033004259422,0.0660316314065422,-0.0611863978010072,0.0107327375461614,1,,
2026-03-30,42.02999877929688,42.290000915527344,41.790000915527344,41.970001220703125,332400,0.0023883996028049,-0.0203080982443042,-0.1232504249598349,-0.0710491160422794,-0.0322809219863645,43.35200023651123,45.19000007629395,43.99793130874634,0,0,-0.9913391794353146,-0.900219082031239,0,35.60283263057198,42.96459354624625,0.2518303512409779,-1.5197455839440437,-0.1319544458069176,-2.0601053030183416,0.0664113852973229,-0.0508989546340082,0.0119429189496567,1,,
2026-03-31,42.56999969482422,43.5099983215332,42.56999969482422,43.380001068115234,961600,0.0335954206910191,0.0221489743596428,-0.0684990046728198,-0.0357857423935625,-0.004110783783895,43.26750030517578,45.151800079345705,44.002908630371095,0,0,-0.8712264871503947,-0.8944205630550702,1,47.10652133865778,41.54632007931125,0.2747857584259826,-0.6486948491265274,-0.1027920902348321,-1.0376258254016315,0.0667035693279816,-0.019555466954381,0.0170500886197935,1,,
2026-04-01,43.81999969482422,44.119998931884766,43.650001525878906,43.84999847412109,888400,0.0108344258744452,0.0204793397351354,-0.0270690310398035,-0.0285777787543164,0.0032417017088077,43.19850025177002,45.13780006408692,44.01383525848389,0,0,-0.7296999239164421,-0.8614764352273446,1,50.29395147705591,39.48073732857224,0.2575008303142565,-0.4923191171561552,-0.0930713576425155,-0.8286272488628608,0.0669220424999338,0.0074345333848355,0.0157486990677908,1,,
2026-04-02,42.9900016784668,43.79999923706055,42.9900016784668,43.75,848100,-0.0022804669920365,0.0355029585798816,-0.0327216351363056,-0.0275617166527087,-0.0116452777942233,43.17200031280517,45.111800079345706,44.02260032653808,0,0,-0.6184787065101318,-0.812876889483902,1,49.60896607576291,38.12589761546639,0.2569426721686833,-0.4712460529486914,-0.0951395784755442,-0.7991660107740958,0.066709358919152,0.0077404895625647,0.0083695931074798,1,,
2026-04-06,43.66999816894531,44.20000076293945,43.66999816894531,44.15999984741211,953500,0.0093714250837053,0.0546931209444925,-0.0027100030531364,-0.0253807435670659,-0.0086221927624998,43.17300033569336,45.0918000793457,44.03575351715088,0,1,-0.4915848451417162,-0.748618480615465,1,52.467424682662106,36.38901113071136,0.2492593222259897,-0.4244387090110784,-0.0866597468240177,-0.7359275854459141,0.0670177413963011,0.0283536805934481,0.0077203895030135,1,,
2026-04-07,43.68999862670898,44.09000015258789,43.22999954223633,44.02000045776367,826300,-0.0031702760446599,0.0488443930768653,-0.0027185984038076,-0.0308233766539174,-0.0148458079263412,43.16400032043457,45.06200012207032,44.04855497360229,0,0,-0.3977325136695668,-0.6784412872262854,1,51.3953389814554,35.156779786634445,0.2492606919422772,-0.5380699956225959,-0.0895552875492852,-0.8937395035834113,0.0667758903159621,0.0144197432299695,0.0083232233681618,1,,
2026-04-08,45.95000076293945,46.16999816894531,45.560001373291016,45.869998931884766,807200,0.0420263165579957,0.0573996727169217,0.0377827633511165,0.0059210628683883,0.0432825505193443,43.25350017547608,45.06640007019043,44.072496814727785,0,1,-0.1720906946242451,-0.5771711687058774,1,62.34483680037676,33.315698118987434,0.2887597546135642,0.215550877272275,-0.051292649855278,0.1716842333043677,0.0678540232677738,0.0384163537005701,0.0266281048351917,1,,
2026-04-09,45.540000915527344,46.0099983215332,45.31999969482422,45.869998931884766,240200,0.0,0.0460661465919052,0.0406079180234746,0.0103523654231145,0.0528123805964895,43.33700008392334,45.06080001831055,44.095045719146725,0,1,0.0066553538542777,-0.4604058641938464,1,62.34483680037676,31.3804317246623,0.2883630616572413,0.2976413150427027,-0.051292649855278,0.3001721076199024,0.0674648126129692,0.0336068510214122,0.0219312455424549,1,,
2026-04-10,46.15999984741211,46.15999984741211,45.709999084472656,45.84999847412109,148500,-0.0004360248142446,0.0479999651227676,0.0373302643145001,0.008578957270187,0.040238268209078,43.45049991607666,45.06720001220703,44.11515647888184,0,1,0.1450272316286245,-0.3393192450293522,1,62.16923468782724,29.711152267484344,0.2884782941489701,0.264834539628875,-0.0517063098013974,0.2487512350774795,0.0674800532649531,0.0297394517291826,0.0207094220160535,1,,
2026-04-13,45.40999984741211,46.09000015258789,45.33000183105469,46.06999969482422,279100,0.0047982819634619,0.0432518082883108,0.0571362496362994,0.0041412079835592,0.0549936151652448,43.613999938964845,45.07220001220704,44.13711347579956,0,1,0.2693354699224102,-0.2175883020389997,1,63.390725499448166,27.77953309885423,0.2826927152739281,0.1824114499590861,-0.0471561292916528,0.1200764344873124,0.0671476480602989,0.0234637163706681,0.0130390773829125,1,,
2026-04-14,46.33000183105469,46.619998931884766,46.33000183105469,46.5,331600,0.0093336294339956,0.0563380171841625,0.0864486174975354,0.0086768229743752,0.0795992718058586,43.76499996185303,45.095200042724606,44.15997676849365,0,1,0.3979606328740388,-0.094478515056392,1,65.72046998728592,26.46664244034996,0.2731490127884508,0.2666421553614183,-0.0382626376940069,0.2515889010107419,0.0669584980110358,0.0332982500647989,0.0069435137773643,1,,
2026-04-15,46.33000183105469,46.33000183105469,46.09999847412109,46.130001068115234,396100,-0.0079569662770917,0.0056682394219489,0.0609475978329923,0.003698911815253,0.0695265966037164,43.88899993896485,45.1042000579834,44.1786519241333,0,1,0.4646845849749752,0.0173541049498814,1,62.06072833797057,25.00289664949553,0.2726680611516502,0.1743523235691325,-0.045915149453295,0.1072518318379284,0.0659056503517626,0.0113332587997942,-0.0078582511747448,0,,
2026-04-16,46.400001525878906,46.459999084472656,45.810001373291016,46.060001373291016,226700,-0.0015174440321572,0.004142194153708,0.0552119075181083,0.004142194153708,0.0490283478720958,44.036499977111816,45.11160011291504,44.19603187561035,0,1,0.5060816135583934,0.1150996066715838,1,61.36450692461621,23.335054117773225,0.2730779058038842,0.1825748767127842,-0.0473629198159286,0.1201050289930085,0.065644333631959,0.0060396256063435,-0.0147199790111354,0,,
2026-04-17,47.060001373291016,47.27000045776367,46.68999862670898,46.7599983215332,263700,0.0151975016798,0.0198473255768099,0.0846670763049166,0.0299558755494551,0.058018209214087,44.2144998550415,45.12620010375976,44.21656358718872,0,1,0.5885880835213158,0.2097973020415302,1,65.52905928949414,22.553808664379147,0.2705916898324915,0.6533787517955889,-0.0328852161895913,0.8685858672649297,0.0658461674556985,0.0075159056142686,0.0012600001416862,1,,
2026-04-20,46.400001525878906,46.52000045776367,46.16999816894531,46.470001220703125,233400,-0.0062018201719338,0.0086824729439676,0.0756944537040136,0.0260543228377641,0.0344562232248391,44.45399990081787,45.1410001373291,44.23365539550781,0,1,0.6233886763488883,0.2925155769030019,1,62.52229771747458,21.264553896004703,0.2728499594386186,0.5823978472369569,-0.0388830881644022,0.7554583594353139,0.0655689174027366,-0.0012837271414934,-0.0013716774966212,0,,
2026-04-21,46.08000183105469,46.2400016784668,45.29999923706055,45.36000061035156,327900,-0.0238863908154373,-0.024516115906418,0.0882917533164893,0.0181818493190273,0.0079608793400456,44.579999923706055,45.12020011901856,44.246142406463626,0,1,0.5550028963840461,0.3450130407992107,1,52.57782194965653,20.26235627187798,0.254813519420793,0.43685705148666,-0.0618407023398334,0.5271919805239973,0.0644244965193543,0.002490304066242,-0.0228089914206337,0,,
2026-04-22,45.68000030517578,45.68000030517578,45.09999847412109,45.34999847412109,444800,-0.0002205056458529,-0.0169087920211057,0.0585900633191658,0.006659250657961,0.0084074172155768,44.72549991607666,45.08740005493164,44.26056932449341,0,1,0.4943015833062176,0.3748707493006121,1,52.496794162631645,19.51101475005356,0.2400801263342069,0.2290171478496587,-0.0620475717616769,0.1930883642018883,0.0637645661239917,-0.0245093018477103,-0.032514922117186,0,,
2026-04-23,45.43999862670898,45.650001525878906,44.720001220703125,45.20000076293945,446100,-0.0033075571384468,-0.0186713110010946,0.0650330401870822,0.000885759868523,0.0099879531864559,44.83699989318848,45.054800033569336,44.271311130523685,0,1,0.4291448786261256,0.3857255751657149,1,51.22193010870537,19.151507256293083,0.2371225764388392,0.1234466625459208,-0.0651499030112202,0.0256830584811108,0.0638012562412527,-0.0180559511578209,-0.0292721963512498,0,,
2026-04-24,45.16999816894531,45.470001220703125,45.119998931884766,45.380001068115234,367100,0.003982307569414,-0.0295123460854033,0.0560856360006563,-0.0028564548058104,0.0155905911781089,44.99349994659424,45.02080001831055,44.2801173210144,0,1,0.3875646371542984,0.3860933875634316,1,52.70618581147836,18.817678869229784,0.2347020607995812,0.0544044999677877,-0.0614270423937142,-0.0828243618088156,0.0635627656566836,-0.028408307699662,-0.0399902110842881,0,,
2026-04-27,45.41999816894531,45.45000076293945,45.09000015258789,45.20000076293945,172500,-0.0039665116998477,-0.0273294689994082,0.0698225032648391,-0.0098576286505565,0.0035179719515885,45.160000038146975,44.99120002746582,44.28847124099732,1,1,0.3362118351648675,0.3761170770837188,0,51.0338364247821,18.53689267912563,0.2253349638009138,-0.0750594173715543,-0.0651499030112202,-0.2858269629436681,0.0632017588028687,-0.0350100761312319,-0.0435376180002236,0,,
2026-04-28,45.060001373291016,45.060001373291016,44.81999969482422,44.88999938964844,185800,-0.0068584373464257,-0.0103615788002406,0.0721280280583882,-0.0273023205757406,0.0001703264760777,45.30599994659424,44.955,44.29761329650879,1,1,0.267417230207883,0.3543771077085517,0,48.197455245791474,18.54534099644172,0.2239825468330814,-0.4038312586958387,-0.0715615138297177,-0.7916446894190745,0.0630752142585342,-0.0447727412610176,-0.0520325029960994,0,,
2026-04-29,44.86000061035156,44.86000061035156,44.369998931884766,44.5099983215332,175800,-0.0084651609107141,-0.0185226059724616,0.0605193477949468,-0.0224028219879391,-0.0131093398210152,45.36249980926514,44.90419998168945,44.30565132141113,1,1,0.1801573578681967,0.3195331577404807,0,44.90297168889581,18.980941078280026,0.2277338315563847,-0.313613140386077,-0.079420895010849,-0.6495812326850833,0.0625509391109185,-0.0581292826391319,-0.0472062375533542,0,,
2026-04-30,44.93000030517578,45.40999984741211,44.72999954223633,45.33000183105469,331800,0.0184229058738198,0.0028761297770114,0.0449516070752871,-0.0106939735275659,0.0093026147614669,45.436499977111815,44.87020004272461,44.32057521820068,1,1,0.1751516710924576,0.2906568604108761,0,52.45530094480974,18.59892086947232,0.2070949845504746,-0.0891067373121172,-0.0624611528102286,-0.3100772085801389,0.0630757291695418,-0.0543874967260253,-0.0471879413744338,0,,
2026-05-01,45.5,45.77000045776367,45.369998931884766,45.369998931884766,267700,0.000882353832218,-0.0002204084617682,0.0346636376432427,0.000441024441822,0.0164984478353538,45.517499923706055,44.83940002441406,44.334803638458254,1,1,0.172424458202272,0.2670103799691553,0,52.79518945522184,17.76838691925061,0.2047081587860206,0.1151417789982826,-0.0616339118155575,0.0127877282923213,0.0629570490457884,-0.0592479444145678,-0.0419903583490663,0,,
2026-05-04,44.66999816894531,44.84000015258789,44.02999877929688,44.27000045776367,405100,-0.0242450628172276,-0.0205752276433214,0.0118857247488839,-0.0308668966285525,0.0012273433038656,45.52299995422364,44.771200027465824,44.34233814239502,1,0,0.0805736358290545,0.2297230311411351,0,43.570089395536925,18.2615162573754,0.2233813208854871,-0.4538273869439323,-0.0843846565691455,-0.8950013874114905,0.0616565226886104,-0.0757440382040746,-0.0639276672209998,0,,
2026-05-05,44.810001373291016,45.16999816894531,44.68999862670898,45.119998931884766,190600,0.0192003267524707,0.0051236254257862,0.0217391097778483,-0.0124753712400202,0.024138469661598,45.577999877929685,44.72379997253418,44.35442111968994,1,1,0.0754986688189021,0.1988781586766886,0,50.73377856978822,18.29163491524025,0.2306883911428513,-0.1110142740742014,-0.0668045427956972,-0.3617297424699072,0.0623402430527679,-0.06979492662806,-0.061755383914837,0,,
2026-05-06,46.470001220703125,46.77999877929688,46.459999084472656,46.720001220703125,331400,0.0354610444746197,0.0496518306562316,0.0613357731681545,0.0149902772041043,0.065508675278523,45.62049999237061,44.70580001831055,44.3739568901062,1,1,0.1982976815934023,0.1987620632600313,0,60.81723807073664,17.359035221498242,0.258736965348255,0.3677858230567565,-0.0337124571842624,0.4346507216713803,0.0636659718635945,-0.0465724745511059,-0.0534875204663259,0,,
2026-05-07,46.54999923706055,46.59999847412109,45.5099983215332,45.540000915527344,255500,-0.0252568551871716,0.0046326731963375,-0.00719420152696,-0.0041547917911851,0.0490713006799432,45.604000091552734,44.65620002746582,44.38694593429565,1,1,0.1981168532221602,0.1986330212524571,0,52.31332474325318,16.598504979183044,0.2346006404600283,0.04978484460876,-0.0581178417223274,-0.1204703039072886,0.0622488310939398,-0.0826066297014412,-0.0801187059033865,0,,
2026-05-08,45.59999847412109,45.84999847412109,45.470001220703125,45.7599983215332,193600,0.0048308608164926,0.0085959752882947,-0.0023980948967299,-0.0137931720538575,0.0481334366696577,45.59950008392334,44.60440002441406,44.39486623764038,1,1,0.2132670872768045,0.2015598344573266,1,53.6155457788198,15.9264216497025,0.2352588497350854,-0.113537882269426,-0.0535677401101503,-0.3999400481870466,0.0620373615472058,-0.0804486198887034,-0.0791476336698515,0,,
2026-05-11,45.5,45.5099983215332,45.310001373291016,45.4900016784668,1914300,-0.0059002765072077,0.0275581930898574,-0.0078516206681551,-0.0319216843247608,0.0529878936155538,45.570500183105466,44.556800079345706,44.40641132354736,1,1,0.2011683408667295,0.2014815357392072,0,51.74785280823922,15.445437962118726,0.2361433660031152,-0.4258272687126718,-0.0591519521388419,-0.9255854938375868,0.0615311814278098,-0.0881574857948861,-0.0937802139253527,0,,
2026-05-12,45.02000045776367,45.130001068115234,44.77000045776367,45.11000061035156,162800,-0.008353507454257,-0.0002215940108575,-0.0208378357028838,-0.0367286174130048,0.0356053952329444,45.50100021362304,44.52760009765625,44.414464473724365,1,1,0.1590832738198173,0.1930018833553292,0,49.15264135012046,15.47065807179125,0.2369799752455588,-0.5077230192041636,-0.0670113333199732,-1.06496496677083,0.0611097578611352,-0.0899196081110934,-0.0992934562666743,0,,
2026-05-13,44.75,45.15999984741211,44.65999984741211,45.13999938964844,690800,0.0006650139412764,-0.0338185314591673,-0.029247324953797,-0.0412065073482345,0.0266791975209454,45.45150012969971,44.52900009155273,44.427244415283205,1,1,0.1266907931563778,0.179739665315539,0,49.36851742310308,15.588550234736658,0.2341505807126222,-0.5865200177796629,-0.066390882849578,-1.1948036659097414,0.0608101730248963,-0.0918229226875159,-0.1086744851038632,0,,
2026-05-14,45.16999816894531,45.27000045776367,45.0,45.02999877929688,135800,-0.0024368766468522,-0.0111989926652937,-0.0238457026522521,-0.0353470761587795,0.0122656020407998,45.4,44.52500007629394,44.43892713546753,1,1,0.091093321803342,0.1620103966130996,0,48.55448508171504,15.558858117267553,0.2329536686245596,-0.4861662813184411,-0.0686659731044501,-1.0249064745233758,0.06018685567168,-0.0867724489411657,-0.1239968885652211,0,,
2026-05-15,44.40999984741211,44.47999954223633,44.09000015258789,44.15999984741211,195500,-0.0193204298349829,-0.0349650029022877,-0.0412505746684729,-0.0543897403432819,-0.0167482569276128,45.27000007629395,44.52260009765625,44.448448753356935,1,0,-0.0072361596840408,0.1281610853536715,0,42.57511164357748,16.31334289660153,0.2414168612859189,-0.8073482561118709,-0.0866597468240177,-1.5770582204613004,0.0597426855370283,-0.0899033894992181,-0.1302217495859806,0,,
2026-05-18,44.65999984741211,44.93999862670898,44.400001525878906,44.83000183105469,353800,0.0151721464211427,-0.0145086793374318,-0.0412745200974428,-0.0471837926037032,0.0003859583352274,45.18800010681152,44.536400146484375,44.46395702362061,1,1,-0.0307450121863297,0.0963798658456712,0,47.89661473441036,16.42250749421489,0.241394258167314,-0.6758325765304393,-0.0728024147705082,-1.368118095960029,0.0606918030857932,-0.0782788819618557,-0.1215616966227997,0,,
2026-05-19,44.68999862670898,44.790000915527344,44.36000061035156,44.41999816894531,291900,-0.0091457427027218,-0.0152959971640503,-0.0441145469745437,-0.0554965060194838,-0.0043421165813241,45.140999984741214,44.54080009460449,44.47995239257813,1,0,-0.0815201031505665,0.0607998720464237,0,45.13990445672658,16.55973377402712,0.2422698313662298,-0.8173707991421607,-0.0812823253196021,-1.6091494548882777,0.0605399797628102,-0.0766969753219755,-0.1189703440131999,0,,
2026-05-20,44.869998931884766,45.720001220703125,44.650001525878906,45.4900016784668,279500,0.0240883285373374,0.0077537061043608,0.0028659847082446,-0.0302706922524889,0.034405614083542,45.148000144958495,44.56900009155274,44.49915863037109,1,1,-0.0350157479823565,0.0416367480406676,0,52.77842005154048,15.565490547774235,0.2447379983668833,-0.3723527247683392,-0.0591519521388419,-0.8777141378969349,0.0613693108647106,-0.0474227323410402,-0.1069781150907085,0,,
2026-05-21,45.0099983215332,45.68999862670898,44.900001525878906,45.5,546700,0.0002197916281443,0.0104375135119747,0.0033076412552586,-0.0457214826179256,0.0481498291903292,45.16300010681152,44.59500007629394,44.51856409072876,1,1,0.0026159148840605,0.0338325814093462,0,52.84449113460532,14.642264694825132,0.2447321088965513,-0.638931191113647,-0.0589451616145659,-1.3257176732079097,0.061261312196743,-0.0392577583352654,-0.1166032661698069,0,,
2026-05-22,45.43000030517578,45.5,45.119998931884766,45.16999816894531,330400,-0.0072527874957074,0.0228713388818635,-0.0006637741922062,-0.0488524621504369,0.0450991114969476,45.15249996185303,44.62680000305176,44.535374355316165,1,1,0.0057446680441728,0.0282149987363115,0,50.340886727074206,13.784983545658106,0.2458378671656516,-0.6912571165269232,-0.0657704323791827,-1.4165020192753552,0.0605788279619657,-0.0505072857359109,-0.1319056885833451,0,,
2026-05-26,45.88999938964844,46.04999923706055,45.68999862670898,45.91999816894531,229100,0.0166039413416587,0.0243139927140392,0.011899451038345,-0.035699302836422,0.0735730977884985,45.18849983215332,44.689199981689455,44.55359645843506,1,1,0.0679595639041608,0.0361639117698814,1,55.50085733872521,13.266176723650576,0.2521675136059692,-0.4619161444598911,-0.0502585394387635,-1.0351194664210397,0.0611785349204853,-0.0375098646442799,-0.119350379974225,0,0.480571,
