Date,open,high,low,close,volume,ret_1d,ret_5d,ret_21d,ret_63d,ret_126d,sma20,sma50,sma200,trend_sma,above_sma200,macd,macd_signal,macd_bullish,rsi,adx,vol_21,sharpe_63,drawdown,rs_ratio,rs_mom_21,rs_positive,score,score_pct
2024-05-23 04:00:00,20.983145658474296,20.99248416606921,20.89910087125821,20.92711639404297,3794600,,,,,,,,,0,0,0.0,0.0,0,,0.0,,,0.0,0.0407567459589149,,0,,
2024-05-24 04:00:00,20.91777762941496,20.94579315185547,20.899100614454607,20.94579315185547,3249400,0.0008924668578713,,,,,,,,0,0,0.0014898838141021,0.0002979767628204,1,99.99999946457515,7.142857142857142,,,0.0,0.0405249908097927,,0,,
2024-05-28 04:00:00,20.96447733914929,20.96447733914929,20.843078481512453,20.8524169921875,5597800,-0.0044579911102433,,,,,,,,0,0,-0.0048086174881234,-0.0007233420873683,0,72.22386128951729,13.775510204081632,,,-0.0044579911102433,0.0403161512416788,,0,,
2024-05-29 04:00:00,20.80572358206201,20.815062091553067,20.74969252511572,20.777708053588867,4293700,-0.0035827472003184,,,,,,,,0,0,-0.0156482290804902,-0.0037083194859927,0,58.27664191472023,19.934402332361515,,,-0.0080247664553926,0.0404550073150624,,0,,
2024-05-30 04:00:00,20.833739970837403,20.86175550286255,20.81506473062609,20.8524169921875,4825900,0.0035956294315979,,,,,,,,0,0,-0.0180027874588901,-0.0065672130805722,0,65.45981417938948,21.982501065955468,,,-0.0044579911102433,0.0408715864677754,,0,,
2024-05-31 04:00:00,20.89910087125821,20.93645490163789,20.88976414480149,20.92711639404297,3246500,0.0035822898555815,0.0,,,,,,,0,0,-0.013683440314363,-0.0079904585273303,0,70.8615434237996,20.62706678468111,,,-0.0008916710709924,0.0406477748752392,,0,,
2024-06-03 04:00:00,20.954271326424205,21.038537979125977,20.94490995242636,21.038537979125977,4926600,0.0053242684269068,0.004427849859784,,,,,,,0,0,-0.0012550682108702,-0.0066433804640383,1,76.71186505418554,21.22796034320637,,,0.0,0.0408309059429127,,0,,
2024-06-04 04:00:00,21.085353788194265,21.15089412125076,21.07599062835189,21.12280464172364,3080500,0.0040053478374433,0.0129667294509523,,,,,,,0,0,0.0152186900627455,-0.0022709663586815,1,79.9848447208934,23.151458612822253,,,0.0,0.0409486730338513,,0,,
2024-06-05 04:00:00,21.1508921979718,21.188343048095703,21.09471502986593,21.188343048095703,4608500,0.0031027322121139,0.0197632478735261,,,,,,,0,0,0.033180183348815,0.0048192635828177,1,82.0927985052972,25.26408628690247,,,0.0,0.0405932680387272,,0,,
2024-06-06 04:00:00,21.160255356962764,21.197706207086675,21.1508921979718,21.188343048095703,9032300,0.0,0.0161096939522196,,,,,,,0,0,0.0468744566259538,0.0132303021914449,1,82.0927985052972,27.304119033982357,,,0.0,0.0405940322706067,,0,,
2024-06-07 04:00:00,21.04790121680952,21.04790121680952,21.01045036315918,21.01045036315918,4017700,-0.0083957808561397,0.0039821047270485,,,,,,,0,0,0.0428785368153725,0.0191599491162304,1,61.6526004158753,26.20408718692436,,,-0.0083957808561397,0.040302212103991,,0,,
2024-06-10 04:00:00,20.991722091497103,20.991722091497103,20.963632614491143,20.98235893249512,3787900,-0.0013370218238308,-0.002670292331463,,,,,,,0,0,0.0370182742690303,0.0227316141467904,1,59.14809899819433,24.47029811671205,,,-0.0097215773377378,0.0401243465312906,,0,,
2024-06-11 04:00:00,21.001087154737224,21.066627487853903,20.98236083503528,21.05726432800293,6067600,0.0035699225119918,-0.003102822510191,,,,,,,0,0,0.0379803989895393,0.0257813711153402,1,63.415741808092925,23.792788075064244,,,-0.006186360103536,0.0401708424376954,,0,,
2024-06-12 04:00:00,21.19770816389228,21.2445239631688,21.13216783074528,21.141530990600582,6052200,0.0040017858580798,-0.0022093307338314,,,,,,,0,0,0.0450235022799034,0.0296297973482528,1,67.52574672606154,24.705977706036865,,,-0.0022093307338314,0.040003053935195,,0,,
2024-06-13 04:00:00,21.216436427284577,21.27261360572277,21.188346945145327,21.244525909423828,5294100,0.0048716868645433,0.0026515929631965,,,,,,,0,0,0.0582446336838344,0.0353527646153692,1,71.70922587323685,25.74149092800074,,,0.0,0.0401171544449702,,0,,
2024-06-14 04:00:00,21.281976727314312,21.310066209401928,21.26325040592257,21.30070304870605,5058400,0.0026443112697236,0.0138146817669275,,,,,,,0,0,0.0724206806959379,0.0427663478314829,1,73.69940647072559,26.94670726800898,,,0.0,0.0401987829408414,,0,,
2024-06-17 04:00:00,21.2070713189066,21.22579763861293,21.188344999200265,21.21643447875977,4040000,-0.0039561403092467,0.011155826044999,,,,,,,0,0,0.0759796842487823,0.0494090151149428,1,66.17873207735238,26.96746698552477,,,-0.0039561403092467,0.0397236001407427,,0,,
2024-06-18 04:00:00,21.253889031067,21.310066209401928,21.23516270967525,21.30070304870605,3685500,0.003971853519056,0.0115607952159002,,,,,,,0,0,0.0846244910822093,0.0564521103083961,1,69.52750357193797,27.58723857814564,,,0.0,0.0397803064179537,,0,,
2024-06-20 04:00:00,21.216436440985785,21.253889083862305,21.197710119547526,21.253889083862305,5902700,-0.0021977661834307,0.0053145674885928,,,,,,,0,0,0.0866986588863092,0.0625014200239787,1,65.63925723519543,27.655017778415036,,,-0.0021977661834307,0.0398009992719267,,0,,
2024-06-21 04:00:00,21.28197678017939,21.30070310161765,21.22579960170492,21.253889083862305,4468500,0.0,0.0004407335084057,,,,21.07911729812622,,,0,0,0.0873357002270012,0.0674682760645832,1,65.63925723519543,28.054302845234385,,,-0.0021977661834307,0.0398544232363616,,0,,
2024-06-24 04:00:00,21.25389280121497,21.27261734008789,21.23516647650144,21.27261734008789,5465200,0.0008811684370653,-0.0013185343485583,,,,21.096392345428463,,,0,0,0.0883335200050581,0.0716413248526782,1,66.50826969880703,28.42506755013807,,,-0.0013185343485583,0.0400196351723489,,0,,
2024-06-25 04:00:00,21.263250392198096,21.29133987426757,21.25388901734857,21.29133987426757,3206600,0.0008801236763846,0.0035305364613831,0.0174043797227736,,,21.113669681549077,,,0,0,0.0896021733269272,0.075233494547528,1,67.39601049770563,28.91075543092437,0.0581583011492093,,-0.0004395711454718,0.0399011993328702,-0.020991534184479,0,,
2024-06-26 04:00:00,21.197706207086675,21.21643252506862,21.178981674944705,21.188343048095703,8739200,-0.0048374985689064,-0.0052749432895912,0.0115798859695483,,,21.13046598434448,,,0,0,0.0813587540602469,0.0764585464500718,1,58.2489675200659,28.26738709851981,0.0613769118084516,,-0.0052749432895912,0.0396586908843567,-0.021376930830215,0,,
2024-06-27 04:00:00,21.216430680324123,21.24452015485469,21.216430680324123,21.225793838500977,3537500,0.0017675185983285,-0.0013218872673359,0.0179056867342219,,,21.15287027359009,,,0,0,0.0769605968430653,0.0765589565286705,1,60.35588297563577,27.92027637735079,0.0586998566917214,,-0.0035167482516322,0.0396662490417448,-0.0161201449026738,0,,
2024-06-28 04:00:00,21.26325040154536,21.26325040154536,21.132169723510746,21.132169723510746,8310800,-0.0044108651814194,-0.0057269217822341,0.0170597098105174,,,21.16685791015625,,,0,0,0.0651691129632254,0.0742809878155815,0,53.13673161056946,26.506330848191592,0.0595520701578764,,-0.0079121015306367,0.0396472983330085,-0.0199656120628917,0,,
2024-07-01 04:00:00,21.04861103513232,21.095551913337463,21.00167015692716,21.01105690002441,5805100,-0.0057312062637652,-0.0122956397833835,0.0076077467612674,,,21.171054935455324,,,0,0,0.0455266811215508,0.0685301264767754,0,45.54719495622083,25.354809425840678,0.0627391665860939,,-0.01359796190855,0.0393391159790595,-0.0374947639951344,0,,
2024-07-02 04:00:00,21.07677325211807,21.09554852597751,21.03921912304032,21.06738471984864,4778800,0.0026808656076773,-0.0105186031382462,0.0067027068213563,,,21.17249727249145,,,0,0,0.0341118762045518,0.0616464764223306,0,49.18258091794704,24.285539533657683,0.0622330121161737,,-0.0109535506092879,0.0391809015654401,-0.0360874196509253,0,,
2024-07-03 04:00:00,21.11433194126701,21.189438431333546,21.104943406173707,21.180049896240234,3276100,0.0053478482445641,-0.0003914016228944,0.0067263189701995,,,21.17535953521729,,,0,0,0.0337674490876587,0.0560706709553962,0,55.57170545974525,22.79456947753832,0.0622569257179894,,-0.0056642802911214,0.0392154310365578,-0.0395650027607411,0,,
2024-07-05 04:00:00,21.23637915705037,21.28332003752724,21.20821355435637,21.2739315032959,3753400,0.0044325489087884,0.0022678852513684,0.007154677806078,,,21.179638957977296,,,0,0,0.0406019155949621,0.0529769198833094,0,60.07610729610751,22.2285166774557,0.0625916775699738,,-0.0012568385817565,0.0391634118233579,-0.0435975351146918,0,,
2024-07-08 04:00:00,21.26454162597656,21.283318693253253,21.236377815741218,21.26454162597656,2789200,-0.0004413795032612,0.0062639995891449,0.0035962499619668,,,21.18344888687134,,,0,0,0.0447448046610219,0.0513304968388519,0,59.42713469485263,21.702896220236127,0.0618249468683521,,-0.0016976633422288,0.0391010144542047,-0.0367611098248813,0,,
2024-07-09 04:00:00,21.2457594026001,21.273924996679675,21.20820706783993,21.25514793395996,3959100,-0.0004417537975576,0.0116172658565913,0.0031529075073315,,,21.195683765411378,,,0,0,0.0467313912651725,0.050410675724116,0,58.74346672622519,20.889525279372737,0.0618599179613394,,-0.0021386671905582,0.039045765828564,-0.0381402476039262,0,,
2024-07-10 04:00:00,21.273930159614903,21.283318693253253,21.24576455869987,21.26454162597656,4270400,0.0004419490302201,0.0093583949194306,0.0120935657458782,,,21.20979290008545,,,0,0,0.0485046366427965,0.0500294679078521,0,59.24834924145888,20.224175283481973,0.0534704059928285,,-0.0016976633422288,0.038680273294601,-0.0402444115277089,0,,
2024-07-11 04:00:00,21.386591521638067,21.41475533285982,21.36781445370373,21.3772029876709,5189000,0.0052980855960098,0.0093084337570734,0.0188179058630193,,,21.22578983306885,,,0,0,0.0583284031947002,0.0516892549652218,1,64.81040379685048,20.709072585507258,0.0553821257336535,,0.0,0.0392234086282427,-0.0224536467489965,0,,
2024-07-12 04:00:00,21.386592398145083,21.424144744873047,21.367815329441186,21.424144744873047,2970600,0.0021958792845453,0.0070609065162157,0.0174229857760879,,,21.23992052078247,,,0,0,0.069105016843288,0.055172407340835,1,66.84116268485468,21.228429675155013,0.0547464888263098,,0.0,0.0390631503325028,-0.0275745301311669,0,,
2024-07-15 04:00:00,21.367815017700195,21.395980620345124,21.34903794927024,21.367815017700195,4217600,-0.0026292637509524,0.0048566008870596,0.0107032942505544,,,21.24608497619629,,,0,0,0.0722671716157918,0.0585913601958264,1,62.20228017920881,21.457000406226907,0.0547226472550335,,-0.0026292637509524,0.0388535866374133,-0.0287344886128898,0,,
2024-07-16 04:00:00,21.405369793080222,21.452312469482425,21.377205977918912,21.452312469482425,5873500,0.003954426398405,0.0092760838990657,0.0097807106143246,,,21.253665447235107,,,0,0,0.0806616232564678,0.0630054128079547,1,66.01273046871282,22.113396811217136,0.0538879215904033,,0.0,0.038777273612399,-0.0333991991981679,0,,
2024-07-17 04:00:00,21.424146863641106,21.461701004762865,21.405369793080222,21.452312469482425,5301900,0.0,0.008830232356219,0.0071175782522157,,,21.26545934677124,,,0,0,0.0863192520546469,0.0676681806572931,1,66.01273046871282,22.795002398531235,0.0533185394217063,,0.0,0.0393287126320949,-0.0216441952988213,0,,
2024-07-18 04:00:00,21.424142737349264,21.452308337765885,21.395978927612305,21.395978927612305,3965100,-0.0026259892470921,0.0008783160244225,0.008462517537161,,,21.270223140716556,,,0,0,0.0852743282338934,0.0711894101726132,1,61.23926810439597,23.282773520474606,0.0521534898044846,,-0.0026259892470921,0.0395292149122569,-0.0048934443957004,0,,
2024-07-19 04:00:00,21.3678117658184,21.37720029860457,21.34903470024605,21.358423233032227,2498100,-0.0017552688150954,-0.0030676375941003,0.0027097783671361,,,21.27544984817505,,,0,0,0.0804879726444802,0.0730491226669866,1,58.21689372257696,23.0253865836458,0.050980601527598,,-0.0043766487451534,0.0397236193760714,-0.0014250026454467,0,,
2024-07-22 04:00:00,21.37720142621644,21.38658995949784,21.30209495064484,21.33964729309082,4433200,-0.0008790882986328,-0.0013182313954909,0.0040349419765077,,,21.279737758636475,,,0,0,0.0743229413167725,0.0733038863969438,1,56.70998018104658,22.134069053960637,0.0504223138090797,,-0.005251889583087,0.039283686921081,-0.0129974714280766,0,,
2024-07-23 04:00:00,21.3584237960952,21.386589395196243,21.339646730027845,21.349035263061523,5527100,0.0004399308874116,-0.0048142691641203,0.0044766479595239,,,21.28355865478516,,,0,0,0.0693947013703137,0.0725220493916178,0,57.3050534857746,21.30641706211012,0.0504237335534224,,-0.0048142691641203,0.0393627102867262,-0.0123377258960486,0,,
2024-07-24 04:00:00,21.377205151618828,21.405368965691515,21.30209866295844,21.311487197875977,4829000,-0.0017587710509108,-0.0065645730177938,0.0018272249797319,,,21.284566020965578,,,0,0,0.0617474346581943,0.0703671264449331,0,54.10177461561143,20.01585209803931,0.0508137228773479,,-0.0065645730177938,0.0402046166450905,0.0046222678428968,1,,
2024-07-25 04:00:00,21.33025819699417,21.40536467058402,21.33025819699417,21.349035263061523,4397500,0.0017618697764691,-0.0021940414462737,0.0027098054483494,,,21.292600631713867,,,0,0,0.0580475991616999,0.0679032209882865,0,56.70789918890858,18.817470345687845,0.0510772003110842,,-0.0048142691641203,0.0404864019745105,0.0146662920269233,1,,
2024-07-26 04:00:00,21.41475621052109,21.433533279225,21.395980932497032,21.424144744873047,3381500,0.0035181674902884,0.0030770769510353,0.0111288408084622,,,21.30251817703247,,,0,0,0.060478996120505,0.0664183760147302,0,61.42618027044539,18.080620217488207,0.0489889314576914,,-0.0013130390790946,0.0401788529929316,0.0131159676977663,1,,
2024-07-29 04:00:00,21.461701004762865,21.4710895400433,21.433535398921546,21.452312469482425,6996700,0.0013147654174676,0.0052796175515086,0.0106718567373707,,,21.31852531433105,,,0,0,0.0639417154032742,0.065923043892439,0,63.05248550652201,17.86984232803241,0.048869982606414,,0.0,0.0402080452883873,0.0136588727124751,1,,
2024-07-30 04:00:00,21.47108772823756,21.508640075510502,21.44292212477295,21.4804744720459,3825900,0.0013127723458035,0.0061566814314928,0.0164822047661128,,,21.34199619293213,,,0,0,0.0681725331039189,0.0663729417347349,1,64.6568785414049,18.11275818752541,0.0455149685294299,,0.0,0.0404658387619528,0.0206455537542347,1,,
2024-07-31 04:00:00,21.52741731788023,21.602523803710938,21.49925171418876,21.602523803710938,6063100,0.005681873173885,0.0136563254892867,0.028150268998883,,,21.368753147125243,,,0,0,0.0804465103742373,0.0691876554626354,1,70.61270126972636,19.255267608550923,0.0419673114442137,,0.0,0.0400448527196352,0.0179398220578064,1,,
2024-08-01 04:00:00,21.64206508788074,21.717374508198656,21.632651185901224,21.68913459777832,6633600,0.0040092905280124,0.0159304310722294,0.0295124376469899,,,21.394207382202147,,,0,0,0.0960552281569384,0.074561170001496,1,73.96549942312382,21.148427629976627,0.0427525689703255,,0.0,0.0407829277111531,0.0408879347259847,1,,
2024-08-02 04:00:00,21.86799200993049,21.98095703125,21.85857810852736,21.98095703125,8628300,0.0134547753464342,0.0259899423294458,0.0378142232399527,,,21.42955865859985,,,0,0,0.1304689165182502,0.0857427193048468,1,81.58778376010011,24.084638937853672,0.0585246445507245,,0.0,0.04211578566623,0.0739595244272188,1,,
2024-08-05 04:00:00,22.09392103213247,22.13157663906601,21.915062285752647,21.99037170410156,12019500,0.0004283104160649,0.0250816426147326,0.0336769064380348,,,21.465850162506104,21.2561315536499,,1,0,0.1566954107436977,0.099933257592617,1,81.77318723468606,27.236152186296287,0.0578742043782984,,0.0,0.0433977242258361,0.1081190888469212,1,,
2024-08-06 04:00:00,21.943296134561606,21.952710033694814,21.820919036865234,21.820919036865234,11249000,-0.0077057663925125,0.0158490244366986,0.0261645616761854,,,21.494138717651367,21.27400760650635,,1,0,0.1619399394799003,0.1123345939700737,1,68.41902772176644,29.00990555670209,0.0659817778911493,,-0.0077057663925125,0.0426699100302723,0.0912737335817079,1,,
2024-08-07 04:00:00,21.783269110934413,21.80209691410207,21.736201398533414,21.773855209350582,5705300,-0.0021568215085322,0.0079310828307113,0.0244038421657779,,,21.519604396820068,21.29056884765625,,1,0,0.1604490519417964,0.1219574855644182,1,65.2326715682681,29.732994024446214,0.0667946735298314,,-0.0098459679383496,0.0428643917363725,0.0977987197017642,1,,
2024-08-08 04:00:00,21.68912994811369,21.7361976524028,21.679716048152304,21.726783752441406,4726500,-0.0021618338349637,0.0017358532445523,0.0217376952955419,,,21.537083435058594,21.30805618286133,,1,0,0.1536975104198461,0.1283054905355038,1,62.11678616427,29.83236649667585,0.0677481795499959,,-0.0119865164266863,0.0418052947572803,0.0807910905612838,1,,
2024-08-09 04:00:00,21.811510815685896,21.811510815685896,21.764443103284894,21.773855209350582,8211700,0.0021665174857685,-0.0094218746529091,0.0185549167451162,,,21.55456895828247,21.32797912597656,,1,0,0.1504112905715366,0.1327266505427104,1,63.97016122082967,30.30022989407003,0.0661130195152655,,-0.0098459679383496,0.0417119322313367,0.0634448583161166,1,,
2024-08-12 04:00:00,21.76444011055776,21.8397495173548,21.7550262102684,21.83033561706543,4242000,0.00259395532724,-0.0072775526120951,0.0189594906601622,,,21.57769498825073,21.34753749847412,,1,0,0.1506280877095527,0.1363069379760789,1,66.11246634416725,30.870567079982976,0.0662268239766688,,-0.0072775526120951,0.0417981679334806,0.0700152849347159,1,,
2024-08-13 04:00:00,21.89622956351612,21.90564346313477,21.86798786466018,21.90564346313477,2900600,0.0034496879658811,0.0038827157612564,0.0251700253389997,,,21.60036153793335,21.36710803985596,,1,0,0.1550888471171205,0.1400633198042872,1,68.7781280458335,31.708290344065617,0.0654852948139047,,-0.003852969931881,0.0412637490907138,0.0620319167903959,1,,
2024-08-14 04:00:00,21.905647573052928,21.96212918584408,21.896233671668053,21.933887481689453,4132300,0.0012893489571403,0.0073497444894436,0.0224486293909855,,,21.624440288543703,21.385015029907223,,1,0,0.1590694339209548,0.1438645426276207,1,69.73954434160683,32.73470580238292,0.0647152657214569,,-0.0025685887975041,0.0411870236137988,0.0621433581299881,1,,
2024-08-15 04:00:00,21.7832634403324,21.820919036865234,21.77384954119919,21.820919036865234,6163600,-0.0051504068724035,0.0043326838199533,0.0171826029434905,,,21.645687294006347,21.398977317810058,,1,0,0.1513636424118161,0.1453643625844598,1,61.57267001414764,32.39491605352769,0.068151971219949,,-0.0077057663925125,0.0402844089527284,0.0243002187631629,1,,
2024-08-16 04:00:00,21.858576593023965,21.86799049377441,21.82092278554015,21.86799049377441,8763900,0.0021571711452506,0.0043233172774752,0.0220607604708824,,,21.671165657043456,21.412570266723638,,1,0,0.1473563875935717,0.1457627675862822,1,63.4911618403499,32.33054184012297,0.0671105664206106,,-0.0055652179041758,0.0402810001445813,0.0190184711230203,1,,
2024-08-19 04:00:00,21.858572420571186,21.915055814292096,21.849158521617703,21.88681411743164,15990400,0.0008607843351033,0.0025871567600663,0.0247392271720798,,,21.698523998260494,21.426539688110356,,1,0,0.1440391250209529,0.1454180390732163,0,64.25960087178075,32.515145944182294,0.0663410954471682,,-0.0047092240214658,0.0399338465470411,0.0052922461314373,1,,
2024-08-20 04:00:00,21.924470069940707,21.971537769956253,21.915056170834063,21.96212387084961,6631900,0.0034408732588444,0.0025783496298519,0.029169956241982,,,21.729178428649902,21.44557315826416,,1,0,0.145806274274939,0.1454956861135609,1,67.23129031795418,32.96843213648936,0.0663454801274599,,-0.0012845546056268,0.0401365204111772,0.0217096091772017,1,,
2024-08-21 04:00:00,21.97153705116259,22.037432547235664,21.93388145596792,21.9997787475586,5325900,0.0017145371244795,0.0030040851592838,0.0304811658456061,,,21.763593006134037,21.46592155456543,,1,0,0.148532990786613,0.1461031470481713,1,68.63551583552832,33.698459135329884,0.0662651819710634,,0.0,0.0400676369385246,0.0179084886854474,1,,
2024-08-22 04:00:00,21.943294220707987,21.952708119020134,21.87739872804048,21.915054321289062,4262100,-0.0038511490157117,0.0043139926537829,0.0283212108948098,,,21.79189395904541,21.483077354431156,,1,0,0.142217979795209,0.1453261135975789,0,62.179065687856486,33.74903824216356,0.0679133859657664,,-0.0038511490157117,0.0402290714713791,0.0006082591585059,1,,
2024-08-23 04:00:00,21.94330219543464,21.999785605834948,21.924476187486032,21.99037170410156,3962100,0.0034367874114429,0.005596362883091,0.030040535000178,0.0508075403241534,,21.82020530700684,21.500054168701173,,1,0,0.1416578281625398,0.1445924565105711,0,65.30370088423265,34.04048090717378,0.0682914423386676,3.377523895623153,-0.0004275971847254,0.0399429243069415,-0.0134237087284561,0,,
2024-08-26 04:00:00,22.01861084134444,22.02802474274757,21.96212922844373,21.98095703125,3977700,-0.0004281270447922,0.0043013530116007,0.0259899423294458,0.0494210876565841,,21.846637535095216,21.51478279113769,,1,0,0.138853600665449,0.1434446853415467,0,64.58541682170144,34.45591266584317,0.0681312471655579,3.285564511633344,-0.0008555411635985,0.0400212254650016,-0.0039231465357604,0,,
2024-08-27 04:00:00,21.92447464855348,21.98095625947104,21.915060747480872,21.97154235839844,3984500,-0.0004283104160648,0.0004288513990822,0.0242039122660859,0.0536688560673914,,21.87119092941284,21.52819957733154,,1,0,0.1343231510808173,0.1416203784894008,0,63.82934421757504,34.289283238016914,0.0683714884646833,3.6126055783606574,-0.0012834851424716,0.0399492297231566,-0.0064369099112971,0,,
2024-08-28 04:00:00,21.980951669062893,21.990365568169537,21.95270997174297,21.96212387084961,3567500,-0.0004286675643975,-0.0017116025184192,0.0224226610743871,0.0570041611041003,,21.889170932769776,21.54311336517334,,1,0,0.12849157304246,0.1389946174000127,0,63.03434464525993,34.19159281047867,0.0685845024458484,3.870731536133528,-0.0017116025184192,0.0401652742538792,-0.0074276109743265,0,,
2024-08-29 04:00:00,21.92447537582268,21.943301383074328,21.896233671668053,21.933887481689453,4085900,-0.0012856857253972,0.0008593709202944,0.0153391187524853,0.0518630761080183,,21.90140857696533,21.55577705383301,,1,0,0.1202059059507192,0.135236875110154,0,60.59757523981138,33.42992527891141,0.066901568772797,3.539034391080396,-0.0029950876608909,0.0401100391172561,0.0016278346202753,1,,
2024-08-30 04:00:00,21.94330067868673,21.962128480852098,21.86799126554329,21.877405166625977,6653900,-0.0025751164772148,-0.0051370908593832,0.0086804094464396,0.045409446513783,,21.89623098373413,21.56824737548828,,1,0,0.1078387068173611,0.1297572414515954,0,55.93913081284119,32.39917129566369,0.066727390208696,3.1056765886597857,-0.0055624914385196,0.0396284584024322,-0.0283076614042376,0,,
2024-09-03 04:00:00,21.97462652119145,22.002943185783245,21.94630805620135,21.984066009521484,7631400,0.0048753881954071,0.0001414396228092,0.0001414396228092,0.0449426681328162,,21.895915699005126,21.582850914001465,,1,0,0.1054289319231465,0.1248915795459056,0,61.89618247874581,31.75435204568315,0.0501766721205616,3.081997375621345,-0.0007142225482088,0.0406583754775726,-0.0346048438988524,0,,
2024-09-04 04:00:00,22.01238600134096,22.106779098510746,22.00294651158412,22.106779098510746,6266700,0.0055819105044587,0.0061550863342376,0.0052935619268079,0.0465835135758192,,21.9102087020874,21.599534149169923,,1,0,0.1121285406641661,0.1223389717695577,0,67.36326438457226,31.86077302225493,0.0537637904632068,3.166639523473338,0.0,0.0409691811366256,-0.0559601484301971,0,,
2024-09-05 04:00:00,22.144529342651367,22.15396882988705,22.07845473239968,22.144529342651367,4657700,0.0017076320332509,0.0083054568344305,0.0148302784699128,0.045127940980812,,21.92874240875244,21.6165979385376,,1,0,0.1191111192312917,0.1216934012619045,0,68.84421100542883,32.242424888437284,0.0454423048916256,3.0792707925581504,0.0,0.0411392028745829,-0.0358732220106254,0,,
2024-09-06 04:00:00,22.15397258482878,22.25780516162209,22.106776941049127,22.1728515625,7005500,0.0012789714069056,0.0108947436249062,0.018324561696271,0.0464646297338846,,21.95104579925537,21.636288108825685,,1,0,0.1254837311537855,0.1224514672402807,1,69.94607036577426,33.14958318157259,0.0442590402528871,3.1680232067777765,0.0,0.0418969462906475,-0.0225699095807787,0,,
2024-09-09 04:00:00,22.16341582062281,22.21061327278009,22.13509914972715,22.20117378234864,14097500,0.001277337728474,0.0147992238227854,0.0218343421333091,0.0566729126985936,,21.972411727905275,21.65579570770264,,1,0,0.131305826623393,0.1242223391169032,1,71.04872569070056,33.991944453769655,0.0428735738516129,4.049392762218744,0.0,0.0414859775380112,-0.0076382004031573,0,,
2024-09-10 04:00:00,22.201169677977965,22.28612327575684,22.191730189291608,22.28612327575684,10130000,0.0038263514461449,0.0137398271140802,0.0235267508431977,0.0621362139240977,,21.995201110839844,21.67887477874756,,1,0,0.1411475325011082,0.1276073777937442,1,74.11622401026227,35.14439638369443,0.0438022319386849,4.416071200687416,0.0,0.0414641087056995,-0.0059413101330978,0,,
2024-09-11 04:00:00,22.2389315876474,22.32388520741183,22.229492096518143,22.26725006103516,7551900,-0.000846859477898,0.0072589028826557,0.0200140965138519,0.0574616775562404,,22.013281440734865,21.70399864196777,,1,0,0.145744196245154,0.1312347414840262,1,72.28379414801205,36.386446181056336,0.0439564761777022,4.105230384137541,-0.000846859477898,0.0410082971670595,-0.0188972580730852,0,,
2024-09-12 04:00:00,22.23892786235076,22.2578068414468,22.19173221500919,22.22948837280273,10638200,-0.0016958397704666,0.0038365696934334,0.0147836291690295,0.0514606715419923,,22.02806148529053,21.727240715026856,,1,0,0.1446723400460783,0.1339222611964366,1,68.62780907004313,37.001549372958834,0.043880154177908,3.6982241048021134,-0.002541263110382,0.0405967907498404,-0.0161632996412209,0,,
2024-09-13 04:00:00,22.276683807373047,22.28612329606801,22.23892585259319,22.276683807373047,6372800,0.0021231003511559,0.0046828548227262,0.0156286169503587,0.0485846519875203,,22.05084972381592,21.74917339324951,,1,0,0.1459487570063018,0.1363275603584097,1,70.62739128103304,37.72344166340797,0.0441150224361863,3.533237316461166,-0.000423558115828,0.0404716047119803,-0.0173700073238324,0,,
2024-09-16 04:00:00,22.295562556332506,22.33331871032715,22.26724409053775,22.33331871032715,6755300,0.0025423399390962,0.0059521595242668,0.0234820390743508,0.048478008414085,,22.074116134643557,21.770361137390136,,1,0,0.1498034490825155,0.1390227381032308,1,72.86266382822905,38.63716971937712,0.0389089923006228,3.5266182484325057,0.0,0.0405146700926676,0.0057158872607367,1,,
2024-09-17 04:00:00,22.323879409775547,22.33331889845331,22.27668376678509,22.295562744140625,5039500,-0.0016905667570608,0.0004235581158278,0.0195524252897374,0.0508628472169154,,22.094553565979005,21.79098155975342,,1,0,0.1481044732175753,0.1408390851260997,1,69.08801304769963,39.48563246316847,0.0398736904570164,3.736573986244112,-0.0016905667570608,0.0404296590306524,0.0036905460524176,1,,
2024-09-18 04:00:00,22.23893183138032,22.361643417006647,22.20117566684835,22.21061515808105,8377300,-0.0038100669193423,-0.0025434170271978,0.0147943432475867,0.0427174683997237,,22.106978130340572,21.81009090423584,,1,0,0.1383091208945082,0.1403330922797814,0,61.383053562273055,39.1255109826572,0.043119970637753,3.132379625323817,-0.0054941925039272,0.0403954212533503,0.0115584834975877,1,,
2024-09-19 04:00:00,22.172855311054263,22.20117378234864,22.15397633019135,22.20117378234864,5383000,-0.0004250839369021,-0.0012737400870069,0.0108846445318668,0.0445699464577327,,22.11704788208008,21.82882354736328,,1,0,0.1283053690628008,0.1379275476363853,0,60.57446762255845,38.14712906374604,0.0420946372423186,3.280237130101692,-0.0059169409478496,0.0397007806747726,-0.0108564402678823,0,,
2024-09-20 04:00:00,22.17285152163116,22.220048965722214,22.15397254399473,22.19173049926757,5185600,-0.0004253506221626,-0.0038135527190701,0.0087251673715254,0.0441256379811145,,22.130881690979,21.84511409759521,,1,0,0.1182521919794936,0.133992476505007,0,59.72700443829808,37.38814610669208,0.0419814015356841,3.246737075840272,-0.0063397747954988,0.0397526117118397,-0.0078623360586059,0,,
2024-09-23 04:00:00,22.16341395895529,22.210611407148114,22.11621831116103,22.182292938232425,4912600,-0.0004252737764394,-0.0067623524319692,0.0121942940695227,0.0427627491061133,,22.14047775268555,21.8602770614624,,1,0,0.1082753139885781,0.1288490440017212,0,58.84100637085776,36.16403255204037,0.0391764118579097,3.1467070250228937,-0.0067623524319692,0.0396366609027767,-0.0147259319426216,0,,
2024-09-24 04:00:00,22.13509914972715,22.21061327278009,22.11622016886424,22.20117378234864,3933500,0.0008511673779074,-0.0042335312579986,0.009586108005976,0.0427325811082783,,22.15148859024048,21.87694423675537,,1,0,0.1007309291788836,0.1232254210371537,0,60.11571284640292,35.027372963822955,0.0378006619934064,3.1445750631725096,-0.0059169409478496,0.0395572120043617,-0.0096565864736343,0,,
2024-09-25 04:00:00,22.172851751579483,22.172851751579483,22.12565610739737,22.13509559631348,4989400,-0.0029763374983214,-0.0034001562419622,0.0070123682442189,0.044682708131954,,22.15966625213623,21.890599899291992,,1,0,0.0884009612348215,0.1162605290766873,0,53.83211636545549,33.9719033461925,0.0395430878246752,3.323502580239099,-0.0088756676329527,0.0395266548575439,-0.012357707734116,0,,
2024-09-26 04:00:00,22.13510134134165,22.1539785236749,22.08790388451132,22.125661849975582,8237300,-0.0004261895457758,-0.0034012585601708,0.0070145049019842,0.0423950226936793,,22.16784315109253,21.90406688690185,,1,0,0.0769807620125497,0.1084045756638598,0,52.98068697544557,32.42085137841325,0.0395425721473503,3.157965310749049,-0.0092980744619716,0.0393537811810405,-0.0149051319948466,0,,
2024-09-27 04:00:00,22.163412032812943,22.20116998808579,22.14453305517652,22.19173049926757,3520000,0.0029860643148202,0.0,0.0104546641193805,0.0501397059374366,,22.180735301971435,21.91998191833496,,1,0,0.0724264724000143,0.1012089550110907,0,57.99183066876743,31.49537004961584,0.0404691336293805,3.774078202670717,-0.0063397747954988,0.0395286249581028,-0.0158507394161471,0,,
2024-09-30 04:00:00,22.172851751579483,22.182291240495587,22.10677712956516,22.13509559631348,5412700,-0.0025520724017428,-0.0021277034817982,0.0091733904804607,0.0534974847594535,,22.19361982345581,21.935515365600587,,1,0,0.0635150398764778,0.0936701719841681,0,52.79730662614866,30.07202071026044,0.0413996774879,4.115203817416803,-0.0088756676329527,0.0392703796464878,-0.0209338980775775,0,,
2024-10-01 04:00:00,22.30734571982001,22.30734571982001,22.1748461514752,22.19377517700196,6828800,0.0026509748030294,-0.0003332528910053,0.0144610390476564,0.0534660790663823,,22.204105281829836,21.95259792327881,,1,0,0.0604903223716313,0.0870342020616607,0,57.08636331739741,29.95536794324333,0.0405565748178955,4.113211329090237,-0.0062482220011782,0.039730406604711,0.0025726007618944,1,,
2024-10-02 04:00:00,22.118062371873744,22.1464541069076,22.089668831668543,22.13698959350586,5610100,-0.0025586265988195,8.556534956616346e-05,0.0069561101171249,0.0451811823840648,,22.20561580657959,21.968357009887697,,1,0,0.0529012769550831,0.0802076170403452,0,52.14815165623542,28.720846339523995,0.0390304393846584,3.5202089033685127,-0.0087908617329901,0.0396120318130456,-0.0257350091398544,0,,
2024-10-03 04:00:00,22.0991280518898,22.11805707415939,22.05180549621582,22.05180549621582,4239900,-0.0038480434266016,-0.0033380404283744,-0.0024867305205319,0.0365646562695478,,22.20097961425781,21.98316337585449,,1,0,0.0395572674921389,0.072077547130704,0,45.75414758650932,27.127805563241765,0.0366489585384602,2.8524074293099173,-0.012605077541886,0.0395318742389389,-0.0350826366993625,0,,
2024-10-04 04:00:00,21.90037942920774,21.947701990285484,21.881452209947764,21.890914916992188,6229600,-0.0072960274954013,-0.0135553008038429,-0.011452689814938,0.0294562329173584,,22.186882781982423,21.994000968933104,,1,0,0.0158171880319102,0.0608254753109452,0,36.62099183271732,26.342647541821623,0.0436138148771206,2.210564386184541,-0.01980913804496,0.0388900400675223,-0.054672007474658,0,,
2024-10-07 04:00:00,21.83412958176654,21.862523118325925,21.815200557393617,21.82466506958008,7017500,-0.0030263626560752,-0.0140243589815396,-0.0157032798392422,0.0267943153060905,,22.168057346343996,22.002011375427244,,1,0,-0.0082477302906802,0.0470108341906201,0,33.64299647827082,26.10194529662345,0.0438945397570983,1.9999925629446464,-0.022775551065407,0.0391260621856281,-0.0661357055905027,0,,
2024-10-08 04:00:00,21.79627449770825,21.85305976867676,21.79627449770825,21.85305976867676,6445600,0.0013010371066934,-0.0153518455336186,-0.0156799823777177,0.0276760323853524,,22.14640417098999,22.01002632141113,,1,0,-0.024742915597919,0.0326600842329123,0,36.04357099900568,26.01305554571729,0.0439084047081482,2.063002181003318,-0.021504145795775,0.0388099202589781,-0.064505103599913,0,,
2024-10-09 04:00:00,21.824664256079675,21.824664256079675,21.77734350208234,21.786808013916016,40038600,-0.0030316923791013,-0.0158188437551858,-0.0224047608308792,0.0191608334580231,,22.122382068634032,22.016152992248536,,1,0,-0.0426695635477827,0.0175941546767733,0,33.04015620300545,26.06834679824988,0.0412513870658932,1.4547904777262648,-0.0244706442199483,0.0384261077343192,-0.0732682087282576,0,,
2024-10-10 04:00:00,21.777341842651367,21.79627086487633,21.73001928708895,21.777341842651367,11256600,-0.0004344909662122,-0.012446312099549,-0.0220012896536815,0.0164859368709615,,22.099774742126463,22.019649353027344,,1,0,-0.056983531432202,0.0026786174549782,0,32.62188476579631,26.45784210320671,0.0413048496367007,1.2596589781846397,-0.0248945029123097,0.0384767444562695,-0.061732695226943,0,,
2024-10-11 04:00:00,21.76787899024866,21.805737037583373,21.75841447841498,21.786808013916016,26433200,0.000434679830672,-0.0047557127452613,-0.0199141047001479,0.0196086027452382,,22.07528095245361,22.021602821350097,,1,0,-0.0667936574922478,-0.0112158375344669,0,33.52811550944169,26.69045668523244,0.041547387559809,1.5000232218584422,-0.0244706442199483,0.0382643365683095,-0.0574541518787435,0,,
2024-10-14 04:00:00,21.71109612133248,21.767881393432617,21.71109612133248,21.767881393432617,3141700,-0.0008687192943229,-0.0026018120308572,-0.0228401326849209,0.0147102520718507,,22.047009086608888,22.01734130859375,,1,0,-0.0752282882901909,-0.0240183276856117,0,32.584459195587456,27.25216809245854,0.0400199030959598,1.1442247253889504,-0.0253181053934929,0.0379209689648668,-0.0630228468889571,0,,
2024-10-15 04:00:00,21.834130494846,21.862524032592773,21.815201469681487,21.862524032592773,10921400,0.0043478112292871,0.0004330864426398,-0.02108037250714,0.0191220207002813,,22.025357151031493,22.01478435516357,,1,0,-0.0734294746713573,-0.0339005570827608,0,41.45753448778448,26.532324934999487,0.0425002763681602,1.4593440743017243,-0.02108037250714,0.0383840680529393,-0.0525884089603851,0,,
2024-10-16 04:00:00,21.89091526762079,21.90984429235508,21.87198804805766,21.881452560424805,11101000,0.0008657979199389,0.0043441217478179,-0.0185736591835813,0.0226899472305039,,22.00889902114868,22.01599502563477,,0,0,-0.0696733765996775,-0.0410551209861442,0,43.07137103970504,25.31964530470419,0.0429056117482617,1.734265107108737,-0.0202328259298694,0.0382510428444323,-0.0538865832276328,0,,
2024-10-17 04:00:00,21.796272525749693,21.815199744246,21.76787899024866,21.786808013916016,5360800,-0.0043253319791011,0.000434679830672,-0.019081287985436,0.0200569478472205,,21.98818073272705,22.016254081726075,,0,0,-0.0734865584405177,-0.0475414084770189,0,37.50422990783488,25.056062886989224,0.0433821158023178,1.5192796167222515,-0.0244706442199483,0.0380823275541549,-0.0572612842601204,0,,
2024-10-18 04:00:00,21.81520306454817,21.824667577822364,21.796275843171124,21.805740356445312,6728600,0.0008689819324245,0.0008689819324245,-0.0178113747399121,0.0218416479407042,,21.96888122558594,22.017833213806156,,0,0,-0.0741263680748431,-0.0528584003965837,0,39.19724274338394,24.69918179137648,0.0437953022708352,1.6521038408272126,-0.0236229268352257,0.0379693720075487,-0.0436114514071543,0,,
2024-10-21 04:00:00,21.73948829142913,21.748952804497787,21.67323850511982,21.68270301818848,7273200,-0.0056424288396365,-0.0039130301063582,-0.0229377101121471,0.0156291725136767,,21.94390172958374,22.01601016998291,,0,0,-0.0835978428564097,-0.0590062888885489,0,32.95007349853765,25.241354341486268,0.0467822255418042,1.1652500503803973,-0.0291320649912105,0.0378172361776307,-0.0486854938799561,0,,
2024-10-22 04:00:00,21.692167780627383,21.7110968069823,21.654309727917543,21.67323875427246,7566600,-0.0004364891179886,-0.0086579791993881,-0.022948672861613,0.0169744867187184,,21.91750497817993,22.01286823272705,,0,0,-0.0908208160277936,-0.0653691943163979,0,32.52071268388593,25.86435948806276,0.0467802027792459,1.2654262155169562,-0.0295558382798459,0.0378208157060601,-0.0458122645893561,0,,
2024-10-23 04:00:00,21.616450767280643,21.654307010067804,21.606986255291083,21.63537979125977,7831000,-0.001746806900525,-0.0112457236778735,-0.0254848683513621,0.0134125277638978,,21.892519187927245,22.00746295928955,,0,0,-0.0984649337553555,-0.0719883422041894,0,30.792197279377703,26.737216124429946,0.0462773089545661,1.006094786191562,-0.031251016838113,0.0381029166289103,-0.0367643547601657,0,,
2024-10-24 04:00:00,21.644847019911392,21.70163229380484,21.62591799355648,21.67323875427246,5588400,0.0017498635742916,-0.005212753496107,-0.0208653646889124,0.0116267889507712,,21.86989803314209,22.00224998474121,,0,0,-0.1003117191562132,-0.0776530175945942,0,34.53916069284307,26.926600100590598,0.0469146825192155,0.8813409542462856,-0.0295558382798459,0.0380872151860039,-0.0364169362858513,0,,
2024-10-25 04:00:00,21.71109408200517,21.71109408200517,21.616450767280643,21.63537979125977,4451700,-0.001746806900525,-0.0078126476056653,-0.0221589782054973,0.0085336870809509,,21.8420804977417,21.9985391998291,,0,0,-0.1036355655179441,-0.0828495271792642,0,32.6362875944492,27.16996722128101,0.0469344068342693,0.6539221920564561,-0.031251016838113,0.0380338201195926,-0.0335408954828418,0,,
2024-10-28 04:00:00,21.644843138083388,21.644843138083388,21.559664339933693,21.60698509216309,9357300,-0.0013124197204132,-0.0034920888766439,-0.0263496984664528,0.0058895635793254,,21.815674972534183,21.993319091796877,,0,0,-0.1073237907661273,-0.0877443798966368,0,31.24587412799612,27.791965260464725,0.0445649416243799,0.4599396025160016,-0.032522422107745,0.0378668412366445,-0.0420400083033425,0,,
2024-10-29 04:00:00,21.540738871612422,21.616453170776367,21.52180984552861,21.616453170776367,11645400,0.0004381952675438,-0.0026200783436162,-0.0234307741423756,0.0006448027643435,,21.786808872222903,21.98791187286377,,0,0,-0.1082350744670215,-0.0918425188107137,0,32.28186862205462,28.617062954214475,0.0446821971875475,0.0746816075775924,-0.0320984780116577,0.0378222150214109,-0.0368767666142597,0,,
2024-10-30 04:00:00,21.6543099173345,21.701632483635745,21.588060129684088,21.597524642944336,4351700,-0.0008756537292445,-0.001749687256737,-0.0268656652283059,-0.004223771788634,,21.759835624694823,21.980619888305664,,0,0,-0.1092255630686587,-0.0953191276623027,0,31.2675097265019,28.23068396688612,0.042546486417163,-0.2972231547374405,-0.0329460245889283,0.0379037716065754,-0.0459757438757004,0,,
2024-10-31 04:00:00,21.57859561642384,21.63538269598533,21.54073936855417,21.597524642944336,7049700,0.0,-0.0034934377914883,-0.0243693908009868,-0.017443844131106,,21.737121582031254,21.97257480621338,,0,0,-0.1087568511403809,-0.0980066723579184,0,31.2675097265019,28.227288316382044,0.0425103396899634,-1.5543226311747815,-0.0329460245889283,0.0386616625842098,-0.0239919333933983,0,,
2024-11-01 04:00:00,21.647819972524164,21.657310685351288,21.50546290045413,21.51495361328125,9107700,-0.0038231709896467,-0.0055661688928229,-0.0243450307516405,-0.0216193749345144,,21.718323516845707,21.96457279205322,,0,0,-0.1137370951453071,-0.1011527569153961,0,26.97872176893469,28.47776724401997,0.0424906847506309,-1.91232490283207,-0.0366432372931425,0.0383519855827407,-0.0298465144623999,0,,
2024-11-04 05:00:00,21.62884089267705,21.64782050863294,21.562405901241945,21.60985946655273,5511800,0.0044111576988432,0.0001330298686921,-0.012838908355598,-0.0096723501863478,,21.70758323669434,21.956962547302247,,0,0,-0.1087720091885309,-0.1026766073700231,0,37.57701215032068,28.710354819683765,0.0405303508258099,-0.8695294706298555,-0.0323937186925955,0.038604316534604,-0.00734695907801,0,,
2024-11-05 05:00:00,21.590876643006283,21.63832839507744,21.53393417848724,21.62883949279785,8247100,0.0008783040109305,0.000573004364945,-0.0089726727149265,-0.0066600845444427,,21.696372222900397,21.949920196533203,,0,0,-0.1021283413545433,-0.1025669541669271,1,39.469145254054986,29.142019909461563,0.0398510085968661,-0.5932441821725684,-0.0315438662147214,0.0381765942532826,-0.0242668921763916,0,,
2024-11-06 05:00:00,21.40106709576314,21.49597241486924,21.40106709576314,21.44852066040039,9243400,-0.008336962898888,-0.0068991231637567,-0.0185117833639122,-0.0128073761497141,,21.67945785522461,21.939459762573243,,0,0,-0.1101437410336387,-0.1040823115402695,0,30.126255107101287,30.39045620025952,0.0477840093406317,-1.0898614161218865,-0.0396178490712899,0.0369397958040246,-0.0481867636540895,0,,
2024-11-07 05:00:00,21.505464070025845,21.590878679946805,21.495973356682576,21.562406539916992,5086500,0.0053097312080299,-0.0016260244452975,-0.0102998784335773,-0.0097111268262124,,21.668711090087893,21.93146541595459,,0,0,-0.106083499783363,-0.1044825491888882,0,39.81610960730406,30.26435802963132,0.0516433199645078,-0.8000873217159056,-0.034518477992869,0.0368509942812282,-0.0409907103779904,0,,
2024-11-08 05:00:00,21.60036875349057,21.64782050863294,21.58138732736626,21.60985946655273,7096800,0.0022007249769588,0.0044111576988432,-0.0076906712173024,-0.0100995309637084,,21.65986366271973,21.924984855651857,,0,0,-0.0979080516672361,-0.1031676496845578,1,43.34179726821878,29.472217572992022,0.0524776905157317,-0.8347869637294174,-0.0323937186925955,0.0367728028839447,-0.0442849725569002,0,,
2024-11-11 05:00:00,21.571901321411133,21.581392036544216,21.53394027104762,21.571901321411133,4514600,-0.0017565197589715,-0.0017565197589715,-0.0098640742768566,-0.0152354411448946,,21.65006465911865,21.91887477874756,,0,0,-0.0934150249588618,-0.1012171247394186,1,41.25963020616573,29.093760014015853,0.0526071590810646,-1.2876998943793416,-0.0340933382446169,0.0366732674872566,-0.0415809922174543,0,,
2024-11-12 05:00:00,21.505463382227514,21.54342623438645,21.44852091415753,21.458011627197266,5027600,-0.0052795389945913,-0.0078981521712003,-0.0142351825901091,-0.0216959193799755,,21.62983903884888,21.908353691101077,,0,0,-0.0979155064213976,-0.1005568010758144,1,35.715543130143885,29.322304960591318,0.0551875206933152,-1.8114375601522976,-0.03919288013049,0.0365933247857883,-0.0350108189563539,0,,
2024-11-13 05:00:00,21.54342597950649,21.55291488226554,21.42953923454549,21.44852066040039,5713000,-0.0004423041128771,0.0,-0.018936668592116,-0.0170661178768729,,21.608192443847656,21.895188522338863,,0,0,-0.1010827925946848,-0.1006619993795885,0,35.2899772505757,29.655359876532412,0.0521007354975665,-1.4480178551713951,-0.0396178490712899,0.0365593799754975,-0.0475376417873478,0,,
2024-11-14 05:00:00,21.49597266918778,21.524444808306985,21.439030201117795,21.458011627197266,7415400,0.0004424998323728,-0.0048415241836048,-0.0193515915846181,-0.0187478985183325,,21.59175262451172,21.881458168029784,,0,0,-0.1016552297940087,-0.1008606454624725,0,36.10981585561925,29.96462515562058,0.0519398614072424,-1.602664600886849,-0.03919288013049,0.0368122609891335,-0.0376141863935673,0,,
2024-11-15 05:00:00,21.42954545331357,21.5149600842792,21.391584400756024,21.46750831604004,13196400,0.0004425707753246,-0.006587324213423,-0.0146556438039031,-0.0191579185139443,,21.57484102249145,21.867351303100588,,0,0,-0.10018768570011,-0.1007260535100001,1,36.97031098134415,30.570268057907047,0.0506161044226822,-1.6398148135789583,-0.0387676549785119,0.0373063998871019,-0.0203750063845131,0,,
2024-11-18 05:00:00,21.4390308637424,21.495973333572326,21.420049437076266,21.48648262023925,5819300,0.0008838615045527,-0.0039597205595918,-0.014640995031003,-0.0216573430423855,,21.565030002593996,21.8530574798584,,0,0,-0.0963825407251803,-0.0998573509530361,1,38.74544440700252,31.132650752887336,0.0506219342865477,-1.8822352531822968,-0.0379180587118165,0.0371870042109094,-0.0206052340418921,0,,
2024-11-19 05:00:00,21.543422187895057,21.55291108898407,21.51495005412376,21.52444076538086,6713300,0.0017666058150369,0.0030957732402101,-0.0072990093843402,-0.0216064892121011,,21.557590103149412,21.83782382965088,,0,0,-0.0892749250699864,-0.0977408657764262,1,42.24945743861241,30.80519068809596,0.0479374845411307,-1.8773128454792256,-0.0362184391597947,0.0371170144487958,-0.0185159413962956,0,,
2024-11-20 05:00:00,21.476994065810587,21.53393835153313,21.476994065810587,21.49597549438477,8729300,-0.0013224627439274,0.0022124991618648,-0.0081789003432977,-0.0191228742014655,,21.550619888305665,21.82239833831787,,0,0,-0.0849596361310496,-0.0951846198473509,1,40.38380976570521,30.80594554205144,0.0480570186330917,-1.6758782555425822,-0.0374930043672901,0.037055374254058,-0.0202386288532494,0,,
2024-11-21 05:00:00,21.505467612859995,21.53393975758034,21.458015848494863,21.47699546813965,5139900,-0.000882957195875,0.0008846971132367,-0.0073206167235438,-0.0233455006068022,0.0262759122538835,21.540807723999023,21.807348480224608,,0,0,-0.0821245869348459,-0.0925726132648499,1,39.14265775721751,30.95655846451436,0.047841635278496,-2.084650298698262,-0.0383428568451641,0.0368249669638757,-0.0335394184513656,0,,
2024-11-22 05:00:00,21.505464046905395,21.51495476023846,21.4675030037416,21.48648262023925,9472000,0.0004417355357586,0.0008838615045527,-0.0086169001389508,-0.0224955815303109,0.025813750019578,21.533362865447994,21.791544456481933,,0,0,-0.0782106919619529,-0.0897002290042705,1,40.13309784725423,31.096413321087063,0.0473316331693858,-2.0057504074199257,-0.0379180587118165,0.0367274053934329,-0.0357025260557953,0,,
2024-11-25 05:00:00,21.628840664791195,21.6762924194336,21.60985923886687,21.6762924194336,8307200,0.008833916772192,0.008833916772192,0.0018910057770447,-0.013437834001307,0.0395098288872108,21.536828231811523,21.778403930664066,,0,0,-0.0591114376518788,-0.0835824707337922,1,55.67572209868855,29.040475977510045,0.056803820563683,-1.092036202991328,-0.0294191069144478,0.0369265916013366,-0.0291116830961096,0,,
2024-11-26 05:00:00,21.62884180963108,21.6478214263916,21.590878955773007,21.6478214263916,9343300,-0.0013134623067029,0.0057321192385719,0.0018899598465185,-0.014311113365278,0.041877254726969,21.53839664459229,21.76544910430908,,0,0,-0.0457451901285139,-0.0760150146127365,1,53.43478187639376,27.32915154210085,0.0568041464065346,-1.1638605290503852,-0.0306939283331216,0.0366865280942493,-0.0311700977385173,0,,
2024-11-27 05:00:00,21.70476531982422,21.733235649541168,21.6762931799388,21.70476531982422,7399100,0.0026304676258643,0.0097129728071188,0.004085413474179,-0.0104460352528253,0.0408752773338485,21.54375867843628,21.755332107543943,,0,0,-0.0302092133605569,-0.0668538543623006,1,57.14968630229137,25.920532248317077,0.0574742351122751,-0.8362592941514214,-0.0281442000920481,0.0368948243311227,-0.0245197350224766,0,,
2024-11-29 05:00:00,21.77119852619657,21.78068923950196,21.74272638628046,21.78068923950196,2482400,0.0034980299744771,0.0141404216345264,0.0084808143333896,-0.0044208134551331,0.0407878863665116,21.55291690826416,21.746922416687013,,0,0,-0.0116362782733574,-0.055810339144512,1,61.553773145443486,25.057238825850902,0.0584314729451285,-0.3366796180786298,-0.0247446193731005,0.0367953162983163,-0.0292439317059098,0,,
2024-12-02 05:00:00,21.78354346453816,21.802577140930595,21.707410574119702,21.79306030273437,7434400,0.0005679830925633,0.014268397853371,0.0090536143851056,-0.0086883703271445,0.0358638192614437,21.566822242736816,21.738949012756347,,0,0,0.0040346391983803,-0.0438413434759335,1,62.23486548160646,23.83897060069392,0.0584145428505975,-0.7020345245654123,-0.024190690805973,0.0367503417128459,-0.0494371101398153,0,,
2024-12-03 05:00:00,21.802576889759823,21.81209372784641,21.72644400021844,21.7454776763916,15239700,-0.0021833843288544,0.0031917477223168,0.0107145972635538,-0.0163434673368353,0.0294787101064224,21.57360315322876,21.73021270751953,,0,0,0.0124706796836697,-0.0325789388440128,1,57.980267314158,22.804005290548705,0.0571711193945157,-1.3841237931784087,-0.0263212575596175,0.0366530949815375,-0.0442973310348687,0,,
2024-12-04 05:00:00,21.69789242315591,21.821609497070312,21.69789242315591,21.821609497070312,12614900,0.0035010415412195,0.0080279704481873,0.0097987694387982,-0.0145823756551509,0.0298874927377355,21.583241653442386,21.722621421813965,,0,0,0.025011190776901,-0.02106091291983,1,62.40837690936239,21.48991750639538,0.0564720393598964,-1.219471328674127,-0.0229123678345313,0.0365544417206918,-0.0530996271381919,0,,
2024-12-05 05:00:00,21.774025308968167,21.83112633469074,21.774025308968167,21.821609497070312,4880000,0.0,0.0053833421151701,0.0089126374226713,-0.0158410867650297,0.0298874927377355,21.60189609527588,21.7163516998291,,0,0,0.0345513497157377,-0.0099384603927165,1,62.40837690936239,20.37871212826069,0.0564740786461849,-1.3304048790651657,-0.0229123678345313,0.0366146911320872,-0.0409125840517095,0,,
2024-12-06 05:00:00,21.87871086932244,21.89774454644388,21.831128491670192,21.86919403076172,4847900,0.002180615215289,0.0040634522758467,0.0196131647968618,-0.014953252239792,0.0408722161000558,21.61723546981812,21.711222343444824,,0,0,0.045428002857264,0.0011348322572795,1,65.07619149462684,20.06871520120673,0.0468347287634674,-1.2497666307409858,-0.0207817156771605,0.0366251057953356,-0.0085189969743901,0,,
2024-12-09 05:00:00,21.84064042931954,21.84064042931954,21.793056247193547,21.812089920043945,7852100,-0.0026111666775395,0.0008731961938905,0.0115795692686124,-0.0212703371442154,0.0395442185608516,21.62734699249268,21.70362953186035,,0,0,0.0488765854851642,0.0106831829028565,1,59.60901898518499,19.26681825442653,0.0455198070926087,-1.8128051317105989,-0.0233386178312219,0.0367185621659443,-0.0035937189176845,0,,
2024-12-10 05:00:00,21.75499617693324,21.783544878223328,21.74547933811941,21.76451301574707,6846600,-0.0021812171356012,0.0008753700258392,0.0071566198490882,-0.0225774194797324,0.0335869216783115,21.63697757720947,21.696217880249023,,0,0,0.0472261597313767,0.0179917782685605,1,55.43067395626602,17.923303696925558,0.046048261402073,-1.921231644232098,-0.0254689283736884,0.0367527358691936,-0.0005457026165367,0,,
2024-12-11 05:00:00,21.783546450758667,21.802580129760354,21.707413549903453,21.716930389404297,4801100,-0.002186248151215,-0.0047970388105454,0.0067230544879794,-0.0230575699630377,0.0272165435445301,21.649923515319824,21.68668098449707,,0,0,0.041599136201988,0.022713249855246,1,51.53959337233592,17.05701352245496,0.0463184765279017,-1.9601998240877747,-0.027599495127333,0.036391058232515,-0.0076952307246602,0,,
2024-12-12 05:00:00,21.67886019651776,21.69789205628565,21.63127600922017,21.640792846679688,6549400,-0.0035059072050881,-0.0082861280427046,0.0085180874471497,-0.0285451356311343,0.0186526608758108,21.65953712463379,21.676757049560543,,0,0,0.0306427851715618,0.0242991569185092,1,45.97793100582899,17.048114978838523,0.0439628760702658,-2.4318252374828906,-0.0310086410635974,0.0364512932418823,-0.0038813511682106,0,,
2024-12-13 05:00:00,21.612244233711056,21.62176107200697,21.555145019086886,21.57417869567871,11134700,-0.0030781751608143,-0.0134899957752459,0.005858587511367,-0.0339913661957191,0.0128388084819235,21.665345478057866,21.667204513549805,,0,0,0.0163955945673457,0.0227184444482765,0,41.73455297957533,17.70990895254005,0.0455254237696452,-2.9153475357733334,-0.0339913661957191,0.0363463089464618,-0.0058280810336102,0,,
2024-12-16 05:00:00,21.593209387639668,21.60272622462016,21.55514203971772,21.58369255065918,5687000,0.0004409834142318,-0.0104711364303923,0.005857062883805,-0.0319287833929434,0.0173100749924348,21.671154689788818,21.661060066223143,,1,0,0.0058053613622846,0.0193358278310781,0,42.55005794046521,18.324456978549534,0.0455253567583176,-2.735218662941051,-0.0335653724102067,0.0362077306513961,-0.0164219833689603,0,,
2024-12-17 05:00:00,21.574180356976683,21.612245897940227,21.574180356976683,21.59321403503418,6140000,0.0004411425131567,-0.0078705634529452,0.005855626891744,-0.0277975697049632,0.0137324568892995,21.676491260528564,21.656431045532223,,1,0,-0.0017984392483754,0.0151089744151874,0,43.40381730361623,18.749729186716177,0.0455252935693767,-2.3964542721524147,-0.03313903700979,0.0363735644329449,-0.0250047031335101,0,,
2024-12-18 05:00:00,21.57889907467712,21.607529796186896,21.454826546913697,21.464370727539062,7298300,-0.0059668425129336,-0.0116296206386726,-0.0010291071410339,-0.0331875720641121,0.0099032060836607,21.67348775863648,21.648657264709477,,1,0,-0.0180134364586344,0.008484492240423,0,35.67735889721021,20.111080849545168,0.0503172850525651,-2.79470168082959,-0.038908144107856,0.0372672217663683,0.0021571394943211,1,,
2024-12-19 05:00:00,21.4071044921875,21.42619285078818,21.368927774986144,21.4071044921875,14430300,-0.0026679671199533,-0.0107985116879875,-0.0054513041464044,-0.0353566841984661,0.0072088175354942,21.66904420852661,21.641063194274903,,1,0,-0.0350804594695439,-0.0002284981015703,0,32.87609381654539,21.915570122659187,0.0506502592793403,-2.9702606406095446,-0.0414723055786311,0.0371792119767575,0.0016757147331325,1,,
2024-12-20 05:00:00,21.4834567934959,21.502545152707228,21.435735895467577,21.44528007507324,6644900,0.001783313707824,-0.0059746710372474,-0.0023583679337917,-0.0332252786135063,0.0081166662392768,21.66745843887329,21.63442195892334,,1,0,-0.0450069357354188,-0.00918418562834,0,36.457843152466566,22.508147010180394,0.0509675036959499,-2.77331987957873,-0.0397629500018406,0.0368034678386058,-0.0067981074411805,0,,
2024-12-23 05:00:00,21.42619246358176,21.44527900147144,21.3689273888146,21.388015747070312,8295600,-0.0026702532120103,-0.0090659558428008,-0.004143024623781,-0.0366268037559724,0.004540619490067,21.66253509521484,21.626446113586425,,1,0,-0.0568392844939786,-0.0187152054014677,0,33.56461420160227,23.50447784949416,0.0516811837847733,-3.058342233379885,-0.0423270260688894,0.0364866952940744,-0.0091859327432179,0,,
2024-12-24 05:00:00,21.3402987669544,21.407106207042432,21.3402987669544,21.39756202697754,7074900,0.0004463378005756,-0.009060809925711,-0.0041384434499277,-0.0333196468986008,0.0098742491759231,21.64859857559204,21.619039726257324,,1,0,-0.0647003754718298,-0.0279122394155401,0,34.49783024235997,24.60964484112208,0.0516818980333728,-2.787227255738668,-0.0418995804200342,0.0361017153166397,-0.0170360544146981,0,,
2024-12-26 05:00:00,21.34984142940694,21.416648864746094,21.34984142940694,21.416648864746094,5275000,0.0008920099282567,-0.0022233059332944,-0.0119782271646567,-0.0320448260502667,0.0089916555157965,21.637039947509766,21.61012222290039,,1,0,-0.0685994269234022,-0.0360496769171126,0,36.42084229070323,25.496534310893576,0.040266736293199,-2.6732004377400096,-0.041044945333502,0.0361315110841006,-0.0215313811201348,0,,
2024-12-27 05:00:00,21.38801535986327,21.42619207568356,21.35938282299805,21.368927001953125,5033700,-0.0022282600370557,-0.0017834028066854,-0.0128832559611964,-0.0370770317953169,0.0112036426708694,21.62024803161621,21.599871711730955,,1,0,-0.0746793517088555,-0.0437756118754611,0,33.7527344985035,26.17432026822846,0.040602676441762,-3.1317471346997547,-0.0431817465591479,0.036434533021259,-0.0068688722013434,0,,
2024-12-30 05:00:00,21.445280267940337,21.46436862732333,21.435736088248834,21.45482444763184,8591800,0.0040197360246896,0.0004450570253775,-0.0115154837432909,-0.0307326953128197,0.0211206675475192,21.603954792022705,21.593232040405272,,1,0,-0.0717395609115918,-0.0493684016826873,0,41.99034433859927,26.222410711780043,0.0422531816526668,-2.5451627628731144,-0.0393355897567111,0.0370032491651748,0.0029387545819157,1,,
2024-12-31 05:00:00,21.48346031659358,21.932025909423828,21.42619704993505,21.932025909423828,20370700,0.0222421517806761,0.0254352796812407,0.0069482039001504,-0.0117938145038687,0.0410416955437553,21.61090307235718,21.595757751464845,,1,0,-0.0305514080823279,-0.0456050029626154,1,66.73648904562356,26.445490937221763,0.0889527489488136,-0.6832224026494114,-0.0179683461337861,0.0379643974337546,0.0317725529510326,1,,
2025-01-02 05:00:00,21.56935258958075,21.56935258958075,21.416649356622376,21.44528007507324,4540500,-0.0221933822420592,0.0022300693899397,-0.0159583015340666,-0.03124677434169,0.012522641831929,21.595893192291257,21.59100929260254,,1,0,-0.036762051106379,-0.0438364125913681,1,45.442579737579536,26.56351787232021,0.1183275106020617,-1.557990194091324,-0.0397629500018406,0.0372132776224221,0.0125967783699378,1,,
2025-01-03 05:00:00,21.464367941312325,21.473912120698788,21.40710468535963,21.416648864746094,4879400,-0.0013350821358786,0.0,-0.0151217102028762,-0.0288029309699254,0.0067085560291517,21.575645160675048,21.58587749481201,,0,0,-0.0434929699563682,-0.0437677240643681,1,44.54228099083496,26.579072465363303,0.1182335182509457,-1.4364635538937247,-0.041044945333502,0.0367046591404535,0.0014068159576141,1,,
2025-01-06 05:00:00,21.39756031288716,21.42619285078818,21.368927774986144,21.4071044921875,8376900,-0.0004456520074112,0.0017865890145483,-0.0189951618801749,-0.0221009686730426,0.0067042529633833,21.554919910430907,21.581311988830567,,0,0,-0.049032209943725,-0.0448206212402395,0,44.22771589023343,26.20959213383778,0.1172534349577395,-1.1077566457304224,-0.0414723055786311,0.0364781631182342,-0.0020867122808335,0,,
2025-01-07 05:00:00,21.388016583055364,21.397560762556274,21.3116649674142,21.330753326416016,10449900,-0.0035666274156482,-0.0057829007885226,-0.0224940406306967,-0.0226308968128219,0.0035570391084061,21.52799787521362,21.57446228027344,,0,0,-0.0589039899960077,-0.0476372949913932,0,41.69121175086917,25.310700319851215,0.1175640622193243,-1.1342608920115889,-0.0448910167322126,0.0367636396294424,0.0040679981927973,1,,
2025-01-08 05:00:00,21.311667361592537,21.3593864440918,21.30212318101942,21.3593864440918,6276400,0.0013423397306988,-0.026109738685197,-0.0233116769622515,-0.0225905813561435,0.0044602333679921,21.50536270141601,21.56894241333008,,0,0,-0.0636828967181486,-0.0508464153367442,0,43.0111945356018,24.383730511679325,0.1173088001970068,-1.1320924657693188,-0.0436089359968249,0.0367592858501636,0.0036636086617145,1,,
2025-01-10 05:00:00,21.28303287938715,21.31166541849592,21.23531380123869,21.25440216064453,9121200,-0.0049151357283631,-0.0089006958062801,-0.025567827816762,-0.0244370746247645,-0.0057444758838277,21.479857158660888,21.561890754699707,,0,0,-0.0750761380236753,-0.0556923598741304,0,39.482013944298345,22.889351501371717,0.1179533348267668,-1.2230623771154343,-0.048309727885794,0.0371457307417633,0.0116335866826291,1,,
2025-01-13 05:00:00,21.254403875907723,21.263948056380872,21.216227154015115,21.24485969543457,9229900,-0.0004489641787069,-0.0080212908376298,-0.0238761749429688,-0.02445120029176,-0.0083683643652276,21.456253623962404,21.554458885192872,,0,0,-0.0839081204533194,-0.0613355119899682,0,39.16742864852618,21.326424225599908,0.1179255725749178,-1.223799870233096,-0.0487370027271971,0.0370715724169162,0.0086751786005101,1,,
2025-01-14 05:00:00,21.244857595056907,21.25440177458648,21.21622505646821,21.235313415527344,19721200,-0.0004493453966786,-0.0080249562346393,-0.022177028025652,-0.0253132353319683,-0.0062009897625514,21.435979652404782,21.54721466064453,,0,0,-0.0906330735124107,-0.0671950242944567,0,38.83407109118551,19.875114359054287,0.1178818932718061,-1.2691717928940316,-0.0491644483760523,0.0370039995915853,0.0168431859044619,1,,
2025-01-15 05:00:00,21.388015747070312,21.41664828445389,21.359383209686733,21.388015747070312,7365300,0.0071909619865233,0.0026845006258351,-0.011680584043304,-0.0174507403590001,-0.0029971930766709,21.426671504974365,21.54302448272705,,0,0,-0.0826876732673831,-0.070293554089042,0,46.65526406130678,19.86754394498311,0.1208503491567495,-0.8424625700921716,-0.0423270260688894,0.0366042593534454,0.0041964522506263,1,,
2025-01-16 05:00:00,21.37846864125553,21.4643644212812,21.34983792815749,21.435731887817383,8750000,0.0022309755758247,0.0035743275643902,-0.0064172458110333,-0.0195216318179514,-0.0007729041653961,21.41927347183228,21.541440048217773,,0,0,-0.0717139191324314,-0.0705776270977199,0,48.85597331598401,20.1850251271674,0.1208402411045317,-0.9531071650528842,-0.0401904810544216,0.0367566157674264,0.0112888167425466,1,,
2025-01-17 05:00:00,21.454820243459928,21.4643644212812,21.426189530361896,21.435731887817383,4592000,0.0,0.0085313962633402,-0.0068552061930329,-0.0203697936129505,0.0018579640753793,21.41139936447144,21.537957496643067,,0,0,-0.0622989958741904,-0.068921900853014,1,48.855973315984,20.47982908205281,0.1208167919213972,-0.9970994401579798,-0.0401904810544216,0.0363912493115823,0.0050684938515783,1,,
2025-01-21 05:00:00,21.48345775783213,21.502546117900287,21.46436939776397,21.49300193786621,11099000,0.0026717095711286,0.0116801073760428,-0.0046409069537021,-0.0134855035148857,0.0063009662916431,21.412830924987794,21.535240745544435,,0,0,-0.0496441204300843,-0.0650663447684281,1,51.63343431648995,21.02349221312279,0.1212355488228767,-0.6464079353000743,-0.0376261487761945,0.036157509097613,-0.0059398999988057,0,,
2025-01-22 05:00:00,21.483456986706333,21.493001166397832,21.435736088248834,21.45482444763184,7021900,-0.0017762753823192,0.0103370752203726,-0.000444750047807,-0.0160928224897326,0.0053973316877786,21.415216922760013,21.535366821289063,,0,0,-0.0422090848110379,-0.06049489277695,1,49.695948503991005,21.17370755501744,0.1195789816003881,-0.7796507226030355,-0.0393355897567111,0.0358915203697915,-0.0369145144545824,0,,
2025-01-23 05:00:00,21.39756031288716,21.42619285078818,21.388016133586824,21.4071044921875,12735800,-0.0022242062879991,0.000892497244388,0.0,-0.0127105244106232,0.0027199931243004,21.41330814361573,21.53226078033447,,0,0,-0.0397096193351345,-0.0563378380885869,1,47.306458105245056,20.74119320071528,0.119463782681959,-0.6121961567175086,-0.0414723055786311,0.0356172866523676,-0.0420107162402028,0,,
2025-01-24 05:00:00,21.40710536954048,21.47391280701484,21.40710536954048,21.45482444763184,6871400,0.0022291644094956,0.0008906884968693,0.0004450570253775,-0.0100776034960425,0.0067258210759757,21.4166485786438,21.529160079956053,,0,0,-0.0334920972962322,-0.051768689930116,1,49.9006442204167,20.73643650723465,0.1195563217346729,-0.4756626770454733,-0.0393355897567111,0.0358011970963126,-0.0272330516974236,0,,
2025-01-27 05:00:00,21.55026645783557,21.5693548190199,21.51209155583323,21.55981063842773,7693200,0.0048933605144216,0.0057884074712124,0.0080322968427284,-0.0034928507639402,0.009872829042111,21.42476100921631,21.528918266296387,,0,0,-0.0198641762359272,-0.0453877871912782,1,55.133974781112094,21.432158234421017,0.1202583367420284,-0.1374049307003804,-0.0346347124640163,0.0364925863121474,0.000161456608376,1,,
2025-01-28 05:00:00,21.51209155583323,21.55981063842773,21.502547375241065,21.55981063842773,5685800,0.0,0.0031083931762838,0.0075825746524595,-0.0052335563286484,0.0063323831672277,21.43191909790039,21.530954246520995,,0,0,-0.0089606577273002,-0.0381023612984826,1,55.133974781112094,21.95579528744052,0.1202665004859994,-0.2258823798874409,-0.0346347124640163,0.0361817006721613,0.0022155555441092,1,,
2025-01-29 05:00:00,21.569350420638425,21.58843877793029,21.49299881183689,21.531173706054688,5883700,-0.0013282552826322,0.0035586055998362,0.0053474678523171,-0.0048164666490938,0.0036761182126379,21.440031433105467,21.53260730743408,,0,0,-0.002600326917225,-0.0310019544222311,1,53.37033597940396,22.64909892556701,0.1203949210886149,-0.2048356397379993,-0.0359169640068558,0.0362963557822622,0.0045623527280069,1,,
2025-01-30 05:00:00,21.569355010986328,21.59798573265132,21.55981083030922,21.569355010986328,6292300,0.0017733034646831,0.0075792837306905,0.0093794138102902,-0.0017415701920584,0.004137736298893,21.445757961273195,21.534834175109864,,0,0,0.0054582737053543,-0.023709908796714,1,55.418000661695466,23.36319257388905,0.1201416473669257,-0.0489809613577656,-0.034207352218887,0.0361666111977088,-0.0073535133109516,0,,
2025-01-31 05:00:00,21.578896897507768,21.607527616128888,21.512089460236968,21.550264358520508,6437200,-0.0008850822129867,0.0044484125759975,0.0044484125759975,-0.0030619645014354,-0.0024191361002667,21.426669883728028,21.536489295959477,,0,0,0.0101868885410958,-0.016930549329152,1,54.13787545338533,23.34447418836533,0.1195164839178494,-0.1157504659574517,-0.0350621581128713,0.0363279324853923,-0.0182501995099949,0,,
2025-02-03 05:00:00,21.604824454880053,21.652687368575663,21.52824561875054,21.56653594970703,14982300,0.000755052973635,0.0003119374001974,-0.0166646693390851,-0.001434826154831,-0.0056525375652307,21.43273267745972,21.53809036254883,,0,0,0.0150735725265285,-0.0105297249580159,1,55.09009623797288,23.70238761639203,0.0889384307207311,-0.0334598898883345,-0.0343335789259815,0.036601678423149,-0.0358946566446473,0,,
2025-02-04 05:00:00,21.518676448329305,21.60482788085937,21.518676448329305,21.60482788085937,7654200,0.0017755253435989,0.0020880165965559,0.0074397632125859,0.0003381516185663,-0.0171115911766667,21.442141628265382,21.5396981048584,,0,0,0.0217850194728335,-0.004066776071846,1,57.3350954563174,23.89398377828909,0.0432784046782555,0.0560866490548574,-0.0326190137219022,0.0364223364661288,-0.0212542728517068,0,,
2025-02-05 05:00:00,21.681403006769816,21.738836676668136,21.66225784154256,21.70054817199707,5852900,0.0044305046846728,0.0078664762197684,0.0132560098007818,0.0086263053154458,-0.0131795649479827,21.45681381225586,21.543789558410644,,0,0,0.0344308199976168,0.0036327431420465,1,62.39560348241623,25.06046246264854,0.0450126732590779,0.4716394782223956,-0.0283330277303336,0.0364359723797569,-0.0073202358226074,0,,
2025-02-06 05:00:00,21.681408326292622,21.719698666141653,21.66226315636812,21.690980911254883,6957200,-0.0004408764546571,0.0056388288016311,0.0132608508157179,0.0037539089427078,-0.0059547503655015,21.474825191497803,21.54806926727295,,0,0,0.0431829241672581,0.0115427793470888,1,61.609035914879705,26.14362124098232,0.0450112368811848,0.2286563846955125,-0.0287614128201754,0.03629376549686,-0.0050550138935608,0,,
2025-02-07 05:00:00,21.643120924692763,21.652693510147056,21.6048305828756,21.62397575378418,5275900,-0.0030890791774168,0.0034204404195408,0.0137464637502997,-0.0002248728608528,-0.0068834597330306,21.48805465698242,21.550819129943847,,0,0,0.0442027319758082,0.0180747698728327,1,56.259869924044125,26.29343848285541,0.0444772844743872,0.0276137073105049,-0.0317616457161362,0.0365158987744418,-0.0067387466936814,0,,
2025-02-10 05:00:00,21.643120924692763,21.67183685527165,21.61440316832989,21.62397575378418,22882500,0.0,0.002663376455593,0.0123874957918357,0.0081802888022821,-0.0047318553831362,21.506533336639404,21.549772796630855,,0,0,0.044497991860279,0.0233594142703219,1,56.259869924044125,26.585111941692404,0.0444586280428938,0.4593148065551787,-0.0317616457161362,0.0362695887670577,-0.0133217246140734,0,,
2025-02-11 05:00:00,21.58568000793457,21.60482517405012,21.57610925066033,21.58568000793457,5180100,-0.0017709854231088,-0.0008862775038243,0.0155863168856118,0.0010793539197255,-0.0086422546492915,21.523574352264404,21.54852996826172,,0,0,0.0411672899144086,0.0269209893991393,1,53.19825400374168,26.29482002531048,0.0407308118750794,0.0939853114653391,-0.0334763817276678,0.0361778414471309,-0.0260565420387397,0,,
2025-02-12 05:00:00,21.48038824296274,21.489960827356143,21.44209790538912,21.470815658569336,8139600,-0.0053213217893998,-0.0105864843416345,0.0106357945580277,-0.0064342763634628,-0.0164688241538094,21.535349464416505,21.54385097503662,,0,0,0.0289256546523013,0.0273219224497717,1,45.24504467571355,24.42753208295424,0.0457148537744198,-0.2957763992220256,-0.0386195649175499,0.0361016249576666,-0.0261641844683923,0,,
2025-02-13 05:00:00,21.556964483566382,21.604825573957616,21.547391900331423,21.595252990722656,5276700,0.0057956499712044,-0.0044132591755016,0.0169500476942394,0.0010825039927446,-0.0141694295780204,21.54571132659912,21.540142250061034,,1,0,0.0289316175714056,0.0276438614740985,1,53.37700611653248,23.71552438983621,0.0490633039862117,0.0938237034833787,-0.0330477404266479,0.0359315079942325,-0.0289831263968751,0,,
2025-02-14 05:00:00,21.66225814819336,21.70054847918991,21.65268739122769,21.66225814819336,7692400,0.0031027725166956,0.0017703679862146,0.0128222460823936,0.0095184271751078,-0.0123840032334829,21.55703763961792,21.537526206970213,,1,0,0.0339517250974701,0.0289054341987728,1,57.07388866716547,23.76178564203996,0.0441576210543149,0.5263362588633902,-0.030047507530687,0.0360447669677214,-0.0152848984136402,0,,
2025-02-18 05:00:00,21.60482867523574,21.63354642906293,21.56654016258332,21.576112747192383,6806200,-0.003976750734464,-0.0022134230604389,0.0065489184185394,0.0059487593019671,-0.0112188808023743,21.56405668258667,21.53413890838623,,1,0,0.030625945727813,0.0292495365045808,1,51.427866825355885,22.90852319600128,0.0464632971038169,0.3423219795226135,-0.0339047668175095,0.0357963398379163,-0.026125254174271,0,,
2025-02-19 05:00:00,21.56653936961477,21.614400465116468,21.55696678535768,21.60482788085937,4765400,0.001330876140825,0.0008870636884157,0.0078885103586359,0.006842025077292,-0.0120341470328496,21.569647979736327,21.52980327606201,,1,0,0.0299619304375227,0.0293920152911692,1,53.09358217048757,22.02092339507747,0.0465782086293974,0.3876630995486113,-0.0326190137219022,0.0357597717103067,-0.0173524573412925,0,,
2025-02-20 05:00:00,21.6143997539907,21.6526900897593,21.6143997539907,21.633544921875,9205800,0.0013291955471244,0.0075790908875283,0.0065390113682157,0.0077343212538039,-0.0115717707564814,21.578584003448483,21.526041984558105,,1,0,0.0313910621237241,0.0297918246576802,1,54.76431983725447,21.509235601479453,0.0459735768012186,0.4328773270241077,-0.0313331752225685,0.0359568899568662,-0.0055484779165864,0,,
2025-02-21 05:00:00,21.652688281004835,21.74841046086279,21.64311569786233,21.729267120361328,6358800,0.0044247116610804,0.0062057216785671,0.0127916531500578,0.011299406441396,-0.0106026517224663,21.594692134857176,21.523243446350097,,1,0,0.039788978143175,0.0317912553547791,1,59.89245784419459,21.741271683710103,0.0474162022679623,0.6105636074043391,-0.027047103827274,0.0367444730637751,0.0237647412312314,1,,
2025-02-24 05:00:00,21.71011966245872,21.777125911599843,21.700547080326647,21.767553329467773,6290500,0.0017619650443971,0.0048607666178697,0.0168378136992706,0.0112947215092309,-0.0105558069813131,21.610328578948973,21.52235271453857,,1,0,0.0489692768547378,0.0352268596547709,1,61.75975580184302,22.151323993109088,0.0464144531717846,0.6103303548303902,-0.0253327948343726,0.0369774731772005,0.0381889428610489,1,,
2025-02-25 05:00:00,21.863280540395955,21.90156904877189,21.84413537331617,21.891998291015625,6173100,0.0057169935299703,0.0146405215584697,0.0203764819633394,0.0184231135141694,-0.0010520635694267,21.626937961578367,21.524902420043944,,1,0,0.0655309975430569,0.0412876872324281,1,67.11845546630353,23.280840732183684,0.0492538103429422,0.9599594434750788,-0.0197606287285665,0.0373747474943246,0.0439524520305538,1,,
2025-02-26 05:00:00,21.88242951949513,21.94943579016353,21.86328434908017,21.93986320495605,20754700,0.002186411368398,0.0155074285221916,0.0176278248868717,0.021551791893007,-0.002296846084511,21.645940589904782,21.52936107635498,,1,0,0.0815781963733925,0.049345789060621,1,68.92235171489472,24.58001456163864,0.0473913065835406,1.114060119594088,-0.0176174222234674,0.0374375635241784,0.0258950462964715,1,,
2025-02-27 05:00:00,21.882424917688603,21.93028600787701,21.87285233449421,21.920713424682617,6446100,-0.000872830431737,0.0132742231494962,0.0167396083531281,0.0202094876168488,-0.0027407180898327,21.66541757583618,21.53495948791504,,1,0,0.0916935041944491,0.0578153320873866,1,67.33085884796466,25.78639026041824,0.047681037448945,1.0473020886626478,-0.018474875632959,0.0380116257539108,0.0505759831006908,1,,
2025-02-28 05:00:00,21.95900575924774,22.01643943786621,21.930288007046645,22.01643943786621,7226500,0.004366920516182,0.0132159228341295,0.0225378206704571,0.0156921216899463,0.0020434195622416,21.687771797180176,21.543804702758788,,1,0,0.1062099258558575,0.0674942508410808,1,70.9428633610843,27.34762068519228,0.0485587931446886,0.8375933146783392,-0.0141886334302124,0.0375909931590183,0.0356685223310691,1,,
2025-03-03 05:00:00,21.959811121147617,22.074985765404744,21.94061687263715,22.06538772583008,6401700,0.0022232608547811,0.0136824930139995,0.0229971046696157,0.0192890679950552,0.0047019065909894,21.71352796554565,21.55343860626221,,1,0,0.1202775278970307,0.0780509062522708,1,72.61044737652642,29.06535249320508,0.0486662330280134,1.0187104032819028,-0.0119969176087194,0.0383463876450402,0.0602704089530365,1,,
2025-03-04 05:00:00,22.084583540948696,22.13257190760944,21.97900693752845,22.007801055908203,10685400,-0.0026098190812421,0.0052897302180086,0.0212311408238847,0.0139617144723147,0.0033698346579216,21.735591220855717,21.56173034667969,,1,0,0.1253346609224515,0.0875076571863069,1,67.68869043900456,30.90534766251928,0.0498983478504089,0.7491698097476874,-0.0145754269054703,0.0387044550785669,0.065418603002805,1,,
2025-03-05 05:00:00,22.026995740413497,22.036591948627084,21.91182110482444,21.92141914367676,17303200,-0.0039250587558474,-0.0008406643700095,0.0164552710179008,0.0064612236383949,0.0020118463188645,21.751420783996583,21.57087131500244,,1,0,0.120977622164105,0.0942016501818665,1,61.00838790871634,31.71334716114894,0.0527469328794799,0.367979285020084,-0.0184432762543221,0.0381425845407216,0.0420993294285112,1,,
2025-03-06 05:00:00,21.92141914367676,21.950213260233703,21.85423470234928,21.92141914367676,13887000,0.0,3.219416177158152e-05,0.014653727609553,0.0058898951849495,-0.0028496487327498,21.762464332580567,21.58115760803223,,1,0,0.1161853254484341,0.0985983852351801,1,61.00838790871634,31.753437160175235,0.0526844331739683,0.3389440045293559,-0.0184432762543221,0.0388318934023071,0.0661560231979927,1,,
2025-03-07 05:00:00,21.988602454316247,21.99820049267501,21.87342965528828,21.892623901367188,16621100,-0.0013135665223517,-0.0056237765806069,0.0088511925066472,0.0067667506396209,-0.0096873088652694,21.77254648208618,21.590104484558104,,1,0,0.1088095713650396,0.100640622461152,1,58.76618551932438,32.07625175110463,0.0512964986045007,0.3838594709088087,-0.0197326163064237,0.0385647350937839,0.058424753752686,1,,
2025-03-10 04:00:00,21.97900693752845,22.03659334364911,21.969408898068533,22.007801055908203,24009200,0.0052610027495982,-0.0026098190812421,0.0146060773346092,0.008532439317223,-0.0061743595733063,21.791737747192386,21.60250019073486,,1,0,0.1109787727005198,0.1027082525090255,1,64.40182593545015,32.59633900272252,0.053824688355103,0.4716566712761448,-0.0145754269054703,0.039828482202179,0.097391842839366,1,,
2025-03-11 04:00:00,21.99820275207034,22.04619111815435,21.92142026795263,21.950214385986328,21952800,-0.0026166480592759,-0.0026166480592759,0.0150868940992525,0.0058934648671666,-0.0100409807861704,21.80804967880249,21.61355323791504,,1,0,0.1068197656311262,0.1035305551334457,1,59.9872497408011,32.47038463499199,0.0534294912756439,0.3374658137108057,-0.0171539362022209,0.0400572549523237,0.0969812135737604,1,,
2025-03-12 04:00:00,21.892623901367188,21.940614093161035,21.883025863008417,21.892623901367188,54017400,-0.0026236866577443,-0.0013135665223517,0.0124236241587532,0.0010713641560138,-0.0138979084622438,21.82339687347412,21.623072738647465,21.626027717590333,1,1,0.0977498523093487,0.1023744145686263,0,55.863145150060106,31.885546285911445,0.0546336323696574,0.0931363953986261,-0.0197326163064237,0.0397412725450435,0.0957188624410056,1,,
2025-03-13 04:00:00,21.87343156546303,21.97900633535191,21.85423548706912,21.959810256958008,36925300,0.0030689037501177,0.0017513060185394,0.0173323355523622,0.0067724063790108,-0.0146419821321638,21.84784660339356,21.63489040374756,21.631191186904907,1,1,0.094889431750424,0.1008774180049859,0,59.3723405960735,31.619155979424065,0.0545665710647658,0.3814217400875013,-0.0167242700564885,0.0404018031597869,0.1167554929673948,1,,
2025-03-14 04:00:00,21.921419665197448,21.94061574335876,21.892625547955475,21.902223587036133,65044600,-0.0026223664616422,0.000438489498207,0.0200927591819091,0.0063272985336002,-0.0163929750192987,21.863195133209228,21.643838386535645,21.63597333908081,1,1,0.0869731920395437,0.0980965728118974,0,55.31296986338687,31.371793551971496,0.0514484299808903,0.3587668195963158,-0.0193027793532393,0.0394803641464379,0.0935896706237802,1,,
2025-03-17 04:00:00,21.94061522138139,21.97900554615192,21.902223065972127,21.92141914367676,15624200,0.000876420449474,-0.0039250587558474,0.0151036041621843,0.0094160984359112,-0.0138585838755913,21.8761531829834,21.643626251220702,21.641318349838254,1,1,0.0813111319178574,0.0947394846330894,0,56.383475675700005,31.42949209999747,0.0483423189356351,0.5149415575471367,-0.0184432762543221,0.0392125845232145,0.0913147460860428,1,,
2025-03-18 04:00:00,21.89262614991893,21.96940863403664,21.89262614991893,21.950214385986328,8292000,0.0013135665223513,0.0,0.0132929926244547,0.0142980685365283,-0.0146552074002443,21.894858264923094,21.65372493743897,21.647180881500244,1,1,0.0782454787085455,0.0914406834481807,0,58.00854960376213,31.342836108015423,0.047622403179549,0.7629339677081056,-0.0171539362022209,0.0396931093832105,0.1012169788406798,1,,
2025-03-19 04:00:00,21.931018831209773,21.99820327758789,21.89262667291435,21.99820327758789,6952800,0.0021862607242779,0.0048226003742799,0.0195628626593282,0.0196542629914393,-0.0150051784549287,21.914527034759523,21.6653560256958,21.652909812927245,1,1,0.0787801009804809,0.0889085669546407,0,60.64049207976379,31.490638724807177,0.0448074443718522,1.0341189490208806,-0.0150051784549287,0.0393513221155814,0.0993113344482097,1,,
2025-03-20 04:00:00,22.084583279012246,22.094181318358324,21.99820275553636,22.01739883422852,7265300,0.0008725965661107,0.0026224533179772,0.0190962388427384,0.0200941651921415,-0.0124762004486838,21.9337197303772,21.67756191253662,21.65836122512817,1,1,0.079832455130905,0.0870933445898936,0,61.67525177130704,32.29936860447782,0.0447834860551245,1.056093325813109,-0.0141456753560116,0.0394998814674169,0.1045898667197642,1,,
2025-03-21 04:00:00,22.0461916448183,22.05578968439216,21.988605238014035,21.99820327758789,8368100,-0.0008718358051809,0.0043821893320716,0.0168561535813838,0.0187553942593552,-0.0095635298248764,21.947166538238527,21.69091091156006,21.663159551620485,1,1,0.0782159080793505,0.085317857287785,0,59.97716279125854,32.89756612912992,0.0451681817257202,0.9884875697484088,-0.0150051784549287,0.0394524365386495,0.0972149311571872,1,,
2025-03-24 04:00:00,21.95021378243942,21.959809990881304,21.892625547955475,21.902223587036133,6237400,-0.0043630695352989,-0.0008756530092699,0.0079596088407756,0.0203990540908474,-0.0134655130509445,21.953900051116943,21.701767654418944,21.66705664634705,1,1,0.0684015337005945,0.0819345925703469,0,52.23325891039769,32.05750265988515,0.0465209590121024,1.0767727010628017,-0.0193027793532393,0.0385892213149924,0.050204781764469,1,,
2025-03-25 04:00:00,21.902223065972127,21.94061522138139,21.89262502711981,21.92141914367676,12903100,0.000876420449474,-0.001311843328872,0.0070685856090537,0.024025418835927,-0.0121807245090568,21.955371093750003,21.715107994079588,21.67072202682495,1,1,0.0614639738629207,0.0778404688288617,0,53.52564841855017,31.277436701409652,0.0462904740518023,1.2628000196467932,-0.0184432762543221,0.0385304191233581,0.0419970812693359,1,,
2025-03-26 04:00:00,21.90222601803609,21.911824058182063,21.863835688091164,21.88302993774414,6799200,-0.0017512190100928,-0.0052355793966633,-0.000409663528759,0.0204124106161578,-0.0134910760272437,21.952529430389408,21.72787139892578,21.674195461273197,1,1,0.0522657327890598,0.0727255216209013,0,50.57834064030648,30.154311986828745,0.0424271501913485,1.0796276137533674,-0.0201621970484301,0.0389276715332287,0.0415500877735652,1,,
2025-03-27 04:00:00,21.87343406677246,21.88303027642798,21.84463994588889,21.87343406677246,7423200,-0.0004385074187157,-0.0065386819097017,-0.0030277826968667,0.022695808972772,-0.014762269724529,21.9501654624939,21.740633811950683,21.67851037979126,1,1,0.0436980301860003,0.0669200233339211,0,49.83958983587543,28.847012723188165,0.0416779689170161,1.1980696824168853,-0.0205918631941625,0.0390142177758845,0.0421142324256165,1,,
2025-03-28 04:00:00,21.959810858608616,22.01739909536812,21.950214649787544,22.007801055908203,7963400,0.0061429306768001,0.0004362982830552,0.0039728465738495,0.0285190914816038,-0.005750801475033,21.949733543396,21.75302951812744,21.683637590408324,1,1,0.0472061936025696,0.0629772573876508,0,58.89350988588021,28.85777729691544,0.046886430549574,1.476113032282528,-0.0145754269054703,0.0400606274275052,0.0539046050505627,1,,
2025-03-31 04:00:00,22.08458380497941,22.094181844554075,22.00780131902095,22.06538772583008,13515800,0.0026166480592761,0.0074496609052299,0.0022232608547811,0.0302913338674508,-0.0027241727074287,21.949733543396,21.76562263488769,21.688678207397466,1,1,0.0540106007904839,0.0611839260682174,0,62.054679940744194,29.409940517182072,0.0452879589245863,1.5619727013473954,-0.0119969176087194,0.039897632723449,0.0613614956825727,1,,
2025-04-01 04:00:00,22.1048570152814,22.162623645516828,22.09523107988519,22.114484786987305,33591800,0.0022250713092952,0.0088071690087743,0.0022250713092952,0.0348898091591607,-0.003480833199683,21.955067729949956,21.779197692871094,21.693542976379398,1,1,0.0626427583002176,0.0614756925146174,1,64.55723302114156,30.34421326476012,0.0452890239905865,1.7920221665018938,-0.0097985402965952,0.0398737855276327,0.0398315976130825,1,,
2025-04-02 04:00:00,22.19150605837959,22.19150605837959,22.03746537722084,22.09523200988769,11442100,-0.0008705957785162,0.0096971065134605,0.0039727255693278,0.0298491168650201,-0.001800922261769,21.9637583732605,21.791242294311523,21.69779650688172,1,1,0.0671561330101511,0.0626117806137242,1,62.80794143959392,30.41792203982517,0.0443644170973299,1.5473641324815448,-0.0106606055072936,0.0395885380954411,0.0228418928797633,1,,
2025-04-03 04:00:00,22.268531348707587,22.316670219963395,22.22039431376196,22.2589054107666,14315800,0.0074076344075348,0.0176228086919238,0.015395274588652,0.0149042091548103,0.0029346171728428,21.98063268661499,21.80732391357422,21.702587518692017,1,1,0.0829835083315231,0.066686126157284,1,70.20051239744997,31.24110528126765,0.0483057131954717,0.9312658178469664,-0.0033319409679196,0.0419490800048725,0.0997964744650961,1,,
2025-04-04 04:00:00,22.42256686461908,22.470703884460185,22.307035446166992,22.307035446166992,18103000,0.0021622822197318,0.013596741877965,0.0175908457368947,0.0401839177701115,0.0076815256176936,22.00135326385498,21.825322532653807,21.708040523529053,1,1,0.0982776256285653,0.0730044260515402,1,71.96519109448008,32.708319871821246,0.0484731977603617,3.33360251266585,-0.0011768633449,0.0446539607464285,0.149930040335747,1,,
2025-04-07 04:00:00,22.2974097152924,22.31666525951469,22.07597646566541,22.09523200988769,39958300,-0.0094949163814457,0.0013525383930903,0.00925462883907,0.0316848424525748,0.001969295152695,22.005724811553957,21.838130683898925,21.712013168334963,1,1,0.0922442226039272,0.0768523853620176,1,56.19445926134021,31.740454949995925,0.059965544753076,2.4431638625548526,-0.0106606055072936,0.044308897830976,0.1489485853649228,1,,
2025-04-08 04:00:00,22.008584452651984,22.12411404828192,21.98932890794372,21.99895668029785,19502600,-0.0043572898237391,-0.0052240921641291,-0.0004018745711069,0.0276474657432699,0.004935461295946,22.00816192626953,21.84691360473633,21.715738506317138,1,1,0.0787858979580349,0.0772390878812211,1,50.7502563887911,30.161927174778995,0.0594881081898105,2.1043075226535177,-0.0149714439831409,0.0448177995277996,0.1252700843655974,1,,
2025-04-09 04:00:00,21.89305525690958,21.970075607299805,21.787151586506766,21.970075607299805,41345700,-0.0013128383049143,-0.0056644077116673,0.0009048304023016,0.0299718566475593,0.0066626698396576,22.012034511566164,21.85511890411377,21.719319438934328,1,1,0.0650398782617465,0.0747992459573262,0,49.21005452833446,28.62790205888081,0.0589378522631917,2.298268422306118,-0.0162646272029144,0.0405051402840891,0.0111811289190548,1,,
2025-04-10 04:00:00,21.912311784782343,21.970076591084126,21.825663657174623,21.84491920471192,20305200,-0.0056966760071732,-0.0185986776265485,-0.002179030566194,0.0227315874400699,-0.0003725136914928,22.006289958953857,21.861393814086917,21.72218094825745,1,1,0.0435450229854303,0.068548401362947,0,43.10497616243387,27.203443365603764,0.0615955364507187,1.7103248965968518,-0.0218686488985351,0.0421200589798488,0.0598568259762966,1,,
2025-04-11 04:00:00,21.75826656708873,21.825659133190143,21.66199068566826,21.796775817871094,13419600,-0.0022038711331301,-0.0228743810233007,-0.0074242189335518,0.0255181798635033,0.0004575155731263,22.001017570495605,21.865942230224608,21.724708127975465,1,1,0.0223675867333703,0.0593122384370317,0,40.997959870215055,26.765491851234533,0.0608852242471226,1.943271012063452,-0.0240243243476372,0.0412904879750387,0.0219961671447463,1,,
2025-04-14 04:00:00,21.85454242086488,21.92193498688105,21.825659105582368,21.90267944335937,8482700,0.0048586830627237,-0.0087146659714707,2.081324398073292e-05,0.0309637134514078,0.0057554132002708,22.000080585479736,21.87299053192139,21.728279809951783,1,1,0.0139688294610706,0.0502435566418395,0,47.12119565859753,25.67451147042952,0.0628473779608262,2.3155270469985,-0.0192823678627146,0.0410924496094222,0.0408325884990543,1,,
2025-04-15 04:00:00,21.88342789319529,21.9797037920627,21.88342789319529,21.94119453430176,10016200,0.0017584648052759,-0.0026256766098285,0.0009021035771172,0.0332409089031044,0.0070862386214232,21.99962959289551,21.88048370361328,21.731856813430785,1,1,0.0103018464942898,0.0422552146123295,0,49.186563016554025,24.27406201351148,0.0630747295872125,2.480081605505171,-0.0175578104226876,0.0412803275617239,0.0527316182713049,1,,
2025-04-16 04:00:00,21.96044421010377,22.02783677603552,21.92193495941836,22.008583068847656,15412000,0.0030713247831855,0.0017527232148011,0.0026591395343542,0.0290147215672564,0.0110576528355974,22.000148582458497,21.888558807373048,21.736238880157472,1,1,0.0126871777348647,0.0363416072368366,0,52.66988043708456,22.65677730945826,0.0638078980935408,2.2328918082407867,-0.0145404113777918,0.0423484401224549,0.0668965163098946,1,,
2025-04-17 04:00:00,21.98933063072666,22.018213950051948,21.94119360149446,21.960447311401367,8827000,-0.0021871356868231,0.0052885572890803,-0.0017163204517247,0.0244785401464271,0.0044790472802962,21.997301006317137,21.89375679016113,21.74098583221436,1,1,0.0105715542924862,0.0311875966479665,0,50.03157463026567,21.155012941408845,0.0638342115022173,1.886929654423332,-0.0166957452119895,0.0421956132449203,0.0722794299257525,1,,
2025-04-21 04:00:00,21.90268550833907,21.97007809301663,21.86417441063177,21.8738021850586,13305100,-0.0039455082637495,0.003533842244886,-0.0065219624829925,0.0204364516002453,-0.0003496283139833,21.991080951690677,21.897413215637208,21.745017919540405,1,1,0.00188167907476,0.0253264131333252,0,45.60343441439456,20.2665839892003,0.0651032487175776,1.5618568480350443,-0.0205753802750356,0.0430539325686116,0.0899762472483973,1,,
2025-04-22 04:00:00,21.90268082717869,21.9411919166552,21.883425282440445,21.89305305480957,8046200,0.0008800879512442,-0.0004395073477058,-0.0047799459551975,0.018613087092248,0.0048765767259568,21.990622425079344,21.90279476165772,21.748582935333253,1,1,-0.0034123894384805,0.019578652618964,0,46.73151070793735,19.441614247863797,0.065193356508508,1.4313605938608678,-0.0197134004680636,0.0419991037178132,0.0645503143175687,1,,
2025-04-23 04:00:00,22.037467546591817,22.066350865768523,21.893054623328176,21.921937942504883,13697200,0.0013193631615928,-0.0008776455523774,0.0009001074886487,0.0217719560471445,0.0053287613334909,21.990648365020757,21.90875400543213,21.751822967529296,1,1,-0.0052170687202988,0.0146195083511115,0,48.45865164802839,18.35840428633983,0.0635955346095599,1.6714675802706331,-0.0184200464408381,0.041412799947284,0.0731701375688207,1,,
2025-04-24 04:00:00,21.979699753601324,22.008583068847656,21.96044421010377,22.008583068847656,9456200,0.0039524391762268,0.0,0.0039761990133762,0.0280971476959748,0.0150294938036927,21.996926021575927,21.91721206665039,21.755543174743654,1,1,0.0003403244705211,0.0117636715749934,0,53.34529848417152,17.35256646492472,0.0649765883813145,2.134208133287698,-0.0145404113777918,0.0407193832185227,0.0568113232341569,1,,
2025-04-25 04:00:00,22.04709539070978,22.075978709979584,22.027839844529915,22.06635093688965,6827700,0.0026247881502086,0.0048224712359705,0.0083773133641475,0.0285029826624989,0.018138137408729,22.00657186508179,21.9291227722168,21.7595991897583,1,1,0.0092987920909486,0.0112706956781844,0,56.31885421848421,16.893472483455653,0.0650915740165068,2.1618170937862398,-0.0119537887270668,0.0405333938920815,0.0412488673380371,1,,
2025-04-28 04:00:00,22.05672293851,22.143371059124405,22.0470951655184,22.13374328613281,14069600,0.0030540776513481,0.0118836724806705,0.0119007019458265,0.0266204864843346,0.0230346543338411,22.01286897659302,21.939892578125,21.763945198059083,1,1,0.0215875932478226,0.0133340751921121,1,59.5572524901681,16.909937821639936,0.0656431271947039,2.0416357825722278,-0.0089362188747189,0.0406416892650422,0.0417148306934318,1,,
2025-04-29 04:00:00,22.12411528853508,22.201135635375977,22.12411528853508,22.201135635375977,11078100,0.0030447786608869,0.0140721616028205,0.00878482039058,0.0297463186344115,0.02435708327162,22.019656372070312,21.95067012786865,21.768064861297606,1,1,0.036345586763371,0.0179363775063639,1,62.54746554358606,17.28253837676703,0.0631603900398423,2.264162576339882,-0.0059186490223707,0.0405102418708531,0.0112233500127156,1,,
2025-04-30 04:00:00,22.18188106605148,22.22039031982422,22.17225329353084,22.22039031982422,21079000,0.000867283762618,0.0136143245228634,0.0070246938744107,0.0320101738613403,0.0270395312774116,22.02495164871216,21.96355567932129,21.772046089172363,1,1,0.0490299087983316,0.0241550837647574,1,63.38054017177115,17.74649104369563,0.0626841560890155,2.437481482131989,-0.0050564984079464,0.0405292977208183,0.0158321422663771,1,,
2025-05-01 04:00:00,22.22425157656667,22.22425157656667,22.089089804905665,22.118053436279297,13982000,-0.0046055394199633,0.0049739852442656,0.0001613715773334,0.0254387961537787,0.0236529225126171,22.026092720031738,21.973820190429688,21.77579728126526,1,1,0.0502453965053533,0.0293731463128766,1,56.222511952581904,17.383461708008756,0.0645356754725498,1.915633751874504,-0.009638749925165,0.0400587454894387,0.0046386356188288,1,,
2025-05-02 04:00:00,22.05047471088289,22.069783799550912,21.982894741960862,22.02151107788086,12943900,-0.0043648668575907,-0.0020320468543726,-0.0033365086175081,0.0218673289348318,0.0187384074484566,22.01422300338745,21.981579513549804,21.77864327430725,1,1,0.0429237198622018,0.0320832610227416,1,50.43562167234814,16.161919572917583,0.0662525765720929,1.6296801662538956,-0.0139615449226587,0.0393005124527901,-0.0072754806443381,0,,
2025-05-05 04:00:00,22.00220207724156,22.011854779390283,21.9442748158538,21.982892990112305,15577800,-0.001753652945612,-0.0068153991880358,-0.012400089562391,0.0193056984847364,0.0178431720087821,21.99801588058472,21.986652030944825,21.7812961769104,1,1,0.0336175591390244,0.0323901206459982,1,48.29426926173494,15.282957673450657,0.060428250236118,1.4396264785918778,-0.015690714163892,0.0394578516604567,-0.0593869601937967,0,,
2025-05-06 04:00:00,21.97324019762685,22.02151107788086,21.95393110895884,22.02151107788086,10517200,0.0017567336467463,-0.0080907824016397,-0.0127997451286245,0.0192865779500444,0.0196312513561611,21.994329833984374,21.99173118591309,21.784423837661745,1,1,0.0290239466663457,0.0317168858500677,0,50.55504477024698,14.38525348251851,0.0602117018864859,1.4382927051099146,-0.0139615449226587,0.039860334055267,-0.107350537579018,0,,
2025-05-07 04:00:00,22.04082579409722,22.089096686675934,22.03117124729817,22.060134887695312,15424500,0.0017539127845431,-0.00721208897874,-0.0015884477780849,0.0165703978004694,0.0253396444265405,21.997388744354247,21.99509391784668,21.78793239593506,1,1,0.0281753069459824,0.0310085700692506,0,52.77888716475477,13.725053124604264,0.0512274247095033,1.2536501858197404,-0.0122321194702474,0.0397630247130757,-0.1025950393810586,0,,
2025-05-08 04:00:00,22.04082187274064,22.05047641782201,21.93462371826172,21.93462371826172,8304400,-0.0056895014501294,-0.0082932125354533,-0.0029243642310432,0.0112324476243679,0.0150285221526613,21.995616149902343,21.994989128112792,21.790907278060917,1,1,0.017177045136794,0.0282422650827593,0,45.60140402320107,13.168152531290602,0.0528152777215088,0.8414196218081067,-0.0178520262589128,0.0392632150688674,-0.1239370187170123,0,,
2025-05-09 04:00:00,21.963584444925893,21.99254807633444,21.9442753573202,21.953929901123047,6068800,0.0008801693208557,-0.0030688710015768,-0.0007348953397043,0.0152587179663816,0.0150304138339667,22.0010666847229,21.9956534576416,21.793931751251225,1,1,0.0099045179061469,0.0245747156474368,0,46.79986368211228,12.65103055178506,0.0527449285425265,1.1388785121467475,-0.0169875697438853,0.0393479114253752,-0.0285699259550141,0,,
2025-05-12 04:00:00,21.857388996285767,21.886352631261232,21.847734451293945,21.847734451293945,8159300,-0.0048371954500806,-0.0061483508507798,0.0001288742043696,0.0103477131151799,0.0186126491991873,22.00361461639404,21.99227935791016,21.796612987518312,1,1,-0.0043776349578621,0.018784245526377,0,41.3972776850053,12.902051909663438,0.05165416168959,0.7704117935209723,-0.0217425929988929,0.0379049147859368,-0.1000745083459768,0,,
2025-05-13 04:00:00,21.86704269814616,21.876697242765733,21.799462727225272,21.828426361083984,13410800,-0.0008837570894595,-0.0087680048891293,0.0014520745397097,0.0112457125770504,0.0123372046007261,21.999901962280276,21.987540130615237,21.79900994300842,1,1,-0.0170577147973212,0.0116158534616374,0,40.482238456601976,13.466610376326182,0.0511407559382143,0.8359302030667359,-0.0226071349176464,0.0376229602487571,-0.0888225813291113,0,,
2025-05-14 04:00:00,21.82842515150224,21.82842515150224,21.76084518432617,21.76084518432617,6029100,-0.0030960168928302,-0.0135669933521612,-0.0064756578938202,0.0135080814054251,0.0069868903130596,21.990884494781493,21.982601013183597,21.800693445205688,1,0,-0.0321889513952733,0.0028548924902552,0,37.36874764993164,14.248329388944615,0.0491485798701028,1.010091673481422,-0.0256331597388731,0.0374586045966758,-0.0884309659629829,0,,
2025-05-15 04:00:00,21.828426657944984,21.88635208503408,21.809117568443245,21.876697540283203,9967900,0.0053238904544241,-0.0026408557868393,-0.002939538862286,0.0130327044411777,0.0141293163885163,21.984290218353276,21.981706581115724,21.80281537055969,1,1,-0.0344352998056933,-0.0046031459689344,0,45.15587040736477,14.36553754376838,0.0524738720439361,0.9788977180066142,-0.0204457374188995,0.0374749894243832,-0.0921828474265568,0,,
2025-05-16 04:00:00,21.94427605495653,21.94427605495653,21.87669608760409,21.886350631713867,9997000,0.0004412499378798,-0.0030782310827057,-0.0055538530922876,0.010344834873053,0.0199617286055384,21.980585384368897,21.981005210876464,21.804844751358036,0,1,-0.0350327871378439,-0.0106890742027163,0,45.76099371709685,13.905749205408773,0.0512250766185341,0.7877814792976424,-0.0200135091613857,0.0372555457195173,-0.1202616764209266,0,,
2025-05-19 04:00:00,21.78015393419064,21.876697540283203,21.78015393419064,21.876697540283203,11461100,-0.0004410553222462,0.001325679285137,-0.003813664172254,0.0139313692235842,0.0199630028878095,21.98073015213013,21.980686683654785,21.80621562004089,1,1,-0.0358717171317124,-0.0157256027885155,0,45.22363550577087,14.200668323239505,0.0507524080312374,1.061878422923658,-0.0204457374188995,0.0371984258005032,-0.1184290749706949,0,,
2025-05-20 04:00:00,21.82842720272648,21.857388996285767,21.79946356775101,21.847734451293945,8820600,-0.0013239241862683,0.0008845388069009,-0.0011917330852729,0.0112431615643544,0.0181621126350177,21.978464221954347,21.9774853515625,21.807008619308476,1,1,-0.0384306498140105,-0.0202666121936145,0,43.57044251226411,14.474521789796617,0.0490848355774534,0.8625346534452365,-0.0217425929988929,0.0372745034268382,-0.1342369627341981,0,,
2025-05-21 04:00:00,21.78015297555052,21.80911660852831,21.71257300668505,21.73188209533692,11846600,-0.0053027171405484,-0.0013309726136057,-0.0073617397751313,0.0045455875963482,0.0123150658849096,21.968961429595947,21.973118705749517,21.805763244628903,0,0,-0.0492393388600866,-0.026061157526909,0,37.64276845914315,15.330649778934236,0.052180315848351,0.3594649605135292,-0.0269300153188661,0.0377123260325036,-0.10206831350764,0,,
2025-05-22 04:00:00,21.72222975147737,21.78015518188477,21.70292066086949,21.78015518188477,11783100,0.0022213026159483,-0.0044130224966846,-0.0064676198332451,0.0023419133853694,0.0136677820579571,21.957540035247803,21.970869331359864,21.80471216201782,0,0,-0.0532957084010838,-0.0315080677017439,0,41.23057227565108,16.18943828049181,0.0526347203282123,0.1998472596658138,-0.0247685324163932,0.0377811862862256,-0.0876930240331791,0,,
2025-05-23 04:00:00,21.838078542105315,21.847731244264043,21.78980582423216,21.81876945495605,8272900,0.0017729108332249,-0.0030878229950264,-0.0086245267720246,0.0023528655110238,0.0136741619809503,21.945160961151124,21.968048515319825,21.80470141410828,0,1,-0.0527860763332057,-0.0357636694280363,0,44.005883773517326,16.22361156111299,0.0509279245134228,0.2006527097637517,-0.0230395339826124,0.0381082918505656,-0.0641240402376556,0,,
2025-05-27 04:00:00,21.86704009273677,21.90565826661378,21.838078303744897,21.89600372314453,12207900,0.0035398086197264,0.0008824998757595,-0.0077197727087869,0.0001829632944265,0.0186094475621383,21.93327398300171,21.967924118041992,21.80531215667725,0,1,-0.0456241030190227,-0.0377357561462336,0,49.17573705492904,15.656253787332115,0.0517070623961709,0.0399600341061622,-0.019581280903872,0.0374642804218333,-0.0757181468302315,0,,
2025-05-28 04:00:00,21.867042087074385,21.87669663142416,21.82842575109133,21.85738754272461,10894100,-0.0017636177317189,0.000441834893782,-0.0124857210023457,-0.0037591693923055,0.0177116056642681,21.91608657836914,21.96664348602295,21.80596517562866,0,1,-0.0425734305924798,-0.0387032910354828,0,46.846789957344136,15.212862830370812,0.050370414216162,-0.2571160007749736,-0.0213103647413791,0.0376158269970913,-0.0744521776203219,0,,
2025-05-29 04:00:00,21.88635283427104,21.944278263343094,21.88635283427104,21.93462371826172,7983800,0.0035336416754352,0.0093292252385404,-0.0120044272280193,0.0006345730318904,0.0208568850445691,21.901798248291016,21.966331672668456,21.806769018173217,0,1,-0.0335368449665303,-0.0376700018216923,1,51.76705661482086,14.13629750808875,0.0508415728061314,0.073720176726285,-0.0178520262589128,0.0376003249906647,-0.0718316343176929,0,,
2025-05-30 04:00:00,21.934625529863897,21.973243713378903,21.915318279522733,21.973243713378903,10363300,0.0017606864659835,0.008865342321102,-0.0111225141812572,-0.0019619759411694,0.0136993581835553,21.894557762146,21.96583248138428,21.807483558654784,0,1,-0.0229939153645837,-0.0347347845302706,1,54.05715009975316,13.413880789142825,0.0512523482325901,-0.122058773978816,-0.0161227716139538,0.0377087029254781,-0.0695939716194818,0,,
2025-06-02 04:00:00,21.922887596784896,21.942254549048936,21.874472063059017,21.90352249145508,10449400,-0.0031730054439513,0.0038844095527017,-0.0096993591882877,-0.0073357076878154,0.0118118613428577,21.888658332824708,21.96355495452881,21.80747295379639,0,1,-0.0200335532901441,-0.0317945382822453,1,49.48885345803738,12.58258087529094,0.0500421069839538,-0.5275086831297074,-0.0192446194158024,0.0373785074836734,-0.066907687023599,0,,
2025-06-03 04:00:00,21.93256889500707,21.95193584534797,21.87446989091842,21.884153366088867,6860800,-0.0008842927147343,-0.0005412109536289,-0.0062374335396974,-0.0056183573045405,0.0082649152672846,21.88372135162353,21.96127395629883,21.807224283218385,0,1,-0.0190309941067354,-0.0292418294471433,1,48.26847527497743,11.708680951832658,0.0480314989737364,-0.3993741607525046,-0.0201118942537896,0.0371336918401462,-0.0551346656165565,0,,
2025-06-04 04:00:00,21.951935691382324,22.029401645268543,21.9422522162798,22.019718170166016,10259200,0.00619465609701,0.0074268083101924,0.0016751744217775,0.0044841543261859,0.0109743510885114,21.883631706237797,21.963623847961426,21.808218278884887,0,1,-0.0072143494741894,-0.0248363334525525,1,56.37672212952222,11.620483912975049,0.0526562089676112,0.3588866868402356,-0.0140418244251411,0.0373737550449033,-0.052818299219316,0,,
2025-06-05 04:00:00,22.02940116901141,22.04876811879778,21.97130216658631,21.98098564147949,10101800,-0.0017589929347509,0.0021136411462199,-0.0018402659226267,0.0027172737956571,0.0086231734384518,21.879674243927003,21.96481517791748,21.80878325462341,0,1,-0.0009638541219842,-0.0200618375864389,1,53.78296101098826,11.71901788338005,0.0526582014713873,0.2276889162883092,-0.0157761178899371,0.037489195362012,-0.0594861721421445,0,,
2025-06-06 04:00:00,21.903521959006422,21.91320358796888,21.84542110362667,21.86478805541992,6614300,-0.0052862773287244,-0.0049358055357547,-0.0088551966372768,-0.0012714714358899,0.0054866754735789,21.87618246078491,21.964450340271,21.808673124313355,0,1,-0.0053250813907119,-0.0171144863472935,1,46.82316014473989,11.284617170407271,0.0551530588357385,-0.0655519111697834,-0.0209789982843247,0.0369119688141901,-0.0717011826806048,0,,
2025-06-09 04:00:00,21.85510117020487,21.90351854213506,21.84541769581883,21.893835067749023,5570500,0.0013284835990854,-0.0004422769766752,-0.0018595555153625,-0.0051784359495826,0.0033098186771423,21.87317771911621,21.964858360290528,21.80833168029785,0,1,-0.0063641720691229,-0.0149644234916594,1,48.61331959206248,10.88127748951846,0.051966845523716,-0.3581817523921093,-0.0196783849403852,0.0369277234341404,-0.0594829442935481,0,,
2025-06-10 04:00:00,21.94225653148457,21.95194000849148,21.89384099338445,21.913206100463867,9260600,0.0008847711081636,0.0013275694923624,-0.0018549663245984,-0.0016860102079954,0.0041975182172449,21.876451301574708,21.96296646118164,21.807898817062377,0,1,-0.0055604807080698,-0.0130836349349415,1,49.82637505460987,10.218479826865954,0.0519679232104404,-0.0990876067708433,-0.0188110246986721,0.0367520206007302,-0.0659727729022724,0,,
2025-06-11 04:00:00,21.94225541762196,21.990670953264345,21.92288846459129,21.97130584716797,11309500,0.0026513576533591,-0.0021985895833871,0.005656027912162,0.0035939933995698,0.0046692080312888,21.883595275878907,21.9610848236084,21.808180074691773,0,1,-0.000232703058959,-0.010513448559745,1,53.3810411561883,9.994828840239409,0.0497643708523305,0.2934310561469989,-0.0162095417996153,0.0369548630199214,-0.0250640786658072,0,,
2025-06-12 04:00:00,22.048768997192383,22.05845247247134,22.010035096076543,22.048768997192383,11336000,0.0035256507083942,0.0030837268545858,0.0100942977960714,0.0040509794571739,0.0108508207153017,21.897991466522218,21.9597705078125,21.808472061157225,0,1,0.010123530178717,-0.0063860528120526,1,57.68549626814153,10.418123005256357,0.050805899036928,0.326740711116382,-0.0127410402737496,0.0369383440289251,-0.0181967664241587,0,,
2025-06-13 04:00:00,22.01003421922505,22.02940116901141,21.94225174190676,21.98098564147949,8462300,-0.0030742467174256,0.0053143705653604,0.0101163560187396,0.0035960757194521,0.0099461276976791,21.90320587158203,21.95748558044433,21.80847220420837,0,1,0.0127148010040265,-0.0025658820488367,1,53.06805501065645,10.042127572865612,0.0507866266007818,0.2926458293287329,-0.0157761178899371,0.0372411486515901,-0.0058052334684396,0,,
2025-06-16 04:00:00,21.96161802022689,22.000350071681417,21.932567596435547,21.932567596435547,7712200,-0.0022027240194621,0.0017691066259826,0.0025538615254641,0.0005085643719375,0.0099294515000361,21.90551671981812,21.95095882415772,21.80827733039856,0,1,0.0107376927752937,9.483291598934166e-05,1,49.989930741663095,9.587165426312737,0.0483854516667131,0.0642237276883335,-0.0179440914755893,0.0368089094819643,-0.0177739861344841,0,,
2025-06-17 04:00:00,21.97130441190896,22.0294034202714,21.951937460143416,22.01003646850586,9878300,0.0035321387580222,0.0044188133675218,0.0056512773131198,0.0027253529950816,0.0170623888155199,21.912183666229247,21.94501884460449,21.80851689338684,0,1,0.0152461625301825,0.0031250988388279,1,54.53399476784266,9.464266520695675,0.0498031992786322,0.2265116823791621,-0.0144753337385455,0.0372572883993835,4.677638812067286e-05,1,,
2025-06-18 04:00:00,22.04877063852305,22.07781921958827,22.00035325852402,22.02940368652344,8848700,0.000879926666423,0.0026442597340186,0.0069803107145878,0.0014183162389147,0.0211004551907187,21.921267127990724,21.94370227813721,21.80899447441101,0,1,0.0201496572223938,0.0065300105155411,1,55.61967555136084,9.827084668939216,0.0497747537283334,0.1310285844574173,-0.0136081443042844,0.0372956939992258,0.0026148471777884,1,,
2025-06-20 04:00:00,21.99067181839939,22.06813963356974,21.980990188437467,22.03908920288086,6763300,0.0004396631200391,-0.0004390174486728,0.0087585626790507,0.0009851467385249,0.0210991076319686,21.93662748336792,21.944504928588863,21.809802894592284,0,1,0.024534434628304,0.0101308953380937,1,56.18317882234138,9.916336478560536,0.0494072763551869,0.0992205536872421,-0.013174464183428,0.0373999266167363,0.0033648520668903,1,,
2025-06-23 04:00:00,22.07781614387949,22.14560046643496,22.06813451616265,22.08749961853028,6414000,0.0021965706115971,0.0048457325248323,0.0163638621649648,0.0040592561044912,0.0228907833124858,21.9519947052002,21.94685340881348,21.81032006263733,1,1,0.031552006384139,0.0144151175473027,1,58.986262314971626,10.731942433564283,0.0451050753022023,0.3241657921433997,-0.0110068322126797,0.0371154708566171,-0.0158265277875475,0,,
2025-06-24 04:00:00,22.068137220167447,22.164968284672064,22.068137220167447,22.14560317993164,8407200,0.0026306083714708,0.0097132076561212,0.016778943721706,0.0111120951682532,0.0317378254895004,21.96833639144897,21.95286708831787,21.810514183044432,1,1,0.0413255788244661,0.0197972098027354,1,62.11860824026258,11.6585718267231,0.0452921048936127,0.8455235868304691,-0.0084051785061709,0.0368064943149979,-0.025798342165425,0,,
2025-06-25 04:00:00,22.116552957898463,22.164968490600582,22.09718600604394,22.164968490600582,6913900,0.0008744539722671,0.0070391533569884,0.0158670284481095,0.0111101085804508,0.0354024524283358,21.981784629821775,21.960230941772465,21.81061637878418,1,1,0.0500568004897736,0.0258491279401431,1,63.12932135035127,12.51901528602273,0.0451547976088099,0.8453794795936628,-0.0075380744756362,0.0368180521029735,-0.0338571918324649,0,,
2025-06-26 04:00:00,22.18433243150414,22.22306632995605,22.1552820076652,22.22306632995605,12613500,0.002621155964201,0.0087910978521439,0.0149370913042825,0.0155388167534062,0.0362684120776237,22.000068569183348,21.9666386795044,21.81086745262146,1,1,0.0609616388315181,0.0328716301184181,1,66.05544260585532,13.834990669975715,0.0445486924000104,1.1678160139858356,-0.0049366769803054,0.036627988639473,-0.0223223767531086,0,,
2025-06-27 04:00:00,22.18433557559475,22.23275110858744,22.164968623624,22.17465209960937,8871500,-0.0021785576134207,0.0061510208285191,0.0145152093892559,0.01377095301622,0.0367793049080211,22.01206998825073,21.971307830810545,21.810734844207765,1,1,0.0649484922188321,0.0392870025385009,1,61.66368467923213,15.139567197011624,0.0448610938927125,1.0351840264525585,-0.0071044797585057,0.0363675029772424,-0.0331861378441967,0,,
2025-06-30 04:00:00,22.213385101547875,22.252117156982425,22.18433467477137,22.252117156982425,11040200,0.003493405760103,0.0074529730071413,0.0144745331763487,0.0111013408587967,0.0399370324959209,22.02601366043091,21.97617851257324,21.81056481361389,1,1,0.0735114902788929,0.0461319000865793,1,65.60419739186285,16.519767953734906,0.0448291662828852,0.8543971166403289,-0.0036358928289137,0.0363208917708645,-0.0340271851404958,0,,
2025-07-01 04:00:00,22.24823399941064,22.277368102469467,22.18996764554697,22.22881126403809,10891100,-0.0010473562034533,0.0037573184812529,0.0116308522306871,0.0074063297794084,0.0379220112549398,22.04227809906006,21.981545791625976,21.810372619628907,1,1,0.0775234945608325,0.0524102189814299,1,63.4897797741051,18.01950877765818,0.0450376983502711,0.5815112831203215,-0.0046794409574576,0.0362945986701432,-0.0375007397663497,0,,
2025-07-02 04:00:00,22.17054070934912,22.1899634410415,22.15111797765675,22.180252075195312,10775200,-0.0021845157739647,0.0006895378444238,0.0126340219409086,0.0029739462095317,0.0379675157843926,22.05708303451538,21.98767478942871,21.81012643814087,1,1,0.0759096766454234,0.0571101105142286,1,59.207948819027656,18.70813514011189,0.044127817207011,0.2495649216972018,-0.0068537344188375,0.0360518794085647,-0.0354917348074469,0,,
2025-07-03 04:00:00,22.13169966348061,22.14140917819858,22.102565562565143,22.12198829650879,6171500,-0.0026268312230626,-0.004548338737171,0.0108679063997267,0.001210952960762,0.0310962157022258,22.06219654083252,21.99225349426269,21.809352960586548,1,1,0.0691323990484384,0.0595145682210706,1,54.46191818105581,18.545371558831796,0.0452653816893606,0.1169309460592948,-0.0094625620383341,0.0356760008738707,-0.0392552125587347,0,,
2025-07-07 04:00:00,22.10256999349696,22.10256999349696,22.044303632239146,22.063724517822266,6006600,-0.0026337496388477,-0.0050024497019757,0.0019984973157318,-0.0087686653652756,0.0060048537669221,22.066333484649657,21.995089225769043,21.808004989624024,1,1,0.0583869097647138,0.0592890365297992,0,50.13410531150869,17.545276118300684,0.04149081256239,-0.6584315554328946,-0.0120713896578308,0.0358491879807082,-0.0407924508084193,0,,
2025-07-08 04:00:00,22.024876235547183,22.05400848388672,22.015164868682724,22.05400848388672,5972100,-0.0004403623661861,-0.0089029134485544,0.0033220913565146,-0.0113429219624856,0.0283851927642124,22.075794506073,21.995997734069825,21.806797218322757,1,1,0.0485276330060848,0.0571367558250563,0,49.42871431203282,16.356646208948423,0.0409955493175665,-0.8640237103507781,-0.012506436238304,0.0358530386381808,-0.0436434206717907,0,,
2025-07-09 04:00:00,22.07343310602377,22.14141082763672,22.07343310602377,22.14141082763672,12038100,0.003963104657997,-0.0039318538163471,0.0126515185747813,0.0020899901720137,0.0338410536339162,22.08817329406738,21.997498931884767,21.806451196670533,1,1,0.0472223737022474,0.0551538794004946,0,55.49501635022144,16.162249746167216,0.037914955961561,0.196538594898357,-0.0085928958960178,0.0357805652870647,-0.0306514001683492,0,,
2025-07-10 04:00:00,22.131702423095703,22.141411939024355,22.092856950364748,22.131702423095703,7952700,-0.0004384727159706,-0.0021888683652023,0.0108645814956864,0.0060341835627477,0.0338484791893571,22.099098110198973,21.997458114624024,21.806103839874268,1,1,0.0448871283161693,0.0531005291836295,0,54.70996878452472,15.981750917414944,0.0379821267676535,0.5297497849220285,-0.0090276008615869,0.0356642921179342,-0.0342136259349837,0,,
2025-07-11 04:00:00,22.083142584480093,22.083142584480093,22.03458760241164,22.05400848388672,5817300,-0.003510527013408,-0.0030729522008109,0.0064254579077713,0.0038203271616883,0.0339066861072845,22.10323324203491,21.99451557159424,21.80541522979736,1,1,0.0363481787654933,0.0497500591000023,0,48.764699869709226,15.00049626230603,0.0404200227442236,0.3414331438289521,-0.012506436238304,0.0356644673769892,-0.0295916579813678,0,,
2025-07-14 04:00:00,22.0442989692761,22.073431217615635,22.015164868682724,22.05400848388672,6949100,0.0,-0.0004403623661861,0.0037641202254443,0.00957152906886,0.0325206925588941,22.10349521636963,21.991187934875487,21.804773807525635,1,1,0.0292438943167816,0.0456488261433582,0,48.764699869709226,14.022400451871798,0.0395167506058156,0.8416408239236893,-0.012506436238304,0.0355965414894964,-0.0367562323175902,0,,
2025-07-15 04:00:00,22.06371774651721,22.06371774651721,21.96660779164176,21.98602867126465,6331600,-0.003082424343481,-0.003082424343481,-0.0028455251146095,0.0086826076927573,0.0344223519010487,22.103747367858887,21.9885474395752,21.80369808197021,1,1,0.0179217047040154,0.0401034018554896,0,43.92137950224498,13.717024540557356,0.0390993085521989,0.7626360093237718,-0.015550310438274,0.0356391132237747,-0.0351729575135526,0,,
2025-07-16 04:00:00,22.01516427426689,22.04429837407364,21.966609293509435,22.02487564086914,11688700,0.0017668934297017,-0.0052632231827847,0.0019967257203803,0.0055790524545533,0.0367155140874944,22.108362770080568,21.98861473083496,21.80314698219299,1,1,0.0119457109336416,0.03447186367112,0,47.15159426688704,13.433461194336806,0.0380939410969407,0.5075505169056169,-0.0138108927499154,0.0355831225594604,-0.0445213467404416,0,,
2025-07-17 04:00:00,22.024879661188308,22.054011914058933,21.99574555606356,22.00545692443848,9231900,-0.0008816720124688,-0.0057042832152612,0.0033233376658909,0.0029288464689674,0.0362671128907381,22.1081337928772,21.989066009521483,21.802545957565307,1,1,0.0055784596782437,0.0286931828725447,0,45.733463667742,13.01764767842944,0.0373564865678097,0.2779455089092305,-0.0146803880847794,0.0353355075646893,-0.040028404481716,0,,
2025-07-18 04:00:00,22.073431217615635,22.073431217615635,22.03458760241164,22.05400848388672,5172000,0.0022063418003521,0.0,0.0019978165617207,0.0020639863500964,0.0311385939066195,22.10936403274536,21.9897159576416,21.801857347488404,1,1,0.0043993591956272,0.0238344181371612,0,49.79884166099567,12.322525503307716,0.0361103573070503,0.203294692268506,-0.012506436238304,0.0354394295408485,-0.0487920333613173,0,,
2025-07-21 04:00:00,22.131698810465547,22.1511196914068,22.102564710672983,22.112276077270508,4510400,0.0026420409435481,0.0026420409435481,0.0037618989567913,0.0069137373987055,0.0315615157436088,22.113023376464845,21.990758781433104,21.80174324989319,1,1,0.0080735544812249,0.020682245405974,0,54.23038191133943,12.29678595973308,0.0370939619328899,0.6259614970306393,-0.0098974378113553,0.035465809093206,-0.0490642406616104,0,,
2025-07-22 04:00:00,22.141412529230067,22.180258002996496,22.1317030130426,22.16083526611328,5434000,0.0021960285170592,0.0079508035517619,0.0055240968495424,0.0131222308141174,0.0338268542492825,22.116690158843998,21.995283012390136,21.801578550338743,1,1,0.0147338586784115,0.0194925680604615,0,57.59034657085402,12.626763451529037,0.0377413552563704,1.178579425482466,-0.0077231443499755,0.0355386066946257,-0.0497680100066729,0,,
2025-07-23 04:00:00,22.131698810465547,22.141408324809284,22.092853344075465,22.112276077270508,9026700,-0.0021912165430436,0.0039682601539501,0.0011217412187047,0.0100133600330711,0.0288128266677007,22.115023803710937,21.998449935913087,21.80145498275757,1,1,0.0159104710200495,0.0187761486523791,0,53.37097978475234,12.308829693864954,0.0379719620863888,0.9015333272690488,-0.0098974378113553,0.0351615951946818,-0.0526431597616906,0,,
2025-07-24 04:00:00,22.06372049995252,22.112277335703546,22.05400913280232,22.08314323425293,8314400,-0.0013174963498001,0.0035303202328951,-0.0028204219668901,0.0073536058796828,0.0292856643108279,22.110932540893558,22.003158111572265,21.801611671447755,1,1,0.014327014910016,0.0178863219039065,0,50.95878284221044,11.437933815708858,0.0370510168287242,0.668376720605687,-0.0112018943229666,0.03510365217571,-0.0462647196093866,0,,
2025-07-25 04:00:00,22.07343421399927,22.131702423095703,22.07343421399927,22.131702423095703,7315100,0.0021989255935022,0.0035228942287635,-0.0015008398283528,0.0055941517844606,0.0338484791893571,22.10636434555054,22.0092236328125,21.80281560897827,1,1,0.016796812054455,0.0176684199340162,0,54.63892161665333,10.904462556007394,0.0377811736273407,0.5191314986090287,-0.0090276008615869,0.035032851467052,-0.048487101678508,0,,
2025-07-28 04:00:00,22.10256872920301,22.112280097566188,22.08314599247668,22.092857360839844,7973300,-0.0017551773249635,-0.0008781871374436,-0.0058591810501276,0.0012012146469528,0.0297384355097078,22.102274608612063,22.01586387634277,21.80415657043457,1,1,0.0154416702406088,0.0172230699953347,0,51.32113615766435,10.409096386284606,0.0368860952807681,0.1293384844597981,-0.0107669331462194,0.0349801427407211,-0.0449887083610152,0,,
2025-07-29 04:00:00,22.12198933385677,22.20938978844772,22.112277966429566,22.199678421020508,7297600,0.004835094819831,0.0017527838838558,0.001128600408192,0.0029789418823253,0.0296787292487759,22.099652671813963,22.02232349395752,21.805889663696288,1,1,0.0227253141303194,0.0183235188223316,1,58.74063346415093,11.202836712771685,0.0401849444880804,0.2845539743697632,-0.0059838974690691,0.0352422316707844,-0.0309416708417424,0,,
2025-07-30 04:00:00,22.151121139526367,22.18996660845596,22.121988890083085,22.151121139526367,6723000,-0.0021872966163403,0.0017567193047027,-0.0045387149790538,-0.0022527899775502,0.0274265164483726,22.095768165588375,22.02761890411377,21.80771122932434,1,1,0.024299379461695,0.0195186909502043,1,54.66211315702485,11.93988130165254,0.0388600857714867,-0.1774470481036728,-0.0081581055267228,0.0352094868553786,-0.0305996042855278,0,,
2025-07-31 04:00:00,22.17054663455489,22.199680739879707,22.141412529230067,22.16083526611328,9306100,0.0004385388227405,0.0035181600298568,-0.0030580131846627,-0.0026801983607733,0.0292441818850557,22.09479732513428,22.03330165863037,21.80962869644165,1,1,0.026030621606182,0.0208210770813998,1,55.3303200048732,12.740676540694729,0.0387993133431341,-0.2155341949717878,-0.0077231443499755,0.0353575618060597,-0.0258175292858183,0,,
2025-08-01 04:00:00,22.29524493819776,22.35368728637696,22.29524493819776,22.35368728637696,6672100,0.0087023804810539,0.0100301756745835,0.0078193525751495,0.010653462375272,0.0363632697867475,22.106382274627684,22.043420715332037,21.81246309280396,1,1,0.0424745693859272,0.0251517755423053,1,66.03336384971192,14.92096236546647,0.0486578715171398,0.9164480922026446,0.0,0.0362595644212686,0.0057607263785153,1,,
2025-08-04 04:00:00,22.36342664624078,22.373167037963867,22.32446693713818,22.373167037963867,6835500,0.0008714334837627,0.0126877964468679,0.0113542570445495,0.0159687479591816,0.0381852707583143,22.121854400634767,22.05624641418457,21.81548952102661,1,1,0.0564279038768731,0.0314070012092189,1,66.89617654249543,17.08501973782466,0.0474317845879269,1.3835877768953475,0.0,0.0357478058068612,0.0020126956842603,1,,
2025-08-05 04:00:00,22.35368811230745,22.38290742968696,22.334207328861268,22.373167037963867,5370600,0.0,0.007814915768288,0.0140249448769016,0.0177535344427643,0.0374019773104912,22.137812328338622,22.068106651306152,21.818042736053467,1,1,0.0667169505136335,0.0384689910701018,1,66.89617654249543,19.16571808695786,0.046067738684743,1.539997535236042,0.0,0.0359299660296228,0.0022532741594614,1,,
2025-08-06 04:00:00,22.343946895013755,22.36342581995046,22.266025621897853,22.35368728637696,7875200,-0.0008706747486333,0.0091447356354859,0.0135884051513444,0.015084169624933,0.0346616695882604,22.14842615127564,22.07880500793457,21.82040390968323,1,1,0.0724639219626901,0.0452679772486195,1,64.98180973664051,19.83778916633028,0.0462219794744364,1.3146854617915922,-0.0008706747486333,0.0356258039673673,-0.0063379473384834,0,,
2025-08-07 04:00:00,22.35368831841584,22.37316724425186,22.32446714297713,22.33420753479004,5794400,-0.000871433483763,0.0078233634515512,0.0087075168178838,0.0124238880899862,0.0292001546583351,22.15855140686035,22.08756908416748,21.8231409072876,1,1,0.074586794943336,0.0511317407875628,1,63.03905387203129,20.55483411859555,0.0448657491802946,1.0893638789082924,-0.001741349497267,0.0356245984703344,-0.0043589813486457,0,,
2025-08-08 04:00:00,22.304984607967032,22.31472499901512,22.28550382587085,22.295244216918945,3009600,-0.0017445578854947,-0.0026144711031019,0.0073894809670211,0.016440696831147,0.0278578137215788,22.17061319351196,22.096326217651367,21.825588426589967,1,1,0.0722918376485033,0.0553637601597509,1,59.22498454239752,20.5454182832912,0.045404330921964,1.4742882616539854,-0.0034828694977648,0.0352872906199839,-0.0105708392221439,0,,
2025-08-11 04:00:00,22.30498695373535,22.32446773788028,22.29524656166289,22.30498695373535,4495600,0.0004369872212035,-0.0030474042460248,0.0113801747211625,0.0159906246486807,0.0314933390466827,22.183162117004397,22.10373348236084,21.8286998462677,1,1,0.0704471539567244,0.0583804389191456,1,59.87866276857202,20.645944075543238,0.0431747806950512,1.4353378996653574,-0.0030474042460248,0.035372661555716,-0.0081819761441734,0,,
2025-08-12 04:00:00,22.27576866741459,22.295247594672205,22.25628788236705,22.28550720214844,3947200,-0.0008733361569461,-0.0039180789946582,0.01049689984616,0.0200374437830357,0.0305924986180441,22.198136043548583,22.10997875213623,21.83176118850708,1,1,0.0666451320892065,0.0600333775531578,1,57.88068490214261,20.07329973779172,0.0434183588513875,1.8350813531099577,-0.0039180789946582,0.0349694835914565,-0.017615697250391,0,,
2025-08-13 04:00:00,22.353687674753388,22.37316660002852,22.34394728322096,22.363426208496094,3949400,0.0034963981587163,0.0004356740789279,0.0171653345346856,0.0245093181964739,0.0360306555214213,22.21506357192993,22.11917682647705,21.83540142059326,1,1,0.069122612533107,0.0618512245491476,1,63.1738940336564,20.42395268901893,0.0425494392837039,2.215880874484936,-0.0004353800001244,0.0349720397300412,-0.0187174548801196,0,,
2025-08-14 04:00:00,22.33420812995274,22.33420812995274,22.285506169590427,22.30498695373535,3162900,-0.0026131619643567,-0.0013083330137937,0.0127179520753542,0.0250055438931717,0.0388514022210928,22.230040073394772,22.12759349822998,21.83856016159057,1,1,0.0656141154921918,0.0626038027377565,1,57.35238979063988,19.83452163139985,0.0439945178156112,2.267050053253517,-0.0030474042460248,0.0348774030741597,-0.0198329835758894,0,,
2025-08-15 04:00:00,22.28550637709799,22.29524676926115,22.246546666235208,22.266027450561523,3289700,-0.0017466723138926,-0.00131044836617,0.011841177714136,0.0177965577099294,0.0310611994278109,22.240641021728518,22.13251968383789,21.841713399887084,1,1,0.0590096732212934,0.0618849768344639,0,53.793451901653846,18.738010418454152,0.0444625284733506,1.6604500885695754,-0.0047887537432919,0.0348981904591717,-0.0123761376489935,0,,
2025-08-18 04:00:00,22.26602657518642,22.27576696696664,22.227065008065537,22.246545791625977,4305200,-0.0008749499199532,-0.0026200939830448,0.0087302636108048,0.0164575248735245,0.0269726101238132,22.24735450744629,22.13783088684082,21.8449112033844,1,1,0.0516086852794721,0.0598297185234655,0,52.053969837494726,17.45415588788558,0.0443097856018607,1.5359815013819984,-0.0056595137435407,0.0348752462401846,-0.0159196496098701,0,,
2025-08-19 04:00:00,22.27576529261241,22.295244216918945,22.26602490156432,22.295244216918945,3086900,0.0021890331087399,0.0004369213894115,0.0082745050310091,0.0191320776760313,0.0333299829377347,22.25407495498657,22.1464400100708,21.848305158615112,1,1,0.0491068319549299,0.0576851412097584,0,55.89340826051515,16.523648464059672,0.0440502798145015,1.7740024192578971,-0.0034828694977648,0.0351422405346145,-0.0091233942454578,0,,
2025-08-20 04:00:00,22.285502796711054,22.324464359104127,22.27576426390233,22.31472396850586,3710600,0.0008737177936868,-0.00217776290342,0.0069441742851585,0.0213747342202914,0.0328582153748799,22.26419734954834,22.154857788085938,21.85189115524292,1,1,0.0481410087422951,0.0557763147162657,0,57.36417206350909,16.043806522035084,0.0436054213629934,1.982407342026024,-0.0026121947491313,0.0352666479756987,-0.0076524868086117,0,,
2025-08-21 04:00:00,22.28550637709799,22.29524676926115,22.23680627407205,22.266027450561523,14963800,-0.0021822594809177,-0.0017466723138926,0.0069532133532403,0.0245788815198486,0.0292361945751655,22.273341560363768,22.16191421508789,21.85523366928101,1,1,0.0429510716457528,0.0532112661021631,0,52.63871432408977,15.011831766405264,0.0435988983342525,2.338088067422243,-0.0047887537432919,0.035331433826912,0.0048302311453671,1,,
2025-08-22 04:00:00,22.29524493819776,22.37316621131366,22.28550454683456,22.35368728637696,5319900,0.0039369319924746,0.0039369319924746,0.0122511568780838,0.0263327832011597,0.0287363656839818,22.284440803527836,22.16956184387207,21.859427337646483,1,1,0.04538821812638,0.0516466565070065,0,59.16055795779151,15.02849707396171,0.044872580889446,2.475641448082533,-0.0008706747486333,0.0349340596549048,-0.0048311930609488,0,,
2025-08-25 04:00:00,22.324466705322266,22.34394748856616,22.304985922078373,22.324466705322266,3680900,-0.0013071928885978,0.0035026073003037,0.0087098714116724,0.0231771664030002,0.0255845646694969,22.296021270751957,22.17507579803467,21.86300037384033,1,1,0.0444494322008424,0.0502072116457737,0,56.37381322359323,15.043972002406978,0.0449261652296363,2.1823833108020283,-0.0021767294973914,0.0350426121421072,0.000278614918469,1,,
2025-08-26 04:00:00,22.32446611228736,22.35368728637696,22.30498532956096,22.35368728637696,7929500,0.0013089038784395,0.0026213244802073,0.0118060747542525,0.0209026071158657,0.0210893948201524,22.303721714019776,22.182529830932616,21.866624612808227,1,1,0.0455383564492883,0.0492734406064766,0,58.480046499065175,15.177672323200293,0.0443092638398936,1.9929193528301112,-0.0008706747486333,0.0349421820759545,-0.0010852061138793,0,,
2025-08-27 04:00:00,22.32446693713818,22.373167037963867,22.304986153692,22.373167037963867,5080200,0.0008714334837627,0.0026190361816929,0.007814915768288,0.0235974905157838,0.0197496141593962,22.31482400894165,22.191341819763185,21.871247844696043,1,1,0.047426486896466,0.0489040498644745,0,59.87095106358893,15.543517231724088,0.0415343088308518,2.2550863278426823,0.0,0.0348931240801052,-0.009905944491269,0,,
2025-08-28 04:00:00,22.373166881865803,22.412128448486328,22.36342649021067,22.412128448486328,6194300,0.0017414347488824,0.0065616104286765,0.0117830292794625,0.0217694516376436,0.0224178389764624,22.3273886680603,22.199383659362795,21.87549645423889,1,1,0.0514733513409559,0.0494179101597708,1,62.57165535257867,16.342351361991064,0.0407030494250005,2.1035253128159668,0.0,0.0348305406004525,-0.0107626179410827,0,,
2025-08-29 04:00:00,22.39264869689941,22.41212948110724,22.373167912691592,22.39264869689941,4826000,-0.0008691611611851,0.001742952293432,0.0104605006085036,0.0190870764913577,0.0170876521653249,22.329336738586427,22.20664855957031,21.879410400390626,1,1,0.0525034404362187,0.0500350162150604,1,60.38354024191193,17.084137959078177,0.0410036320436128,1.8505838778430104,-0.0008691611611851,0.0350090500752461,-0.0098567806435658,0,,
2025-09-02 04:00:00,22.33208099312496,22.35161770509738,22.31254241785145,22.34185028076172,7891600,-0.002268530928399,0.0007786781950454,-0.0005295325761514,0.0200117487713511,0.012529240744227,22.32777090072632,22.212703781127928,21.88326014518738,1,1,0.0486598651872114,0.0497599860094906,0,54.98373383442114,16.62289395255239,0.0292850741803525,1.9508980615805631,-0.0031357203706083,0.0351904022437327,-0.0294863491771242,0,,
2025-09-03 04:00:00,22.35161872280453,22.429771164155905,22.341851298024142,22.410234451293945,5177800,0.0030608105270095,0.0025296571519746,0.0016567798947364,0.0240393620170968,0.0182859429873709,22.329624271392824,22.219158477783203,21.888021259307862,1,1,0.0505491361862908,0.0499178160448506,1,60.150013289567255,17.151750884227635,0.0310566778475397,2.3190073844584007,-8.450768951895338e-05,0.0351078443385681,-0.0179021188531322,0,,
2025-09-04 04:00:00,22.44930854752051,22.468847122645503,22.4102332605716,22.459077835083008,4556800,0.002179512396232,0.0038399032632869,0.0038399032632869,0.0199530103665117,0.0245266370704533,22.334893798828126,22.22542797088623,21.89307404518128,1,1,0.0553496140384091,0.0510041756435623,1,63.38246723957665,18.048212339987508,0.0318918602454796,2.0054400197395084,0.0,0.0348927510233999,-0.0288676868040376,0,,
2025-09-05 04:00:00,22.586078492434986,22.605615205800603,22.56653991576814,22.57630920410156,5117900,0.0052197766034465,0.0073255316197475,0.0099590691626196,0.027083569969613,0.0298744372402413,22.3469988822937,22.23365478515625,21.898665533065795,1,1,0.0678316974734514,0.0543696800095401,1,69.72920759736516,19.983857258975643,0.0360593348039028,2.6432908586217847,0.0,0.0351767605106061,-0.0126044441599838,0,,
2025-09-08 04:00:00,22.634924236657834,22.65446281433105,22.61538565898461,22.65446281433105,4703100,0.0034617531821938,0.0116919673494406,0.0143392273507869,0.0361162777754613,0.0347988855240091,22.364959812164308,22.24228271484375,21.904600305557253,1,1,0.0830725728044114,0.0601102585685144,1,73.07917039177374,22.086543077796584,0.0371298665405178,3.612511227827779,0.0,0.0352120339361877,-0.0115808893815388,0,,
2025-09-09 04:00:00,22.634919661733644,22.654458235457767,22.58607509072428,22.60561180114746,5310400,-0.0021563527497411,0.0118057151521091,0.0139207976915987,0.0325103724950832,0.0271635836638377,22.379991054534912,22.25090190887451,21.91019595146179,1,1,0.0901697866381923,0.06612216418245,1,68.01259234683627,23.527386447083494,0.0374944052125071,3.231872696460611,-0.0021563527497411,0.0350550598515587,-0.0065811447788999,0,,
2025-09-10 04:00:00,22.63492217933649,22.66423004318249,22.61538360343916,22.64469146728516,3717200,0.0017287594992547,0.0104620510107014,0.0152299803740938,0.0333810289314902,0.031638737967963,22.39795026779175,22.258753395080568,21.915797204971312,1,1,0.0978201721356022,0.0724617657730804,1,69.8154748702184,24.93509930233826,0.0376637225978999,3.310953684581943,-0.0004313210657862,0.0350144399756434,-0.0101270745349018,0,,
2025-09-11 04:00:00,22.66422854767668,22.71307312089583,22.654459260372647,22.673995971679688,5580400,0.0012941004048063,0.0095693215088714,0.0174323503614848,0.0319821739044379,0.0356911110259243,22.413478755950926,22.2676570892334,21.92168730735779,1,1,0.1050369853729051,0.0789768096930454,1,71.12952094544178,26.580729827850007,0.037252576435026,3.191104934199231,0.0,0.0347707976432393,-0.0056816952328602,0,,
2025-09-12 04:00:00,22.63492217933649,22.64469146728516,22.60561431549049,22.64469146728516,3680000,-0.0012924278733722,0.0030289389893356,0.0125770200043056,0.0270274712465199,0.0311879384344928,22.430463981628417,22.2769458770752,21.92752578735352,1,1,0.1071564998336427,0.0846127477211648,1,67.94412909073415,27.23696982748517,0.0366152895565178,2.728001691820195,-0.0012924278733722,0.0347374857578046,-0.0067068999705827,0,,
2025-09-15 04:00:00,22.664230346679688,22.68376705953748,22.6544610586002,22.664230346679688,3760400,0.0008628459090624,0.0004311526796592,0.016105967409417,0.0310834425873458,0.0347912967199632,22.45037412643433,22.28779071807861,21.93341452598572,1,1,0.1091545884388196,0.0895211158646958,1,68.94280631747533,28.150746405812495,0.034704446232659,3.1794769876904128,-0.0004306971304131,0.0345833388049274,-0.0084313694057736,0,,
2025-09-16 04:00:00,22.66422869993866,22.70330398611629,22.66422869993866,22.68376541137696,5741300,0.0008619337342787,0.003457265873491,0.0187612254472855,0.0342503362471566,0.0347763191198364,22.472235107421877,22.300191535949708,21.938451890945437,1,1,0.1110344682798185,0.0938237863477204,1,69.95078328163402,29.147005915521085,0.0334821143862974,3.530657707965492,0.0,0.0346608681845355,-0.0068004177727745,0,,
2025-09-17 04:00:00,22.71307461962466,22.742382483470653,22.625152891387827,22.64469146728516,7954700,-0.0017225510572508,0.0,0.0178969660903065,0.0288347999644356,0.031638737967963,22.489707469940186,22.31200519561768,21.943436241149904,1,1,0.1081249487601176,0.0966840188301998,1,65.38000233251498,30.358146973787846,0.0341660777257072,3.0007028213160627,-0.0017225510572508,0.0346442094889359,-0.0066246629387927,0,,
2025-09-18 04:00:00,22.586078492434986,22.615384494134027,22.55677062743472,22.57630920410156,5028200,-0.0030197922229319,-0.0043083172326634,0.0126064995946231,0.0248261607695123,0.0262796883553964,22.50278673171997,22.320703163146973,21.94779396057129,1,1,0.0991582221729459,0.097178859498749,1,58.21121945904724,30.27945285785171,0.0362874484692423,2.550552961762612,-0.0047371415338964,0.0343789509765914,-0.0217200026637819,0,,
2025-09-19 04:00:00,22.57630554235266,22.59584225254953,22.55676696885486,22.58607482910156,3704300,0.0004325607393003,-0.002588537727188,0.0121601710591927,0.0248188852626995,0.0258284822450947,22.518789100646973,22.32979061126709,21.951820888519286,1,1,0.0917820250214802,0.0960994926032953,0,58.90422848299765,30.2063184125774,0.0362775788792607,2.5498220767918967,-0.0043066298960401,0.0342243164043081,-0.0295557312991243,0,,
2025-09-22 04:00:00,22.576306839591872,22.576306839591872,22.537229690350888,22.546998977661133,8055300,-0.0017300859815658,-0.005172528130245,0.0126188440090386,0.0208035933024015,0.024947296520001,22.52845468521118,22.33965042114258,21.95559058189392,1,1,0.0818398422377981,0.0932475625301959,0,54.97558903671603,29.798644581486144,0.0358756365273837,2.1416465351538765,-0.006029265037595,0.0340042279758644,-0.0375644491969821,0,,
2025-09-23 04:00:00,22.576305803862223,22.60561180114746,22.54699794327604,22.60561180114746,4977000,0.0025995842526271,-0.0034453543674145,0.0112699310652,0.0207720068619616,0.0321149225473007,22.54251194000244,22.35068248748779,21.9598912525177,1,1,0.0777934018479236,0.0901567303937414,0,59.354599512938094,29.72268673659285,0.034584045869314,2.138858191826444,-0.0034453543674145,0.0342792260743265,-0.0187448463490083,0,,
2025-09-24 04:00:00,22.5763090526722,22.586078340940087,22.547001187868503,22.566539764404297,4036600,-0.0017284219992302,-0.003451215177463,0.0108433971694525,0.0181173852773131,0.0294287799753887,22.55315456390381,22.362292709350587,21.96361590385437,1,1,0.0706197216672528,0.0862493286484437,0,55.480869949673576,29.652154452049075,0.0348962970031118,1.8609323064969856,-0.005167821340361,0.0343292000371025,-0.0203584168358107,0,,
2025-09-25 04:00:00,22.5274600982666,22.54699867262276,22.49815410003338,22.5274600982666,4054000,-0.0017317526987162,-0.002163733026215,0.0077737873695471,0.0136971992879415,0.0294488543111179,22.560869216918945,22.372344398498534,21.96714515686035,1,1,0.0610770675697907,0.0812148764327131,0,51.83683233503921,28.68684934575378,0.0356081881822352,1.4176496884585628,-0.0068906246505248,0.034428586549873,-0.0146984388371946,0,,
2025-09-26 04:00:00,22.5372314453125,22.566539309525425,22.507925444400755,22.5372314453125,3834500,0.0004337527179396,-0.0021625441409645,0.0073330882065216,0.0163510725703568,0.030347195438708,22.56712436676025,22.38297988891601,21.970485343933102,1,1,0.0536840748923062,0.0757087161246317,0,52.67383942865455,28.03280459032617,0.0355629667822774,1.6994725938207829,-0.0064598607597556,0.0342473122468203,-0.0185082835174729,0,,
2025-09-29 04:00:00,22.54699768210596,22.59584225254953,22.54699768210596,22.58607482910156,18377000,0.0021672308733917,0.0017330843665332,0.007761261096421,0.0150079055293101,0.0262758542629641,22.576795673370363,22.393621215820318,21.974355268478394,1,1,0.0511763981407895,0.0708022525278633,0,56.72250751549385,27.77793963013328,0.0358026040550622,1.576862016049554,-0.0043066298960401,0.0342253483089285,-0.0173753344361285,0,,
2025-09-30 04:00:00,22.59584225254953,22.62515011279624,22.56653625560376,22.58607482910156,11886900,0.0,-0.0008642531871183,0.0086379300108847,0.0160720949411026,0.0235974599558907,22.589006900787357,22.403097190856933,21.978463077545165,1,1,0.0486284873167726,0.0663674994856451,0,56.72250751549385,27.875559244926457,0.0355490710025103,1.6901940761366685,-0.0043066298960401,0.0340969097928414,-0.0260544139427989,0,,
2025-10-01 04:00:00,22.63996002425654,22.659551818717016,22.60077269822648,22.630163192749023,9131400,0.0019520153006249,0.0028193701386636,0.0129046121231761,0.0202843103869345,0.0233185810444545,22.60000333786011,22.412483749389647,21.98302924156189,1,1,0.0495951105539731,0.0630130216993107,0,60.27972750503838,28.333798285980716,0.0345310544882602,2.133774089640057,-0.0023630212028664,0.0340474515646548,-0.0324790455977656,0,,
2025-10-02 04:00:00,22.62036689004429,22.65955234843585,22.610570058307754,22.649757385253903,4385200,0.0008658440656388,0.0054288093932397,0.0106881047800071,0.0238572176095221,0.025097060538584,22.60953731536865,22.42323337554932,21.98807406425476,1,1,0.0513503194945741,0.0606804812583634,0,61.783185145829066,28.759311619823983,0.0333888124555987,2.5324234876342504,-0.0014992231451131,0.0340377265746754,-0.0304808735498773,0,,
2025-10-03 04:00:00,22.659550598187096,22.66934742916692,22.61056831184245,22.620365142822266,4195200,-0.001297684647641,0.0036887271496275,0.0071813860267813,0.0252287697188371,0.0162388817143195,22.611740112304688,22.433977813720706,21.99330499649048,1,1,0.0497956140603861,0.0585035078187679,0,58.22306947565329,29.264362664081897,0.0333688420517951,2.6994777941647,-0.0027949622738953,0.0339940583420318,-0.0257558563028025,0,,
2025-10-06 04:00:00,22.581181301216155,22.610571798688014,22.56158950478965,22.57138633728028,3708600,-0.0021652526487854,-0.0006503339749125,-0.0002180545445571,0.0234595834934754,0.011850561306151,22.607586288452147,22.442771492004397,21.998243465423585,1,1,0.0441029274341246,0.0556233917418393,0,52.766584650488056,28.646687045807884,0.0293316396814653,2.49265392479812,-0.0049541631232139,0.0337992408026499,-0.0391599365024225,0,,
2025-10-07 04:00:00,22.590974649882806,22.639958804781905,22.581177818902987,22.620365142822266,3582100,0.0021699511412416,0.001518205973378,-0.00150511940134,0.0216316078010585,0.0237668078207811,22.608323955535887,22.45332164764404,22.003379220962525,1,1,0.0430473890387261,0.0531081912012167,0,57.096643581242056,28.45578842660718,0.0277018609880664,2.3343872266783774,-0.0027949622738953,0.0339986331728343,-0.0344598317027754,0,,
2025-10-08 04:00:00,22.64975563576173,22.64975563576173,22.600771480862623,22.620365142822266,5225600,0.0,-0.0004329641745534,0.0006526406719085,0.0220797618901931,0.028247178789208,22.607107639312744,22.46173538208008,22.00915919303894,1,1,0.0417298317313488,0.0508325193072431,0,57.096643581242056,28.403604244053383,0.0266427035978658,2.383592715892576,-0.0027949622738953,0.033797099298318,-0.0358852775766885,0,,
2025-10-09 04:00:00,22.610567092895508,22.620363923347178,22.59097343199217,22.610567092895508,36052000,-0.0004331517137275,-0.0017302742670396,-0.0015069480826864,0.0252361655440291,0.0291529031144022,22.60393619537353,22.470924301147463,22.01517650604248,1,1,0.0394403930293449,0.0485540940516635,0,55.90755078114172,28.12848012062362,0.025951928220323,2.7772242810821868,-0.0032269033449242,0.0338806124449848,-0.0323817125576584,0,,
2025-10-10 04:00:00,22.669344820694867,22.74771759096093,22.65954799084233,22.7379207611084,8518500,0.005632484479034,0.0051968930450017,0.0028192996730067,0.0310107923338003,0.0408791421029317,22.608597660064696,22.482466011047364,22.02163970947265,1,1,0.0473564770600951,0.0483145706533498,0,65.85991502139436,29.263601886966928,0.0323813791755477,3.267478721221363,0.0,0.0350179023056249,0.0071066722403363,1,,
2025-10-13 04:00:00,22.718332093339978,22.74772071838379,22.688941599741675,22.74772071838379,4429900,0.0004309961925874,0.0078122973249661,0.0045498191594914,0.0346443670436333,0.0436277781841945,22.6127721786499,22.4903466796875,22.028438234329226,1,1,0.0538006252194307,0.049411781566566,1,66.48678226097394,30.31767081316532,0.0319711859844795,3.710807286133805,0.0,0.0345035695399871,-0.0067338269513338,0,,
2025-10-14 04:00:00,22.757512893762176,22.786903381347656,22.73791923537185,22.786903381347656,26636000,0.0017224874284746,0.007362314333738,0.0054126274217796,0.0345985036603113,0.0403705829816347,22.61792907714844,22.498621406555177,22.035384941101075,1,1,0.0613620292249237,0.0518018310982375,1,68.9422561984329,31.633563977127825,0.0323263240314001,3.706584284750337,0.0,0.0346052772078832,0.0006343633585965,1,,
2025-10-15 04:00:00,22.7771105227679,22.806501015476872,22.737923199155933,22.75751686096192,26147700,-0.0012896232495457,0.0060631964724571,0.003251287793162,0.0341760654689349,0.0372050083865742,22.623570346832278,22.506308403015137,22.042089281082152,1,1,0.0642426999195358,0.0542900048624972,1,65.09035833512769,33.014514666669754,0.0326780347065371,3.655129602990402,-0.0012896232495457,0.0344078947914823,-0.0072985301956766,0,,
2025-10-16 04:00:00,22.747721419750544,22.845687866210938,22.73792458824905,22.845687866210938,16586200,0.0038743684465973,0.0103987119097648,0.0088760935081035,0.0358973010689935,0.0380353789585015,22.637039279937746,22.516148414611816,22.04947308540344,1,1,0.072801109572854,0.0579922258045685,1,70.42886277450242,34.59641916184743,0.0343324946165435,3.78907391895794,0.0,0.0347780512649169,0.003863323134094,1,,
2025-10-17 04:00:00,22.816298219613056,22.82609318212184,22.786907726423305,22.806501388549805,21352400,-0.0017152680142797,0.003016134507721,0.0101961831921768,0.0313954705003389,0.0385262679375928,22.64806060791016,22.52559429168701,22.05623147010803,1,1,0.0755507871849872,0.0615039380806523,1,65.6255353114481,36.06533047879813,0.0329538961488795,3.3206238038121074,-0.0017152680142797,0.0345224346519538,0.0041735908538926,1,,
2025-10-20 04:00:00,22.83589172363281,22.83589172363281,22.81629992859332,22.83589172363281,17149100,0.0012886823183568,0.0038760369155474,0.0110606600049587,0.0304616883530457,0.0439836444727195,22.66250524520874,22.53640724182129,22.060750799179075,1,1,0.0791886435294912,0.0650408791704201,1,67.42023763351466,37.50684516366671,0.0330698970437367,3.234418920075523,-0.0004287961314842,0.0342111112817963,-0.0003858403585271,0,,
2025-10-21 04:00:00,22.875076293945312,22.884873124561658,22.865279463328964,22.875076293945312,13968300,0.0017159203059258,0.0038694556746938,0.0145508196726857,0.0344966847378906,0.0448554724951897,22.675978469848637,22.547809028625487,22.06789978027344,1,1,0.0842622158638768,0.0688851465091114,1,69.69222430894038,39.20569162565297,0.0322521301167696,3.684612975565468,0.0,0.0342703256037662,0.0078254277112432,1,,
2025-10-22 04:00:00,22.86527877587983,22.88487243652344,22.855481945558022,22.88487243652344,12077100,0.0004282452417752,0.0055961982293415,0.012353597762915,0.0363050311165376,0.0439256098865012,22.69189510345459,22.55979633331299,22.075240898132325,1,1,0.0880584424185464,0.0727198056909984,1,70.25076947405958,40.50401873511968,0.0315006975877291,3.89350216110042,0.0,0.0344641777601459,0.0053954452010775,1,,
2025-10-23 04:00:00,22.845686154876407,22.85548298564404,22.81629753112793,22.81629753112793,9770300,-0.0029965168294348,-0.0012864718827957,0.0110676146777979,0.030932781172668,0.0366999756301242,22.706336975097656,22.568853759765624,22.082286863327028,1,1,0.0845588161558268,0.0750876077839641,1,61.681323946511846,40.64720911013301,0.0329480337091136,3.2820335577538158,-0.0029965168294348,0.0341583499728887,-0.0049768146076567,0,,
2025-10-24 04:00:00,22.84568855542986,22.84568855542986,22.80650309679627,22.83589172363281,14076200,0.0008587805483404,0.0012886823183568,0.0136913626312422,0.0336323342271702,0.034873948526608,22.72126998901367,22.579471855163572,22.08981255531311,1,1,0.0824163799827921,0.0765533622237297,1,63.067619329925954,40.527641125329566,0.0319169706548749,3.588214956048027,-0.0021403096314602,0.0339105481335901,-0.0150467523705194,0,,
2025-10-27 04:00:00,22.816299240261007,22.845687866210938,22.786908745756524,22.845687866210938,12830500,0.0004289800764816,0.0004289800764816,0.0136865267433987,0.0290999460865493,0.0321655750170453,22.734250640869146,22.591065063476563,22.097244062423705,1,1,0.0805800737852777,0.0773587045360393,1,63.77326532693939,39.91296637170872,0.03191738176471,3.203385665063878,-0.0017122477051682,0.0335295234215214,-0.0209589827115702,0,,
2025-10-28 04:00:00,22.83588653494969,22.86527702366285,22.82608970537864,22.8554801940918,13815500,0.0004286291547974,-0.0008566572457159,0.0119279408674906,0.0317978963741287,0.0294734724143197,22.74772090911865,22.60324375152588,22.105249452590943,1,1,0.0790042352701938,0.0776878106828702,1,64.50336523472399,39.59406453981724,0.0314403243909585,3.533376240197523,-0.0012843524696573,0.0334550386051783,-0.0225069938455321,0,,
2025-10-29 04:00:00,22.855483301437395,22.855483301437395,22.737923199155933,22.75751686096192,6504500,-0.0042862076096396,-0.0055650550779678,0.0075906076269374,0.0269250498766639,0.0241726870413474,22.754088592529296,22.61248920440674,22.11281273841858,1,1,0.0690545319643121,0.0759611549391586,0,52.99637906791528,37.35644370269888,0.0356392953410651,2.8999494581339977,-0.0055650550779678,0.0332956485660719,-0.0234995262514299,0,,
2025-10-30 04:00:00,22.69873603538239,22.74771831765562,22.688939205216883,22.728126525878903,5849300,-0.0012914561488661,-0.0038643870737018,0.0043288831943231,0.016750670021681,0.0275825850297897,22.758007049560547,22.6207572555542,22.120276803970334,1,1,0.0581277059834022,0.0723944651480073,0,50.10826557068352,34.92659432420743,0.0355877149130713,2.031380246467925,-0.0068493242022349,0.0336224330542461,-0.012483122550349,0,,
2025-10-31 04:00:00,22.728126525878903,22.73792148749012,22.70853286554789,22.728126525878903,4165300,0.0,-0.0047191149379282,0.0034600432707514,0.015865410887637,0.0320875095945523,22.76339511871338,22.629999237060545,22.12697735786438,1,1,0.048904378437296,0.067696447805865,0,50.10826557068352,32.67030561560822,0.0355123964440587,1.9267917731333517,-0.0068493242022349,0.0335125086834921,-0.015430463313437,0,,
2025-11-03 05:00:00,22.692762110692545,22.72223203064724,22.68293817946655,22.71240997314453,5390300,-0.000691502342548,-0.0058338314804486,0.004069113373772,0.0151629375762949,0.0331856677535735,22.770446300506592,22.637173690795898,22.13336074829101,1,1,0.0398670677093981,0.0621305717865717,0,48.470077001294825,30.996332558365744,0.0352585802478647,1.8400519840139795,-0.0075360902210521,0.0334266004219195,-0.0166928559809727,0,,
2025-11-04 05:00:00,22.72223173296521,22.74187959515979,22.71240967559119,22.7320556640625,7128000,0.0008649760611576,-0.0054002160086404,0.0071182746323761,0.016926441389208,0.0322659323272023,22.776030826568604,22.645325469970704,22.139842367172243,1,1,0.0338994056714909,0.0564843385635555,0,50.64229867584768,29.067366499855957,0.034250041264473,2.0538012497095792,-0.0066776326975304,0.0338568370008043,0.0017040678070467,1,,
2025-11-05 05:00:00,22.70258601281752,22.70258601281752,22.633820368047,22.64364242553711,6156400,-0.0038893639815058,-0.0050038163706755,0.0010290409800139,0.013854751294178,0.0264507692637574,22.777194690704345,22.651124572753908,22.145595569610595,1,1,0.021784661050912,0.0495444030610268,0,42.051051989711375,28.45130854740108,0.0365271220694455,1.6395739334867223,-0.0105410249349406,0.0336086882532476,-0.0114694293033585,0,,
2025-11-06 05:00:00,22.71240967559119,22.74187959515979,22.70258574449389,22.7320556640625,5190200,0.0039045501984116,0.0001728755856371,0.0049376091205881,0.0195921355645916,0.0363549407568308,22.78326911926269,22.65830234527588,22.15198172569275,1,1,0.0190977016886613,0.0434550627865537,0,51.00264099776837,27.15253736306913,0.0388858541652959,2.2691964350032365,-0.0066776326975304,0.0341058480721013,0.0091353630990056,1,,
2025-11-07 05:00:00,22.712410496236703,22.771352211226866,22.712410496236703,22.74188041687012,7788300,0.0004321981677686,0.0006051484699172,0.0058076086033185,0.0195872548161972,0.0358910919045416,22.783467102050786,22.66489738464356,22.158655605316163,1,1,0.0175586374357834,0.0382757777163996,0,51.89196741134678,25.44343731460295,0.0388133016713849,2.268645231598173,-0.0062483205903787,0.0340870296180627,0.0060924864747675,1,,
2025-11-10 05:00:00,22.71240997314453,22.732055961873225,22.70258604191854,22.71240997314453,4528700,-0.0012958666207623,0.0,-0.0011219490221595,0.0191560715726017,0.0395773540628774,22.78170156478882,22.671292610168457,22.164943532943724,1,1,0.0138018008443268,0.0333809823419851,0,49.01792502550859,24.01136612318929,0.033878382381381,2.2151534167790143,-0.0075360902210521,0.0335198028626939,-0.0427809590036554,0,,
2025-11-11 05:00:00,22.76152883625191,22.771352767944336,22.74188097286705,22.771352767944336,3374100,0.0025951801182479,0.0017287087653916,0.0010388754923233,0.0182407899239189,0.0431971774447934,22.78092403411865,22.67988265991211,22.17100124359131,1,1,0.0154031142014972,0.0297854087138875,0,54.45161379364241,22.5738530486254,0.0350749410747005,2.1288203204466525,-0.004960467614315,0.0335300344929389,-0.0282154878474222,0,,
2025-11-12 05:00:00,22.7615277509553,22.79099954462733,22.75170381973129,22.78117561340332,10545100,0.0004313685514902,0.0060738102678703,-0.0002513622780805,0.0213489772782953,0.0468883639598738,22.782106971740724,22.687301483154297,22.177108068466183,1,1,0.0172657591851645,0.0272814788081429,0,55.30650884387499,21.54977503340188,0.0345817378639121,2.522145163770632,-0.0045312388525541,0.0335258415507908,-0.0311928048028043,0,,
2025-11-13 05:00:00,22.732055961873225,22.761527755551207,22.71240997314453,22.71240997314453,7087300,-0.0030185290445823,-0.0008642285241728,-0.0019820654464618,0.0200476947930714,0.0382010324603367,22.7754430770874,22.69236812591553,22.18301424980164,1,1,0.0130427574943396,0.0244337345453823,0,48.45069962506685,20.108954636616303,0.0358821647901781,2.3426425125375814,-0.0075360902210521,0.0339886511811262,-0.0121845179106931,0,,
2025-11-14 05:00:00,22.761529110180778,22.771353041991432,22.67311559760829,22.682939529418945,5316600,-0.0012975480699948,-0.0025917332415243,-0.0071238098736654,0.0196162470291112,0.0363966067760423,22.76926498413086,22.69450073242188,22.1885821723938,1,1,0.007234583935169,0.0209939044233396,0,45.82877275994933,19.386131628558285,0.0330388154790815,2.2884154947446307,-0.0088238598517254,0.0339501092396879,-0.023806452492761,0,,
2025-11-17 05:00:00,22.70258522033692,22.712409151207392,22.69276128946644,22.70258522033692,5108300,0.000866099867369,-0.000432572008837,-0.004556427417011,0.0182703091051523,0.0377519357541487,22.762599658966064,22.695463180541992,22.19434377670288,1,1,0.0041687528274501,0.0176288741041617,0,47.85459745463023,18.71493883536155,0.0328930664439105,2.1458774837673182,-0.0079654023282035,0.0342990583183058,-0.0064704687227294,0,,
2025-11-18 05:00:00,22.75170461330352,22.761528544870178,22.69276289762688,22.72223281860352,4599500,0.0008654344021139,-0.002157094040103,-0.0049772045867455,0.0182618817365969,0.0400269588253705,22.75495748519897,22.697795600891112,22.20012226104736,1,1,0.0032865710198457,0.0147604134872985,0,49.87355388585378,17.547380061303862,0.0326812053508867,2.1449397085859783,-0.007106861459291,0.034619460651024,0.0119361620809128,1,,
2025-11-19 05:00:00,22.74187989309922,22.75170382432521,22.70258604191854,22.71240997314453,5685900,-0.0004323010655424,-0.0030185290445823,-0.0071110722740556,0.0200476947930714,0.0451193262279849,22.74633436203003,22.6991499710083,22.20566017150879,1,1,0.001774360324628,0.0121632028547644,0,48.8551184120774,16.463218342536006,0.0319029160030162,2.3743266297897567,-0.0075360902210521,0.0344713249936568,0.0058651146830219,1,,
2025-11-20 05:00:00,22.722230385728828,22.771350038302906,22.722230385728828,22.76152610778809,4697000,0.0021625241311526,0.0021625241311526,-0.0053898630668569,0.0182448119715659,0.0450580318509188,22.74359579086304,22.70090057373047,22.210965061187743,1,1,0.0044874554458118,0.0106280533729739,0,53.92186987866991,15.801962730468992,0.0329752941150168,2.202390248525901,-0.0053898630668569,0.0350805768286825,0.0178852103429387,1,,
2025-11-21 05:00:00,22.810645235416988,22.810645235416988,22.76152745366177,22.80082130432129,5822000,0.0017263867258774,0.0051969355536769,-0.0006782970280575,0.0213377817838513,0.0450094975059269,22.74184226989746,22.704023170471192,22.21651426315308,1,1,0.0096966202306347,0.0104417667445061,0,57.545555820792586,15.827015541462046,0.0320746603225623,2.5721354806992287,-0.0036727813290323,0.034794543267003,0.0186248251048184,1,,
2025-11-24 05:00:00,22.83029283356997,22.84011676455205,22.800821040623727,22.82046890258789,6105500,0.0008617057256126,0.0051925223980824,-0.0006753763431518,0.0208816384621881,0.0422207262627645,22.74058132171631,22.707147941589355,22.22249672889709,1,1,0.0152347016732825,0.0114003537302613,1,59.27028824743573,16.282990697000947,0.032075683630824,2.521164039622916,-0.00281424046012,0.0343193956568117,0.0120566474363945,1,,
2025-11-25 05:00:00,22.8499409897116,22.88923484042256,22.8499409897116,22.86958885192871,4999400,0.0021524513606838,0.0064851035768169,0.0010461924306128,0.0221882674510269,0.0463093453975482,22.741286754608154,22.71086441040039,22.228724794387816,1,1,0.0233184400538455,0.0137839709949782,1,63.28600721127119,17.344217512674355,0.032930801820838,2.6615457639395816,-0.0006678466151438,0.0340727782262875,0.0162022823270244,1,,
2025-11-26 05:00:00,22.849942596720865,22.889236450195312,22.820470801322475,22.889236450195312,4948600,0.000859114625707,0.0077854563764858,0.0014769436396369,0.0212879380379067,0.0435208164131317,22.747872734069823,22.715755310058597,22.23524257659912,1,1,0.0309534458826306,0.0172178659725087,1,64.78174693402732,17.68284600396204,0.0330264889451624,2.5632092591383,0.0,0.0338682418016208,0.0123510004373035,1,,
2025-11-28 05:00:00,22.879413869619952,22.889235927471702,22.8401181433195,22.859766006469727,3471900,-0.0012875241072244,0.0043160506117392,0.0044929834011551,0.0208602973186908,0.0403455359006028,22.754454708099367,22.72142444610596,22.242187328338623,1,1,0.0342316236463595,0.0206206175072788,1,60.78175138769972,17.99728674587203,0.0294837638997704,2.50714212765722,-0.0012875241072244,0.0336410093252934,0.0103725493899333,1,,
2025-12-01 05:00:00,22.778975800724428,22.788826644841446,22.75927035406073,22.76912307739257,6166600,-0.0039651730928259,-0.0013902230321285,0.0018037805037292,0.0191243245864365,0.0395187845368332,22.75650453567505,22.725085411071777,22.24805667877197,1,1,0.0291791175958771,0.0223323175249985,1,50.46132891600689,16.71854800313275,0.0325052039200152,2.2544510695579767,-0.005247591944104,0.0336612977376823,0.0011559152597153,1,,
2025-12-02 05:00:00,22.759270993212603,22.788827284823352,22.73956554599552,22.778976440429688,5119600,0.0004327510990924,-0.001818212515059,0.0022373121908172,0.0164541781094329,0.0408890880707961,22.759832859039307,22.729724960327147,22.25364027023316,1,1,0.0256740991650303,0.0230006738530048,1,51.42683694093582,15.840341085369571,0.0325250346364806,1.9711231414003052,-0.004817111746193,0.0336136022368073,0.003016591633588,1,,
2025-12-03 05:00:00,22.80853271484375,22.818385438444864,22.778976423255283,22.80853271484375,3681600,0.0012975242540576,-0.0026697522845852,0.0042321683085535,0.0155596272619378,0.0358230990325063,22.76365671157837,22.733783378601075,22.25980237007141,1,1,0.0249931852574789,0.0233991761338997,1,54.30384503370149,14.899883063243378,0.032638281924492,1.8744615319979108,-0.0035258378114606,0.0335410717579409,0.0034245581236673,1,,
2025-12-04 05:00:00,22.78882600430543,22.78882600430543,22.74941699130056,22.75926971435547,6280700,-0.002159849609976,-0.0056780721420147,0.0011971662701844,0.0081040930384082,0.0354071507788671,22.769438076019288,22.737637977600095,22.26557457923889,1,1,0.0202450710714998,0.0227683551214197,0,49.08527213422543,14.144836608895591,0.0335351085537396,1.0244698465680753,-0.0056780721420147,0.0334441785146678,-0.0121883354350758,0,,
2025-12-05 05:00:00,22.76912433544635,22.76912433544635,22.71000799218893,22.729713439941406,12439100,-0.0012986477503458,-0.0056891468832844,0.0038011117110394,0.0033216689456327,0.0395579130394125,22.769320964813232,22.741683044433596,22.271055421829224,1,1,0.0139365600486414,0.021001996106864,0,46.21565598055874,14.053250992977668,0.0307793033572541,0.4378372843600527,-0.0069693460767471,0.0333374206487144,-0.0080713535288595,0,,
2025-12-08 05:00:00,22.71000737048838,22.71986009409489,22.650892908064183,22.690303802490234,4709700,-0.0017338378486514,-0.0034616737163936,-0.0018366953780722,0.0037465033942798,0.0363786761102653,22.76674213409424,22.744744491577148,22.275860605239867,1,1,0.005691384492767,0.0179398737840446,0,42.63641667521564,14.75208305409336,0.028284303016687,0.4933760700427965,-0.0086911002093903,0.0333799014543988,-0.0212851067701899,0,,
2025-12-09 05:00:00,22.72971153550553,22.72971153550553,22.670597076416016,22.670597076416016,9140800,-0.0008685086918958,-0.0047578680410464,-0.0031344523472749,0.001144003625233,0.0345632205748347,22.76465148925781,22.74643493652344,22.28037582397461,1,1,-0.0024054164927491,0.0138708157286859,0,40.92941527193854,15.20548707273356,0.0283428582639315,0.1620883130936997,-0.0095520606052121,0.0333797192593852,-0.0207501318420145,0,,
2025-12-10 05:00:00,22.67059897589892,22.73956616381764,22.67059897589892,22.729713439941406,4971500,0.0026076226985167,-0.0034556924764848,0.0007618507598856,0.0024573290182865,0.0345180936467275,22.762569522857667,22.749307708740236,22.28456439971924,1,1,-0.0040058165677763,0.0102954892693934,0,47.6945718995645,15.42533158365822,0.0295507624303424,0.327248600443618,-0.0069693460767471,0.0332462658352324,-0.0081604605069434,0,,
2025-12-11 05:00:00,22.769123065610128,22.788826633048803,22.72971217230313,22.739564895629883,10836700,0.0004334175049987,-0.0008657931020149,-0.0013959588891531,0.0041896542720305,0.0313303612789206,22.760488986968998,22.75149574279785,22.288562908172608,1,1,-0.004428169830124,0.0073507574494899,0,48.74797595920421,14.689392638036852,0.0281072162295558,0.548348030813293,-0.0065389492083364,0.0331834591605631,-0.0103362653100994,0,,
2025-12-12 05:00:00,22.680450439453125,22.69030316278186,22.67059771612439,22.680450439453125,5526600,-0.0025996300478079,-0.0021673392679784,-0.0044214212496976,0.0007156692517384,0.0318213573031822,22.758891010284422,22.752109603881834,22.29236159324646,1,1,-0.0094242930232155,0.0039957473549488,0,43.13428152839426,14.858015835579671,0.0293656932646423,0.1056633319725478,-0.0091215804073012,0.0334569222312808,-0.0020557073684664,0,,
2025-12-15 05:00:00,22.71986073408051,22.739566181848605,22.690304441643296,22.700157165527344,4715900,0.0008688860094214,0.0004342543459479,-0.0005394763317355,0.0007226205108858,0.0349977067535196,22.759751892089845,22.75370544433594,22.29578018188477,1,1,-0.0116591886811292,0.0008647601477332,0,45.39192077595083,14.16692086927393,0.0277217145501995,0.106535624886116,-0.0082606200114794,0.0335366626167477,-0.0132982201020516,0,,
2025-12-16 05:00:00,22.69030379625904,22.749418258666992,22.680451072655227,22.749418258666992,8845800,0.0021700771840671,0.0034768022203073,0.0029307810463377,0.0046247833198844,0.0335929379862278,22.762093544006348,22.75726608276367,22.29920033454895,1,1,-0.0093476472090294,-0.0011777213236193,0,50.66466106319094,13.669937104356553,0.0283111261236249,0.5946798925210341,-0.0061084690104254,0.0337015223516006,-0.0073221233643837,0,,
2025-12-17 05:00:00,22.72971281145938,22.749418258666992,22.71986008785557,22.749418258666992,4508900,0.0,0.0008669189243257,0.0020628945063103,0.0076677304957351,0.0326842515752716,22.76345281600952,22.759847145080567,22.302908420562744,1,1,-0.0074300845490213,-0.0024281939686997,0,50.66466106319094,13.208452179790411,0.0281902999609975,0.9930919201701208,-0.0061084690104254,0.034076487069728,-0.0064891358390163,0,,
2025-12-18 05:00:00,22.77897514493611,22.79867871181773,22.75926969883972,22.78882598876953,4078900,0.0017322522120988,0.0021663164341862,0.0029307493985137,0.0089768213911489,0.0340185013539793,22.76727361679077,22.76321636199951,22.30724545478821,1,1,-0.0026994107240341,-0.0024824373197666,0,54.72090409359492,12.594364339221974,0.028643277971349,1.1535353707001923,-0.0043867982072824,0.0338796794129648,-0.0213689417497406,0,,
2025-12-19 05:00:00,22.76115569088839,22.78092078450616,22.74138871218777,22.75127220153809,14506800,-0.0016479035493074,0.0031225906325813,0.0017110570141833,0.0090598852680725,0.0300519567389574,22.766760921478276,22.766030464172363,22.31139472007752,1,1,-0.0019580235380303,-0.0023775545634193,1,50.462999575942696,11.715393934677545,0.0292528480069106,1.164723533444422,-0.0060274727362539,0.0335200418968101,-0.0275963600767218,0,,
2025-12-22 05:00:00,22.751269901925536,22.751269901925536,22.721619436871578,22.74138641357422,4888800,-0.0004345158317433,0.0018162538587831,-0.0008848130006089,0.006006234806698,0.0269030032192791,22.76378917694092,22.76609977722168,22.31563853263855,0,1,-0.0021434608391288,-0.0023307358185612,1,49.37386385381058,11.19384720021566,0.0282943669829846,0.7876588711339181,-0.006459369535668,0.0332980337446164,-0.05081282137324,0,,
2025-12-23 05:00:00,22.691970484267348,22.731504440307617,22.68208888034006,22.731504440307617,5598300,-0.000434536975314,-0.0007874407229094,-0.0030401038229501,0.0073101449147967,0.0255599709039642,22.759340953826904,22.76577545166016,22.319257049560548,0,1,-0.0030526251294702,-0.002475113680743,0,48.25275414323361,11.33572892103625,0.0275750334246417,0.960808926850607,-0.0068910996760815,0.0331321355890014,-0.0477778272657501,0,,
2025-12-24 05:00:00,22.75127335156841,22.78092193603516,22.74138986171852,22.78092193603516,4373800,0.0021739650297811,0.0013848124382769,-0.0017329602963699,0.0112512390062144,0.0251025487570604,22.754907608032227,22.765655822753907,22.32341058731079,0,1,0.0002119908279247,-0.0019376927790094,1,53.8911669885741,10.579008149402997,0.028535752018847,1.4660933033891508,-0.0047321156560129,0.0330877734693134,-0.0358870593123,0,,
2025-12-26 05:00:00,22.810570887686183,22.810570887686183,22.76115532680793,22.79080390930176,4599600,0.0004337828510341,8.679343697681752e-05,-0.0034449654139848,0.0112512694651321,0.027786312359022,22.74998598098755,22.7663215637207,22.327901487350463,0,1,0.0035556280827293,-0.0008390286066617,1,54.94829715729362,10.247480908104231,0.0274408641910014,1.4660971627226596,-0.0043003855155994,0.0331054837717274,-0.0283890690725601,0,,
2025-12-29 05:00:00,22.8006866660494,22.820453643798828,22.79080317717468,22.820453643798828,5068800,0.0013009516739761,0.0030407724740799,-0.0030050284353586,0.0103771379697759,0.025540782605401,22.748020362854003,22.76581687927246,22.332204704284667,0,1,0.0084999879079639,0.0010287746962634,1,58.05557707095976,10.095821563925456,0.0276897632746081,1.3616580448830742,-0.0030050284353586,0.0332671039964267,-0.0177493065248335,0,,
2025-12-30 05:00:00,22.80068818100082,22.820455160063634,22.780921201938003,22.810571670532227,3567700,-0.0004330314121203,0.0030422620547316,-0.0021520052271566,0.0099396129309468,0.0261714582747532,22.750092792510987,22.765898284912108,22.336746444702147,0,1,0.0114886025770317,0.003120740272417,1,56.65308542409413,9.766384582808357,0.0274010015082634,1.3042560152332725,-0.0034367585757721,0.0332933528330071,-0.0103343062309642,0,,
2025-12-31 05:00:00,22.79080466563105,22.81057164467146,22.75127259263312,22.76115608215332,5407800,-0.0021663458984126,0.0013044293624986,-0.0003499034728818,0.0057884200077826,0.0261901445028049,22.749201774597168,22.76440357208252,22.34094512939453,0,1,0.0097572012923485,0.0044480324764033,1,50.13124980324197,9.228140282819671,0.0247888462101569,0.7643386192023559,-0.0055956592663404,0.0334692001264029,-0.0057067797200329,0,,
2026-01-02 05:00:00,22.78092078450616,22.78092078450616,22.73150522283748,22.75127220153809,4960700,-0.0004342433477261,-0.0013015160045024,-0.0012162196560521,0.004481938351811,0.0284460825399048,22.746338748931883,22.76192749023437,22.34495041847229,0,1,0.0075010394243051,0.0050586338659837,1,48.91823728127558,9.076765342042158,0.0247732408473883,0.5960337933204503,-0.0060274727362539,0.0333934548193731,-0.006549355105805,0,,
2026-01-05 05:00:00,22.771038816000143,22.79080390930176,22.75127183761572,22.79080390930176,6438600,0.0017375603180993,0.0,-0.0007772882966053,0.0075347486834702,0.032953610841732,22.7479154586792,22.760046119689942,22.348913421630854,0,1,0.0088014358515806,0.0058071942631031,1,53.73959094137371,8.736056051290037,0.0251208061267605,0.9887036492164716,-0.0043003855155994,0.0332301613049345,-0.0092695443738408,0,,
2026-01-06 05:00:00,22.7710403312682,22.78092193603516,22.74138986171852,22.78092193603516,9332100,-0.0004335947650608,-0.0017322928098062,0.0009513583674449,0.009283240099825,0.0329606045395123,22.750475883483887,22.759338607788084,22.352731037139893,0,1,0.0089316581382732,0.0064320870381371,1,52.40796217371231,8.606955397443594,0.0239669833322774,1.2263528787082263,-0.0047321156560129,0.0330193805698359,-0.0127017006755166,0,,
2026-01-07 05:00:00,22.820453643798828,22.830337132673545,22.78091968829996,22.820453643798828,4499800,0.0017352988555365,0.0004332190095597,0.0039921402483662,0.0088455027013589,0.0306684529476566,22.75698337554932,22.759029846191407,22.35684228897095,0,1,0.0120854254136872,0.0075627547132471,1,56.998456374804526,8.479285649160822,0.0241255158519151,1.173408813602363,-0.0030050284353586,0.0331836417802726,-0.0046128004341504,0,,
2026-01-08 05:00:00,22.77103805541992,22.79080314806136,22.76115456655783,22.77103805541992,5632100,-0.0021654078025893,0.0004341595493186,0.0035580948422921,0.0066609407782023,0.0288877746547429,22.762005424499517,22.757536849975587,22.361186361312868,1,1,0.0104766157968079,0.0081455269299593,1,50.44799179385648,7.960339860882348,0.0246009657322671,0.8785491012595791,-0.005163929125927,0.0331151479332273,-0.0079315249487238,0,,
2026-01-09 05:00:00,22.76115532680793,22.80068739849397,22.75127183761572,22.79080390930176,7737700,0.0008680260352531,0.0017375603180993,0.0053023232021884,0.0079713532024983,0.0334086851355555,22.76505994796753,22.756243324279787,22.36553328514099,1,1,0.0106735240613744,0.0086511263562423,1,52.78533359999263,7.672397738901125,0.0244117923277339,1.0471803140877458,-0.0043003855155994,0.0329261409003047,-0.013588441399278,0,,
2026-01-12 05:00:00,22.76115456655783,22.79080314806136,22.75127107769574,22.77103805541992,5601700,-0.0008672732195188,-0.0008672732195188,0.001818087834134,0.0014564785698507,0.0325124374581193,22.766633605957036,22.756513748168945,22.36997332572937,1,1,0.0091293980437647,0.0087467806937468,1,50.23357415978833,7.40500601827368,0.0231223863547708,0.2167975226266045,-0.005163929125927,0.0328460018113337,-0.0120393678460728,0,,
2026-01-13 05:00:00,22.79080390930176,22.80068739849397,22.771038816000143,22.79080390930176,37227900,0.0008680260352531,0.0004337828510341,0.0022532978932119,0.0018939563858437,0.036603938349673,22.772151279449464,22.757767295837404,22.37456017494201,1,1,0.0093923372508122,0.0088758920051599,1,52.6962471099976,7.368694818131162,0.0232529520355282,0.2772796616549242,-0.0043003855155994,0.0329403764587672,-0.0073254177817845,0,,
2026-01-14 05:00:00,22.81057245202266,22.85010641150273,22.751273397885505,22.83033943176269,31477100,0.0017347138178305,0.0004331985734451,0.0066087308411137,0.0019061848680408,0.0365706396724865,22.778660392761232,22.75981155395508,22.37867286682129,1,1,0.0126451394212949,0.0096297414883869,1,57.25278228315327,8.283360314044051,0.021688095270453,0.2789513851343568,-0.0025731316359448,0.033160510363782,-0.0088595079203569,0,,
2026-01-15 05:00:00,22.84022213912645,22.84022213912645,22.80068818100082,22.810571670532227,16753900,-0.0008658548984586,0.0017361358325471,0.0048640414337113,0.0023313092502337,0.0365870496967328,22.781718063354493,22.761774787902837,22.3823987865448,1,1,0.013472611571565,0.0103983155050225,1,54.42966155124866,9.132692560248875,0.0219602981840579,0.3386581166674965,-0.0034367585757721,0.0330418182183883,-0.0147553262533741,0,,
2026-01-16 05:00:00,22.780921176110848,22.800688155151256,22.741389103112915,22.76115608215332,6575100,-0.0021663458984126,-0.0013008679845795,0.0005159614787888,-0.0037001198892611,0.0320643568620762,22.782304954528808,22.762356796264648,22.38563214302063,1,1,0.0100253976696542,0.0103237319379489,0,48.0510402851101,8.49991583814433,0.0222737573911553,-0.5166755075755346,-0.0055956592663404,0.0329978862816847,-0.0208784654466047,0,,
2026-01-20 05:00:00,22.682090759277344,22.7117393436808,22.67220726944855,22.682090759277344,7236900,-0.0034736953865875,-0.0039061590396579,-0.0029595262008073,-0.0054550510467564,0.0257691555593662,22.7769681930542,22.763125762939453,22.38856643676758,1,1,0.0009031342672827,0.0084396124038156,0,39.97828011168944,9.10674795135984,0.0253604273914031,-0.7511582128501216,-0.0090499170371496,0.033566569131628,-0.0149639232781417,0,,
2026-01-21 05:00:00,22.691970484267348,22.731504440307617,22.672205391329992,22.731504440307617,5760200,0.0021785329031038,-0.0026019033479526,-0.0025153357391101,-0.0045711936537674,0.0257512484227957,22.77597980499268,22.76311473846436,22.39092943191528,1,1,-0.0023123982223864,0.0062892102785752,0,46.07574429203966,9.249703326255773,0.0258185235119089,-0.6217014638929167,-0.0068910996760815,0.0332558861904656,-0.0184120166810245,0,,
2026-01-22 05:00:00,22.721619436871578,22.74138641357422,22.70185246016894,22.74138641357422,4983000,0.0004347258797829,-0.0038962634985932,-0.0004345158317433,-0.0058443468626366,0.0284507272840348,22.77597980499268,22.76310485839844,22.39310118675232,1,1,-0.0040170323827979,0.0042279617463006,0,47.2302784204419,9.17308751108229,0.0252663060025396,-0.8053865002833478,-0.006459369535668,0.0330974676979906,-0.0126066130859991,0,,
2026-01-23 05:00:00,22.74138758883365,22.77103805541992,22.721620611109465,22.77103805541992,6306000,0.0013038625397086,-0.0017331268888529,0.0013038625397086,-0.0049742196037696,0.0311502223152726,22.77795648574829,22.764277420043943,22.39648021697998,1,1,-0.0029414206816618,0.0027940852607081,0,50.64491342702593,8.540729401027795,0.0256216428123733,-0.6801588732108219,-0.005163929125927,0.0331286038434366,-0.0050882854669228,0,,
2026-01-26 05:00:00,22.800687789916992,22.810571279278875,22.780920811193223,22.800687789916992,5289800,0.0013020809338999,0.00173680579409,0.0030435006970632,-0.0006841487401556,0.0302274698092435,22.778944778442384,22.7648641204834,22.40048887252808,1,1,0.000300036487733,0.0022952755061131,0,53.86000796193502,8.67515614691208,0.0259012034199462,-0.083055054727735,-0.0038685720456859,0.0330041400898825,-0.0038631828840346,0,,
2026-01-27 05:00:00,22.780919659199263,22.800686636923448,22.76115456655783,22.77103805541992,6654900,-0.0013003877238381,0.0039214769523039,-0.0004338665767343,-0.0028399884268925,0.030696830360303,22.77795648574829,22.76466136932373,22.40449368476868,1,1,0.0004709994783738,0.0019304203005652,0,50.32925741412063,8.391823955232965,0.0252620057590875,-0.3881147339371136,-0.005163929125927,0.0328304168393997,-0.007777997820021,0,,
2026-01-28 05:00:00,22.75127220153809,22.76115569088839,22.72162173348717,22.75127220153809,5683400,-0.0008680260352524,0.000869619574999,-0.001734546439037,-0.0041327564845394,0.0248469266111208,22.77449741363525,22.7654386138916,22.409025449752807,1,1,-0.0009771859466383,0.0013488990511245,0,48.067074252985726,8.206111322653491,0.0253699936916135,-0.5708472911858449,-0.0060274727362539,0.0328052216813408,-0.0090698596177301,0,,
2026-01-29 05:00:00,22.73150409997156,22.780919659199263,22.721620611109465,22.77103805541992,7887300,0.0008687801590494,0.0013038625397086,-0.0021654078025893,-0.0036946123185681,0.0279858031559121,22.77252073287964,22.767200584411626,22.413896760940556,1,1,-0.0005239048623089,0.0009743382684378,0,50.46483338757722,7.646575616218079,0.0251161801571808,-0.5078891909678124,-0.005163929125927,0.0328990064179751,-0.0110649120071022,0,,
2026-01-30 05:00:00,22.76115456655783,22.79080314806136,22.75127107769574,22.77103805541992,5459600,0.0,0.0,-0.0017331268888529,0.0005941419066328,0.0275351890837667,22.77301483154297,22.76856964111328,22.41823855400085,1,1,-0.0001627996838458,0.0007469106779811,0,50.46483338757722,7.266251917659156,0.0250890547242194,0.1011819362837662,-0.005163929125927,0.032997423883093,-0.0088885295331593,0,,
2026-02-02 05:00:00,22.77004709038731,22.77004709038731,22.73039627075196,22.73039627075196,7695000,-0.0017848015786126,-0.0030828683683884,-0.001351416917943,9.986502277126164e-05,0.0168522078504953,22.771971035003663,22.76873291015625,22.422184562683107,1,1,-0.003120106942795,-2.6492846174123964e-05,0,45.45969761095992,7.001988378378853,0.024721672172236,0.0280763667772828,-0.0069395141156838,0.032775590698439,-0.0207238125005764,0,,
2026-02-03 05:00:00,22.710569229709314,22.75022193889247,22.710569229709314,22.74030876159668,4776800,0.0004360896627868,-0.0013494902493443,-0.0004818825006484,0.000535998235662,0.016409912955543,22.769446277618407,22.76929088592529,22.42584319114685,1,1,-0.0046107887798001,-0.0009433520328993,0,46.84444448311768,7.139533192142093,0.024740934121571,0.0922740006642317,-0.0065064507032676,0.0330694995229659,-0.0097011614449457,0,,
2026-02-04 05:00:00,22.73039558430089,22.75022193889247,22.720482407005104,22.74030876159668,4823100,0.0,-0.0004818825006484,-0.0022155930921099,0.0012283499851022,0.016409912955543,22.76741561889649,22.768866539001465,22.42974249839783,0,1,-0.0057261572984792,-0.0018999130860153,0,46.84444448311768,7.267253376350816,0.0239020328578959,0.1943616241003675,-0.0065064507032676,0.0332304652942043,9.147992602764887e-06,1,,
2026-02-05 05:00:00,22.789870900054947,22.849348068237305,22.77004454707913,22.849348068237305,5640900,0.0047949791616184,0.0034390181346497,0.0030036594828897,0.0051597799120399,0.0221735580135102,22.768860340118408,22.769837074279785,22.43462022781372,0,1,0.0021635260989398,-0.0010872252490242,1,59.84952822015201,8.00712614273966,0.029257582952559,0.7310106941045124,-0.0017426698371875,0.0338120910307175,0.0240074297942978,1,,
2026-02-06 05:00:00,22.849348770788776,22.859261947581484,22.809697954363084,22.83943748474121,5754100,-0.0004337359414586,0.0030037905674227,0.0008318783333012,0.0086468005246049,0.0226213510895416,22.772280311584478,22.77021644592285,22.43935214996338,1,1,0.007529658554791,0.0006361515117387,1,58.44978542820895,8.844682109768097,0.0287316391771026,1.2621692431205285,-0.0021756499201036,0.0331612367404269,-0.0006751832723488,0,,
2026-02-09 05:00:00,22.82952360600657,22.849348068237305,22.80969725303076,22.849348068237305,4714400,0.0004339241499584,0.0052331598652508,0.0034390181346497,0.0051597799120399,0.0248530065841519,22.77520751953125,22.769811630249023,22.443989200592043,1,1,0.0124386731674164,0.0029966558428743,1,59.470589695078296,9.62239598151115,0.027605225162372,0.7896173060277941,-0.0017426698371875,0.0330164265364907,-0.0029811552385506,0,,
2026-02-10 05:00:00,22.90882734727118,22.938564986275534,22.89891417068803,22.928651809692383,5854600,0.0034707222813641,0.0082823434839975,0.006048400088878,0.0082126626909757,0.0279607810240205,22.783088207244877,22.770599937438966,22.448589544296265,1,1,0.0224692403655488,0.0068911727474092,1,66.55198301231444,11.552826802770294,0.029823667290913,1.209505603928012,0.0,0.0332186202145601,0.0088828908052418,1,,
2026-02-11 05:00:00,22.859263000969705,22.90882888721732,22.859263000969705,22.87908935546875,4805600,-0.0021615947869504,0.0061028456265483,0.0047451196465377,0.0073386920419851,0.0266353441245925,22.787502479553225,22.770986404418945,22.45265323638916,1,1,0.0261181870885209,0.0107365756156315,1,59.549236020226616,12.451059863702092,0.0307776580508516,1.073602258193731,-0.0021615947869504,0.0331544756521114,0.0093915187166335,1,,
2026-02-12 05:00:00,22.898913872118,22.988130569458008,22.898913872118,22.988130569458008,6911100,0.0047659770148671,0.0060738057298721,0.008658170240134,0.0095197594856477,0.0279341973424709,22.79539203643799,22.775366554260252,22.456925172805786,1,1,0.0373778497442494,0.0160648304413551,1,67.62137149384347,14.178349981894756,0.034533115566505,1.334535935625022,0.0,0.0338352049467063,0.0271650959745151,1,,
2026-02-13 05:00:00,23.027781754417145,23.05752128425653,23.027781754417145,23.03769493103028,6844300,0.0021560849161923,0.0086804872677586,0.009082453630939,0.0112601439881809,0.03284951382463,22.80674819946289,22.780540924072262,22.461107969284058,1,1,0.0497274165686754,0.0227973476668192,1,70.50278899923629,16.390736334601307,0.0347664054016414,1.5599771043026696,0.0,0.0338842855341011,0.0218264183023439,1,,
2026-02-17 05:00:00,23.05752182006836,23.067434996911853,23.03769546638137,23.05752182006836,7267100,0.0008606281616907,0.0091107085948083,0.0108261271616947,0.0151948581120142,0.0355471747829394,22.82156648635864,22.78552070617676,22.46529362678528,1,1,0.0604179410800931,0.0303214663494739,1,71.59186987732706,18.524486036021035,0.0344668767227165,2.148065063534242,0.0,0.0338588172381184,0.0247262125325609,1,,
2026-02-18 05:00:00,23.02778312654464,23.037696303748447,23.007956772137003,23.01786994934082,4112300,-0.0017196935142018,0.00389112017527,0.0112785952638312,0.014765741428155,0.0346716368886887,22.83835544586181,22.790692710876463,22.469792709350585,1,1,0.0649420724075824,0.0372455875610956,1,66.31828147418587,19.863914278257745,0.0340613829124022,2.0805450467155047,-0.0017196935142018,0.0336311647621703,0.0191914862388344,1,,
2026-02-19 05:00:00,23.007956086368853,23.03769561709389,22.99804480020568,23.027782440185547,4956000,0.0004306432726635,0.0064990823020347,0.0152407326369068,0.0143242373805656,0.0328562547303568,22.85316934585571,22.796654090881347,22.47482406616211,1,1,0.0685372791570984,0.0435039258802962,1,66.97323777670184,20.896084220421503,0.0307985919761904,2.021013650194604,-0.0012897908159813,0.0337346206304448,0.00500651401571,1,,
2026-02-20 05:00:00,23.037695081180683,23.037695081180683,22.988131088537106,23.00795555114746,5573200,-0.0008609986258809,0.000862400778069,0.0121615844461944,0.0125745887221968,0.0310661061109249,22.866497802734376,22.80300712585449,22.479949378967284,1,1,0.0689913527936312,0.0486014112629632,1,64.28073965476914,21.63660972689121,0.0307876303819083,1.7741377003780152,-0.002149678933742,0.033463571153189,0.0062450587403986,1,,
2026-02-23 05:00:00,23.02778282373914,23.097173172508167,23.02778282373914,23.077348709106445,12057900,0.0030160505919234,0.0017212563233814,0.0147731668343533,0.0160678121077164,0.0364376294939159,22.881813335418705,22.8111421585083,22.48522856712341,1,1,0.0740965187814488,0.0537004327666603,1,68.9810634593147,22.95257663102952,0.0319146394596901,2.2191341018732933,0.0,0.0339107725473433,0.0245730234341192,1,,
2026-02-24 05:00:00,23.077349395630087,23.08726257299845,23.057523040893354,23.06743621826172,4409000,-0.0004295333475987,0.0004299854195402,0.0130164537128447,0.0134397890995963,0.0319298074962219,22.89515075683594,22.81789661407471,22.490265073776246,1,1,0.076461147920682,0.0582525757974646,1,67.61238198992805,24.17454589915795,0.032066251677941,1.8756338898481404,-0.0004295333475987,0.0336516115848549,0.0157871953762378,1,,
2026-02-25 05:00:00,23.057522506362183,23.07734886063929,23.04760932922364,23.04760932922364,6469300,-0.0008595185373216,0.0012920126818105,0.0108295653877528,0.010823646289249,0.032392380675726,22.90897932052612,22.824057502746584,22.495830001831056,1,1,0.075860793301139,0.0617742192981995,1,64.84110846579564,25.067711047995232,0.0323581376662469,1.5197740541219291,-0.0012886826930458,0.0333413415268364,0.0102169435724011,1,,
2026-02-26 05:00:00,23.07734854138157,23.107086181640625,23.07734854138157,23.107086181640625,6129400,0.002580608321123,0.0034438288472227,0.0147576990299185,0.0125596577474458,0.0337035624419248,22.92677001953125,22.832590217590333,22.501595783233643,1,1,0.0792705117458609,0.0652734777877318,1,68.95224118026186,26.224287785794477,0.0324074833259347,1.7375351877981493,0.0,0.0336140911459138,0.0238703733293323,1,,
2026-02-27 05:00:00,23.156651764534168,23.18638940440525,23.14673858766209,23.16656494140625,7348400,0.002574048467127,0.0068936759681317,0.0182536051693884,0.0129856330780731,0.0354620292288574,22.946546363830567,22.84191837310791,22.508189935684204,1,1,0.0857833202893125,0.069375446288048,1,72.42475734124383,28.020027799223502,0.0325026551068155,1.787872524501996,0.0,0.0338632247294031,0.0322510561989013,1,,
2026-03-02 05:00:00,23.110897377083305,23.12083777551064,23.041316484029124,23.06119728088379,8241600,-0.0045482643106115,-0.0006998823143095,0.0127424680753545,0.0075127377473969,0.0289606064809653,22.96105432510376,22.848153953552245,22.5143537902832,1,1,0.0815029629493224,0.0718009496203029,1,59.68866977182859,27.551000514610774,0.0375215643020221,0.9941087625988324,-0.0045482643106115,0.0336900503850995,0.0240446157271241,1,,
2026-03-03 05:00:00,23.00155609242403,23.071136989114635,22.9816771904676,23.051258087158203,9217500,-0.000430992094839,-0.0007013406670095,0.0123059840775061,0.0083768171832678,0.0294118573989858,22.97709741592407,22.854190750122072,22.520805854797363,1,1,0.0764277277794853,0.0727263052521394,1,58.64110796423538,26.18328369642917,0.0376387610939089,1.1102302154500223,-0.0049772961394874,0.0339749973664488,0.0296257515986473,1,,
2026-03-04 05:00:00,23.04131748900597,23.051257887866864,23.011496292423285,23.02143669128418,5802700,-0.0012936992749491,-0.0011355901415019,0.0128040187714066,0.011081393562413,0.030417642316207,22.99115381240845,22.858842964172364,22.526529550552368,1,1,0.0692015179011562,0.0720213477819427,0,55.494112190238425,24.91326093668912,0.0372859096988927,1.5110028747816,-0.0062645562900297,0.0336933271246834,0.0280006067530032,1,,
2026-03-05 05:00:00,22.95185610996454,22.981677306956204,22.94191571096732,22.971736907958984,8345300,-0.0021588480333206,-0.0058574790701728,0.0101770010595958,0.008462209354902,0.0250556261642598,23.002725219726564,22.863252258300783,22.531956481933594,1,1,0.058786681088474,0.069374414443249,0,50.61865031983532,23.51642211803759,0.0385010111153935,1.1450320504170206,-0.0084098800983241,0.0338090925309245,0.022364808014254,1,,
2026-03-06 05:00:00,22.92203541551372,23.001556713297656,22.902156513020707,22.95185661315918,6979000,-0.0008654241026466,-0.0092680260880332,0.0093027695349394,0.0062837842358072,0.0219411848382486,23.007850646972656,22.86746166229248,22.53733227729797,1,1,0.0483710825066054,0.0651737480559203,0,48.77278741842403,22.70915921791336,0.0387542827767449,0.8557357773500618,-0.0092680260880332,0.0342284705136502,0.0300328391615962,1,,
2026-03-09 04:00:00,22.931976198444048,23.02143789694008,22.91209539968108,23.0114974975586,6760000,0.0025985211307577,-0.0021551258904666,0.0070964575810674,0.0110824198829206,0.0192763258831507,23.016453647613524,22.8730615234375,22.543151092529296,1,1,0.0444171532278119,0.0610224290902986,0,54.17194767888655,21.658568808296646,0.0363173607659601,1.4919973011780832,-0.0066935881189056,0.0340194030955081,0.0061312997354199,1,,
2026-03-10 04:00:00,22.99161752218357,23.01149832165852,22.9419174194336,22.9419174194336,8205500,-0.0030237092623972,-0.0047433709392858,0.0044869727969811,0.0093359724948973,0.0126886524504437,23.02108211517334,22.87628143310547,22.54920126914978,1,1,0.0352626194612071,0.0558704671644803,0,47.83736172162594,20.683020570795414,0.0380775393033015,1.2383369141850282,-0.0096970579169091,0.0339711342351021,0.0244230183878453,1,,
2026-03-11 04:00:00,22.90215522509224,22.9120937278112,22.84251283315538,22.852453231811523,6208400,-0.0038995950506861,-0.0073402655854503,0.0001358972503262,0.007146199131256,0.0109194757848374,23.017272186279296,22.877514419555663,22.554562759399413,1,1,0.0205516664210918,0.0488067070158026,0,41.171061853413306,20.952211979771747,0.0406380089789338,0.9275130463689384,-0.0135588383685363,0.0338811869780417,0.0261918242604224,1,,
2026-03-12 04:00:00,22.81269505339792,22.84251435541637,22.772933456123567,22.792814254760746,172976800,-0.002609740689361,-0.0077888169238194,-0.0059243585736783,0.0053909995370995,0.0065411704853466,23.01295843124389,22.876961631774904,22.55943298339844,1,1,0.0040342587027488,0.0398522173531919,0,37.4268019194818,21.8431532316152,0.0395571874411738,0.695255385402878,-0.0161331940057064,0.0343138194597907,0.0329694381692149,1,,
2026-03-13 04:00:00,22.822632853798886,22.832573252811294,22.762992355661712,22.782873153686523,31127000,-0.0004361506641131,-0.0073625180882217,-0.0042054209539257,0.0023387762404298,0.0048018524014392,23.00269556045532,22.876407661437987,22.563867330551147,1,1,-0.0097457270164333,0.0299326284792668,0,36.82561037528202,22.75580512238133,0.0389702580924584,0.3144836355326583,-0.0165623081665398,0.0344940938127633,0.0404053490306535,1,,
2026-03-16 04:00:00,22.842514038085938,22.862394836446928,22.82263323972495,22.842514038085938,25073700,0.0026177946915253,-0.0073434360145656,-0.006334422493908,0.0045273136459984,0.0087359357969867,22.992936515808104,22.87803482055664,22.568792963027956,1,1,-0.0156732723199262,0.0208114483194282,0,42.7655487208373,23.07627553219308,0.0361295958149884,0.5863863521725892,-0.0139878701974123,0.034235977311144,0.0118448333642133,1,,
2026-03-17 04:00:00,22.88227653503418,22.892216934605745,22.86239573589105,22.88227653503418,11195300,0.0017407233232711,-0.0025996468956381,-0.006746265043503,0.0088986810962965,0.0096207188604768,22.9841742515564,22.880654907226564,22.57353122711181,1,1,-0.0169668106522067,0.0132557965251012,0,46.38498996941203,22.8673165286785,0.0358009635256432,1.145740331370538,-0.0122714958860367,0.0342055929861344,0.0094824915729743,1,,
2026-03-18 04:00:00,22.862395154053544,22.87233555337213,22.792814254760746,22.792814254760746,13825700,-0.0039096756888005,-0.002609740689361,-0.0114803129049724,0.0040817818377976,0.0048073519279605,22.972921466827398,22.880695114135744,22.577629079818724,1,1,-0.0249235048015634,0.0056199362597683,0,40.22191131599656,23.373885432122965,0.0375881580374472,0.5196858731559463,-0.0161331940057064,0.0345540146783384,0.0205322423205436,1,,
2026-03-19 04:00:00,22.76299255406532,22.84251385092041,22.75305215496628,22.812694549560547,15967300,0.0008722176462105,0.0008722176462105,-0.0089137439837759,0.0027814465483946,0.0074190934558813,22.962167072296143,22.88133056640625,22.58217494010925,1,1,-0.0292874609766933,-0.001361543187524,0,42.06410588218336,24.19588279144085,0.0376416157696516,0.3618657609011131,-0.0152750480159974,0.0346695909763363,0.0308769030602855,1,,
2026-03-20 04:00:00,22.743110077227435,22.743110077227435,22.64370988544812,22.65365028381348,11777800,-0.006971743973582,-0.0056719303575691,-0.0162469902320759,-0.004209688958399,0.003425762776932,22.944451808929447,22.877994499206544,22.58602242469788,1,1,-0.0450600465754753,-0.0101012438651142,0,33.23897791372329,25.760480896933704,0.0437616855090511,-0.4643106308604768,-0.0221402982656278,0.0349286122207143,0.035393656959993,1,,
2026-03-23 04:00:00,22.683469972604584,22.753050866420143,22.663589175532376,22.71329116821289,16490300,0.0026327273376345,-0.005657121175786,-0.0128070650292905,-0.0033145551505753,0.0056325120709959,22.926248931884768,22.876839561462404,22.58949028968811,1,1,-0.0521463032426545,-0.0185102557406223,0,38.45359897834591,27.040218727427582,0.0453219948939113,-0.3591253898746637,-0.0195658602965004,0.0346566739891221,0.0356537809569477,1,,
2026-03-24 04:00:00,22.64370988544812,22.693409981337776,22.613888690352045,22.65365028381348,11649600,-0.002625814284584,-0.009991411950234,-0.0183599264644197,-0.0042908333591125,0.004730177451022,22.905559635162355,22.87409648895264,22.59285361289978,1,1,-0.0618616312588606,-0.02718053084427,0,35.46996704903016,28.558394775279336,0.0438241532919293,-0.4669316400726683,-0.0221402982656278,0.0346820945801046,0.0227456343462664,1,,
2026-03-25 04:00:00,22.733174060571955,22.75305296353921,22.703352862215063,22.74311256408692,9707200,0.003949133104494,-0.0021805859565343,-0.014059804960815,7.590348632691146e-05,0.0060825941871867,22.89033479690552,22.873537979125977,22.597245235443115,1,1,-0.0616317874747132,-0.0340707821703586,0,42.65728822653711,28.95329189109046,0.0469058240460993,0.0262584585733793,-0.0182786001459579,0.0346260959021921,0.0289580282025991,1,,
2026-03-26 04:00:00,22.68347008600549,22.71329128176288,22.623829590427874,22.633769989013672,8737300,-0.0048077225474364,-0.0078432015191437,-0.01795584671271,-0.0042995153070749,0.0029791995277637,22.86666898727417,22.870397300720214,22.60094491004944,0,1,-0.0694718385046577,-0.0411509934372184,0,37.2032293427565,29.88933883344969,0.0490518553704797,-0.4393916885107236,-0.022998444255337,0.035086219049678,0.0523337527206917,1,,
2026-03-27 04:00:00,22.59400839467048,22.663589288833894,22.584067996084684,22.633769989013672,14004400,0.0,-0.0008775757792117,-0.0204835948983918,-0.0064594377450861,0.0047191245832125,22.840029239654545,22.866465911865237,22.604547729492182,0,1,-0.0748226267645328,-0.0478853201026813,0,37.2032293427565,31.0115505080574,0.0475645785145604,-0.6753875799160208,-0.022998444255337,0.0356948840549619,0.0619023998005998,1,,
2026-03-30 04:00:00,22.733172855898665,22.772932555663573,22.723232456973125,22.7530517578125,19099700,0.0052700795694542,0.0017505428563895,-0.017849568317082,-0.0016564642317795,0.0095761679079213,22.82462196350098,22.86531551361084,22.60845645904541,0,1,-0.0686468055053879,-0.0520376171832226,0,45.94703056458215,30.459286054144695,0.0509031097867445,-0.1514993574167323,-0.017849568317082,0.0360033748636784,0.063199832602387,1,,
2026-03-31 04:00:00,22.802753248730166,22.82263215020488,22.7530512552004,22.772932052612305,12612000,0.0008737419055435,0.0052654546752695,-0.0125000113723686,-0.0020824122047826,0.0082731162862341,22.810705661773685,22.86555103302002,22.61207727432251,0,1,-0.061440006865272,-0.0539180951196325,0,47.26497042228437,29.33182155319763,0.0493854250826188,-0.1957204269136683,-0.0169914223273729,0.0350169620694027,0.0393858622689993,1,,
2026-04-01 04:00:00,22.770939153312444,22.80084912728786,22.750999170662165,22.760969161987305,12097900,-0.0005253118306137,0.0007851430999195,-0.0125931922706039,-0.0021745403517878,0.0077434584897593,22.79768228530884,22.867128601074217,22.615977191925047,0,1,-0.0560477883011927,-0.0543440337559446,0,46.529771352639294,28.30374810186491,0.0493825783636502,-0.2052076017163409,-0.0175078083628191,0.0347368437537609,0.0224237364640513,1,,
2026-04-02 04:00:00,22.770939653910027,22.82078771005018,22.750999670821383,22.81081771850586,9752000,0.0021900893658695,0.0078222819078803,-0.00914881966763,0.0021818591363853,0.0079829086612472,22.789636325836184,22.868714866638182,22.6203684425354,0,1,-0.0472078713757042,-0.0529168012798965,1,50.018566009632096,27.09163789953188,0.0502321071112388,0.2436748291469172,-0.0153560626618646,0.0347816006039579,0.0322993771213895,1,,
2026-04-06 04:00:00,22.760968602434648,22.790878575674764,22.741028620274573,22.780908584594727,7836800,-0.0013111820137368,0.0065008434587996,-0.0083070916286761,0.0013026253122949,0.0057904019504513,22.78108892440796,22.869505310058592,22.624222803115845,0,1,-0.0421299429127408,-0.0507594296064654,1,47.99509871017445,26.07129702402195,0.0499501402838053,0.1529938482384549,-0.0166471100824373,0.0345725780246943,0.02258225337079,1,,
2026-04-07 04:00:00,22.77093859351469,22.800848566754805,22.71112054861582,22.780908584594727,16937400,0.0,0.0012243116694297,-0.007448113302801,-0.0004341805908388,0.0070972966509961,22.769559478759767,22.86970272064209,22.627980327606203,0,1,-0.0376713956222403,-0.0481418228096203,1,47.99509871017445,25.44096673958669,0.0499368466453113,-0.0257561538199922,-0.0166471100824373,0.0345573702208939,0.0096089513293482,1,,
2026-04-08 04:00:00,22.88060681712637,22.89057490672233,22.81081687888496,22.840726852416992,8146300,0.0026258069383024,0.0029769903870111,-0.0074211009153021,0.0026252193194706,0.011932829960553,22.76449995040894,22.870503501892088,22.63198851585388,0,1,-0.0289771005042922,-0.0443088783485547,1,52.45635140498087,23.672546244994933,0.049957240075157,0.2875129961696364,-0.0140650152412918,0.0337875571699536,-0.0068151085691771,0,,
2026-04-09 04:00:00,22.82078742980957,22.87063738691901,22.79087935712533,22.82078742980957,10170800,-0.0008729767111291,0.0026281072390434,-0.0052798546612071,1.462661592754877e-05,0.0088602586970574,22.76291666030884,22.87149848937988,22.63565495491028,0,1,-0.0234257166682638,-0.0401322460124965,1,50.8892327562714,22.26241918967921,0.049054239491942,0.0206887539448685,-0.0149257135216737,0.0335644251903898,-0.011972195037634,0,,
2026-04-10 04:00:00,22.82078771005018,22.8307577015945,22.790879636998667,22.81081771850586,4404200,-0.0004368697326669,0.0,-0.00182192751401,0.0017469411358905,0.0084195181855419,22.763816833496097,22.87268939971924,22.63898102760315,0,1,-0.0196046867392745,-0.0360267341578521,1,50.08356912939078,20.953015495457475,0.047238968396041,0.1992753351950356,-0.0153560626618646,0.0335719791905929,-0.0091262383354256,0,,
2026-04-13 04:00:00,22.800848789288995,22.840726852416992,22.780908806934303,22.840726852416992,13405800,0.0013111820137368,0.0026258069383024,0.0021020922261163,0.0021904862730557,0.0101793006153216,22.76670951843262,22.87408317565918,22.64235981941223,0,1,-0.0140016732722045,-0.0316217219807226,1,52.51248906053564,19.864865963016467,0.0465435840520239,0.2447183198706006,-0.0140650152412918,0.0332906685106798,-0.0298174602891359,0,,
2026-04-14 04:00:00,22.830757362140467,22.90054540033163,22.830757362140467,22.890575408935547,6270300,0.0021824417778228,0.0048139793868879,0.0047273341918947,0.005249534659979,0.0067136590645637,22.7691125869751,22.87647392272949,22.64569736480713,0,1,-0.0054757616509704,-0.0263925299147722,1,56.32681637912359,18.84807201717274,0.0470418892904331,0.5564580312239116,-0.0119132695403373,0.0329616892041005,-0.0444251301970934,0,,
2026-04-15 04:00:00,22.880608165903165,22.880608165903165,22.840728198842925,22.860668182373047,5424700,-0.0013065301342676,0.0008730602176061,0.0007947524627474,0.0030654589170842,0.0049652211484194,22.76803216934204,22.879079360961917,22.649127445220948,0,1,-0.0011192761846068,-0.0213378791687391,1,53.54781633186892,17.90390621031785,0.0464918023435213,0.3327693868992535,-0.0132042346289529,0.0326608967949174,-0.0460065883883474,0,,
2026-04-16 04:00:00,22.880607378340898,22.880607378340898,22.81081743838768,22.82078742980957,5649400,-0.0017445138630823,0.0,-0.0026871935198609,-0.0004183907112581,0.0014869966267399,22.76943082809448,22.880688934326173,22.651970796585083,0,1,-0.0008746906113579,-0.0172452414572628,1,50.00492359163128,16.665095309765736,0.0464547925220702,-0.0236317398567427,-0.0149257135216737,0.0325239978098463,-0.0491614098597795,0,,
2026-04-17 04:00:00,22.9105145518161,22.94042452490784,22.890574569754943,22.92048454284668,6138900,0.0043686973266698,0.0048076673837014,0.0056013393808651,0.0048185058183545,0.0071610484957749,22.77482032775879,22.88429244995117,22.655429162979125,0,1,0.0072799503006848,-0.0123402031056733,1,57.56379118442416,16.23967579479859,0.0468047613213154,0.5006212785519372,-0.0106222221197647,0.032276007646455,-0.0659259728019814,0,,
2026-04-20 04:00:00,22.91051483154297,22.92048482269528,22.880606759667423,22.91051483154297,6649400,-0.0004349694826509,0.0030554184889519,0.0042879757921585,0.0065620018970282,0.0028376018140348,22.787663555145265,22.885515785217287,22.659080476760863,0,1,0.0127906469762066,-0.0073140330892973,1,56.64153996680229,15.688740397588338,0.0468119454223135,0.6780158021790242,-0.0110525712599556,0.0323266110433057,-0.0675802588680613,0,,
2026-04-21 04:00:00,22.880607097611097,22.89057518732925,22.83075714111328,22.83075714111328,6126300,-0.0034812701074651,-0.002613226917787,0.0078180273413308,0.0065543508935625,0.0010635455281033,22.79353685379028,22.885342178344725,22.662624320983888,0,1,0.0105999451694565,-0.0037312374375465,1,49.77155581528027,14.703168065889828,0.0413041951467263,0.6772059395379263,-0.0144953643814828,0.0324263671556523,-0.0716388343530574,0,,
2026-04-22 04:00:00,22.880608165903165,22.89057625608673,22.840728198842925,22.860668182373047,5436400,0.0013101204254808,0.0,0.0064885803236833,0.0056821466614587,0.0010849788149327,22.80388774871826,22.88556858062744,22.66660903930664,0,1,0.0111488522285405,-0.0007552195043291,1,52.11710594876222,13.78797762815534,0.0406417231474552,0.5919707885674542,-0.0132042346289529,0.0321433437045294,-0.0725208162035834,0,,
2026-04-23 04:00:00,22.85069740407524,22.880607378340898,22.79087935712533,22.82078742980957,6422100,-0.0017445138630823,0.0,0.0073779344124293,0.0034914764997773,-0.0023732757625867,22.807771492004395,22.883411293029784,22.670442934036256,0,1,0.0082704845947993,0.0010499213154965,1,48.8421443423232,13.640136946031577,0.0399480111995738,0.3702703242214143,-0.0149257135216737,0.0322122761473545,-0.0712130701058322,0,,
2026-04-24 04:00:00,22.82078793546276,22.87063789367676,22.800849853758635,22.87063789367676,6534600,0.002184432242775,-0.0021747641973596,0.0056072065435412,0.0043739700409983,-0.0006220066502954,22.81961488723755,22.883242263793942,22.674089069366456,0,1,0.0098977779014219,0.0028194926326816,1,52.832057101897774,13.502856312630936,0.0383835521966506,0.4571371279644723,-0.0127738854887619,0.0320343975900885,-0.0748481237799474,0,,
2026-04-27 04:00:00,22.840727132412844,22.86066711501197,22.810817158514155,22.83075714111328,5769400,-0.0017437533989599,-0.0034812701074651,0.0087032408739342,0.001318791409862,0.0006337404202247,22.82946424484253,22.88009479522705,22.677584342956543,0,1,0.0078785570351485,0.003831305513175,1,49.50558353939326,13.375381438758914,0.034553749163762,0.1515122571168048,-0.0144953643814828,0.0319235394195528,-0.090140223591697,0,,
2026-04-28 04:00:00,22.80084934854722,22.82078742980957,22.780909365703444,22.82078742980957,5283700,-0.000436678960846,-0.000436678960846,0.0082627613909072,0.0021847653264015,-0.0006614278087335,22.832851028442384,22.875756645202635,22.68141823768616,0,1,0.00541145765375,0.00414733594129,1,48.68041110183603,13.697296762779583,0.0346527989496189,0.2383793213774352,-0.0149257135216737,0.0320656287871465,-0.101674381746896,0,,
2026-04-29 04:00:00,22.760970003156963,22.77093999485056,22.70115195457685,22.73106002807617,7528200,-0.003931827594003,-0.0056694823293403,-0.0009665397842195,-0.0008883975051098,-0.0050174824590991,22.830757427215577,22.869227409362797,22.684803495407103,0,1,-0.0037408654489112,0.0025696956632497,0,41.90972696877784,14.975936339836004,0.0329584191411629,-0.0674358969985943,-0.018798855783392,0.0319444889993392,-0.1127362609674108,0,,
2026-04-30 04:00:00,22.760969442131444,22.770939433579294,22.73105946778789,22.7509994506836,5489000,0.0008771884189651,-0.0030580881286687,-0.0009630996078167,-0.0008800040071756,-0.0045713650520986,22.830258941650392,22.86388999938965,22.6886283493042,0,1,-0.0092782488062539,0.000200106769349,0,43.78098517019705,16.163244518531254,0.0329596304924695,-0.0666074095270358,-0.0179381575030098,0.0316575297092664,-0.095937287577318,0,,
2026-05-01 04:00:00,22.770000457763672,22.82999992370605,22.739999771118164,22.780000686645508,9769800,0.0012747236016938,-0.0039630379988794,0.0008361473767992,0.0003935978326405,0.0009879735922402,22.82871809005737,22.85893436431885,22.69240397453308,0,1,-0.0111974306327837,-0.0020794007110775,0,46.48135957754418,16.086527723166103,0.0332171393557203,0.0586903150148653,-0.016686300094056,0.0316103516476908,-0.0900050715094562,0,,
2026-05-04 04:00:00,22.739999771118164,22.75,22.670000076293945,22.709999084472656,7175400,-0.0030729411792287,-0.0052892707803879,-0.0044197729023721,-0.0008973528677784,-0.0007975774591718,22.82517261505127,22.85297523498535,22.69592668533325,0,1,-0.0181576304635626,-0.0052950466615745,0,41.32197417010291,16.8524075557349,0.0339243196150228,-0.0672784925168497,-0.0197079652545967,0.0316290842406023,-0.0906374723593622,0,,
2026-05-05 04:00:00,22.71999931335449,22.75,22.71999931335449,22.729999542236328,7176500,0.0008806895010993,-0.0039782977626201,-0.0022347239649969,-0.000453345619377,8.240962383299077e-05,22.82262716293335,22.84602825164795,22.699306640625,0,1,-0.0218083758032427,-0.0085977124899082,0,43.2598513846243,17.563581685977354,0.0338764996531285,-0.0239368405986963,-0.018844632351585,0.0314050028722624,-0.0916210283817835,0,,
2026-05-06 04:00:00,22.81999969482422,22.82999992370605,22.799999237060547,22.82999992370605,5809700,0.0043994889346083,0.0043526300800613,0.0021549333262556,0.0039441488261953,0.0051773436064495,22.8220908164978,22.84127952575684,22.70289525985718,0,1,-0.0164428794614934,-0.0101667458842252,0,51.82640644854767,16.823171001191625,0.037302189893113,0.3954835578925754,-0.0145280501684842,0.0311107468923705,-0.0997362735211698,0,,
2026-05-07 04:00:00,22.850000381469727,22.86000061035156,22.76000022888184,22.780000686645508,5704400,-0.0021900673336676,0.0012747236016938,-0.0026586792164654,-0.0030349829406378,0.0021091371273915,22.8200514793396,22.835927352905276,22.70599108695984,0,1,-0.0160403028970179,-0.0113414572867838,0,47.92995584564306,16.645197852251314,0.0369304320503325,-0.2753672398036373,-0.016686300094056,0.0311380849045907,-0.0784156206391568,0,,
2026-05-08 04:00:00,22.82999992370605,22.84000015258789,22.809999465942383,22.81999969482422,4791300,0.0017558826590449,0.0017558826590449,-3.451830870315753e-05,-0.0008510625504668,0.0077883790060302,22.82051057815552,22.830185623168944,22.709529705047608,0,1,-0.0123512943619061,-0.0115434247018082,0,51.09747938861642,16.47993707109245,0.0373789035864176,-0.0621894928769921,-0.0149597166199899,0.030937338800311,-0.0782699651543845,0,,
2026-05-11 04:00:00,22.809999465942383,22.809999465942383,22.76000022888184,22.770000457763672,7886600,-0.0021910270696404,0.0026420685032981,-0.001789381741851,-0.0034726422056624,0.001669219636883,22.816974258422853,22.82225433349609,22.71296399116516,0,1,-0.0133088331456434,-0.0118965063905753,0,47.22982976329633,16.940027870433685,0.0381243097071823,-0.3148941757579415,-0.0171179665455618,0.0307994059701514,-0.0825859328906766,0,,
2026-05-12 04:00:00,22.71999931335449,22.71999931335449,22.690000534057617,22.700000762939453,6042300,-0.0030742070011839,-0.0013197879410922,-0.0061611913835678,-0.0099722848360528,-0.0018415211566938,22.807445526123047,22.815030403137207,22.71580548286438,0,0,-0.0194913952197879,-0.0134154841564178,0,42.39201575953847,18.090256303017902,0.0391180315680103,-0.950237154947122,-0.0201395493741454,0.0307513086078852,-0.0762784292535286,0,,
2026-05-13 04:00:00,22.700000762939453,22.709999084472656,22.65999984741211,22.700000762939453,7219700,0.0,-0.0056942251949642,-0.0083254633224161,-0.007827610170441,-0.0005463625489214,22.79941215515137,22.808005256652837,22.71884119987488,0,0,-0.0241131587226703,-0.0155550190696683,0,42.39201575953847,19.431639799565183,0.0380962442770691,-0.7445128568606152,-0.0201395493741454,0.0305802169411676,-0.0722497032293058,0,,
2026-05-14 04:00:00,22.739999771118164,22.75,22.690000534057617,22.700000762939453,5739800,0.0,-0.0035118490471756,-0.0070281156330102,-0.0125338511388726,-0.0031334109014957,22.79337282180786,22.80157653808594,22.721342811584478,0,0,-0.0274594046725304,-0.0179358961902407,0,42.39201575953847,19.935818311072143,0.0379711190173822,-1.2451899088926004,-0.0201395493741454,0.0303406996825016,-0.0710389897431369,0,,
2026-05-15 04:00:00,22.600000381469727,22.600000381469727,22.549999237060547,22.56999969482422,10165100,-0.0057269191077506,-0.0109553025128524,-0.0109894426630415,-0.0203013034770289,-0.0092697550891471,22.775848579406738,22.79354179382324,22.72343720436096,0,0,-0.0401386352273682,-0.0223764439976662,0,34.25354002925424,21.57119104730492,0.0421161234616618,-1.975950781567832,-0.0257511309117638,0.0305342481657125,-0.061177892575414,0,,
2026-05-18 04:00:00,22.59000015258789,22.61000061035156,22.530000686645508,22.56999969482422,12335900,0.0,-0.0087835203741184,-0.0152913367676532,-0.0211437347451546,-0.006270152682551,22.7588228225708,22.785904655456545,22.72548302650452,0,0,-0.0496150849757235,-0.0278241721932777,0,34.25354002925424,23.22477535357341,0.0382660824084221,-2.062973955393989,-0.0257511309117638,0.030555742163182,-0.0532985833352273,0,,
2026-05-19 04:00:00,22.5,22.530000686645508,22.46999931335449,22.51000022888184,15550300,-0.0026583724746854,-0.0083700672983153,-0.0174816936941855,-0.0220641493577264,-0.0076242014538199,22.74278497695923,22.77587471008301,22.72626459121704,0,0,-0.0612605219765214,-0.0345114421499264,0,31.061613761403063,25.14137454581649,0.0388206526460539,-2.145533898345778,-0.0283410472888414,0.0306788611997306,-0.0509719327326875,0,,
2026-05-20 04:00:00,22.51000022888184,22.6200008392334,22.5,22.61000061035156,12115600,0.004442486914834,-0.0039647642979303,-0.0096692601737761,-0.0181425124594246,-0.0040781527340076,22.730251598358155,22.769236373901368,22.727448759078975,0,0,-0.0617090758402305,-0.0399509688879872,0,40.93987888044708,25.475273006338792,0.041622040420321,-1.7113055716176504,-0.0240244651057407,0.0305025303343697,-0.0593293973403772,0,,
2026-05-21 04:00:00,22.549999237060547,22.6299991607666,22.530000686645508,22.6299991607666,7835800,0.0008845002156208,-0.0030837709171859,-0.0100902134516044,-0.0164272044745849,-0.0040591810925113,22.72071218490601,22.76478729248047,22.728732919692995,0,0,-0.0597619436394794,-0.0439131638382857,0,42.70793317949683,25.63805789463999,0.0414196805199721,-1.5444039214000338,-0.0231612145346861,0.0304690866725221,-0.0520872080825689,0,,
2026-05-22 04:00:00,22.64999961853028,22.670000076293945,22.59000015258789,22.64999961853028,6303200,0.0008838028504372,0.0035445248022933,-0.0074838702128307,-0.0185181190423115,-0.0027478525919552,22.70968027114868,22.761930999755855,22.73021448135376,0,0,-0.055959886810001,-0.0463225084326287,0,44.49746803951437,25.20479413942984,0.0414089916006332,-1.7650399038930384,-0.0222978816316743,0.0303765881304124,-0.0569872184301649,0,0.423472,
