Date,open,high,low,close,volume,ret_1d,ret_5d,ret_21d,ret_63d,ret_126d,ret_252d,sma20,sma50,sma200,trend_sma,above_sma200,macd,macd_signal,macd_bullish,rsi,adx,vol_21,sharpe_63,drawdown,calmar_63,rs_ratio,rs_mom_21,rs_mom_63,rs_mom_126d,rs_positive,score,score_pct
2024-09-25,3088.9237597940964,3088.9237597940964,3074.928635963314,3085.9248046875,2.0,,,,,,,,,,0,0,0.0,0.0,0,,0.0,,,0.0,,,,,,0,,
2024-09-26,3139.9059001181754,3140.9055517896554,3133.5182333218763,3142.405029296875,8176.0,0.0183025278268549,,,,,,,,,0,0,4.505544983084292,0.9011089966168584,1,99.99999999982296,7.142857142857143,,,0.0,,5.617549174266,,,,0,,
2024-09-27,3076.927790914482,3119.91281203512,3076.927790914482,3107.9169921875,17692.0,-0.0109750451605825,,,,,,,,,0,0,5.23300267924742,1.7674877331429708,1,95.51364013717313,7.199510580986105,,,-0.0109750451605825,,5.563966902992691,,,,0,,
2024-09-30,3107.9173119029665,3111.9159189301818,3098.9204460917326,3096.921142578125,4632.0,-0.0035380126422345,,,,,,,,,0,0,4.866151017325592,2.387220389979495,1,94.06464961014755,7.252117344962997,,,-0.0144742279542898,,5.522152513844029,,,,0,,
2024-10-01,3128.909495055332,3138.906011013976,3121.911933884282,3124.910888671875,7450.0,0.0090379266391165,,,,,,,,,0,0,6.756077169824948,3.260991745948586,1,94.30162645625973,7.93963671473362,,,-0.005567118325582,,5.622428859696083,,,,0,,
2024-10-02,3110.916015625,3110.916015625,3108.916712273056,3110.916015625,676.0,-0.0044784870818581,0.0080984510379313,,,,,,,,0,0,7.043396081350238,4.017472613028917,1,92.31692328977816,7.688891914544611,,,-0.010020673139936,,5.594887709814129,,,,0,,
2024-10-03,3129.9093196198583,3129.9093196198583,3121.6721997769496,3128.90966796875,1597.0,0.0057840366803136,-0.0042945964006252,,,,,,,,0,0,8.623627938811751,4.938703678185484,1,92.53447951567624,8.43614559638923,,,-0.0042945964006252,,5.637554801252876,,,,0,,
2024-10-04,3138.9061343666126,3145.903695812653,3137.906482731464,3165.896728515625,56.0,0.0118210701080694,0.018655497065678,,,,,,,,0,0,12.713961113624464,6.493755165273281,1,92.97483942981728,9.803545535927364,,,0.0,,5.652827587950585,,,,0,,
2024-10-07,3143.904362649812,3163.928390220417,3143.904362649812,3153.90087890625,163.0,-0.0037890843062968,0.0183988334558271,,,,,,,,0,0,14.816815784725804,8.158367289163785,1,91.0980199516764,11.707796171182505,,,-0.0037890843062968,,5.682783655502649,,,,0,,
2024-10-08,3128.9096208403384,3161.3572976753685,3128.9096208403384,3158.899169921875,5508.0,0.0015847964814159,0.0108765601519105,,,,,,,,0,0,16.694222963789798,9.865538424088989,1,91.17793025174596,12.510919810192462,,,-0.0022102927523574,,5.638463312579781,,,,0,,
2024-10-09,3129.109786654872,3129.109786654872,3129.109786654872,3142.905029296875,256.0,-0.0050632007432499,0.0102828277945163,,,,,,,,0,0,16.698992607343826,11.232229260739956,1,88.44203829273704,13.256677474987422,,,-0.0072623023397007,,5.571325631577717,,,,0,,
2024-10-10,3122.9117181284805,3137.906492703361,3118.405231922016,3141.4052734375,978.0,-0.0004771877754481,0.0039935973852711,,,,,,,,0,0,16.392788953456602,12.264341199283288,1,88.17486174033411,13.283776414295122,,,-0.0077360246332508,,5.578429620329418,,,,0,,
2024-10-11,3147.902900657073,3148.9025522609654,3122.6677990479748,3150.90185546875,8874.0,0.0030230362543635,-0.0047363746618183,,,,,,,,0,0,16.72363549545662,13.156200058517957,1,88.4135448155126,13.785999527987672,,,-0.0047363746618183,,5.5619868163427535,,,,0,,
2024-10-14,3143.904430928149,3154.308764272472,3138.906172691379,3156.89990234375,5040.0,0.0019035968589722,0.0009508933706692,,,,,,,,0,0,17.270739682260682,13.9791079832665,1,88.57046227836203,14.476237186114131,,,-0.0028417939507753,,5.527369551352747,,,,0,,
2024-10-15,3132.908388546272,3139.9059503585963,3108.916748046875,3108.916748046875,108.0,-0.0151994538253339,-0.015822734182502,,,,,,,,0,0,13.67484900513682,13.918256187640566,0,79.3161158716604,13.445066199214075,,,-0.0179980540601732,,5.485981350686915,,,,0,,
2024-10-16,3115.913955791081,3120.548326820488,3115.913955791081,3121.911865234375,178.0,0.0041799502015176,-0.0066795413373329,,,,,,,,0,0,11.738364529412138,13.482277855994882,0,79.92780094842352,12.48755028280688,,,-0.0138933348283514,,5.485071958762931,,,,0,,
2024-10-17,3137.90664051559,3138.5404528757026,3120.912561863546,3122.911865234375,45288.0,0.0003203165378036,-0.0058869857892892,,,,,,,,0,0,10.1671773814287,12.819257761081646,0,79.97687276994495,12.428167731519316,,,-0.0135774685554586,,5.486357660403926,,,,0,,
2024-10-18,3085.924618907028,3115.4563199057206,3085.924618907028,3113.4150390625,52332.0,-0.0030410163916561,-0.0118971704374692,,,,,,,,0,0,8.062743455407144,11.867954899946746,0,78.02595270111166,12.27650896983078,,,-0.0165771956426803,,5.448714766143025,,,,0,,
2024-10-21,3105.917845448259,3105.917845448259,3079.5449541335847,3071.9296875,20436.0,-0.0133247096972306,-0.0269157139827798,,,,,,,,0,0,3.0127145459264284,10.096906829142682,0,69.99373955902453,12.373925388912472,,,-0.0296810190203781,,5.384955931636877,,,,0,,
2024-10-22,3046.9385160877346,3049.9374713201046,3037.941650390625,3037.941650390625,27634.0,-0.0110640673996139,-0.0228295266191476,,,,,3122.28701171875,,,0,0,-3.68949014738746,7.339627433836654,0,64.16579125660178,13.741730040246058,,,-0.0404166936250612,,5.328205698033878,,,,0,,
2024-10-23,2983.960240843949,3009.427441032069,2983.960240843949,2981.9609375,2073.0,-0.0184271850262255,-0.0448285966342834,,,,,3117.088818359375,,,0,0,-13.36415764314097,3.198870418441129,0,55.90860346181552,16.109501878907217,,,-0.0580991127597095,,5.278251719391801,,,,0,,
2024-10-24,3005.453685922756,3006.321303511648,2997.955322265625,2997.955322265625,9058.0,0.0053637137108288,-0.0400128304483456,-0.0285066837300279,,,,3109.8663330078125,,,0,0,-19.515821909016267,-1.3440680470503503,0,57.58791781565705,18.30814715766401,0.1457965314239443,,-0.0530470260565769,,5.295111208277357,,,,0,,
2024-10-25,3005.9525652036286,3017.5796172318765,3002.9536102001,3009.951171875,24502.0,0.0040013436892414,-0.0332316333959299,-0.04215047270705,,,,3104.9680419921874,,,0,0,-23.15616548855178,-5.706487535350637,0,58.85369465947698,19.809535976342392,0.1289704650897007,,-0.04925794175028,,5.318135652843084,-0.0532996707522436,,,0,,
2024-10-28,3024.945869292155,3030.943779145345,3011.58162996717,3027.94482421875,15994.0,0.0059780545650982,-0.014318317069635,-0.0257317580134152,,,,3101.5192260742188,,,0,0,-24.309007530697727,-9.426991534420056,0,60.74613822429264,20.589106304216173,0.1274960637993035,,-0.0435743538487295,,5.333439120879688,-0.0414322705602381,,,0,,
2024-10-29,3054.935235284473,3060.9331447778327,3046.738141121328,3048.4375,8771.0,0.0067678498027246,0.00345492139654,-0.0156554333630087,,,,3097.695556640625,,,0,0,-23.300462258880543,-12.201685679312153,0,62.84220929463015,20.10046141048589,0.1300965248130464,,-0.0371014087281038,,5.360859487491031,-0.0292083614041148,,,0,,
2024-10-30,3073.928961618318,3083.1357146788564,3057.9345345009547,3059.933837890625,22081.0,0.0037712230907227,0.0261481964468641,-0.0207932491824962,,,,3095.146447753906,,,0,0,-21.32767234514085,-14.026883012477892,0,64.00347014519743,18.884433860202968,0.1263448348104855,,-0.0334701033266748,,5.397405337271381,-0.0400224757022299,,,0,,
2024-10-31,3031.943697096205,3053.93603515625,3031.943697096205,3053.93603515625,7142.0,-0.0019601086337571,0.0186729643616967,-0.0183161423138908,,,,3091.397766113281,,,0,0,-20.01744602292865,-15.224995614568044,0,62.899032484425405,18.487511007606567,0.1257634706855113,,-0.0353646069219286,,5.494535793056456,-0.0179363593985351,,,0,,
2024-11-01,3031.943247660472,3052.305047251008,3028.944292915012,3051.936279296875,13324.0,-0.0006548126209436,0.0139487669481763,-0.0246007065847462,,,,3085.699743652344,,,0,0,-18.922321069545436,-15.96446070556352,0,62.511713687286544,18.19926186264491,0.1234404582361601,,-0.0359962623519251,,5.467860646379247,-0.0301006661320466,,,0,,
2024-11-04,3036.941642010512,3067.9308424391907,3036.941642010512,3057.934326171875,11849.0,0.00196532506779,0.0099042432059053,-0.0341016816408821,,,,3080.901416015625,,,0,0,-17.37020152835248,-16.245608870121313,0,63.24282630759895,17.376907109827304,0.1148042305989197,,-0.0341016816408821,,5.490432519592486,-0.0287281127597552,,,0,,
2024-11-05,3046.9385675939484,3067.9312545754024,3040.0010429458034,3072.4296875,24038.0,0.0047402461210706,0.0078703229113274,-0.0258318807515928,,,,3076.5779418945312,,,0,0,-14.799877320007909,-15.956462560098633,1,65.01837484057336,16.613277295593775,0.1165677005581967,,-0.0295230858839316,,5.450552058730634,-0.0408658169745992,,,0,,
2024-11-06,3131.908634896589,3134.2557174076887,3096.920826974029,3100.91943359375,3678.0,0.0092727088953927,0.0133942751296147,-0.0183544118407422,,,,3074.478662109375,,,0,0,-10.344744678413008,-14.83411898376151,1,68.26324397990196,16.857042476928772,0.1218219766624552,,-0.0205241359696343,,5.367624681107053,-0.0480341214366811,,,0,,
2024-11-07,3108.9165381950024,3115.9140995349912,3107.916886575004,3110.416015625,1373.0,0.0030625052454988,0.0184941596086376,-0.0103372559364746,,,,3072.92919921875,,,0,0,-5.978805213947908,-13.06305622979879,1,69.28596574417983,17.083395859596983,0.1215356598069605,,-0.0175244859982017,,5.342751590054217,-0.0410268680451857,,,0,,
2024-11-08,3122.9118357366647,3126.9104424405527,3097.920543837364,3110.916015625,4234.0,0.0001607502010947,0.0193253498535406,-0.0097056110748604,,,,3070.9299072265626,,,0,0,-2.450176799179644,-10.94048034367496,1,69.3419835870519,17.555968927587063,0.1215550493734858,,-0.0173665528617553,,5.32056351413321,-0.0462255730997248,,,0,,
2024-11-11,3119.9127646425263,3138.906145779408,3118.913113003743,3137.906494140625,11512.0,0.0086760550204703,0.0261523497363216,-0.0041243307231452,,,,3069.9802368164064,,,0,0,2.4954269606364505,-8.253298882812679,1,72.2809408160643,18.273822571070525,0.1251075629702032,,-0.0088411710094294,,5.361615634907392,-0.0360251090215841,,,0,,
2024-11-12,3132.9082475427413,3136.906854112675,3109.916259765625,3109.916259765625,2257.0,-0.0089200345603879,0.0122009536680813,-0.0148828420385591,,,,3070.030212402344,,,0,0,4.108910617635956,-5.780856982722952,1,65.2908594221075,18.578446089492363,0.1284248351773512,,-0.0176823420188589,,5.330348227374521,-0.0356446809187939,,,0,,
2024-11-13,3090.9230257174613,3092.922329097615,3084.9251155770007,3091.4228515625,1024.0,-0.0059465936245237,-0.0030625052454987,-0.0056270070581224,,,,3068.50576171875,,,0,0,3.850953163267605,-3.85449495352484,1,61.08741519488377,17.93194499298669,0.1188922296188445,,-0.0235237859410667,,5.296077295946802,-0.0346162413979651,,,0,,
2024-11-14,3099.91964075766,3111.9154600704924,3099.91964075766,3105.417724609375,7361.0,0.0045270005815611,-0.0016069525717834,-0.0052833460190464,,,,3067.6310546875,,,0,0,4.721364367565002,-2.139323089306872,1,63.02727801755259,17.848318424452355,0.119060820773087,,-0.0191032775521412,,5.354483469602336,-0.0238079810333148,,,0,,
2024-11-15,3089.923128665264,3092.922083497356,3089.923128665264,3094.92138671875,126.0,-0.0033800083664896,-0.005141453136605,-0.0089629421909812,,,,3066.7063720703127,,,0,0,4.512191042134418,-0.8090202630186142,1,60.58767722503416,17.40908535728016,0.1195362268992995,,-0.0224187166806772,,5.405623524324841,-0.0147154343694649,,,0,,
2024-11-18,3104.918034251143,3115.9142024342605,3095.557282505239,3114.91455078125,2661.0,0.0064599909219977,-0.0073271601312236,0.0004816292398976,,,,3068.855615234375,,,0,0,5.89178410506338,0.5311406105977846,1,63.486811830767785,17.612853744820566,0.1214091222381168,,-0.0161035504649195,,5.418342377571535,-0.0055742298643006,,,0,,
2024-11-19,3111.915670447112,3114.9146254780594,3095.3213549869647,3103.91845703125,5964.0,-0.0035301429848989,-0.0019286058637563,0.0104132492554811,,,,3072.1544555664063,,,0,0,6.028337754308723,1.6305800393399723,1,60.83623577214579,17.79287188685401,0.1122050093872999,,-0.0195768456141127,,5.379550333544264,-0.0010038333017461,,,0,,
2024-11-20,3066.931396484375,3066.931396484375,3066.931396484375,3066.931396484375,0.0,-0.011916247497768,-0.0079223892214377,0.0095425618494096,,,,3076.402978515625,,,0,0,3.1160904814109927,1.9276821277541765,1,52.84431622880876,16.914691917325413,0.1133463203650667,,-0.0312598105743174,,5.313646457682107,-0.0027324846631097,,,0,,
2024-11-21,3083.925317061058,3108.3367320727166,3082.925665418575,3109.916259765625,8856.0,0.0140155933486232,0.0014486087074858,0.0429097915591407,,,,3082.001025390625,,,0,0,4.2278962076288735,2.387724943729116,1,59.50265299268954,17.183354956832563,0.1001136139569325,,-0.0176823420188589,,5.359348323096976,0.0153642925757468,,,0,,
2024-11-22,3134.9073639401654,3138.905970271722,3114.914332282384,3140.9052734375,936.0,0.0099645813852911,0.0148578529057574,0.0476824821604895,,,,3088.54873046875,,,0,0,7.522845987377877,3.414749152458868,1,63.50356534823746,18.07442431545822,0.1032677970854171,,-0.0078939577696972,,5.396028606382068,0.0190585984194167,,,0,,
2024-11-25,3154.900356261888,3163.497457389768,3138.4551605172687,3153.40087890625,34154.0,0.003978345216083,0.0123555004471462,0.047658483091568,,,,3094.821533203125,,,0,0,11.01542934523104,4.934885191013303,1,65.00488816318327,19.35070785220531,0.1032628872184498,,-0.0039470174427432,,5.399182222029007,0.0152396581201526,,,0,,
2024-11-26,3131.9085871865773,3131.9085871865773,3118.9131158704504,3130.908935546875,422.0,-0.0071325988109625,0.0086956145560086,0.0340046194054051,,,,3098.945104980469,,,0,0,11.832022769636296,6.314312706737902,1,60.204186715975766,19.84617689428616,0.1071949770805918,,-0.0110514637617868,,5.332826700638087,-0.0001148265176972,,,0,,
2024-11-27,3124.911207739767,3124.911207739767,3109.9164322707666,3113.9150390625,7170.0,-0.0054277836993067,0.0153194305656729,0.0214790492055356,,,,3101.6441650390625,,,0,0,10.981327610292738,7.247715687448869,1,56.791527640083245,19.99942247185595,0.1081297215388949,,-0.0164192625062338,,5.320000446301904,-0.0076217332844605,,,0,,
2024-11-28,3144.904332750626,3148.9029396581286,3144.904332750626,3142.905029296875,10112.0,0.0093098205540966,0.0106076070143883,0.0271153547108868,,,,3106.0926147460937,,,0,0,12.502277032805068,8.298627956520109,1,60.86675511023242,20.637593336324525,0.1115442118693991,,-0.0072623023397007,,5.369528695804689,-0.0051648226739969,,,0,,
2024-11-29,3151.901641180391,3165.8967642303514,3148.9026862411138,3163.8974609375,19005.0,0.0066793082975598,0.0073202422545002,0.0360064600290896,,,,3111.690673828125,,,0,0,15.226037913138953,9.68410994784388,1,63.5478112927423,21.55286703102952,0.1123760808963606,,-0.0006315011984179,,5.372021644656016,-0.0222974520532314,,,0,,
2024-12-02,3198.885274899474,3221.877262812814,3195.1736776658413,3231.873779296875,6668.0,0.0214849941246935,0.0248851647488101,0.0589584721085509,,,,3120.387646484375,,,0,0,22.609134792061013,12.269114916687307,1,70.57727929553516,23.27748203575724,0.131115260693864,,0.0,,5.477622403881992,0.0017852974196057,,,0,,
2024-12-03,3261.863244201277,3272.8594120487223,3259.863940956287,3267.361328125,36655.0,0.0109804872502927,0.0435823575157068,0.0684864289467261,,,,3130.134228515625,3108.21689453125,,1,0,30.966874022040884,16.008666737758023,1,73.45521512373129,25.47191423466715,0.1341083395454892,,0.0,,5.535201829169749,0.00815405879546,,,0,,
2024-12-04,3244.869209155702,3261.863286960892,3244.869209155702,3247.8681640625,38552.0,-0.0059660264369004,0.0430175914627166,0.0571008922600446,,,,3137.4816650390626,3111.45576171875,,1,0,35.607051225477335,19.92834363530189,1,69.43746299599219,27.00152978849178,0.1376341919124877,,-0.0059660264369004,,5.4682219182783856,0.0032418476802635,,,0,,
2024-12-05,3240.8706769466103,3240.8706769466103,3232.4824866381155,3236.8720703125,449.0,-0.003385634266708,0.0298981484135545,0.0438426858969343,,,,3143.8044677734374,3113.3451025390623,,1,0,37.95955806605616,23.53458652145274,1,67.20440986749003,28.007790622329644,0.1369820030150018,,-0.0093314619200676,,5.458693096146259,0.0169662412053042,,,0,,
2024-12-06,3206.882523551145,3213.6802036465965,3206.882523551145,3229.87451171875,56.0,-0.002161827357321,0.020853093880514,0.0384059545390895,,,,3149.752392578125,3115.784252929688,,1,0,38.81189284745187,26.59004778665257,1,65.75521036677054,28.128382580638775,0.1377037873838166,,-0.011473116267726,,5.436585268630778,0.0175628001779526,,,0,,
2024-12-09,3217.878527550272,3218.878179158706,3204.883056640625,3204.883056640625,1990.0,-0.0077375932060054,-0.0083514160822586,0.030205585925066,,,,3153.101220703125,3117.9434912109373,,1,0,37.043755386786415,28.68078930667934,1,60.719205226986105,28.327492851566294,0.1415752908036912,,-0.0191219351672465,,5.422443810956767,0.0191484034638302,,,0,,
2024-12-10,3197.8857453998767,3198.285508452277,3189.8885319071605,3190.88818359375,34125.0,-0.0043667343861041,-0.023405169141527,0.016884406706209,,,,3157.149816894532,3119.263037109375,,1,0,34.119911316865,29.76861370871648,1,58.03858722867803,28.03411064209313,0.1403986907016351,,-0.023405169141527,,5.415602363453915,0.0100691157708203,,,0,,
2024-12-11,3203.883604047911,3227.875244140625,3202.883952377381,3227.875244140625,43154.0,0.0115914624451736,-0.0061557055003327,0.037929955189176,,,,3163.9724365234374,3121.602221679688,,1,0,34.39085413970406,30.693061794913994,1,62.72261851768357,28.29234441894864,0.1404219483114158,,-0.0120850068354804,,5.436352168208383,0.0198868697338512,,,0,,
2024-12-12,3207.882038971657,3225.8757680777617,3206.032585857968,3223.87646484375,69840.0,-0.0012388270904006,-0.0040148653349452,0.0428455179511608,,,,3169.895373535156,3123.501557617188,,1,0,33.89222177334932,31.332893790601062,1,61.91789230085591,28.53213292602876,0.1380720812127842,,-0.0133088626920255,,5.457737247832766,0.0305244698769191,,,0,,
2024-12-13,3207.882262265772,3208.881913952361,3189.482667465071,3190.88818359375,3180.0,-0.0102324892438453,-0.0120705395777911,0.0275230151187233,,,,3174.693713378906,3124.00138671875,,1,0,30.483775440469344,31.16307012057472,0,55.58242836055388,28.19254321469288,0.144053360285034,,-0.023405169141527,,5.402965126986368,0.0090544041566782,,,0,,
2024-12-16,3164.8970797381826,3174.3637514449188,3159.8988215579266,3158.899169921875,15993.0,-0.0100251127057192,-0.0143480700874466,0.0206718605124101,,,,3176.892944335937,3124.101352539062,,1,0,24.914116676604863,29.91327943178075,0,50.21661527681961,26.96460473420913,0.1485612652016479,,-0.0331956423887059,,5.326056898370716,-0.014719231851068,,,0,,
2024-12-17,3143.9045394260165,3148.9027978352788,3140.917543104192,3147.4033203125,28178.0,-0.0036391948558647,-0.0136278242229957,0.0104300676636863,,,,3179.0671875,3123.871435546875,,1,0,19.349454523238364,27.800514450072274,0,48.40802458573344,25.296534240170647,0.1480167929058511,,-0.0367140318335525,,5.328628468921276,-0.0165574455061416,,,0,,
2024-12-18,3154.147098528544,3154.251066209475,3148.081096862952,3148.90283203125,10084.0,0.0004764282064115,-0.0244657572354226,0.0144927695822993,,,,3183.165759277344,3123.9913916015626,,1,0,14.88878904704552,25.218169369466928,0,48.66772749770971,23.883940150366897,0.1472790469145743,,-0.0362550952274777,,5.4949359565616565,0.0214489345508868,,,0,,
2024-12-19,3099.919706366943,3128.9096036531864,3098.420228921103,3115.414306640625,1245.0,-0.010634982143613,-0.033643397749852,0.01580827996734,,,,3183.4406616210936,3123.471572265625,,1,0,8.552843539698642,21.885104203513272,0,43.41197343514372,23.029376008161368,0.1459541649991718,,-0.0465045050807315,,5.43816669362154,0.0234340460794884,,,0,,
2024-12-20,3100.919218781325,3100.919218781325,3079.96241164978,3116.413818359375,21901.0,0.0003208278644093,-0.0233396975855474,0.0020893033930886,,,,3182.2160888671874,3122.7818115234377,,1,0,3.571048495384275,18.222293061887477,0,43.6077182126619,22.62624007543688,0.1377968382894437,,-0.0461985971573726,,5.375348636400435,0.0029854960601281,,,0,,
2024-12-23,3108.91671384284,3109.916365519317,3102.7189222598013,3107.417236328125,7843.0,-0.0028868380631126,-0.0162974285738355,-0.0106619061047723,0.006964664728051,,,3179.9169067382813,3121.792158203125,,1,0,-1.090439048897224,14.359746639730536,0,42.19296711513913,21.987401780636528,0.1333662160223282,0.2786935976608949,-0.0489520673517489,,5.327925447443535,-0.0126209781130486,,,0,,
2024-12-24,3128.90994981072,3128.90994981072,3115.914477175724,3123.411865234375,640.0,0.0051472421274041,-0.0076226185958725,-0.0095100543265772,-0.0060441489513367,,,3179.542053222656,3122.082060546875,,1,0,-3.454250185954152,10.796947274593595,0,45.57367022542071,20.850809376679152,0.1339185450671537,-0.1345132947399824,-0.0440567933676412,,5.296479383010729,-0.0190219249499016,-0.0571547807228982,,0,,
2024-12-27,3192.887213564212,3196.8858199681745,3164.896968736473,3175.393310546875,9231.0,0.0166425202808144,0.0084126058912199,0.0142081344158384,0.0217111069983506,,,3182.615966796875,3123.151689453125,,1,0,-1.1202062919278433,8.41351656128931,0,54.82109701221829,20.481022950273296,0.1438618364489663,0.7418841962602525,-0.0281474891639552,,5.441548503809717,0.0203872747559228,-0.022001999889167,,0,,
2024-12-30,3144.903945845396,3158.899068299889,3140.905339429826,3150.90185546875,2515.0,-0.0077128886669812,0.0113909564941272,0.0118779144396263,0.0174304447563966,,,3183.0158081054688,3123.7114892578124,,1,0,-1.2325078479461808,6.484311679442212,0,50.47002479348494,19.54029914453621,0.1453010169024479,0.6059625936672697,-0.0356432793807598,,5.461907430103668,0.0266742428377817,-0.0109097102242877,,0,,
2024-12-31,3162.89791660484,3162.89791660484,3143.9045346783246,3157.899658203125,94.0,0.0022208888297263,0.0133120446326315,0.004770945595389,0.0105567072811061,,,3182.71591796875,3124.601181640625,,1,0,-0.7482184460964163,5.037805654334486,0,51.65080644399591,18.75158696725725,0.1419854623483756,0.3952756080789174,-0.0335015503120649,,5.49402479068636,0.0231856652482258,-0.0228378290262021,,0,,
2025-01-02,3192.8872373394124,3206.9824226405644,3176.892811604462,3204.883056640625,9230.0,0.0148780529854561,0.0313655402219723,0.0129541479169745,0.030205585925066,,,3181.3663818359373,3127.2602490234376,,1,0,3.3877006865045587,4.7077846607685006,0,58.759542290531535,18.882051983910102,0.1493045300290496,0.9861690475504014,-0.0191219351672465,,5.589498954034132,0.0404833270905486,-0.0009631570925979,,0,,
2025-01-03,3167.895851326947,3182.990687780045,3161.897941857726,3182.890625,5250.0,-0.0068621635335667,0.0190428807765197,-0.015156270832932,0.0172523219778006,,,3177.1428466796874,3130.159228515625,,1,0,4.835104882464293,4.733248705107659,1,54.70498403776436,18.605913551728733,0.1305936374099571,0.5924114262122748,-0.0258528808546173,,5.482592026386177,0.0009072590510552,-0.0274875864323768,,0,,
2025-01-06,3168.895673505307,3190.592214053801,3159.898808817122,3190.38818359375,21684.0,0.0023555816008442,0.0047222096856696,-0.0235581978242429,0.0077360246332507,,,3174.26884765625,3134.3277734375,,1,0,6.512105950794648,5.089020154245057,1,55.82411698254669,18.498610840756047,0.1241360286018615,0.3046704450281174,-0.0235581978242429,,5.46403050664615,-0.0128579453324602,-0.0333986979731825,,0,,
2025-01-07,3178.89239903752,3188.888916015625,3177.392921490804,3188.888916015625,3349.0,-0.0004699326514042,0.0120559326470115,-0.0181593725692063,0.011093575369911,,,3171.8696899414062,3138.1464453125,,1,0,7.632183950225681,5.597652913441182,1,55.52866124307674,18.398972609138557,0.1228782306643069,0.4097101747750265,-0.0240170597092813,,5.523905564424896,0.0101831357575996,-0.0279577933472641,,0,,
2025-01-08,3175.893303095408,3194.886684511465,3175.893303095408,3193.38720703125,1452.0,0.0014106138953393,0.0112377062823831,-0.0134342236383323,0.0109177391408248,,,3170.045324707032,3141.815166015625,,1,0,8.781599512846242,6.234442233322194,1,56.276382517398325,18.43662237712113,0.1227513572790034,0.4042515991258861,-0.0226403246120932,,5.523627978452127,0.0118956829340177,-0.0203664239282092,,0,,
2025-01-09,3184.8902440484967,3190.888154112618,3178.892333984375,3178.892333984375,1523.0,-0.0045390277179541,-0.0081097257518948,-0.0157845691990198,0.0114503315728731,,,3168.7457885742188,3144.8341162109373,,1,0,8.425777394205397,6.672709265498836,1,53.17389827052627,18.47158287596209,0.1234031752084444,0.421026331026785,-0.0270765872690895,,5.498556077954265,0.0113988480381352,-0.013061443260649,,0,,
2025-01-10,3158.8993473273745,3158.8993473273745,3152.252737418888,3152.401611328125,1603.0,-0.0083333186132311,-0.0095790327925185,-0.0163754634365695,0.0035004518466961,,,3166.8214599609373,3146.9133984375,,1,0,5.937759084866229,6.525719229372315,0,47.96904427777546,17.63992825989126,0.1238459614501479,0.1720744024655832,-0.0351842680536484,,5.53727428045059,0.0211768850904074,-0.0073775852130223,,0,,
2025-01-13,3152.9014388020832,3156.050244011879,3143.9675399096805,3148.90283203125,3130.0,-0.0011098773976964,-0.0130032300695678,-0.0131578886964361,-0.0006344289759551,,,3162.872839355469,3148.6927783203123,,1,0,3.641685319281805,5.948912447354213,0,47.31036533753542,16.61626188091467,0.1231618856078812,0.0431171384717432,-0.0362550952274777,,5.522566612056457,0.0197511267304941,-0.0070874321691069,,0,,
2025-01-14,3153.901090494792,3160.8986523437497,3153.901090494792,3148.90283203125,1689.0,0.0,-0.0125391899929634,-0.0244657572354226,-0.0025332036364418,,,3159.124157714844,3150.5921142578127,,1,0,1.8012664394732385,5.119383245778018,0,47.31036533753543,15.806205681829477,0.1149758146474684,-0.016360363347972,-0.0362550952274777,,5.514978322937087,0.014463035560593,-0.0022417948176862,,0,,
2025-01-15,3152.90128701046,3182.890836347908,3152.90128701046,3177.892578125,941.0,0.0092063006196509,-0.004852098383852,-0.0142635386995135,0.0221864513166709,,,3158.4743774414064,3153.111240234375,,1,0,2.651387900782993,4.625784176779013,0,53.45233719548754,15.665564401343438,0.1204421001039736,0.761253819766854,-0.0273825699134849,,5.466316905872618,0.0015720174222859,-0.0035844899129733,,0,,
2025-01-16,3177.892856386206,3191.988043431234,3177.892856386206,3179.392333984375,332.0,0.0004719340954753,0.0001572874911976,-0.0036027115172766,0.0184119447413306,,,3159.4990356445314,3155.540400390625,,1,0,3.4068608760521784,4.381999516633647,0,53.75268880398265,15.773185736828722,0.1153177767440149,0.6442797314136096,-0.0269235585863736,,5.479435011240007,0.0141533181237265,-0.0010276888918328,,0,,
2025-01-17,3187.8892577667807,3202.884033203125,3183.890650983756,3202.884033203125,2402.0,0.007388738712001,0.0160139563733223,0.0139241111903984,0.0256082052327621,,,3162.2730712890625,3158.149487304688,,1,0,5.833912735937247,4.672382160494367,1,58.29237742044889,16.154448031900024,0.1122595594966422,0.8645252985189389,-0.0197337510139644,,5.46505310498357,0.0260973942383857,-0.003883187487778,,0,,
2025-01-20,3213.8802378152327,3214.879889522173,3200.884765625,3200.884765625,268.0,-0.0006242085437372,0.0165079509805701,0.0169922440404586,0.0280944639455582,,,3164.87216796875,3160.1487939453127,,1,0,7.509480024647473,5.239801733324988,1,57.77261748920573,16.80921255477154,0.111278676912861,0.9425528287588644,-0.0203456415817188,,5.461641772143461,0.0249620148970739,0.0023724871928993,,1,,
2025-01-21,3207.88225104867,3213.880161147234,3205.8829476824817,3215.379638671875,509.0,0.0045283957743615,0.0211111012903955,0.0211111012903955,0.0466970164569806,,,3169.8704345703127,3162.24806640625,,1,0,9.892954467978598,6.17043228025571,1,60.521048347535626,17.417208183152237,0.1120012103740597,1.5458009521187492,-0.0159093789247224,,5.436610197827555,-0.0106144565096255,0.0095923284881882,,1,,
2025-01-22,3201.884475168795,3224.87646484375,3201.884475168795,3224.87646484375,1727.0,0.0029535629502828,0.0147846050688318,0.0351356665371287,0.0615333788353336,,,3175.293566894531,3164.527275390625,,1,0,12.405190327969194,7.417383889798408,1,62.25447275038047,18.268181417461168,0.103775641347502,2.040052674820184,-0.0130028053265937,,5.4221869475396165,-0.0029384435936223,0.01763844243859,,1,,
2025-01-23,3229.8744417592206,3230.97415618304,3226.194815845344,3230.374267578125,650.0,0.0017048103374841,0.0160351187391396,0.0365678166831977,0.0833053602259419,,,3181.4414184570314,3166.376630859375,,1,0,14.670667754601707,8.86804066275907,1,63.26018019278707,19.215194330283342,0.1036602780704587,2.8648176234633684,-0.0113201623060466,,5.401946566237275,0.0049481311140873,0.023434813915947,,1,,
2025-01-24,3230.8738125579243,3236.871721863415,3223.876251701518,3235.8720703125,6783.0,0.0017019089055885,0.0102994790842878,0.0413381352470592,0.079359670999725,,,3187.0644287109376,3168.8957470703126,,1,0,16.71699851775793,10.437832233758842,1,64.28498622507988,20.24787174489076,0.1022938678590373,2.74348191281381,-0.0096375192854994,,5.426982447240073,0.0185920393920053,0.0249043379403579,,1,,
2025-01-27,3193.887205351996,3193.887205351996,3189.6887169917595,3197.385986328125,280.0,-0.0118935740190304,-0.0010930663091808,0.023683754908256,0.0622717126458784,,,3188.1640625,3171.015009765625,,1,0,15.059627048340644,11.362191196675202,1,53.11567038182281,19.64418221164292,0.1121423562120908,2.131230900297485,-0.021416468755548,,5.439378814425358,0.0269800788563439,0.0227980573450503,,1,,
2025-01-28,3214.879600290697,3234.8726326308138,3212.362411135962,3223.87646484375,2319.0,0.0082850424155536,0.0026425576842257,0.0152683934099884,0.0647077975324577,,,3191.81279296875,3173.3841845703123,,1,0,15.70269752171498,12.230292461683158,1,58.46502876097477,20.18259764310337,0.1007417400865194,2.2011097719972463,-0.0133088626920255,,5.437721402903509,-0.0007033109975089,0.0195525400516094,,1,,
2025-01-29,3240.8706083365537,3245.868866523377,3233.873046875,3233.873046875,5900.0,0.0031007956229907,0.0027897447016427,0.0263325216754193,0.0608297027165556,,,3195.611462402344,3176.1632177734373,,1,0,16.82502768401173,13.149239506148874,1,60.30558788282293,20.93212200210113,0.0961686220861705,2.084755536329375,-0.0102493351322173,,5.479145004059428,0.0031559623037098,0.0220646552748497,,1,,
2025-01-30,3219.173169537649,3222.1723991987087,3212.1749669951755,3234.669189453125,17.0,0.0002461885691196,0.0013295431176834,0.0243103136765538,0.0571042907525589,,,3197.1007690429688,3178.558310546875,,1,0,17.576117929262182,14.034615190771536,1,60.4558819206859,20.76445509930881,0.0961622506059275,1.9660031164321667,-0.0100056698322482,,5.451236177972763,-0.0077882088894343,0.0099734663857202,,1,,
2025-01-31,3247.166146476536,3256.163835921822,3241.167686846345,3238.16845703125,209.0,0.001081800757102,0.0007096654839411,0.0103858392965872,0.060326221556102,,,3199.864660644532,3181.243310546875,,1,0,18.24342515978742,14.876377184574714,1,61.15210884136488,21.39397626717381,0.0822349204054753,2.073113734327869,-0.0089346932163461,,5.486331933195874,-0.018457293164676,-0.001493094261202,,0,,
2025-02-03,3188.1810348906643,3201.1776963687385,3188.1810348906643,3198.178466796875,1817.0,-0.0123495706801609,0.0002478526121458,0.0048031313664367,0.0479178377648474,,,3200.2541748046874,3183.868251953125,,1,0,15.368257242957498,14.974753196251273,1,50.26127262195265,20.268255693981057,0.090236707311937,1.6291383652069116,-0.0211739242711261,,5.4552895239176005,-0.0049798530215594,-0.0022990934251352,,0,,
2025-02-04,3175.1842080171336,3187.181125679667,3174.821264157999,3194.67919921875,1207.0,-0.0010941439367608,-0.0090565708529452,0.001344982296219,0.0447180542356713,,,3200.543688964844,3185.563510742188,,1,0,12.661352119631374,14.512072980927291,0,49.43167846576393,18.86245237917792,0.0900103987678839,1.526097273153179,-0.0222449008870283,,5.413009310211241,-0.0093376485312168,-0.0141014772706815,,0,,
2025-02-05,3199.17839919104,3210.1755749382583,3199.17839919104,3213.1748046875,23.0,0.0057895032068551,-0.0064004498282643,0.0076157838392876,0.0458090604188969,,,3201.533068847656,3187.008901367188,,1,0,11.87170150918064,13.983998686577962,0,53.774663821804666,18.134749531496727,0.0921162039832211,1.5591660573700556,-0.0165841846051949,,5.422361513866895,-0.018382655056952,-0.0051720531351651,,0,,
2025-02-06,3235.168813069661,3264.161364237468,3231.685821209103,3263.16162109375,6057.0,0.0155568306876199,0.0088084530354839,0.0218496566620138,0.0523206716505926,,,3205.746533203125,3189.2041162109376,,1,0,15.105291638708875,14.208257277004146,1,63.01873358103531,18.571896548592672,0.1060900432443924,1.7338935969565723,-0.0012853512695701,,5.487644505318321,-0.0065144635508,0.0223599508798955,,1,,
2025-02-07,3241.167520385421,3247.1659797075413,3232.6567668818816,3234.669189453125,5828.0,-0.0087315416608371,-0.0010806317288796,0.0175460033271526,0.03994744535906,,,3209.859912109375,3191.2793212890624,,1,0,15.19369059348901,14.40534394030112,1,56.12862226510689,18.977818778753196,0.1098026540146802,1.3316052412110018,-0.0100056698322482,,5.489980650282684,-0.0015595781055981,0.0275567856275671,,1,,
2025-02-10,3218.173436868213,3249.1654768007743,3218.173436868213,3245.16650390625,1217.0,0.0032452513188527,0.0146921247820281,0.0294267368233716,0.0431546488580723,,,3214.673095703125,3193.9043505859377,,1,0,15.9271941686402,14.709713985968936,1,57.9526384659608,18.90738046702224,0.1048115589412447,1.4304575443394008,-0.0067928894266147,,5.470645322200144,-0.0120328079982745,0.028207878294896,,1,,
2025-02-11,3247.1658889553737,3247.1658889553737,3227.1710251071263,3237.16845703125,1737.0,-0.0024646029303496,0.0133000076573857,0.0280305965945169,0.0316331806177065,,,3219.086376953125,3195.789619140625,,1,0,15.682349137278834,14.904241016230916,1,56.0408384364176,18.841973463272065,0.1053245731339371,1.07737106040036,-0.0092407505817779,,5.453014912114757,-0.012594089818647,0.0170469655848322,,1,,
2025-02-12,3197.1785979087217,3197.85054441643,3196.07292494108,3178.683349609375,2126.0,-0.0180667482085595,-0.0107343848917922,0.0094574266551485,0.0221121998471214,,,3219.125915527344,3196.0853369140623,,1,0,10.646324100281165,14.052657633040964,0,44.484420952487696,17.841335752215883,0.1249777553770756,0.7530869643872231,-0.0271405484763185,,5.371802844460306,-0.02596120421386,0.0077770936001686,,1,,
2025-02-13,3199.1779637973896,3215.1738536163766,3199.1779637973896,3217.17333984375,691.0,0.0121087840470504,-0.0140931668700448,0.0123606323225458,0.0406772202701717,,,3221.0149658203127,3195.791328125,,1,0,9.64982137944662,13.172090382322097,0,51.563525351934175,17.33843224851486,0.1279021005501057,1.3081045830228877,-0.0153604034696862,,5.380047772140648,-0.015781948836389,0.0158552210440943,,1,,
2025-02-14,3215.174112011217,3216.17385520525,3212.1748824291167,3208.67578125,171.0,-0.0026413120140311,-0.0080358783791177,0.0092103912287311,0.033250939421882,,,3221.304553222656,3194.6176171875,,1,0,8.081248233086626,12.153921952475002,0,50.04624446698213,16.896191285306386,0.1284000360394278,1.084956504930337,-0.0179611438654925,,5.36610138350451,-0.0206834513965425,0.0021697543690497,,1,,
2025-02-17,3247.165630294163,3247.165630294163,3247.165630294163,3245.666015625,23.0,0.0115281932163895,0.0001539248350272,0.0133573310736105,0.0487070946464556,,,3223.5436157226563,3194.57357421875,,1,0,9.711003088696089,11.66533817971922,0,56.10172286245301,17.213704466128593,0.1319626171526434,1.5315137510306418,-0.0066400101859717,,5.427962837072286,-0.006786808325332,0.0041326060993556,,1,,
2025-02-18,3243.167017458988,3252.164706471667,3243.167017458988,3245.16650390625,1054.0,-0.0001539011458188,0.0024706922055997,0.013834218200168,0.0418155782451019,,,3225.032958984375,3194.739462890625,,1,0,10.837362760526958,11.49974309588077,0,56.00299610838013,17.618327966223266,0.1319147717852324,1.3326210630125024,-0.0067928894266147,,5.411240937214967,-0.0092281473284385,-0.0013106296837134,,0,,
2025-02-19,3235.168830921232,3235.168830921232,3226.171142578125,3226.171142578125,1207.0,-0.0058534319595805,0.0149394537755973,0.0033562145435204,0.0393865648338596,,,3225.097692871094,3194.6653955078127,,1,0,10.08103609820182,11.21600169634498,0,52.23826497841659,17.408020552191093,0.1330037945374841,1.256857262325901,-0.0126065596701275,,5.366927677501769,-0.0128172735933194,-0.002346414711242,,0,,
2025-02-20,3232.16948654905,3238.16794523117,3214.17411050269,3217.17333984375,8387.0,-0.0027890035390945,0.0,-0.0023886573901283,0.0489877091908861,,,3224.437646484375,3194.911201171875,,1,0,8.655815434114174,10.70396444389882,0,50.50628942337166,16.817075406952785,0.1329896671766119,1.5669112269445984,-0.0153604034696862,,5.374318730037544,-0.0088282122997978,0.0114181989409027,,1,,
2025-02-21,3219.1728781614784,3220.1726212913422,3211.174933122568,3211.6748046875,8341.0,-0.001709119955755,0.0009346607890472,-0.0057886366537474,0.0327206704046572,,,3223.227783203125,3195.32693359375,,1,0,7.001918201249737,9.963555195369004,0,49.42779118671981,16.168266561897923,0.1329380524651316,1.0964717109710644,-0.0170432706533427,,5.458495837099313,0.0104683136289196,0.0184999197710371,,1,,
2025-02-24,3194.179457648478,3198.178430365409,3182.8322749330173,3185.681640625,2601.0,-0.0080933362320999,-0.0184813763065049,-0.015510634721308,0.0142558795281639,,,3222.642565917969,3194.4830615234373,,1,0,3.552807074204793,8.681405571136162,0,44.58133922861879,15.350190986489704,0.135439322798742,0.5172350642381287,-0.0249986699655506,,5.439067761214685,0.0022268938755749,0.0079760798120516,,1,,
2025-02-25,3220.172791462822,3231.343017721628,3199.4051770968927,3196.178955078125,4206.0,0.0032951548953477,-0.0150955424842325,-0.0003775056421593,0.0135656955187735,,,3221.2576904296875,3193.929111328125,,1,0,1.647416807690206,7.274607818446971,0,46.847947607884045,14.867648848663356,0.1297358072424036,0.4955172353277862,-0.021785889559917,,5.4842660195244415,0.0082522667809128,0.0157586452904454,,1,,
2025-02-26,3216.1738534567703,3220.1728262307297,3208.1759079088515,3218.17333984375,1601.0,0.0068814622318567,-0.0024790385819345,-0.001769027151689,0.0278719075173716,,,3220.472705078125,3194.474814453125,,1,0,1.8903535111521703,6.197756956988012,0,51.33873176286762,14.419574006396036,0.1286952454393684,0.949185114979652,-0.0150543461042543,,5.519218562367794,0.0149873730972625,0.0349517942721455,,1,,
2025-02-27,3225.171361274814,3231.615750448875,3225.171361274814,3223.171875,2669.0,0.0015532212309274,0.0018645358899254,-0.0033090884273706,0.035086646413575,,,3219.897839355469,3195.760268554688,,1,0,2.457889590304603,5.449783483651331,0,52.32458494262208,14.319508069137663,0.1283285316090887,1.1801204230974844,-0.0135245076033138,,5.6174562610575975,0.0252432189503464,0.0559127424439342,,1,,
2025-02-28,3157.188949008432,3175.184326171875,3157.188949008432,3175.184326171875,3156.0,-0.0148882996902314,-0.0113618223309428,-0.018389782632241,0.0102705288814346,,,3216.7486328125,3196.315888671875,,1,0,-0.9535363463955946,4.1691195176419455,0,43.26279672005704,14.275555025001626,0.1381109556452633,0.3868422947912139,-0.0282114503711842,,5.448791246359379,-0.0004485095735282,0.014761547064013,,1,,
2025-03-03,3221.172788573156,3221.172788573156,3207.1763829120687,3216.174072265625,8027.0,0.0129094067880994,0.0095717133977777,-0.0067922299464894,0.0165228525808907,,,3217.6484130859376,3197.6613134765626,,1,0,-0.345602148623584,3.26617518438884,0,51.05945131714208,13.47043027957966,0.1460422682019451,0.5762730627458902,-0.0156662366720087,,5.617551510323812,0.02391754249027,0.0457053008920849,,1,,
2025-03-04,3180.182853651237,3182.985112127988,3134.194670291301,3131.6953125,4506.0,-0.0262668493270061,-0.020175229073351,-0.0207878187496712,-0.0309970232868035,,,3214.49921875,3197.98693359375,,1,0,-6.604408303768196,1.2920584867574323,0,39.126068647815366,13.77049435899819,0.1669855084660647,-0.8957471582201922,-0.04152158332083,,5.535518583313123,0.0147066547144334,0.0105695820489744,,1,,
2025-03-05,3163.187487341428,3163.187487341428,3159.946376510504,3162.187744140625,2974.0,0.009736717208381,-0.017396699863856,-0.0101704906978048,-0.0321891500272881,,,3211.9498657226563,3198.902412109375,,1,0,-9.000322758218317,-0.7664177622377175,0,44.19578477025037,14.049125289886824,0.1710311574941518,-0.9366817765501624,-0.0321891500272881,,5.529980787293997,0.0216093249391051,-0.0009432432704147,,0,,
2025-03-06,3187.1813332057022,3194.179535631185,3174.1846715583765,3182.1826171875,10313.0,0.0063231138264716,-0.0127170561801021,-0.009645347478384,-0.0202242035565998,,,3207.900915527344,3200.3977197265626,,1,0,-9.17986332411192,-2.4491068746125584,0,47.29542900282536,13.551713108074344,0.1712854997532838,-0.5596332307578934,-0.0260695718604163,,5.665517557635475,0.0448432003559231,0.0360804009613431,,1,,
2025-03-07,3157.189069885506,3166.1467300306854,3060.8268578152906,3146.19189453125,18910.0,-0.0113100745575875,-0.0091309444310527,-0.035845520432204,-0.0280147543095502,,,3203.47705078125,3200.8533203125,,1,0,-12.086969981374295,-4.376679495964906,0,42.69805786128614,14.826301875364637,0.1649039472398227,-0.791431629244112,-0.0370847976165782,,5.570219034388321,0.015047353922065,0.0204308863454509,,1,,
2025-03-10,3155.18957460975,3155.18957460975,3116.199589372177,3126.197021484375,10314.0,-0.0063552617631589,-0.0279764243972857,-0.0335342384694025,-0.0320995412850277,,,3197.5285766601564,3199.86939453125,,0,0,-15.82190700739784,-6.665724998251493,0,40.3513387422781,16.009848587848474,0.1638264782032127,-0.9145425292731334,-0.04320437578345,,5.686276364450223,0.0357552652134451,0.0459279278226663,,1,,
2025-03-11,3123.1977501752767,3129.196209362553,3079.209049468582,3074.710205078125,11052.0,-0.0164694726699609,-0.0181962489117066,-0.0525262104804005,-0.0406170363354686,,,3189.4056640625,3198.345561523437,,0,0,-22.675043513101173,-9.867588701221427,0,35.01472488292231,17.55036207705063,0.1706163170986817,-1.1506199533928558,-0.0589622951672227,,5.639506326526363,0.0308667432050424,0.0400303854013188,,1,,
2025-03-12,3119.198959665175,3132.195621997113,3113.2005001273574,3127.69677734375,1598.0,0.0172330296943477,-0.0109073115158279,-0.033817109347437,-0.0198037043651058,,,3186.856335449219,3197.74150390625,,0,0,-23.559055882270517,-12.605882137431246,0,43.3223040579442,18.904127578289945,0.1838172617716524,-0.5000045683011228,-0.0427453644563387,,5.706411293317552,0.0464690424080509,0.053698353451151,,1,,
2025-03-13,3129.196044921875,3135.19450379393,3126.4738439208977,3129.196044921875,8995.0,0.0004793519592389,-0.0166510155575093,-0.0155684914930521,-0.0305709458250831,,,3182.457470703125,3196.227763671875,,0,0,-23.86357920365208,-14.857421550675417,0,43.54223241799232,20.079925850043917,0.173803382501474,-0.8285387281798644,-0.0422865025713002,,5.786280480854246,0.0771580135003227,0.0643682200524522,,1,,
2025-03-14,3137.194072957677,3175.184313484252,3133.195100270669,3174.1845703125,7819.0,0.0143770236012004,0.0088973199091597,-0.0133622795510726,-0.0154137092637196,,,3180.73291015625,3196.053642578125,,0,0,-20.24138799461525,-15.934214839463383,0,49.83288199752261,20.13810380018677,0.176070740771731,-0.3690331942266485,-0.0285174330155796,,5.750685360487674,0.0688911333215829,0.0536757449749412,,1,,
2025-03-17,3177.1837841383986,3196.178904307885,3175.184297804768,3192.179931640625,7764.0,0.0056692863724534,0.021106446491629,-0.0051410147780492,0.000404823977699,,,3178.0586059570314,3196.0894775390625,,0,0,-15.737290411563665,-15.89482995388344,1,52.13048159510182,19.699948075006507,0.1771957581851874,0.0808198264648364,-0.0230098201374986,,5.739031294763591,0.0694973658912732,0.0622003214676811,,1,,
2025-03-18,3178.1834132515605,3189.180587691877,3176.183926989685,3183.18212890625,3086.0,-0.0028187016167822,0.0352787471316728,-0.0192514837996101,0.0076871586201896,,,3174.959387207032,3195.975341796875,,0,0,-12.746870125458372,-15.265237988198429,1,50.87581833281024,19.293089187339127,0.1721430299767765,0.2886905339175009,-0.0257636639370574,,5.785385685863741,0.065848433292561,0.0862418100778339,,1,,
2025-03-19,3202.17724609375,3207.1759617448483,3200.1777598333106,3202.17724609375,5990.0,0.0059673359607692,0.0238131999526034,-0.0132471655185498,0.0174028938165482,,,3173.7596923828123,3196.151142578125,,0,0,-8.743404768105393,-13.960871344179822,1,53.42431955385248,18.478651239456397,0.1737618198057288,0.5636824947388861,-0.019950068414581,,5.757207665278185,0.0639348223591163,0.0804295512168951,,1,,
2025-03-20,3227.170992088824,3231.169964817558,3209.796549051577,3205.676513671875,14505.0,0.0010927776038611,0.0244409323200167,-0.0063526167709355,0.0180296708628517,,,3173.184851074219,3196.686826171875,,0,0,-5.228002817872493,-12.214297638918357,1,53.89880355457755,17.171450000601986,0.1727676273968358,0.5813253476601636,-0.0188790917986788,,5.780214560533892,0.077006232963531,0.0519166385609237,,1,,
2025-03-21,3217.1734288699126,3229.170346566133,3212.690693876244,3224.171630859375,910.0,0.005769489562849,0.0157480006091623,0.0021752918715796,0.0349094256859929,,,3173.8096923828125,3198.1222265625,,0,0,-0.9387981773147658,-9.959197746597638,1,56.425534784108,15.957620278808609,0.1737220011448183,1.0623601189857166,-0.0132185249589183,2.4179197020469205,5.811647228069033,0.0813737554468478,0.0686776547113847,,1,,
2025-03-24,3207.1322956296585,3214.1744321537417,3207.1322956296585,3213.674560546875,3824.0,-0.0032557417886907,0.0067335267330006,0.0006226520370169,0.0312091871799948,,,3175.209338378906,3199.417661132813,,0,0,1.5950152133195843,-7.648355154614194,1,54.5965595294293,14.964861375091902,0.1740141288147857,0.9572810751793854,-0.0164312306435154,2.1616313383711097,5.69081140859051,0.0425603643245886,0.0586869417276201,,1,,
2025-03-25,3205.176766439912,3224.1718876384016,3195.73314706426,3225.171630859375,4411.0,0.0035775465424052,0.013191046020214,0.0123960880870153,0.0378946197358402,0.0451232077853485,,3176.658972167969,3200.943037109375,,0,0,4.479165043294415,-5.222851115032473,1,56.268535130045535,14.322547159576864,0.1717833118351458,1.1446153842503188,-0.0129124675934865,2.6246821842625816,5.697474084311625,0.0475093038810077,0.0693606996782223,,1,,
2025-03-26,3239.167857472953,3239.167857472953,3211.175048828125,3211.175048828125,2138.0,-0.0043397944770835,0.002809901527266,0.0046918817628074,0.0280984984947427,0.021884518033195,,3176.309057617188,3201.6086865234374,,0,0,5.57124551678362,-3.0640317886692543,1,53.67704669421629,13.320571604816402,0.1723331551614667,0.8698715679733898,-0.0171962246150222,1.9461767638198195,5.741290243376774,0.046865747018344,0.0839823641705932,0.0220275898389339,1,,
2025-03-27,3207.1763117510573,3217.073672189188,3188.181190203903,3191.180419921875,3026.0,-0.0062265770636037,-0.0045220076599044,-0.0083876525815683,0.0049717020321746,0.0267907501853099,,3174.709484863281,3201.844448242188,,0,0,4.768361011847901,-1.4975532285658235,1,50.1254931832852,12.969014288462144,0.1719875738630274,0.2135741279141991,-0.0233157280608575,0.3443533103188582,5.720734062561171,0.0365115999513752,0.0513062703669722,0.0281754299228773,1,,
2025-03-28,3163.1873532333816,3163.1873532333816,3113.2001953125,3113.2001953125,2268.0,-0.0244361691750678,-0.0344185881684271,-0.0341190864007213,-0.0119653552810014,0.0052565280111791,,3171.6102783203123,3200.050771484375,,0,0,-2.1356645493124238,-1.6251754927151436,0,39.224953428649336,14.095430468440656,0.1908978216514827,-0.2665800537542628,-0.0471821501605904,-0.828752341449513,5.695641929895595,0.0139183404737854,0.0427935666766674,0.0314169910404735,1,,
2025-03-31,3091.20590090933,3098.204103142954,3073.2105237371543,3088.70654296875,6232.0,-0.0078676766051312,-0.0388863325217532,-0.0272355159007054,-0.0219111190105851,-0.0115857209990754,,3165.2369018554687,3197.80720703125,,0,0,-9.474372916112316,-3.195014977394578,0,36.53726379567185,15.717129081124783,0.1862240172860687,-0.5463106700460639,-0.0546786128667233,-1.5176223987794248,5.613150327069974,0.0301643196223404,0.0216827446038394,-0.0016502712364441,1,,
2025-04-01,3076.2095872900045,3094.204963491246,3073.75221088492,3085.207275390625,1582.0,-0.001132923289877,-0.0433974905798905,-0.0407213023711557,-0.0373416998795097,-0.0082640418787423,,3162.9125,3195.203759765625,,0,0,-15.395246994155514,-5.635061380746766,0,36.15610442732771,17.222992078617185,0.1789853048495581,-1.016180497311385,-0.0557495894826255,-2.5863854839301266,5.590999457358871,-0.0047266238531403,0.0002684504169474,-0.0006949652355735,1,,
2025-04-02,3039.2193376941946,3069.490614864384,3039.14342945782,3056.71484375,1394.0,-0.0092351758236461,-0.0481008362139875,-0.0239424532938179,-0.0396418840971012,-0.0230734766675504,,3157.6388549804688,3191.84052734375,,0,0,-22.131564570858245,-8.934362018769061,0,33.125878384567486,19.08155271811516,0.1583214870164623,-1.0799356362925767,-0.0644699080453036,-2.506367524519879,5.504531235917513,-0.0055979122695064,0.0040016126360942,-0.0235959684694861,1,,
2025-04-03,2972.236596955884,2977.97120803613,2915.2512333411896,2916.2509765625,4170.0,-0.0459525583404364,-0.0861528986713028,-0.0777742460212344,-0.0859259724070484,-0.0788546732129745,,3144.3422729492186,3185.5580615234376,,0,0,-38.36218951832189,-14.819927518679629,0,22.92524450847989,21.95122618030522,0.2169450878425315,-2.063921196513714,-0.1074599091750857,-3.2329977712729243,5.52380091366116,-0.0011175217185268,0.0109388860370212,-0.0228251564870748,1,,
2025-04-04,2906.253445821108,2911.252161758193,2786.284263331073,2821.775146484375,17074.0,-0.0323963303698529,-0.0936094791677449,-0.1132579471575591,-0.1151227838911185,-0.1053063318010976,,3128.121435546875,3177.276123046875,,0,0,-58.17784861993641,-23.491511738930985,0,18.744336532941475,25.315236235599127,0.2349880583434733,-2.651193407999523,-0.1363749328257881,-3.4044020054008315,5.677211263044797,0.0020640136210614,0.0277531353191882,-0.0009805744500683,1,,
2025-04-07,2675.3129335623325,2873.262096807976,2652.318838841879,2796.78173828125,17360.0,-0.0088573351545264,-0.0945136097024331,-0.1110581197724618,-0.1241958594550475,-0.1146340583101235,,3111.650671386719,3169.264038085937,,0,0,-75.03371838675093,-33.79995306849497,0,17.81853463431166,28.907361558491715,0.2343901334460792,-2.874803402558317,-0.1440243494936005,-3.475888877066655,5.636966466902631,0.0119829098464956,0.0205188490051539,-0.000265470500413,1,,
2025-04-08,2890.2575523295163,2951.24188670935,2873.493792188172,2908.2529296875,3466.0,0.0398569505372823,-0.0573557397957064,-0.0697154051069344,-0.0851363858421904,-0.0746608941161263,,3103.327807617188,3162.9515673828123,,0,0,-78.49251027550281,-42.73846450989655,0,33.576249325516,30.77237075843476,0.2820491110689248,-1.7045433204210452,-0.109907770330249,-2.382725300835284,5.954909157259436,0.0472423033267721,0.0829950759500042,0.0688495972139209,1,,
2025-04-09,2829.27314399382,2867.26338408985,2786.2841880956807,2815.776611328125,5633.0,-0.0317978939917416,-0.0788226068632199,-0.0842139832633173,-0.1067836657583035,-0.1036570049916081,,3087.731799316406,3154.589638671875,,0,0,-87.6849166640136,-51.727754940719954,0,28.665657548506942,32.90171130977715,0.2957438603691373,-2.087408685591217,-0.1382108286921607,-2.9885710980246847,5.217605756935763,-0.0748116138474959,-0.0577303032727528,-0.0646819782540069,0,,
2025-04-10,3019.224532543996,3020.2242757666927,2897.255859375,2897.255859375,1668.0,0.0289366875621726,-0.0065135399319746,-0.0736775123592562,-0.0799157630703775,-0.0804994911706051,,3076.1347900390624,3147.8413720703124,,0,0,-87.38791707675364,-58.85978736792669,0,37.35855546456273,32.70609231147632,0.308827738701155,-1.4418960301291897,-0.1132735046975621,-2.236614917578317,5.614613790558378,-0.0160867308787699,0.0166674636935968,0.0094619020061303,1,,
2025-04-11,2899.25518068945,2926.248246164834,2855.987243497909,2884.259033203125,2677.0,-0.0044859090127713,0.0221434676666558,-0.0782747415638079,-0.0840431772413289,-0.0863634823955649,,3061.6385131835937,3140.76318359375,,0,0,-87.19613524771967,-64.52705694388528,0,36.59254705302819,32.78468533659603,0.3085091939890056,-1.5247537359107508,-0.1172512790747024,-2.35212950132376,5.491443503697068,-0.0509544910815749,-0.0042674363999105,-0.0064996645007907,0,,
2025-04-14,2954.240876611369,2975.2354818258664,2945.2431886622994,2956.740234375,5882.0,0.0251299208349469,0.0571937716498578,-0.0685039987816752,-0.0695908808473579,-0.0489484042206911,,3049.8665283203127,3135.9344189453127,,0,0,-80.27021451613064,-67.67568845833436,0,43.54472308907229,32.2601153506213,0.3185309149062756,-1.1983052842192912,-0.0950678736006991,-1.9476508294558263,5.5753548009303,-0.0304886371913253,0.0199472326495633,0.0162912420823657,1,,
2025-04-15,2962.239086146016,2988.232409210409,2962.239086146016,2987.232666015625,7316.0,0.0103128544354762,0.0271571071146867,-0.0642029177596098,-0.060439117851158,-0.0431399748079176,,3040.069055175781,3131.78548828125,,0,0,-71.49671837599135,-68.43989444186576,0,46.21638677636286,31.615765540064263,0.3205563109462375,-1.014546589482052,-0.0857354403071573,-1.691519011989277,5.648673665355567,-0.0157444043719483,0.0308861504458761,0.0298267202003186,1,,
2025-04-16,2947.243015017696,2974.236081980205,2941.2445556926937,2983.733642578125,651.0,-0.0011713260494593,0.0596485639429966,-0.0626569508910431,-0.0684228302845648,-0.0445668109323362,,3029.146875,3127.1966650390623,,0,0,-64.0872435731635,-67.56936426812531,1,45.94767895998883,31.17987533041188,0.320616248730153,-1.1723586631534426,-0.0868063422020229,-1.914960416290051,5.770319855578793,-0.0026041185675416,0.0558579660125992,0.0517578715701085,1,,
2025-04-17,2994.230837977769,3020.224160778244,2980.397477447423,3013.725830078125,1831.0,0.0100518984241786,0.0402000984228745,-0.058851025890435,-0.0584710007547961,-0.0320192482318043,,3019.5493408203124,3122.20794921875,,0,0,-55.15922136498648,-65.08733568749756,1,48.70089368871741,30.18950111472468,0.3223442317881875,-0.9743138999201114,-0.0776270123122334,-1.636437012041564,5.820018993459786,0.0109100334456262,0.0656171232511422,0.0681452862285898,1,,
2025-04-22,2999.2293606031208,3025.222681728348,2999.2293606031208,3027.22216796875,1079.0,0.0044782898815567,0.0495666766125568,-0.0556682325687061,-0.0585179642366723,-0.0145535621186805,,3009.701867675781,3118.0590087890623,,0,0,-46.4591061124338,-61.36168977248481,1,49.93666469017103,29.20628351658513,0.3230569866632878,-0.9752375231741586,-0.0734963586944501,-1.637751386329064,5.836768221098128,0.0097840071457506,0.0736043248843689,0.0839026902349995,1,,
2025-04-23,3062.213467417167,3090.038351817861,3044.218089547918,3069.211669921875,4562.0,0.0138706377078692,0.0380389978934518,-0.04806194541703,-0.0482700024695107,0.010293160017484,,3002.478723144531,3114.539912109375,,0,0,-35.763738096510224,-56.242099437289895,1,53.67559614908864,27.49653926029632,0.3268743399282051,-0.7723443530073156,-0.0606451623508792,-1.3509400829943166,5.827429125693794,0.0027155635924591,0.0747377731669802,0.0936944735155644,1,,
2025-04-24,3032.22117096842,3065.212697062042,3030.221684538503,3069.211669921875,8087.0,0.0,0.0274431264892378,-0.0449525575484583,-0.0498897602280236,0.0292595155505368,,2994.680725097656,3111.180776367188,,0,0,-26.97661229376081,-50.38900200858408,1,53.67559614908864,26.056395313770267,0.3269288823409174,-0.802958278465783,-0.0606451623508792,-1.3962724958546269,5.707297357941413,0.0028969417833837,0.0565260666613423,0.0812855584308982,1,,
2025-04-25,3079.209022385866,3089.206454276729,3066.399324619844,3082.208251953125,15889.0,0.0042345016991223,0.0330038204381781,-0.0443273708407747,-0.0474876061291679,0.028103464071582,,2988.232385253906,3109.2512744140627,,0,0,-18.747921861264786,-44.06078597912022,1,54.88509528987029,24.422563351534567,0.3270776093793825,-0.7571568293280224,-0.0566674626947752,-1.3290430346644595,5.690349666645295,-0.0012504519653626,0.0485292189472914,0.0746421449562946,1,,
2025-04-28,3091.2059877178244,3112.200595008276,3091.2059877178244,3105.202392578125,751.0,0.0074602813130582,0.0303533126958761,-0.0330012081679176,-0.0288309244314489,0.0316454371729193,,2983.933483886719,3107.01185546875,,0,0,-10.253000226274253,-37.29922882855103,1,57.02307593016912,22.733684065639064,0.3285439599849103,-0.4128505332771534,-0.0496299365947172,-0.8068955759599595,5.7306167339351,-0.001859078532737,0.053542496201473,0.0775612184453216,1,,
2025-04-29,3130.1961354845075,3141.19331130384,3121.652431152567,3127.69677734375,2967.0,0.0072440961720852,0.0331903652259581,-0.0198934670637266,-0.0298335524170469,0.0329437816459345,,2984.658312988281,3105.392275390625,,0,0,-1.6861676793650986,-30.17661659871384,1,59.0667048983983,21.516566941568744,0.3293591122920341,-0.4317753434118858,-0.0427453644563387,-0.8349562816732391,5.735996033038609,0.0026678342867427,0.0548528709057869,0.0754779239127274,1,,
2025-04-30,3121.1980501025287,3124.19727949084,3098.203958125476,3115.699462890625,2872.0,-0.0038358304232144,0.015146492965711,0.0008027969360557,-0.0365424314039074,0.0220644060738082,,2986.007958984375,3102.7929443359376,,0,0,4.087903022713817,-23.323712674428315,1,57.49633666382149,20.07408678860356,0.3182356414100852,-0.556010031039643,-0.0464172309101201,-1.0227187235963118,5.711726626368304,0.0028240357576347,0.0424485247491277,0.0654497920894929,1,,
2025-05-01,3135.194450516693,3147.1913680569355,3133.194964259986,3144.192138671875,16.0,0.0091448729637151,0.0244298786834433,0.0179640231052167,-0.0279710367527712,0.027535987784407,,2988.9572021484373,3100.77345703125,,0,0,10.83808180577944,-16.491353778386767,1,60.20246745036576,19.029666173390872,0.3182376020911077,-0.3951935322664709,-0.0376968376264056,-0.7828297654654929,5.72339912804298,0.0196411630811526,0.0499268314900696,0.0603982414514014,1,,
2025-05-02,3126.196978154738,3156.1892740756343,3120.1985189705592,3151.6904296875,2071.0,0.0023848068708651,0.0225429860848453,0.0215490073640052,-0.0267058457554839,0.0320093130327296,,2993.7059814453123,3099.2838427734373,,0,0,16.60132678172613,-9.872817666364188,1,60.90785160029274,17.872709601434902,0.3181681559832037,-0.3718647784695505,-0.0354019304329217,-0.74742066781818,5.653130738340382,0.0111127324292141,0.0304026090975768,0.0288641208752056,1,,
2025-05-06,3171.1854709955387,3192.1800784642983,3154.189836377971,3165.18701171875,7159.0,0.0042823311274857,0.0193174587537343,0.035486518538208,-0.0103157017097821,0.0371078299341054,,3006.152783203125,3098.2441162109376,,0,0,22.004151163872848,-3.497423900316781,1,62.20633022420405,17.277173124041543,0.3160161190459707,-0.0755835257128807,-0.0312712020941018,-0.2887071516675424,5.75821342057599,0.0460860650591243,0.0555284729307732,0.0531017143586149,1,,
2025-05-07,3161.187899446563,3165.186872121385,3146.431680513354,3154.189697265625,1849.0,-0.003474459617207,0.0084704246632163,0.0815906184397039,-0.0126740431286579,0.0314772525590008,,3022.773510742188,3097.0944140625,,0,0,25.109095026401064,2.223879885026788,1,60.44455704919657,16.60085880366873,0.2652293528296424,-0.1182125299741138,-0.0346370111824514,-0.3547104205539986,5.714175584404326,0.0344644337692081,0.0556374942169333,0.040751446086154,1,,
2025-05-08,3165.18680571306,3171.18526459944,3156.18911738349,3168.18603515625,3137.0,0.0044373798769168,0.0168458392379506,0.1227634629582252,-0.0140013451697736,0.0311663267822952,,3041.3437255859376,3096.744501953125,,0,0,28.37211680140763,7.453527268302957,1,61.92262654289912,16.05815372239759,0.2301307149953046,-0.1425282556391267,-0.030353328881952,-0.3918578296662321,5.699815655936762,0.0039816015019742,0.0511685068139255,0.0457318074426718,1,,
2025-05-09,3185.1817339762897,3187.181220312747,3167.10849609108,3163.687255859375,101.0,-0.0014199858363598,0.0062003580976239,0.1311884701462635,-0.0304840448574021,0.0202416810916243,,3054.115441894531,3096.09466796875,,0,0,30.246409395733732,12.012103693789111,1,61.13190875199236,15.787338458880976,0.2256300630186934,-0.4515854534890282,-0.0317302134212132,-0.8531617149941861,5.698984275248731,0.011001982841345,0.0385119279730294,0.0617330036706917,1,,
2025-05-12,3196.178862041469,3215.173981959764,3187.1811736591194,3217.67333984375,6934.0,0.0170642922698471,0.0209357205691018,0.1063939133345936,-0.0052542775208022,0.0344832728740942,,3074.2102783203127,3096.08466796875,,0,0,35.6767660265582,16.74503616034293,1,66.63748459672769,15.932638463732491,0.1941302641209898,0.0156375166800588,-0.0152073747869703,-0.1470522839627203,5.61081029879665,-0.0577840651092563,0.0220091210171651,0.0501724072744533,1,,
2025-05-13,3166.186688117261,3194.179497484891,3166.186688117261,3179.183349609375,2489.0,-0.0119620564827889,0.0044219623797283,0.129060926502206,-0.0203327484791459,0.0219444477579893,,3088.3066528320314,3095.204897460937,,0,0,36.45431953883144,20.686892836040634,1,60.10103189223591,15.65812494352718,0.1551303082446284,-0.25599051887658,-0.0269875197936025,-0.5690558009660351,5.5073238214302025,0.0555270133450227,0.0067046019381324,0.0351016028285151,1,,
2025-05-14,3174.1845621628368,3178.183534839577,3162.187644132616,3144.692138671875,2064.0,-0.010849078881134,-0.0030110930239812,0.0854036686115295,-0.0285670392464478,0.0021624750590627,,3101.3283081054688,3094.595053710937,,1,0,33.89664441481409,23.32884315179533,1,54.90380916533526,15.324106527047013,0.141087193810925,-0.4039642587080232,-0.0375438089436895,-0.7995101801553598,5.440620857969046,-0.0309892966960472,-0.0022728810292037,0.0147353388309452,0,,
2025-05-15,3165.186894414407,3170.185610293141,3157.188949008432,3175.184326171875,822.0,0.0096963982976336,0.0022089267921667,0.100866562129013,-0.0011007776027549,0.0209870816300272,,3112.2505126953124,3093.7752587890627,,1,0,33.9389065607852,25.4508558335933,1,58.33412953746059,14.909887078480793,0.1389431504401065,0.0904734560122146,-0.0282114503711842,-0.0308076343473022,5.466673994485431,-0.0045105643343067,0.0176609515970902,0.0255753960708975,1,,
2025-05-16,3186.181396484375,3187.181139627294,3177.1837081981,3186.181396484375,12937.0,0.0034634431210356,0.0071101024866915,0.0775993641382144,-0.0096332836579082,0.0306520814109856,,3122.19794921875,3094.86498046875,,1,0,34.4625089330043,27.253186453475504,1,59.52977800927025,14.821623885036074,0.1172248712626173,-0.0650008666650217,-0.0248457160038712,-0.2696082112807546,5.451080313804916,-0.0222899692598302,0.0132029574220686,0.0292675142745257,1,,
2025-05-19,3161.187872560524,3169.1858178421444,3152.1901841187005,3161.687744140625,511.0,-0.0076874632344461,-0.0173994031680803,0.0584002311268536,-0.0146440588930645,0.0181199518136736,,3131.095654296875,3094.85498046875,,1,0,32.5260939785976,28.307767958499927,1,55.6961542056902,14.189878248199832,0.1207508649583239,-0.1557126264807511,-0.0323421787100041,-0.4098455588202246,5.403264566941125,-0.0434454374519073,0.0069255462729151,0.0091103273762487,1,,
2025-05-20,3174.184619316734,3189.1807671245297,3174.184619316734,3187.68115234375,4186.0,0.0082213710861538,0.0026729514469239,0.0683531220264694,-0.0178653204002212,0.0299716063946116,,3139.793420410156,3094.964951171875,,1,0,32.711840250139176,29.188582416827774,1,58.73332404717113,13.973442979858902,0.1213057315840766,-0.2158379881657416,-0.0243867046767597,-0.4999995067213759,5.466065151785522,-0.0527275283534092,0.0070196344110911,0.0111812498944292,1,,
2025-05-21,3168.1859703803225,3183.1821172896643,3164.1869978711643,3172.684814453125,444.0,-0.0047044660911581,0.0089015631886535,0.052745005132361,-0.0223352759760948,0.0185463397888028,,3147.066552734375,3095.494809570313,,1,0,31.28829438898765,29.608524811259755,1,56.33391517179197,13.543595452199297,0.1215448591804602,-0.2977422167293116,-0.0289764443426909,-0.6251008501585517,5.533596671321531,-0.049213296805409,0.0226114001439265,0.0212711352879941,1,,
2025-05-22,3160.188413516046,3171.185589266972,3140.193548514362,3155.189697265625,5179.0,-0.0055142941107169,-0.0062971553309335,0.0422722622247249,-0.0220017606554426,0.0165182304059023,,3151.3654541015626,3096.0746630859376,,1,0,28.420797036787462,29.370979256365292,0,53.58368778758906,12.609807738188271,0.1243696531428065,-0.2916691959592062,-0.0343309538170195,-0.6157667048941855,5.500910830546146,-0.0575416699498124,0.0249645907482667,0.0225595987540327,1,,
2025-05-23,3174.184626107215,3183.182314811141,3148.191303184762,3149.69091796875,5538.0,-0.0017427729627922,-0.011452731020239,0.0262214720592808,-0.0209756872715716,0.0269844710511759,,3155.3894165039064,3097.57427734375,,1,0,25.41164951452265,28.579113307996767,0,52.712629013128776,11.998581856920008,0.1171478585638615,-0.2728420217206573,-0.0360138957217125,-0.5870498291649873,5.529064734835543,-0.0512000033673045,0.0287936039098517,0.0405405739484228,1,,
2025-05-27,3206.176380394489,3234.169189453125,3206.1424535629185,3234.169189453125,1355.0,0.0268211306075885,0.0229249221232632,0.0537458921936944,0.0070039422212964,0.0399537863109098,,3162.9874633789063,3099.7037255859377,,1,0,29.50347126632232,28.76398489966188,1,62.73516231108928,12.400285062516252,0.1466458595591029,0.2350830544252156,-0.0101586985149642,0.1960204226569511,5.561728439767252,-0.025505753256681,0.0189122801864767,0.0377620756236511,1,,
2025-05-28,3193.179712861292,3206.176374184772,3178.1835651803526,3195.17919921875,986.0,-0.0120556433353964,0.0023521947511868,0.0366526003536711,0.0029813269702263,0.0172797079365119,,3167.4863037109376,3101.023388671875,,1,0,29.262780013094925,28.86374392234849,1,56.75604277119073,12.125688163514372,0.1548946267669498,0.1650952258084436,-0.0220918722043124,0.0834388626173112,5.526652334973951,-0.0287675347318068,0.0161028649769399,0.0242073825252502,1,,
2025-05-29,3197.178440406381,3220.1725317538944,3192.859481863644,3204.676513671875,5491.0,0.0029723886708599,0.0100834785330745,0.0320346658663883,0.0026586617061128,0.0162604238200789,,3171.335290527344,3101.6332275390623,,1,0,29.49834579656408,28.99066429719161,1,57.810817450237394,12.13130170573274,0.1535885547419187,0.1594664724133743,-0.0191851491641107,0.0744083795764988,5.521284827035477,-0.0365286873330784,0.0067500021660593,0.0226150183463493,1,,
2025-05-30,3239.1680527684694,3249.1654850301006,3211.1752424359024,3207.17626953125,3274.0,0.0007800337565151,0.0164765282767873,0.0254115081625654,-0.0034171777437674,0.0243594865115595,,3175.909130859375,3101.933154296875,,1,0,29.54615312229089,29.10176206221147,1,58.10050147936728,12.649051070740388,0.1521933779324591,0.0529232668874968,-0.0184200804715674,-0.0956370861527815,5.531779183937342,-0.0356026831129248,0.002275797094754,0.0373071345587603,1,,
2025-06-02,3212.175008826827,3224.1719276273006,3207.1762926599627,3218.67333984375,123.0,0.0035847952673273,0.0219013305341995,0.0330500031147387,-0.001395685781184,0.0336419906988822,,3179.633190917969,3102.642978515625,,1,0,30.16404591669425,29.31421883310803,1,59.47860580791748,13.027540837308546,0.1512434796941107,0.0884577122478368,-0.0149013174215384,-0.0390612755045492,5.520512359632427,-0.0334774892504715,-0.0172576157107308,0.0376902061107728,0,,
2025-06-03,3205.1765644774628,3213.174509741287,3203.177078161507,3209.175537109375,3854.0,-0.0029508439445539,-0.0077279977885066,0.0206677567945798,0.0107052717088966,0.0210857493926013,,3182.5074462890625,3102.7829443359374,,1,0,29.546740669491555,29.360723200384736,1,57.78766252523269,13.27155247128749,0.1494263020686024,0.2999243906151944,-0.017808189903813,0.2996101079553182,5.473011300945229,-0.0437480982011063,0.0044450325752583,0.0192721951968322,1,,
2025-06-04,3201.177852315114,3210.1755414690288,3195.1793928791703,3191.180419921875,2751.0,-0.0056073957249808,-0.0012515039212362,0.0125297808002959,-0.0077712374337198,0.0086232121366824,,3183.8071166992186,3102.493022460937,,1,0,27.29087404012216,28.946753368332224,0,54.61932937305257,13.275797848408592,0.1510600851053853,-0.0270587596242853,-0.0233157280608575,-0.2174948333659052,5.443783347328647,-0.0370321156013443,-0.0309330787044529,0.0133584165179265,0,,
2025-06-05,3174.1845208897576,3178.1834935145,3148.191198828928,3160.68798828125,4982.0,-0.0095552202095083,-0.0137263543458941,-0.0014214084099432,0.0092578213677196,-0.0220261668236041,,3184.13203125,3101.223349609375,,1,0,22.7800053644105,27.71340376754788,0,49.65167178861634,12.54639895571782,0.1544194603752734,0.2761915448058806,-0.0326481613543995,0.2591000896416685,5.417951142018592,-0.0590916407060441,-0.0212387402417795,-0.0108936428004075,0,,
2025-06-06,3191.1801121989724,3191.1801121989724,3180.182937626858,3186.181396484375,1667.0,0.0080657781779303,-0.0065462173832882,0.0101426046906702,0.0075876748267742,-0.0248457160038712,,3185.0317993164062,3100.673486328125,,1,0,21.01990998665906,26.37470501137012,0,53.46257698128296,11.73547993617654,0.1563321924636762,0.2461028302718732,-0.0248457160038712,0.2123574380732818,5.40613439675332,-0.0539082467979705,-0.0223954468024977,-0.023317565718428,0,,
2025-06-09,3189.135894784206,3196.759912989048,3186.8703634428903,3190.680419921875,3292.0,0.0014120424664032,-0.0086970366254172,0.0071000833019314,0.0026704321393991,-0.0176077787803718,,3186.381457519531,3099.983662109375,,1,0,19.76027120438448,25.051818249972992,0,54.122536844778985,11.114760960537426,0.1557287110844193,0.1569183664115018,-0.0234687567435735,0.0747378005275474,5.408893657144767,-0.0510405978637185,-0.0452957559269856,-0.0108496440013351,0,,
2025-06-10,3202.1773760371007,3203.17711920789,3189.180714816844,3193.1796875,616.0,0.0007833023835668,-0.004984410925612,0.0093221703839414,0.014934814704222,-0.0134983347699255,,3185.156774902344,3099.6237548828126,,1,0,18.747558219326493,23.79096624384369,0,54.508481305338215,10.695492699650318,0.155594364145613,0.3795977970002138,-0.0227038374931032,0.4179829870274094,5.382613078531003,-0.0555136110993953,-0.0336801757164508,-0.0139374052131575,0,,
2025-06-11,3199.17823711421,3201.177723512406,3191.6911466278,3190.680419921875,627.0,-0.0007826893011716,-0.0001566818337436,-0.008388955953865,0.0206267864738998,-0.0121348651951243,,3185.7316284179688,3099.6137548828124,,1,0,17.541102960192802,22.540993587113515,0,54.01908875513835,10.306172171683718,0.1434448803710293,0.4827047876620045,-0.0234687567435735,0.5772850881571273,5.393784119282078,-0.0386800066224156,-0.0514382746144321,-0.00787280015558,0,,
2025-06-12,3182.182346532308,3196.1787501928334,3177.183630939263,3189.680419921875,1291.0,-0.0003134127735752,0.009172823052487,0.0033018134401685,0.0373922116802643,-0.0047435854756852,,3187.9810424804687,3101.143359375,,1,0,16.31620379181004,21.296035628052824,0,53.81091041577484,9.617429345858604,0.1371120183092207,0.7893986776124376,-0.0237748141090053,1.046501656646576,5.370747891384529,-0.024798964882767,-0.0476563762111027,-0.0095336939163445,0,,
2025-06-13,3175.184326171875,3182.182528402103,3173.184839820381,3175.184326171875,161.0,-0.0045446853106227,-0.0034514890849071,0.0096963982976336,0.0151829132453353,-0.0049214690450821,,3187.9810424804687,3102.8729150390627,,1,0,14.0142017648227,19.8396688554068,0,50.75724135649072,9.09419271489881,0.1323725994988026,0.3885711009688638,-0.0282114503711842,0.4249265595688458,5.406788378998236,-0.0062184959867686,-0.0525063650196729,-0.0016275169157835,0,,
2025-06-16,3176.184118313632,3187.181293416386,3176.184118313632,3188.680908203125,52.0,0.0042506452050681,-0.0006266725135696,0.0042506452050681,0.0190096313645107,-0.0121424568711715,,3188.1060180664062,3104.9423876953124,,1,0,13.127583338595286,18.497251752044495,0,53.40829043542793,8.45057204631188,0.12890033689611,0.4592267409100805,-0.0240807220323643,0.532025516043521,5.378596718916221,-0.0161116751534954,-0.0704569651068552,-0.0106239344886289,0,,
2025-06-17,3162.1878073335897,3172.1852395414103,3159.188577671244,3167.1865234375,2257.0,-0.0067408390442358,-0.0081402133942705,-0.0059616420671572,-0.0022046754749082,-0.0175844025118367,,3188.38095703125,3107.1518212890624,,1,0,10.568685406958592,16.911538483027318,0,48.89373955930977,8.375801409819179,0.130514983501209,0.0625290675343151,-0.030659236805311,-0.0617025961606134,5.388386314288711,-0.0115012063493968,-0.0630010204850155,-0.0127069022187892,0,,
2025-06-18,3219.1728781614784,3221.172364421206,3204.176731213521,3211.6748046875,137.0,0.0140466249527086,0.0065799083589008,0.0158102458535043,0.0061070721150908,0.0065143683820154,,3189.5806396484377,3113.0602978515626,,1,0,11.992332706594423,15.92769732774074,0,56.99621697323975,8.67010582714112,0.1364940861686632,0.2195279524756275,-0.0170432706533427,0.170919579198786,5.4648972279968895,0.0114065599217281,-0.0477666095002525,0.0114626135010915,0,,
2025-06-19,3205.1765303012426,3205.1765303012426,3189.180639944156,3177.68359375,99.0,-0.0105836403137357,-0.0037611373531173,-0.0031363107274386,-0.001727370578742,0.005946509469813,,3189.830578613281,3120.178466796875,,1,0,10.259511539424238,14.794060170077442,0,50.41898021990627,8.480824930087113,0.1391001363557281,0.073232586043978,-0.0274465311207139,-0.0483441896337527,5.407058721384239,-0.0107950470334238,-0.0653935597420795,0.0152085913761645,0,,
2025-06-20,3156.1894428053743,3160.188415808612,3148.1914967988987,3145.692138671875,1485.0,-0.0100675394935628,-0.0092883387137265,-0.0085078340143607,-0.0176395942762942,-0.0005436804459032,,3189.3557006835936,3127.156674804688,,1,0,6.23294570091457,13.081837276244867,0,45.13933607632571,8.54231812059141,0.1425289201228374,-0.2260929175137682,-0.0372377515782577,-0.4936820745069367,5.365223674431953,-0.0304274067826788,-0.0680857828371023,0.0068676594219534,0,,
2025-06-23,3128.1962890625,3133.195004768896,3120.1983439322667,3128.1962890625,265.0,-0.0055618442104642,-0.0189685393057121,-0.0085552409817127,-0.0241696953135882,-0.0065757961020959,,3188.280969238281,3131.5555419921875,,1,0,1.611517844914033,10.787773389978703,0,42.51716729443044,9.223047084136487,0.1425506436414444,-0.349821002653697,-0.0425924852156957,-0.6764410300892454,5.283197538236471,-0.0395776806816662,-0.0859859123034896,-0.0385333732729573,0,,
2025-06-24,3142.192794979778,3164.187144801462,3136.1943359375,3136.1943359375,2244.0,0.0025567599140003,-0.0097854001558338,-0.0042850496708274,-0.027286790219175,0.0066700692914523,,3183.3822265625,3137.963896484375,,1,0,-1.3896030077353316,8.352298110435896,0,44.11536851698321,8.98650130879878,0.1428071509402223,-0.4102039685108549,-0.0401446240605324,-0.7636796510757344,5.2388315427702645,-0.0524922759968211,-0.0985633956810366,-0.0366548438254157,0,,
2025-06-25,3139.193771936822,3145.192231373644,3133.1953125,3133.1953125,2504.0,-0.0009562619902517,-0.0244356907097063,-0.031220963109292,-0.0250427498275306,0.005384873485595,,3180.2830322265627,3142.682685546875,,1,0,-3.964310924252459,5.888976303498225,0,43.62557273968624,8.838220713205807,0.1037401254108033,-0.367436996290688,-0.0410624972726821,-0.7008753428545877,5.230890192239851,-0.0594847898652968,-0.0808182143685852,-0.0268742464781446,0,,
2025-06-26,3167.1864854857818,3168.1862286945843,3163.1875126505724,3164.187255859375,202.0,0.0098914814648582,-0.004247225216875,-0.009699594741651,-0.0189088774118201,0.0182691976048676,,3178.2585693359374,3148.28125,,1,0,-3.4640631159413715,4.018368419610306,0,49.825185124468014,8.328923274583815,0.1034312616495034,-0.2486302755480656,-0.0315771847384972,-0.5292056994649778,5.241622707626149,-0.0515736489418861,-0.0800093813398279,-0.0161981883321576,0,,
2025-06-27,3214.174236094353,3237.1683286076254,3212.1747497888514,3236.66845703125,909.0,0.0229067356989243,0.0289209224389599,0.0099828931946455,0.0079389655859554,0.0362605370932649,,3179.7331787109374,3153.879814453125,,1,0,2.7493215922118,3.764559054130605,0,60.70812841547197,9.30674052045812,0.1310827546564894,0.2523538129917585,-0.0093937792644939,0.2221890673064293,5.3351837101645065,-0.0337061250598247,-0.0707343673629385,0.0073075574084038,0,,
2025-06-30,3223.171887718024,3238.1680348383,3223.171887718024,3224.171630859375,5419.0,-0.0038610152191297,0.0306807287421333,0.0052991665876254,0.0103382468542181,0.015361347569287,,3180.008093261719,3158.61859375,,1,0,6.589128929992057,4.329473029302895,1,58.35785213819961,10.23261912782606,0.1319433338133219,0.2956966039055745,-0.0132185249589183,0.2893381261390008,5.289295942103023,-0.0438345844567366,-0.0754165664301117,-0.0279796388105516,0,,
2025-07-01,3204.176821319485,3210.1752802673527,3193.179646581727,3209.175537109375,1181.0,-0.004651146237523,0.0232706246343177,-0.0029508439445539,0.0308285159243479,0.0184942864975259,,3180.008093261719,3163.127431640625,,1,0,8.32616561708528,5.128811546859373,1,55.5772903923426,10.270656131816928,0.1324312385036679,0.6729776617232152,-0.017808189903813,0.862802480437752,5.266398948625921,-0.0460307657065776,-0.0753634070668384,-0.0357949093754664,0,,
2025-07-02,3199.178219167444,3220.1728262307297,3198.9583049542266,3218.17333984375,1859.0,0.0028037739382993,0.0271218417200891,0.0028037739382993,0.0419161856505025,0.0190866361076593,,3181.3577392578127,3167.2163818359377,,1,0,10.309980155674111,6.165045268622321,1,56.90411065667802,10.514223002095395,0.132374952863472,0.8749839555728783,-0.0150543461042543,1.1731148213067226,5.257331655423936,-0.0394078567833476,-0.0633901910536881,-0.0430819197728544,0,,
2025-07-03,3217.173609308278,3227.1710412825114,3215.6320131083453,3219.173095703125,7478.0,0.0003106594188067,0.0173775555608879,0.0087718875455919,0.0434219837937916,0.0044588332272812,,3184.2819946289064,3171.055400390625,,1,0,11.826510758385666,7.297338366574991,1,57.05758496667653,10.888597644997503,0.1306994820921341,0.90216972232514,-0.0147483634598589,1.215257828652798,5.217840857973499,-0.0415046806493543,-0.0667427357543776,-0.0664922024526715,0,,
2025-07-04,3209.1758339712705,3209.1758339712705,3198.703425791543,3203.67724609375,224.0,-0.0048136118029995,-0.0101929534567652,0.013601234279337,0.0480785450576919,0.0065307368498563,,3185.156787109375,3173.7447119140625,,1,0,11.643764557957184,8.16662360485143,1,53.85617379628428,10.74899688116338,0.1271096775895864,0.9880900698478292,-0.0194909823664332,1.3455817345671386,5.192724197633384,-0.0415705011878888,-0.0566455207392706,-0.0528705815347448,0,,
2025-07-07,3175.18439125808,3188.181052809199,3167.1864456881603,3170.685546875,268.0,-0.0102980720854377,-0.0165890932952966,-0.0048634549264749,0.0872471444869988,-0.0061756236498332,,3184.1570434570312,3175.774189453125,,1,0,8.736078399909275,8.280514563862999,1,47.71743523616692,10.165239445184069,0.1295488038969362,1.8394760383164872,-0.0295883349104453,2.441799432033012,5.177834763832142,-0.0422297368445527,-0.0626319006127452,-0.0523781377988089,0,,
2025-07-08,3173.18468601677,3179.1831447805066,3166.1864841257434,3172.684814453125,1510.0,0.000630547415872,-0.0113707468582783,-0.005640052622127,0.1243577711732082,-0.0050814255338647,,3183.132299804688,3177.583720703125,,1,0,6.517905992857322,7.927992849661864,0,48.10347570714647,9.648212805131044,0.1294544801237939,2.707389990544088,-0.0289764443426909,3.4804203255601154,5.183938877685662,-0.0415897951999768,-0.0868863888455303,-0.0615446232333677,0,,
2025-07-09,3169.1858813881213,3171.185367748619,3161.1879359461323,3166.6865234375,6359.0,-0.0018906041307034,-0.015998770410779,-0.0082967971286457,0.1322608697322134,-0.0083612421114984,,3181.932604980469,3178.8134033203123,,1,0,4.227247347990669,7.187843749327626,0,46.982607977406765,9.2998444367832,0.1295200910707735,2.8817243739298988,-0.0308122654880269,3.858766693984172,5.143295365551425,-0.0444612513453951,-0.087577441563612,-0.0688555808581593,0,,
2025-07-10,3162.18755087869,3165.186780297797,3152.1901194816664,3166.1865234375,1045.0,-0.00015789374676,-0.0164596841146411,-0.0076767000328333,0.0886902205502859,-0.0039969301291025,,3180.75791015625,3179.583198242188,3146.952496337891,1,1,2.344511972690725,6.219177394000246,0,46.88453830885679,9.21797143678024,0.1295127959697916,2.1974678875723184,-0.0309652941707428,2.587574615488858,5.128021108054222,-0.0492720890103457,-0.1388582138481797,-0.0673876859027871,0,,
2025-07-11,3157.188914064977,3166.1866025471127,3149.1909687475227,3153.18994140625,1655.0,-0.0041048061872045,-0.0157591732279084,-0.0114401675753205,0.1198295804861366,0.0002500728572438,,3179.658190917969,3180.3330078125,3147.2888220214845,0,1,-0.1940480642697366,4.936532302346249,0,44.29627404756574,9.224541713548875,0.1301689665032324,3.1712526233226543,-0.0349429938268468,4.127955841676593,5.124987649284928,-0.0457590352535139,-0.0177510743366758,-0.0744566027045553,0,,
2025-07-14,3163.187588386452,3175.1845071793205,3155.1896425245386,3170.185791015625,1195.0,0.005390049418271,-0.0001576176041384,-0.0015742503876228,0.0942029095419627,0.0067588490720897,,3178.733435058594,3180.852880859375,3147.427725830078,0,1,-0.8249427333430503,3.784237295208389,0,48.31460087518242,8.925456863567328,0.1308423837675031,2.7231676126362947,-0.0297412888721247,3.245154069379935,5.142798300491019,-0.0488256724699347,-0.0840334718766893,-0.0687666330246441,0,,
2025-07-15,3169.185973801943,3175.1844330583504,3163.187514545536,3154.689697265625,464.0,-0.0048880711641305,-0.0056718893429071,-0.010659960001032,0.0937608796399165,0.0018377401727072,,3178.10859375,3180.9128662109374,3147.6615893554685,0,1,-2.5459879984764484,2.518192236471422,0,45.118780212940514,8.647735217155889,0.1308936520242819,2.709827269968628,-0.0344839824997355,3.993936675914442,5.139622720309771,-0.0444305477980886,-0.064067086031284,-0.0680611202162285,0,,
2025-07-16,3150.190778559788,3158.188724046452,3139.193603515625,3139.193603515625,1602.0,-0.0049120817693834,-0.0086819202716759,-0.0088384184874255,0.0617076086087733,-0.0121775590766531,,3174.4845336914063,3180.392998046875,3147.872951660156,0,0,-5.101526804509831,0.9942484282751712,0,42.11850151174323,9.121371442945318,0.1299409904140829,1.9423952808920049,-0.0392266761273462,2.8824873010375827,5.097334948383988,-0.0540145692844858,-0.0857380148195321,-0.0675010182984857,0,,
2025-07-17,3173.18491573082,3190.1805501250933,3171.1854293314937,3181.182861328125,850.0,0.013375810197076,0.0047364038030026,-0.009494094269716,0.0649263773521835,0.0005631665285881,,3174.6594970703127,3180.932861328125,3148.1543115234376,0,1,-3.696022091378836,0.0561943243443697,0,51.52490428257623,8.482637506139774,0.1290193801278964,2.021795810517681,-0.0263755545048117,3.032842504180838,5.1340974580649625,-0.0605317458189746,-0.0910968198511098,-0.0630242994882959,0,,
2025-07-18,3154.1899161636734,3169.186064734975,3152.1904296875,3152.1904296875,781.0,-0.0091137268445237,-0.0003169843039345,-0.0080225621306794,0.056458386467707,-0.0158274864122781,,3174.984411621094,3180.61294921875,3148.36068359375,0,1,-4.865509844828921,-0.9281465094902884,0,45.96985329515562,8.429016330194038,0.1276540467835162,1.7537692068495785,-0.0352489017502057,2.95439301503838,5.091034767067029,-0.0584465548834108,-0.1177205259869651,-0.0684381891139309,0,,
2025-07-21,3171.185326623115,3183.1822446305164,3163.187381284848,3182.682373046875,1076.0,0.0096732554836156,0.0039419084101208,0.01175901287995,0.0560623469071073,-0.0056866753760099,,3177.7087158203126,3180.9928515625,3148.6295471191406,0,1,-3.2939220350194773,-1.4013016145961263,0,51.84956722627795,7.925459060073032,0.1270402293886244,1.7435447715419543,-0.0259166178987368,3.1014821156812507,5.130553500844285,-0.0437391221368816,-0.1184644746675712,-0.0606206494515729,0,,
2025-07-22,3179.183309959988,3194.179457648478,3174.184594063824,3185.681640625,148.0,0.0009423710023737,0.0098240861490237,0.0183765167689422,0.0523448441719676,-0.0092362337839341,,3180.183081054688,3180.353017578125,3148.728471679688,0,1,-1.7858256588797303,-1.4782064234528471,0,52.39829550942918,7.604989470189709,0.1250560710605809,1.6372588047481187,-0.0249986699655506,3.522758015553112,5.134653826902433,-0.0281162516182618,-0.1202916353021809,-0.0555412950234657,0,,
2025-07-23,3297.1532127537857,3323.146537050814,3280.157577636498,3317.64794921875,758.0,0.0414248262949024,0.0568471933375729,0.057857898409541,0.0809446548543844,0.0287674536951587,,3189.405712890625,3183.1223095703126,3149.54720703125,1,1,9.94330951690108,0.8060967646179387,1,69.08970070671735,9.894451520598164,0.188131779647507,2.1372985193958995,0.0,5.447497957347424,5.302246319563376,0.012104755855459,-0.090122555727847,-0.022120341688083,0,,
2025-07-24,3365.1354754939744,3369.134448132708,3344.140869140625,3344.140869140625,1410.0,0.0079854524432327,0.0512256022102628,0.0673260156489605,0.0895764869894908,0.0352177773034927,,3198.403393554688,3187.111284179688,3150.473415527344,1,1,21.13288414107319,4.8714542399089895,1,71.2678608119947,12.56304767116448,0.1884632426047182,2.340092398741228,0.0,6.461389591309304,5.342818822731864,0.0213976257154207,-0.0638618442934982,-0.0109456364998065,0,,
2025-07-25,3320.1471280988326,3320.1471280988326,3312.149182593024,3313.14892578125,1264.0,-0.00926753524212,0.0510624277574838,0.0470773876122632,0.0749270182122778,0.0238813073538124,,3202.2274169921875,3189.870576171875,3151.3246350097656,1,1,27.18652252004904,9.334467895937,1,65.45692774577608,14.134437376623218,0.1915195260904059,1.965789586271828,-0.00926753524212,6.191445020485653,5.271037635209446,0.0056117979534275,-0.0736882715474761,-0.0287350868639595,0,,
2025-07-28,3297.152926489086,3297.152926489086,3265.161145516481,3266.160888671875,477.0,-0.0141822894659934,0.0262289810418887,0.0091119717796726,0.0518351062972461,0.0215097278332452,,3204.3268798828126,3191.470166015625,3151.9484130859373,1,1,27.871250226817665,13.041824362113132,1,57.76648616259273,14.440409523093251,0.1840941371683526,1.3770511590756322,-0.0233183898406735,4.588196217423964,5.197587419053554,-0.0257903567310731,-0.0930143018857108,-0.0444520235896362,0,,
2025-07-29,3295.1535441548003,3295.1535441548003,3279.6785154589065,3264.661376953125,245.0,-0.0004591052828876,0.0247920995371746,0.012558185707675,0.0437908817125471,0.0126508917305401,,3207.101171875,3193.529638671875,3152.517210693359,1,1,27.97047754969253,16.02755499962901,1,57.53417568397155,14.724526516243996,0.1834559635263565,1.1827631949543849,-0.0237667895275968,3.876159849639268,5.208939809462708,-0.0151922171721716,-0.0918857371135064,-0.0420730626836898,0,,
2025-07-30,3301.151985509034,3301.151985509034,3291.1545536934404,3292.154296875,174.0,0.0084213695533512,-0.007684254849811,0.0258567220166356,0.0566340996896623,0.0180221205827233,,3210.8002197265623,3195.6191015625,3153.193482666016,1,1,29.922635274490855,18.80657105460138,1,60.65812240119433,15.090053707150846,0.1842772834730696,1.4947949896070405,-0.0155455688919541,6.2135672538363975,5.259429326973237,-0.0013234131558723,-0.079187490750525,-0.0401003581623422,0,,
2025-07-31,3336.142971153572,3339.142200675137,3296.153244199379,3290.15478515625,1347.0,-0.0006073566237912,-0.0161434838115083,0.0223671747016569,0.0464229411075465,0.0171534065628844,,3214.3493041992188,3197.9685009765626,3154.0996728515624,1,1,30.951599676475325,21.23557677897617,1,60.31062969594181,16.038538798699328,0.1843006320009798,1.250730695874685,-0.0161434838115083,5.435864007765332,5.2760264884328185,0.0035559546618282,-0.0781655498073106,-0.0321412765507993,0,,
2025-08-01,3310.1496374022395,3313.148866913628,3269.1601674132658,3279.657470703125,4146.0,-0.0031905229810111,-0.010108647642583,0.0187887924016056,0.0406026682729474,0.0128124939213052,,3218.1483154296875,3200.4578564453127,3154.8884008789064,1,1,30.567650978904112,23.10199161896176,1,58.41852040329072,16.229103046942775,0.1848917919965518,1.105170620313071,-0.0192825006364253,4.8633836596114906,5.346829887849121,0.0247207673416314,-0.0541825166741469,-0.0254271974509371,0,,
2025-08-04,3315.964207235282,3328.145160569101,3292.1544048525234,3329.644775390625,31.0,0.0152416235945467,0.0194368522808943,0.0393196691241191,0.0519583086443198,0.041106620521218,,3226.0962768554687,3204.05693359375,3155.922065429688,1,1,33.90607843047792,25.262808981264996,1,64.18125841804755,16.65628566106447,0.1899959178700127,1.3659647287277288,-0.0043347736585406,6.223561159654099,5.347050721651748,0.0297197613708617,-0.0714045605630075,-0.019841073840591,0,,
2025-08-05,3352.1389467304457,3352.1389467304457,3327.1453667518413,3325.645751953125,324.0,-0.001201036058578,0.0186801533018152,0.0488727761826941,0.0543581937497721,0.0409952125291335,,3233.7443237304688,3205.88646484375,3156.9832189941408,1,1,35.81625102082171,27.373497389176336,1,63.4239700720345,17.437018021015103,0.185186216046206,1.4255241844798143,-0.005530603497649,6.635794405372605,5.367844582147044,0.0366967713303918,-0.0606090934976729,-0.0083437373697099,0,,
2025-08-06,3350.1393266769683,3363.1359877473355,3350.1393266769683,3353.638427734375,2001.0,0.0084172151422954,0.0186759566274694,0.0570348534014215,0.0585358279217902,0.043714902420485,,3243.0919189453125,3209.0556494140624,3158.3917626953125,1,1,39.137696548275926,29.726337220996257,1,66.41154130310883,18.332626628491894,0.1862427529256994,1.5214265046148618,0.0,7.145780472863808,5.371879537587897,0.036254412780835,-0.0575345130692598,-0.0093099613793543,0,,
2025-08-07,3355.474936068881,3371.4724327843464,3332.4785345404,3329.47900390625,314.0,-0.0072039441188197,0.0119520877642029,0.0514078293711357,0.0524045945881082,0.0203230457185481,,3251.25654296875,3211.55169921875,3159.849449462891,1,1,39.36670756442709,31.654411289682425,1,61.72542928689537,18.663132918767037,0.1887884054013921,1.3678630662770646,-0.0072039441188197,6.397308144276696,5.337651451068187,0.0377882411378731,-0.0634030217893122,-0.0273328664247052,0,,
2025-08-08,3372.4722582816657,3388.469754911522,3365.473353506103,3383.970458984375,476.0,0.0163663609273985,0.0318060618259889,0.0687843037467133,0.0516824119718444,0.0461565807155976,,3262.7955688476563,3215.087583007813,3161.8594970703125,1,1,43.44440540309233,34.01241011236441,1,67.3256217637683,19.26158631014103,0.194496962631065,1.3526626225882483,0.0,6.309147463538833,5.383034408406715,0.0497293780542287,-0.0405958993906435,-0.0194802584359676,0,,
2025-08-11,3394.468994140625,3397.468524916007,3382.470871039097,3394.468994140625,846.0,0.0031024310890115,0.0194688091742143,0.0765190353952385,0.0677172785764941,0.0460076517043601,,3274.009729003906,3218.60349609375,3163.8420654296874,1,1,46.98157995692554,36.60624408127664,1,68.28833438213537,19.97009913730203,0.1926598859174141,1.7572782364497386,0.0,8.266609085531682,5.41043381839984,0.0556969477096669,-0.0175929373633965,-0.011006289067208,0,,
2025-08-12,3403.4675031058173,3424.4642180192195,3390.4695367308536,3420.46484375,1129.0,0.0076582963798601,0.028511482842449,0.0789477555049522,0.0876946591009046,0.0566224430862174,,3287.298486328125,3222.8292822265626,3165.8946337890625,1,1,51.29121092997048,39.5432374510154,1,70.59838014016228,21.06573239351181,0.193087196266352,2.251730297428998,0.0,10.0,5.3944400807035375,0.0489309059988787,-0.0084881447303695,-0.0107417332164424,0,,
2025-08-13,3433.4627791772723,3436.5453046787666,3409.4665337782467,3412.466064453125,1188.0,-0.0023385065078188,0.0175414368562363,0.0817121149541051,0.07473006726741,0.0735470284803547,,3300.962109375,3227.254995117188,3167.817239990234,1,1,53.44510794864618,42.32361155054156,1,68.93442330038636,22.26809668513921,0.1918573699285102,1.9499079595572095,-0.0023385065078188,9.122697574701457,5.36346462170777,0.043552204817187,-0.018879738005554,-0.0015522205475456,0,,
2025-08-14,3404.467097305999,3404.467097305999,3391.469131883098,3395.468505859375,666.0,-0.0049810190849396,0.0198197681606353,0.0816371765209842,0.0656858738821106,0.0554198195687785,,3311.6763916015625,3231.95060546875,3169.552395019531,1,1,53.16764244356409,44.49241772914607,1,65.406526108572,22.79012141814088,0.1918970290795577,1.725629630246458,-0.0073078774472128,8.018624688403074,5.336253061340379,0.0468711817794385,-0.0210650450652388,-0.0081402085362605,0,,
2025-08-15,3460.458543458516,3470.45697900737,3451.459951464547,3452.959716796875,565.0,0.0169317461900442,0.0203870744879981,0.0854326416669064,0.0921254710228889,0.0761323213066138,,3326.7148559570314,3237.286171875,3171.5175244140623,1,1,56.930549345496274,46.98004405241611,1,70.84199666982028,24.2429151798748,0.1945074907146052,2.3312288131695555,0.0,10.0,5.439339510122573,0.0594538873776377,0.0066765087540161,0.0136482934972488,1,,
2025-08-18,3457.458812263769,3474.4561517109883,3456.458968766874,3471.95654296875,459.0,0.0055016066591988,0.0228275906958881,0.1014425112993413,0.089179368023049,0.0697208296400067,,3341.178564453125,3242.9116943359377,3173.607626953125,1,1,60.74533092231104,49.733101426395095,1,72.38596072632527,25.642326127068348,0.1886087386279036,2.267255306918385,0.0,10.0,5.470455931143915,0.0745273174191014,0.0008032797334951,0.0078285528746451,1,,
2025-08-19,3461.458398916691,3478.455739408194,3460.458555358367,3463.9580078125,1958.0,-0.0023037543982076,0.0127155711429025,0.0883769103532476,0.0918065330764921,0.0674207328477252,,3355.0923828125,3248.327260742188,3175.667735595703,1,1,62.40380563900544,52.267242268917165,1,70.6887193494689,26.99466919408381,0.1891743390279369,2.333408515269303,-0.0023037543982076,10.0,5.487624306389996,0.0695969363708908,-0.0083078633413583,0.0141156843802157,0,,
2025-08-20,3456.4591003798164,3456.4591003798164,3443.46113442525,3450.9599609375,3713.0,-0.0037523684887879,0.0112803748835357,0.0832720749398094,0.0937408815476918,0.0696766564528066,,3361.7579833984373,3253.5328515625,3177.6328637695315,1,1,61.95514470463195,54.204822756060125,1,67.90242572419717,27.66278136062028,0.1908556519909549,2.38295283314029,-0.0060474783515857,10.0,5.481597361722327,0.0675690214990001,-0.0035109583519465,0.0213659827579295,0,,
2025-08-21,3433.462665341054,3436.462195916483,3417.953129682604,3430.463134765625,1441.0,-0.0059394563842771,0.0103062740372534,0.034004568077647,0.089142783882409,0.0662972654536027,,3366.0740966796875,3258.348505859375,3179.4230310058592,1,1,59.26251374000594,55.216360952849286,1,63.64236049115889,27.462945857174844,0.1361557109265919,2.266537005963316,-0.0119510160019588,10.0,5.470988619252744,0.0318246813745277,-0.0105037865114679,0.0179873755300188,0,,
2025-08-22,3438.4619664010515,3455.4593067409232,3438.4619664010515,3455.959228515625,2007.0,0.0074322599451988,0.0008686784569651,0.0334370960287133,0.0685771294172779,0.0760613818907154,,3373.2146118164064,3263.96400390625,3181.198229980469,1,1,58.51142272794869,55.87537330786917,1,66.46107931306122,27.61695808054389,0.1358434082575607,1.8680926744390065,-0.0046075791142956,8.371575660120115,5.428288699674969,0.0159971505265084,-0.0239924946961033,-0.0055339672916918,0,,
2025-08-26,3404.467353876784,3408.2267754619024,3394.46891818258,3406.467041015625,12998.0,-0.014320825052458,-0.0188624198323424,0.0281659887088747,0.0661270710101444,0.0693055444006354,,3380.2299194335938,3268.3197265625,3182.6784851074217,1,1,53.30806953926594,55.361912554148525,0,57.19195504779383,26.4981135326993,0.1419297112732536,1.796017816756576,-0.0188624198323424,8.072483973120118,5.351795826962212,0.0153211184100294,-0.0316387746891922,-0.0160453846291084,0,,
2025-08-27,3399.46804594316,3410.466324915329,3391.469297599765,3394.96875,666.0,-0.0033754299915952,-0.0199163089324131,0.0394370840012423,0.0593795459592552,0.0621960777903363,,3386.7452880859373,3272.87537109375,3184.098748779297,1,1,47.70662636695215,53.83085531670925,0,55.26357932781641,25.37995105968217,0.1315765973675745,1.6229456745583215,-0.0221741810463216,7.24877763017361,5.321605674831482,0.0238607349485449,-0.0361653416658107,-0.0296594556343319,0,,
2025-08-28,3439.4619023859,3444.4611202672745,3420.0230490282142,3428.463623046875,3715.0,0.009866032801296,-0.0065188637785624,0.0501743449566045,0.0689975651222836,0.065344610434606,,3393.560754394531,3277.2111474609374,3185.5515344238283,1,1,45.44632171583589,52.15394859653458,0,59.54295660662827,25.028703281000805,0.1341047318725299,1.8538400084488795,-0.0125269194425704,8.422900487283039,5.3551440395128616,0.028067943842345,-0.0319309825195801,-0.0297278538620768,0,,
2025-08-29,3399.4678766209177,3419.4647464833934,3389.46944168968,3382.970458984375,2904.0,-0.0132692567471578,-0.0138443918256812,0.0275856335760387,0.0510449808953277,0.0495780523601072,,3398.201538085937,3281.316884765625,3186.9168054199217,1,1,39.528436645549846,49.62884620633764,0,52.23444681557144,23.88899241061957,0.1425517391653948,1.3800232582876937,-0.0256299532793938,6.231332854929292,5.315787883650064,0.010715717081279,-0.0370843252665038,-0.0537019539428935,0,,
2025-09-01,3400.4676636911618,3400.4676636911618,3391.896983929302,3391.968994140625,1231.0,0.002659950852468,-0.0185159112546835,0.0309451122007136,0.056959631817429,0.06827467186137,,3403.8171142578126,3286.242421875,3188.4195361328125,1,1,35.15928235342517,46.73493343575515,0,53.45151346072455,22.830689459551284,0.1424400902022279,1.5286501966279908,-0.023038176843,6.953365814289283,5.329927618162719,0.0102162356174808,-0.0261435021626574,-0.0218146783061434,0,,
2025-09-02,3395.468759493758,3400.467977337536,3390.2295889575767,3393.968994140625,992.0,0.0005896280312276,-0.0036689175983554,0.0348547140848196,0.0635465713416838,0.0552814984139689,,3407.0333251953125,3291.5578759765626,3189.862292480469,1,1,31.495024348444986,43.68695161829312,0,53.73368119824685,21.80163444803965,0.1414734475388131,1.6976944034902186,-0.0224621327666274,7.757468626181576,5.372884141616962,0.0048728413497969,-0.0130238845281154,-0.0435540943874224,0,,
2025-09-03,3372.4724712193884,3381.4710636418536,3372.4724712193884,3375.971923828125,7298.0,-0.0053026619699738,-0.0055955820423604,0.0139135408016806,0.0681129982918511,0.0780013976305764,,3409.5496337890627,3296.353427734375,3191.267545166016,1,1,26.82958555211144,40.31547840505679,0,50.75232261530828,20.35146591764567,0.1343636357902682,1.8213360248178825,-0.0276456856394152,8.314916700117804,5.315585348023226,-0.0058846222462618,-0.0188938200644658,-0.0397312793697212,0,,
2025-09-04,3397.4684700225466,3415.465654384055,3396.468626446908,3415.965576171875,4515.0,0.0118465595230423,-0.0036453782945181,0.0271585824093578,0.072118988561368,0.0802538788221818,,3412.6659912109376,3302.0088330078124,3192.772800292969,1,1,26.05895379833555,37.46417348371254,0,56.52504529806639,19.823506038256618,0.1395491024370343,1.9102084346699704,-0.0161266323768554,8.803949281678676,5.333977979482259,-0.0063091622990394,-0.0133471371548578,-0.0354436688572382,0,,
2025-09-05,3429.463316834176,3435.462378029804,3413.4658203125,3413.4658203125,890.0,-0.0007317860217362,0.0090143741122943,0.017839547663623,0.0698237902485012,0.0726806820814747,,3416.86533203125,3306.994404296875,3194.320537109375,1,1,24.95880362299613,34.96309951156926,0,56.08254469780707,19.760045810550835,0.137261144575383,1.8531537403747276,-0.0168466171544406,8.523762191690876,5.345556651672036,-0.0049001258743193,-0.0117097893742221,-0.0564751415397565,0,,
2025-09-08,3470.4569349727094,3474.522216796875,3470.0070541992054,3474.522216796875,463.0,0.017886921884803,0.0243378470731467,0.0435633361016711,0.0881073277517756,0.1043580090700548,,3421.392919921875,3311.751479492188,3196.3584912109377,1,1,28.683027522859906,33.70708511382739,0,63.58167886326008,20.43175907443452,0.1458943926170746,2.2495836297168315,0.0,10.0,5.427838392660488,0.0168963714508281,0.0084021112923515,-0.0255610490088149,1,,
2025-09-09,3448.460273912906,3460.458396060472,3439.461682302232,3450.4599609375,6281.0,-0.0069253423515471,0.0166445146948606,0.019648369499384,0.0814182264678158,0.1037244093141509,,3424.1924682617187,3316.27724609375,3198.061209716797,1,1,29.354498458211765,32.836567782704265,0,59.28522379726333,20.16925139200203,0.1393037632512987,2.0804260154996816,-0.0069253423515471,9.939156811897504,5.377816268739293,-0.0009693676970135,-0.0029604170633565,-0.0542464129319105,0,,
2025-09-10,3475.456367479514,3482.4552727074647,3464.4580878355914,3477.4560546875,2061.0,0.007823911610516,0.0300607152989289,0.0244477297303711,0.0902208362217908,0.130986604508031,,3427.042028808594,3321.6428564453126,3199.743963623047,1,1,31.69959002057385,32.60917223027818,0,62.35845343204914,20.33773895347504,0.1411649077104032,2.281257466094927,0.0,10.0,5.404268388809285,-0.0011395444057714,0.006241309050929,-0.0417125053323544,1,,
2025-09-11,3488.45417271066,3501.45213896037,3482.45511136464,3502.951904296875,3596.0,0.0073317532151147,0.0254646383827092,0.0241157457582406,0.1032278899285727,0.1199781032711926,,3431.5663208007813,3327.338427734375,3201.49171875,1,1,35.209520529489964,33.12924189012054,1,65.0421930913601,20.82940181845462,0.1409807459370055,2.584799329427783,0.0,10.0,5.399024941828114,0.000849923450068,-0.0014358685093498,-0.0538668412929506,0,,
2025-09-12,3483.4550379672896,3500.4523788528936,3477.455976478253,3476.9560546875,3205.0,-0.0074211266153804,0.0185999326541337,0.0188983535707951,0.0904057680223711,0.1111339797102124,,3435.640698242188,3332.4940869140623,3203.221954345703,1,1,35.48447499892518,33.60028851188147,1,60.31990191305361,21.132577145056683,0.1436499544115252,2.273453659519354,-0.0074211266153804,10.0,5.360751376336637,-0.000505875504455,-0.0033178435774563,-0.0735410434951446,0,,
2025-09-15,3486.4542580700795,3494.7469053172736,3477.4556666382955,3487.4541015625,28112.0,0.0030193211274116,0.0037219174202163,0.0270906932414158,0.1011205294525559,0.0986929160263538,,3437.3654174804688,3338.1696240234373,3205.089649658203,1,1,36.1329647185803,34.106823753221235,1,61.53446082624924,21.41408702717052,0.1421671414009601,2.534609657204743,-0.0044242122523476,10.0,5.348461947804745,0.0022879136960005,-0.007409336331008,-0.0699435610660533,0,,
2025-09-16,3491.4537080726923,3493.453395190718,3473.4565240104616,3476.4560546875,1481.0,-0.003153603332033,0.007534095176962,0.0068046950493882,0.0824433562244679,0.0890539158614316,,3437.5903930664062,3344.2850341796875,3206.7574047851563,1,1,35.35193195940883,34.355845394458754,1,59.4804083620647,21.53775626853725,0.1309446451545262,2.120291456180087,-0.0075638633738801,10.0,5.338945396644891,-0.0184570412070894,-0.0230474290910251,-0.0697131410459021,0,,
2025-09-17,3484.4546274578274,3486.45431447502,3475.456035880461,3478.45556640625,613.0,0.0005751580596147,0.0002874261250267,0.001871861976689,0.0946513281711938,0.0927604596729301,,3438.3152709960937,3350.40044921875,3208.3301953125,1,1,34.4966458953495,34.3840054946369,1,59.74350913157643,21.65259199266351,0.1296103737163348,2.437712162559138,-0.0069930557312467,10.0,5.348662074663889,-0.0222639315649432,-0.0108000762946032,-0.0754873806022925,0,,
2025-09-18,3500.4522977965685,3507.4512027050446,3496.452923563153,3515.449951171875,2.0,0.0106352903061071,0.0035678613970318,0.0148650599237178,0.1175441830287034,0.0978311570542442,,3441.5397705078126,3357.3757177734374,3209.748076171875,1,1,36.38454481910912,34.78411335953135,1,64.3551021376023,22.23034346867561,0.1342286481278903,2.99293553244347,0.0,10.0,5.380407391852163,-0.0195379473068129,0.0028300250542336,-0.0654484422541348,1,,
2025-09-19,3493.4533313337056,3503.4517667410714,3480.45536530413,3499.452392578125,4783.0,-0.0045506432507784,0.0064701243089615,0.0140518673614085,0.1186805651594478,0.0916423967463113,,3444.9892333984376,3364.04103515625,3210.908531494141,1,1,36.17287069982831,35.06186482759074,1,61.09576882941777,22.157193422793306,0.1345930362084838,3.0231467540472,-0.0045506432507784,10.0,5.3295268003446,-0.0277420159385705,0.0087691708994084,-0.0779707665640121,1,,
2025-09-22,3499.452267340319,3510.4505458948174,3497.4525803304105,3506.451171875,1890.0,0.0019999641405947,0.0054472603106054,0.0221509557526746,0.1180592770335513,0.0875510280885343,,3447.5138305664063,3371.106259765625,3212.201446533203,1,1,36.153109887039136,35.28011383948042,1,62.002450125922365,22.25846058305795,0.1324520365617548,3.0086530227098303,-0.0025597802335018,10.0,5.315039754764896,-0.0285046954656521,0.0145467956685494,-0.0854503815898576,1,,
2025-09-23,3519.449266014235,3524.4484837216414,3509.1359384684374,3511.950439453125,661.0,0.0015683285774044,0.0102099333940279,0.0162013517044727,0.1208846207071954,0.0928145875652983,,3452.7880004882813,3377.941552734375,3213.5768383789064,1,1,36.16431452841334,35.456953977267005,1,62.73730124838143,22.68446753061093,0.1304493779840129,3.077067283067732,-0.0009954662325895,10.0,5.352512275752289,-0.0139595419689481,0.0232507429983652,-0.0594465549020908,1,,
2025-09-24,3513.4501670023183,3531.4473505555457,3511.4504799408487,3517.949462890625,2740.0,0.0017081742868882,0.0113538597030802,0.0327266991086936,0.1118019189212524,0.0907789927301441,0.1399984398669995,3458.9370361328124,3385.206748046875,3215.017213134766,1,1,36.23951872930866,35.61346692767534,1,63.5650943590792,23.24260418604745,0.1182934479636389,2.87854679261858,0.0,10.0,5.378768202472375,0.0050398737885846,0.0261647017528923,-0.0559381011871257,1,,
2025-09-25,3515.4498823900826,3524.448474239204,3506.451290540961,3513.4501953125,508.0,-0.0012789460524051,-0.0005688477683228,0.0348991269249532,0.0855143929493231,0.0941322543580072,0.1180768114092052,3463.1863647460937,3392.6918798828124,3216.560048828125,1,1,35.526537498942616,35.5960810419288,0,62.44465407990598,23.53894246657103,0.1174107487553908,2.3339656072843518,-0.0012789460524051,10.0,5.396786324478625,0.0141274371385142,0.0115464841813701,-0.0600046164354037,1,,
2025-09-26,3503.451728955719,3520.449068964922,3497.352585782035,3505.451416015625,486.0,-0.0022766166737033,0.0017142749106182,0.0224554790230882,0.0872409466245682,0.0984811119207869,0.1279102449735381,3469.310412597656,3399.1772509765624,3218.1328649902343,1,1,33.92499388452961,35.26186361044896,0,60.40612201172654,23.408409099663192,0.1142097409474526,2.380862928250852,-0.0035526510562009,10.0,5.353827779830649,-0.0002457935160101,0.012200458895474,-0.064136224253406,1,,
2025-09-29,3494.453224606589,3512.45040859598,3481.455258392029,3504.45166015625,736.0,-0.0002852003182264,-0.0005702380043925,0.0359096251784432,0.0920099631922413,0.1256750097320602,0.1315921519522012,3474.9345458984376,3406.222475585937,3219.5157470703125,1,1,32.203861025372134,34.650263093433594,0,60.14184828927788,22.614309232927138,0.101838036481255,2.50959509938251,-0.0038368381572155,10.0,5.337301230228994,0.0040470664085563,0.0134631428979707,-0.0629148924874865,1,,
2025-09-30,3509.450674102322,3511.4503610961124,3474.4561517109883,3471.95654296875,7374.0,-0.0092725254444089,-0.011387944441096,0.023581450469122,0.0788593951677325,0.124081065866372,0.1110577762569011,3478.833923339844,3412.007958984375,3220.7561474609374,1,1,27.89619646235269,33.29944976721742,0,52.154962139952296,21.59300253723314,0.1085873401245227,2.152121162004785,-0.0130737864221857,10.0,5.2679671000570005,-0.0116250205527325,0.0020229738829757,-0.0614954538716507,1,,
2025-10-01,3471.456680631473,3487.454176855581,3465.4576195474324,3475.4560546875,1483.0,0.0010079364978909,-0.0120790274707951,0.024009370942267,0.0796114254702411,0.1264902952906024,0.117180932314324,3483.8081298828124,3417.803447265625,3222.1789868164065,1,1,24.48250354909169,31.536060523592276,0,52.88068979850885,20.283162023563964,0.108570647808356,2.171397159975225,-0.0120790274707951,10.0,5.25536864774507,-0.0218719575510009,0.0071922066603897,-0.0600305566426131,1,,
2025-10-02,3470.456721577445,3487.454060749677,3437.461886713701,3480.955078125,3649.0,0.0015822451358817,-0.009248776951742,0.0310971645101334,0.0865498646498599,0.1387896012748573,0.1125137659805928,3487.057604980469,3421.06958984375,3223.789266357422,1,1,21.967623466205623,29.622373112114943,0,54.05990074885224,19.600128106085435,0.1060019856288032,2.3550681647496754,-0.0105158943173753,10.0,5.257629037704556,-0.0109030909155137,0.0124991887881802,-0.0448543550088154,1,,
2025-10-03,3540.4459881849693,3553.4439542528607,3540.4459881849693,3549.444580078125,2114.0,0.0196754914717303,0.0125499283377612,0.039075043623781,0.1194565110931378,0.2171258950633923,0.1211498303491194,3493.85654296875,3425.1756640625,3225.79947265625,1,1,25.210482548909116,28.73999499947378,0,65.60526557005385,19.45678381692027,0.1183935989819549,3.124200215828133,0.0,10.0,5.361154055705977,0.0050948984656955,0.0354046237926215,-0.0294447356987348,1,,
2025-10-06,3603.436271874136,3617.43408203125,3591.438148882324,3617.43408203125,3092.0,0.0191549692970915,0.0322396862138376,0.0597540073508271,0.1401807281807747,0.2819710622719813,0.1469713922289623,3501.0021362304688,3431.2613671875,3228.14212890625,1,1,32.88754913647381,29.569505826873787,1,72.8891282451533,20.56428275688554,0.1321640978859493,3.530091122336076,0.0,10.0,5.444322679793978,0.0184762849891506,0.0502289491161134,-0.0410216517336218,1,,
2025-10-07,3577.440320800576,3589.177498228244,3564.247316444917,3568.941650390625,2637.0,-0.0134052011843145,0.0279338483133624,0.02717479633237,0.1270271382961105,0.2760887278189619,0.1298054981852716,3506.926220703125,3437.316982421875,3230.409765625,1,1,34.6592158860376,30.587447838706552,1,62.69157956932796,20.74469041954768,0.131609086605049,3.165548200478066,-0.0134052011843145,10.0,5.391328480478708,-0.0067264184267439,0.0482245520233097,-0.0435762724270549,1,,
2025-10-08,3561.442626953125,3567.441688087802,3553.443878773556,3561.442626953125,453.0,-0.0021011897005038,0.0247410903526319,0.0321646004509701,0.1248366451533307,0.2245986552950234,0.1331690247572909,3511.1255493164062,3443.252607421875,3232.6349096679687,1,1,35.05408436562675,31.480775144090597,1,61.264149401415686,20.59329463234637,0.1288372706572817,3.112249675353269,-0.0154782240141566,10.0,5.348109403361378,-0.0055239643553086,0.042918757678567,-0.1018990782014412,1,,
2025-10-09,3578.439991337912,3584.439052513668,3569.841239345027,3583.439208984375,11018.0,0.0061763123361244,0.0294413827697477,0.0304772088072868,0.1364488900361784,0.2726290837731493,0.1407121644840103,3515.149914550781,3449.0783056640626,3235.01501953125,1,1,36.71869060864583,32.52835823700164,1,63.86328816444734,20.789260316276422,0.1279480655253188,3.383045780307756,-0.0093975100239521,10.0,5.396775561094506,-0.0013864647674225,0.0530319154715426,0.034339467661115,1,,
2025-10-10,3495.453058294139,3524.4485213063044,3452.825695094117,3454.45947265625,3348.0,-0.0359932815393513,-0.0267605551457248,-0.0138433050083108,0.0896709847247005,0.1923211619292231,0.0963399150819759,3514.0250854492188,3452.3643994140625,3236.6702575683594,1,1,27.31544085710175,31.485774761021663,0,44.85699231093766,20.283344967514715,0.1802393924872901,2.07867924944581,-0.0450525443392425,7.961457967873943,5.347046726921781,-0.0096273337253249,0.039715426212858,-0.0476554708155603,1,,
2025-10-13,3460.4584986943555,3471.4567776558224,3444.4610020231303,3472.95654296875,6308.0,0.005354548362461,-0.0399392320042977,-0.0011502911327734,0.100886894194059,0.2041070177777495,0.1001161425455248,3513.300207519532,3456.230380859375,3238.158073730469,1,1,21.112485084016495,29.41111682562063,0,47.280175842430175,19.95285994744126,0.1795810416267411,2.3204938279380265,-0.0399392320042977,8.957264940284492,5.294440081073408,-0.0123697762884396,0.0301223200979052,-0.0358746152065533,1,,
2025-10-14,3478.455699554891,3507.2771173825986,3475.456168914286,3508.950927734375,4948.0,0.0103641909480549,-0.0168091071619744,0.0061640456177598,0.1177873590863123,0.1867633439486449,0.1286731720747476,3514.924951171875,3459.81650390625,3239.9483190917967,1,1,18.883368262087515,27.30556711291401,0,51.72575023582655,18.86627272901694,0.182905236545429,2.669908204728473,-0.0299889788830539,10.0,5.355855432857022,0.0013823572317479,0.0507167935972097,-0.0393695784233592,1,,
2025-10-15,3558.4432503867192,3560.442937518153,3548.4448147295498,3549.944580078125,14346.0,0.0116825949373473,-0.003228480163623,0.0211389197028786,0.1159196861119904,0.188372308747228,0.1371059572854456,3518.499401855469,3464.30248046875,3241.908543701172,1,1,20.191863038572137,25.88282629804564,0,56.25049055172371,18.160777182896364,0.1865029983995649,2.637179516532077,-0.018656733038582,10.0,5.394476110906652,0.0104010642807206,0.0507155649008317,-0.0450012816296963,1,,
2025-10-16,3559.4431342467315,3566.442039285981,3549.444698476376,3556.443603515625,1008.0,0.0018307394075873,-0.00753343475203,0.0224203056846714,0.1282451624815705,0.1919440638952758,0.1388229181577345,3520.5490844726564,3468.358583984375,3243.666346435547,1,1,21.505370923555347,25.007335223147575,0,56.93957525356491,17.607602225777462,0.1865123392681938,2.9160302550340256,-0.0168601492473852,10.0,5.441409391153504,0.0173402834568572,0.0688218879102895,-0.0570003869208908,1,,
2025-10-17,3519.449391165308,3562.4426649778384,3507.4512682408804,3556.443603515625,12605.0,0.0,0.0295224568898924,0.0116609972871566,0.1174359193471565,0.1800819995040594,0.1422966610280549,3523.398645019531,3472.8978759765623,3245.534111328125,1,1,22.289397090723924,24.46374759666285,0,56.93957525356491,16.439566278271453,0.183288594366997,2.6999342502608394,-0.0168601492473852,10.0,5.410697193286769,0.0056296483200277,0.0546030155218892,-0.0703299766947479,1,,
2025-10-20,3624.433010227077,3643.4300384186126,3611.435043569712,3639.4306640625,339.0,0.0233342827269467,0.0479344094963667,0.0400000502310733,0.1424338884498448,0.202234412317527,0.1847376191166485,3530.0476196289064,3478.007080078125,3247.7793237304686,1,1,29.26970279705165,25.42493863674061,1,65.08392603818446,16.477642294114375,0.1982290088419996,3.1286477361256053,0.0,10.0,5.479957056151783,0.0282258184342851,0.0672495636298153,-0.0611316316547541,1,,
2025-10-21,3607.435546875,3614.434451760844,3604.415999810341,3607.435546875,1912.0,-0.0087912424059717,0.02806668464988,0.0287995953886335,0.0873473020922819,0.1753622541669879,0.1874604459276392,3534.821875,3482.2664111328127,3249.8720568847657,1,1,31.852728371985904,26.71049658378967,1,60.34502499773587,16.37493447757517,0.2016852976631526,2.2071608592705028,-0.0087912424059717,7.755149297734136,5.431862794518493,0.0219797113744759,0.0244455778066889,-0.0678800758693406,1,,
2025-10-22,3624.432825033277,3636.43094748856,3606.435641350353,3591.43798828125,1099.0,-0.0044346069072829,0.011688466472401,0.022633448335479,0.0739493725945148,0.1701499845960992,0.2043880062668492,3538.496301269531,3485.685874023437,3251.862310791016,1,1,32.2373137822251,27.81586002347676,1,58.06836497108716,16.60011913463231,0.202702977308144,1.8934395084996776,-0.0131868636089576,6.565611200427743,5.436035849937558,0.0156045553718098,0.0174471623123522,-0.0475288899441008,1,,
2025-10-23,3587.438645019531,3599.485832166225,3586.531804498185,3599.436767578125,635.0,0.0022271801219941,0.0120888080497045,0.0231632959901997,0.0864095904561148,0.1678110216262136,0.2006305567148834,3542.7956298828126,3489.4252880859376,3253.9650329589845,1,1,32.8093296027364,28.81455393932869,1,58.9032353107869,16.39126771425817,0.2027291365761878,2.2059226077511447,-0.0109890530074646,7.671894365269075,5.416026848529582,0.0069269848884883,0.0275067687530132,-0.0482084290397285,1,,
2025-10-24,4803.08837890625,4803.08837890625,4803.08837890625,4803.08837890625,0.0,0.3343999878453205,0.3505312931599107,0.36705748250376,0.470560864152451,0.5467875428623634,0.5957363108698686,3607.677478027344,3517.577685546875,3262.218466796875,1,1,128.90138700848274,48.83192055315951,1,90.27653266625327,20.89101809253932,1.1715608136176352,2.545319611126236,0.0,10.0,7.168560062600033,0.3283016283385236,0.379209137747486,0.2509229626455103,1,,
2025-10-27,3666.4261884183,3674.4249365795617,3654.428066176408,3653.42822265625,4598.0,-0.2393585263387967,0.0038460846999968,0.0422133383348437,0.1190833598999345,0.1680890069397924,0.2065702761274335,3615.126306152344,3521.5870556640625,3264.74109375,1,1,111.00744359978307,61.267025162484224,1,50.56811101494856,19.444975554315537,1.4707601034344404,0.9293374234877478,-0.2393585263387967,1.990041661296471,5.389125193344102,0.0065929303229417,0.0345915657451183,-0.0604726428847886,1,,
2025-10-28,3653.428259207816,3686.423095703125,3649.4288850871726,3686.423095703125,9161.0,0.0090312087814568,0.0218957616294903,0.0519257941594097,0.1197601215721799,0.1831767279258074,0.2092828197078422,3625.8496337890624,3525.87638671875,3267.4286950683595,1,1,98.35499982063992,68.68462009411536,1,51.23110913649312,18.13709033380586,1.4706233731500495,0.9322164667947266,-0.2324890143823275,2.0013512508450755,5.423390769263372,0.0161297883182591,0.0311747591034736,-0.0504813825952076,1,,
2025-10-29,3683.4237024497934,3691.422450989315,3677.424641045152,3690.422607421875,3245.0,0.0010849301924709,0.0275612775338482,0.062923041158321,0.1216562284763804,0.173726809513852,0.2060465366028565,3636.597961425781,3530.405678710937,3269.991345214844,1,1,87.64031118695948,72.47575831268419,1,51.31634717419546,16.938160890962997,1.4696781362667837,0.9402827409064954,-0.2316563185409778,2.033037724394374,5.426667332017471,0.0301255169112109,0.0285519498271886,-0.0518453788364349,1,,
2025-10-30,3696.421661632296,3704.42041015625,3690.42260023933,3704.42041015625,2351.0,0.0037930080707353,0.0291666861670591,0.0658803770975424,0.1295144213221937,0.1753757206806492,0.2129986900549862,3647.771228027344,3535.4748876953126,3272.616485595703,1,1,79.36349596631135,73.85330584340963,1,51.63495740531813,15.868005783570329,1.4695714746912747,0.9735747388915496,-0.2287419847561053,2.1643586004496926,5.50782697866046,0.0480381773072595,0.0301107561280771,-0.0257032370920505,1,,
2025-10-31,3724.4172624013954,3732.698925602783,3713.438023226932,3707.419921875,2840.0,0.0008097114761937,-0.2281174882900558,0.0650582494365266,0.1134580929703095,0.1713114922273766,0.2147763198808134,3655.669995117188,3541.0140234375,3275.1391650390624,1,1,72.21366166027565,73.52537700678283,0,51.707891082408274,14.973318630288874,1.4696093570001,0.9053664353769256,-0.2281174882900558,1.8960359534018172,5.494264443092892,0.0450080071627969,0.0275317607975986,-0.0458386930466873,1,,
2025-11-03,3706.420166015625,3717.418445440004,3687.423137918971,3706.420166015625,2350.0,-0.0002696635073561,0.0145047172490628,0.0442253942542314,0.1144963843003645,0.1750783946915843,0.2120666340979164,3660.1192993164063,3546.0232421875,3277.666842041016,1,1,65.70923931023799,71.96214946747386,0,51.679917606989015,14.040555400366689,1.4690482050509472,0.9098120551309696,-0.2283256368354305,1.913387185388459,5.482493862595817,0.0226331505547199,0.0213585320316622,-0.0405450827308906,1,,
2025-11-04,3723.417314561938,3726.447846167023,3697.4213827202057,3723.917236328125,3252.0,0.0047207465772314,0.0101708728628309,0.029436100805763,0.110411070415811,0.1754099017561219,0.2120431108573985,3667.868078613281,3552.37224609375,3280.2095300292967,1,1,61.26013636222842,69.82174684642477,0,52.16763419301443,13.210412542570754,1.4682637851287397,0.8923078620803417,-0.224682757726784,1.8451161453660236,5.574452887328325,0.0239020012567057,0.0377099576271193,-0.0219941794920792,1,,
2025-11-05,3694.421875,3700.091886160597,3680.424065460081,3694.421875,334.0,-0.0079205201018935,0.0010836882394125,0.0351589453964991,0.1096096027833746,0.1677582441683092,0.1913956341388791,3674.517041015625,3558.36130859375,3282.557257080078,1,1,54.72334441539351,66.80206636021852,0,51.22893116036551,12.364157853182084,1.4675080102372948,0.8888627482627413,-0.2308236735295538,1.8317225530113128,5.511201287009654,0.0222343726532319,0.0325142691560977,-0.0329502555489822,1,,
2025-11-06,3719.418070877641,3725.417132282282,3690.422607421875,3690.422607421875,200.0,-0.0010825151304966,-0.0037786755239761,0.0362156558391886,0.0905599360726909,0.1469227039687881,0.1864723525352378,3679.8662109375,3563.60048828125,3284.8574987792967,1,1,48.65926847457058,63.17350678308893,0,51.09468119025821,11.692983431548994,1.4674455857129007,0.8063035328530894,-0.2316563185409778,1.513377232389453,5.564943439747987,0.0405440539885599,0.0337930277869269,-0.0081747299598599,1,,
2025-11-07,3692.4220819191855,3701.4206735079406,3667.425994172644,3659.42724609375,3127.0,-0.0083988650150228,-0.012945033687195,0.021205337296879,0.0780558763124612,0.1510588864097386,0.1763182380089265,3690.114599609375,3569.1296240234374,3286.975274658203,1,1,40.88112581128826,58.7150305887288,0,50.00103012791377,10.9545609357894,1.4682380224294809,0.7513420631853066,-0.2381095334066978,1.3044177280631766,5.512777271814072,0.0214946331205296,0.0189159422052593,0.0009902178554761,1,,
2025-11-10,3695.4216685721535,3697.421355622248,3684.423389796642,3689.422607421875,78.0,0.0081967366232362,-0.0045859772590278,0.0680173371913823,0.0786319333652338,0.1732221930570479,0.1757592567882724,3700.9379028320313,3575.0786962890625,3289.435457763672,1,1,36.714049975219496,54.314834466026944,0,51.09203024742727,10.268882904012637,1.4607001964680473,0.7538894114603292,-0.231864517916278,1.3140444091986812,5.472568352218021,0.0234749445267146,0.0144831104518068,0.0058720309837765,1,,
2025-11-11,3707.419940852733,3707.419940852733,3697.0216654125657,3704.42041015625,8669.0,0.0040650812688696,-0.0052355691425353,0.0666474988453613,0.0855552378218047,0.1666788537667174,0.1911640381067461,3710.711376953125,3581.287724609375,3291.8381774902346,1,1,34.22725915397359,50.29731940361627,0,51.66000439784542,9.687391248709186,1.4607251026877122,0.7843833939170151,-0.2287419847561053,1.4297420542264403,5.482264024962171,0.0354756954489288,0.0221497505126777,0.0028518310205558,1,,
2025-11-12,3737.4151697128345,3758.411884149424,3729.416421356039,3755.412353515625,954.0,0.0137651610005096,0.0165088018042403,0.070237923201845,0.1060071230332764,0.1786561674295563,0.2147844322291674,3720.984765625,3588.876533203125,3294.4458740234377,1,1,35.95659790498212,47.42917510388945,0,53.63165145137997,9.435868182604514,1.4608736948520595,0.8733619124827035,-0.2181254940033394,1.771520314909394,5.554637576699522,0.0371149196117233,0.0409246924478294,0.018997566891896,1,,
2025-11-13,3707.4198909945103,3754.412537940773,3699.421142578125,3699.421142578125,3358.0,-0.014909470829504,0.0024383481550738,0.0421067312821854,0.071376861010669,0.1700779589743011,0.1912797152091572,3728.133642578125,3594.54564453125,3296.7696337890625,1,1,32.435195792894774,44.43037924169052,0,51.16396627977084,9.009157045567802,1.4627212618712788,0.7217770222584583,-0.2297828291428295,1.1928024804066455,5.564152105799032,0.0314536558145703,0.0229462778420401,0.0297759876209406,1,,
2025-11-14,3704.4201535895018,3736.415145469357,3699.4209361082735,3732.415771484375,1562.0,0.0089188626097476,0.0199453413013024,0.049479813990245,0.0750179978614926,0.1708874235241839,0.2059808005144516,3736.9322509765625,3600.9246435546875,3299.240870361328,1,1,31.938680822465813,41.93203955784558,0,52.549501071999295,8.612923880100492,1.4626841423949102,0.7379480408461747,-0.2229133680162859,1.2536507301848645,5.614697545227669,0.0318461894001014,0.0263673843458951,0.0271918444648606,1,,
2025-11-17,3705.420072523425,3708.419603073228,3678.424297575197,3681.423828125,8305.0,-0.01366191402066,-0.002168030108772,0.0351419110050921,0.0627795775301069,0.1603496859676452,0.1818699255174316,3739.0319091796873,3605.06267578125,3301.657097167969,1,1,27.117966422977588,38.96922493087198,0,50.18003231565309,8.095274494177353,1.4641729798057102,0.6835138161335444,-0.2335298587690517,1.049130414765643,5.590069553754205,0.0331514320723749,0.0186684148994888,0.0102054569183458,1,,
2025-11-18,3587.438720703125,3587.438720703125,3570.441380053194,3587.438720703125,4483.0,-0.0255295537296891,-0.0315789452872037,-0.0142857353686577,0.0395480565728003,0.1369962078071245,0.1557773731383198,3738.0320678710937,3607.8022509765615,3303.6208947753908,1,1,15.534629290887551,34.28230580287509,0,46.057841144178674,8.149933527680947,1.466456674945274,0.5788914515869693,-0.2530974994218096,0.6250248484875683,5.493489445449752,0.0024694334571067,0.0021694558981051,-0.0013491193231461,1,,
2025-11-19,3589.43833211263,3612.434733683269,3572.440991821289,3599.436767578125,6316.0,0.0033444604379606,-0.0415335444565717,-0.0022173034536414,0.0492567989144254,0.1427904709772025,0.1736280673588464,3738.4320068359375,3610.241865234375,3305.552204589844,1,1,7.239441496049494,28.873732941509974,0,46.66024042066518,8.009929874876919,1.4658114648963434,0.6229955640625516,-0.2505995135576119,0.7784636198696381,5.490650010697673,0.0108226622068774,0.0035937547696114,-0.0069477797747312,1,,
2025-11-20,3625.432592529568,3625.432592529568,3608.435252741095,3603.43603515625,3092.0,0.0011110814931236,-0.0259459801202798,0.0033407361937334,0.0426731905352852,0.1141767248625498,0.1586923036402976,3738.631970214844,3612.2515478515625,3307.2535766601563,1,1,0.9768918738918728,23.29436472798636,0,46.8732132784268,7.777135120782965,1.465547072229958,0.5930831627199431,-0.2497668685461879,0.6744150474170624,5.581830890424746,0.0268201028307901,0.0282855609280638,0.0036144250614176,1,,
2025-11-21,3596.4370993676785,3610.4349084839273,3592.437725334464,3595.437255859375,3702.0,-0.0022197644744728,-0.0366996937135232,-0.0011111493205757,0.055473959550599,0.1252693610231601,0.1447136869315455,3678.2494140625,3614.621171875,3309.0574169921874,1,1,-4.578876028961076,17.719716576596873,0,46.473538374436096,7.681020382548386,1.4656964185205696,0.650908264150657,-0.2514322093989615,0.8767207839731163,5.514508905899581,0.0181834507332134,0.0304034541298503,-0.0021972485943295,1,,
2025-11-24,3621.433274096424,3633.431396484375,3614.1314382608375,3633.431396484375,979.0,0.01056732128007,-0.0130363777389543,-0.243521853055768,0.0702400122193687,0.1337903782123826,0.1522262902852436,3677.249572753906,3617.540717773437,3310.9987414550783,1,1,-5.848633099242306,13.006046641429036,0,48.71064648861484,7.389624263336469,0.8419165527093259,0.7169700989656049,-0.243521853055768,1.1100862292527875,5.491949464958253,-0.2338838738882902,0.0320098482554638,-0.0053131405091765,1,,
2025-11-25,3592.4379147859795,3606.791625986119,3592.4379147859795,3616.93408203125,1855.0,-0.0045404227169631,0.0082218439461856,-0.0099890126207178,0.0549722790457614,0.1277627975714252,0.155234520227105,3673.7751220703126,3620.350278320313,3312.897569580078,1,1,-8.092831009835209,8.78627111117619,0,47.77692375891626,7.300152799407835,0.1511704095431887,0.6486613171593585,-0.2469565836190398,0.8687921318799817,5.416070434321341,0.0049999285617856,0.0113771719974169,-0.020917094802335,1,,
2025-11-26,3668.42578125,3673.424998722404,3650.4285983493455,3668.42578125,186.0,0.0142362835625227,0.0191666135916854,-0.0048820534121822,0.0843800812707431,0.1397322418024822,0.1780751032804175,3672.675280761719,3624.1496826171874,3315.346281738281,1,1,-5.651279794019047,5.898760930137142,0,50.93808868790358,6.947167693901684,0.1562664474794684,0.7793559794388725,-0.2362360440085495,1.333558512907743,5.45551278435664,0.0059228656867797,0.0262848901733518,-0.0117741925099349,1,,
2025-11-27,3662.4268332413208,3667.426050867913,3650.4287109375,3650.4287109375,417.0,-0.0049059382377275,0.0130410739424191,-0.0108372131700966,0.0761975469832847,0.1374973630222729,0.1614823473537052,3669.975695800781,3626.8492578125,3317.51255859375,1,1,-5.109645222009021,3.69707969970791,0,49.80335850225389,6.619395810217401,0.1570284077115108,0.7433415237211598,-0.2399830228048461,1.204240217738204,5.428748375581453,0.0003834846392194,0.0185407316005536,-0.0080874902188,1,,
2025-11-28,3693.422073778797,3693.422073778797,3651.428644677901,3661.927001953125,3251.0,0.0031498467511976,0.0184928122401228,-0.0114710004530323,0.0789512244440373,0.1475148754023674,0.1574101396029608,3667.701049804688,3630.09875,3319.7788146972657,1,1,-3.7098154880254697,2.2157006621612343,0,50.56112381109512,6.5587933578124735,0.1568239786923067,0.7554936282227364,-0.2375890857983729,1.2477598489626178,5.416283513230608,-0.0166206138617875,0.0080774813805282,-0.005051603332365,1,,
2025-12-01,3647.429161535304,3660.4271272973538,3632.22646269853,3653.42822265625,921.0,-0.0023208489116091,0.005503565084846,-0.0145631464351209,0.0821856061271706,0.1558965124687765,0.130436543054317,3665.051452636719,3633.038291015625,3321.8176257324217,1,1,-3.248770990916455,1.1228063315456964,0,49.96078386717264,6.298154150065546,0.1568688673198279,0.7697222480931454,-0.2393585263387967,1.2988766192071943,5.428497062825089,-0.0119701883571479,0.0212416333120968,0.0019464776499569,1,,
2025-12-02,3646.42919921875,3658.4273210697575,3641.42998178083,3646.42919921875,2791.0,-0.0019157413286776,0.0081547289827674,-0.0161856897248011,0.0674666116820608,0.1444512240396016,0.1160165139468309,3661.17705078125,3635.7278662109375,3323.8239392089845,1,1,-3.408857417074614,0.2164735818216343,0,49.44015775116447,6.056132028586256,0.1569219954260714,0.7045681540251915,-0.2408157186461957,1.0662548908547738,5.4080808327687,-0.0135728432520093,0.0138926057759305,0.0003600421063429,1,,
2025-12-03,3608.4353525893225,3634.431284749844,3605.435821955417,3613.4345703125,1013.0,-0.0090484764967654,-0.0149904112054195,-0.0296683999681377,0.0585823208804514,0.1324965508143796,0.1125558020781059,3657.127685546875,3637.637568359375,3325.760256347656,1,1,-6.12748404642025,-1.0523179438267427,0,46.95600482221679,5.8239611406836165,0.1581400866241371,0.6648763037023984,-0.2476851797727394,0.9258459050940308,5.34065212188547,-0.0419414730321471,-0.0009174965501547,-0.0126165422330229,0,,
2025-12-04,3687.422905231488,3698.421183961842,3665.83229009874,3665.92626953125,1177.0,0.014526816024293,0.0042454078194476,-0.0077131433368718,0.0550878770638076,0.1480488504551937,0.1325521027395215,3655.902868652344,3640.68708984375,3328.004020996094,1,1,-4.000261279352344,-1.641906610931863,0,51.16039212369531,5.91333703859923,0.1654034394017278,0.6491118917818178,-0.2367564407869489,0.8706190644773355,5.4142761384193285,-0.0175869367752519,-0.0024986473914732,0.0058824699874149,0,,
2025-12-05,3662.427108777159,3666.426483179318,3658.427734375,3658.427734375,909.0,-0.0020454680768058,-0.0009555809212632,-0.0086697043808829,0.0602724783918358,0.1465979831551347,0.1326841711965456,3655.852893066406,3643.7466162109376,3330.2377856445314,1,1,-2.88622047682793,-1.8907693841110764,0,50.54407080621157,5.905808968264462,0.1654932244939057,0.6723920909805376,-0.2383176311221468,0.9525574690498604,5.3929578966452185,-0.0309051736041645,0.0028155718137754,-0.0001531805164217,1,,
2025-12-08,3677.682581193053,3678.4244084729735,3650.428789164128,3650.9287109375,189.0,-0.0020497940596279,-0.0006841551459119,-0.0023223675686739,0.049884931260645,0.144606427695638,0.139176889269845,3653.928198242188,3646.676157226562,3332.564020996094,1,1,-2.578717780670104,-2.028359063422882,0,49.89669264151106,6.034957940415806,0.163052023646648,0.6255588651107491,-0.239878923117196,0.7883907404047105,5.398120484124015,-0.0207983711361383,-0.0011376016590887,0.0050966072683091,0,,
2025-12-09,3672.4253307849135,3673.425174327192,3658.427521193031,3666.42626953125,944.0,0.0042448264046686,0.0054840144206789,-0.0062330452045162,0.0466676019827305,0.1547128899920071,0.1490300062479543,3652.028491210937,3650.565551757813,3334.9152575683597,1,1,-1.0721372872476422,-1.837114708187834,1,51.28533624750999,6.15488198598491,0.1610933682562149,0.6109485128085038,-0.2366523410992987,0.7375434695467497,5.42571748079593,-0.0085610390600424,0.0049439554837058,0.0035009881043652,1,,
2025-12-10,3651.428594924813,3654.4281255340056,3645.4295337064254,3656.927734375,1865.0,-0.002590679440409,0.0120365162883628,-0.0128205415484272,0.0517612753387748,0.1468465612119651,0.1329210263045974,3647.1042602539055,3654.1949853515625,3337.109029541016,0,1,-0.6372677702529472,-1.5971453206008568,1,50.36399064094807,6.075484528521757,0.1604966470833062,0.6339994660862434,-0.2386299301850971,0.8180448315225577,5.37600656945696,-0.0193820390665959,0.0028457192004207,-0.0004815660282079,1,,
2025-12-11,3628.432156162567,3668.425897205968,3628.432156162567,3662.9267578125,5753.0,0.0016404544670405,-0.0008182138696241,-0.0246272811071052,0.0503154023364442,0.1565238519128797,0.1361870709863037,3645.279541015625,3657.834418945312,3339.3078039550783,0,1,0.1892588522669029,-1.239864486027305,1,50.96317478798481,5.748619249037068,0.1521337526899369,0.6274547695148135,-0.2373809372529983,0.7951939854247126,5.372324843552527,-0.032821715301779,0.0044616370053032,-0.002980757094864,1,,
2025-12-12,3692.4221541222655,3693.421997651679,3677.4245011810704,3673.925048828125,4.0,0.0030025964871307,0.0042360586509637,-0.0068919143745369,0.0568018093812423,0.1439280974107222,0.1513800664397939,3642.355004882813,3660.3240283203127,3341.8015075683597,0,1,1.7120221976269931,-0.6494871492964454,1,52.104700457863096,5.8019621358934295,0.1441551721937384,0.656731129172005,-0.2350910999341752,0.8977063698939893,5.447022202056642,-0.0210508090927843,0.0202430999724532,-0.0032708805297696,1,,
2025-12-15,3727.416823995896,3727.416823995896,3707.419952622528,3715.418701171875,1273.0,0.0112940933177134,0.017663996024128,-0.0045539059293333,0.0681230880319803,0.1692223569645243,0.1761751487825309,3644.054748535156,3662.283720703125,3344.297730712891,0,1,6.195595123007024,0.7195293051642487,1,56.243261984510106,6.313341105606022,0.1462860452479687,0.7074617733265819,-0.2264521474372822,1.0766299653009426,5.516876552072464,-0.0174223085691141,0.03144982335029,0.0203100865640517,1,,
2025-12-16,3663.4267957217057,3669.425857068412,3655.273042215683,3657.427734375,516.0,-0.0156081915555261,-0.0024543068630697,-0.0065181557110259,0.040386802592879,0.1626782193375038,0.1620460939247725,3647.55419921875,3664.0534423828126,3346.926392822266,0,1,5.011700831483267,1.5779636104280526,1,49.77047022920741,5.960978002896771,0.1486824170079664,0.582489843217726,-0.238525830497447,0.6382805467329229,5.4456470798642185,-0.0258355414903549,0.0121254178839416,0.0149897581745797,1,,
2025-12-17,3656.427816741364,3667.426095654176,3652.4284425912497,3630.431884765625,479.0,-0.0073811026683178,-0.007245385070182,0.0119843619388915,0.0374285680997661,0.1605511768744032,0.1529196289692296,3649.103955078125,3665.4332275390634,3349.2676135253905,0,1,1.87351985553596,1.637074859449634,1,47.05557217040265,5.59043143876771,0.1204422963581791,0.5689916681562449,-0.2441463495218174,0.591528058088,5.465593205870508,-0.005078054642,0.0255306729139837,0.0345237266473514,1,,
2025-12-18,3627.4323850559904,3639.430507608546,3620.433480233666,3638.4306640625,932.0,0.0022032583314508,-0.0066875740001498,0.0108333328246275,0.0376390503441479,0.1601419664495589,0.1678801937536993,3650.853686523437,3666.533056640625,3351.5488537597657,0,1,0.0315596632412962,1.3159718202079669,0,47.96134490637561,5.62255946797869,0.1201786173765388,0.5699556874523419,-0.2424810086690437,0.5948545586623554,5.436581730557455,-0.0098473368426095,0.0228675572339036,0.0377470025849735,1,,
2025-12-19,3635.4310392934112,3657.186667646452,3634.431195773253,3653.42822265625,1944.0,0.0041219855422514,-0.0055789995439381,0.0138734771513246,0.0402846753227974,0.1660390937267017,0.1723180667256778,3653.753234863281,3670.512431640625,3354.0850354003906,0,1,-0.2155447553022895,1.0096685051059155,0,49.6989751053976,5.358209071610795,0.1208096875391549,0.5820589404219041,-0.2393585263387967,0.6366665083441662,5.409958653757599,-0.0307913729457447,0.0107326008882875,0.0342328848316104,1,,
2025-12-22,3614.4344447371313,3630.4319415879736,3614.4344447371313,3621.433349609375,389.0,-0.0087574932630297,-0.0252960323241243,0.0072303010454806,0.0294159674009981,0.1445066479246073,0.1654158660356266,3653.153332519531,3673.4819677734376,3356.5612170410154,0,1,-2.9589862977259145,0.2159375445395496,0,46.158000693540544,5.427896840074217,0.1248449345595616,0.532253330147841,-0.2460198389199657,0.4648954249895838,5.329379906902682,-0.0335712575962734,-0.0091820829064526,0.0167423723857218,0,,
2025-12-23,3658.427343109018,3658.427343109018,3653.4281256409818,3655.927734375,502.0,0.0095250640935711,-0.0004101243029088,0.0061914855231315,0.0405520303810162,0.1295342055912345,0.170491722551187,3655.103015136719,3676.42150390625,3359.4673046875,0,1,-2.322996854815301,-0.2918493353314205,0,50.27169230521212,5.070204394208277,0.1238205497859359,0.5833943698698998,-0.2388381295603974,0.6408918374560535,5.35566439777754,-0.0248154262981277,-0.0076197062897533,0.0038387970734754,0,,
2025-12-24,3636.4309270813615,3637.430770613692,3625.23272833976,3633.431396484375,188.0,-0.006153386917116,0.0008262134682479,0.0045611321851517,0.0365088444484034,0.1269348572228195,0.1442460952525643,3653.353295898437,3678.091240234375,3361.995977783203,0,1,-3.592821289908443,-0.9520437262468252,0,47.7114488513849,5.140336440105178,0.1247414394899643,0.5649402886148178,-0.243521853055768,0.5769925742827406,5.304051143299658,-0.0206827611236041,-0.0092973921795753,0.0027896342647766,0,,
2025-12-29,3649.4290999527816,3659.427535843063,3634.431446117359,3639.4306640625,4132.0,0.0016511299990222,0.0002748437698365,-0.0079039672373091,0.0385164405150424,0.134070299981369,0.1550441210175597,3652.8033935546873,3679.750981445312,3364.5471508789065,0,1,-4.06818009988956,-1.575271000975372,0,48.46520249196615,4.8163346994642,0.1141233145980042,0.5741257449284608,-0.2422728092937436,0.6087209962613391,5.332350359386435,-0.0225757742376419,-0.0009275981678752,0.0125230563434093,0,,
2025-12-30,3640.430238134913,3656.427734375,3639.430394619907,3656.427734375,271.0,0.004670255290295,0.0008210129051253,0.0016433750423685,0.0531317685354768,0.1361811028341091,0.1578669780963029,3652.528430175781,3681.7506640625,3366.958366699219,0,1,-3.0383595403318395,-1.8678887088466656,0,50.63635608218289,4.515475940297578,0.1141310818925959,0.640432620284442,-0.2387340298727472,0.8397043611392684,5.363804104600557,-0.0119630283976719,0.018192407568855,0.0202521842172109,1,,
2025-12-31,3638.4306640625,3654.4281607992407,3633.431446332269,3638.4306640625,7.0,-0.0049220363753684,0.0046935323150316,-0.0064163862026995,0.0468930139845069,0.1302376591426506,0.1352772003719604,3651.7785522460936,3681.7306640625,3369.1896203613283,0,1,-3.632558619278825,-2.220822690933097,0,48.315292629788345,4.349614213475925,0.1148388720773279,0.6122320047404907,-0.2424810086690437,0.7411059227863475,5.377242695914879,-0.0072080453728764,0.0231903899305145,0.0305493866678197,1,,
2026-01-02,3705.4201431755832,3709.419517318244,3626.4325038580246,3644.4296875,1218.0,0.0016487942169005,-0.003145042164507,-0.0024630387153761,0.0469625736920038,0.1375770427385156,0.1450062590510787,3651.678576660156,3682.470546875,3371.495858154297,0,1,-3.578147952563995,-2.492287743259277,0,49.15197778170504,4.8772892356689015,0.1147739646400661,0.6125476006308057,-0.2412320157369449,0.7422052573531182,5.376253803131175,-0.0096238902018905,0.0225624068521979,0.0353436074231392,1,,
2026-01-05,3716.418312983696,3728.416435059511,3707.725581757258,3726.416748046875,2746.0,0.0224965406324291,0.0255916078813185,0.0219358568226861,0.0498591156943362,0.1752716227945085,0.1680135875658008,3657.327685546875,3685.1701220703126,3374.1170556640627,0,1,3.045536436236944,-1.384722907360033,1,58.935877411255824,5.67155978145217,0.1385747293499427,0.6257299954916435,-0.2241623609483847,0.7879827463888447,5.4608308075317264,0.0097539175900263,0.0185924058122639,0.0546552867380683,1,,
2026-01-06,3764.410782310343,3764.410782310343,3728.4164162643474,3729.416259765625,1869.0,0.0008049319014902,0.0247251847910405,0.0320973542474007,0.0309562455583143,0.1754764427831965,0.1695033467723814,3660.5021850585936,3687.769711914063,3376.735754394532,0,1,8.439603072420596,0.580142288596093,1,59.2448432202744,6.947045245510154,0.1336247125197715,0.5392166234834592,-0.2235378644823353,0.4892382677316306,5.432915456356318,0.0172756682826731,-0.0020952511650341,0.0480284556869252,0,,
2026-01-07,3743.41410954436,3743.41410954436,3732.4158309105487,3735.915283203125,886.0,0.0017426382535019,0.0217391275317277,0.0190917679533211,0.0467851954918412,0.1797553232859046,0.1698911033955821,3664.3765625,3666.42625,3379.29447265625,0,1,13.087986459630883,3.081711122803052,1,59.94800339971908,8.131424604992569,0.1250306759151231,0.6114784305886107,-0.2221847718625863,0.739401939256373,5.459983335291316,0.0084419774136845,0.0127343112298199,0.0615729697075131,1,,
2026-01-08,3730.416203169389,3741.414481977983,3717.418237304688,3739.414794921875,3343.0,0.0009367213797604,0.0277548592190626,0.0221371218531696,0.0499719317733353,0.1810469052410803,0.1763263432816391,3668.800866699218,3668.145981445312,3381.923173828125,1,1,16.859894760968018,5.837347850436045,1,60.34475290406623,8.864809767896972,0.1245622387698717,0.6259267574939757,-0.2214561757088868,0.7897657127036017,5.465652646770174,0.0134795693788332,0.0219784665091027,0.0658405126659205,1,,
2026-01-09,3750.41331140629,3833.7432934211583,3740.864756287768,3817.40283203125,2363.0,0.0208556796681884,0.0474623354991672,0.0455977462926144,0.0652902447627081,0.2106479162269483,0.2109506664104756,3676.349694824218,3670.765576171875,3384.8843298339843,1,1,25.84422593728232,9.8387234678053,1,67.9615011655184,10.80406002631211,0.1414548972905775,0.6949458627459216,-0.205219115101825,1.0318591829008894,5.542984625973245,0.0268360334444699,0.0270919298428424,0.0815605822477716,1,,
2026-01-12,3831.400606224749,3856.3966957747534,3831.400606224749,3835.89990234375,1845.0,0.0048454593676343,0.0293802764691464,0.046223112195344,0.1104197147793422,0.209992144061327,0.2181702983414517,3685.298303222656,3673.6751220703127,3388.0079541015625,1,1,34.064260519867275,14.683830878217696,1,69.45980663654395,12.851420589223096,0.141581514644213,0.8924148476097383,-0.2013680366178784,1.74509372851117,5.5611095817791885,0.0249537690568062,0.0400338478023063,0.0813392353435737,1,,
2026-01-13,3813.4033203125,3818.4025380895214,3785.407700761176,3813.4033203125,122.0,-0.0058647468922493,0.0225201625929933,0.0427888099802014,0.0980279404972714,0.2088045691523401,0.2110260378700232,3692.822131347656,3675.854780273437,3391.119068603516,1,1,38.3216627171787,19.411397246009894,1,65.45075941446558,13.701215037915931,0.1434173659926458,0.8388124845084736,-0.2060518109431747,1.549251820859247,5.539571056249272,0.0304249045604929,0.0462996976870431,0.0778166720991138,1,,
2026-01-14,3841.398956600041,3849.397705078125,3831.400521002435,3849.397705078125,3433.0,0.0094389136795201,0.0303760693892667,0.050907637415329,0.0970223820039473,0.2262377512387681,0.2113051685810356,3701.595764160156,3678.6943359375,3394.800056152344,1,1,44.09186706711989,24.347491210231897,1,68.57592480271185,14.872709422377884,0.1456730269595647,0.8344383586199616,-0.198557802520656,1.5333597872323004,5.619480582892788,0.0460053601629988,0.0492218569639653,0.1024350253212877,1,,
2026-01-15,3891.3910039570455,3905.388813323798,3880.3927251688833,3882.892333984375,1541.0,0.008701264839968,0.038368982028242,0.0568784834690365,0.0937895638638175,0.2205813067794821,0.2212686973168809,3709.969445800781,3682.223779296875,3398.770985107422,1,1,50.78214723048268,29.634422414282056,1,71.1877095610409,16.567514498794253,0.147295051037159,0.8203467955758704,-0.1915842417064622,1.4822677275124263,5.652981967539563,0.0378114422601685,0.047920474818724,0.1010663536703035,1,,
2026-01-16,3895.390337346047,3895.390337346047,3873.393779999637,3876.393310546875,5507.0,-0.0016737583426196,0.0154530399623127,0.0433261019341446,0.0899633855335066,0.2297459170102138,0.2102821302181803,3720.917724609375,3685.27330078125,3402.726915283203,1,1,54.92666517849693,34.69287096712503,1,69.97247605304177,17.98184748078609,0.1445626004107439,0.8036145470090339,-0.1929373343262111,1.4217980928848248,5.648253150854417,0.0238135832009147,0.0380129015907524,0.1094509091534656,1,,
2026-01-19,3887.391614718265,3888.3914582405687,3859.39599609375,3859.39599609375,206.0,-0.0043848271038129,0.0061253146193005,0.0552213950314082,0.0851840845384557,0.2126236751671317,0.2057278779731921,3732.365930175781,3688.572783203125,3406.740321044922,1,1,56.19193859816187,38.992684493332405,1,66.76248304840118,18.968657265846183,0.1319565988545052,0.7826380134433764,-0.1964761645771331,1.346265130226865,5.623486537349354,0.032657176434131,0.0393275277586409,0.0960779448891726,1,,
2026-01-20,3802.405017321623,3806.404391518122,3776.409085044378,3791.40673828125,2068.0,-0.0176165539585247,-0.0057682285831354,0.0443404142055725,0.0417582001820875,0.1901398714585342,0.179147461370162,3740.014733886719,3690.592465820313,3411.116099853516,1,1,51.119241211452845,41.41799583695649,1,55.74616397049692,18.225437555049695,0.1457498325148847,0.5877300650850906,-0.2106314855808209,0.6599543695371703,5.639216179699881,0.0317665379199623,0.0290621116034683,0.0982660895567781,1,,
2026-01-21,3803.40478790695,3818.40244085611,3799.405413787174,3815.90283203125,1203.0,0.0064609511563786,-0.0087013282630393,0.0487771196856043,0.0577882217013796,0.1501831690519877,0.1832710101086418,3748.138464355469,3693.721977539063,3416.08673828125,1,1,48.516454541393614,42.83768757784392,1,58.40900104968991,17.709777822789682,0.1465290425763141,0.6605516998886398,-0.2055314141647753,0.9132958138355688,5.610895087602376,0.0320630435968902,0.0329596493609063,0.0582109448405288,1,,
2026-01-22,3823.401736884333,3836.7065397936976,3816.15287114364,3816.40283203125,660.0,0.0001310305901405,-0.017123704762861,0.0446086796955074,0.0626392115035963,0.1412207144886172,0.1814119714656104,3757.8869384765626,3696.26158203125,3421.18484375,1,1,45.96422618688757,43.46299529965266,1,58.463939553590265,17.498212389702097,0.1465596867774198,0.682378985534691,-0.2054273144771252,0.9899617597478262,5.582472335364326,0.0318881700670492,0.0269381014896084,0.0448552572310365,1,,
2026-01-23,3818.402489845822,3818.402489845822,3766.410625621684,3769.41015625,9046.0,-0.0123133426552454,-0.0275986324725604,0.0408613917073985,0.0472222182656207,0.1377122612624974,0.164882317453908,3763.561059570312,3697.561376953125,3425.4906298828123,1,1,39.692104750671206,42.708817189856376,0,51.56927198851014,16.40373984279799,0.1503537336477821,0.6127372539802138,-0.2152111602184669,0.7463087285309449,5.511733112880726,0.0342165897653228,0.017670936099057,0.0456637752049964,1,,
2026-01-26,3789.407065185808,3799.4055007140014,3763.4111328125,3763.4111328125,34439.0,-0.0015915019031699,-0.0248704365601249,0.0293997601284301,-0.2164601531505658,0.152243034280783,0.1770274683459152,3770.060046386719,3697.721352539063,3430.2288024902346,1,1,33.84716324009514,40.936486399904126,0,50.7465243874509,15.335883524865135,0.1482144807270112,-1.6596682011323547,-0.2164601531505658,-3.4209765574063025,5.475157893203937,0.022311610017234,-0.2362262650529987,0.0534037144104304,0,,
2026-01-27,3785.4076555270985,3785.4076555270985,3774.4093765490734,3781.908203125,3897.0,0.0049149746492556,-0.0025052799163816,0.0408640732240843,0.035166964461488,0.1584381246469783,0.1730933999384172,3777.183923339844,3699.37109375,3434.6520642089845,1,1,30.35762022123845,38.82071316417099,0,53.22452225466071,14.344302658213202,0.1460296535773404,1.0584221974928294,-0.2126090746666192,0.555785253160238,5.480233308061949,0.0332165282728944,0.0169059191332894,0.0520822870915886,1,,
2026-01-28,3777.408810934789,3777.408810934789,3732.415852625613,3745.413818359375,3775.0,-0.0096497278108097,-0.0184724341197002,0.0291208059940264,0.0160021574097148,0.1376786992986995,0.1581820820018564,3781.6332275390623,3699.6310546875,3438.9578381347656,1,1,24.36645901181328,35.92986233369945,0,48.084372400305966,13.961595839646533,0.1514663262388345,0.5221755191975064,-0.2202071827767879,0.2529010747233553,5.427897341965035,0.0179183617240021,0.0008309511324915,0.0320316149373471,1,,
2026-01-29,3730.703000264254,3755.701010182937,3726.7033186772646,3732.202880859375,986.0,-0.0035272304051536,-0.0220626477019618,0.0207238189810217,0.0113212707274974,0.1343548023021452,0.1538128514125942,3786.321838378906,3700.6466357421873,3442.835151367188,1,1,18.340984884636782,32.41208684388692,0,46.33971699436204,13.702774725576411,0.1519050813433836,0.3899889090981731,-0.2229576917114182,0.1789234701865852,5.41950610222101,0.0103847934291032,-0.0013196367785822,0.0271946348455141,0,,
2026-01-30,3751.701235733154,3769.4837551807577,3751.701235733154,3761.700439453125,2280.0,0.0079035249517191,-0.0020453377258751,0.0338799297752696,0.0154626157279105,0.1469796687782321,0.1616753388123137,3792.185375976562,3704.131870117188,3446.707490234375,1,1,15.764239346496652,29.082517344408863,0,50.6456590687792,13.16960974518441,0.1520801928859608,0.5047531091493571,-0.2168163184393179,0.2443740575410639,5.478679652400121,0.0188641209299151,-0.0052919829132735,0.0246594276078679,0,,
2026-02-02,3737.702235455364,3780.476903977594,3730.702793066871,3781.69873046875,145.0,0.0053162901558776,0.0048593143323629,0.037665438693897,0.0200351754478851,0.1357664212168372,0.1824539404945395,3794.949475097656,3707.777109375,3450.697315673828,1,1,15.161077432146158,26.298229361956324,0,53.377184306811714,13.059343698881078,0.1526151941820938,0.6309977964266482,-0.2126526867427929,0.3166396426000042,5.480560392276362,0.0194013513804793,-0.0024942466745948,0.0249688431201886,0,,
2026-02-03,3826.695159940236,3838.694204079061,3797.697469938076,3797.197509765625,1330.0,0.0040983643599112,0.0040427492734993,0.0189943225635855,0.0244919193410242,0.1417925398505122,0.188600567685863,3798.338537597656,3711.652338867188,3454.6146740722656,1,1,15.75210872598518,24.189005234762096,0,55.43570933799963,12.46367422023787,0.1332685273963432,0.7535728500825996,-0.2094258505752676,0.3870748527709378,5.549948865732762,0.016319505463916,0.0123037079160552,0.0339250290873509,1,,
2026-02-04,3833.694597674414,3833.694597674414,3816.695951831831,3870.691650390625,508.0,0.019354837465259,0.0334483285711073,0.0378813682315737,0.0394139839174361,0.154176794486923,0.2046315204339068,3805.077355957031,3717.1574267578126,3458.832021484375,1,1,21.89843667014929,23.73089152183954,0,63.63507501222489,11.91055256149775,0.1477540027605295,1.129188221014498,-0.1941244164089165,0.6229059392827353,5.684903982876105,0.0463818236348534,0.0198138001666232,0.058270935358458,1,,
2026-02-05,3828.69516127312,3845.6938078496783,3822.695638951981,3845.19384765625,533.0,-0.0065874022106106,0.0302746046782049,0.0292508143705632,0.0408107080776338,0.1548935563627063,0.1783645109087221,3810.36630859375,3721.39267578125,3462.7119323730467,1,1,24.43036818411565,23.870786854294764,1,59.54198504377285,11.627107466771154,0.1505946544216893,1.167978999919061,-0.1994330430097415,0.6449800279297849,5.718880451325616,0.0474171989428768,0.0376831027394115,0.0714226104406154,1,,
2026-02-06,3920.68768357885,3945.378831951359,3883.690630711618,3932.186767578125,1342.0,0.0226238060728458,0.0453216120924784,0.0515513745407527,0.0655112397344503,0.162003869489536,0.2156379948834665,3816.105505371094,3727.697729492188,3467.026807861328,1,1,33.075272604106885,25.71168400425719,1,67.27573988956232,12.891341220448275,0.1675124970149482,1.741126549117929,-0.1813211714264656,1.0353518285755363,5.73817665225998,0.0498612010499512,0.0311293752376102,0.0659743588669314,1,,
2026-02-09,3989.682222321345,3999.68142588606,3959.6846116272,4006.180908203125,1695.0,0.0188175549633349,0.0593601430821937,0.0494519662918113,0.0947562661559993,0.1802084258593637,0.2345070440548526,3824.6195556640623,3734.45283203125,3471.6466711425783,1,1,45.37408617271376,29.644164437948508,1,72.15191479759356,14.670686754495753,0.16481784030315,2.4105988926373936,-0.1659156375724644,1.4975456705029058,5.818101590728446,0.0496333624066105,0.055384845761037,0.0753484445077596,1,,
2026-02-10,4063.67628703365,4122.671587460566,4052.677163225242,4100.67333984375,1606.0,0.0235866611632891,0.0799210020805203,0.0690251164630815,0.111467504859589,0.1988643436393309,0.266746971705144,3838.983056640625,3743.457724609375,3476.624025878906,1,1,62.03068296078664,36.121468142516136,1,76.8881071537001,17.328401601149892,0.1804361013597376,2.7085105573699866,-0.146242372334288,1.761653197999829,5.97107771994017,0.0737205645981569,0.0910923967756573,0.1068948084712857,1,,
2026-02-11,4137.670260952634,4147.169503939354,4118.804576895947,4129.6708984375,2522.0,0.0070714139339016,0.0669077445166006,0.0829357798165137,0.1147954176894607,0.2101720047725406,0.2991765596736746,3852.996716308594,3752.8126025390634,3481.633896484375,1,1,76.68701636677497,44.234577787367904,1,78.11800757364706,19.95542169702194,0.1777518264610331,2.778251260383388,-0.140205098749838,1.814248151899561,6.01469205523695,0.0857685539481776,0.0971182759258759,0.1214191720205333,1,,
2026-02-12,4140.67036253639,4150.669566502911,4121.671875,4121.671875,12568.0,-0.001936963897178,0.0719022338788644,0.0707316288890314,0.0975284434854408,0.2138742762265222,0.2811469695941777,3864.935693359375,3762.1774755859374,3486.663758544922,1,1,86.65787381671726,52.71923699323777,1,76.90228660966012,22.41798454731885,0.1776218680384098,2.4139935668266363,-0.1418704904325373,1.5413576770960833,6.097237477473768,0.0850179812054874,0.0976841230920866,0.1426065082344956,1,,
2026-02-13,4112.672490992847,4133.539969854773,4094.468862497573,4132.6708984375,391.0,0.0026685829855148,0.0509854039773536,0.0643279655907478,0.1171128506762664,0.1968488593522186,0.287967741267876,3877.749572753906,3771.902309570312,3491.60615234375,1,1,94.35966002673786,61.04732159993779,1,77.42259240455796,24.088086774244005,0.1765446642501946,2.919420986702825,-0.1395805006239373,1.8508732942448485,6.1092037741722285,0.0807046279737619,0.097957722580074,0.1231517655412099,1,,
2026-02-16,4049.6775911184313,4057.993823565567,4036.6786260111376,4038.678466796875,1084.0,-0.0227437494904716,0.0081118549906737,0.0418649871798237,0.0820548175935662,0.163228403585818,0.2443296529446419,3886.713696289063,3780.4071875,3496.0410925292967,1,1,91.82052749600098,67.20196277915043,1,64.12836043676576,24.458144470972005,0.1974684927175067,2.018858686491296,-0.1591496661744635,1.2968096128740385,5.970257573946212,0.0570095593259809,0.0633266575544677,0.0913638002194423,1,,
2026-02-17,4054.6770951660937,4058.67677664098,4038.678369266548,4071.17578125,237.0,0.0080465218314096,-0.0071933451287475,0.0548738158433601,0.1058698947258962,0.1752959395200519,0.2545352530754499,3900.7021484375,3788.512177734375,3500.571036376953,1,1,91.3771692303335,72.03700406938705,1,66.28397533806225,24.80904908378303,0.1970766116774725,2.589433209209944,-0.1523837456063883,1.6731875253753483,6.008602925816318,0.0684835619164634,0.0748708702168172,0.0949370055853995,1,,
2026-02-18,4075.67548671406,4081.6750090203127,4067.634134794792,4081.175048828125,207.0,0.0024561129549298,-0.0117432722369532,0.0764276508824888,0.1376292019360903,0.1826202259731284,0.2650212491723989,3913.965759277344,3796.9671240234375,3505.2059631347656,1,1,90.78613587479958,75.78683043046956,1,66.94223737234108,25.385413343883283,0.1828596733780666,3.5009644546150405,-0.150301904343163,2.1895238038173264,5.993168434042315,0.0627662148538648,0.0909583960348638,0.0933251821617289,1,,
2026-02-19,4083.6748205042177,4097.673705785084,4071.275905475353,4074.675537109375,2444.0,-0.0015925589177108,-0.0114022511533926,0.0678142805172996,0.1320314260864246,0.1877916704059739,0.2665390100824569,3926.87939453125,3805.442060546875,3509.738410644531,1,1,88.76999614717579,78.38346357381081,1,66.03970088862684,26.09257405815045,0.1833862524096568,3.366381612359417,-0.1516550986227631,2.1004695675152933,5.999447140741683,0.0692495666151087,0.0926661012908669,0.0965928753039737,1,,
2026-02-20,4052.677264889966,4056.6769463751766,4040.442155249018,4065.17626953125,1072.0,-0.0023312942322921,-0.0163319631698155,0.0651853193829625,0.1281388735279653,0.1762801586282865,0.265749652984184,3941.6677001953126,3813.417060546875,3514.2458557128907,1,1,85.42099927574327,79.7909707141973,1,64.66741648496561,26.079691402222736,0.1841012057228575,3.269860242356322,-0.1536328401983383,2.038543491039792,5.942486124739674,0.0644900265953316,0.0646123541531165,0.0947255117612837,1,,
2026-02-23,4072.675616751714,4085.674581401304,4068.161083750196,4073.675537109375,3492.0,0.0020907500719777,0.0086654757491146,0.080719626744486,0.1330125509687674,0.1958652433915297,0.2787453351145783,3957.180920410157,3821.7520166015615,3518.5258666992186,1,1,82.50168689808106,80.33311395097405,1,65.3609713136363,26.41473184883024,0.175491051166506,3.38936626540778,-0.1518632979980634,2.148090588821006,6.0163450571494685,0.0915523182879596,0.0910028725700322,0.1241731283617499,1,,
2026-02-24,4019.679853263376,4063.6763491697416,4019.679853263376,4064.67626953125,1258.0,-0.0022091272356243,-0.0015964704223,0.080051082936986,0.1186880460889223,0.19726470811587,0.271729877037469,3971.319323730469,3829.7870068359375,3522.9533312988283,1,1,78.55639589056909,79.97777033889307,0,63.93003374673279,25.73950381435123,0.175741286168038,3.0663117586760262,-0.1537369398859884,1.916756523743637,5.959735868038903,0.0885048402780221,0.0851767493611133,0.1199130924385201,1,,
2026-02-25,4075.6753209079016,4107.672771906197,4053.677073346573,4106.6728515625,3175.0,0.0103320853240036,0.0062476621142963,0.0858732235142953,0.1354016297848082,0.1978172450063509,0.2760881462531439,3989.382275390625,3838.441962890625,3527.763234863281,1,1,77.92028103657094,79.56627247842864,0,67.50528364311506,25.66734978825098,0.1771965978177682,3.453989321036436,-0.144993277742338,2.186673096135627,5.970927772016909,0.0895389733194571,0.1024464774644486,0.114989200656508,1,,
2026-02-26,4104.673059253628,4128.807367403936,4089.674253921397,4125.67138671875,10099.0,0.0046262597102229,0.0125153154269437,0.1015261829001157,0.1246435481414989,0.2195410621342954,0.2800035327680905,4009.055700683594,3846.6470166015615,3532.515670166016,1,1,78.0494727043183,79.26291252360657,0,69.00215021669436,25.84852236596316,0.1701098113450585,3.240362346898677,-0.1410377945911876,2.0129351010107386,6.0320552491463255,0.1113060673624624,0.105680710059536,0.1347434060902446,1,,
2026-02-27,4180.667215664185,4190.666419719828,4130.671195385972,4146.669921875,8247.0,0.0050897255714179,0.0200467696701247,0.1110515838089138,0.1359405292454145,0.2224964110928091,0.3059619524118733,4028.304174804688,3856.4318603515626,3537.318112792969,1,1,78.93633538861513,79.19759709660829,0,70.61343649376602,26.66812827709579,0.1674766318129959,3.521981372776792,-0.1366659126894367,2.1953760707889067,6.092010565851225,0.1240896219961096,0.1221758947703544,0.1429818568439027,1,,
2026-03-02,4087.674434567052,4042.678018335272,4011.032589536847,4043.177978515625,2730.0,-0.0249578445618307,-0.0074864967314973,0.0748272074273466,0.1041121181168156,0.1912831217656376,0.2571390377721128,4041.378137207031,3864.6867822265626,3541.725563964844,1,1,70.47584388595078,77.4532464544768,0,55.34425077703072,25.37713797322108,0.1966436704077097,2.594837140684983,-0.1582128706454638,1.6813620931265798,5.936591628172079,0.0835807174035725,0.0960636779205685,0.1049171118708451,1,,
2026-03-03,3938.68640926165,3958.68481702637,3806.696918014497,3842.194091796875,1982.0,-0.0497093840010816,-0.054735522088708,0.0159968748543399,0.0516681477331397,0.1381001318992265,0.2268735328309097,4043.627966308594,3868.76205078125,3544.9981286621096,1,1,47.01120751301187,71.36483866618381,0,38.10960507498148,25.10598901359904,0.269267913443236,1.1661362747933333,-0.2000575903057165,0.8344164597928201,5.691656135605529,0.0385171822258649,0.0484773353904122,0.0707487064848195,1,,
2026-03-04,3883.690785384172,3957.684894065539,3871.69174073314,3958.684814453125,1542.0,0.0303188021929863,-0.0360359937249612,0.0425280234362808,0.0856332587785539,0.158877256277697,0.2518816511727897,4048.027624511719,3874.867182617188,3548.928128662109,1,1,37.38420011063226,64.5687109550735,0,48.181854962395896,24.854207836807145,0.2878749816325756,1.7685206439114942,-0.1758042946204148,1.382937143393922,5.823135625564444,0.0492232931222895,0.0767471503533823,0.0917059740335983,1,,
2026-03-05,3913.688402258832,3959.684740149457,3875.865485887165,3863.6923828125,372.0,-0.0239959572668702,-0.0634997263111176,-0.0018082730969848,0.069257601772033,0.1318971937029041,0.2141642537873382,4048.9525512695313,3879.71236328125,3552.470642089844,1,1,21.83789833845458,56.02254843174972,0,42.15689454246202,24.593106359542023,0.2943148229675473,1.4254893727148057,-0.1955816595462413,1.1260490543839825,5.715269972538096,0.0053415131994238,0.0701445894814003,0.0691627355123842,1,,
2026-03-09,3754.70096032518,3785.698491555561,3739.702154891125,3782.69873046875,8296.0,-0.0209627590188202,-0.0877743341678068,-0.0162527871580758,0.0318534668599408,0.0886960837901851,0.2023102395768943,4041.4781494140634,3882.247783203125,3555.635681152344,1,1,2.947850343218761,45.40760881404353,0,37.81498046800501,25.40517853790851,0.3025162407643759,0.7132959692271376,-0.2124444873674927,0.5179007837226618,5.620540780744832,-0.0171956157184558,0.0380964393119633,0.0355026023517788,1,,
2026-03-10,3894.6897561767328,3913.438262705183,3851.69318120482,3907.688720703125,15667.0,0.0330425442628063,-0.0335105846273535,-0.006230133084469,0.0681333634080127,0.1325124084736211,0.249981589083494,4036.553540039063,3887.7329296875,3559.0032788085937,1,1,-1.9149270741609143,35.94310163640264,0,46.903398088818456,24.61360588655177,0.3145115751828499,1.3329861797512828,-0.1864216494819159,1.107770229903832,5.815604042863752,0.0134933786977919,0.0783700066491244,0.0814062348446664,1,,
2026-03-11,3844.693724563894,3863.692211109204,3834.6945211189945,3821.695556640625,8063.0,-0.0220061448617705,-0.0053351118310276,-0.0460501799069394,0.0467735360571515,0.0989917619488249,0.2429449612287997,4022.6046508789054,3891.378227539063,3562.135860595703,1,1,-12.562826433798364,26.24191602236244,0,42.32062883970604,24.015042757869573,0.3153496736200791,0.9405692875902084,-0.2043253725198173,0.7604839714305415,5.694772367939499,-0.0211975024611947,0.0549546614767015,0.0537545433035422,1,,
2026-03-12,3822.695502964317,3840.694069287456,3786.698370318041,3806.69677734375,1066.0,-0.0039246400124187,-0.0383935686302855,-0.0716898270446486,0.0382581013501284,0.0867111171792818,0.2170926558221708,4006.455944824219,3894.383608398437,3565.1459619140624,1,1,-21.958515432309923,16.60182973142797,0,41.557927977010806,23.83918048051911,0.3012510251354942,0.7916417019923773,-0.2074481089996924,0.6220327840637857,5.759885897427373,-0.0353691297313935,0.0615897192978101,0.0668381716119783,1,,
2026-03-13,3763.700330785668,3819.917778529908,3761.700490014793,3802.197265625,3722.0,-0.0011819989828266,-0.0159161525024763,-0.0792977554062244,0.0397244741492897,0.0935419389321938,0.2150716065857507,3990.482214355469,3897.658940429688,3568.1210668945314,1,1,-29.42850614737108,7.39576255566816,0,41.31736494023162,23.86859308134501,0.2989972377223054,0.8175057264610771,-0.2083849045286921,0.6458743214780474,5.7858263822990965,-0.0380511040026699,0.0762312708415333,0.0792939228330604,1,,
2026-03-16,3794.6978549409473,3846.693714876897,3786.698491873878,3829.695068359375,3596.0,0.0072320820865812,0.0124240234920325,-0.0708394106798288,0.0455287046597865,0.0981349020890451,0.2065130377665278,3975.3334228515614,3901.364248046875,3571.176175537109,1,1,-32.75213847070427,-0.6338176496063257,0,43.47095934778201,23.557244303993475,0.3013777809514933,0.9176230288494056,-0.2026598791772668,0.7402444427433619,5.768959979169647,-0.0538403661522026,0.0738293284876718,0.0786203651570325,1,,
2026-03-17,3813.6961681693056,3860.6924240434414,3813.6961681693056,3836.6943359375,824.0,0.0018276305171009,-0.0181678710459953,-0.071618710943546,0.0443039215406133,0.103622273828047,0.2019041589443317,3965.2342163085937,3903.569799804688,3574.31376953125,1,1,-34.42453403436912,-7.391960926558884,0,44.03397190578863,23.088593457086773,0.301181259844796,0.8964323764651712,-0.2012026360399421,0.7203308760317962,5.764340126181941,-0.0564498518527506,0.0582553021365488,0.0796776700140775,1,,
2026-03-18,3870.69175852597,3881.690882613748,3827.6951825464776,3832.19482421875,9535.0,-0.0011727574116613,0.0027472799500947,-0.0511265366321398,0.03143013814568,0.1016943442454159,0.2038880180366877,3953.285168457032,3905.62537109375,3577.5188415527346,1,1,-35.70144848449809,-13.053858438146726,0,43.73243008615952,22.378814076339367,0.2928427359850569,0.673120121218989,-0.2021394315689418,0.5110179450711593,5.839055985176811,-0.0219758673967359,0.0583988838726721,0.0916853418046117,1,,
2026-03-19,3767.699902786576,3780.556788892134,3728.703008888308,3748.701416015625,9507.0,-0.0217873599941899,-0.0152350882458762,-0.0792091480597685,0.0249557033711897,0.0663503870296875,0.170672679218043,3936.661486816406,3905.88109375,3580.458908691406,1,1,-42.95546873958301,-19.034180498433983,0,38.468219425992025,22.606661625137846,0.2977155045078588,0.554843452374238,-0.2195227069985182,0.4057510722810369,5.725949185293868,-0.0470415076536362,0.0514726902641364,0.0642222360271411,1,,
2026-03-20,3780.6988905329335,3790.698094157723,3711.704385521885,3712.204345703125,5045.0,-0.0097359235271641,-0.0236686614699045,-0.090407958176395,0.0225241688958941,0.0607957843850708,0.158009652524502,3918.5379272460937,3905.336884765625,3583.0890234375,1,1,-51.0607441354241,-25.43949322583201,0,36.40528877621565,22.95517964027797,0.297507219356908,0.5114085784140953,-0.2271213742378688,0.3662171146135283,5.752671312696552,-0.0401285436897943,0.0525246018159013,0.0793962631587839,1,,
2026-03-23,3640.709980408436,3806.251724964838,3636.710299023752,3723.703369140625,10717.0,0.0030976267378195,-0.0276762763945476,-0.0861349976881187,0.023436671727836,0.0619578561390472,0.1549333582307168,3901.4642822265614,3903.462895507813,3585.7541381835936,0,1,-55.91184128945406,-31.53396283855642,0,37.54176380535864,23.84357275456932,0.2984937242764223,0.5274495340081858,-0.2247272847416187,0.3810533625450268,5.710530059837374,-0.048157284184121,0.0503898116237513,0.0744096607589668,1,,
2026-03-24,3750.701325860394,3765.700131482337,3728.3032071134335,3755.700927734375,5544.0,0.0085929397220312,-0.0211102061075016,-0.0761283942633465,0.0279936264913853,0.0694060159684959,0.1686624942804608,3885.565551757813,3901.858916015625,3588.5667443847656,0,1,-56.52287465576592,-36.53174520199832,0,40.716539257217846,24.66850921783986,0.3016957606080636,0.6067419249826402,-0.218065413031268,0.4551442128065704,5.778999359583672,-0.0275115097829806,0.0682150695495147,0.0796797955538439,1,,
2026-03-25,3829.69507895753,3837.694442046736,3809.696671234514,3823.695556640625,3897.0,0.0181043779082983,-0.0022178589471525,-0.0613647253423949,0.0558514233191858,0.0869103143678404,0.1855789378941572,3873.516516113281,3902.064760742187,3591.7318200683594,0,1,-50.93339621627183,-39.41207540485303,0,46.89399162932116,24.387576361577302,0.3104674909175946,1.080641399325342,-0.2039089737692169,0.9173948472453616,5.851017908772488,-0.0274796652795895,0.0978796803722275,0.0877988581257398,1,,
2026-03-26,3781.698921580424,3803.697170198818,3765.7001953125,3765.7001953125,2571.0,-0.0151673585067211,0.0045345780872947,-0.0735547075322751,0.0300258836916715,0.0717955246203694,0.1726860535637076,3856.467883300781,3900.390810546875,3594.6119189453125,0,1,-50.60014824322798,-41.64968997252802,0,42.79762464620463,24.503260377680157,0.3133737191487264,0.63570975684895,-0.2159835717680427,0.4931940735924938,5.867051405283664,-0.0155517735697466,0.0954852600021645,0.0871379840761938,1,,
2026-03-27,3735.7025408582335,3773.6995153102175,3697.70556640625,3697.70556640625,912.0,-0.01805630437359,-0.003905706137556,-0.099586039584489,0.0176896610691659,0.0548443346018885,0.1587265775768251,3835.069592285157,3896.687075195312,3597.224525146484,0,1,-55.18648962161888,-44.35704990234619,0,38.546246087797655,25.13740355347303,0.3130785508101383,0.4199402360655638,-0.2301400110300938,0.2918110768173982,5.86105639705558,-0.0184010557749915,0.1050150608859719,0.0947413025005776,1,,
2026-03-30,3761.700319963477,3769.699682685356,3725.703187715023,3760.200439453125,3037.0,0.0169009868212988,0.0098012829418587,-0.0885845994526222,0.0331837000174681,0.0729782585403024,0.2078248116246439,3815.7461181640624,3894.3632177734376,3600.0821228027344,0,1,-53.16552516366528,-46.11874495461001,0,44.04775815854911,25.72625078813784,0.3205321867149208,0.6797944481165313,-0.2171286175022683,0.5474028697905112,5.980108343926737,-0.0086118085915973,0.1214770112395307,0.1204367312185907,1,,
2026-03-31,3726.703305299441,3762.700439453125,3726.703305299441,3762.700439453125,587.0,0.000664858174519,0.0018637031684449,-0.0925970693727789,0.0290646261319562,0.0837406496556463,0.2182123445876334,3801.7222412109377,3892.429306640625,3603.059692382813,0,1,-50.7768433215233,-47.05036462799267,0,44.26271918765036,26.27303750604088,0.3192783007134308,0.6107999634312213,-0.2166081190640177,0.479454061652135,5.815052748365179,-0.0454624650585034,0.0841284720628749,0.1038513790836428,1,,
2026-04-01,3914.688330581508,3960.684668565352,3901.689365499117,3928.187255859375,9915.0,0.0439808640281504,0.0273274107917087,-0.0284406779190231,0.0796377940244563,0.1302652641978472,0.2732328512229436,3806.0218994140623,3895.164916992188,3606.642254638672,0,1,-35.12548793904398,-44.66538929020293,1,56.24583413224562,24.54645040175688,0.3511329923025615,1.3667277056548397,-0.1821538672678152,1.3205178217850757,6.025405796387758,0.0149604644850778,0.1205381897613233,0.1465239073139215,1,,
2026-04-02,3834.6945969132353,3888.203274823495,3813.6962692639054,3871.691650390625,1498.0,-0.0143821059916325,0.0281465463474925,0.00767726926048,0.0623587179278308,0.1122498175058592,0.26661852619553,3801.6722412109375,3896.280693359375,3610.112294921875,0,1,-26.96951150367977,-41.1262137328983,1,52.1256961087592,23.466773273304284,0.3082721508161042,1.0974397139553604,-0.1939162170336164,1.1127419899787891,5.933404490017315,0.0424741672110988,0.1036317680094736,0.1285323569743137,1,,
2026-04-07,3884.690735222077,3894.4890274341865,3818.695989141084,3827.1953125,20119.0,-0.0114927380351004,0.0350189445233735,-0.0332154511197906,0.0270443622565688,0.0782518859375349,0.312368291775513,3799.8473876953126,3896.49654296875,3613.519810791016,0,1,-23.821722031308127,-37.66531539258027,1,49.07647412545772,22.396884821275226,0.2909230091869459,0.5556601524136602,-0.2031803267855917,0.4839334455860403,5.835052899060981,0.002046538886063,0.068528417143618,0.0883949310970881,1,,
2026-04-08,4001.681396484375,4027.679326596468,3982.4209670592913,4001.681396484375,3633.0,0.0455911103921156,0.0642202353091503,0.0357142857142858,0.0730047593925222,0.1062209582095172,0.418143256903384,3810.796520996094,3901.1419677734375,3617.887236328125,0,1,-7.164914781763855,-31.565235270416988,1,59.1643151146989,21.463781105073192,0.321256490547823,1.2063783695190549,-0.1668524331014641,1.314307164215836,5.949546834401656,0.0409913902561491,0.0950928432801025,0.0927983487243993,1,,
2026-04-09,3922.687534632963,3935.686499188209,3914.680115830818,3926.187255859375,2033.0,-0.0188656050157627,0.0434493308826922,0.037932845202516,0.0509304837590196,0.1000984718900206,0.4038232594697204,3811.7214477539055,3904.397490234375,3621.837200927735,0,1,-0.0553828294800951,-25.26326478222961,1,54.16473514735382,19.95265659492817,0.3194559464683021,0.8809681114816312,-0.1825702660184156,0.9199198635665388,5.803822222911936,0.0326092184572346,0.0629743474486768,0.0765105936184029,1,,
2026-04-10,3918.687827420359,3943.867706293172,3905.688862950733,3941.18603515625,1223.0,0.0038201894915967,0.0033091037799906,0.0085721552680628,0.053957972383374,0.1066262882712789,0.3551730645311313,3817.6959716796873,3907.583046875,3625.877154541016,0,1,6.71187824889148,-18.868236176005396,1,54.978724685370224,18.589020708534346,0.2990213107723166,0.9243192252517034,-0.1794475295385404,1.0028842798584925,5.829852088670057,0.0024499683440086,0.0666342092037444,0.0900771934481923,1,,
2026-04-13,3894.6897665284832,3908.688651440267,3880.715781976998,3901.689208984375,580.0,-0.0100215584394024,0.0077479203672439,0.0209314559881024,0.0220795081530014,0.0888113294072592,0.385652964545385,3822.445593261719,3910.7085546875,3629.5646643066407,0,1,8.786630815114677,-13.33726277778138,1,52.34260353286268,17.5614759694508,0.2903757016263191,0.4617377238187299,-0.187670744073866,0.4103784974780752,5.71557337481491,0.0036526494004425,0.0311364292863001,0.0590719050869237,1,,
2026-04-14,3928.687073931954,3953.6850828014617,3915.688109319809,3963.184326171875,3703.0,0.0157611521301839,0.0355322899847105,0.0411084880097329,0.0331824153571769,0.1472661229759484,0.3679096767887178,3830.494946289063,3915.32818359375,3633.197243652344,0,1,15.217610056427477,-7.6262882109396095,1,55.88895042123628,16.463770927438496,0.2940305166223634,0.6241491005954893,-0.174867499091415,0.6167415353009381,5.735767556094667,-0.004187294985041,0.0314070369855217,0.072698229326428,1,,
2026-04-15,3934.686751607466,3946.610851133843,3933.520828803945,3943.68603515625,7902.0,-0.0049198546953426,-0.0144927483180135,0.0372123694923525,0.0341644205714577,0.1355414288556318,0.3673134034624394,3836.1944946289054,3918.967895507813,3636.794815673828,0,1,18.52728727209069,-2.3955731143335504,1,54.50404463238306,15.444473388427072,0.2948372417958492,0.6386688324463055,-0.1789270311002899,0.6349934737752749,5.662862523593306,-0.0212526008526596,0.0222565007456574,0.0695866676887961,1,,
2026-04-16,3977.683275273654,3990.682240225528,3970.819808108278,3973.68359375,1061.0,0.0076064773732835,0.0120973185422428,0.0375979086638635,0.0322871000073381,0.132442053361997,0.3439407180759533,3843.043957519531,3922.8075927734376,3640.617355957031,0,1,23.3021696819028,2.743975444913719,1,56.29823015489005,14.953396475352037,0.2949253391488978,0.6114280245813654,-0.1726815581405396,0.600100849037012,5.691950046747462,-0.0133490148484735,0.0128961142912906,0.0627527419482929,1,,
2026-04-17,3932.686775469294,4029.9290304691385,3932.686775469294,4021.6796875,1464.0,0.0120784890436396,0.0204237129700879,0.0482147743253305,0.0357432917469566,0.1328852033547785,0.3462894046562907,3852.518200683594,3927.297236328125,3644.634887695313,0,1,30.6063708470615,8.316454525343275,1,59.07888259601768,14.881657690968693,0.2970146933289945,0.6613572351174685,-0.1626888014049391,0.6643389997816871,5.691909438005662,-0.012565304369757,0.0068861833789011,0.0551366473748309,1,,
2026-04-20,3961.6846179018303,3977.628417006002,3956.185055711406,3980.68310546875,10751.0,-0.0101938953911903,0.0202460760591789,0.0387475814933995,0.026903821817596,0.1192875662456041,0.3341281703782381,3864.11728515625,3929.497065429688,3648.442437744141,0,1,32.70986241445598,13.195136103165815,1,55.812226098345135,14.815043105469876,0.3000144026517208,0.530724141190522,-0.1712242641732894,0.5000451050546659,5.64517580110898,-0.0332040289663296,-0.0005448321212323,0.0374473588197121,0,,
2026-04-21,3950.685411092252,3953.685172224441,3930.687003544329,3912.1884765625,649.0,-0.0172067524822939,-0.0128673928367679,0.0436116517171538,0.0136789488619937,0.1000282621367067,0.2981235510932605,3874.116491699219,3930.836958007813,3651.984993896485,0,1,28.521176152349653,16.260344113002585,1,50.76207774029408,14.407662432713344,0.2958326348846684,0.3345765603525856,-0.1854848031229906,0.2542423699914404,5.5846023665075615,-0.0246853079222798,-0.0069146019259647,0.0321409916334927,0,,
2026-04-22,3938.6864119819975,3940.686252759851,3906.6889595363455,3909.688720703125,1791.0,-0.0006389661117686,-0.0086206949919577,0.0531986810555265,0.0311973867714059,0.074258333675452,0.2915103364635127,3883.415759277344,3930.3869970703126,3655.680009765625,0,1,24.71500352912699,17.951275996227466,1,50.58219139702206,13.707868633244871,0.2928723993938943,0.5940491085682824,-0.1860052507313155,0.5798470065444635,5.525083249717757,-0.0395621530603516,-0.0202391478434504,0.0082347713866324,0,,
2026-04-23,3897.689596648959,3910.688561440246,3883.690711489112,3908.688720703125,1072.0,-0.0002557748382127,-0.0163563282061767,0.0496777893468973,0.0243155794987799,0.0835089552990324,0.2735155281103887,3891.065148925781,3928.437153320313,3659.360029296875,0,1,21.371534909460934,18.63532777887416,1,50.50508666844223,12.752921515158098,0.2930354332256215,0.4931271534341716,-0.1862134501066157,0.4519390065607754,5.545189384713018,-0.0289536476284768,-0.0117103780882553,0.0208633013169785,0,,
2026-04-24,3883.69063400243,3904.688961323247,3881.668822399112,3883.190673828125,262.0,-0.0065234273427671,-0.0344356150745471,0.0339456598240526,0.0175002075871868,0.0812356182951938,0.2652078420928749,3894.039904785156,3924.0875,3662.942550048828,0,1,16.474425728417827,18.203147368782894,0,48.47599484267963,11.845415500511866,0.2937344841177637,0.3920067734254331,-0.1915221275373663,0.3252658005521691,5.466653319854772,-0.0540484641533861,-0.0207469036211525,0.0056323156731141,0,,
2026-04-27,3907.688890550957,3922.687696425641,3903.189248788553,3903.689208984375,1673.0,0.0052787866674706,-0.0193418803869614,0.0209205077022476,0.0356233594032553,0.0845277917219715,0.266523508432857,3900.93935546875,3919.5678662109376,3666.6300634765626,0,1,14.085127314385318,17.37954335790338,0,50.20791354077296,11.25035994990473,0.2880427180019256,0.6602359708166957,-0.1872543453232655,1.316080539738705,5.486058457816315,-0.0623753775234536,-0.0046581818347498,0.0129304398307674,0,,
2026-04-28,3948.685535445546,3957.684818762591,3908.688720703125,3908.688720703125,1267.0,0.0012807145884574,-0.0008945775185275,0.0379712982909832,0.0386026354186965,-0.1862134501066157,0.2587548979240279,3911.4885131835936,3915.308203125,3670.407557373047,0,1,12.451477043753584,16.393930095073422,0,50.64367632442752,11.17602091964872,0.2818784304762631,0.703864836261996,-0.1862134501066157,1.426147845352621,5.519944476422908,-0.0591620739078856,0.008179961946771,-0.229978624965189,1,,
2026-04-29,3901.6892455331263,3909.688608414793,3880.69091796875,3880.69091796875,271.0,-0.0071629655710568,-0.0074169083029096,0.0494861876578076,0.026119807657448,0.0622053264665665,0.2407503649584896,3917.513037109375,3910.268603515625,3673.960083007813,1,1,8.796211490587666,14.874386374176272,0,48.10470159475887,10.662934383016818,0.2745806928291778,0.5201592775211157,-0.1920425751456912,0.9649783494743632,5.481252894455439,-0.0648012025256987,0.0001860479903272,0.017095112435896,1,,
2026-04-30,3901.689394431981,3945.6858919601727,3890.690270049932,3934.686767578125,737.0,0.013913978399918,0.006651347480626,0.0464034646382778,0.0505345893398925,0.0673454092028598,0.2628582488272715,3926.112353515625,3908.18876953125,3677.860068359375,1,1,10.13951894352158,13.927412888045334,0,52.99870320226891,10.68330980450374,0.2727880537396625,0.8751793946585179,-0.1808006729882151,1.8669656856630412,5.502768118418687,-0.0798213340052319,0.0137936979527595,0.0146361109741861,1,,
2026-05-01,3940.6861724970618,3948.685535445546,3895.439775819698,3908.688720703125,5433.0,-0.0066073993714631,0.0065662618750224,0.0387988051664347,0.0472873114022978,0.059143934584156,0.2431456311554094,3925.1374267578126,3904.939028320312,3681.707543945312,1,1,9.002499459996216,12.94243020243551,0,50.52793138216296,10.743316619510372,0.2744953948764443,0.8277611267926475,-0.1862134501066157,1.7469972331537391,5.451314130234742,-0.0625512155900386,0.0058691746837773,0.0045417927264224,1,,
2026-05-05,3935.6865267687936,3954.6850135595982,3932.686765696561,3957.184814453125,474.0,0.0124072539962394,0.0137038587358926,0.0073819186064758,0.0519670234635747,0.068233185305826,0.2555753500338205,3929.4120849609376,3902.4592236328126,3685.587553710937,1,1,11.877713902134474,12.729486942375305,0,54.76435073952781,10.885756511935565,0.2321030099408377,0.8935827714677734,-0.1761165936833651,1.9198859802735369,5.4951588251333074,-0.0880018689483675,0.003007873023926,-0.0023000275019956,1,,
2026-05-06,4019.679884405115,4073.765665061744,4016.68012329735,4046.677734375,947.0,0.0226152995419908,0.0353031473038487,0.0451962862194152,0.0700687767037977,0.091507792386362,0.2784956210778793,3940.386206054688,3901.899267578125,3690.059990234375,1,1,21.1340525739065,14.410400068681543,1,61.34295975627322,12.431615883332483,0.2376305071862645,1.1395068089685954,-0.1574842236618386,2.588642817744416,5.542397385958135,-0.065899283407533,0.0112829691228142,0.0087605799400052,1,,
2026-05-07,4070.6756978496087,4105.672909695528,4046.677609726693,4048.177490234375,3315.0,0.0003706141081201,0.0431589569501946,0.05773997919903,0.0660961089917708,0.092206848902977,0.2834286706800641,3942.711010742188,3901.5592919921874,3694.3874658203126,1,1,28.264964506966862,17.18131295633861,1,61.44415498729898,14.163079211003746,0.2325076969048663,1.0843252029925827,-0.157171975428814,2.4418753383648863,5.561503541106239,-0.0468803561316065,0.0020819426724487,0.0144112662030437,1,,
2026-05-08,4058.676871907011,4085.1208115172176,4051.677429161668,4063.176513671875,2475.0,0.0037051298945471,0.0326556480054542,0.0153673196575634,0.0497288031873643,0.0911027973538607,0.282493031843531,3949.560473632812,3901.349311523437,3698.7749401855463,1,1,34.7262567571488,20.69030171650065,1,62.50139515860975,15.770866586698489,0.1729802376839717,0.8595831246724405,-0.1540491881190131,1.837196469836746,5.5364008059378,-0.0694415961355158,-0.0261223720551169,-0.0068261553482719,0,,
2026-05-11,4058.676890364807,4075.675537109375,4052.6773679843714,4075.675537109375,364.0,0.0030761704285902,0.0427219531506235,0.0380746692677242,0.0599402003083953,0.1031971104029301,0.2882675206156779,3956.284948730469,3901.569296875,3702.565078125,1,1,40.38985504210996,24.630212381622517,1,63.40200867889404,17.263812006986463,0.1575916655325535,1.0061511169270634,-0.1514468992474629,2.21444952119564,5.54081216671027,-0.0453166975313911,-0.0311369132701612,0.0053728539675028,0,,
2026-05-12,4070.67578125,4101.67331237718,4070.67578125,4070.67578125,239.0,-0.0012267305907577,0.0286797236212883,0.0328555274830146,0.0352193377012892,0.1030378399111773,0.2650991419308188,3964.73427734375,3900.84935546875,3706.197752685546,1,1,43.968022974113865,28.497774500120784,1,62.752756287925386,18.916230154558157,0.1577573839296413,0.6565234782099577,-0.1524878452940383,1.3011542355243677,5.542411268918414,-0.0493049935709801,-0.0341163047436789,-0.0040489487581554,0,,
2026-05-13,4134.670569493859,4152.66913545538,4126.671206844294,4136.67041015625,23009.0,0.016212204668873,0.0222386564209935,0.0602255045406452,0.0325720442843537,0.1304147157378063,0.3011739038783407,3973.408581542969,3901.0693359375,3710.315360107422,1,1,51.53489960881416,33.10519952185946,1,67.48568179048665,20.921208883115685,0.1595972991820528,0.6184261286807262,-0.1387478047825877,1.2033517989386484,5.600929598576347,-0.0200581409283849,-0.0373269508559591,0.0159905474891908,0,,
2026-05-14,4095.673944687045,4125.741375247117,4095.673944687045,4121.671875,12164.0,-0.0036257505841958,0.0181549314334461,0.0399899514593637,0.0051207529632317,0.1171590553786343,0.3106757969448612,3982.307873535157,3900.569375,3714.592915039063,1,1,55.67960756246657,37.62008112998089,1,65.45018080800469,22.07455684701154,0.1538417267770497,0.2058764024084436,-0.1418704904325373,0.1891827002453563,5.536912258071816,-0.0346693439157158,-0.0727114069238247,0.0117575335222113,0,,
2026-05-15,4102.673347840592,4122.671755580493,4101.368275968308,4121.171875,6949.0,-0.0001213099963227,0.0142734043507537,0.0450050633497547,-0.0020580389204175,0.1125011253315526,0.297931537715999,3989.682287597656,3902.129252929688,3718.8754675292967,1,1,58.25247439153964,41.74655978229264,1,65.37938519425813,23.14552281348626,0.1520436671037329,0.094390572090399,-0.1419745901201873,-0.0760328340324604,5.603648476980952,-0.0104565573269083,-0.0683399207276298,0.0221412999202677,0,,
2026-05-18,4058.676657516892,4099.673391431204,4055.6768964987714,4069.67578125,7296.0,-0.0124954977156831,-0.0014720886892851,0.0241569780872792,-0.0126152918832239,0.0836828018207316,0.2772894179033467,3992.082092285156,3906.67888671875,3722.763074951172,1,1,55.49645688563896,44.4965392029619,1,58.37584469870898,23.127435788815795,0.1587394532242682,-0.0693831835102547,-0.1526960446693386,-0.4660632918611687,5.537523822685142,-0.0271306358618805,-0.0917979096035682,-0.0030809848127929,0,,
2026-05-19,4068.675907637912,4068.675907637912,4042.677978515625,4042.677978515625,1144.0,-0.0066338952254527,-0.0068779250028547,0.0052212738575105,-0.0217759705850034,0.0927866340998107,0.2786455544219028,3995.1818359375,3908.35875,3726.525690917969,1,1,50.55107478242644,45.70744631885481,1,55.04659702978524,22.841042351149103,0.1557661645785487,-0.2130661547127904,-0.1583169703331138,-0.8044982730692887,5.537674277057464,-0.0270972619343429,-0.0935522071683071,-0.0047586457447796,0,,
2026-05-20,4012.680455228365,4066.6761553485576,4010.680614483173,4062.176513671875,2943.0,0.0048231729709546,-0.0180081778576024,0.0204722169647635,0.0058182514572981,0.0883504846129066,0.2743358948197032,4002.6812377929687,3912.328432617187,3730.4382861328127,1,1,47.65584574214654,46.09712620351316,1,56.95594192583729,21.93453297864973,0.1516589019930713,0.2162009794863363,-0.1542573874943134,0.2149513029239116,5.507932476440665,-0.0243116121629647,-0.0774380488244094,-0.0190152840695312,0,,
2026-05-21,4060.676627860388,4066.676150088204,4042.6780611769386,4065.17626953125,5496.0,0.0007384602439797,-0.0137069633833357,0.0391054249776776,-0.0014736557793404,0.1042402231643349,0.2813047961815784,4010.455615234375,3917.9779833984376,3734.115943603516,1,1,45.08371410401833,45.89444378361419,0,57.2567283150348,21.0927742756146,0.1364821005813753,0.1017322086189376,-0.1536328401983383,-0.0544432003593182,5.501090491014166,-0.0149539519580194,-0.0844642991171199,-0.015917344477455,0,,
2026-05-22,4111.672533014849,4111.672533014849,4082.8318124055977,4107.6728515625,2394.0,0.0104538104164793,-0.0032755303217,0.0506393590392457,0.0064926895850703,0.1450154752071726,0.3018782531910278,4020.404821777344,3921.977666015625,3738.0260791015626,1,1,45.94477746576649,45.90451052004466,1,61.37458223286043,21.01299260474624,0.1392999334585644,0.2267470712333054,-0.1447850783670378,0.2398679562123039,5.53682943903455,0.002125975082347,-0.0761431953782033,0.0078893377360897,0,,
2026-05-26,4152.669094460654,4171.66758056582,4138.670209962112,4160.66845703125,2281.0,0.0129016130017733,0.0223587039047374,0.0644665652175027,0.0211042374144174,0.1559220860631338,0.3209767451450391,4034.2787109375,3928.757124023437,3742.061229248047,1,1,50.32338221717055,46.78828485946984,1,65.79950871498986,21.71466794194232,0.1435413031124119,0.451726304114411,-0.1337514264147874,0.7796815525658197,5.571278039811918,0.0047047365362888,-0.0713680929067795,0.0146846054578517,0,,
2026-05-27,4131.67113720526,4144.670102544967,4122.67185350854,4134.6708984375,9482.0,-0.0062484090867216,0.0227554409257333,0.064761235214201,0.0170951083787231,0.1474245298371765,0.2784337046809364,4045.827795410156,3935.3166064453126,3746.087188720703,1,1,51.10654785005454,47.65193745758678,1,62.044478799942816,22.015654322052857,0.1433139424545919,0.3901871351108535,-0.1391641018733369,0.6315670346324975,5.537425850506512,0.0129462262394974,-0.068163436267326,-0.0079552821986075,0,,
2026-05-28,4121.671940597915,4139.670508024106,4110.672816059686,4153.16943359375,1250.0,0.0044740042462001,0.0224000408686388,0.0639088337348152,0.0195140471449484,0.1551222113041899,0.2998236326179255,4058.051831054688,3942.336049804688,3749.93318359375,1,1,52.61339497831068,48.64422896173157,1,63.63473453129128,22.03061985284172,0.1431819682369826,0.42713564512919,-0.1353127184098366,0.72093306552844,5.531684081303297,0.0083166491640234,-0.0805573768197071,0.0031145430530252,0,,
2026-05-29,4182.666704100389,4196.665588598932,4149.66933349668,4160.66845703125,6931.0,0.001805614617319,0.0234902944346397,0.0644665652175027,0.0236161950262943,0.1451072011589422,0.2983115266957201,4072.050708007812,3948.955517578125,3753.7641809082033,1,1,53.79260305981279,49.67390378134782,1,64.28795352332534,22.77094207624609,0.1431144110180582,0.4897353909638779,-0.1337514264147874,0.8724841008099786,5.527899888563603,0.001441212348181,-0.0724589124479772,0.006546022288576,0,,
2026-06-01,4169.668160348083,4178.667444147396,4144.845917056143,4153.66943359375,10752.0,-0.0016821872518277,0.0111977228210258,0.0703427614812168,0.0114439556619099,0.1483951156945255,0.2951172883930189,4082.9998413085937,3955.29501953125,3757.430203857422,1,1,53.54513626187463,50.44815027745318,1,63.147840350739806,23.347010830655915,0.1394133021394394,0.3034970810451364,-0.1352086187221864,0.4227890798781851,5.503614233339517,0.0040796035714203,-0.0782648118551161,0.0161637113253578,0,,
2026-06-02,4154.6689442610505,4171.101716882633,4146.669581672823,4179.1669921875,374.0,0.0061385623004885,0.0044460488374142,0.0621346091952974,0.0129665211923959,0.139226262542367,0.2984129021276751,4096.523754882813,3962.234462890625,3761.263708496094,1,1,54.77504431356874,51.3135290846763,1,65.54510059214635,23.88193181689361,0.134453354379534,0.3269645599702339,-0.1299000429512871,0.4790392173923488,5.529888944255686,0.0049285787177222,-0.0832496195988437,0.0136332115493003,0,,
2026-06-03,4238.662429995851,4251.661394749319,4214.66434122022,4218.1640625,1294.0,0.0093313022392742,0.020193424365178,0.0791762567731932,0.0172413387059928,0.1555256646599996,0.3144073964553084,4109.572717285157,3971.623715820313,3765.377186279297,1,1,58.225307862604495,52.69588484026194,1,68.87949480588465,25.296300784639172,0.1315448863184455,0.392482805772139,-0.1217808772736861,0.636969413612557,5.620933010919805,0.0311152277474346,-0.0773271073382646,0.035401278903034,0,,
2026-06-04,4198.665726363538,4205.665169108131,4187.666602050606,4201.16552734375,2652.0,-0.0040298421077001,0.0115564978788906,0.0616551220957677,0.0390750913434008,0.1472553999855859,0.3164926373691528,4117.297106933594,3981.402939453125,3769.118215332032,1,1,58.908961025451845,53.93850007729992,1,65.88636399054761,25.964851451142533,0.1301003348357612,0.7330395027332951,-0.1253199616742361,1.4436024049113887,5.57720731163649,0.0149310491496472,-0.0605371464040294,0.0297111105821521,0,,
2026-06-05,4186.666385385687,4195.665668277607,4160.66845703125,4160.66845703125,3387.0,-0.0096394845784867,0.0,0.028168964799925,0.0828886718436012,0.1388395237189599,0.3163806337283483,4122.921655273438,3990.142241210937,3772.561774902344,1,1,55.54272400816171,54.25934486347228,1,59.27756021757285,25.97611464665635,0.1156427865514098,1.4931172478476509,-0.1337514264147874,3.062265036356522,5.669779338327714,0.0229831864262035,-0.0038436610990882,0.0444473438430963,0,,
2026-06-08,4093.674119285736,4168.668149316618,4079.6752336799714,4158.6689453125,3024.0,-0.0004805746334752,0.0012036373617783,0.0272941231812757,0.0505178210018728,0.140477085419209,0.3052203963971309,4127.696276855469,3998.2016015625,3776.035329589844,1,1,52.11288809957932,53.83005351069369,0,58.96308059281574,24.45558659656121,0.1157710378473323,0.9921941240922504,-0.1341677235055366,1.8663461909348316,5.654252101705056,0.016676886009924,-0.029002162188695,0.0455191548626183,0,,
2026-06-09,4142.670045152454,4158.668770888017,4105.672991888963,4095.173828125,1039.0,-0.0152681345936587,-0.0200980636139967,0.0078749506317186,0.0599119760005317,0.1333189375477852,0.283479787745484,4128.67119140625,4003.631166992187,3779.2563989257815,1,1,43.76667810382878,51.81737842932071,0,49.90833359219961,23.04366769290144,0.1287509613122919,1.1657567742130746,-0.147387367238588,2.213406793531853,5.584314623716662,0.0086543260609808,-0.0229132393483902,0.0456241103652281,0,,
2026-06-10,4067.676013510893,4069.6758542255,4015.430174841781,4027.67919921875,2681.0,-0.0164815052398282,-0.0451582395703107,-0.0117762902011248,0.0647634099899998,0.098679815983794,0.2613380997585186,4126.521362304688,4008.870747070313,3782.242479248047,1,1,31.34467220462193,47.72283718438096,0,42.44641161156415,22.409241751297483,0.1408910999661106,1.2566314536074974,-0.161439706812989,2.3926396893149047,5.580252705606061,0.0071181873178725,-0.0071680069072341,0.0306553568645999,0,,
2026-06-11,4060.676651828509,4084.674740881423,4045.677846170437,4074.675537109375,1355.0,0.0116683418827747,-0.0301083090897278,0.0009825778505372,0.0427328859439457,0.1137777845994505,0.2770553615047242,4123.421618652344,4016.410146484375,3785.336060791016,1,1,25.004122773957533,43.17909430229628,0,48.248448625122485,21.565526012275814,0.147031027372978,0.9009565474074424,-0.1516550986227631,1.5787371135065191,5.551015188413356,0.0015523783922697,-0.0454963667574772,0.0293080893263526,0,,
2026-06-12,4111.672547667586,4171.667769666627,4109.635600514428,4169.16796875,715.0,0.0231901732493917,0.0020428236007092,0.0078559699883178,0.0909210079556448,0.1419472410567623,0.3070801522028703,4125.796423339843,4024.589497070313,3789.1495654296873,1,1,27.289366367715047,40.00114871538003,0,57.5210142947922,20.55740407809083,0.1582335238598267,1.7671738420227865,-0.1319818333845868,3.3590141757634857,5.6491921898035145,0.0086168894605342,-0.0080038630503639,0.0465109488418991,0,,
2026-06-15,4244.662120087469,4254.661324139501,4232.663075225031,4238.66259765625,2004.0,0.0166687045058262,0.0192353980073156,0.0283842882704605,0.1134752373457805,0.1560746858270139,0.3349343415179129,4131.670959472656,4034.108740234375,3793.368034667969,1,1,34.31254053349221,38.86342707900247,0,62.80008405913695,20.57052718103153,0.1670664104951989,2.14163146359336,-0.1175130950595854,4.1922646857209465,5.643833492309222,0.0193106246322638,-0.0201483861286185,0.040200399723226,0,,
2026-06-16,4259.660814328301,4267.806161829291,4254.66121243355,4255.6611328125,2186.0,0.0040103534463085,0.0391893754510002,0.0326337415404447,0.1192636350794282,0.1637257944173809,0.3346149255212358,4140.970227050781,4040.6582177734376,3797.504022216797,1,1,40.78000981505829,39.24674362621364,1,63.97926584998458,20.71805759926124,0.1672096317323325,2.2404803684614123,-0.1139740106590354,4.406113063334238,5.700450927915712,0.0172748971196912,-0.0147559654822305,0.0603504393580986,0,,
2026-06-17,4280.65911657401,4322.655772237666,4270.659912844568,4316.65625,2310.0,0.0143327006742168,0.0717477824046421,0.0606879962988451,0.1271540352295561,0.1784718984056092,0.3629308593151392,4154.669140625,4049.557509765625,3802.172451171875,1,1,50.24809327494495,41.4470135559599,1,67.91002504763406,21.39111743210217,0.164553876732774,2.361567408720249,-0.1012748653642345,4.697618476138897,5.855273829137242,0.0573812441493069,0.0149617695874566,0.0898957154767576,1,,
2026-06-18,4378.420494522804,4408.649045180712,4378.420494522804,4410.14892578125,180.0,0.0216585871949497,0.0823313134055978,0.0908979021377685,0.1494658004085243,0.2003916430434418,0.3731617283744153,4172.067761230469,4061.21658203125,3807.2633508300783,1,1,64.5515847286315,46.067927790494224,1,72.808149790782,22.71837243040517,0.1729573687035372,2.6895296756713383,-0.0818097486714328,5.521911312388818,5.920535103990551,0.0691374768139172,0.0270967663929411,0.0869305988426343,1,,
2026-06-19,4390.650300543995,4408.64886702311,4368.652052625078,4395.64990234375,712.0,-0.0032876493926861,0.054323053254593,0.0820922940077861,0.1470319500887769,0.1830833227375758,0.3832874710966494,4188.591442871094,4069.095952148437,3812.2717553710936,1,1,73.86577605227649,51.62749744285068,1,70.99825234386715,23.781601482202245,0.1748654143863043,2.64813081641896,-0.0848284362935835,5.431994384392305,5.901070460351539,0.0713766890920433,0.0106206337689105,0.0696397507997073,1,,
2026-06-22,4430.647280402078,4454.645369937092,4416.6483948399855,4440.646484375,3075.0,0.0102366164346388,0.0476527400011588,0.0923625914226458,0.1845826038326683,0.2141446959125879,0.4116595930617228,4205.240124511719,4079.38513671875,3817.595128173828,1,1,83.91091510261322,58.0841809748032,1,73.22290820040902,25.121172638482737,0.1758480105405989,3.318837104826883,-0.0754601760240324,6.819277489485583,5.980297020946129,0.0871111883570592,0.0444202048291852,0.0981793225379639,1,,
2026-06-23,4237.662426388726,4278.65916057512,4237.662426388726,4266.16015625,483.0,-0.0392930013093708,0.0024670722385646,0.0385832344528638,0.1492255702970875,0.1751109211419392,0.3637763624892414,4210.514709472656,4085.884619140625,3821.846101074219,1,1,76.90565125911507,61.84847503166558,1,55.45779971505327,23.83178390761149,0.2299396672914616,2.5766397490397086,-0.1117881205380856,5.513036175960996,5.829976187741587,0.0529448761127364,0.0134380830822748,0.0666685148612415,1,,
2026-06-24,4264.660543472104,4283.659031239037,4244.662135296385,4275.65966796875,1146.0,0.0022267123996349,-0.0094973006088334,0.0276376770043218,0.1482277840394972,0.1751384216828115,0.363327399381528,4217.564147949219,4093.3640283203126,3826.1570703125,1,1,71.29857480933333,63.73849498719913,1,56.082516109796494,22.683811994698186,0.2264542588977419,2.5612789576861195,-0.1098103281325847,5.476173648158149,5.845667336969066,0.0492506917077884,0.023664576793339,0.0752468419838625,1,,
2026-06-25,4327.655165233648,4327.655165233648,4295.65771484375,4295.65771484375,689.0,0.0046771839734616,-0.0259608491378141,0.0389358235179218,0.1437699107301133,0.1757881784031774,0.3710149819598103,4224.688562011719,4100.01349609375,3830.2627478027343,1,1,67.68833261438431,64.52846251263617,1,57.43591411033261,22.05120428733319,0.2249645810174752,2.495330890283358,-0.1056467472659853,5.311480581322781,5.864530617108451,0.0590716292069208,0.0148003576748865,0.0840250346525512,1,,
2026-06-26,4262.660315614009,4267.197063463039,4236.012536787903,4264.66015625,617.0,-0.0072160215388291,-0.0297998587248512,0.0268447325443634,0.1153241917609131,0.1776166353330805,0.3477900678453187,4229.888146972657,4106.432978515625,3834.333748779297,1,1,61.61567855542762,63.945905721194464,0,54.62588292037103,20.75141251618545,0.2269265771046241,2.060531057237148,-0.1121004196010359,4.260573036347686,5.8646210605893625,0.0601872728797672,0.0023249205572382,0.1004321634104989,1,,
2026-06-29,4243.662159833225,4258.66096577043,4220.663990729511,4238.16259765625,788.0,-0.0062132872545346,-0.045597839735997,0.0186254063320139,0.1254646885941333,0.1592577604329441,0.3094212935060993,4234.112805175781,4111.72255859375,3838.137281494141,1,1,54.04196282591329,61.96511714213823,0,52.27161141328405,19.36861372000932,0.2284235512510735,2.241013449555738,-0.1176171947472355,4.635206725282241,5.733720513430073,0.0372330593924614,-0.0227253662262987,0.0705899562731033,0,,
2026-06-30,4246.661859949449,4256.460884390551,4227.663372702206,4249.66162109375,765.0,0.0027132095979185,-0.0038673032778854,0.0231102135195548,0.1492698768939406,0.1696000714931964,0.318063089575985,4237.637536621094,4116.282197265625,3841.870830078125,1,1,48.40957815163984,59.25400934403855,0,53.21396545058878,18.084586266417197,0.2282858943780768,2.66050060660646,-0.1152231052509854,6.406435035595125,5.704854649898036,0.036565138475632,-0.0266507838477744,0.0755655433497644,0,,
2026-07-01,4260.66050455691,4280.658911055652,4252.661141957414,4271.15966796875,1087.0,0.0050587667423429,-0.0010524691742216,0.0220122038562278,0.1358861679697951,0.1735790738216962,0.3309211723008283,4240.287316894532,4122.091728515625,3845.841848144532,1,1,45.160008962090615,56.435209267648965,0,55.00270242904707,17.184880688956564,0.2280213269140562,2.4653314814260106,-0.1107472253214357,5.869998640064613,5.741479550905765,0.0382630842649875,-0.0399037574734442,0.0767258645709854,0,,
2026-07-02,4218.664020611153,4275.6594814252885,4213.664418785353,4242.662109375,248.0,-0.0066720892706177,-0.0123370177483235,0.0058077510765384,0.1275577680565061,0.1603298130272512,0.3183448066165979,4242.362145996094,4128.701201171875,3849.6178881835935,1,1,39.82609670112288,53.11338675434375,0,52.15608834675572,16.07206703713727,0.2275128986762922,2.322109139014956,-0.1166803992182357,6.62262281750228,5.710676004847091,0.0159658536675215,-0.0179494061420908,0.0646690098076141,0,,
2026-07-03,4282.659089387353,4292.658293425147,4282.659089387353,4287.65869140625,23948.0,0.0106057425435368,0.0053928177893718,0.0205878972155584,0.091510768742167,0.1784362785187316,0.3319130608817879,4248.711657714844,4136.260600585938,3853.673901367188,1,1,38.78271789287373,50.24725298204975,0,56.02596757395511,15.031491784416191,0.2295826894541244,1.8482687998505491,-0.1073121389486846,4.751112490856557,5.7712419643040525,0.03479064733038,-0.0421820273476147,0.0732716171967644,0,,
2026-07-06,4310.656608446298,4325.655413625304,4299.7443917877445,4315.15625,11908.0,0.0064131873763326,0.0181667528249926,0.0371305223101052,0.1145402680930525,0.184041570290276,0.3469385080102805,4256.536022949219,4144.389951171875,3857.857404785156,1,1,39.71682500622137,48.14116738688408,0,58.24847085943293,14.488276777972166,0.2268649447573596,2.290867346972153,-0.1015871644271848,5.946772231541783,5.758001681315329,0.0155601016764852,-0.0295619166023644,0.0710062977238574,0,,
2026-07-07,4257.660745772277,4259.66058642318,4225.66329535783,4222.16357421875,2276.0,-0.0215502453199116,-0.0064706438598569,0.0152680171807901,0.1032004456184256,0.1330357981113386,0.3316248211305841,4262.885510253906,4151.169409179687,3861.390972900391,1,1,32.577842767675975,45.028502463042464,0,49.19339299978645,13.896882107625268,0.2408831087862655,2.048935565745418,-0.1209481814323364,6.435668632757096,5.660814904187646,0.0011606844485427,-0.02986056817092,0.0366215515009356,0,,
2026-07-08,4179.6672658985935,4186.666708688375,4108.67291760223,4140.17041015625,4331.0,-0.0194197033395778,-0.0306683121202057,0.0109877099043318,0.034607706099127,0.1101389927485432,0.3049422341909782,4268.510070800781,4155.899033203125,3864.594562988281,1,1,20.072600373314344,40.03732204509684,0,42.86588072522544,14.53713064687572,0.2447772835526509,0.8261880710041799,-0.1380191069690369,2.0458279561036914,5.568085652864468,-0.0029061705770068,-0.0641160061689893,0.0248798637847393,0,,
2026-07-09,4192.665993459259,4230.662966450304,4180.666949356824,4229.1630859375,4323.0,0.0214949306344836,-0.0031817342719023,0.0500248100091567,0.0771679520955015,0.1320286369854379,0.3355168105956572,4276.234448242188,4162.308520507812,3868.208122558594,1,1,17.145429039788723,35.45894344403522,0,50.33303528505532,14.542976130740488,0.2466621334548871,1.6943384438957572,-0.1194908874650861,4.561768793922747,5.640026991146481,0.0107117524409547,-0.0282219588185929,0.0329751291897595,0,,
2026-07-10,4232.662774932518,4268.659906965963,4226.663252926945,4271.65966796875,937.0,0.0100484614018685,-0.0037314125467978,0.0483435132602283,0.0838513152803754,0.1423337346179578,0.3491497220230246,4281.359033203125,4170.127895507812,3872.006668701172,1,1,18.04671241299729,31.97649723782764,0,53.46099477128914,14.06761847478183,0.2459616008178629,1.821017916813214,-0.1106431256337856,4.956854535960826,5.672252506025467,0.0218405667246543,-0.0270332043159163,0.0377996686959936,0,,
2026-07-13,4186.6666395110415,4220.663932499667,4186.6666395110415,4225.16357421875,2846.0,-0.0108847842206749,-0.0208550213636528,0.0134308825857976,0.0829062357118333,0.1068162727721688,0.3399648142777038,4280.68408203125,4175.937431640625,3875.5427392578126,1,1,14.838095469922337,28.548816884246577,0,49.76790385647718,14.0368736126172,0.2377998017725495,1.800351290393613,-0.1203235833064357,4.900986337227054,5.65379753033262,0.0008152210748675,-0.0108083372272849,0.0199915590312353,0,,
2026-07-14,4214.664208915796,4283.658711979898,4206.664846241697,4271.65966796875,5187.0,0.0110045665530469,0.0117229218811492,0.0077847834198327,0.0778352245086813,0.1136004006149244,0.3474477363676052,4281.484008789063,4183.196850585938,3879.3337866210936,1,1,15.864216791216675,26.0118968656406,0,53.24611059407727,13.231275754819052,0.2337960564322275,1.7099129469510093,-0.1106431256337856,4.601214475566882,5.6957914285209705,0.0092061426479983,-0.0069696212726088,0.024218520559829,0,,
2026-07-15,4267.660336158424,4269.660176990738,4194.666145778957,4190.16650390625,4498.0,-0.0190776350170357,0.0120758540825649,-0.0153900009569055,0.0625000232150159,0.0987997208653175,0.3282341231653116,4275.159521484375,4187.856484375,3882.7573620605463,1,1,9.986490017545291,22.806815496021542,0,47.09143194235687,12.61698742797541,0.2428980782371315,1.374476674153838,-0.127609951482836,3.6946769711973113,5.565071309791836,-0.0237489314153916,-0.0172688659479265,0.0046032902698842,0,,
2026-07-16,4141.6703595916215,4156.6691658190175,4120.6720308732665,4147.169921875,15520.0,-0.0102613063206836,-0.0193875625972281,-0.0392633367841138,0.043658817827838,0.0773555344525855,0.3210940278517797,4262.010571289063,4189.866328125,3885.9709533691407,1,1,1.837700502716871,18.612992497360608,0,44.18920658116365,12.819043538770297,0.238719472056914,0.9926812312098552,-0.1365618130017867,2.5808827024476644,5.537974570573501,-0.0541903364083135,-0.0270514454465298,-0.014504189687462,0,,
2026-07-17,4015.6800982285768,4063.024227036232,4011.680416855839,4060.676513671875,887.0,-0.0208560077914579,-0.0493913772857286,-0.0792427688929953,0.0096966514496623,0.0457865334383529,0.2764674935965694,4245.261901855469,4190.11630859375,3888.914553222656,1,1,-11.467380261603466,12.596917945567794,0,38.98430213174933,13.927438413783316,0.2314028444108722,0.2949732325828794,-0.1545696865572637,0.4532926751042958,5.4766783090110165,-0.0749690335727198,-0.0378135195822895,-0.0311877270334336,0,,
2026-07-20,4064.676325768396,4103.238196454406,4064.676325768396,4102.17333984375,1390.0,0.0102191903324875,-0.0291089876674753,-0.0667652267628318,0.0305199462394014,0.0582448712525052,0.3013723096197678,4228.338244628906,4190.896245117187,3892.048139648437,1,1,-18.45061831382281,6.387410693689674,0,42.48454114242016,14.433070300204214,0.2364703255230318,0.7172102058761934,-0.1459300732713377,1.426726344317481,5.541591614841536,-0.0609175653680617,-0.0183491515440661,-0.0188839864581399,0,,
2026-07-21,4151.669339559558,4166.214079578661,4151.669339559558,4205.6650390625,183.0,0.0252285046596036,-0.015449411712528,-0.0529160441254022,0.0750159569913837,0.0897210452928962,0.3214215388500403,4225.313488769531,4193.49603515625,3895.671689453125,1,1,-15.455804675589206,2.0187676198338984,0,50.16314197530311,14.143148305083006,0.2523557279154946,1.5719975870968983,-0.1243831661452363,3.506796546896317,5.634399317320187,-0.0578395525196201,0.0089168301598825,0.0019405719029206,1,,
2026-07-22,4184.666713453232,4184.666713453232,4168.667987667031,4181.1669921875,825.0,-0.0058250114185177,-0.0021477694765494,-0.0199226379108115,0.0694373109671893,0.1028009603852049,0.3124873932371959,4220.588854980469,4195.705859375,3898.830301513672,1,1,-14.88756633736557,-1.362499171605995,0,48.51209966949668,13.661246998973816,0.214624652650368,1.4627686509487303,-0.1294836442006867,3.246009677027431,5.608099788853785,-0.0380578567978254,0.0150253915432438,-0.0055178574210559,1,,
2026-07-23,4188.666519969687,4200.665564667619,4133.6708984375,4133.6708984375,1282.0,-0.0113595304465825,-0.0032549964654925,-0.0332086228927348,0.0575595023831683,0.0832746745380563,0.2459642981139422,4212.489514160156,4195.645869140625,3901.411485595703,1,1,-18.06156866397214,-4.702313070079224,0,45.39270282247676,13.559202709355256,0.2172976917670915,1.2272232473627973,-0.1393723012486371,2.6907537048624093,5.613719657275469,-0.0396785629977123,0.0123585089359392,0.0005034080354369,1,,
2026-07-24,4161.66845703125,4169.667819755001,4149.418456375799,4161.66845703125,620.0,0.0067730497375426,0.0248707187138266,-0.0311917910380747,0.0717136516318928,0.0904688630094729,0.2444656549712609,4207.339929199219,4196.44580078125,3904.3751196289054,1,1,-18.109069303675824,-7.383664316798544,0,47.53432461407146,13.464447297566588,0.2181700873052099,1.497383089478299,-0.1335432270394871,3.352422551070467,5.6460055114667655,-0.0372621646827433,0.0328084078353003,0.0113808313388252,1,,
2026-07-27,4195.665688927302,4210.664493820988,4148.66943359375,4148.66943359375,1070.0,-0.0031235124978631,0.0113345024449333,-0.0271981162405782,0.0627560780314044,0.1006150197571114,0.2521832029073314,4202.865270996093,4196.995751953125,3907.311253662109,1,1,-18.97687287904228,-9.702306029247293,0,46.62012552883366,12.84536097828862,0.2172583800826668,1.3276371005284802,-0.1362496155986875,2.933679800453154,5.627151208650599,-0.0404919345146742,0.0257184191381081,0.0209404362305107,1,,
2026-07-28,4086.6743654008615,4102.673090589609,4076.6751621578937,4105.6728515625,11779.0,-0.0103639450477992,-0.0237755947207554,-0.0312611286237621,0.0503964743511067,0.0909445464955667,0.2570332544861247,4195.665832519531,4197.715693359375,3909.922421875,0,1,-22.870442077289223,-12.33593323885568,0,43.631049227044,13.027633608048276,0.2189289923528903,1.085277022678419,-0.1452014771176382,2.3559011884699266,5.555527530431279,-0.0310780727071389,0.0064462702768759,0.0146789624692105,1,,
2026-07-29,4130.671067559173,4132.670908308414,4086.6745710758505,4080.675048828125,5611.0,-0.0060886007332175,-0.0240344247304984,-0.0397647124248288,0.0515331251796913,0.0789989681548202,0.2499535411652944,4186.1416015625,4198.475634765625,3913.0534997558593,0,1,-27.65445415071099,-15.399637421226744,0,41.94714063954789,12.80467171708475,0.2189580950386012,1.107746254922723,-0.150406004030813,2.409036592730185,5.60799485382703,-0.0169784862218597,0.0231228081995262,0.0233131581418497,1,,
2026-07-30,4075.0,4142.0,4046.0,4134.5,456.0,0.013190207631782,0.0002005727071339,-0.0319959164705593,0.0507825004186708,0.1038833625628739,0.2558645880980053,4180.73349609375,4199.922104492188,3916.361217041016,0,1,-26.793732984830967,-17.67845653394759,0,46.715714287734606,13.015724413856152,0.2239412741698223,1.0942414138589824,-0.1391996828212641,2.3739468808137736,5.588273902410775,-0.0266840014209961,0.0155386856491164,0.0295467195383027,1,,
2026-07-31,4143.0,4153.0,4100.0,4109.5,1119.0,-0.0060466803724754,-0.0125354668614002,-0.0313864516999249,0.0513756130625697,0.1010923390782412,0.2490293826115051,4171.8255615234375,4200.808579101563,3919.363962402344,0,1,-27.80833910290312,-19.704433047738696,0,44.87205002432337,13.058154200815112,0.2237680207744531,1.1059700469214606,-0.1444046672037695,2.4016733200270237,5.514777718086042,-0.034303869908707,0.0116418878705431,0.0175793908278816,1,,
2026-08-03,4160.0,4200.0,4156.537109375,4157.0,425.0,0.011558583769315,0.0020080092038168,-0.0304732024655155,0.0504942768447596,0.1050853375779021,0.2675104144667832,4163.917749023438,4201.795122070313,3922.399239501953,0,1,-24.49718048768409,-20.66298253572777,0,48.99115287672421,12.458726343448612,0.2244367325209938,1.0899613208996282,-0.1345151968770094,2.360473195023934,5.500181701951301,-0.0469674056345752,0.0009140548941042,0.0039246772790886,1,,
2026-08-04,4168.0,4188.0,4153.0,4208.5,726.0,0.0123887418811643,0.0250451392877946,-0.0247166600282434,0.0399889183787434,0.1128596696750476,0.2639486443433805,4163.2345703125,4202.751752929687,3925.659521484375,0,1,-17.515535641143288,-20.03349315681088,1,53.08421280970671,11.945285350609865,0.227976923921794,0.9001060436149921,-0.1237929290490483,1.8693756169877709,5.469708913105784,-0.0500681979904682,-0.0131149875749635,-0.0019799944520036,0,,
2026-08-05,4261.0,4297.0,4255.0,4262.0,247.0,0.0127123678270166,0.0444350380763465,0.009435074004356,0.0528194503036094,0.1224067194395333,0.2815556189341459,4169.326049804688,4205.298334960938,3929.187303466797,0,1,-7.578172463469855,-17.542429018142673,1,56.94893051744294,12.022608078885346,0.2199939850543766,1.1443876836920297,-0.1126542624704868,2.469168872363173,5.550323432211021,-0.0195186512625394,-0.0020102673337494,6.749007735407098e-05,0,,
2026-08-06,4267.0,4280.0,4255.0,4267.0,534.0,0.0011731581417175,0.0320474059741202,0.0306339056799749,0.0501635815333876,0.1023869595939992,0.2723494473083869,4171.2178955078125,4207.574946289063,3932.325150146484,0,1,0.6927322764549899,-13.89539675922314,1,57.302926056048726,12.09440775514115,0.2076751040972235,1.093346434299386,-0.1116132655939857,2.3450140684260123,5.565727795214609,-0.0004234592994535,0.0052971217772666,-0.0209636236637373,1,,
2026-08-07,4302.0,4310.0,4279.0,4309.0,56.0,0.0098429810171081,0.0485460518311229,0.0188777099488,0.0572480465547824,0.1206197062409357,0.2941964778707253,4173.084912109375,4210.541577148438,3935.8329724121095,0,1,10.51531881313258,-9.013253644751998,1,60.25900830551163,12.487644127336374,0.1972123963153884,1.226195507367145,-0.1028688918313768,2.676193972942709,5.586348792621448,-0.0095173655390826,0.0082184027433316,-0.0231744062202678,1,,
2026-08-10,4289.0,4318.0,4287.99609375,4284.5,1945.0,-0.0056857739614759,0.0306711570844357,0.0030059351702416,0.0525279413641583,0.0895972783711056,0.2661162536524917,4176.051733398437,4213.158188476563,3939.2982824707033,0,1,16.13682884827176,-3.983237146147246,1,57.74739777035034,12.940323691283576,0.1956059191063431,1.1335147968052786,-0.107969776526232,2.455541604469039,5.55623874115073,-0.0204528562068595,0.0024948477407042,-0.0317065719887855,1,,
2026-08-11,4296.0,4321.0,4289.0,4289.0,520.0,0.0010502975843156,0.0191279553285017,0.0151086282601624,0.0368242027379688,0.0705956865846397,0.2635260499958824,4176.91875,4215.354848632813,3942.746098632813,0,1,20.71622470089369,0.9566552232609412,1,58.09289856611664,13.39528465562764,0.1913963492283032,0.8372869806298642,-0.107032879337381,1.7214335747066627,5.579903352366042,-0.0130698309534671,-0.0037540636496573,-0.0409408867562556,0,,
2026-08-12,4315.0,4369.0,4312.0,4353.0,1614.0,0.0149218932152017,0.0213514781792585,0.0190418568785299,0.0561248279862161,0.0615329823286692,0.2726340421109612,4185.060424804688,4218.051567382812,3940.4956567382815,0,1,29.1734012270108,6.600004424010914,1,62.75723292816082,14.355340435521263,0.1944882938800293,1.2056603161937909,-0.0937081193181673,2.623686491126397,5.649017494876288,-0.0082120165795516,0.0202468869975396,-0.053936699565704,1,,
2026-08-13,4360.0,4366.0,4353.0,4390.0,505.0,0.0084998851366873,0.0288258729786734,0.0476910633282607,0.0652309908816894,0.0630387040432201,0.2864596796227869,4197.201928710938,4221.828256835937,3944.178515625,0,1,38.41850077052823,12.963703693314375,1,65.17076160482387,15.246820802565344,0.1817133055610887,1.376627154578371,-0.0860047424320594,3.049375396234804,5.657557799886527,0.0166191024240713,0.0096203969836843,-0.0593769809111787,1,,
2026-08-14,4354.0,4379.0,4354.0,4354.0,587.0,-0.0082004555808655,0.0104432582965885,0.0498725834777198,0.0698640958230509,0.0563674479788618,0.2822972713445992,4211.868103027344,4225.694887695313,3947.516400146485,0,1,42.352199834303065,18.84140292151212,1,61.02679233736917,16.22337486412591,0.1800533480440971,1.4710636184588015,-0.0934999199428672,3.265960734360143,5.622293988799538,0.0152256781159805,0.0153083162851823,-0.0778948647529159,1,,
2026-08-17,4361.0,4367.0,4339.0,4362.0,1042.0,0.0018373909049149,0.0180884583965457,0.0742052427258364,0.0789877460389814,0.0554917406196573,0.2632640858163249,4224.859436035156,4229.761508789063,3950.874287109375,0,1,45.58968827647095,24.191059992503885,1,61.61096747087073,16.81560646238287,0.1590919001098688,1.6486301272247637,-0.0918343249404654,3.6924671252069534,5.659378272224878,0.0333596302184222,0.0219774564335848,-0.0736307902920294,1,,
2026-08-18,4283.0,4308.0,4276.0,4239.0,26102.0,-0.0281980742778541,-0.0116577290743763,0.033354675392986,0.0435292473709594,0.0496007629352088,0.2209254198715797,4226.526184082031,4232.638032226562,3953.5471850585936,0,1,37.79467565108735,26.91178312422058,1,49.36041838241836,16.175237616546916,0.1909951929746089,0.9344273033884748,-0.1174428481023918,2.0348765848179355,5.537202632117107,-0.0007920076089105,0.0053141820096089,-0.0725353867007223,1,,
2026-08-19,4172.0,4213.0,4172.0,4191.0,639.0,-0.0113234253361641,-0.0372157133011715,-0.0034869726728805,0.0309516050784333,0.029432337287389,0.2098876460245051,4227.017834472656,4235.904448242188,3955.965085449219,0,1,27.42770364372245,27.01496722812096,1,45.5537708314972,15.939726444100272,0.1754346992399523,0.6937831986732695,-0.127436418116802,1.4469052474050998,5.46304224490171,-0.0304126602975625,-0.0069164915891869,-0.0907965940918767,0,,
2026-08-20,4188.0,4205.0,4154.0,4173.0,910.0,-0.0042949176807444,-0.0494305239179954,-0.0019532805560648,0.0159036882434906,0.0224996355395836,0.2092287500392637,4228.984289550781,4237.8709375,3958.2979846191406,0,1,17.556968268792843,25.123367436255336,0,44.177877905263344,15.936258104336725,0.1748856383521907,0.4089431670842068,-0.131184006872206,0.7434551427717484,5.485657507299922,-0.0218331139180547,-0.0092421000679318,-0.0846815724149576,0,,
2026-08-21,4199.0,4211.0849609375,4194.7978515625,4196.0,124.0,0.0055116223340523,-0.0362884703720716,0.0150783899090902,0.0084917948482634,0.029775245117233,0.2231584585405195,4230.700866699219,4238.407578125,3960.6583984375,0,1,11.458164561726337,22.39032686134954,0,46.40539671517299,15.830107319785313,0.1708390614317723,0.2666266389651207,-0.126395421240301,0.3969688323014076,5.493417545115738,-0.0214300177964564,-0.0139753381791025,-0.0843460378523123,0,,
2026-08-24,4198.0,4200.412109375,4164.89990234375,4179.5,225.0,-0.003932316491897,-0.0418386061439706,0.0042847101235619,0.0108422417802203,0.0281226994572445,0.2093603320069097,4232.242395019532,4237.224326171875,3963.0837890625,0,1,5.233082858904709,18.95887806086057,0,45.01756183261438,16.10876900422952,0.1701214769243747,0.3124308715389136,-0.1298307109327545,0.5068459773146488,5.487941654664595,-0.0279956965116577,-0.0089363175558172,-0.0764906237109627,0,,
2026-08-25,4202.0,4219.0,4196.658203125,4209.0,2143.0,0.0070582605574829,-0.0070771408351025,0.0145421483615264,0.013442881948098,0.0332192541251454,0.235590994811182,4237.408752441406,4236.291103515625,3965.6766760253904,1,1,2.6495221759660126,15.697006883881665,0,48.01121662320103,16.028073549507315,0.1712237382486514,0.3626752610312796,-0.1236888293613982,0.628418990926687,5.509070319874001,-0.020984132893936,-0.0040880428269084,-0.0843160976401531,0,,
2026-08-26,4246.0,4247.0,4218.0,4221.5,52.0,0.0029698265621287,0.0072774994034836,0.0282114899616074,0.0146206177197196,0.0385820961054876,0.2434576901481051,4244.45,4234.387978515625,3968.4870397949217,1,1,1.5923219579826764,12.876069898701866,0,49.27159689276954,15.456318458960515,0.1664898036033784,0.3854143906795294,-0.1210863371701455,0.6834750070427423,5.524204887333947,-0.0056381041990625,-0.0006684276676754,-0.0730789065738027,0,,
2026-08-27,4243.0,4253.0,4243.0,4232.5,369.0,0.0026057088712543,0.0142583273424394,0.0372058420127021,0.0189785363680339,0.0306396815586675,0.2345179839588258,4249.35,4230.835,3971.2024267578126,1,1,1.6233779472204333,10.62553150840558,0,50.410916006186014,14.819170165655212,0.1642862360244471,0.4694585187766628,-0.1187961440418432,0.8871961175968448,5.502542053867801,-0.0188040115420693,-0.0001948137035516,-0.0784443785008125,0,,
2026-08-28,4287.0,4287.0,4270.0,4274.0,303.0,0.0098050797401063,0.0185891325071496,0.0337404764784132,0.0226918445684942,0.0359526000443819,0.2633867341789107,4257.575,4228.402001953125,3974.050324707032,1,1,4.93975083967598,9.48837537465966,0,54.55755281087725,13.88359493968148,0.1617256299241455,0.5398797537452755,-0.1101558699668843,1.0607834035183157,5.569133994183305,-0.0034250125462197,0.0070968965784361,-0.0767435369608947,1,,
2026-09-01,4295.0,4314.0,4235.82421875,4263.5,3656.0,-0.0024567150210575,0.0200980978585956,0.0374741452731475,0.0107477890447746,0.0281744340220291,0.256939555569311,4262.9,4224.859072265625,3976.590762939453,1,1,6.644148395420416,8.919529978811813,0,53.34218809421819,13.331393526994711,0.1600476251564637,0.310503849777997,-0.1123419634075365,0.5024305630509389,5.610657852378232,0.0173860378774188,-0.0018280165448709,-0.0790137686515543,0,,
2026-09-02,4241.0,4264.87109375,4208.0,4262.0,1341.0,-0.0003518236190922,0.0125920646234261,0.0252585999518883,0.0144803798518058,0.0541212933606032,0.255756905074251,4265.575,4224.775869140625,3979.4036572265622,1,1,7.784127695272218,8.692449522103894,0,53.15999859312748,13.244668053093504,0.1561704296397937,0.383012336143937,-0.1126542624704868,0.6769192595635648,5.583908554817595,0.0152225612540382,0.0012015409875696,-0.0594083432791346,1,,
2026-09-03,4323.0,4354.0,4309.0,4354.0,543.0,0.021586109807602,0.0313869477673811,0.0345728882024474,0.0464664620517967,0.1332066772201425,0.2897026688133286,4270.175,4226.34267578125,3982.511578369141,1,1,15.92759720147842,10.1394790579788,1,61.78189695336433,12.873172732240048,0.1673005078960945,0.9801395984382189,-0.0934999199428672,2.172183562071275,5.645345581070443,0.0321107888472496,-0.0043094723443819,-0.0081365692922624,0,,
2026-09-04,4338.0,4369.0,4314.0,4362.0,1679.0,0.0018373909049149,0.0305965741287654,0.02346316283435,0.0488933015254045,0.1018811055819282,0.2769449523810203,4274.925,4227.669521484375,3985.914459228516,1,1,22.764473912022368,12.664478028787514,1,62.42951602831538,12.735523345067124,0.1624293200952213,1.024958491339048,-0.0918343249404654,2.285631855304365,5.677601080942291,0.0229315733192447,0.0041294549336055,-0.0249924703768249,1,,
2026-09-07,4404.0,4412.0,4387.2001953125,4393.0,7586.0,0.0071068317285649,0.0278427702386523,0.0295289430513241,0.0727261367587321,0.1369952793193647,0.2869617659150383,4279.125,4230.236318359375,3989.942265625,1,1,30.334511518150972,16.198484726660205,1,64.91082076681943,13.17248026700494,0.1637329933825733,1.4733192118174754,-0.0853801443061588,3.399753538889392,5.717950836446466,0.0273500693588963,0.023930638177557,0.0004690703888445,1,,
2026-09-08,4371.0,4385.0,4352.0,4359.0,15003.0,-0.0077395857045299,0.0223994370822093,0.0116036203295428,0.0822609707460109,0.1523518817106102,0.2545609807665918,4282.85,4232.65306640625,3993.740081787109,1,1,33.2075095113496,19.600289683598085,1,60.21371193893374,12.961965512819877,0.1636887128841845,1.663048988838132,-0.092458923066366,3.845481677846004,5.705029307652103,0.0212447377412972,0.0223603855647411,0.0150320992593304,1,,
2026-09-09,4369.0,4381.916015625,4321.7822265625,4316.5,1300.0,-0.0097499426473961,0.0127874237447207,0.0074687828217994,0.0593481519419771,0.1046171556938435,0.2509926354361156,4284.225,4233.989833984375,3997.305401611328,1,1,31.689687317857533,22.018169210449976,1,54.86887708791888,12.271346756870551,0.1662408190674992,1.2392836585029887,-0.1013073965166252,2.7743683163131303,5.675785044262056,0.021515688702492,0.022476943696557,-0.0240420423349259,1,,
2026-09-10,4370.0,4376.0,4305.0,4305.5,1465.0,-0.0025483609405768,-0.0111391823610472,0.0038470505945442,0.032700057246884,0.1265941873676228,0.2381177309764484,4281.85,4234.676640625,4000.855715332031,1,1,29.26188147033099,23.466911662426178,1,53.54411148072172,11.427044146564867,0.1665324555026882,0.7493592981840643,-0.1035975896449276,1.5286407377280558,5.69546126040135,0.0207096612141692,0.0081903870577015,0.0001209692709984,1,,
2026-09-11,4383.0,4393.0,4323.119140625,4384.0,1215.0,0.0182324933224944,0.0050435580009169,0.007121525384792,0.034288504686387,0.1516546382396872,0.2515158985261523,4281.55,4237.5033984375,4004.608558349609,1,1,33.28839390921712,25.431208111784365,1,60.815098746483024,10.851551897355549,0.1705574025983717,0.7788901753439833,-0.0872539386838607,1.6028964323719963,5.750286543812884,0.0179268428586825,0.0188618341857045,-0.0016665874611816,1,,
2026-09-14,4349.0,4354.0,4331.0,4348.0,2137.0,-0.0082116788321168,-0.010243569314819,-0.0095671981776764,0.0216978900118569,0.1435492943276528,0.2505191125836035,4281.25,4238.710224609375,4008.263887939453,1,1,33.19191910880909,26.98335031118931,1,56.451492365977934,10.317166237375464,0.1703734715208675,0.5303237048775212,-0.0947491161946684,1.0143186705897211,5.728626182493206,0.0125616715056986,0.004942636106122,-0.0098862627438816,1,,
2026-09-15,4294.0,4336.43798828125,4294.0,4315.5,399.0,-0.0074747010119595,-0.009979353062629,-0.0088424437299035,-0.0002678577892321,0.1268521182415554,0.2374356405340236,4278.925,4238.717099609375,4011.499259033203,1,1,30.14548535796166,27.61577732054378,1,52.77029408999761,9.986377852679194,0.169973018627264,0.0920544350009657,-0.1015155958919253,-0.0125216395019305,5.712005971721572,0.0159564731230266,-0.0244681737517953,-0.0098724913422388,0,,
2026-09-16,4332.0,4348.0,4332.0,4392.5,488.0,0.0178426601784265,0.017606857407622,0.0069922054103621,-0.004001888842818,0.1448657660466685,0.2634993599523132,4286.6,4242.123828125,4015.209615478516,1,1,33.55759013598163,28.804139883631358,1,59.5075079788539,9.463024068424671,0.1812578592660295,0.0148112028067995,-0.0854842439938089,-0.1870776637118571,5.839675624787351,0.0318581554174135,-0.0136574613245175,0.0130692320293925,0,,
2026-09-17,4388.0,4426.0,4386.0,4411.5,1424.0,0.0043255549231644,0.0246196725119034,0.04069355980184,0.0036058598861112,0.1511679865856898,0.2682352600978372,4297.625,4247.550419921875,4018.95748046875,1,1,37.36413843629998,30.51613959416508,1,60.98637445560803,9.860062685183951,0.148707422823535,0.1703179897277527,-0.0815284558631048,0.1685643628949423,5.79917998884582,0.0473122213749559,-0.0172664387233311,-0.0068291854765945,0,,
2026-09-18,4369.0,4379.0,4343.93994140625,4347.5,12449.0,-0.0145075371188938,-0.0083257299270073,0.0373419231686948,-0.0209758837373675,0.1597349368573661,0.2366837987697025,4306.35,4249.917158203125,4022.4278393554687,1,1,34.81526159539408,31.375963994410885,1,53.85183386987001,9.481742279136762,0.1526434881446653,-0.3333158040187441,-0.0948532158823185,-0.9805667968316136,5.707702590378211,0.0447846336361072,-0.0455820889185185,-0.0031866498156359,0,,
2026-09-21,4391.0,4391.0,4365.0,4391.0,28.0,0.0100057504312822,0.0098896044158234,0.052240594296669,0.0292628122662266,0.1828551424122384,0.2547677486091051,4316.1,4252.30396484375,4026.150693359375,1,1,35.89160866767179,32.27909292906307,1,57.49181957766683,9.31570615622062,0.1534955022802069,0.726008384722114,-0.0857965430567592,1.3679586733721918,5.6767937944408535,0.0348429129756244,-0.0262749603716774,-0.0131899623898606,0,,
2026-09-22,4428.0,4437.0,4402.0,4429.0,313.0,0.0086540651332269,0.0263005445487196,0.0555290753098187,0.035863549472846,0.1894073079784941,0.2631004348569572,4328.575,4256.380693359375,4030.228520507813,1,1,39.357218383357576,33.69471801992197,1,60.42818577295601,9.83049033204772,0.1546611296417304,0.8645326524276005,-0.077884966795351,1.6765255886193289,5.7268095529197325,0.042485757888822,-0.0203326287997359,0.002850784937961,0,,
2026-09-23,4439.0,4446.0,4407.18408203125,4415.0,5116.0,-0.0031609844208625,0.0051223676721685,0.056346452924991,0.0277820750810429,0.1755462122654549,0.2571361914456562,4338.875,4259.2475,4033.973889160157,1,1,40.50711524455437,35.05719746484846,1,58.81619067734152,10.43259979681827,0.1542718673276375,0.6923247756036943,-0.080799758049554,1.298738146751974,5.750120490796395,0.0477736194423561,-0.0195088292280868,-0.0049972092035942,0,,
2026-09-24,4348.0,4355.0,4337.0,4334.5,13.0,-0.0182332955832389,-0.0174543805961691,0.0298170586837729,0.016376414811775,0.1335892033747978,0.2321097974040913,4344.525,4262.134169921875,4037.354250488281,1,1,34.52475962019798,34.950709895918365,0,50.477884565664894,9.7349501563783,0.1693268576081744,0.4422461613281106,-0.0975598077612213,0.7655538530165098,5.649912721110035,0.0255655479161236,-0.036610777961799,-0.0343709745548606,0,,
2026-09-25,4427.0,4429.0,4416.0,4419.5,219.0,0.0196101049717383,0.0165612420931569,0.0469027596825772,0.0427867969114803,0.173619717656053,0.2578803609899791,4353.875,4267.580771484375,4041.1971069335937,1,1,36.2249110869252,35.20555013411973,1,57.35296130755818,10.112546623384045,0.1806376300932087,0.9819148854650516,-0.0798628608607031,2.00016899976584,5.729565229638897,0.0371746425944132,-0.000724709860106,-0.023433606789426,0,0.5862,0.611
