Date,open,high,low,close,volume,ret_1d,ret_5d,ret_21d,ret_63d,ret_126d,ret_252d,sma20,sma50,sma200,trend_sma,above_sma200,macd,macd_signal,macd_bullish,rsi,adx,vol_21,sharpe_63,drawdown,calmar_63,rs_ratio,rs_mom_21,rs_mom_63,rs_mom_126d,rs_positive,score,score_pct
2024-10-02,87.87827970346416,88.05701111020261,87.35150146484375,87.35150146484375,18565.0,,,,,,,,,,0,0,0.0,0.0,0,,0.0,,,0.0,,,,,,0,,
2024-10-03,87.5208292980556,87.5208292980556,87.17277526855469,87.17277526855469,3654.0,-0.0020460575180953,,,,,,,,,0,0,-0.0142573603877309,-0.0028514720775461,0,0.0,7.142857142857142,,,-0.0020460575180953,,0.1570647298734795,,,,0,,
2024-10-04,87.43616144955355,87.43616144955355,86.58014678955078,86.58014678955078,80192.0,-0.0067983206589234,,,,,,,,,0,0,-0.0725403862486615,-0.0167892549117692,0,0.0,13.775510204081632,,,-0.0088304684219242,,0.1545921059055696,,,,0,,
2024-10-07,86.3355692672948,86.4296357883662,86.14743622515202,86.26972198486328,3715.0,-0.0035854040007814,,,,,,,,,0,0,-0.1421402868127899,-0.0418594612919733,0,0.0,19.934402332361515,,,-0.0123842116258968,,0.155443111525545,,,,0,,
2024-10-08,86.10981215082435,86.49548705804045,86.10981215082435,86.25091552734375,2285.0,-0.0002179960371592,,,,,,,,,0,0,-0.1965505213382385,-0.0727976733012264,0,0.0,24.81473906728854,,,-0.0125995079539983,,0.1539531959449573,,,,0,,
2024-10-09,86.21328703511317,86.2885431257757,85.9875259399414,85.9875259399414,7677.0,-0.0030537599026277,-0.0156147919844434,,,,,,,,0,0,-0.2579508656585005,-0.1098283117726812,0,0.0,29.434591861843472,,,-0.0156147919844434,,0.1524272934751467,,,,0,,
2024-10-10,86.09098848080882,86.09098848080882,85.81819772936964,86.0533676147461,15086.0,0.0007657119342017,-0.0128412529067706,,,,,,,,0,0,-0.2978646101909987,-0.1474355714563447,0,2.400198778082938,33.82611506305976,,,-0.0148610364828143,,0.1528114372539734,,,,0,,
2024-10-11,86.1850696896169,86.1850696896169,85.6865034606313,86.0157470703125,13289.0,-0.0004371768993634,-0.0065188122238942,,,,,,,,0,0,-0.3287426630394776,-0.1836969897729713,0,2.3652657650153515,37.97007149685538,,,-0.0152917164803269,,0.1518354024174383,,,,0,,
2024-10-14,85.69590929140779,86.1568402814177,85.53599548339844,85.53599548339844,3179.0,-0.0055774855564748,-0.0085050291641554,,,,,,,,0,0,-0.3874592964148746,-0.224449451101352,0,1.9712553149988563,41.882967320976334,,,-0.020783912708999,,0.1497637149117632,,,,0,,
2024-10-15,85.90286091531557,86.10040277039751,85.79938558501324,85.94989776611328,2738.0,0.0048389251843707,-0.0034900239538331,,,,,,,,0,0,-0.3960290202797267,-0.2587653649370269,0,15.109909347701802,45.5163705862315,,,-0.0160455593232655,,0.1516668099108149,,,,0,,
2024-10-16,85.71472474494576,86.5237097468644,85.71472474494576,86.34497833251953,11868.0,0.0045966380027739,0.0041570261345558,,,,,,,,0,0,-0.3667136417108878,-0.2803550202917991,0,25.389377151996968,45.22002376736201,,,-0.0115226769482527,,0.1517045929187815,,,,0,,
2024-10-17,85.90285694165144,86.53311052301822,85.80879042122311,85.96870422363281,51000.0,-0.0043577995634866,-0.0009838475060303,,,,,,,,0,0,-0.3695828479090579,-0.2982005858152509,0,22.584421751449497,44.88087418845088,,,-0.0158302629951641,,0.1510305217540117,,,,0,,
2024-10-18,85.63947190323907,86.11922051019292,85.63947190323907,85.9875259399414,3216.0,0.0002189368384526,-0.0003280926031837,,,,,,,,0,0,-0.3661175836817705,-0.3117839853885548,0,23.042421120922256,45.03126032630553,,,-0.0156147919844434,,0.1504847559399419,,,,0,,
2024-10-21,85.95929600474024,85.95929600474024,85.35726165771484,85.35726165771484,9307.0,-0.0073297175995826,-0.0020895743911495,,,,,,,,0,0,-0.4095078455196841,-0.3313287574147807,0,18.99080686046463,45.79259786968719,,,-0.0228300575684039,,0.1496274622313246,,,,0,,
2024-10-22,85.36666451580132,85.40429255697099,85.16912268227182,85.19734191894531,3737.0,-0.0018735340809176,-0.0087557503467405,,,,,,,,0,0,-0.4515934389923188,-0.3553816937302884,0,18.12019054623244,46.83327920978176,,,-0.0246608187583978,,0.1494265076507217,,,,0,,
2024-10-23,85.18794604635006,85.18794604635006,84.82108156027293,84.90574645996094,5235.0,-0.0034225886913442,-0.0166683911485393,,,,,,,,0,0,-0.5026812945494896,-0.3848416138941286,0,16.623698522637767,48.29112820216991,,,-0.0279990036103403,,0.1502883371205332,,,,0,,
2024-10-24,85.2537911542579,85.34786485746493,85.11269495307921,85.25849914550781,26781.0,0.0041546385286563,-0.0082612048714555,,,,,,,,0,0,-0.508839015075722,-0.4096410941304473,0,24.723010773821105,48.69985555105123,,,-0.0239606908208476,,0.1505870454684128,,,,0,,
2024-10-25,85.73353478814165,85.73353478814165,85.22556696296027,85.31963348388672,1903.0,0.0007170468515351,-0.0077673179772748,,,,,,,,0,0,-0.5029878914569395,-0.4283104535957457,0,26.06350196374798,47.204443833544346,,,-0.023260824907226,,0.1507470915003288,,,,0,,
2024-10-28,84.7552244465327,85.17853454226508,84.72240487025167,84.9151382446289,2026.0,-0.0047409397197446,-0.005179681312398,,,,,,,,0,0,-0.5249390485459031,-0.4476361725857772,0,23.128777796350548,46.81269115341334,,,-0.027891486458254,,0.1495700042637541,,,,0,,
2024-10-29,84.96219129954318,84.96219129954318,84.59532678601379,84.72232055664062,2367.0,-0.0022707104054026,-0.0055755420486781,,,,,85.85723724365235,,,0,0,-0.5515365051525833,-0.4684162390991385,0,21.86491355967885,46.656746921111306,,,-0.0300988633751336,,0.1489892788380109,,,,0,,
2024-10-30,85.0656592946625,85.1879450630046,84.73642285926759,84.94807434082031,3565.0,0.0026646317369076,0.0004985278691276,,,,,85.73706588745117,,,0,0,-0.5480808031275188,-0.4843491519048146,0,26.901421509656785,45.61126544467371,,,-0.0275144340248203,,0.1498395601887489,,,,0,,
2024-10-31,84.99980874984531,84.99980874984531,84.6611635216136,84.84929656982422,8782.0,-0.0011628017675808,-0.0047995517137268,-0.028645241959883,,,,85.62089195251465,,,0,0,-0.5470071174252098,-0.4968807450088936,0,26.108422003472256,44.787834193016415,0.0562469002297763,,-0.028645241959883,,0.1526579115121213,,,,0,,
2024-11-01,84.90574392936684,85.19735231298912,84.68938446044922,84.68938446044922,13095.0,-0.0018846604019092,-0.0073869166767638,-0.0284881466771574,,,,85.52635383605957,,,0,0,-0.5526887328800854,-0.508042342583132,0,24.832218249425978,43.26647139078799,0.0562254864452541,,-0.0304759158085674,,0.1517298399169458,-0.033966186812476,,,0,,
2024-11-04,84.93395885379354,85.11269026786913,84.90573961511119,84.93865966796875,2855.0,0.0029434055886419,0.0002769991761901,-0.0189591630697043,,,,85.45980072021484,,,0,0,-0.5309564921622183,-0.5126251724989492,0,30.53258684286732,41.85377736014731,0.0544734258198194,,-0.0276222132008353,,0.1525049034638432,-0.0135013520224722,,,0,,
2024-11-05,85.0656604037255,85.07506920966402,84.87752734585159,84.94337463378906,2054.0,5.551024514338643e-05,0.0026091598494477,-0.0153744247756697,,,,85.39442367553711,,,0,0,-0.5075028989740815,-0.5116007177939756,1,30.639730415284102,40.61258924517983,0.053670676025388,,-0.0275682362715182,,0.1506912549925445,-0.0305697466189716,,,0,,
2024-11-06,84.73642187580359,84.73642187580359,83.8051438848745,83.92743682861328,1615.0,-0.0119601771127616,-0.0120148398904503,-0.0269385975154532,,,,85.2914192199707,,,0,0,-0.5643875394934241,-0.5221580821338654,0,22.56410228999285,41.32599146678367,0.066203985151411,,-0.0391986923957861,,0.1452765682553125,-0.0563588669685489,,,0,,
2024-11-07,84.16260761480162,84.65175786443059,83.94624814217863,84.45421600341797,6517.0,0.0062766026785783,-0.0046562621303658,-0.0178317717571545,,,,85.21146163940429,,,0,0,-0.5605012406054186,-0.529826713828176,0,32.498687693565884,41.98843638684437,0.0708041059230732,,-0.0331681243348959,,0.1450667201000592,-0.0482890774170158,,,0,,
2024-11-08,84.7552354741763,84.78345471553372,84.56710241391602,84.59532165527344,1494.0,0.0016707946451099,-0.0011106799957875,-0.0169435084283999,,,,85.14044036865235,,,0,0,-0.539812649697808,-0.5318239010021024,0,34.90769199775727,42.09849232166695,0.0711325017187397,,-0.031552746814313,,0.1446823805658481,-0.0531966509457977,,,0,,
2024-11-11,84.08735309663095,84.52947367914533,83.7298974143166,84.25667572021484,6090.0,-0.0040031284051212,-0.0080291347946839,-0.0204505734125604,,,,85.07647438049317,,,0,0,-0.5444664191657722,-0.5343524046348365,0,31.959775231963743,43.1818600395656,0.0719685807476741,,-0.0354295655224023,,0.1439660202527949,-0.0518283749333261,,,0,,
2024-11-12,84.36015023629271,84.36015023629271,83.88040161132812,83.88040161132812,2913.0,-0.0044658076724529,-0.0125139014907715,-0.0193555223472162,,,,84.9729995727539,,,0,0,-0.5719239575585249,-0.5418667152195742,0,29.026628258533748,44.18784434904291,0.0711711534304004,,-0.0397371515693136,,0.1437697071862963,-0.0400230972435373,,,0,,
2024-11-13,84.02150271399121,84.1343868511618,83.66404704484148,83.73929595947266,1609.0,-0.0016822243234992,-0.002241708745673,-0.025719656033287,,,,84.84271545410157,,,0,0,-0.5981749133412109,-0.5531283548439015,0,27.98922930467297,45.32938831371342,0.068037792423266,,-0.0413525290898966,,0.1434581438399407,-0.0541230218773713,,,0,,
2024-11-14,83.76752237637722,83.76752237637722,83.38676358602507,83.73929595947266,6360.0,0.0,-0.0084651788599443,-0.0301775786312927,,,,84.73124504089355,,,0,0,-0.6119250933607958,-0.5648877025472805,0,27.98922930467297,46.63333793625648,0.0648661480228549,,-0.0413525290898966,,0.1443865900609345,-0.0482385056183815,,,0,,
2024-11-15,83.8709980330434,84.01209423403375,83.47579948758386,83.70167541503906,27991.0,-0.0004492579499569,-0.0105637785015582,-0.0263703964025846,,,,84.61695251464843,,,0,0,-0.6187255901587463,-0.5756552800695737,0,27.68330276750099,46.964154052986096,0.0640667224116098,,-0.041783209087409,,0.1461942767996975,-0.0320216397198909,,,0,,
2024-11-18,83.63582585287435,83.68285552631927,83.34421029952661,83.5605697631836,8454.0,-0.0016858163370779,-0.0082617306116224,-0.0282245145470627,,,,84.52711791992188,,,0,0,-0.6282589021551956,-0.5861760044866982,0,26.512765467662877,47.41689602335345,0.0638506173645742,,-0.0433985866079918,,0.1453522608724641,-0.0341064118781985,,,0,,
2024-11-19,84.05912278308935,84.10615962998426,83.92742822396181,83.96975708007812,716.0,0.0048968947681209,0.0010652723047754,-0.016255261130572,,,,84.46573867797852,,,0,0,-0.595926652347103,-0.5881261340587791,0,35.08466540280557,46.4518139222747,0.0634808316940541,,-0.0387142101515756,,0.1455320237825491,-0.0273709009542907,,,0,,
2024-11-20,83.8615986379816,83.8615986379816,83.52295336397152,83.69227600097656,474.0,-0.0033045359275832,-0.0005615041057767,-0.0176656440690442,,,,84.40506515502929,,,0,0,-0.5859391734531698,-0.5876887419376573,1,32.330596509078404,46.09952421159976,0.0639851115403423,,-0.041890813580805,,0.1450019626666125,-0.0296101746180896,,,0,,
2024-11-21,84.09675978938957,84.09675978938957,83.47590779291099,83.69696807861328,1171.0,5.6063448873766575e-05,-0.0005054721367595,-0.01423670872404,,,,84.32698860168458,,,0,0,-0.5710625593122245,-0.5843635054125708,1,32.42718957279433,45.09233271779892,0.0633479798660655,,-0.0418370986754166,,0.144235812933365,-0.04027274706163,,,0,,
2024-11-22,83.55116259147957,83.7769236881505,83.42887682595278,83.51353454589844,979.0,-0.0021916389198537,-0.0022477551161039,-0.0204667524891718,,,,84.23668365478515,,,0,0,-0.5675321313635209,-0.5809972306027609,1,30.588893000858192,44.226458818767405,0.0610236653269425,,-0.0439370457815195,,0.1434750118829752,-0.0472287211912221,,,0,,
2024-11-25,83.81454189704692,84.35072892422207,83.73928581471691,84.17200469970703,6036.0,0.0078845920890429,0.0073172662447884,-0.0134509342963413,,,,84.19952697753907,,,0,0,-0.5057709902866208,-0.5659519825395328,1,43.06614403822777,41.92166234385874,0.0681644100646046,,-0.0363988793760616,,0.1441173874918056,-0.0439789845531359,,,0,,
2024-11-26,84.23786424883957,84.3413395829133,84.1249801089002,84.14849853515625,11060.0,-0.0002792634514842,0.0021286408499152,-0.0090283043202976,,,,84.17083587646485,,,0,0,-0.4534939955576504,-0.5434603851431564,1,42.77057063808688,39.781494188586414,0.0665110119006791,,-0.036667977950861,,0.1433287358683049,-0.0417280752659691,,,0,,
2024-11-27,84.61412315770299,84.95276837187308,84.53887424763278,84.86811065673828,10123.0,0.0085516929488811,0.0140495002877922,0.0017207991842029,,,,84.16683769226074,,,0,0,-0.3499632578454026,-0.5047609596836057,1,53.33055701665564,37.3922084007958,0.0729753547852845,,-0.028429858290472,,0.1449937736726353,-0.0268174005306764,,,0,,
2024-11-28,84.34134100044412,85.12209965682808,84.34134100044412,84.36956024169922,2482.0,-0.0058744139722342,0.0080360397577867,-0.0068102085139686,,,,84.14285087585449,,,0,0,-0.3046316502068009,-0.4647350977882447,1,46.87700135092452,34.76510070776019,0.0751450959342171,,-0.034137263505936,,0.1441420202226858,-0.0380242704856184,,,0,,
2024-11-29,85.5736285823931,85.5742744958466,84.99040461796383,85.16913604736328,1127.0,0.0094770649908979,0.0198243495556391,0.0037695006378262,,,,84.16683845520019,,,0,0,-0.2018600226853095,-0.4121600827676577,1,56.06058973412825,33.15669034808054,0.0823277770039109,,-0.0249837195798953,,0.144609756780018,-0.0527201941411616,,,0,,
2024-12-02,85.16913213775291,85.28201627379433,84.84929734071014,85.07506561279297,22441.0,-0.0011045131949911,0.0107287561500728,0.0045540672517683,,,,84.17365875244141,,,0,0,-0.1265447363856537,-0.3550370134912569,1,54.85900082553468,31.359679396397134,0.0821239317473157,,-0.0260606379269505,,0.1441915956589519,-0.0496820154962281,,,0,,
2024-12-03,85.0938725903506,85.47014585172109,85.00921487437039,85.244384765625,57467.0,0.001990232409607,0.0130232416447799,0.0035993633388065,,,,84.1887092590332,,,0,0,-0.0525879872197094,-0.2945472082369474,1,56.65964672265368,30.0297668533644,0.0817927011613513,,-0.0241222722435606,,0.1444116141082579,-0.0530690434980282,,,0,,
2024-12-04,85.13149868443197,85.42310704632811,84.78344466969291,85.32904052734375,57038.0,0.0009930948760028,0.0054311315173465,0.0045402704474291,,,,84.25878944396973,,,0,0,0.0127077942550357,-0.2330962077385507,1,57.5709348852175,28.291881618770777,0.08183865158821,,-0.0231531330725205,,0.1436629204153842,-0.0466406267404705,,,0,,
2024-12-05,85.36667157018631,85.39489080919175,85.15031210978532,85.3525619506836,14305.0,0.00027565554698,0.011651141788203,0.0169804437728813,,,,84.303706741333,,,0,0,0.0655969924944912,-0.1733575676919423,1,57.83620889066405,26.678131043790984,0.0688178174524413,,-0.0228838598151019,,0.1439394052461305,-0.009204257955984,,,0,,
2024-12-06,85.61126097375369,85.69591870135491,85.31024375869956,85.52659606933594,4552.0,0.0020390028685126,0.0041970605616319,0.0126977682899165,,,,84.35027046203614,,,0,0,0.1201699180447519,-0.1146520705446035,1,59.83704876363777,25.772902191535167,0.0660887768792923,,-0.020891517202395,,0.1439599978631008,-0.0076290567277942,,,0,,
2024-12-09,85.54540174628877,85.57362098488517,85.27260381183126,85.31963348388672,31211.0,-0.0024198622996925,0.0028747303258849,0.0085620790185638,,,,84.40341835021972,,,0,0,0.1450471900150205,-0.0627122184326787,1,56.408879329470494,24.83688689005652,0.066776496114717,,-0.023260824907226,,0.1443550226754419,-0.0022625967939285,,,0,,
2024-12-10,85.08447474657979,85.27261498991079,84.92456092236077,85.03744506835938,12844.0,-0.0033074264856123,-0.0024276050303441,0.0092665577115476,,,,84.46127052307129,85.03705993652343,,0,0,0.1403742139380881,-0.0220949319585253,1,52.03172034006379,23.126602731533687,0.0662379084878609,,-0.026491317924463,,0.1443262846276033,0.0025024264349036,,,0,,
2024-12-11,85.12209850374552,85.14091611553815,84.774051630559,84.83049011230469,2718.0,-0.0024336920739836,-0.0058426816000503,0.0113267042446807,,,,84.5158302307129,84.98663970947266,,0,0,0.1186041169396787,0.0060448778211154,1,49.027016651785054,21.74542135915245,0.0646946858489448,,-0.0288605382879845,,0.1428705538970198,-0.0062541220043759,,,0,,
2024-12-12,85.19734273304866,85.19734273304866,84.58589961762515,84.6611557006836,4270.0,-0.0019961503393051,-0.008100591642457,0.0110086875062467,,,,84.56192321777344,84.93640731811523,,0,0,0.0866880010772632,0.022173502472345,1,46.6530865788836,20.86706140716842,0.0648397977351355,,-0.0307990786539935,,0.1433238511754648,-0.0009361104283193,,,0,,
2024-12-13,84.5576784504041,84.5576784504041,84.23785086992932,84.17670440673828,3602.0,-0.0057222381378547,-0.0157832969466399,0.0052234550368959,,,,84.5856746673584,84.88833847045899,,0,0,0.0220489124819778,0.0221485844742715,0,40.59670995242715,20.72976319116172,0.0683627778271467,,-0.0363450771293636,,0.1425320240771081,-0.0128444475559938,,,0,,
2024-12-16,84.05912878589689,84.22845139926893,83.96186140239199,84.01679992675781,54279.0,-0.0018996286574467,-0.0152700322766266,0.0037648530947103,,,,84.60848617553711,84.84328002929688,,0,0,-0.041601430689198,0.0093985814415776,0,38.805994800657,21.07816210044943,0.0687351650956297,,-0.0381756636367384,,0.1416564058577427,-0.0310400040363564,,,0,,
2024-12-17,84.19082805160866,84.33193143342709,83.68286018315197,84.14379119873047,3726.0,0.0015114985584234,-0.010508945428811,0.0069796249259641,,,,84.61718788146973,84.8011375427246,,0,0,-0.0808654849173393,-0.0086542318302057,0,41.03063630919312,21.83812399987584,0.0685290457051248,,-0.0367218675388686,,0.1424574488762895,-0.0199158374200631,,,0,,
2024-12-18,84.14378650417505,84.14378650417505,83.99300160581762,84.01679992675781,1187.0,-0.0015092173785316,-0.0095919543134744,0.0005602355933318,,,,84.63341407775879,84.76172302246094,,0,0,-0.1208367344566738,-0.0310907323554993,0,39.48479219315659,22.54380290648608,0.0667313283492315,,-0.0381756636367384,,0.146611982118111,0.0074207607885365,,,0,,
2024-12-19,83.19370590213184,83.5323511313879,82.56344511740677,82.94912719726562,7905.0,-0.0127078480782765,-0.0202221253566485,-0.0088795387008266,,,,84.59602203369141,84.69963821411133,,0,0,-0.2359466578506044,-0.0720619174545204,0,29.44166828889439,24.79881266193379,0.0794071810659177,,-0.0503983811812318,,0.1447933354762282,-0.0014387887346325,,,0,,
2024-12-20,82.7139580592756,83.47590624370766,82.71272364695058,83.43827819824219,1817.0,0.0058969999746143,-0.0087723345039507,-0.0030907915341463,,,,84.59225921630859,84.64808883666993,,0,0,-0.284423051795315,-0.1145341443226793,0,37.30909946254614,26.89275029199238,0.0823644279439729,,-0.0447985804591637,,0.1439185747073338,-0.0021994414534042,,,0,,
2024-12-23,83.18429899209944,83.39124965656218,82.97734832763672,82.97734832763672,6257.0,-0.0055242016081676,-0.0123719494199641,-0.0064203511583745,,,,84.53252639770508,84.5969158935547,,0,0,-0.3559311785889321,-0.1628135511759298,0,33.51663398919764,28.83712094847536,0.0842016874239409,,-0.0500753056771152,,0.1422715689891085,-0.0083878222282238,,,0,,
2024-12-24,83.48531881588053,83.48531881588053,82.67633374391374,82.88798522949219,596.0,-0.0010769577474527,-0.0149245232636633,-0.0152547093869954,,,,84.46950073242188,84.53567764282226,,0,0,-0.4150285486799276,-0.2132565506767294,0,32.820080365131304,30.9028798432745,0.0787833863373257,,-0.0510983344361629,,0.1405560725928664,-0.0247112091116812,,,0,,
2024-12-27,84.14378514497854,84.14378514497854,82.81743067566894,83.03378295898438,3191.0,0.0017589730174827,-0.0117002429113033,-0.0132470049445524,,,,84.37778434753417,84.46945373535156,,0,0,-0.4449696488352685,-0.2595991703084372,0,35.186737103947394,31.045295570061494,0.0792421167952928,,-0.0494292420101917,,0.1422917771872191,-0.0072348275089688,,,0,,
2024-12-30,83.39124807690223,83.54175308114128,82.97734675581721,83.17488861083984,33311.0,0.001699376408337,0.002721685220838,-0.0199512164556947,,,,84.31805076599122,84.4135774230957,,0,0,-0.452100605232502,-0.2980994572932502,0,37.48223840980597,31.177538744935138,0.0725155269625899,,-0.0478138644896087,,0.144178908453718,-0.005620001454387,,,0,,
2024-12-31,83.72048016746608,83.72048016746608,82.96793365478516,82.96793365478516,463.0,-0.0024881903602298,-0.0056370355862274,-0.0166129417161678,,,,84.2079906463623,84.35318557739258,,0,0,-0.4690446204969873,-0.3322884899339977,0,35.496529182925585,30.85167970301435,0.0705395036525016,,-0.0501830848531303,,0.1443452870804302,0.0014101846042562,,,0,,
2025-01-02,83.24073151638548,83.58878553415114,82.81742858886719,82.81742858886719,1731.0,-0.0018140148764484,-0.0019272698151077,-0.0276122028194378,-0.0519060668671091,,,84.09510879516601,84.30238891601563,,0,0,-0.488980710415646,-0.3636269340303274,0,34.082427543555,30.764534340892308,0.0598741226641872,-3.1442597295507517,-0.0519060668671091,,0.1444383372398271,-0.0011853940149534,,,0,,
2025-01-03,82.99616013102886,83.07140904090005,82.80801991431231,82.85505676269531,1042.0,0.0004543509074028,-0.0003972646542885,-0.0260947062938712,-0.0495305844348502,,,83.97564239501953,84.25554321289063,,0,0,-0.4960260466514938,-0.3901067565545607,0,34.78196209665033,30.697483041678883,0.0601893604249693,-2.9950046683588765,-0.0514752995282871,,0.1427194732941624,-0.0102094879945114,-0.0913334049654094,,0,,
2025-01-06,82.65751297120806,83.09022469424282,82.5916656911118,82.93971252441406,2090.0,0.001021733193198,-0.001132917605558,-0.0270360592964277,-0.0420469865220426,,,83.85617599487304,84.21622253417969,,0,0,-0.4891400123213572,-0.40991340770792,0,36.41681362442319,30.955827736052893,0.0596229666484486,-2.5680406064297023,-0.0505061603572468,,0.142047015399668,-0.0163740203528042,-0.0811496190728174,,0,,
2025-01-07,82.90208734834759,83.13725723922471,82.69514387290077,82.46937561035156,1577.0,-0.0056708288435898,-0.0084822836828702,-0.0335133841810374,-0.044051914009628,,,83.71201667785644,84.16044006347656,,0,0,-0.5156904798532054,-0.431068822136977,0,31.667207618870435,31.054178905052638,0.0608532756599268,-2.673950546125264,-0.0558905774099039,,0.1428563687825897,-0.0056141948838461,-0.0809733066935344,,0,,
2025-01-08,82.84565432238661,82.84565432238661,82.06488851086424,82.21540069580078,1815.0,-0.0030796269848186,-0.0090701663381846,-0.0367553261810167,-0.0467880811104388,,,83.54645690917968,84.09835540771485,,0,0,-0.550875420762793,-0.4550301418621403,0,29.43475376982056,31.99392706809981,0.0606495241515745,-2.8390907113305177,-0.0587980822643339,,0.1422086362090679,-0.0120242892076918,-0.0762865601055041,,0,,
2025-01-09,82.1213340990023,82.53522825359494,81.8673465813412,82.32827758789062,1240.0,0.0013729409713332,-0.0059063775501273,-0.0373956012332403,-0.0425555720094401,,,83.39688911437989,84.04661819458008,,0,0,-0.5631597628954808,-0.4766560660688084,0,31.738052654716213,33.08945217373743,0.0601637511703893,-2.57496739271502,-0.0575058675891771,,0.1424038802721967,-0.0108093749236078,-0.0657586510553919,,0,,
2025-01-10,81.84853311429131,82.43174986677877,81.6980209350586,81.6980209350586,59777.0,-0.0076554091898641,-0.0139645770921451,-0.0424475868091028,-0.0506121584826991,,,83.22991790771485,83.98613220214844,,0,0,-0.6166433563832499,-0.5046535241316967,0,26.530817935400776,34.2914389184689,0.0634787243313008,-3.0181134183955054,-0.0647210458318281,,0.1435046844798656,-0.0058906034567854,-0.0609035091963697,,0,,
2025-01-13,81.52869989180108,81.74505935941053,81.35937727531154,81.50048065185547,21859.0,-0.0024179322943471,-0.0173527472998528,-0.0415930230930695,-0.0524934860446667,,,83.06341743469238,83.91718032836914,,0,0,-0.6672773812074126,-0.5371782955468399,0,25.13864963778174,35.749692123772434,0.0633323371053834,-3.131294391153591,-0.0669824870193346,,0.1429360666694783,-0.0096324655048948,-0.0586117309024757,,0,,
2025-01-14,81.97081534245575,81.99903458064105,81.58852073928828,81.71683502197266,61558.0,0.0026546391921464,-0.00912509137858,-0.0367044335852586,-0.0446497458741452,,,82.91620140075683,83.8545310974121,,0,0,-0.6820845747645166,-0.5661595513903752,0,29.50192897697815,36.31142276155243,0.0653282312182717,-2.6609986952539013,-0.0645056621624171,,0.1431186028291942,0.0017361795374097,-0.0443706413565136,,0,,
2025-01-15,81.47225343787153,81.99903167014054,81.47225343787153,82.300048828125,1043.0,0.0071370092343336,0.0010295897314593,-0.0278889043389178,-0.0424648432732316,,,82.82236862182617,83.80674438476562,,0,0,-0.6393884304821142,-0.580805327208723,0,39.70404677974145,36.97054445706034,0.0722283978018591,-2.4917547043254125,-0.0578290304346034,,0.1415649622088604,-0.0122721302293999,-0.0666055263369403,,0,,
2025-01-16,82.24047390483392,82.67970000386087,82.24047390483392,82.66060638427734,1809.0,0.0043810126638603,0.004036630014905,-0.0180108978267338,-0.0426703673959295,,,82.75455894470215,83.7611833190918,,0,0,-0.5698881314169881,-0.5786218880503761,1,45.002927696289305,35.74118003144923,0.072973530193917,-2.506716579786345,-0.0537013674854157,,0.1424591307825477,-0.000511416960731,-0.0609438511936387,,0,,
2025-01-17,82.68924262466298,83.26214586109725,82.50782775878906,82.50782775878906,60682.0,-0.0018482640301238,0.0099121963355046,-0.0179603623237758,-0.0402573994350418,,,82.67276077270508,83.7124723815918,,0,0,-0.5211293472149947,-0.5671233798832997,1,43.267792140294105,33.399248591618424,0.0729644819982192,-2.3730349822253465,-0.0554503772096477,,0.140782387249805,-0.0061699900025377,-0.0678547248939397,,0,,
2025-01-20,82.64151095490598,83.04254252112301,82.25957300785436,82.8993148803711,3672.0,0.0047448482430847,0.0171635089428614,-0.0147898769550349,-0.0359146402436011,,,82.61688652038575,83.69190994262695,,0,0,-0.4457594826887572,-0.5428506004443913,1,48.72349401780261,31.644069693963463,0.0751125519892725,-2.0826286310634465,-0.0509686325914445,,0.1414503783126045,-0.0070692727662101,-0.0600351681531315,,0,,
2025-01-21,83.01390150991533,83.13802825121685,82.84202979164976,83.11893463134766,7292.0,0.0026492348132609,0.0171580263601496,-0.0106867352266794,-0.0262230416357889,,,82.62537689208985,83.66520431518555,,0,0,-0.3641096145895659,-0.5071024032734263,1,51.5389721867775,29.82418124702582,0.0759240487374677,-1.5291695644257068,-0.0484544256540292,,0.1405387061759727,-0.0414241445644308,-0.0607425663699399,,0,,
2025-01-22,83.03299138772533,83.30034576300939,82.96615279390431,82.9709243774414,2481.0,-0.0017807044154585,0.0081515814251516,0.0002627776917283,-0.0261324765697744,,,82.60200920104981,83.63271636962891,,0,0,-0.3077966086743089,-0.4672412443536028,1,49.56380670741287,27.80936481257726,0.0619342236782571,-1.5238853868234543,-0.050148847059777,,0.1395042017643223,-0.0365288477850849,-0.0664025817266128,,0,,
2025-01-23,82.81337757794822,83.04253741815315,82.76563260567804,82.96614837646484,73309.0,-5.756234503107027e-05,0.0036963434645891,-0.0056584319807703,-0.0228441320448287,,,82.60144920349121,83.6069058227539,,0,0,-0.2605500701157552,-0.4259030095060333,1,49.49788754437644,26.31744258841888,0.0581327871591843,-1.3312847508131298,-0.0502035227195708,,0.1387389254214065,-0.0359901374541848,-0.0768483564354289,,0,,
2025-01-24,83.27170820395503,83.27170820395503,82.96615928189912,83.13803100585938,633.0,0.002071720005786,0.0076381025193477,0.0019364643660122,-0.0248710470029446,,,82.61395149230957,83.59205841064453,,0,0,-0.2068528849103188,-0.3820929845868904,1,51.97348684890893,24.4567090835084,0.0553612112298592,-1.4637612398688045,-0.0482358103561638,,0.1394334112562097,-0.019948874909196,-0.0740676874130094,,0,,
2025-01-27,83.29080215885732,83.79686683582656,83.18576904270971,83.64408874511719,21045.0,0.0060869584368932,0.0089840774416634,0.0091219917281324,-0.0196384427634229,,,82.64446678161622,83.59015426635742,,0,0,-0.1220558644819505,-0.3300855605659025,1,58.43393294119691,23.64436064114762,0.0588950110379599,-1.1243897018464368,-0.0424424612920784,,0.1422949516315964,0.0123714259131786,-0.0560683445671248,,0,,
2025-01-28,83.09982817568547,83.38628344861357,83.08073455709169,83.20963287353516,381.0,-0.0051941013178578,0.0010911862933489,0.0021178116699518,-0.020084821226816,,,82.64620399475098,83.57956100463868,,0,0,-0.0888859508881267,-0.2818456386303473,1,51.970428771193085,22.664834499734628,0.0617858676814232,-1.1487554231714627,-0.0474161121658059,,0.140349904829576,-0.0136471157787856,-0.061644040725701,,0,,
2025-01-29,83.45312590705909,83.50086359818515,83.3003478117904,83.33377075195312,1062.0,0.0014918690797089,0.0043731750276891,0.0019102176602443,-0.0163894212949371,,,82.66449584960938,83.57220291137695,,0,0,-0.0519824447981989,-0.2358729998639177,1,53.55138207611485,21.95931367805704,0.0617226729303189,-0.929741626173769,-0.0459949817177171,,0.1411922652139382,-0.0207148415244005,-0.0523327160509985,,0,,
2025-01-30,83.46267620757256,83.76822511269418,83.3893395166382,83.55815887451172,43078.0,0.0026926433369551,0.0071355668502361,0.0071138956187866,-0.0163619420109761,,,82.7015323638916,83.57215469360352,,0,0,-0.0045771417054396,-0.1896138282322221,1,56.34837264322487,21.764008526397557,0.0615964696322124,-0.9280423272700136,-0.0434261864618175,,0.1408166726325296,-0.0244456505596507,-0.0602169917267071,,0,,
2025-01-31,83.42448259051133,83.5008643539765,83.2430604219528,83.43880462646484,43369.0,-0.0014283972942261,0.0036177621356496,0.0075029622168345,-0.0166234960144737,,,82.73071975708008,83.56153564453125,,0,0,0.0230947898387654,-0.1470721046180246,1,54.46951275194406,21.227711970814983,0.0614404686992711,-0.9433039745185856,-0.0447925539088031,,0.1413678702526648,-0.0212579779429615,-0.07395647659283,,0,,
2025-02-03,82.56512673438901,84.98087400976297,82.38800262774197,83.45790100097656,4028.0,0.0002288668275776,-0.0022259522093424,0.0072758895091684,-0.0145411785351654,,,82.7566291809082,83.55684814453124,,0,0,0.0460352471083638,-0.1084506342727469,1,54.72960358198038,22.642464524484463,0.0614412164970694,-0.8209747800796696,-0.0445739386109378,,0.1423582111959335,-0.0025312740433414,-0.0617652317180469,,0,,
2025-02-04,83.58680494849997,83.59635540088084,83.0902834127449,83.47222137451172,28618.0,0.0001715879906323,0.0031557464191154,0.0064204327925649,-0.0172646742860017,,,82.80677146911621,83.55235321044921,,0,0,0.0646262876203138,-0.0738352498941347,1,54.937490053026,23.956163324320407,0.0613950872234783,-0.9870106405923684,-0.0444099989728662,,0.1414338769373993,-0.0043164473434623,-0.0725945610599245,,0,,
2025-02-05,84.20745282518702,84.32202911376953,83.4149328331415,84.32202911376953,5911.0,0.0101807250994916,0.011859038093428,0.0224647451215262,-0.0073148202870241,,,82.91210289001465,83.56852310180665,,0,0,0.1462463665078246,-0.0298189266137429,1,65.1615206202373,25.811215186999465,0.0662929148461404,-0.3763006935394386,-0.034681399864586,,0.1422968248924558,-0.0039168284543578,-0.055706152958272,,0,,
2025-02-06,84.09287031806019,84.15015846307787,83.84460954821563,83.97828674316406,5389.0,-0.0040765429178855,0.0050279694324439,0.0214422849301192,0.0006058795129728,,,82.99460334777832,83.56464874267579,,0,0,0.1811060526932379,0.0123660692476532,1,59.30063587793398,27.533763345201447,0.0671628131758171,0.0690886487608353,-0.0386165625674711,,0.1412258999159255,-0.0069105247004664,-0.0278824616249766,,0,,
2025-02-07,83.89234769288963,84.18834613118726,83.80640819750182,83.88279724121094,2244.0,-0.00113707370865,0.0053211766004288,0.0188819649683642,-0.006766018195988,,,83.10384216308594,83.55933471679687,,0,0,0.1987364898315178,0.0496401533644261,1,57.7467930591396,29.03556916754647,0.0675579488501868,-0.3754584727636269,-0.0397097263981073,,0.1423684793633229,-0.0002485951141651,-0.0185999982275408,,0,,
2025-02-10,83.70138217500752,83.94963563919809,83.61544267981836,83.73002624511719,12456.0,-0.0018212434625236,0.0032606289024383,0.024872148514758,-0.0102286437739705,,,83.21531944274902,83.53657302856445,,0,0,0.1980978469912742,0.0793316920897957,1,55.25237824869411,29.93332107779709,0.0609486327218312,-0.5855221361408364,-0.0414586487810297,,0.1411506092903858,-0.016404169647926,-0.0244105139938236,,0,,
2025-02-11,83.51041080007258,83.83506059745268,83.47221627774196,83.53905487060547,3917.0,-0.0022807991717649,0.0008006675154108,0.0250130330820765,-0.0085170800233363,,,83.30643043518066,83.51996292114258,,0,0,0.1801057767480784,0.0994865090214523,1,52.21599616400475,30.39841509579745,0.0608484697382907,-0.4842510495511949,-0.0436448891009924,,0.1407216578315334,-0.0154923028843763,-0.022535612331053,,0,,
2025-02-12,83.672727215927,83.82550529641136,83.00434132595751,83.15711212158203,1693.0,-0.0045720262171391,-0.0138150967716367,0.0176252188330849,-0.0086228663174212,,,83.34928359985352,83.47972244262695,,0,0,0.1334885704901722,0.1062869213151963,1,46.68961977617983,29.722976604072983,0.0637293702095685,-0.4904571713910145,-0.0480173697409177,,0.1405309903974084,-0.0180801962891851,-0.0225271154283646,,0,,
2025-02-13,84.57029019451394,84.57029019451394,82.67015812490429,83.87325286865234,5111.0,0.0086119001586209,-0.0012507265697495,0.0191154691027317,0.0015996899382162,,,83.40991592407227,83.45568618774413,,0,0,0.1525719178265774,0.1155439206174725,1,56.07645288105939,30.016356783753825,0.0657387192911004,0.1271054313439666,-0.0398189903763851,,0.1402604272669056,-0.0092150975891199,-0.0222902408147901,,0,,
2025-02-14,84.08332034446423,84.33158111572266,83.76822826021174,84.33158111572266,3199.0,0.0054645340605552,0.0053501300537368,0.0202148859600326,0.0070729655589252,,,83.50110359191895,83.43743011474609,,1,0,0.2023463445051447,0.132904405395007,1,60.83005863380756,30.2887812363146,0.066561524055695,0.4411024814139437,-0.0345720485449986,,0.1410338235924571,-0.0100050251764218,-0.0232207607857658,,0,,
2025-02-17,83.64409838420491,84.1597135724777,83.64409838420491,84.00694274902344,9303.0,-0.0038495467819313,0.0033072544739873,0.0181693668462223,0.0036470874981975,,,83.55648498535156,83.41098815917968,,1,0,0.2131403835108614,0.1489516010181779,1,56.191290496484704,30.24972885945096,0.0679721783970845,0.243174268448391,-0.0382885086087088,,0.1404909072907033,-0.0020704291552073,-0.0390122625443708,,0,,
2025-02-18,83.997391548929,83.997391548929,83.77777484139425,83.90190887451172,7441.0,-0.0012502999284894,0.0043435253662886,0.012094116767882,0.0040849303959451,,,83.59563369750977,83.38197509765625,,1,0,0.2107895308219838,0.1613191869789391,1,54.736907095892846,30.21346593807757,0.0668250656569386,0.2683141299511593,-0.0394909364176228,,0.1399045286806808,-0.0109285648463053,-0.0374795146569013,,0,,
2025-02-19,83.75868305492651,83.93055478658638,83.46268457229166,83.66320037841797,47313.0,-0.0028450901689349,0.0060859287188328,0.0065480356489679,-0.0036507989581034,,,83.6302474975586,83.3447071838379,,1,0,0.1875032615816536,0.166556001899482,1,51.4760039319435,29.41513965378529,0.0673905335490831,-0.1773297317307975,-0.0422236713115939,,0.1391787124289035,-0.0096770048912098,-0.0436557617252586,,0,,
2025-02-20,83.86370788735749,84.1119613647461,83.73003069649884,84.1119613647461,4956.0,0.0053638993523834,0.0028460622180419,0.0137522511152703,0.0050146248115492,,,83.68753814697266,83.32055374145507,,1,0,0.202920841438555,0.1738289698072966,1,56.69865418514671,28.9552896083608,0.0691080095880193,0.3212585427253598,-0.0370862554824139,,0.1405098332080247,0.0072086104288193,-0.0309797838317269,,0,,
2025-02-21,84.21699169224327,84.23609259593877,83.99738229376703,84.29338073730469,8390.0,0.0021568795878137,-0.0004529783257063,0.0159972758385436,0.0071258573922441,,,83.74530563354492,83.30567245483398,,1,0,0.2271598543346442,0.1844951467127661,1,58.63686529592108,28.71876524518868,0.0692440641872424,0.4410024404891778,-0.0350093664820387,,0.1432632951840823,0.0326106732406457,-0.0067425539434641,,0,,
2025-02-24,84.24564987423781,84.55119879438195,84.17881127560818,84.38887023925781,4830.0,0.0011328232551344,0.0045463800697451,0.0150453314598018,0.0104813632678699,,,83.78254470825195,83.29684005737305,,1,0,0.2511792138325859,0.1978319601367301,1,59.66036632882201,28.95836573361497,0.0690970559759093,0.6325729883138465,-0.0339162026514027,,0.1440811992955104,0.0333333882993098,0.0042250382458901,,1,,
2025-02-25,84.7612555464987,84.95222816964412,84.49390115895584,84.89971160888672,2185.0,0.0060534211227212,0.011892491455318,0.0150114955235594,0.0086454743685369,,,83.86704864501954,83.3016111755371,,1,0,0.3078862376394653,0.2198428156372771,1,64.69356247640977,29.69491981517463,0.0690643259078125,0.5330973650381733,-0.0280680905862139,,0.1456778738690695,0.0237740144585838,0.0108278841604216,,1,,
2025-02-26,84.44616335443786,85.0190666533903,84.26474118390632,84.923583984375,3735.0,0.0002811832341462,0.0150649700257243,0.0205979890987473,0.00921092429112,,,83.94653930664063,83.31654876708984,,1,0,0.3507104915141212,0.2460163508126459,1,64.913876202954,29.76995330923488,0.0656794159235067,0.565633874577257,-0.0277947996285549,,0.1456452846225871,0.0377298424209207,0.0161624864703386,,1,,
2025-02-27,84.75171666750266,85.10500328969208,84.4843622664314,84.55120086669922,7454.0,-0.0043849199504379,0.0052220813166916,0.0146090846935251,-0.0037341445165528,,,83.99619140625,83.32723678588867,,1,0,0.3505597808433407,0.2669250368187849,1,58.754871077031936,29.9589608376701,0.0682080993027217,-0.1888021851159384,-0.0320578416075831,,0.1473587792114183,0.0436745878971229,0.01631108342709,,1,,
2025-02-28,84.79945350739186,84.9522316120991,84.60848816136881,84.84719848632812,1200.0,0.0035008091735511,0.0065701214517588,0.0154268551291596,0.005661262702574,,,84.06661109924316,83.34130493164062,,1,0,0.3700590651503717,0.2875518424851023,1,61.85311113658636,30.134467828359952,0.0685621716292551,0.3712514825584622,-0.028669260820016,,0.1456024674157439,0.0339859953636543,0.0101320016938981,,1,,
2025-03-03,84.59893416789019,85.11454932240558,84.3602238529216,84.923583984375,29297.0,0.0009002713042927,0.0063363064773964,0.0177948301699328,-0.0028831108824648,,,84.13989524841308,83.35944061279297,,1,0,0.3872125149200229,0.3074839769720864,1,62.63318523557884,29.590137398850217,0.0681080518889277,-0.149032025855465,-0.0277947996285549,,0.1483323184304655,0.0492647174025697,0.0257421195729572,,1,,
2025-03-04,85.24822574721782,85.55377465622767,84.75171150189952,85.39622497558594,4128.0,0.005565485687673,0.0058482338430847,0.0232251704315771,0.0037750116380124,,,84.2360954284668,83.40838256835937,,1,0,0.4339427040393246,0.3327757223855341,1,67.11432643594489,29.77492367853469,0.0699790054360358,0.2641516416643644,-0.0223840055004063,,0.1509445661620838,0.0603151366824397,0.0468333155775899,,1,,
2025-03-05,85.47738576259066,85.60151978779055,84.68487305910058,85.17183685302734,3232.0,-0.0026276117313469,0.0029232500208424,0.0203614501989832,-0.0008510579646638,,,84.2785858154297,83.44305374145507,,1,0,0.4477095523584466,0.3557624883801166,1,63.23704537691936,29.757421578503653,0.0711111740915974,-0.0203947290535314,-0.0249528007563059,,0.1489470928984601,0.0531217564260517,0.0314066068592109,,1,,
2025-03-06,85.1718351542608,85.1718351542608,84.52254282378141,84.80899810791016,10612.0,-0.0042600789007674,0.0030490074483668,0.0057751100069425,-0.0060945536973071,,,84.32012138366699,83.47968673706055,,1,0,0.4244490401506056,0.3694997987342144,1,57.45673128616895,29.280632783152804,0.0648639047319654,-0.3409001985404885,-0.0291065787570563,,0.1509928642154755,0.0611119702044786,0.0510218209326227,,1,,
2025-03-07,85.15274047851562,85.56332249541421,84.81854750775175,85.15274047851562,5784.0,0.0040531356138424,0.003601085217171,0.0139852071398345,-0.0023411303375219,,,84.38361854553223,83.52498184204102,,1,0,0.4288090098349215,0.3813616409543559,1,61.08577613499329,29.466859206142026,0.0640894836487226,-0.1094467164141241,-0.0251714160541711,,0.1507598492858063,0.0675085049948809,0.0473841338166785,,1,,
2025-03-10,85.02862158861079,85.40100911680584,84.99042706201885,85.1050033569336,4488.0,-0.0005606058162517,0.0021362660882513,0.0145704024653363,-0.0049293755600955,,,84.45236740112304,83.56640625,,1,0,0.4235301386655408,0.3897953404965928,1,60.316284495092965,29.639783741774878,0.0639156340722596,-0.2673980645659058,-0.0257179106281796,,0.1547985042158368,0.0873088264207178,0.0752883197667377,,1,,
2025-03-11,85.36280671295589,85.68744923173783,85.13364685941214,85.15274047851562,5060.0,0.0005609202714182,-0.0028512325590496,0.0169916850286595,-0.0019560914476105,,,84.53305168151856,83.60596328735352,,1,0,0.4183758061243878,0.3955114336221518,1,60.84742427726125,30.23112477014457,0.0632625260037741,-0.086740944679788,-0.0251714160541711,,0.1561836532159071,0.106503570909809,0.0819412468041373,,1,,
2025-03-12,84.98087385890851,85.23867779898441,84.61803679531926,85.08590698242188,6134.0,-0.0007848660620689,-0.0010089000517125,0.0185165143921288,0.0005698891120675,,,84.62949142456054,83.64832275390626,,1,0,0.404238248962173,0.397256796690156,1,59.64381764567239,29.337050623259064,0.0625498029577726,0.0670294266649383,-0.025936525926045,,0.1552372928295843,0.1031513927687555,0.0755995917869982,,1,,
2025-03-13,85.00951873029015,85.19094090621948,84.8376470070047,84.99042510986328,3580.0,-0.0011221819916465,0.0021392423681538,0.0220463763291924,0.0018853480316671,,,84.68535003662109,83.69178268432617,,1,0,0.380938324041665,0.3939931021604578,0,57.88225045760793,28.50683891543681,0.0598430622637008,0.147528643678672,-0.0270296024153715,,0.1571581140391467,0.1183164197072714,0.1000035329353123,,1,,
2025-03-14,85.03816641891558,85.2673335829469,84.87584514137264,85.09068298339844,741.0,0.001179637275676,-0.000728778601469,0.0145151174314488,0.0050734871164932,,,84.72330513000489,83.73649520874024,,1,0,0.3663399987131015,0.3884624814709866,0,59.24342465412016,27.88024755514111,0.0531691751961931,0.3425789559527721,-0.0258818502662512,,0.154159197144088,0.0990925961656596,0.0756004383063775,,1,,
2025-03-17,85.07635192771006,85.92616003754038,84.88538659612185,85.50603485107422,11071.0,0.0048812849199579,0.0047121964434768,0.0139266182349875,0.0157921417060078,,,84.79825973510742,83.78782165527343,,1,0,0.3838612318604362,0.3875422315488765,0,64.37949521586322,28.363084651656003,0.0525442126233048,0.9991484828927132,-0.0211269020316986,,0.1537262542393395,0.0899956501467298,0.0785383511860851,,1,,
2025-03-18,85.36281022919572,85.36281022919572,84.98087226764987,85.27687072753906,5053.0,-0.0026800929774639,0.0014577363961028,0.0151169407784499,0.0149978433108584,,,84.86700782775878,83.84397155761718,,1,0,0.374933308011677,0.3850204468414367,0,59.89475554828053,28.81143338413412,0.0514226573334738,0.9491555006331543,-0.0237503729473919,,0.1549894482916371,0.1031991413574793,0.0941224108656548,,1,,
2025-03-19,85.23867280395277,85.42964541954088,85.02861385409645,85.12886810302734,837.0,-0.0017355541221087,0.0005049146460216,0.0146237343699859,0.0117070658483919,,,84.94029121398925,83.90224090576172,,1,0,0.351859274459585,0.3783882123650663,0,57.126934166088034,29.32757697422204,0.0516837061532442,0.7483438622603449,-0.0254447070118302,,0.1530535763255129,0.0939858614215665,0.0743809996093998,,1,,
2025-03-20,85.48693420860657,85.5633232554198,85.25777435302734,85.25777435302734,6540.0,0.001514248372761,0.0031456395566733,0.0190594427107371,0.0147705509773206,,,84.99758186340333,83.96083084106445,,1,0,0.3400546553010173,0.3707215009522566,0,58.9080621501268,30.00800070555133,0.0501016680903627,0.9349976439079112,-0.0239689882452571,,0.1537298684419049,0.1045501554013479,0.0485491446262531,,1,,
2025-03-21,85.21958005414271,85.51557850524824,85.21840719160511,85.21002960205078,4241.0,-0.0005600046604414,0.001402581510312,0.0130548404708217,0.0272564942052782,,,85.04341430664063,84.03107101440429,,1,0,0.3231220572464508,0.3612016122110954,0,57.94781289977169,30.5032440092928,0.0475976204571023,1.8398437903322,-0.0245155701605752,,0.1535931192740792,0.0931129570603412,0.060774784757243,,1,,
2025-03-24,84.86629411458377,85.19094395233607,84.74216736521853,84.76126098632812,4836.0,-0.0052666172963264,-0.0087101906437746,0.0055506167261407,0.0158558256073146,,,85.06203384399414,84.09628662109375,,1,0,0.2703742682600563,0.3430361434208876,0,49.740501230824464,29.475208692293524,0.0513781998159737,1.0879268351824705,-0.0296530733310648,,0.1500961873410995,0.0476946460587652,0.0429243594603976,,1,,
2025-03-25,84.52254346428984,84.94267594156628,84.52254346428984,84.93790435791016,859.0,0.0020840106615511,-0.0039748922156385,0.0065060015271649,0.0236276052415191,,,85.0639434814453,84.1607080078125,,1,0,0.2400576738440918,0.3224404495055284,0,52.587060987761525,27.93806883324434,0.0516845409353643,1.6291968775406358,-0.0276308599904833,,0.150048344950318,0.0414151581468242,0.0546614901098394,,1,,
2025-03-26,84.81855211264569,84.8853907104272,84.34113147567463,84.73261260986328,49085.0,-0.0024169627164548,-0.0046547722528683,-0.0019681927754151,0.0222544603450531,,,85.05439491271973,84.20935928344727,,1,0,0.1971931065931471,0.2973909809230523,0,49.10612042855937,26.05725979279294,0.0480326813104616,1.5322074359932478,-0.0299810399485175,,0.1514942230146175,0.0399260985286999,0.0778205467751966,,1,,
2025-03-27,84.77080535888672,84.85674485986851,84.59893364178376,84.77080535888672,2695.0,0.0004507443810246,-0.005711725386171,-0.0017990129280976,0.0209194660053049,,,85.0653751373291,84.25156326293946,,1,0,0.1644092563147268,0.2707946360013872,0,49.772245198095,24.310794255230924,0.0480527542573555,1.4445652463767331,-0.0295438093527868,,0.1519661137807379,0.0433987902494066,0.0679894283756807,,1,,
2025-03-28,85.22913733572936,85.3055191040039,84.81855528120175,85.3055191040039,2607.0,0.0063077582294213,0.0011206368827598,0.0089214373015698,0.0256162710735075,,,85.08829116821289,84.30751708984376,,1,0,0.1795055213046339,0.2525368130620365,0,58.0505499354688,23.70365818293433,0.0502140888755019,1.7256919919940177,-0.023422406329939,1.8262668393364068,0.1560675853539327,0.0590993369320724,0.082457809035439,,1,,
2025-03-31,85.6110674349686,85.84022728841734,85.3246121545124,85.35325622558594,6227.0,0.0005596017946252,0.0069842665431003,0.0059643423505533,0.0287499334468865,,,85.10977478027344,84.35659591674805,,1,0,0.1930955218496564,0.2406485548195605,0,58.70490827706492,24.07971349218524,0.0489642347071927,1.9395131131633212,-0.0228759117559306,2.0496757680503563,0.1551136864037077,0.0653231992340213,0.0746016689639283,,1,,
2025-04-01,85.48693391053735,85.80203326389791,85.29596857903059,85.70655059814453,1688.0,0.0041392020431516,0.0090495079440089,0.0092196605116616,0.0348854348475353,-0.0188313977334581,,85.12529106140137,84.40834823608398,,1,0,0.229725466277344,0.2384639371111172,0,63.2711778520691,24.34659416456528,0.0507284916838314,2.330142879541446,-0.0188313977334581,2.4870955126553893,0.1553170452139738,0.0470883679120985,0.07531731659361,,1,,
2025-04-02,85.64925637524979,85.94526211356644,85.51557918434312,85.71609497070312,12121.0,0.0001113610627423,0.0116068929134538,0.0037457158698599,0.0345306408539685,-0.0167102664032886,,85.15250396728516,84.46325164794922,,1,0,0.2565675611039779,0.2420846619096893,1,63.38895758181569,24.83111642992537,0.0471821357200847,2.306894843957874,-0.0187221337551801,2.4618011010141494,0.1543575028898633,0.0226105305713004,0.0815447908199151,-0.0172363775482691,1,,
2025-04-03,86.73777487604013,87.36797359212623,86.35584420735097,87.11971282958984,12942.0,0.0163751960395122,0.027708920078779,0.0228699538313792,0.0503980563465946,0.0062319834286095,,85.26803970336914,84.54632293701172,,1,0,0.3866433613368514,0.2709964017951218,1,75.71997416903835,26.901206773477025,0.0722071462633304,2.947155469644768,-0.0026535163261869,3.593040486208088,0.1650173298504072,0.1078922497863217,0.1617092368052166,0.0674369747650998,1,,
2025-04-04,87.40616581869561,88.06500858913117,87.12926099177139,87.65442657470703,7269.0,0.0061376894820937,0.0275352344769082,0.0335510208855005,0.0628724411453485,0.0160508757648101,,85.39312400817872,84.63665084838867,,1,0,0.5268036362142681,0.322157848678951,1,78.6676673736714,29.311855994537986,0.0714852023376012,3.671931998373346,0.0,4.482379736004173,0.1763544724218753,0.1679656077667835,0.2344879960533343,0.1345274209394209,1,,
2025-04-07,86.88100678067204,88.3610136914476,85.8879709666794,86.39404296875,9624.0,-0.014379006916243,0.0121938727259953,0.0145773639610291,0.0508255416574603,0.0016594309814703,,85.45757598876953,84.69164993286132,,1,0,0.5300689355864421,0.3637400660604493,1,60.135371833263385,29.01275911100734,0.0896625536695619,2.740755717336343,-0.014379006916243,3.6235172970326266,0.1741288376006983,0.1550080371239277,0.2244603579820774,0.1310504892860706,1,,
2025-04-08,85.60151466811095,86.49906043853844,85.60151466811095,86.08848571777344,158832.0,-0.0035367861078927,0.0044563118800533,0.0115561050707568,0.0456733486968503,0.0011741212080289,,85.50436325073242,84.74922698974609,,1,0,0.5022116095398843,0.3914343747563363,1,56.651071329211504,28.269428219698398,0.090777488611736,2.456288211314545,-0.017864937552229,3.2562007923460565,0.1762739088826269,0.138731344825185,0.2378448434529285,0.156445836331591,1,,
2025-04-09,84.61803914884008,86.18397830767968,84.61803914884008,85.7542953491211,18697.0,-0.003881940376416,0.00044566167452,0.0070644217346973,0.0496496043311356,-0.0034754277945742,,85.53778266906738,84.79763748168945,,1,0,0.4480037992173038,0.4027482596485298,1,53.03190260575752,26.289426274966235,0.0920740744702693,2.710846963506362,-0.021677527306239,3.5396809206122604,0.1589018652612412,0.0174039471440483,0.1072939244957948,0.039855838782181,1,,
2025-04-10,85.41054482773133,86.62319726535186,85.11454637856336,85.90706634521484,2553.0,0.0017814967223717,-0.0139193122312856,0.0096509444620789,0.0540682172438089,-0.0012634980082055,,85.58361473083497,84.84461563110352,,1,0,0.4126146962402259,0.4047215469668691,1,54.46404696782154,24.89003632151401,0.0921042510828194,2.953480322852084,-0.0199346490277125,4.034895831376641,0.1664799461350668,0.0724223741638192,0.1647161560701873,0.0964501261528356,1,,
2025-04-11,85.70654872844082,86.95738837770188,85.70654872844082,86.3462905883789,1940.0,0.0051127836376003,-0.0149237869374824,0.0159531556262126,0.0566524090802273,0.0094731475374918,,85.64639511108399,84.9027653503418,,1,0,0.4152238606417455,0.4068220097018444,1,58.39220215329813,23.962259095961112,0.0932683138817324,3.0719303610486945,-0.0149237869374824,4.83731646621864,0.164397816307124,0.0460663600619051,0.1486823729220276,0.0977145993205552,1,,
2025-04-14,86.6709355659999,87.31068472898717,86.30809851979228,86.81416320800781,5619.0,0.0054185607330754,0.0048628380478705,0.0202546291107528,0.0548494738965472,0.0100554563106796,,85.71180152893066,84.96989059448242,,1,0,0.4498593538538955,0.4154294785322546,1,62.13893747637608,23.47642989089063,0.0946483856423801,2.9988316030835143,-0.0095860916502952,5.421585783919794,0.163700468510324,0.0618923265234581,0.1563628877942671,0.0793427290162254,1,,
2025-04-15,86.85235928190174,87.02423099840715,86.42268363306852,86.82371520996094,498.0,0.0001100281520911,0.0085403928999032,0.0154103784742412,0.0503638795768071,0.0055444669358508,,85.78914375305176,85.03692047119141,,1,0,0.4726308047730185,0.4268697437804074,1,62.21374814809708,23.025302771896605,0.0936028235532527,2.7751082279446138,-0.0094771182381541,4.978208069081485,0.1641783366316659,0.0679915245710294,0.1524592051756288,0.0822239028686662,1,,
2025-04-16,86.82371592024047,87.69261767728229,86.82371592024047,87.12926483154297,737.0,0.0035191954276909,0.0160338263736425,0.0217221163042242,0.0560121045273986,0.0134998034272002,,85.88916358947753,85.09306518554688,,1,0,0.509459907872639,0.4433877765988537,1,64.62186585898722,23.29170172782063,0.093207200703937,3.074246185856928,-0.0059912746416346,7.293508808169872,0.1685015642917721,0.0871808768214321,0.1968937846804801,0.1156788861937196,1,,
2025-04-17,87.12926143714502,87.5589370727539,87.08151646213942,87.5589370727539,4420.0,0.0049314342550883,0.019228578018263,0.0285457685962131,0.0562082111185953,0.0182748731939335,,86.00422172546386,85.16467819213867,,1,0,0.5667846556641223,0.4680671524119075,1,67.73577126312657,23.53907218689294,0.0935660805998495,3.082848332896532,-0.0010893859635455,7.510088123177723,0.1690912330707284,0.1047845932793283,0.1954102568537334,0.1236436010715413,1,,
2025-04-22,87.0910650394959,87.84539046221336,86.96693830595768,87.62100219726562,1366.0,0.0007088382589677,0.0147627836725887,0.0277186199401928,0.0541641635072167,0.0265207727566103,,86.12477035522461,85.23944229125976,,1,0,0.6101891870211773,0.4964915593337615,1,68.17156481059139,24.05355517344093,0.0935906971292749,2.9784784612716093,-0.0003813199030275,7.236978956671171,0.1689415089969864,0.0989504558174396,0.2020995040714954,0.1290808951621607,1,,
2025-04-23,87.44436161803485,87.74036006826842,87.16745678706842,87.262939453125,8013.0,-0.0040864945065852,0.005169389746255,0.0240923499341774,0.0517291461784716,0.0242448589082138,,86.24985427856446,85.31010055541992,,1,0,0.6086784535145284,0.5189289381699149,1,62.893648663721336,24.5312893752355,0.0952652443190231,2.830532226306434,-0.0044662561479239,6.911631567803811,0.1656837812609186,0.0787187736272494,0.1876615841351068,0.1087977887310169,1,,
2025-04-24,87.58759307861328,87.60668669871295,87.32023140319247,87.58759307861328,501.0,0.0037204067101437,0.0087980325053482,0.0333446206367911,0.0557027750785572,0.0315861614845707,,86.38233871459961,85.39107131958008,,1,0,0.6264566187147693,0.5404344742788858,1,65.50162511250394,24.97489970547331,0.0926884612283762,3.0309887462134792,-0.000762465727122,7.978126783939766,0.1628718963874081,0.0851168125761601,0.1739452060241924,0.0837294463959821,1,,
2025-04-25,87.51119908149039,87.56848722341168,87.18654927926222,87.43003845214844,3216.0,-0.0017988235653814,0.0034520390041967,0.0293406590741509,0.0516250793332664,0.0254700625556933,,86.51721000671387,85.47652984619141,,1,0,0.6206778136269975,0.5564831421485081,1,63.18083244710402,25.09964194766353,0.0933953504898417,2.8112691532811,-0.0025599177511856,7.45363528701174,0.1614126786681947,0.0757378145133125,0.1576327166779128,0.0718895384799402,1,,
2025-04-28,87.46345516325839,87.79764813660377,87.40616702064503,87.66397094726562,942.0,0.0026756535769478,0.0011995791408985,0.034595396590676,0.0480593699143276,0.0274771159655959,,86.66186828613282,85.55234420776367,,1,0,0.6277382900077271,0.5707341717203519,1,65.15493462578678,25.496658381501057,0.0924379235901073,2.648455252223604,0.0,6.938817723697976,0.1617828723459976,0.0679144664835655,0.1369544069620658,0.0732072555154057,1,,
2025-04-29,88.07454760156492,88.08409805303879,87.74990510005345,87.97906494140625,2118.0,0.0035943385947023,0.0040864945065852,0.0378462793757474,0.0573182683682769,0.0360822199682533,,86.79554557800293,85.62529388427734,,1,0,0.6512519928014768,0.586837735936577,1,67.66938938071371,26.19934272686071,0.092570961077085,3.173376472378534,0.0,8.275618618272947,0.1613479652702867,0.0617364704284355,0.1496122171668603,0.0787454748330629,1,,
2025-04-30,88.08409573389812,88.08409573389812,87.76899640729668,87.8644790649414,10004.0,-0.0013024220766741,0.0068934144963055,0.0299975896966013,0.0543682143758279,0.0370877295104317,,86.92110671997071,85.7024446105957,,1,0,0.6531119807104915,0.6000925848913599,1,65.80958468156032,26.851835333266106,0.0916369257284287,3.0108376299863413,-0.0013024220766741,7.849689460958542,0.1610739247214074,0.0320780215579115,0.1408126675873071,0.0811108421870785,1,,
2025-05-01,88.08410144556595,88.34190536640956,87.32977601699791,87.54939270019531,1324.0,-0.0035860494263354,-0.0004361391502525,0.0257299671005526,0.0477659378742134,0.0306224523576397,,87.01324882507325,85.77539428710938,,1,0,0.6219912699960872,0.6044723219123054,1,60.85661070067524,26.42256774280276,0.0932410783217113,2.6415201090191704,-0.0048838009530687,6.896451969750826,0.1593668707476795,0.0274197876575652,0.1317329671860514,0.0635834124641672,1,,
2025-05-02,87.66396822211495,87.74035726646508,87.27248711832591,87.4443588256836,4295.0,-0.0011997099154233,0.0001637923737503,0.020276259112179,0.0480058914692107,0.0305843697092274,,87.09966201782227,85.85101745605469,,1,0,0.5821419565693873,0.6000062488437218,0,59.25561248507034,25.89605224238292,0.0929737711446588,2.655283447994049,-0.0060776517240638,6.9310964992317645,0.1568474163428955,0.0098532078485871,0.1094983327015133,0.0274437452292899,1,,
2025-05-06,87.57804387951838,87.58759433213528,86.75687979112561,87.39662170410156,4647.0,-0.0005459142501941,-0.0030497049161152,0.0196057313853696,0.0471941021267585,0.0319666657267612,,87.11350746154785,85.9167106628418,,1,0,0.5404787986693265,0.5881007588088427,0,58.50231303617047,24.339153748352967,0.0930783119167617,2.610552447758796,-0.006620248097574,6.813890254385907,0.1589948215593772,0.0300427163091816,0.1168644240727778,0.0478810341222797,1,,
2025-05-07,87.39661837927174,87.63532869158696,87.30113571131778,87.42526245117188,3701.0,0.000327710001964,-0.0062947076171269,0.003507238622098,0.0473575641281209,0.0292752769224688,,87.1020492553711,85.97934829711915,,1,0,0.5039621528026004,0.5712730376075943,0,58.84039511640496,22.97817465015791,0.0742458122516629,2.6194281106646007,-0.0062947076171269,6.837490918194579,0.158380867387811,-0.0402167606796955,0.1198227102118723,0.0385296720991064,1,,
2025-05-08,87.37752385783524,87.37752385783524,87.02422997670512,86.9669418334961,6993.0,-0.0052424277013953,-0.0102150179571648,-0.0078431263323022,0.0313668058931311,0.0238225430580207,,87.1306941986084,86.03090972900391,,1,0,0.4330478977613268,0.5436280096383408,0,51.59626470939155,21.498681601000545,0.0731927566058452,1.7994050500572538,-0.011504135768938,4.528743282632299,0.1564603628419995,-0.1128075137912301,0.0995351650344136,0.0382842909480076,1,,
2025-05-09,86.82371256656401,86.88100070870144,86.499062763111,86.78074645996094,14732.0,-0.0021409902384705,-0.0087795724964824,0.0044760434622883,0.0333712418469289,0.0339973403116593,,87.16530723571778,86.06853042602539,,1,0,0.3577000852645255,0.5064424247635778,0,48.95915171703893,21.01678618327461,0.0532205790483822,1.921197455987148,-0.0136204957650253,4.81814399152681,0.1563245888333936,-0.102247559982754,0.1069116141335033,0.0760481935301848,1,,
2025-05-12,85.97390618520922,86.78551978281699,85.66835727958534,85.71609497070312,30029.0,-0.0122682914435291,-0.0197641549230829,-0.0043256742637004,0.0218554672684603,0.0149415745832521,,87.16339721679688,86.08438064575195,,1,0,0.2096610810568506,0.4470861560222324,0,37.23903045562263,21.657679049531616,0.0676275825609192,1.203696836479822,-0.0257216869969038,3.155495045241585,0.1494672384790953,-0.1520739545259704,0.0498618735517741,0.0303344445645483,1,,
2025-05-13,85.6874497696003,86.01209957528049,85.62061117502799,85.88319396972656,18679.0,0.0019494471730256,-0.0173167761506732,0.0015031156174825,0.0257155983482679,0.0152239188793585,,87.16220359802246,86.1110205078125,,1,0,0.1046166408611526,0.3785922529900165,0,39.67972051062719,22.30751479680266,0.0666344852814586,1.4084950788683557,-0.0238223828938797,3.712821244068456,0.1487761031644957,-0.0637233683827328,0.054023811249884,0.0282945482555454,1,,
2025-05-14,86.03118975430455,86.44177175736209,85.85931804872557,85.93570709228516,1658.0,0.0006114481789896,-0.0170380427478687,0.0003333922142705,0.0286890033097919,0.0199275767494762,,87.14167442321778,86.13279067993165,,1,0,0.0253137343494387,0.3079365492619009,0,40.46330599273747,22.01544777081978,0.0663808108886592,1.5690414412255265,-0.0232255008675298,4.142121817162387,0.148677081636086,-0.1069369909847111,0.0565330449281415,0.0327234258126938,1,,
2025-05-15,86.41313428629277,86.57545555260764,85.49648754815738,86.27945709228516,34281.0,0.0040000834534457,-0.0079051272439494,-0.0007740169917935,0.0375475397238185,0.0286009059908105,,87.11493911743165,86.15990814208985,,1,0,-0.0096849956452018,0.2444122402804804,0,45.45805009723794,22.212730930610068,0.0654109001520936,2.044101093169772,-0.0193183213558023,5.839047739343385,0.1485462309879094,-0.096422116031037,0.0570353953091387,0.0332234369471426,1,,
2025-05-16,86.68048844727336,86.84280971316306,86.22216872183644,86.32720184326172,12755.0,0.000553373335735,-0.0052263276729069,-0.0056092387088881,0.0292578252384263,0.0309043186252906,,87.09011344909668,86.17852767944336,,1,0,-0.0331865846440848,0.1888924752955673,0,46.1339943950704,21.862645730605827,0.0624080922579234,1.6462342982268,-0.0187756382639968,4.54990765235585,0.1476929594063481,-0.0977853591357703,0.0529909418092597,0.0295195201405387,1,,
2025-05-19,86.45132389496207,86.52771294001136,86.05029233574375,86.49906158447266,6508.0,0.0019907947615742,0.0091344176847667,-0.0037392275221486,0.0257018834471478,0.0329566375424943,,87.05860328674316,86.20507217407227,,1,0,-0.0375117068156214,0.1436116388733296,0,48.60315811555508,21.772501582358803,0.0628870071225337,1.4655454082029338,-0.0168222219447237,3.996920318689618,0.1478252759622981,-0.0996054717380643,0.0481547773211203,0.0238158259704888,1,,
2025-05-20,86.42268227835966,86.74732480174731,86.13622699372074,86.3892593383789,6742.0,-0.0012694038996772,0.0058924842598508,-0.0084931910603721,0.0283585678920943,0.0321090815687179,,87.00011940002442,86.23667739868164,,1,0,-0.0492320049937831,0.105042910099907,0,47.11710123484905,21.241769314937542,0.0615195331086619,1.6211035658906383,-0.0180702716502629,4.410063427839139,0.1481356815159765,-0.1208646510873371,0.0544147259968554,0.0132796218756152,1,,
2025-05-21,86.8810046484335,86.95739369798763,86.20306822457724,86.4322280883789,977.0,0.0004973853269385,0.0057778194058557,-0.0128680066483539,0.0301580649094845,0.0343661889014614,,86.94068069458008,86.26226715087891,,1,0,-0.0544258197488289,0.0731491641301598,0,47.78984870641691,20.334503479516407,0.0585233358801721,1.7223054588405513,-0.017581874211297,4.689904638971336,0.1507496387494759,-0.108471586540388,0.0775179343446994,0.0371330851313531,1,,
2025-05-22,86.55635681936998,86.55635681936998,86.01209762310232,86.3462905883789,18462.0,-0.0009942761155263,0.0007746165581716,-0.0145480144819263,0.0320701359477646,0.0283022553707568,,86.89484825134278,86.28709289550781,,1,0,-0.0647302236765909,0.0455732865688097,0,46.51532602206803,19.801229806044617,0.0583368095450855,1.834136153641394,-0.0185586690892289,4.987252325548274,0.1505403131503414,-0.1089205131166027,0.081633178832875,0.034413658503613,1,,
2025-05-23,86.61365096706751,86.83326766511365,86.38449110139473,86.73777770996094,3617.0,0.004533919394966,0.0047560427991708,-0.0060181532556116,0.0312181086091687,0.0363892805227192,,86.85235748291015,86.31879364013672,,1,0,-0.0408360663578548,0.0282914159834767,0,52.70347291228438,18.75122167624916,0.0596434084596383,1.792295706835404,-0.0141088932039912,4.854752877065602,0.1522621744178733,-0.0810073668098445,0.0836407028713019,0.0500697481450884,1,,
2025-05-27,86.93829289023431,87.4825520748035,86.73776983051818,86.98603057861328,41430.0,0.0028621077828678,0.0056297604300026,-0.0068681245694247,0.0319437874926393,0.039297271759124,,86.8301570892334,86.35679611206055,,1,0,-0.0018465568127083,0.0222638214242397,0,56.16681779442757,18.15891965607089,0.0589884463993463,1.8304642515438587,-0.0112871665941701,4.967603776889819,0.1495879317968962,-0.0815608148806384,0.0441469436025969,0.0371067265104532,1,,
2025-05-28,86.90964079994752,87.21518968545591,86.56933584709154,86.68048095703125,11778.0,-0.003512628631857,0.0033710396510249,-0.0085732261861857,0.0271553667121777,0.0379213552432304,,86.78098258972167,86.3905972290039,,1,0,0.0043474943208252,0.0186805560035568,0,51.19759772782899,17.295555417363627,0.0598221004431743,1.5552832951974345,-0.014760147601476,4.22295265623483,0.1499298635413828,-0.0711394868207125,0.0405928342800425,0.0449893788032751,1,,
2025-05-29,86.44177519004155,87.31068420410156,86.22216578716207,87.31068420410156,9337.0,0.0072704170548236,0.0101635250548488,-0.0040300107255759,0.0283978891038125,0.0372888766947172,,86.74756355285645,86.43499725341798,,1,0,0.0594234629886472,0.0268291374005749,1,59.21282138945141,16.240303090599788,0.0647187214538922,1.6143773218354809,-0.0075970429755058,4.41617830071977,0.1504261518682414,-0.0701972978540526,0.0325943664131143,0.0437751785973397,1,,
2025-05-30,87.31068344652884,87.31068344652884,86.93829595369435,87.20565032958984,2156.0,-0.0012029899372474,0.0099524801280415,-0.0087908937465008,0.0268719976023941,0.036330437828981,,86.71462211608886,86.46898956298828,,1,0,0.0935181896136327,0.0401669478431865,1,57.517288257664895,15.260425930033366,0.0633077479966216,1.5290248983182606,-0.0087908937465008,4.178885700795073,0.1504134197466218,-0.067769962300718,0.0327379985997515,0.0494296125295246,1,,
2025-06-02,87.35842287549023,87.79764897104154,86.69958737459355,87.36797332763672,4552.0,0.0018613816585666,0.0072655264443488,-0.0056508129631965,0.0333143992286795,0.0294558539309246,,86.70555114746094,86.51081161499023,,1,0,0.1321136910630116,0.0585562964871515,1,59.44978614232552,14.84302211806756,0.0636950366411375,1.897611320218101,-0.0069458752963164,5.180748697108544,0.1498493249102748,-0.0696860142356783,0.0169012373214854,0.0334879982405473,1,,
2025-06-03,87.38706032459335,87.5589320259024,87.18654455387613,87.22473907470703,8213.0,-0.0016394365975795,0.0027442164506865,-0.0037082338948943,0.0280214389018631,0.0338413383313649,,86.6945701599121,86.55272903442383,,1,0,0.1494206684199781,0.0767291708737168,1,56.98641609416505,14.455432864099311,0.0627652400356024,1.6084751411076506,-0.008573924571733,4.357636230671069,0.14875535066524,-0.066585483122401,0.0216540509611937,0.0320054515361105,1,,
2025-06-04,87.1197054995723,87.55893155949798,86.96693470192247,87.52074432373047,944.0,0.0033935928288637,0.0096938013889857,0.00087353259916,0.0305823213941762,0.0276110382880887,,86.70077629089356,86.59798843383788,,1,0,0.1848904207622581,0.0983614208514251,1,60.618139752141296,13.646840081748255,0.0638231947597599,1.7444387955186569,-0.0052094281518111,4.755881102038217,0.1493002454915474,-0.0481179162992948,0.0065253956206154,0.0324354927078993,1,,
2025-06-05,87.7499084797093,87.83584069170374,87.40616506201096,87.54939270019531,4792.0,0.0003273324134318,0.0027340124323815,0.0017480194670564,0.0252138513760409,0.0290840455964369,,86.70698280334473,86.64477569580077,,1,0,0.2128584399989961,0.1212608246809393,1,60.96168466291379,13.396379047093925,0.0637922622949313,1.4629624160972654,-0.0048838009530687,3.921026063500475,0.1500743932718894,-0.0561051498407223,-0.005764850715196,0.0407984777895915,0,,
2025-06-06,87.44435831754622,87.57803550195204,86.99558179067229,87.091064453125,5833.0,-0.0052350819684131,-0.0013139730743566,-0.0038226708010573,0.022533594096479,0.0216633587370869,,86.71318893432617,86.69137176513672,,1,0,0.1957831710877116,0.1361652939622938,1,52.99650119749408,12.529628807865729,0.0663896803275835,1.301213207422316,-0.0100933158231751,3.504217124107923,0.1477712779403859,-0.0669878225975771,-0.0078941786321116,0.023264498862324,0,,
2025-06-09,87.14835667626494,87.38706698600966,86.88100229492854,87.1674575805664,4386.0,0.0008771637816245,-0.002295071516863,0.0023056548021915,0.0278090712692462,0.0215450336938165,,86.73252449035644,86.73596282958984,,0,0,0.1862680028067984,0.1461858357311947,1,54.07361946807586,11.937596112358168,0.0638385715888854,1.6074198834731783,-0.0092250055326272,4.324610771366348,0.1477677157060612,-0.0555581425099757,-0.0213596087879482,0.0285724060099048,0,,
2025-06-10,86.69958970308188,87.5302969406229,86.69957513336045,87.28204345703125,18517.0,0.0013145487965957,0.0006569739609669,0.0057765923608597,0.0250056893829841,0.0226060174674369,,86.81082191467286,86.78695144653321,,1,0,0.1858311402784096,0.1541148966406377,1,55.7129678919101,11.722562318066124,0.063419182865691,1.4579526138753804,-0.0079225834559529,3.888654626545737,0.1471278045540379,-0.0588313351596748,-0.0240915916868743,0.0221509829254564,0,,
2025-06-11,87.28204541214222,87.50165482830488,87.02423418551193,87.39662170410156,15027.0,0.0013127356158511,-0.001418207998435,0.0196057313853696,0.0269269520800889,0.0218648434605022,,86.8864933013916,86.8394677734375,,1,0,0.192511280339815,0.1617941733804732,1,57.35227631121938,11.522888080509228,0.0440466466189699,1.5660257531093027,-0.006620248097574,4.187431715290598,0.1477422993054625,-0.0115405836836546,-0.0455831595151318,0.0262732807620527,0,,
2025-06-12,87.73080408668186,88.21777512319612,87.66396549616891,88.00293731689453,2714.0,0.0069375177320443,0.0051804427502122,0.024681701380542,0.0334715808600196,0.0314500159393509,,86.98985481262207,86.89341613769531,,1,0,0.2439182049943156,0.1782189797032417,1,64.78139791692777,11.486121322552874,0.0486517136424098,1.900445994360108,0.0,5.2051921375015455,0.1481783526269169,-0.0040177859539571,-0.0512556879299253,0.0264856038994303,0,,
2025-06-13,88.06501643108852,88.53288662900084,87.67352800079179,87.80720520019531,8046.0,-0.0022241543596936,0.0082228957880721,0.0217778868788545,0.0319829489310801,0.0325710647775152,,87.06624221801758,86.9424951171875,,1,0,0.26580063289299,0.1957353103411913,1,61.08222619146053,11.959264951250908,0.0500311624156875,1.814598113045526,-0.0022241543596936,4.973693803301104,0.1495204304874943,0.0056723527400985,-0.0368266042127247,0.03598891132889,0,,
2025-06-16,87.5398491435262,87.98862571225077,87.4825609976842,87.82152557373047,973.0,0.0001630888205872,0.0075035800207838,0.0178729506815962,0.0333108166032531,0.0352589671174365,,87.14095840454101,86.98479461669922,,1,0,0.2810582841737528,0.2127999051077036,1,61.25653909123312,11.980958816745405,0.0489153934575097,1.8892100246319667,-0.0020614282738178,5.180191560181587,0.1481354301448998,-0.0027654746961772,-0.0574115052818682,0.036850674294123,0,,
2025-06-17,87.61623715119318,87.74991434647319,87.50165357601283,87.58759307861328,3960.0,-0.0026637261604023,0.003500715719751,0.0146001631981536,0.0293441068712776,0.0345664709359272,,87.19538497924805,87.02222457885742,,1,0,0.2711480593937807,0.2244695359649191,1,56.782336097482656,12.001103120418865,0.0504066896341122,1.6653122456711351,-0.0047196633537993,4.5633253776436575,0.1490141759375098,0.0089456974555344,-0.0333747275666546,0.0397025667073278,0,,
2025-06-18,87.5493959451004,87.92178344726562,87.32977925376319,87.92178344726562,7024.0,0.0038154989411844,0.0060089478623339,0.0164478300311221,0.0282523754071735,0.0444906826291426,,87.27201118469239,87.03826599121093,,1,0,0.2869526926422026,0.2369661673003757,1,61.14812986089283,11.625799336101768,0.0513844457579157,1.6106393865991944,-0.000922172283144,4.393549350123978,0.1496052962277515,0.0120413796210832,-0.0268071191351091,0.0496258451140556,0,,
2025-06-19,87.28204186673264,87.94087737331954,87.04333155503261,87.47300720214844,43105.0,-0.0051042668553961,-0.0060217321251203,0.0125449375543849,0.0257530143387421,0.0411370973234352,,87.32405014038086,87.03463760375976,,1,0,0.2602653094782994,0.2416259957359605,1,53.35365721708047,10.931397359703588,0.0549098699190407,1.4611631042723958,-0.0060217321251203,4.004871724272249,0.1488416708728245,0.004765829202141,-0.0396657803907054,0.0507231915957084,0,,
2025-06-20,87.68307098168158,87.87403631173898,87.42525977275766,87.58280944824219,2863.0,0.0012552700496508,-0.002555550554667,0.0133119483936801,0.0288261949195067,0.0408707309299798,,87.38587608337403,87.05841293334962,,1,0,0.2451495581467782,0.242330708218124,1,54.869451337599024,10.286595524476708,0.0549548510691967,1.6315108558875842,-0.0047740209754532,4.482784478468624,0.1493793076669392,-0.0090901118828814,-0.0240064214557078,0.0485889565287718,0,,
2025-06-23,87.29159236154493,87.81675800531276,86.92875527985336,87.72127532958984,7169.0,0.0015809709944218,-0.0011415224625819,0.0159240742345911,0.0288947371105638,0.0440920792753525,,87.43505096435547,87.09106872558594,,1,0,0.2415587172037163,0.2421763100152425,0,56.776908017759375,10.669450385178564,0.0547160336407177,1.6351633360153948,-0.0032005975697201,4.493443529066495,0.1481521230106841,-0.0158641236335963,-0.0362827698205479,0.0105048773662463,0,,
2025-06-24,87.90268908542919,89.35405196305274,87.85495139061882,88.26553344726562,7175.0,0.0062044027019769,0.0077401415522841,0.0176134987273168,0.0358584999850921,0.0640923711874239,,87.49902610778808,87.14129348754882,,1,0,0.2794091763682615,0.2496228832858463,1,63.3363461282726,11.419813618608591,0.056447070290006,1.9903328357683607,0.0,5.576383827390319,0.1474424768466242,-0.0316539389357579,-0.0400450388436963,0.0182960172972257,0,,
2025-06-25,88.38010312461806,88.38965357680942,87.97907155090785,88.12229919433594,10567.0,-0.0016227653913774,0.0022806151013825,0.0130626562468068,0.0396529991283394,0.0561375557746399,,87.57111701965331,87.18559814453126,,1,0,0.2944538501082832,0.2585890766503337,1,60.72453561768594,12.116579478222192,0.0565584268756043,2.218157567958845,-0.0016227653913774,6.166469404429161,0.1471207883773623,-0.0164929308795021,-0.0198232814333618,0.0222501763691056,0,,
2025-06-26,88.75248543803104,88.75248543803104,88.3896484094376,88.59016418457031,4499.0,0.0053092689876668,0.0127714482233376,0.0220312947788754,0.042999175153537,0.0676427479312951,,87.63509101867676,87.23047561645508,,1,0,0.3402079515460059,0.2749128516294681,1,65.70007507055121,13.214943292373064,0.0566841527340321,2.3805401004718694,0.0,6.68683589712324,0.1467537239941212,-0.0211841688656306,-0.0219570629538613,0.0315042213764844,0,,
2025-06-27,88.59016652635319,88.78113913976115,88.35145622323847,88.50423431396484,1871.0,-0.0009699707794472,0.0105206132519324,0.0136701495440487,0.0445120430957008,0.0677570949387047,,87.70002021789551,87.26427703857422,,1,0,0.3653233638315925,0.292994954069893,1,64.09407693993066,14.152840662365945,0.0522976491360371,2.467831449554609,-0.0009699707794472,6.922103192999176,0.1458865506203672,-0.0301782714740349,-0.0370157507174991,0.0379242100975674,0,,
2025-06-30,88.61881663790628,88.80023881179551,88.44694491655353,88.69520568847656,51434.0,0.0021577653994977,0.0111025558534965,0.0170809500675359,0.0462942437903646,0.0681821606548833,,87.7663818359375,87.30170684814453,,1,0,0.3960716356536267,0.3136102903866398,1,66.0786241210482,15.049138841838625,0.0520911291275766,2.5611089100667424,0.0,7.199254639239769,0.1455056653981659,-0.0326284340634182,-0.0425124274211116,0.0225866053153451,0,,
2025-07-01,88.9434585571289,89.354040561385,88.78113730273607,88.9434585571289,7286.0,0.0027989434910864,0.0076805190359872,0.0180327546752629,0.0426460033458051,0.0693547060012205,,87.8523178100586,87.33799072265624,,1,0,0.4354521727781417,0.3379786668649402,1,68.51481996775834,16.567164811676278,0.0524292690035849,2.391037098126208,0.0,6.631913868657327,0.1459601480866119,-0.0259539162154492,-0.0647632065582293,0.0123543703583084,0,,
2025-07-02,88.9052635247189,88.9052635247189,88.34190343613263,88.59016418457031,7452.0,-0.0039721231700436,0.0053092689876668,0.0156541036906261,0.0379236610543518,0.0677638972326135,,87.90578880310059,87.35861526489258,,1,0,0.4331604251613044,0.3570150185242131,1,61.72121438853996,16.997181734477607,0.0544137107184957,2.1173574827933077,-0.0039721231700436,5.897538666336833,0.144724297091268,-0.0270985450670846,-0.0669791915421289,0.002625717946902,0,,
2025-07-03,88.90526609955596,88.90526609955596,88.23688016308942,88.45648956298828,16327.0,-0.0015089104170021,-0.0015089104170021,0.0106916965399264,0.0320855167504929,0.0680902688021773,,87.95114364624024,87.37532501220703,,1,0,0.4157650926838983,0.3687650333561501,1,59.32433800782658,17.175351816325765,0.0540565984264373,1.807670199382136,-0.0054750400090169,4.989644206402806,0.143375899963119,-0.0396807487417278,-0.0768823874701194,-0.0073556459940689,0,,
2025-07-04,88.59016826514922,89.12487702346581,88.08410357819095,88.66655731201172,2617.0,0.0023748144433637,0.0018340704182699,0.01276039247516,0.0344213340833716,0.0701405656622877,,88.02991828918456,87.40339736938476,,1,0,0.4141557484406917,0.3778431763730584,1,61.83274065905878,17.650236026895186,0.0544324361837438,1.9321850515050736,-0.0031132277697446,5.352889015979836,0.1437163911211817,-0.0423656695329025,-0.068938092217482,0.0069851562930345,0,,
2025-07-07,88.3419053012334,88.5710724361034,87.92454837060086,87.95042419433594,45656.0,-0.0080766992582756,-0.008397088527609,0.0098673698226925,0.0095352858470849,0.0604139020670819,,88.06906661987304,87.41065399169922,,1,0,0.3510477143792485,0.3724840839742964,0,50.41797329167486,17.733868592058858,0.0589772490048,0.6087609139423886,-0.0111647824236016,1.482839879229034,0.1436259626363917,-0.0280522396623412,-0.1296310347125802,0.0111156664029945,0,,
2025-07-08,87.85495023139086,88.01727150435426,87.4443681801616,87.606689453125,40518.0,-0.0039082783779578,-0.0150294257238186,0.0050389432564625,-0.0005446059423062,0.0622935944979872,,88.08529891967774,87.41418701171875,,1,0,0.2701831189993982,0.3520238909793168,0,46.02594031682097,16.828876987185485,0.0608648786205699,-0.0012171105402511,-0.0150294257238186,-0.0846921028553783,0.1431430175609357,-0.0312970808476521,-0.1883221582353246,0.0020065523209693,0,,
2025-07-09,87.90269217963628,87.90756575188598,87.53985508988895,87.83585357666016,61022.0,0.0026158290533027,-0.0085146089845664,0.0063450636315767,0.0166887734196172,0.0683625310257283,,88.10726051330566,87.41762466430664,,1,0,0.2220295556191303,0.3260250239072795,0,49.20300538551656,15.988527639803069,0.0613178698334346,1.1603290970483169,-0.0124529110789786,2.5952844161028845,0.142661970260223,-0.0303534352826875,-0.180710258990146,0.0031878095679693,0,,
2025-07-10,88.05546833705066,88.20823916123508,87.65443672809769,87.72127532958984,7509.0,-0.0013044587421275,-0.0083115918010164,0.0037147159599311,0.0189664111083243,0.065506019313253,,88.09317741394042,87.4124688720703,,1,0,0.1726320084111137,0.2953464208080464,0,47.691457707475145,15.734142076454065,0.0614478206110662,1.3224427676487138,-0.0137411255123843,2.9494816629827283,0.1420751898808505,-0.0383580697691394,-0.194008967172492,-0.0023081561451693,0,,
2025-07-11,87.83584345580572,88.11274828904664,87.39661736044924,87.56848907470703,5314.0,-0.0017417240493683,-0.0123842435140529,-0.0049367470613289,0.0211557184185355,0.0718556957984923,,88.08124160766602,87.40654907226562,,1,0,0.1197748327627863,0.2602321031989943,0,45.67639380394053,14.96121708577104,0.0565916494352341,1.4818154260675809,-0.0154589163129824,3.2899425825115736,0.1423280656458858,-0.0394813876474989,-0.1043021086511939,-0.0081991667257722,0,,
2025-07-14,87.27249225114278,87.74991287911963,86.90964791156954,87.17700958251953,19965.0,-0.0044705520938418,-0.0087937564702071,-0.0071770376501446,0.0147827564289235,0.0696502509587939,,88.04901580810547,87.3991014099121,,1,0,0.0457684270203486,0.2173393679632652,0,40.90707781420009,14.438449444748674,0.0581040584059447,1.034976556121522,-0.0198603585161327,2.2988781992769067,0.1414219248579872,-0.0541632043400546,-0.1505167550736097,-0.0105931403233051,0,,
2025-07-15,87.45389916110078,87.46344961255039,86.88099591674403,86.97647857666016,10303.0,-0.0023002739692459,-0.0071936387552008,-0.0096223219939496,0.0072983793975054,0.0643642592529831,,88.01846008300781,87.38974380493164,,1,0,-0.028732152613017,0.1681250638480088,0,38.679163124029216,14.002671377653366,0.0584626659817098,0.5325311266412079,-0.0221149482196642,1.1349767797127062,0.1417021554494701,-0.0434283323654373,-0.1380532988057118,-0.0098970179398311,0,,
2025-07-16,87.38706592929495,87.51119995117188,86.90964531557864,87.51119995117188,10986.0,0.0061478848449862,-0.0036961401553972,-0.0008721911946232,0.0080290671177001,0.0633189311215334,,87.99793090820313,87.39203536987304,,1,0,-0.0441182845286789,0.1256763941726712,0,46.97254362441217,13.49488751350594,0.0621201244704569,0.5801728199159542,-0.0161030235296852,1.248606607716118,0.1420982578442104,-0.0464111420929488,-0.1319618133209634,0.0037671442638695,0,,
2025-07-17,87.02164106527137,87.14758823032197,86.88600338238629,87.10884094238281,1870.0,-0.0045978001560207,-0.0069815946576924,-0.0092462012599006,0.0032839614353332,0.0538132340504045,,87.97972259521484,87.38570693969727,85.42694690704346,1,1,-0.087767188758832,0.0829876775863706,0,42.33301761539757,13.070299846687307,0.0623867516431541,0.2521311885184073,-0.0206267852016087,0.510691452385885,0.1405845731914056,-0.0602968161141381,-0.1437081403327463,-0.0131585640095157,0,,
2025-07-18,87.13790210653627,87.43824162377841,86.98288339331513,87.27838134765625,11287.0,0.0019463053742796,-0.0033129237482135,-0.0022249818626037,0.0017114400816027,0.0578194059697445,,87.96450119018554,87.39193572998047,85.42658130645752,1,1,-0.1074402615810754,0.0449020897528813,0,44.80678793942352,12.25372637629538,0.0604897068848177,0.1457892321385096,-0.018720625850221,0.2661474070740474,0.1409614449275353,-0.052943681020769,-0.1634413275626873,0.0012718755607732,0,,
2025-07-21,87.51575422050394,87.93235778808594,87.25416198018303,87.93235778808594,1214.0,0.0074929946033794,0.0086645344820117,0.0039910610546276,0.0042647926963954,0.0607127201832469,,87.97505531311035,87.41496795654297,85.43037921905517,1,1,-0.0694601865034769,0.0220296345016097,0,53.15460012005276,12.445806590232207,0.0658696967037805,0.3151755756303278,-0.0113679047953091,0.6632213012044336,0.1417488953015127,-0.0510807854488087,-0.1617016877378778,0.0021104007813146,0,,
2025-07-22,88.11643790445714,88.22301143141406,87.11852887176933,88.1019058227539,1453.0,0.0019281643178108,0.0129394436807626,0.0043390898243778,0.0054884515518962,0.0599498924463712,,87.96687393188476,87.46268417358398,85.43798801422119,1,1,-0.0253869490018701,0.0125463178009137,0,55.0526450124422,13.103663002789323,0.0659724521408431,0.3963879526120582,-0.0094616596658928,0.8535134621953964,0.1420018678636261,-0.0415131084325699,-0.1594613502229388,0.0104110940499295,0,,
2025-07-23,87.89360809326172,88.00986474737623,87.66108739333292,87.89360809326172,8016.0,-0.0023642817660636,0.0043698194322923,-0.0042137099213943,0.0072272220496938,0.0593302262540385,,87.95543937683105,87.50289245605468,85.44610744476319,1,1,-0.0071836678532548,0.00860032067008,0,52.25162757941524,13.71452967159236,0.0627695037653729,0.5152492349550252,-0.0118035714025316,1.1239110440098306,0.1404710982233252,-0.0472820232839069,-0.1521735129758322,0.0069309486508257,0,,
2025-07-24,87.99048611184642,87.99048611184642,87.57388254426442,87.93235778808594,76969.0,0.0004408704530949,0.0094538836333253,-0.0021554295335749,0.0039362276933814,0.0598582615778011,,87.92254905700683,87.54282546997071,85.45451465606689,1,1,0.0102511710138628,0.0089304907388365,1,52.733420299168905,14.049502429794543,0.0625842839850963,0.296143857573973,-0.0113679047953091,0.6121258964938169,0.1404865030216592,-0.0450941395085944,-0.137441718689779,0.0125961592606005,0,,
2025-07-25,87.6610829673348,87.8160942955609,87.38980020746517,87.63201141357422,1114.0,-0.0034156524636305,0.0040517486742719,-0.0108155660373295,0.0023101094887008,0.0540544484075899,,87.87893791198731,87.56987655639648,85.46273708343506,1,1,-0.0001651323534304,0.0071113661203831,0,48.63697632783,13.876099496789829,0.0603488360497818,0.1852528199890157,-0.0147447284469193,0.3592469623003665,0.1394177082157975,-0.0499886175196312,-0.1362654447833731,-0.0001126203559875,0,,
2025-07-28,87.98079457572742,87.98079457572742,87.15727796795439,87.4091796875,3353.0,-0.0025428119528442,-0.0059497790545635,-0.0123729066180063,-0.0029064535522682,0.0450132340356521,,87.81463661193848,87.59151611328124,85.46951614379883,1,1,-0.0260999221730173,0.000469108461703,0,45.79464261365768,13.138739268882954,0.0607442738562549,-0.1679241666598746,-0.0172500473280272,-0.451984901506421,0.1390981105990201,-0.0465323224963505,-0.1402173259630512,-0.0224662997240616,0,,
2025-07-29,87.3122929291108,87.49636840820312,87.10883641535679,87.49636840820312,23267.0,0.0009974778508943,-0.0068731477360889,-0.0135163707098679,-0.0054864931052017,0.0515172989788705,,87.74228210449219,87.61146224975586,85.47691925048828,1,1,-0.0391665413525146,-0.0074580215011404,0,47.097370535822925,12.336003010621926,0.0602146555448745,-0.3461855852279545,-0.0162697760172695,-0.8532089025936711,0.1396050947846529,-0.0405521709231492,-0.1347576366966301,-0.0053068083361188,0,,
2025-07-30,87.49636917769287,87.66107840696996,87.09914666402231,87.19602966308594,2638.0,-0.0034325852670363,-0.0079366229844108,-0.019646513890851,-0.0076077319181669,0.0463468636578201,,87.67257537841797,87.62759765625,85.48521942138672,1,1,-0.072916225034092,-0.0205496622077307,0,43.242106789510295,11.977480705544528,0.0595953322703801,-0.4886368183173001,-0.019646513890851,-1.1830844360256223,0.1393013081914491,-0.0456209450487228,-0.1351715776940064,-0.0133927805437772,0,,
2025-07-31,87.41887098779145,87.41887098779145,86.90537702635588,87.10884094238281,18347.0,-0.0009999161778352,-0.0093653447538365,-0.016721080221742,-0.0050320367077945,0.0424935412136537,,87.60519294738769,87.64112991333008,85.49101413726807,0,1,-0.1054825563502959,-0.0375362410362438,0,42.1631014115091,11.14342738077134,0.0585690623573117,-0.3154151624971864,-0.0206267852016087,-0.7825360271022389,0.1396860108965935,-0.0348129947488859,-0.1234940471551711,-0.0080293172306845,0,,
2025-08-01,86.93444467705163,88.05830076931663,86.40157709556888,87.72889709472656,3798.0,0.0071181770488013,0.0011055969113284,-0.0082254277990945,0.0032539351064393,0.0514160346312175,,87.55830993652344,87.66878204345703,85.4979337310791,0,1,-0.0803322390309944,-0.0460954406351939,0,51.4426552104481,11.711550959090625,0.0645639485300719,0.2452075088031755,-0.0136554332618201,0.506022034119376,0.1430245505451668,-0.002450547254054,-0.0881293815354246,0.0117189308259442,0,,
2025-08-04,87.80640326410943,88.30051619135794,87.65139193678992,87.99048614501953,9145.0,0.0029817888854857,0.006650405135911,-0.0076248721895577,0.0067950503044456,0.0543098387292286,,87.56031303405761,87.6938362121582,85.50804264068603,0,1,-0.0388446047656572,-0.0446452734612865,1,54.74173785096616,12.651793486305095,0.0649241356374876,0.4771069952549006,-0.0107143619954611,1.056703672483994,0.141303239287746,-0.0167910689560866,-0.1112714370073002,-0.0074106853361307,0,,
2025-08-05,88.08736802841979,88.21332258394581,87.87422098832893,88.1164321899414,7955.0,0.0014313598030848,0.0070867373471485,0.0018875178502681,0.0079058354460823,0.0556378006833275,,87.58580017089844,87.71644424438476,85.51868717193604,0,1,0.0041496034960033,-0.0348862980698286,1,56.28184091928464,13.524875833004248,0.0587382934417588,0.5494893970098644,-0.0092983382994522,1.2294427525376457,0.1422265654900946,-0.0097433438955594,-0.1019965489781096,0.0056046583029476,0,,
2025-08-06,88.16487696349337,88.26175996533318,87.79671859982237,88.2084732055664,573.0,0.0010445386103081,0.0116111197538744,0.0068691529858961,0.0142759000822094,0.046090495362169,,87.60443115234375,87.74700408935547,85.5329432296753,0,1,0.0451295388107269,-0.0188831306937174,1,57.422136214283896,14.105308920274798,0.0569625771412353,0.9799961196583612,-0.0082635121625095,2.220056566029512,0.141292884173198,-0.0129250690621363,-0.0969413491909018,-0.0070552573468634,0,,
2025-08-07,88.3005142211914,88.4458424191042,88.12612186203589,88.3005142211914,4302.0,0.0010434486878658,0.0136802793598966,0.0052901022260312,0.0175127297612225,0.0514683931484132,,87.63339309692383,87.76680068969726,85.54845909118653,0,1,0.084064332240402,0.0017063618931063,1,58.58544015617614,14.990967636821306,0.056426196374355,1.1970462755825355,-0.0072286860255668,2.7234185215371176,0.1415588947429447,-0.0077320922686417,-0.0944553521659077,0.0023578878039898,0,,
2025-08-08,88.1648838324858,88.37803088815939,87.91298209471704,88.12612915039062,4787.0,-0.0019749043631155,0.0045279499551345,0.0046152295355903,0.0281164719474356,0.0505864378482476,,87.66127510070801,87.78521026611328,85.56456100463868,0,1,0.0996997421599701,0.0213050379464791,1,55.491928662765694,15.165432027593836,0.0567071036057561,2.082677389126371,-0.0091893144251109,4.721017532907454,0.1401862212761206,-0.0132955557287239,-0.062093989943306,-0.0153282390664101,0,,
2025-08-11,88.07767922171169,88.33926405023429,87.806396484375,87.806396484375,12679.0,-0.0036281256092616,-0.0020921541488148,0.0027168152857472,0.0223932346452597,0.0486846884213836,,87.69274444580078,87.79397872924805,85.577300491333,0,1,0.0853077880596941,0.0341055879691221,1,50.25252001810235,15.015560414730794,0.057895660587369,1.653274130326783,-0.0127841000473751,3.856663359221643,0.1399543486274089,-0.0166777859848297,-0.0592955074736224,-0.0084750655274594,0,,
2025-08-12,87.86454392973309,88.04861942931433,87.67077052004261,87.89360809326172,1948.0,0.00099322614728,-0.0025287462411026,0.0082200400561327,0.0227833233381555,0.0521259574866039,,87.73860092163086,87.80735610961914,85.59017036437989,0,1,0.0800169234415051,0.0432878550635987,1,51.5950205486301,14.484858309156236,0.0554611894899032,1.6809197948500256,-0.0118035714025316,4.12089108395467,0.1386176377641695,-0.0198292244758634,-0.0676596807068004,-0.0149516435478801,0,,
2025-08-13,88.07768699650863,88.45553588867188,87.56419302785399,88.45553588867188,7465.0,0.0063932725894459,0.0028008951308986,0.0170052563200531,0.0252212852250468,0.0637158221577385,,87.78581771850585,87.82605194091796,85.6078723526001,0,1,0.1197859342897089,0.0585874709088207,1,59.22951312991863,14.88603051455082,0.0582430059002313,1.828000717250597,-0.0054857622625911,4.561852889815819,0.1390279429516098,-0.018872066479002,-0.0640762675228987,-0.0106954874618626,0,,
2025-08-14,88.4361503330188,88.49427865447332,87.9807921037609,88.07768249511719,12043.0,-0.0042716760433201,-0.002523560910597,0.0064732576431518,0.0202772777812687,0.0501283720693304,,87.83425979614258,87.83661773681641,85.62464916229249,0,1,0.119436758297013,0.0707573283864592,1,53.158133910400686,15.336710922206573,0.0573880519694238,1.4586235589369518,-0.0097340049066747,3.667614771360532,0.1384211801569144,-0.0258770075233952,-0.0627773949868811,-0.0131130864623082,0,,
2025-08-15,88.09705582923944,88.27144818469013,87.8257804744715,87.96141815185547,5595.0,-0.0013200204633921,-0.0018690370282129,0.0097874934421018,0.016906039679456,0.0430424401879983,,87.86841163635253,87.85402481079102,85.63971588134766,1,1,0.1085274362385746,0.0783113499568823,1,51.4118287067852,15.272800233891669,0.0549239428477362,1.222838265312261,-0.0110411762843994,3.057848372075739,0.1385628858610771,-0.0143805773594799,-0.0626576885510654,-0.0175201782695778,0,,
2025-08-18,88.01955225270724,88.2423898182982,87.52543931453567,87.62232971191406,6941.0,-0.0038549678605227,-0.0020962797681111,0.0039408196960912,0.0142734222168212,0.043036763921904,,87.85291023254395,87.86312225341797,85.65358104705811,0,1,0.0716936766107068,0.0769878152876472,0,46.60323974705845,14.361983486159362,0.0566093142799141,1.0289049259841851,-0.0148535807652034,2.581678602274577,0.1380587559631185,-0.0205920772584945,-0.068024971767327,-0.0173118059701344,0,,
2025-08-19,87.69014475461543,88.0389294733028,87.4285525197503,87.6513900756836,7656.0,0.0003316547718494,-0.0027558092429328,-0.0031952709954561,0.0141054096865125,0.0446888664568978,,87.83038444519043,87.87050918579102,85.66839107513428,0,1,0.0443365016290471,0.0704575525559272,0,47.06023256802487,13.411768094369888,0.0500269548867127,1.0172395101022331,-0.0145268522542937,2.551289649448611,0.1388578896116422,-0.0203952608147039,-0.0788840970796361,-0.0074810949931969,0,,
2025-08-20,87.4188629052909,88.10674177395136,87.4188629052909,87.90812683105469,11876.0,0.0029290665572949,-0.0061885223136982,-0.0021994869451413,0.0180880525617621,0.0507382748142126,,87.83111038208008,87.88073928833008,85.68323841094971,0,1,0.042877983178684,0.0649416386804785,0,51.04635971494137,12.563284150426185,0.0506663198967457,1.2898095214972816,-0.0116403358141197,3.271642745948204,0.1396356264823636,-0.0166634525084907,-0.0724369867431292,0.0032829305968293,0,,
2025-08-21,88.23269752662874,88.30051636841065,87.47699974914481,87.4576187133789,2432.0,-0.0051247607464277,-0.0070399647694255,-0.0049604219162353,0.008299048262742,0.0397762374619299,,87.80737342834473,87.86983291625977,85.69580963134766,0,1,0.0053086618069215,0.0530150433057671,0,44.6878180111774,12.289920195156473,0.0530662921037645,0.606274824654408,-0.016705442624492,1.5010748644368732,0.1394796031470929,-0.0070583564076364,-0.0839510621705658,-0.0073320851460022,0,,
2025-08-22,87.57388553760532,88.24239085049837,87.24448183610416,88.2036361694336,2002.0,0.0085300453754586,0.0027536847707476,0.0030850802613688,0.0139977141469849,0.0463886416457182,,87.8359546661377,87.87776153564454,85.71719062805175,0,1,0.0353248747558296,0.0494770095957796,0,54.7414774944238,11.458860386338436,0.0611416379008292,0.9659259403298996,-0.0083178954326373,2.5318104197491507,0.1385417968875827,-0.0138426545771209,-0.0738437571575727,-0.032956789737615,0,,
2025-08-26,87.68046103845208,88.16488347512862,87.24448380212311,87.89360809326172,8008.0,-0.0035149126457364,0.0030959959891452,0.0029851726037977,0.0139953899982607,0.0415308066581212,,87.86017608642578,87.87920318603516,85.73438758850098,0,1,0.0337077036137145,0.0463231483993666,0,50.62342722923771,10.687161992435977,0.0612155735979005,0.965762522895748,-0.0118035714025316,2.5313900436866708,0.1380869370643157,-0.0095452089157997,-0.0789897769352552,-0.0416033615801629,0,,
2025-08-27,87.71920542793315,87.85484310295166,87.50605839813292,87.79671478271484,1619.0,-0.0011023931392606,0.0016579851945961,0.0044335743293819,0.0055666793021242,0.0341226503474352,,87.87519340515136,87.88338562011718,85.75039455413818,0,1,0.0243271749132816,0.0419239537021496,0,49.37332660939679,9.97058491238369,0.0606179395631982,0.4134385375905161,-0.0128929523656593,1.0068627286231573,0.1376211344859121,-0.0106182327477163,-0.0851249415297495,-0.0553051686517508,0,,
2025-08-28,88.067993233363,88.2423855919122,87.85484619605852,88.18424987792969,14781.0,0.0044140045122866,0.0031410411850278,0.0078618288077665,0.0112217447452231,0.0383952930455055,,87.92460441589355,87.88863494873047,85.77003242492675,1,1,0.0476150056077244,0.0430621640832646,1,54.24049803691551,10.307253881525256,0.0623036948026107,0.7951064343204151,-0.0085358574032915,2.0297121355232925,0.1377408110554864,-0.0133539806125433,-0.0842518487544726,-0.0542720870612715,0,,
2025-08-29,88.14550681464858,88.31020866347639,87.93235976713048,88.06314849853516,858.0,-0.0013732767423,0.0069236939453007,0.0099444761280949,0.0079568650206807,0.0415363424272678,,87.97231979370117,87.9004377746582,85.79094615936279,1,1,0.0556573269624181,0.0455811966590953,1,52.54062979304586,10.790016480560066,0.0611127752142484,0.5731449799804654,-0.0098974120511439,1.4391831092104586,0.1383768890882898,-0.0066361121453999,-0.0765598098546951,-0.0609525280488515,0,,
2025-09-01,88.08736911534702,88.51366320078888,87.84515791074584,87.93235778808594,1542.0,-0.0014851923043768,-0.0030755918137722,0.0094538836333253,0.0081125919192814,0.0363613573199466,,87.98249282836915,87.90742874145508,85.81191146850585,1,1,0.050890572466983,0.0466430718206728,1,50.69284762200928,11.728393824563266,0.0612835624582749,0.5839250011019609,-0.0113679047953091,1.467349921332249,0.1381713727975122,-0.0108431623851191,-0.0711502330531024,-0.0510368728643412,0,,
2025-09-02,88.23269783267837,88.24238835059494,87.31229820648859,87.57388305664062,5619.0,-0.0040767101037961,-0.0036376369517319,-0.001766966680529,0.0006071558613989,0.0312080454912648,,87.9616626739502,87.90448089599609,85.8310844039917,1,1,0.0179797113371336,0.040910399723965,0,45.92551090690856,10.924953435901877,0.0581368758949205,0.0702792813822618,-0.0153982712467674,0.1098181831804783,0.1386354231011419,-0.0306879303398953,-0.0714320485896939,-0.0653727753461173,0,,
2025-09-03,87.46731023576203,87.98079681396484,87.24448006379073,87.98079681396484,26787.0,0.0046465195229614,0.0020966847302381,-0.0001101179397817,0.0049275511852702,0.0302656451045442,,87.95488090515137,87.89878616333007,85.85248001098633,1,1,0.0244503083428782,0.0376183814477476,0,51.50108590826776,10.291712605273847,0.0595105638066664,0.3615021475510238,-0.0108233000917739,0.8912616234131087,0.1385288414559374,-0.0196343540727956,-0.0769321905239019,-0.0822535386455347,0,,
2025-09-04,87.98079681396484,88.1648796973581,87.75796664199355,87.98079681396484,1170.0,0.0,-0.0023071360730115,-0.0015392744872396,0.0102161153549653,0.032979915248096,,87.9434970855713,87.89595611572265,85.87458114624023,1,1,0.0292412284090062,0.0359429508399993,0,51.50108590826776,9.911056677004368,0.0592833453126416,0.7277756940696207,-0.0108233000917739,1.847820796557124,0.1373806680302972,-0.0340716760128395,-0.0703154906346582,-0.0776545862230954,0,,
2025-09-05,88.59117082790166,89.06590270996094,87.99048439122518,89.06590270996094,9886.0,0.0123334401970756,0.0113867631185418,0.0097204891234918,0.021779287615907,0.0501940206466575,,87.98176651000976,87.90547088623048,85.90006187438965,1,1,0.1192227189857817,0.0525989044691558,1,63.227382992512176,11.364326508903336,0.0732114636568952,1.3984886898647806,0.0,3.9392879967151258,0.139479035310686,-0.0128375103468665,-0.0560926340085204,-0.0762541260781611,0,,
2025-09-08,88.6783682455148,88.96902465820312,88.45553806859343,88.96902465820312,733.0,-0.001087712006617,0.0117893673750397,0.007570855537003,0.0193279297133135,0.0448169273031249,,88.02391128540039,87.91476669311524,85.92644561767578,1,1,0.1806342106765015,0.0782059657106249,1,61.79092952171163,12.71379135280952,0.0733734878597111,1.245374048198826,-0.001087712006617,3.4959032115173514,0.1389858552115006,-0.0181764596009068,-0.0553392974714505,-0.0780976773994043,0,,
2025-09-09,89.1240315061639,89.13372202388577,88.64929962158203,88.64929962158203,25244.0,-0.0035936668728178,0.0122801059791519,0.0059366101318099,0.0143332533118003,0.0416461562169678,,88.06605644226075,87.91384857177735,85.95120727539063,1,1,0.2011849865934465,0.1028017698871893,1,57.17431848289265,14.232928690827034,0.0742343761526863,0.9276253253254674,-0.0046774700048295,2.5925004399048084,0.1381669838556122,-0.0144039649697895,-0.0648109275059609,-0.1074398001742649,0,,
2025-09-10,88.6977504353671,88.93996165185723,88.48460338218382,88.90120697021484,20785.0,0.0028416169073881,0.0104614892065162,0.0124684593568837,0.0102072689924619,0.0440205032819227,,88.1164363861084,87.91300354003906,85.97814563751221,1,1,0.2350884885663902,0.1292591136230295,1,59.72735808982935,15.12305390509103,0.0733066214666556,0.683002711163479,-0.0018491446752908,1.84622072725096,0.1381601880801622,-0.0128196127154521,-0.0676088265873656,-0.1153991776004205,0,,
2025-09-11,88.74618326769189,89.10465850900967,88.6880549443374,88.93995666503906,14012.0,0.000435873664091,0.0109019227582396,0.0119047174700928,0.0129004386628768,0.0452959816649001,,88.14065742492676,87.91999938964844,86.00198539733887,1,1,0.2620631339891162,0.1558199176962468,1,60.12118702850654,16.239318728991144,0.073294409982743,0.8564693579996013,-0.0014140770046648,2.3333427646142897,0.1370812424224864,-0.0110836930023077,-0.0831939021607375,-0.1169567574656766,0,,
2025-09-12,89.1046540097766,89.38561987796847,88.62023162841797,88.62023162841797,24361.0,-0.0035948413807443,-0.0050038350028773,0.0018619042673979,0.0090946501950361,0.0427084170230069,,88.1677848815918,87.92327423095703,86.02434406280517,1,1,0.2547055098577857,0.1755970361285546,1,55.314666052380616,17.732264843012118,0.0714455067958116,0.6097684359409196,-0.0050038350028773,1.6449778789579024,0.1366341640490167,-0.0172179696525202,-0.0776402112893119,-0.1305942751706585,0,,
2025-09-15,88.69774552901747,89.05621337890625,88.63960981391982,89.05621337890625,7936.0,0.0049196638564017,0.000979989620411,0.0111098618409188,0.016767446720163,0.0466035793399555,,88.22252464294434,87.93106735229492,86.04528457641601,1,1,0.2808175336131171,0.1966411356254671,1,60.0096571307075,19.11857194888874,0.0714567840524354,1.086933442942198,-0.0001087883326825,3.0327806292459285,0.136579222149262,-0.013306908708366,-0.0834481263947832,-0.1140377954770642,0,,
2025-09-16,89.17248036560676,89.34687273326679,88.92057863638681,89.21123504638672,2137.0,0.0017407170325207,0.0063388591585429,0.0142086942297086,0.0146658944867115,0.0433326162506055,,88.30196990966797,87.95628356933594,86.06949295043945,1,1,0.3104418728943727,0.2194012830792482,1,61.55634682095938,20.85338697145617,0.0712414405153307,0.9603539328079692,0.0,2.6526662915455983,0.1370056156262698,-0.0112387254720476,-0.0842194823256831,-0.1087689197645903,0,,
2025-09-17,89.56001627577353,89.56001627577353,89.23060519788885,89.35655975341797,712.0,0.0016289955738835,0.0051220090111452,0.0197921014792203,0.0215329575547422,0.0478405104581471,,88.3872283935547,87.9912809753418,86.09043006896972,1,1,0.3417068803235565,0.2438624025281099,1,63.00101980746705,22.75926372873771,0.0693490474573503,1.410304603252841,0.0,3.894733506674418,0.1373995090655352,-0.0047751183399005,-0.0768747202325206,-0.113491204852886,0,,
2025-09-18,89.08527447819102,89.58907790265542,88.67836144499222,88.726806640625,3471.0,-0.0070476427755364,-0.0023965609204962,0.0122692471164784,0.0130618919350704,0.0422646114975151,,88.4281623840332,88.00910003662109,86.10868877410888,1,1,0.3120714454617967,0.2575042111148473,1,53.60091575092421,22.74632397133849,0.074675165767111,0.8490543128403639,-0.0070476427755364,2.362545323871473,0.1357966612909734,-0.0220457644087086,-0.0909272280619353,-0.1127508121589891,0,,
2025-09-19,88.71712074028511,89.09496963244835,88.26176248775519,88.45553588867188,9546.0,-0.0030573708468046,-0.0018584440225416,0.0062270586048229,0.0083703817155329,0.0375069788052822,,88.47805824279786,88.02378524780273,86.12474452972413,1,1,0.2636565981013632,0.2587346885121505,1,50.131075838161394,21.676425072940894,0.0751915506656862,0.554392468477174,-0.0100834663647805,1.5139771695672797,0.1347142502456544,-0.0352444169205683,-0.0907032075676741,-0.1236950137860587,0,,
2025-09-22,88.54272986461153,88.71712223252013,88.3198996894336,88.5621109008789,17915.0,0.00120484276237,-0.0055482089264798,0.0126288847529647,0.0033600596068505,0.039339046289305,,88.49598197937011,88.04365768432618,86.1409098815918,1,1,0.2312218144126632,0.253232113692253,0,51.46051806405001,20.682947524428847,0.0725826997289254,0.2451362235850173,-0.0088907725938797,0.6077445098730619,0.1342414644126831,-0.0375548726567979,-0.0895333062511786,-0.125992980368242,0,,
2025-09-23,88.7364859322541,88.93994983176127,88.51365578204909,88.69773864746094,4216.0,0.0015314421167516,-0.0057559611035401,0.0056018379682012,0.0065300095252391,0.0464419431155909,,88.53618850708008,88.074072265625,86.15763576507568,1,1,0.2139942478379026,0.245384540521383,0,53.1714320824432,20.2197782489662,0.0667741965190946,0.4469169626842363,-0.0073729461807288,1.1811032846833,0.1351829130176543,-0.024244552513303,-0.0811433618006965,-0.0993581155366341,0,,
2025-09-24,88.7558778028825,88.92057965430809,88.4070930635697,88.4361572265625,3083.0,-0.0029491329191392,-0.0103003353015754,0.0061727939615938,-0.0017384205055422,0.0411860040001865,,88.56816062927246,88.10326583862305,86.17218357086182,1,1,0.1771912917565146,0.2317458907684093,0,49.5442501502604,19.506933323953938,0.0663973435761227,-0.0819134181496893,-0.0103003353015754,-0.3144335641963089,0.1352144467840728,-0.0208020421142736,-0.0786302173191234,-0.098860791641233,0,,
2025-09-25,88.68805440111993,88.68805440111993,88.00017547607422,88.00017547607422,18730.0,-0.0049299038330142,-0.0081895336039072,0.0023174066804538,-0.0056953075951428,0.0385632257234398,,88.55895690917968,88.1130453491211,86.18558628082275,1,1,0.111558621947168,0.207708437004161,0,44.13962341534892,18.364594356254585,0.0687008348221613,-0.3335752380953887,-0.0151794594721051,-1.030128131039521,0.1351714587328544,-0.0178001421235811,-0.0734481132218699,-0.1077451268896777,0,,
2025-09-26,88.08737100455959,88.32958221435547,87.88391447533499,88.32958221435547,3456.0,0.0037432509253441,-0.0014239207648341,0.0016480532138898,-0.0041222461945155,0.0419811613255562,,88.5722785949707,88.13746017456054,86.20204696655273,1,1,0.0851431518232885,0.1831953799679866,0,48.693619707926935,17.558640790323814,0.0682100238668737,-0.2312802735320562,-0.0114930290724762,-0.745603586303676,0.1349045571932535,-0.0205912382865985,-0.0728570133396745,-0.1122721122690642,0,,
2025-09-29,88.46521528723207,88.6008529663086,88.27144928617966,88.6008529663086,1631.0,0.0030711200613948,0.0004374564363427,0.0061058964724884,-0.0038519481519853,0.0386297850000425,,88.60570335388184,88.1639096069336,86.22089878082275,1,1,0.0851168104082518,0.1635796660560396,0,52.15300293577586,16.44878828846693,0.0687464122801656,-0.2138229158188401,-0.0084572054832322,-0.6967139323694888,0.1349396263485607,-0.0248398613552874,-0.0755036349477512,-0.1353769839999622,0,,
2025-09-30,88.70742560569226,88.89150847905799,88.55241428472564,88.726806640625,5675.0,0.001421585347088,0.000327719664642,0.0090347725515749,0.0015424111391193,0.0395245660707175,,88.66334953308106,88.17979858398438,86.24122703552246,1,1,0.0941737669612052,0.1496984862370728,0,53.71353906856862,16.04331677351846,0.0685330638589193,0.1292176660783373,-0.0070476427755364,0.2789807358939868,0.1346243515698688,-0.0256711730934418,-0.0697874905899861,-0.1320923724326438,0,,
2025-10-01,88.62992291183599,89.0562095847611,88.4361495225982,88.70258331298828,5618.0,-0.0002730102497076,0.0030126375317647,0.0128885486968488,0.0027820881341302,0.0349568696200521,0.0154671851712624,88.69943885803222,88.19181213378906,86.2638564300537,1,1,0.0982641225463822,0.1394116134989347,0,53.35313743452084,15.996244806114223,0.06661622543516,0.2084155116201254,-0.00731872894653,0.5032049985224706,0.1341305336571114,-0.0324945049631646,-0.064483405568061,-0.1364081548659039,0,,
2025-10-02,88.80431906859211,88.98839455662572,88.69774554787297,88.67352294921875,797.0,-0.0003276157546279,0.0076516605734224,0.0078736060633626,7.85599150141536e-05,0.0345025981354663,0.0172157841257283,88.73407516479492,88.2074104309082,86.28714004516601,1,1,0.0980307923759937,0.1311354492743465,0,52.89460894939247,15.952535122096004,0.0650361785934874,0.0356787542024378,-0.0076439469702512,0.014209377996927,0.1339323486428032,-0.033180764126987,-0.0680788210867929,-0.1323236892581363,0,,
2025-10-03,88.9883892106732,88.9883892106732,88.71711386212102,88.92057037353516,5887.0,0.0027860337122038,0.0066907161153042,0.0106815759074956,0.0110306026160325,0.0206710684121269,0.0270318735965326,88.72680854797363,88.22717468261719,86.31102394104003,1,1,0.1164383106509205,0.1281960215496613,0,56.33056718197186,15.9119475583648,0.065544362486536,0.7562619854135102,-0.0048792095520008,1.9951396596707072,0.1343074573327396,-0.0223700375141562,-0.064880367954387,-0.1861008934365071,0,,
2025-10-06,88.36833832041614,88.50397600875388,88.07768929899227,88.31990051269531,3090.0,-0.0067551282938983,-0.0031709903935136,-0.0083758450155155,0.0081410570816276,0.007592017471258,0.0237647517653036,88.69435234069825,88.24093246459961,86.33253944396972,1,1,0.0816165390824892,0.1188801250562269,0,47.29714368475136,15.328212950524453,0.0546177732772863,0.5580841390667133,-0.0116013781594025,1.4724985044416752,0.1329234983595302,-0.047000159820101,-0.0713937667064693,-0.2462708967110823,0,,
2025-10-07,88.36833832041614,88.36833832041614,88.00017993659938,88.31990051269531,9731.0,0.0,-0.004586056270207,-0.0072960690307843,0.0055108126843976,0.0222915548082629,0.023987977086407,88.67788238525391,88.25914688110352,86.35939331054688,1,1,0.0534044213114128,0.1057849843072641,0,47.29714368475136,14.954184176487818,0.0545738556408892,0.3890922794562034,-0.0116013781594025,0.9967579584163136,0.1334181507212436,-0.0400595044854339,-0.0647952605877951,-0.2337963512557866,0,,
2025-10-08,88.31020059304825,88.31989111024063,87.95172537391882,88.15518188476562,12193.0,-0.0018650227975065,-0.0061712005195062,-0.0055738481739353,0.0049464232427707,0.0240066502478333,0.0252089581730521,88.64058113098145,88.27232315063476,86.38297782897949,1,1,0.0175523653162059,0.0881384605090525,0,45.001967696028615,14.715238215742492,0.0535962647790137,0.3521159140089505,-0.0134447641221593,0.8946750715890155,0.1323799388553657,-0.0418844273701025,-0.0682402820197926,-0.2490100225580651,0,,
2025-10-09,88.48459490689622,88.48459490689622,87.84515380859375,87.84515380859375,9651.0,-0.0035168446090569,-0.0093417867371683,-0.0118789519019119,0.0031594097010247,0.0243819677015639,0.0208218021387533,88.58584098815918,88.28530563354492,86.40731685638428,1,1,-0.0354684637230064,0.0634170756626407,0,40.97191830706969,14.029573595099237,0.0534848301311696,0.2350600748278541,-0.0169143255849932,0.5714523326677665,0.1322976480377272,-0.0424329188017129,-0.0704739262958464,-0.1674254558294547,0,,
2025-10-10,88.07768443075447,88.53303527832031,87.89360155317091,88.53303527832031,16654.0,0.007830613755033,-0.0043582164800214,-0.0045752370697826,0.0155548544541115,0.0305675545077175,0.0292654344552758,88.5814811706543,88.31378952026367,86.43554210662842,1,1,-0.0217310648015001,0.0463874475698125,0,51.3764551210033,13.25703916291164,0.0608526040592775,1.0135157742887146,-0.0092161613805432,2.813455266414614,0.1370374382031431,-0.000319549331252,-0.0310028778016349,-0.1768531803105988,0,,
2025-10-13,88.52335446047945,88.73649411328715,87.93235852496406,88.39739990234375,11259.0,-0.0015320312417863,0.000877485019781,-0.0025144565973213,0.0163368458799031,0.0237544577767987,0.0334526347974832,88.54854049682618,88.32715957641602,86.46236019134521,1,1,-0.0215404139887311,0.0328018752581038,0,49.52286423727455,12.63823930566484,0.0598182078378124,1.0642508307719396,-0.0107340731751652,3.1680837592523776,0.1347597321670991,-0.0137186178505483,-0.048993067609664,-0.1802827118132505,0,,
2025-10-14,88.73649207192437,88.73649207192437,88.4361525479551,88.59117126464844,11534.0,0.0021920482109061,0.0030714567201548,-0.0052218940892895,0.0123409496622048,0.020469103093039,0.0307303855755893,88.51753730773926,88.33917327880859,86.48944160461426,1,1,-0.0056880243192267,0.0251038953426376,0,52.177374827633535,12.063639438221385,0.057633010526793,0.8253894260092198,-0.0085655545701585,2.3931891434856483,0.1352203310028313,-0.0099494719990838,-0.0484026120075287,-0.1739771288785075,0,,
2025-10-15,88.87214399393007,89.13372885888539,88.64930641943494,88.89151763916016,17421.0,0.0033902517623849,0.0083527223091326,-0.0035838244707667,0.020464934184539,0.023816101674511,0.029492616198637,88.49428520202636,88.35467498779298,86.51905952453613,1,1,0.0307560148338268,0.0262343192408755,1,56.03658690203654,12.526685461079776,0.0586231633600101,1.353213009119918,-0.0052043421942509,3.968613409272826,0.1350790575880296,-0.0140618910358794,-0.0391615913353468,-0.1772418922048194,0,,
2025-10-16,89.30811006629881,89.37592890367429,88.34895582578872,89.03683471679688,2044.0,0.0016347687776758,0.013565698920622,-0.0035780813127025,0.0201476395642143,0.0218935611237169,0.0356889233224086,88.50978660583496,88.37124221801758,86.55015655517577,1,1,0.07055078657622,0.0350976127079444,1,57.81056356154024,12.055632556968384,0.05862539212429,1.3335280327653083,-0.0035780813127025,3.9070828090003817,0.1362276258528704,-0.0085290203774005,-0.0335823676970571,-0.1915349485006392,0,,
2025-10-17,89.49219563012656,89.86035398814988,88.96901855817818,89.13372039794922,6115.0,0.0010881528017085,0.0067848698256027,0.0045861422576873,0.0136623495614496,0.0179854093464701,0.0365889636155516,88.54369583129883,88.38790634155274,86.58154987335205,1,1,0.1086538012631592,0.0498088504189873,1,58.99847518763346,12.666366772988274,0.053103377156954,0.9417234414928224,-0.0024938220101992,2.649438458136084,0.135606122229722,-0.001403120367173,-0.0433355974924848,-0.1980298459766986,0,,
2025-10-20,89.01746516784843,89.14341973329637,88.76557082035225,89.12403869628906,5927.0,-0.0001086199657877,0.0082201376369448,0.0075575010755521,0.011601711268216,0.0171538382503269,0.0441295440530777,88.57179222106933,88.4078645324707,86.61247150421143,1,1,0.1364960411132045,0.0671462885578308,1,58.820243872497215,12.66573825167609,0.0517738627914705,0.806102949935937,-0.0026021710971254,2.249834106201936,0.1341956887787783,-0.0038493438216856,-0.0549723690419664,-0.2056677510725196,0,,
2025-10-21,89.2209166828786,89.33718072327694,88.94964131364856,89.10466003417969,1144.0,-0.0002174347391887,0.0057961618770938,0.0061261992039465,0.013778612201617,0.0211054153412286,0.0458619720665898,88.59213829040527,88.4338298034668,86.64564792633057,1,1,0.1552083751737711,0.0847587058810189,1,58.4396971736175,13.060154967594316,0.0517170966355357,0.9542320805772814,-0.0028190400339203,2.671984412528372,0.134168519816565,-0.0005433834950864,-0.044867438828877,-0.1902133160198907,0,,
2025-10-22,89.48251396392571,89.68597050230332,88.64930677340797,89.12403869628906,6016.0,0.0002174820273366,0.0026157845349517,0.004806211018778,0.0135522455917198,0.0175418180095068,0.0496820581904589,88.6265323638916,88.45843841552734,86.680191116333,1,1,0.1696461555299464,0.1017361958108044,1,58.72725761939476,14.065242999717055,0.0515215095263035,0.9391571881975044,-0.0026021710971254,2.6280868091767706,0.1348990212346969,-0.002100056705542,-0.039772374333361,-0.1717477095383895,0,,
2025-10-23,88.97869988052328,89.13371859130628,88.77524336639483,88.91088104248047,3426.0,-0.0023916965268481,-0.0014146243486421,0.0053679833091546,0.0145936354566906,0.0169374578411345,0.0428389185075761,88.67206764221191,88.46754531860351,86.71310413360595,1,1,0.1620204879207989,0.1137930542328033,1,54.27848710746344,14.998539029545318,0.0511222947851236,1.0121536643633648,-0.0049876440203983,2.83003584771931,0.1337830626629105,-0.0105860294902366,-0.0404155657484012,-0.1711737654888967,0,,
2025-10-24,88.83270263671875,88.83270263671875,88.83270263671875,88.83270263671875,0.0,-0.0008792895182803,-0.0033771479512639,0.0094605170517061,0.0162857374283575,0.0133319501366893,0.0411753896422386,88.69722366333008,88.48264572143555,86.74877754211425,1,1,0.1479631206685923,0.1206270675199611,1,52.70162100365058,15.86517105724299,0.0477559057693599,1.1293483118833652,-0.0058625479555705,3.1581726750386765,0.1325818960923259,-0.0191576140762556,-0.0468461755420862,-0.1804948560390304,0,,
2025-10-27,88.68805088535362,88.94963572017622,88.64929620765787,88.91088104248047,2082.0,0.0008800633487582,-0.0023916965268481,0.0065810209168013,0.0161665296515864,0.0105913389929162,0.0470557179844701,88.71272506713868,88.50163497924805,86.78582954406738,1,1,0.1414997784586091,0.1248016097076907,1,54.13651179802019,16.06159708997678,0.046277276518571,1.1214556453364286,-0.0049876440203983,3.135055592075331,0.1311512904175791,-0.0278216455675236,-0.0605551278777769,-0.1871524986517355,0,,
2025-10-28,89.29842339215539,89.29842339215539,88.93026502937258,89.06590270996094,9717.0,0.0017435623813737,-0.0004349640546732,0.0052488179073082,0.0214444746406452,0.0136735989082863,0.0512684511564627,88.72967987060547,88.53050643920898,86.82257488250733,1,1,0.1471897740935617,0.1292792425848649,1,56.92692638325962,16.945301025311352,0.045503617604124,1.4844862346127887,-0.0032527779075102,4.158568449146102,0.1310319467063722,-0.0289587258237589,-0.0593631286915977,-0.1865104986235086,0,,
2025-10-29,89.06590416778877,89.12403249136403,88.93995700280928,89.11434936523438,14979.0,0.0005439416634129,-0.0001087173695943,0.0043678200454013,0.0230230181133748,0.0178751287333096,0.0490449613689716,88.75026817321778,88.559765625,86.85664638519287,1,1,0.1538350619878485,0.1341904064654616,1,57.79121848505588,17.76588325097917,0.0453208813302956,1.5921157411952538,-0.0027106055655229,5.444619795585769,0.131040269194258,-0.0266228385415897,-0.0618941127092231,-0.177744605390854,0,,
2025-10-30,88.9980851272673,89.0271492889899,88.31989671474224,88.34896087646484,9197.0,-0.0085888355155081,-0.0063200382161002,-0.0039866080932015,0.0070679536876971,0.0103448874567715,0.041245649028577,88.73404006958008,88.56858230590821,86.88508815765381,1,1,0.0962317464249764,0.1265986744573646,0,43.08291526953672,16.700528057686693,0.0546382498065328,0.5042031225221929,-0.0112761601356814,1.671471584342973,0.1313595058155811,-0.0206591874793706,-0.0815597370180297,-0.1625013093718634,0,,
2025-10-31,88.74618081914038,88.8624448543409,88.25206790916207,88.42646026611328,2301.0,0.000877196391215,-0.0045731173154417,-0.0027862057905035,0.0049547870479451,0.0117835053796293,0.0441268504839507,88.70933456420899,88.5879591369629,86.91468132019043,1,1,0.0561865730479667,0.112516254175485,0,44.61985160292815,15.542832720729978,0.0547577722812278,0.3638776130299148,-0.010408855151444,1.171737411285901,0.1310448685896264,-0.0215592430240855,-0.0725982698615258,-0.1757915930570903,0,,
2025-11-03,88.41678239501452,88.7074314127408,88.17457118439283,88.44584655761719,6526.0,0.0002192363173372,-0.0052303439062885,-0.0053387401129317,0.0037383988376391,0.0116737894497636,0.041290819791109,88.71563186645508,88.59280334472656,86.94241397857667,1,1,0.025718331427555,0.095156669625899,0,45.01979700544432,14.594371772415284,0.0537497788436993,0.2820578805437868,-0.010191900833178,0.8840787170028152,0.1308280737759679,-0.0259061084609151,-0.0801431974037264,-0.1739654168225846,0,,
2025-11-04,88.75587365136789,88.8721376896005,88.16487772582586,88.29082489013672,3583.0,-0.0017527297607975,-0.0087022956736678,-0.0003292080537886,0.0009336028793787,0.0152228309830106,0.039408020587589,88.71417808532715,88.60074768066406,86.9682734298706,1,1,-0.0108122852698073,0.0739628786467578,0,42.38389187528814,13.821780273744398,0.0486745595041666,0.0922280746615419,-0.011926766946066,0.2207839429761068,0.1321653966861732,-0.0057032931175685,-0.0645997676417752,-0.1552787282000646,0,,
2025-11-05,88.46522302052414,88.7074342388624,87.87422705644278,87.89360809326172,3790.0,-0.0044989589503696,-0.0136985937805533,-0.0048266859106381,-0.0046081965832089,0.0128238310765653,0.0472571475374339,88.70109939575195,88.602685546875,86.9928868484497,1,1,-0.0709967318885986,0.0449709565396865,0,36.48862318571699,13.312981724958735,0.051096287588207,-0.2800999743053796,-0.0163720678615347,-1.089773643722013,0.1311164188695981,-0.0172520143563867,-0.0737677126704683,-0.1612553095576134,0,,
2025-11-06,88.08736366979547,88.42645785693446,88.04860899245116,88.38771057128906,2597.0,0.0056215973919635,0.0004385981956074,0.0026377200018417,0.0029682617791146,0.0311681907755954,0.0465754672059461,88.72822723388671,88.60675476074219,87.01999465942383,1,1,-0.0779251264978597,0.0203917399321772,0,46.46387396707632,12.840525929657762,0.0545352658033645,0.2253057742233097,-0.0108425076435627,0.7019521403086587,0.1332835456591949,0.0068258590511705,-0.049239330043212,-0.1082758535219996,0,,
2025-11-07,88.35863644926549,88.72680217747741,87.90328563503806,88.4652099609375,608.0,0.0008768118231314,0.000438213796047,0.0070585129111937,0.0075030237310755,0.0300642753472941,0.0457458903157066,88.72483596801757,88.61479598999023,87.04663055419923,1,1,-0.0762830327696519,0.0010567853918114,0,47.84748335226082,12.267431689528124,0.0529324869378382,0.5263090419783483,-0.0099752026593255,1.7743595271391548,0.1332692033973296,0.0073437084786669,-0.047766613153813,-0.1042297750601838,0,,
2025-11-10,88.17456556571697,88.45553143913831,88.10674672673245,88.19393920898438,2919.0,-0.0030664116670598,-0.0028481535135593,-0.0038301642801461,0.0034169847186609,0.0262781583245033,0.046729395090826,88.71466293334962,88.6200276184082,87.06937980651855,1,1,-0.095767001853261,-0.018307972057203,0,43.59990433897681,11.735272752264889,0.046582292768993,0.2552470331822655,-0.0130110262485695,0.8080688009200473,0.1308191889455542,-0.045376280665514,-0.0562587052008692,-0.1201119398768009,0,,
2025-11-11,88.66867557469631,88.67836609267057,87.83547582139659,88.51366424560547,3549.0,0.0036252495294883,0.0025239242667178,0.0013152461881249,0.00065714775621,0.0258950070922512,0.0552365337465385,88.71078758239746,88.6388232421875,87.09589996337891,1,1,-0.0844357268253048,-0.0315335230108234,0,49.31141382156386,11.313413610376232,0.048095589576599,0.0733881291972399,-0.0094329449358669,0.1554061967230766,0.1309935761828921,-0.02794719107587,-0.0577895824259887,-0.1181629092053231,0,,
2025-11-12,88.37802919957781,88.6783687404523,87.83547844401109,88.55242156982422,1075.0,0.0004378682607828,0.0074955789260973,-0.0004373990576156,0.0053900041560852,0.0257765765488688,0.0574775027088951,88.69383277893067,88.65025573730469,87.12199321746826,1,1,-0.0715039643805397,-0.0395276112847667,0,49.972775901819546,10.921679193600855,0.0474991762438508,0.3938034029924534,-0.0089992070622771,1.2746601328286766,0.1309780556851535,-0.0313730582244248,-0.053771572120129,-0.1131733278849593,0,,
2025-11-13,88.7461810928254,88.7461810928254,87.89360034048964,88.4845962524414,2472.0,-0.0007659340781475,0.0010961442549664,-0.0045777302213533,0.005947813388851,0.0229544070374652,0.056667544652696,88.6662208557129,88.66033172607422,87.1466254043579,1,1,-0.065967948303296,-0.0448156786884725,0,48.77345509903776,10.341693874235348,0.0458981775625574,0.4317265851416798,-0.0097582483410593,1.4065741666847769,0.1330861718065799,-0.014753477089896,-0.0395251154049156,-0.099706251584995,0,,
2025-11-14,88.22300336973503,88.79462563406094,87.68045265785882,88.19393920898438,4202.0,-0.0032848321150474,-0.0030664116670598,-0.0094668179803732,0.0065235596787902,0.0208900954172637,0.0536699387637127,88.61923179626464,88.64289245605468,87.17040107727051,0,1,-0.0840651591361734,-0.0526655747780127,0,43.91005929010651,10.416037405887762,0.0465597928213685,0.4716079624247116,-0.0130110262485695,1.542730062145625,0.1326707094901866,-0.0261100958077717,-0.0390271984949019,-0.1043973461864554,0,,
2025-11-17,88.05830149561419,88.30051269070427,88.00985629991654,88.13581085205078,5048.0,-0.0006590969567177,-0.0006590969567177,-0.0111956456147364,0.0055266753436415,0.0197100410500805,0.0547535889455246,88.56982040405273,88.62622817993164,87.19379062652588,0,1,-0.1019228979870092,-0.062517039419812,0,42.98688448459268,10.48507068527929,0.0462252998465599,0.404027867951567,-0.013661547677483,1.30698094539943,0.1338300983102018,-0.0130969302146365,-0.0362081788474683,-0.1122360264318239,0,,
2025-11-18,88.2617565135055,88.31020170838039,88.02923583984375,88.02923583984375,11469.0,-0.0012092134987664,-0.0054729222870893,-0.0122840355134276,0.0013776770493791,0.0194906491060236,0.0483445338051209,88.51604919433593,88.61382690429687,87.21657569885254,0,1,-0.1232541997927683,-0.0746644714944033,0,41.27354387909042,10.512317570939086,0.0462555200674334,0.1228411985266954,-0.0148542414483839,0.3258012350090883,0.1348002489877861,0.0045050643169648,-0.0346285372607845,-0.1045571371094203,0,,
2025-11-19,88.48459989562852,88.48459989562852,87.74827575683594,87.74827575683594,3849.0,-0.003191667862697,-0.0090810143724212,-0.0152223719480378,0.0033234044984644,0.011650033855536,0.0484632507283233,88.44726104736328,88.5907682800293,87.23370693206788,0,1,-0.1609749220766332,-0.0919265616108492,0,37.07791594983884,11.342249360581375,0.0470980368765771,0.257420887219537,-0.0179984995060255,0.7385958988163356,0.1338529059776062,-0.0023523687925479,-0.0403406451017278,-0.1209050672673577,0,,
2025-11-20,87.68045189942849,88.01954609141798,87.52543318783387,87.72889709472656,667.0,-0.0002208437937069,-0.0085404600316972,-0.015653931553941,-0.0053823072984778,0.0085400668494917,0.0481729399364412,88.38816184997559,88.56654708862305,87.25245998382569,0,1,-0.1902395986544576,-0.1115891690195709,0,36.80004864335306,12.654822157542938,0.0470117994584069,-0.3627260786623056,-0.0182153684428204,-1.1819266320799906,0.1358947024475224,0.0073809372648685,-0.0191068291268681,-0.0915396662343451,0,,
2025-11-21,88.39739772969223,88.51366176702929,87.52543592891232,87.9420394897461,20740.0,0.002429557444332,-0.002856202155132,-0.0108967714792014,0.0005510229644114,0.0145541247439573,0.0530273921218575,88.34362869262695,88.5529832458496,87.27275619506835,0,1,-0.1939969792918958,-0.1280707310740359,0,41.95274507281476,12.124808430515316,0.0478456092136578,0.0670670368693183,-0.0158300662824898,0.121001771249616,0.1348812872695955,0.0082089958536237,-0.0232147215578195,-0.1003707728156085,0,,
2025-11-24,87.55450896621795,88.55241794725484,87.52543741261644,88.04861450195312,5992.0,0.0012118778780365,-0.0009893407600688,-0.0088265707503255,0.0028691246575875,0.0084517754565585,0.0460558093641267,88.30051536560059,88.53283126831055,87.29434913635254,0,1,-0.1862282938683392,-0.1397022436328966,0,44.39398152076448,11.514693276953489,0.0481933683034232,0.2349475881691311,-0.014637372511589,0.6300448219519471,0.1330859148110508,0.0038015651727736,-0.0329543837274908,-0.1152740852692887,0,,
2025-11-25,88.4845947564369,88.62023243311303,87.64169714420755,88.37802124023438,3190.0,0.0037411916149339,0.0039621541305343,-0.0059931899897774,0.0021973466075055,0.0134437494154748,0.0502626045467831,88.26612129211426,88.5161669921875,87.31854396820069,0,1,-0.1517419966067166,-0.1421101942276606,0,51.22226523479,10.735650626088406,0.0501438154888315,0.1868181306580043,-0.0109509421119602,0.4825258632215101,0.1323390531246998,0.0090564317235379,-0.0392168297064157,-0.1201645880558336,0,,
2025-11-26,88.75587310736067,88.78493726881587,87.69982842706024,88.59117126464844,5622.0,0.0024117990131806,0.0096058355624935,-0.0053301143408206,0.0059959560283273,0.0140005300617953,0.0438687815611757,88.23996238708496,88.5008592224121,87.34571426391602,0,1,-0.1059901435669132,-0.1348861840955111,1,55.06721513779376,10.427525551192735,0.0505357400729449,0.4613480355156079,-0.0085655545701585,1.3166806950366472,0.1317486835595001,0.005469939744801,-0.0478996570342078,-0.1207922782542588,0,,
2025-11-27,89.01746060876742,89.1046604874346,88.36833634456511,88.62992858886719,6441.0,0.0004374851767448,0.0102706351496442,-0.0054359458360829,0.007933038739418,0.0161099881646722,0.0504965100560321,88.25401077270507,88.49892166137695,87.36949764251709,0,1,-0.0658450574178175,-0.1210779587599724,1,55.750234652893866,10.993347333319612,0.05051601832394,0.6020089024264405,-0.0081318166965687,1.7420539630080432,0.131806321655613,0.0058459316824157,-0.0460663523349885,-0.1139389536835502,0,,
2025-11-28,88.44584160888704,89.84098046935084,87.97110973230666,88.542724609375,30594.0,-0.0009839112011102,0.0068304661014706,0.0021931636884908,0.0110631334242397,0.0116770063319426,0.0396104588889529,88.25982398986817,88.50066543579102,87.39055335998535,0,1,-0.0405984263782528,-0.1049820522836285,1,53.76973454660959,12.919565188688404,0.0406041663882537,0.8364462832886287,-0.0091077269121457,2.429406442857888,0.1309617975880808,-0.0030276318796349,-0.0553511169180969,-0.1228293218346034,0,,
2025-12-01,88.35864485303006,88.80431997606398,87.98079596360081,88.16487884521484,24528.0,-0.00426738352391,0.0013204562493045,-0.0029581803920594,0.0020922978413031,0.0070301589312813,0.0363186699906259,88.24577560424805,88.49272079467774,87.4113430404663,0,1,-0.0504971846548585,-0.0940850787578745,1,46.12401728502721,14.708196054387995,0.0432030682108917,0.1806581173091031,-0.0133362442722907,0.4594577016401544,0.1310010096510414,-0.0003346864250165,-0.0543412600999079,-0.1270928584484948,0,,
2025-12-02,88.62023474366406,88.89151010408912,88.00017466506411,88.24238586425781,6798.0,0.0008791144507671,-0.0015347184070558,-0.002300398506863,0.0029732516613381,0.0132197420982549,0.0351694848508281,88.2433536529541,88.48361373901368,87.43304542541505,0,1,-0.0514942594532641,-0.0855669148969524,1,47.764813518160445,16.510569894296918,0.0433320107553617,0.245297766587295,-0.0124688539065822,0.6529105693027578,0.1308737752902257,0.0003493249800194,-0.0473639619996351,-0.1143490324078878,0,,
2025-12-03,88.3586497772081,88.53304215064034,88.25207624946063,88.45069122314453,6101.0,0.0023606043382276,-0.0015857115274415,0.0018106788922489,-0.0069073738445094,0.0147214760897673,0.0365836844819607,88.27120780944824,88.48390441894531,87.45698287963867,0,1,-0.0350716625385274,-0.0754678644252674,1,51.99616831187992,18.18420274564092,0.0437037288079622,-0.5475395994729041,-0.0101376835989792,-1.5168232974856823,0.1307300194790216,-0.0108604615363872,-0.0627263861710553,-0.1153005319574056,0,,
2025-12-04,88.82369515201493,88.82369515201493,87.99048799898114,88.32958221435547,1518.0,-0.0013692262560563,-0.0033887692260811,0.0049602483110164,-0.0071872479922561,0.0120017670970309,0.0348790967211034,88.26830139160157,88.49049255371094,87.47807098388672,0,1,-0.0314663959983079,-0.0666675707398755,1,49.48623932731268,20.20969274255201,0.0408123750812682,-0.5704386940145226,-0.0114930290724762,-1.5782822017266231,0.130455649472572,-0.0050395625713609,-0.0613746321591344,-0.1133175006043297,0,,
2025-12-05,88.80432233587852,88.9205789869772,87.81609645134216,88.08737182617188,8313.0,-0.0027421208400578,-0.0051427464561544,-0.0033979695047644,-0.006338773095883,0.0079036249754478,0.0299412799588087,88.24940948486328,88.48564834594727,87.49704093933106,0,1,-0.0476047919714943,-0.0628550149861993,1,44.82587501221822,21.39656718413689,0.0370210838327881,-0.5025374216575121,-0.0142036346379992,-1.391961536431602,0.1298512583094634,-0.0257517710288698,-0.0601860539623478,-0.1210962674880853,0,,
2025-12-08,87.6707603064612,88.21331839868712,87.66932631687125,87.91297149658203,11140.0,-0.0019798562038381,-0.002857230134406,-0.0062424365985149,-0.0111161086256557,-0.0010223047440852,0.0303955596947691,88.23536109924316,88.47189071655274,87.51466144561768,0,1,-0.0736186066531416,-0.0650077333195877,0,41.775218140077165,21.94469686975429,0.037334791491355,-0.9059438996566234,-0.0161553696876822,-2.4410395210009894,0.1299846833037858,-0.024645754681607,-0.0591740999341489,-0.1227822350606032,0,,
2025-12-09,88.31989576316676,88.39739772969223,87.52543592891232,87.9420394897461,8030.0,0.0003306450990021,-0.0034036520156395,-0.002856202155132,-0.0112201221218408,0.001535572043813,0.034156652037838,88.2067798614502,88.45619537353515,87.52987308502198,0,1,-0.0908420277421555,-0.0701745922041013,0,42.4778888245242,22.813969286387938,0.0359883511369008,-0.9147900367622608,-0.0158300662824898,-2.463880342682011,0.1301400088461532,-0.0051917467527157,-0.050635910892463,-0.1296172140365931,0,,
2025-12-10,87.97111246782605,87.97111246782605,87.62232774186441,87.93235778808594,7131.0,-0.0001100918481801,-0.0058601400157624,-0.0065674205499677,-0.0077620406502237,0.0012620165002987,0.0365654810160211,88.17577667236328,88.44079086303711,87.54491695404053,0,1,-0.1040732537677939,-0.0769543245168398,0,42.29480401539382,23.621150816119183,0.0332980191883392,-0.6315639550162347,-0.0159384153694162,-1.704503673802021,0.129268327807791,-0.0131704807622959,-0.0539091836400686,-0.1273638745211315,0,,
2025-12-11,88.19393718456756,88.63960488647866,87.80639780282345,88.38771057128906,3076.0,0.005178443915953,0.0006580848168458,-0.001860039461544,-0.0075065262967437,0.009135055143685,0.0440172926977344,88.17093238830566,88.43507461547851,87.56409950256348,0,1,-0.0769291404124885,-0.0769492876959696,1,52.63498323229782,25.455351390104,0.0383141044966868,-0.6083521892192436,-0.0108425076435627,-1.6483940534274726,0.1296360874140015,-0.0102457489090981,-0.0508359516623445,-0.1300419131374094,0,,
2025-12-12,88.33926467831881,88.35863832098835,88.03892517089844,88.03892517089844,47303.0,-0.0039460847909316,-0.0005499841154193,-0.005036708087264,-0.0131408322604066,0.001332340166906,0.0458822995195686,88.16318168640137,88.41744171142578,87.58005813598633,0,1,-0.0826090363571552,-0.0780812374282067,0,45.85681941811219,27.158537637375616,0.040544178147773,-1.0750083227694132,-0.0147458069799865,-2.8856582790549337,0.1305279704070309,-0.0192221428028368,-0.0472801438804443,-0.1275177169642325,0,,
2025-12-15,88.06799090002917,91.1101628805756,88.06799090002917,88.26175689697266,1068.0,0.0025310591382352,0.0039673940540638,0.00076896086734,-0.0122520703512585,0.0090170638926523,0.0505250970510113,88.16947898864746,88.41627883911133,87.59674900054932,0,1,-0.0683419335345831,-0.076133376649482,1,50.26354315795149,30.637198199635648,0.0400384806202145,-0.9964910715602502,-0.0122520703512585,-2.690490795716056,0.13105633903019,-0.0121682507480375,-0.0461658857334028,-0.1194916164158816,0,,
2025-12-16,88.7752444859611,88.80431603837377,87.77733554573234,88.4022445678711,3991.0,0.0015917162295151,0.0052330498677899,0.003022990464881,-0.0036579933961615,0.0093561182244692,0.0506092405449503,88.18812942504883,88.41792572021484,87.61177909851074,0,1,-0.045178184829453,-0.0699423382854762,1,52.86809454408989,33.16089412877066,0.0403018805375297,-0.2931145567228418,-0.0106798559409665,-0.8032762856403193,0.1316245897245964,-0.0164799145592295,-0.0307229318211106,-0.1188566088546164,0,,
2025-12-17,88.5524185570304,88.66867520543953,87.83547545560961,88.28114318847656,52630.0,-0.001369890323334,0.0039665193697089,0.0028616327999384,-0.001971529519812,0.0063823497410766,0.0507558400871757,88.21477279663085,88.42044494628907,87.62732563018798,0,1,-0.0361756064528577,-0.0631889919189525,1,50.41715831643176,35.50432606296745,0.0403737787519195,-0.1486561463197517,-0.0120351160329924,-0.4329376076421209,0.1329067383908157,-0.0140467885718962,-0.0134173767923044,-0.1029035852477724,0,,
2025-12-18,88.8140018552269,88.93026589330321,88.14550396346121,88.49913024902344,14031.0,0.0024692369477079,0.0012605788408164,0.0085569144887613,-0.0007111466880679,0.0026465234235215,0.0669085165725622,88.2532844543457,88.43352447509766,87.64577629089355,0,1,-0.0113207654993487,-0.0528153466350317,1,54.50564142763848,37.8151583423985,0.0392356107594113,-0.0387062776210264,-0.0095955966384632,-0.156164106456848,0.1322363400886841,-0.0120771818670307,-0.0149366988267866,-0.1031326730475249,0,,
2025-12-19,88.62023556038864,88.62992607812147,87.99048495834138,88.00017547607422,1065.0,-0.0056379624471476,-0.000440142752186,0.0030922351737163,-0.0078644978104713,-0.0013858435308456,0.0546739143752865,88.25619125366211,88.42286727905274,87.66001346588135,0,1,-0.0315212478878379,-0.048556526885593,1,45.298412763077465,39.551144313460455,0.0444693061614383,-0.6412604264513833,-0.0151794594721051,-1.72700273222222,0.1303097479503346,-0.0410976616203598,-0.0360486762604627,-0.1142669272809203,0,,
2025-12-22,88.00985982218381,88.24238790079968,87.9032936924424,88.04861450195312,811.0,0.0005504423782891,-0.0024148895570743,0.0012118778780365,-0.0043821750827157,-0.0061129775252353,0.0611162718082105,88.25619125366211,88.41589157104492,87.67473152160645,0,1,-0.0431245383171159,-0.0474701291718976,1,46.247712430203904,40.92826072344552,0.0437262293327858,-0.3490879540918162,-0.014637372511589,-0.9623028098309876,0.1295742402273109,-0.039346058669184,-0.0417130468741172,-0.1170633582524861,0,,
2025-12-23,88.79463098951136,88.94964232009697,87.8451597947637,88.32958221435547,3596.0,0.0031910520567715,-0.0008219514546357,0.0031910520567715,0.0037432509253441,-0.0019733756352244,0.0656500091032146,88.25376930236817,88.41065979003906,87.69061573028564,0,1,-0.0293106088798253,-0.0438382251134831,1,51.5048288532884,42.6496129411634,0.0449040587032723,0.3438525484110998,-0.0114930290724762,0.8219983947169738,0.1293963210180522,-0.0277233980638516,-0.0427245349642628,-0.1130346117047259,0,,
2025-12-24,88.862443239135,89.01745455821903,88.01954563057515,88.91088104248047,2218.0,0.0065810209168013,0.0071333223750789,0.006029324879289,0.0065810209168013,0.0024316461338556,0.0707796016760933,88.26975479125977,88.41104705810547,87.70974060058593,0,1,0.0282177108303471,-0.029427037924717,1,60.181665958985015,44.28624016981878,0.0486801068919574,0.5723462484056945,-0.0049876440203983,1.4451578953960302,0.129791320871352,-0.01925155268375,-0.0379026211440481,-0.1079981627094222,0,,
2025-12-29,88.91088443235476,88.91088443235476,88.22300550835139,88.59117126464844,3195.0,-0.0035958453462999,0.0010400216970043,0.0,-0.0001092732331124,-0.0039608004702694,0.0651192053788061,88.26781692504883,88.4021337890625,87.72774433135986,0,1,0.0474642729319896,-0.0140487757533757,1,54.4150247202406,45.80596545357021,0.0498171211337025,0.0145127545188297,-0.0085655545701585,-0.0239958324983909,0.1298002922809359,-0.0147886963719391,-0.0380861738445117,-0.1107141642257504,0,,
2025-12-30,88.8624451985984,88.8624451985984,88.45553216136884,88.6008529663086,2418.0,0.000109285175057,0.0068258669597505,-0.0003280564818399,-0.0014195673109995,0.0001206542716865,0.0678927275079672,88.27072334289551,88.39147644042968,87.74529518127441,0,1,0.0627749143357192,0.0013159622644432,1,54.5570304576456,47.21713893133939,0.0497941626220452,-0.0950370241557727,-0.0084572054832322,-0.311729583217045,0.1299731898960464,-0.0139077681293331,-0.0345491853411712,-0.1019255749842686,0,,
2025-12-31,88.67837058312999,88.89151763916016,88.25207647106963,88.89151763916016,42778.0,0.0032806080655012,0.0095731561703147,0.0039392624444745,0.0021299754653729,0.0049179893789714,0.0733431253999292,88.30705528259277,88.38682601928711,87.76222259521484,0,1,0.0972419729355067,0.0205011643986559,1,58.715177371556514,47.88612773762264,0.0509227942725106,0.1998170328012583,-0.0052043421942509,0.4677315115235477,0.1313729209340656,0.0031392616286307,-0.0205591720830349,-0.083716852219522,0,,
2026-01-02,88.6880559694577,88.6880559694577,87.84515831257815,88.22300720214844,1290.0,-0.0075205200087304,-0.0012065608093605,0.0006593142041928,-0.0050806118003038,-0.0050024510177208,0.064787239900486,88.3060863494873,88.36919296264648,87.7769532775879,0,1,0.069809440134577,0.0303628195458401,1,47.86673155098181,47.33744870278021,0.055549190095816,-0.3772235594726787,-0.0126857228433772,-1.1156758730102905,0.1301463537394508,-0.0065240406456961,-0.0282679646979805,-0.0944223360736119,0,,
2026-01-05,88.05830417177039,88.46521721788034,88.00017584852591,88.23269653320312,1464.0,0.0001098277123163,-0.0076276885497661,-0.0001098035933615,-0.0077358235270245,0.0032094482937736,0.063817245655765,88.29518661499023,88.35136611938476,87.79247241973877,0,1,0.0482941039201421,0.0339490764207005,1,48.01664883530234,46.82796102756938,0.0554661443369785,-0.5924261398749396,-0.0125772883749797,-1.6987465301817537,0.1292995013809584,-0.0120289485481429,-0.0372872515885271,-0.0997484089398427,0,,
2026-01-06,88.55241563025531,88.55241563025531,88.00017439346604,88.18424987792969,2662.0,-0.0005490782575732,-0.004593249879304,-0.0030123150145052,-0.0015359011273583,0.0065926520955197,0.0692969265898115,88.28791999816895,88.33683349609375,87.80710479736328,0,1,0.0270223084150131,0.032563722819563,0,47.28448196081187,46.4630811898308,0.0548182665331877,-0.1029024547243267,-0.013119460716967,-0.3372758829990794,0.1284645058092234,-0.0173297126308602,-0.0335455551902956,-0.10254437835547,0,,
2026-01-07,88.31020814368797,88.59117403269906,88.26176294528281,88.42162322998047,6587.0,0.0026917885266288,-0.0020228895132226,0.0010420180116061,0.0011517530782378,0.0066689128581083,0.0754873476460071,88.30463256835938,88.32861190795899,87.82316276550293,0,1,0.0289841912065895,0.0318478164969683,0,51.21004113685027,46.174147130808606,0.0554701767573478,0.1183751527641824,-0.0104629870041716,0.2529189734548318,0.1292268567988434,-0.0094192369490823,-0.0314147205589532,-0.0941744561418381,0,,
2026-01-08,88.38771528451355,88.68805481032369,88.23269656687006,88.29082489013672,2647.0,-0.0014792573927708,-0.0067575935812216,0.0023096734497463,0.0015386844252491,0.0064927186524244,0.0724240501191184,88.3235252380371,88.31621078491212,87.84081058502197,1,1,0.0197569190904545,0.0294296370156656,0,49.04286679078948,46.03437556185039,0.0548365683870102,0.1501634956491941,-0.011926766946066,0.3378870807103497,0.1290487969940172,-0.0061798501292439,-0.0251634944852781,-0.0916866125447918,0,,
2026-01-09,88.56210461024395,88.70742541342922,87.88390883135011,88.01954650878906,1799.0,-0.0030725546135197,-0.0023062090016177,0.0012122785795174,0.0019852284688952,0.0051509103200035,0.0773767283635356,88.32740058898926,88.29528366088867,87.85621879577637,1,1,-0.0093380159125047,0.0216761064300315,0,44.80753519552515,44.79142284287576,0.055489424231969,0.187095485337626,-0.0149626759167814,0.4359458254667571,0.1278070495965307,-0.0167530023684854,-0.0339431464413938,-0.1020249659366805,0,,
2026-01-12,88.06799584130722,88.56210877044525,88.06799584130722,88.16487884521484,3454.0,0.0016511370734144,-0.0007686230915855,0.0025339343590584,-0.0041584074458544,0.0113317635856757,0.0817712747220178,88.3390266418457,88.27629425048828,87.87338012695312,1,1,-0.0204333140385415,0.0132542223363169,0,47.42696274305164,43.63725246097075,0.055757418127685,-0.3388466292957477,-0.0133362442722907,-0.9131646029733572,0.1278173592608946,-0.0178473138725878,-0.0672814601844842,-0.0961984190977039,0,,
2026-01-13,88.49427599477167,88.55241170617798,87.49636708406632,88.03892517089844,1463.0,-0.001428615067203,-0.0016479666973684,0.001211924546244,-0.0040552632978043,0.0122153323706,0.0773658224431459,88.32158737182617,88.27009353637695,87.88972072601318,1,1,-0.0389409397062365,0.0028151899278062,0,45.41526946126069,40.99990071211739,0.0560143684780774,-0.3299661643499278,-0.0147458069799865,-0.8905146856120569,0.1278904539423432,-0.0106590213458671,-0.050974264450438,-0.0974699464755289,0,,
2026-01-14,88.16488036570215,88.38771793106216,88.02924267955242,88.32958221435547,12584.0,0.0033014606083936,-0.0010409333403166,-0.0006576520260326,-0.00295276658564,0.0093517431327672,0.0732628166335904,88.33612022399902,88.2681559753418,87.90484104156494,1,1,-0.0298111279768704,-0.0037100736531291,0,50.620476854517726,38.550931231039264,0.0542029033648898,-0.2323030047640549,-0.0114930290724762,-0.6484121534403683,0.1289464913607058,-0.0053194759812013,-0.0463971622876303,-0.0925540304507005,0,,
2026-01-15,88.55564562878824,88.6343735451062,87.87656572875996,88.06356048583984,44657.0,-0.0030116946310246,-0.002574043277766,0.00027982298618,-0.009314242520656,0.0109600763037189,0.0653631075054657,88.32621040344239,88.26051025390625,87.91839256286622,1,1,-0.0435395201733257,-0.0116759629571684,0,46.27136917465324,36.80043660287438,0.0534426940455452,-0.7873645383830945,-0.0144701102095491,-2.0453591150264714,0.1282089938643623,-0.017766127332228,-0.0508595769495219,-0.0880294263168829,0,,
2026-01-16,88.25055147735948,88.26039528305051,87.97498498700023,88.08324432373047,18713.0,0.0002235185334551,0.000723678063202,-0.0020225359149667,-0.0107100661888928,0.0092217908220388,0.067574395259091,88.31026039123535,88.25635864257812,87.93027603149415,1,1,-0.0522289854508102,-0.0197865674558967,0,46.6367063841423,35.1749773052927,0.0526680753318611,-0.9122092956919255,-0.0142498260139071,-2.3518747180362003,0.1283451967929439,-0.0206868454994884,-0.0578621921256978,-0.0895014104110321,0,,
2026-01-19,88.08324073481695,88.37849482452827,87.53210777655413,87.90608978271484,1865.0,-0.0020112172567637,-0.002935285182599,-0.0056124681854127,-0.0137729089479655,-0.0002987296830411,0.0603958538085489,88.29150772094727,88.25660827636719,87.9412260055542,1,0,-0.0725737551315717,-0.0303440049910317,0,43.75317364513332,32.80475779264828,0.0526963465112934,-1.1794392675464764,-0.0162323837746858,-3.0244590254846444,0.1280870667183312,-0.0268758521007885,-0.0554477584622117,-0.0963804942121175,0,,
2026-01-20,88.0832444389625,88.13245595885833,87.30574897807536,87.96514129638672,7586.0,0.0006717568011254,-0.0008380824092126,-0.0035794947899031,-0.013003196633083,-0.0015523446977677,0.0583044848509326,88.26480827331542,88.24815689086914,87.94545314788819,1,1,-0.082975676097007,-0.0408703392122268,0,44.974479950737305,31.10673586729866,0.052630426371235,-1.1109741724137543,-0.0155715311877595,-2.8554342126024643,0.1308365159136277,-0.0155765050158741,-0.025031898533553,-0.078628204811512,0,,
2026-01-21,88.20134777983849,88.20134777983849,87.78799053420579,87.88641357421875,2306.0,-0.0008949877304545,-0.0050172165318437,-0.0069234202989407,-0.0136720847090784,-8.185486065537262e-05,0.0592435149259804,88.25912017822266,88.23658096313477,87.94661308288575,1,0,-0.0964600116576974,-0.0519882737013209,0,43.61478450622225,29.350849832619136,0.0517919731362008,-1.1691450963349896,-0.0164525825888567,-3.002318548084999,0.1292279998083026,-0.022749724306979,-0.0368232430007957,-0.0800385172268536,0,,
2026-01-22,88.35881262836075,88.4867595791002,87.78799202453952,88.15213775634766,10011.0,0.0030234955702739,0.0010058334005478,0.0017268406506161,-0.0109050370041396,0.0024994208479134,0.0625072934126218,88.26429634094238,88.23574493408204,87.95540355682373,1,1,-0.0847280319795231,-0.0585362253569614,0,49.19753656569669,27.496562626107316,0.0492255960007311,-0.917330320970332,-0.0134788313291598,-2.3946892929460746,0.1289451999832511,-0.010471572453686,-0.0441353925102787,-0.0821523974913711,0,,
2026-01-23,88.44738784482658,88.50643566025447,87.78798803517985,88.2899169921875,6150.0,0.0015629710106481,0.0023463335171607,0.0027405597646175,-0.0069841176131892,0.0075075941770677,0.0619678614467671,88.26231307983399,88.23126998901367,87.9664107131958,1,1,-0.0635798121990802,-0.0595449427253851,0,51.85908754762514,25.82208342564609,0.0494701270685362,-0.5793502981686157,-0.0119369273411364,-1.533675829126626,0.129099907486292,-0.0036607024682276,-0.0350055910172912,-0.0740063860003714,0,,
2026-01-26,89.15598323985874,89.32329789622467,88.22102446494628,88.99851989746094,39475.0,0.0080258644408528,0.0124272404499659,0.0075732010311349,0.0018666240677185,0.0181827608455205,0.0640144597505263,88.26669502258301,88.2401919555664,87.9826318359375,1,1,0.0102405896131188,-0.0455878362576844,1,62.68640656407824,25.87631628627967,0.0556789400846925,0.1756498400824858,-0.0040068670609639,0.4099009170921807,0.1294785319763595,0.000635342316231,-0.0234071483923058,-0.0691567885518664,0,,
2026-01-27,88.84104870533572,89.32329755326911,88.35880736602574,89.2347183227539,22146.0,0.0026539590272411,0.0144327287793413,0.0036422682631915,0.0036422682631915,0.0198676807526541,0.0724085089808759,88.29887237548829,88.25519439697266,87.9992700958252,1,1,0.0868024245079936,-0.0191097841045487,1,65.47389429183585,25.926675371153717,0.0516727705845431,0.3180384315296757,-0.0013635420947302,0.7998231283938932,0.12930696604,-0.0037317967649942,-0.0140625713380848,-0.0737661384101936,0,,
2026-01-28,89.35282555350305,89.35282555350305,88.94931211229445,89.01820373535156,1793.0,-0.0024263491998621,0.0128778740092407,0.0048202599040874,-0.0005355469731744,0.0208974431439856,0.068212837749997,88.31973991394042,88.2716796875,88.01262966156006,1,1,0.1285257477296113,0.0104173222622832,1,60.977056788960894,26.02455424989998,0.0507470418751,-0.0187191495722073,-0.0037865828653219,-0.1176033242293237,0.1290062179706667,-0.0061176619583457,-0.0154598079828955,-0.0739051941036573,0,,
2026-01-29,89.34298344404272,89.34298344404272,88.95915760706228,89.2052001953125,13977.0,0.0021006541596466,0.0119459659829861,0.0068210091525158,0.0010194859831806,0.0240659757408125,0.0675821654864554,88.33542404174804,88.29306747436523,88.02458484649658,1,1,0.1746673767151776,0.0432673331528621,1,63.32019013016523,26.115441780164367,0.0511526791056703,0.1063382574351749,-0.0016938830067221,0.2238738087091892,0.1295342569096952,-0.0033771040527841,-0.0114927441298997,-0.0726755236386086,0,,
2026-01-30,89.0477353508892,89.12646327125563,88.84105297263393,88.9394760131836,26499.0,-0.0029787969933042,0.0073571144149289,0.0005395157524266,0.0066838945343619,0.0137990896790813,0.0659246187831179,88.37124748229981,88.31127227783203,88.0351636505127,1,1,0.187630343565786,0.0721399352354469,1,57.99146364324176,25.80649352893009,0.0511970093013602,0.5893654704072456,-0.004667634266419,1.46774840567173,0.1295347424313768,-0.0139920654090605,-0.0138913691314138,-0.094318129736265,0,,
2026-02-02,89.26424706898008,89.38235021319483,88.40802367645067,88.50643920898438,14941.0,-0.0048688931350914,-0.005529088450499,0.0032126767815394,0.0009044684433867,0.0058637369398606,0.0604920342766437,88.38493461608887,88.326435546875,88.0420495223999,1,1,0.1611040301528987,0.0899327542189372,1,50.52872889289569,24.25045858903325,0.0469140860254774,0.0988713136019046,-0.0095138011890736,0.1986165564008332,0.1282664008325302,-0.0144449141516802,-0.0212024155314095,-0.09226142670847,0,,
2026-02-03,88.95915092963277,89.05756645582085,88.27884712867012,88.45722198486328,9684.0,-0.0005560863657035,-0.0087129354191324,0.0025446966995468,0.0001286146007848,0.0038674942510981,0.0597204738087122,88.39858322143554,88.34100204467774,88.04654094696045,1,1,0.1345592022766908,0.0988580438304879,1,49.74518740504181,22.563646080478595,0.0469791736760268,0.0343534718413524,-0.01006459705965,0.0282430960389283,0.1292882599754641,-8.694082633120548e-05,-0.0117697506052151,-0.0909696825627952,0,,
2026-02-04,88.89025934705202,89.04773019591646,88.35880649506953,88.41785430908203,5371.0,-0.0004450476162136,-0.006744119753914,0.0026490493651158,0.0014387612654358,0.0023737073764746,0.0485736080874703,88.39839477539063,88.35051834106446,88.05052520751953,1,1,0.1090880928837094,0.1009040536411322,1,49.08946612832976,20.997320179677843,0.0469617394722106,0.1434985170797331,-0.0105051654509341,0.3159444755792082,0.1298597402012979,0.01086085516996,-0.0174452356114819,-0.0809180450862994,0,,
2026-02-05,88.8410476469864,88.8410476469864,88.24071068563909,88.61469268798828,13426.0,0.0022262288589154,-0.0066196534062062,0.0021835095416156,0.0082040618239433,0.0035580593110688,0.0552095800549494,88.4145881652832,88.36183990478516,88.05728397369384,1,1,0.1035911332106849,0.1014414695550428,1,52.46350476269646,19.864517090347206,0.0466685385515458,0.7147703331319042,-0.0083023234945133,1.80156921989416,0.1317948607504137,0.0198720607711422,0.0051743472454839,-0.0689750651858466,1,,
2026-02-06,88.6442223782904,89.08709602861444,88.33913197511711,88.58517456054688,15522.0,-0.0003331064696612,-0.0039836242410985,0.0033338647676746,0.0022340661159963,0.0052089591881752,0.0560588997266497,88.4428695678711,88.3659829711914,88.06227188110351,1,1,0.0957491502725389,0.100303005698542,0,51.90793340743918,18.77174826719188,0.0463451431938258,0.2169216676460725,-0.0086326644065052,0.4905892759170903,0.1292709262605563,0.0017212811875291,-0.0301058872555725,-0.0778628235799635,0,,
2026-02-09,88.67374204631493,89.09693557335972,88.26039232463121,88.84104919433594,24583.0,0.0028884588765378,0.0037806287129174,0.0093331847087492,0.004248441094125,0.0117833409795498,0.0610416976850858,88.47667808532715,88.37098052978516,88.06932693481446,1,1,0.1089256398366984,0.1020275325261733,1,56.23444707259196,17.526782454256615,0.0456979865149245,0.3893426584618661,-0.0057691406261005,0.9329355229103076,0.1290222052623928,0.0095077358385016,-0.0318678136183857,-0.0781122092470314,0,,
2026-02-10,89.48076074762476,89.55949617270335,89.028043316358,89.3921890258789,13100.0,0.0062036618943723,0.0105697083859994,0.0139206245926881,0.0135865324493007,0.0170499421417207,0.0700646441875529,88.54434127807617,88.3862257385254,88.07796802520753,1,1,0.161973353095945,0.1140166966401277,1,63.790664459146825,17.520817511364452,0.0497516016530212,1.1621244541619062,0.0,2.98353171770568,0.1301658688690975,0.0183739487483014,-0.0049940691554711,-0.0609718144919699,0,,
2026-02-11,89.55949628333003,89.55949628333003,89.02597855488787,89.27408599853516,7647.0,-0.0013211783784549,0.0096839229604011,0.0140297127121788,0.0085910097543775,0.009253803073371,0.0735592389020152,88.59156646728516,88.40085296630859,88.08444313049317,1,1,0.1922677775070411,0.1296669128135104,1,61.3464171711677,17.508702538158275,0.0496960459649323,0.7513223910082543,-0.0013211783784549,1.8865409687829104,0.1300239532397344,0.016682240398905,-0.0074020648295294,-0.0647638850199295,0,,
2026-02-12,89.38235156744695,89.60871405346558,89.02804963805845,89.61363220214844,6006.0,0.0038034128248465,0.0112728429548067,0.0145370322784599,0.0119839820697331,0.0174385799389804,0.068441119631853,88.66907005310058,88.42982803344727,88.0931888961792,1,1,0.240897946464841,0.1519131195437765,1,65.44574020342526,17.613908571581742,0.0500602396823834,1.0254658319275611,0.0,2.6316200062735824,0.1325664836969643,0.0280736009026576,0.0121274361838832,-0.0422962472456397,1,,
2026-02-13,89.52997758256296,89.92364722271219,89.13630794241372,89.71697235107422,17157.0,0.00115317442655,0.0127763792998316,0.0187752102698621,0.0139275778025467,0.0199582298251261,0.0638597209266307,88.75075645446778,88.4593197631836,88.1040267944336,1,1,0.2844968890501889,0.178429873445059,1,66.606491882618,18.404124525218933,0.0482227947894638,1.186943599664654,0.0,3.058423499871766,0.1326259286106642,0.0344510522481342,-0.0034582345383304,-0.0428466628240213,0,,
2026-02-16,89.33313501954723,90.12047426469184,89.215039388812,89.85475158691406,10739.0,0.0015357098242314,0.0114102928969321,0.0201117394889862,0.018831366336798,0.0254777735577196,0.069611018405483,88.84818954467774,88.48740097045898,88.11607875823975,1,1,0.3264044111535753,0.2080247809867622,1,68.14302401430672,19.517639937262874,0.0482083322862488,1.6083394763718364,0.0,4.135269905196715,0.1328296035521794,0.0349401993318849,0.0011976574377519,-0.0378762822717022,1,,
2026-02-17,89.8645879210851,90.03190257906877,89.4610820015328,89.81538391113281,7778.0,-0.0004381256982628,0.0047341371753564,0.021719702618298,0.0190566472679469,0.0246886425141767,0.0704808164193928,88.94070167541504,88.51711700439454,88.12817256927491,1,1,0.3523777901049811,0.236895382810406,1,67.19168389285282,20.55161853416082,0.0472887955919389,1.6276732978554256,-0.0004381256982628,4.184740423593166,0.1325575233172691,0.0349017017367463,-0.009508884839814,-0.0453727642843624,0,,
2026-02-18,89.2642438169305,90.1106308814079,89.25440752007218,89.5398178100586,13207.0,-0.0030681392103927,0.0029765839498798,0.0179011423214363,0.0171600032171486,0.0185613212091273,0.0702413654397635,89.02337188720703,88.54616592407227,88.13874534606934,1,1,0.346729121219326,0.25886213049219,1,60.79369275489572,20.71525153805085,0.0493724704419862,1.4576726633584791,-0.0035049206780215,3.7682472746700975,0.1314884197238494,0.0049825830783518,-0.024568420969584,-0.0583461897493846,0,,
2026-02-19,89.55949802514057,89.57917812750557,89.28393154028913,89.42171478271484,10304.0,-0.0013190000854623,-0.0021416096493073,0.017469153035805,0.0190709049430928,0.0224576897728348,0.0631272096360153,89.08685073852538,88.57634078979493,88.15101921081543,1,1,0.3289308728032125,0.2728758789543946,1,58.23435670897263,20.867196470234447,0.0495826791937061,1.6295948609489272,-0.00481929777281,4.187871334749277,0.1316622259091488,0.0188366770704273,-0.0163663243054572,-0.0560467413267588,0,,
2026-02-20,89.53981583962393,89.63823136640642,89.33313347217026,89.51028442382812,3201.0,0.0009904712890878,-0.0023037773325351,0.0154068489097154,0.0203055935740088,0.0148139953310375,0.0618898380975085,89.14786911010742,88.60770568847656,88.16466690063477,1,1,0.3183032606822138,0.2819613552999584,1,59.60769021457811,21.156194638365893,0.0489453296946429,1.7323119092879955,-0.0038335998597998,5.027577540067439,0.1308463859726886,0.014744139290834,-0.0371487363665499,-0.0555457709353832,0,,
2026-02-23,89.73664852219923,89.8350640507683,89.46108203875646,89.77601623535156,1672.0,0.0029687293838236,-0.0008762513965256,0.0168320380604227,0.020854380410626,0.0214168946175525,0.0638371621852527,89.18674392700196,88.64457885742188,88.184966506958,1,1,0.3275473756299476,0.2910785593659563,1,63.48694543792697,21.89581845889929,0.0494850110448516,1.773987899598313,-0.0008762513965256,5.163454797927698,0.1325887362917941,0.0270242548847103,-0.0169968052960458,-0.0398169507515452,0,,
2026-02-24,89.66776059270612,89.83506774902344,89.58902516316014,89.83506774902344,9170.0,0.0006577649148193,0.0002191588682636,0.009399570380792,0.0202893964564392,0.0232167339216877,0.0581316007629419,89.21676139831543,88.67352600097657,88.20472587585449,1,1,0.3357678442650353,0.3000164163457721,1,64.30729933306517,22.582620704336744,0.0419347556535358,1.7280555022336477,-0.0002190628491314,5.023567203496383,0.1317185527134988,0.0173003254126193,-0.0102742810874709,-0.0428900822134811,0,,
2026-02-25,89.80553829271574,89.81538209795688,89.4512363902683,89.74649047851562,6045.0,-0.0009859988168013,0.0023081649428351,0.0057351237879261,0.0154842710786813,0.0177156419967112,0.05679113230817,89.25317573547363,88.7076773071289,88.22377979278565,1,1,0.3313159751008498,0.3062763280967877,1,62.0551016258792,22.594867982680373,0.0414156319278755,1.3395992025707562,-0.0012048456702228,3.8338388491701103,0.1304875709008323,0.009130249490713,-0.0139904448471671,-0.0526586136604945,0,,
2026-02-26,89.73665033177264,90.04174072907604,89.31345679263065,89.84490966796875,2140.0,0.0010966355222177,0.0047325740317352,0.0092869311885348,0.0141519565146623,0.0202327670519664,0.0626095046197561,89.28516120910645,88.73934036254883,88.24160705566406,1,1,0.3319034662237214,0.3114017557221745,1,63.581306298313656,23.18772918394469,0.0403027905979901,1.231509057394809,-0.0001095314245657,3.503963499604352,0.1313603067651916,0.0182478707736408,-0.0029478609107551,-0.0507063164183533,0,,
2026-02-27,90.12047576904295,90.12047576904295,89.7760176592761,90.12047576904295,4600.0,0.0030671309269783,0.0068169970539428,0.0102603387664226,0.0168176506955122,0.0248841045094037,0.0621502816450036,89.34421119689941,88.77370498657227,88.26057342529298,1,1,0.3505638566054188,0.3192341758988233,1,67.52043588316833,23.9257064743596,0.040937606776777,1.44693833800062,0.0,4.163977901226357,0.132398985433666,0.0221156054955247,0.0044964746046209,-0.0417770139137693,1,,
2026-03-02,89.73665308696786,89.59886983823765,89.2052001953125,89.2052001953125,7147.0,-0.0101561333972102,-0.0063582242114936,0.0029876967353565,0.007481987807131,0.0186278954607594,0.0504172811609702,89.37914924621582,88.79218612670898,88.27410411834717,1,1,0.288175354793708,0.3130224116778003,0,48.68480713234848,22.42981507282665,0.0540494500055023,0.6071616071797536,-0.0101561333972102,1.8525079661960395,0.1309798498811892,0.0111561379031415,0.0001378439624442,-0.0552209027729343,1,,
2026-03-03,89.00836400915836,89.13630344458589,88.40801952766459,88.80168914794922,28008.0,-0.0045234027442324,-0.0115030647492938,0.003335914783191,0.0072229476303413,0.0093303580293793,0.0398783924387391,89.39637260437011,88.7982373046875,88.28616626739502,1,1,0.2038225093704539,0.2911824312163311,0,42.990908305814514,22.49722779613689,0.0536572455125349,0.5861275524229317,-0.0146335958597629,1.7883707337602486,0.1315468768930592,0.0255754900678322,0.0041668933962557,-0.0504008009415065,1,,
2026-03-04,88.90010982789819,89.16583251953125,88.65406723953932,89.16583251953125,1547.0,0.0041006356419115,-0.006469979560074,0.0080107708423087,0.0104648876640072,0.0134692540699781,0.046893384175757,89.43377151489258,88.82155044555664,88.29983428955079,1,1,0.1644598081608137,0.2658379066052276,0,48.80937300838618,22.47076443826124,0.0552703585411231,0.8275737539053973,-0.0105929672626032,2.5910611274243243,0.1311609301777706,0.0144844566912873,0.0021941361965611,-0.0452737487865098,1,,
2026-03-05,88.77215617383911,88.8902593104388,88.41785427266339,88.45722198486328,2609.0,-0.0079471083782316,-0.0154453678926698,0.0004452457717831,7.383505576319394e-05,-0.0068340487950793,0.0430169434652578,89.42589797973633,88.82972259521485,88.31038894653321,1,1,0.0752185630440038,0.2277140378929828,0,40.20916075172013,22.89168053227916,0.0623478757110457,0.0321454693312271,-0.0184558921819519,0.0160024895323857,0.1308481252061313,0.007611173434517,0.0009034323377317,-0.0618796228790194,1,,
2026-03-06,88.95915291076618,88.95915291076618,88.09308574895105,88.48675537109375,19756.0,0.0003338719616983,-0.0181281821251814,-0.0014437483560993,0.0017793943183932,-0.005420642622105,0.0391533481346888,89.42097702026368,88.83286605834961,88.31913383483887,1,1,0.0067989566484527,0.1835310216440768,0,40.67830866581328,23.82499195595869,0.0618500510900833,0.1580309181017067,-0.0181281821251814,0.3856533818488559,0.1326302192089485,0.006338323465562,0.0166690346119027,-0.0457286534149851,1,,
2026-03-09,87.6403663958397,88.51627734393398,87.58131107320388,88.41785430908203,4752.0,-0.0007786596053021,-0.0088262330503894,-0.0018888064768725,0.0037517577838774,-0.0026107968533082,0.0389266297100561,89.39981727600097,88.82300552368164,88.3262929534912,1,1,-0.0523800100800286,0.1363488152992557,0,39.89188414970776,25.389131963194945,0.0618939420148497,0.3046193597520287,-0.018892726047345,0.79432851661902,0.1313760746576635,0.0162847784726483,0.0117427922382242,-0.0491500140514419,1,,
2026-03-10,89.30361438793696,89.31345819373385,88.52611891970597,88.7820053100586,6720.0,0.0041185233889933,-0.0002216606246963,-0.0006646013843013,0.0098851602747878,-0.0013408328662645,0.0426206462780682,89.36930809020996,88.82682220458985,88.33680057525635,1,1,-0.0690992915121455,0.0952591939369755,0,45.8502960013522,24.72146478871551,0.0627783217631944,0.7513656368381273,-0.0148520127924595,2.092902887109696,0.1321295082382673,0.0240834743876465,0.0165005974547693,-0.0436499104821411,1,,
2026-03-11,88.78200629678096,88.89026563587859,87.77815584443123,88.0340347290039,23963.0,-0.0084247993548073,-0.0126931780766968,-0.0151932099624702,0.001046089444725,-0.010185769928436,0.0346488372885429,89.3073055267334,88.81548583984375,88.34041732788086,1,0,-0.1410781561768601,0.0479917239142083,0,37.604619464164216,25.125059423303625,0.0649091795717575,0.101494654115829,-0.0231516869194753,0.1807366251703531,0.1311809852414418,0.0077986370863869,0.0079988959930008,-0.0430420462842019,1,,
2026-03-12,87.89624635662847,88.32928368777371,87.54194445089571,87.63052368164062,6153.0,-0.0045835800733819,-0.0093457411918737,-0.0184102956475129,-0.0034325715133526,-0.0111679684039549,0.031063482367156,89.20815010070801,88.79026596069336,88.34254169464111,1,0,-0.2280530407473975,-0.0072172290181128,0,34.047303297575354,25.772686014473503,0.0662591927400408,-0.2099687185576569,-0.027629149382028,-0.4969492840285101,0.132593136168862,0.0197593048443207,0.0257202086346681,-0.0295755304559477,1,,
2026-03-13,87.72893784152227,87.827353367442,86.73492375989936,87.20732879638672,5101.0,-0.0048293090977221,-0.0144589613365457,-0.0268519793990007,-0.0133545915746998,-0.0207608712786059,0.0248751771495505,89.08266792297363,88.76995239257812,88.34173847198487,1,0,-0.3273559976733935,-0.0712449827491689,0,30.760700960629336,27.16354806946076,0.0653188824943135,-0.9071923396746672,-0.0323250287772772,-1.6525388577873663,0.1327039152443938,0.0010366990478805,0.023664921485905,-0.0283740589811901,1,,
2026-03-16,87.18764629971325,87.81752222151398,87.18764629971325,87.61083984375,11124.0,0.0046270313852336,-0.009127279457732,-0.0234752962804255,-0.0048624551732935,-0.0179393907258942,0.0246158647906165,88.97047233581543,88.75751525878906,88.34366897583008,1,0,-0.3692379915132164,-0.1308435845019784,0,37.004823794168345,28.45506283480607,0.0680073789855745,-0.3090267571416557,-0.0278475663147246,-0.6016953849296102,0.1319748491141767,-0.0049091418496209,0.0110848173202566,-0.0367194183179778,1,,
2026-03-17,88.01435096627966,88.14229040324642,87.04986076040974,87.93561553955078,1146.0,0.0037070263951355,-0.0095333481999185,-0.0213582032499077,-0.0036951604963243,-0.0159019574812226,0.031177795213739,88.87648391723633,88.75254257202148,88.34574333190918,1,0,-0.3719356463778211,-0.179061996877147,0,41.57204686149568,28.900185705633927,0.0694765449400326,-0.2265715179047802,-0.0242437715829579,-0.4572506970190937,0.1321165442936651,-0.0053682254515965,0.0080896908254919,-0.0384496626501792,1,,
2026-03-18,88.17181365469271,88.45722394299243,87.65020459658837,87.76338958740234,13107.0,-0.0019585460463511,-0.0030743239524883,-0.022846802344694,-0.0072266828019085,-0.0108582410401045,0.0309474511183041,88.78766250610352,88.73937789916992,88.34681331634522,1,0,-0.3835494331653279,-0.2199594841347832,0,39.91922230661656,28.634731996217138,0.0695161664262987,-0.471076026345648,-0.0261548350863265,-0.8942522933971425,0.1337237193712346,0.0087976602518005,0.0159478532926884,-0.0152650433378265,1,,
2026-03-19,87.35495904434563,87.66004943847656,86.99081332559767,87.66004943847656,5186.0,-0.0011774858447424,0.0003369346158788,-0.0209936586599895,-0.0070354067422302,-0.008993065749966,0.0281766103288376,88.6995792388916,88.72676239013671,88.34965824127197,0,0,-0.396521278760261,-0.2552718430598787,0,38.91934650153884,29.12172676280099,0.0691460996370267,-0.4579437981365221,-0.0273015239829833,-0.8705831965614411,0.1338962304441301,0.0183119602877388,0.0074450104283259,-0.0060722588741179,1,,
2026-03-20,87.28607024167351,88.11276972677398,86.91208070530763,86.94160461425781,12273.0,-0.008195806742306,-0.0030470395756453,-0.0277349877989192,-0.0175993326757334,-0.0182979636566568,0.0203212581933589,88.57114524841309,88.70520355224609,88.34852897644043,0,0,-0.4594774824687704,-0.2961129709416571,0,32.7733317007155,28.682524900314863,0.0735106544241292,-1.153907671184271,-0.0352735727109544,-1.9957527716350705,0.1347303187452938,0.0233027568458557,0.0188600096988253,0.0036416045872971,1,,
2026-03-23,86.54793838542167,87.69990389222662,86.39046753364508,87.1974868774414,6069.0,0.0029431509151331,-0.004718057343655,-0.0258383442894193,-0.0091214431595201,-0.0169142054002351,0.0287422091503126,88.44221878051758,88.68585571289063,88.34810619354248,0,0,-0.4831536725565968,-0.333521111264645,0,36.61271656430957,28.839147255358174,0.0745900112746386,-0.5884169112979037,-0.0324342372436256,-1.0343656661496343,0.1337227540954268,0.0219827861607011,0.0261914875807525,-0.0108013571362887,1,,
2026-03-24,87.3155918674355,87.81752083233535,87.05970548218528,87.22701263427734,14872.0,0.0003386078876039,-0.0080582014571186,-0.0283929239452094,-0.0093312299384058,-0.0136725139377944,0.0269503738486573,88.31181602478027,88.6696174621582,88.34725814819336,0,0,-0.4938420383472532,-0.3655852966811667,0,37.05939655781598,28.75735491735176,0.0732669379089132,-0.6027829780330385,-0.0321066118445807,-1.0581553491522675,0.1342185812585387,0.0122924843567235,0.0358430890513448,-0.0073650822764843,1,,
2026-03-25,86.9317695291041,87.92577618453082,86.83335399502334,87.48290252685547,2473.0,0.0029336083496407,-0.0031959460757556,-0.0261831518704848,-0.0095854601173738,-0.005878089974484,0.032458457638447,88.19863662719726,88.6526838684082,88.34465797424316,0,0,-0.4761754156887292,-0.3877033204826792,0,40.94356759632676,28.929107329847096,0.0744711195171775,-0.6207317873190109,-0.029267191719526,-1.0869848845475616,0.1338663138353348,0.0163056841848814,0.0345449761022109,-0.0096554769013704,1,,
2026-03-26,87.54194346382062,87.54194346382062,86.80381575330401,86.9317626953125,1947.0,-0.006299971944504,-0.0083080804520331,-0.0313630958513853,-0.0222595741259427,-0.0158250439320633,0.0254917636711971,88.05297927856445,88.63004791259766,88.34028076171874,0,0,-0.5008731148036816,-0.4103372793468797,0,35.81675926122992,29.121511256057147,0.0764798663373852,-1.498706616517485,-0.0353827811773026,-2.5164301191010967,0.1354417755083643,0.0379668697434563,0.0435349189689882,0.0039822102847215,1,,
2026-03-27,87.0597043265981,87.06954813206804,86.24284117093433,86.72509002685547,3853.0,-0.0023774126055788,-0.0024903449661756,-0.034724500838644,-0.0210639639498435,-0.021170935455513,0.016641020859633,87.88320999145508,88.60288482666016,88.33479858398438,0,0,-0.5310019168384059,-0.434470206845185,0,34.09278865392565,29.88840074027923,0.0759356328403274,-1.4213742265139366,-0.0376760743128902,-2.2363225763920758,0.1374637960104359,0.0464637255769693,0.0590407278352913,0.0187059185665381,1,,
2026-03-30,86.41015556022997,87.25654262104322,86.38062414391214,86.88255310058594,21761.0,0.0018156576566448,-0.0036117299721964,-0.0359288235090439,-0.0193937169699264,-0.0207857535942767,0.0179172645851743,87.76707763671875,88.58241409301758,88.33127338409423,0,0,-0.5359946428433915,-0.4547750940448263,0,36.59679343056538,30.186503085535843,0.075070634047815,-1.3017590081707455,-0.0359288235090439,-2.058995505464995,0.1381753683359593,0.0436286039758773,0.0631066948997181,0.0263772246601876,1,,
2026-03-31,86.9416044195639,87.35496166981233,86.53809848377527,87.13844299316406,4823.0,0.002945239100903,-0.0010153923473755,-0.0231685731058651,-0.0197215065346549,-0.0176335373943409,0.016706918958077,87.6839153289795,88.56588012695312,88.32735668182373,0,0,-0.5133852527801821,-0.4664971257918975,0,40.54968982993841,30.2435368250834,0.0700962875989471,-1.3263371490958829,-0.0330894033839892,-2.093796324800506,0.1346678138664973,0.0281567278375527,0.0250804572891045,0.0040056517687416,1,,
2026-04-01,88.15213280926372,88.15213280926372,87.30574575692414,87.55178833007812,4400.0,0.0047435474254053,0.0007874201842068,-0.0140751919233054,-0.0076082066725783,-0.0126501641282823,0.0214159704779179,87.60321311950683,88.55918762207031,88.32775058746338,0,0,-0.4568473818055309,-0.4645671769946242,1,46.366500623123066,28.73586651954841,0.0717357961827432,-0.5002931609102046,-0.0285028171128141,-0.80774940501501,0.1342947824346416,0.0208891735515417,0.0318751050336441,0.0027060959918281,1,,
2026-04-02,87.46321845482535,87.63052560603343,86.62666768153778,87.58131408691406,8473.0,0.000337237621288,0.0074719684895632,-0.0177704664201964,-0.0073825517283599,-0.0150612651380347,0.0052984708320507,87.55941772460938,88.54777114868165,88.32774311065674,0,0,-0.4049897600486787,-0.4526516936054351,1,46.76716715831049,28.197245854455577,0.0697425072603076,-0.4845024583003477,-0.0281751917137693,-0.783792031776451,0.134219201622754,0.0233169392809147,0.0380488724956533,-0.000657116974279,1,,
2026-04-07,87.11875534257973,87.66989583979017,86.60699006869557,87.17781066894531,5459.0,-0.004607186158092,0.0052201807106762,-0.0144636162792552,-0.0114129134213598,-0.0129312854421278,-0.0054374425158723,87.49397048950195,88.5255290222168,88.32502578735351,0,0,-0.3919336081392686,-0.4405080765122018,1,42.13464852796924,27.625955856659548,0.0663329370074764,-0.7564081279829487,-0.0326525695185961,-1.211688170724615,0.1329138168664128,0.0157869412116324,0.0346345555074711,-7.283507609168183e-05,1,,
2026-04-08,88.61469813130424,88.73280127496447,87.95530580693814,88.09800720214844,11683.0,0.0105553985141648,0.0139896222910869,-0.0043932921634993,-0.0036599195537309,-0.0025123817991051,0.0197231681125837,87.47797813415528,88.50751876831055,88.32418815612793,0,0,-0.3038319581753654,-0.4131728528448345,1,53.45724973777322,25.8656677645192,0.0769175503005849,-0.2058457458826945,-0.0224418318882116,-0.388566973684363,0.130980747324641,-0.0124366218660088,0.0135721828205395,-0.0182689040690959,1,,
2026-04-09,87.84704782481813,88.14229442558957,87.59116143058375,87.79783630371094,4807.0,-0.003407238233536,0.0075671917915562,-0.0070123620417624,-0.0055836898912114,-0.0040535970026334,0.0198557399597121,87.42876968383788,88.4787811279297,88.3225658416748,0,0,-0.2552892333419407,-0.3815961289442558,1,50.01901571797155,24.29375273129273,0.0777023484941349,-0.3285630588600604,-0.0257726054541076,-0.5928101563894492,0.1297857183715827,-0.0121053722317775,0.0057104087347641,-0.0195967795892197,1,,
2026-04-10,87.98482624499427,88.10292187537223,87.5025849008294,87.80274963378906,541.0,5.596185834377821e-05,0.0028664326394429,-0.0110298891408188,-0.0024630537602048,-0.0004827150157546,0.0238874831438862,87.41720542907714,88.45447204589844,88.3186287689209,0,0,-0.2139559583996515,-0.3480680948353349,1,50.075617950223766,22.951570160633253,0.0760324609432167,-0.1284374182184774,-0.0257180858786594,-0.2614979186220254,0.1298789346093949,-0.0170330886633887,0.0162110385882854,-0.0182823615098778,1,,
2026-04-13,87.48290060131285,87.6698953679872,87.35496116068629,87.53211212158203,3965.0,-0.0030823352723668,-0.0005617861052324,-0.0057014609061932,-0.0071770837993632,-0.0113056460065069,0.0189163225506618,87.41228485107422,88.42101028442383,88.31376815795899,0,0,-0.2007234111035529,-0.3185991580889786,1,46.92340867455856,21.90628840527283,0.0711253990594214,-0.4322135691304472,-0.0287211493877848,-0.761977877069666,0.1282255409609256,-0.0225295173311634,0.0031934762413445,-0.0643028456877218,1,,
2026-04-14,88.10292438813822,88.24071514188158,87.93561723458203,88.12261199951172,2412.0,0.006746094246069,0.0108376354409065,0.0056154898681062,0.0009505662234157,-0.0031085518707065,0.0205720639419324,87.45804901123047,88.4046730041504,88.31090518951416,0,0,-0.1409631810953584,-0.2830719626902546,1,53.76251604325472,20.60112057134998,0.0732496531644866,0.0910365645729849,-0.022168810722341,0.1009198796030083,0.1275365406365905,-0.0381361786769399,-0.0027673160493452,-0.0536005185996659,0,,
2026-04-15,88.08324058776348,88.69342886812392,87.8470418215628,88.06356048583984,969.0,-0.0006701062568618,-0.0003910044892337,0.0098183455596061,-0.0030116946310246,-0.005955568385392,0.0143916295643886,87.48068504333496,88.3958154296875,88.30650569915771,0,0,-0.0972467321101078,-0.2459069165742252,1,53.026670502192005,19.981993039661145,0.0709782777320596,-0.1593187332612163,-0.0228240615204305,-0.3197461177106376,0.1264532297763649,-0.0471024947268312,-0.0193356295160175,-0.0648356734630597,0,,
2026-04-16,88.28992112220045,88.36865655220306,87.95530680762516,88.0340347290039,3301.0,-0.0003352778001826,0.0026902533733965,0.0048303941157128,-0.0003352778001826,-0.0096463974620959,0.0139399646296651,87.48560600280761,88.38735168457032,88.30372505187988,0,0,-0.0642430591529148,-0.2095741450899632,1,52.63872818744236,19.40708890309294,0.0693843115361173,0.0097643092105973,-0.0231516869194753,-0.0355958316153978,0.1261009630659201,-0.0445076170776664,-0.016442144461974,-0.066465480900017,0,,
2026-04-17,87.92577001572374,88.73279686098776,87.82735448854775,88.5113525390625,20544.0,0.0054219690319536,0.0080703953831617,0.0065472561484802,0.0048602684723852,-0.0059018515135426,0.0158624970633194,87.52300415039062,88.38922164916993,88.30399936676025,0,1,0.0004232684296567,-0.1675746623860392,1,57.98956008277895,19.341048621463564,0.0707062187056133,0.3346676060231116,-0.0178552456170365,0.5160058257791783,0.1252706933507459,-0.0518167575417536,-0.0239549552225006,-0.0804310611267516,0,,
2026-04-20,87.84704148240294,88.64421700814214,87.84704148240294,88.29975891113281,2910.0,-0.0023905817938586,0.0087698876554529,0.0061115383789536,0.0044782918838846,-0.00935629617044,0.008460836359438,87.55498962402343,88.38292297363282,88.30216537475586,0,0,0.0342036827585872,-0.1272189933571139,1,55.02190643192774,19.279725502807715,0.070897243145166,0.3106799060604845,-0.0202031429857982,0.4754520691096658,0.1252216388599429,-0.063579449863257,-0.0223709382360162,-0.0765782783183443,0,,
2026-04-21,88.28007164149348,88.4867540091204,88.01434896809565,88.06356048583984,13259.0,-0.0026749611573763,-0.0006701062568618,0.0046031350649247,0.001118843078095,-0.0118989020915338,0.0050508243169584,87.61108741760253,88.37249069213867,88.30273105621337,0,0,0.0414379941580733,-0.0934875958540765,1,51.8330894698607,19.222782606912997,0.071477764265469,0.1012453830669583,-0.0228240615204305,0.1187855258840101,0.1257096817391655,-0.0611409946180711,-0.0391850404962376,-0.0632360630720556,0,,
2026-04-22,88.14228843889646,88.23086766914825,87.9848250975715,88.0241928100586,3378.0,-0.00044703706691,-0.00044703706691,0.0124519003370595,0.0015676966465754,-0.0121258217438531,0.0087236730931177,87.6524227142334,88.35615356445312,88.30481857299804,0,0,0.0434932327231933,-0.0660914301386225,1,51.29944248063317,19.10665093373917,0.0646885852346753,0.1291729583870593,-0.0232608953858236,0.1664394893581642,0.1243937888685206,-0.0767201471282371,-0.0374083863168437,-0.0728541312180266,0,,
2026-04-23,87.7978303770415,88.05371675400264,87.72893875731621,87.98482513427734,1456.0,-0.000447236998426,-0.0005589837484791,0.0090293686782805,-0.0018979984641185,-0.0127823377247731,0.0045352548426296,87.6903133392334,88.32800628662109,88.30556343078614,0,0,0.0414673716195892,-0.0445796697869801,1,50.73689967193952,18.451023742758974,0.064203815062638,-0.0873521254386938,-0.0236977292512166,-0.201507029986029,0.1248225564154568,-0.06655709224788,-0.0319720592028995,-0.0746963523308965,0,,
2026-04-24,87.80767999166346,87.96514334347185,87.65020913123116,87.91593933105469,3675.0,-0.0007829282278793,-0.0067269699414551,0.0078980888599939,-0.0042357912870832,-0.0111903256357386,0.0055575965367118,87.71196517944335,88.30084335327149,88.30653675079346,0,0,0.0339124320748425,-0.0288812494146156,1,49.70969110864795,17.676146918711446,0.0643426283990196,-0.2343243511595692,-0.0244621038579285,-0.4497062237072221,0.1237657385333772,-0.0778792520912339,-0.0413181469822601,-0.074877371844698,0,,
2026-04-27,88.04387402287851,88.27023649537954,87.81751905900099,87.84211730957031,1405.0,-0.0008396887077142,-0.0051828182455524,0.0041061141358973,-0.0129935035911042,-0.0111511335099128,0.0020321502708546,87.75748291015626,88.26541305541993,88.30790489196778,0,0,0.0217179172467325,-0.018761416082346,1,48.57471720376607,17.491935335121777,0.0637828295740966,-0.8167277354212439,-0.0252812520132663,-1.3794965418858804,0.1234491182109344,-0.077817901501451,-0.0465668993414756,-0.0688840494107259,0,,
2026-04-28,88.10292307567458,88.19150230828835,87.25654351481536,87.66004943847656,1086.0,-0.002072671705443,-0.004582043300738,0.0083776829156982,-0.017646370312751,-0.0140683748641099,-0.003626038798459,87.80423088073731,88.22427459716796,88.31032009124756,0,0,-0.0026076201815925,-0.0155306569021953,1,45.797446940321386,16.30183632605628,0.0599162861525399,-1.1259137886741315,-0.0273015239829833,-1.8734829026363389,0.123795635896489,-0.0859863182401652,-0.0426220667941901,-0.0560852622774049,0,,
2026-04-29,88.03402978268127,88.21118073592172,87.26637815484713,87.43368530273438,6935.0,-0.0025822953237216,-0.0067084683025544,0.0081705914131595,-0.0177999371603577,-0.0183259514310634,-0.0049029342322581,87.83178749084473,88.17585327148437,88.31260612487793,0,0,-0.0396939111013665,-0.0203633077420295,0,42.54078727412118,15.15928850608684,0.060040205089997,-1.135620010550142,-0.0298133187089932,-1.8897868143362435,0.1234950555890619,-0.101617595518121,-0.042720129837911,-0.0575194928165081,0,,
2026-04-30,87.29590736036056,87.94546339787225,87.03018466868464,87.75846862792969,1457.0,0.0037146246789296,-0.0025726766633019,0.0100816043737765,-0.0162180182793741,-0.0152150663385042,0.0023880911253186,87.862788772583,88.13471496582031,88.31384246826173,0,0,-0.0423891283465565,-0.0247684718629349,0,48.229148915010086,14.546893347295786,0.0609599365854436,-1.0252224116841278,-0.0262094393195007,-1.7218373763297876,0.1227326422184963,-0.1117617872377627,-0.0525082310538176,-0.0633975115195021,0,,
2026-05-01,88.0143544692501,88.36865639500772,87.63052863444997,88.1915054321289,2964.0,0.0049344161420497,0.0031344270808113,0.0120849352225338,-0.0084098829291935,-0.0017821991653766,0.0085442516416034,87.89477462768555,88.10774871826172,88.31925579071044,0,0,-0.009473452310857,-0.0217094679525193,1,54.67241254181375,13.862457748345076,0.0623452604131167,-0.5092724355376911,-0.0214043514579032,-0.8928619088103548,0.1229976685486368,-0.0866587567050705,-0.0504657959713249,-0.0636561261023905,0,,
2026-05-05,87.53211027283453,87.95530380889042,87.12859683929636,87.5025863647461,3369.0,-0.0078116261198534,-0.0038652409029219,-0.0005619755606423,-0.0113421447434796,-0.0104479349120936,0.0012124571702931,87.89083824157714,88.06936614990235,88.3203768157959,0,0,-0.0385333644694299,-0.0250742472559014,0,45.063511768728816,13.42926192654784,0.066791157013968,-0.684628698674814,-0.0290487747868295,-1.2041747894625758,0.1215107790588939,-0.0951935968321732,-0.0526686780777196,-0.0727543904110354,0,,
2026-05-06,88.05371822185242,88.5162794657003,87.81751945151733,88.2899169921875,2225.0,0.0089977983526052,0.0071853433547628,0.0080908001057193,-0.0018913661193702,-0.0017629947758837,0.0098902138440652,87.94644355773926,88.04495880126953,88.3221646118164,0,0,0.0019450263642681,-0.0196703925318675,1,54.833527591923776,12.896025012715114,0.073747740695734,-0.0815820529550945,-0.0203123514521464,-0.2008028860589724,0.1209233443491733,-0.0990607685996446,-0.0646997308794954,-0.0757079817880344,0,,
2026-05-07,88.71311052287561,88.84104995917721,88.24071298220544,88.2899169921875,5942.0,0.0,0.009792926907844,0.0127567590274246,-0.0014469624703546,-1.0283038473724028e-05,0.0152123914075801,87.9560390472412,88.01523681640624,88.32310466766357,0,0,0.0336366997939308,-0.0090089740667078,1,54.83352759192377,12.896080940994882,0.0715038042472804,-0.054735751613148,-0.0203123514521464,-0.1536213624060198,0.1212952463622335,-0.0874143168716369,-0.0659518787407739,-0.0822465682886032,0,,
2026-05-08,88.11276792020554,88.38833440958912,87.98482848116994,88.28007507324219,2205.0,-0.0001114727398167,0.005943659380885,0.0020666514133058,-0.0037760963176194,0.004396986178681,0.0172772034632475,87.98015098571777,87.98413696289063,88.32503700256348,0,0,0.0572979239065176,0.0042524055279372,1,54.69251617332072,12.421375160530172,0.0616906031183569,-0.196250569829287,-0.0204215599184948,-0.4009012484939259,0.1202886158499825,-0.0816313213434155,-0.0873042001404071,-0.082581595142439,0,,
2026-05-11,88.04387291199043,88.14228843889646,87.97498129229388,88.0241928100586,4654.0,-0.0028985279291086,-0.0018971512193889,0.0025781558621176,-0.0063326821138096,-0.0041127636283471,0.026927239745865,87.99122314453125,87.94969100952149,88.32549617767334,1,0,0.0547706919013819,0.0143560628026261,1,51.01897503564742,11.962104900496124,0.0613498529532949,-0.3501222331837657,-0.0232608953858236,-0.6723292925276783,0.1196674058192416,-0.0779616792917986,-0.0742898710415204,-0.1021591958152858,0,,
2026-05-12,88.10292521013609,88.10292521013609,87.40416517233167,87.53211212158203,11781.0,-0.0055902891326523,0.0003374272471543,-0.0030823352723668,-0.0147334715722533,-0.010547624764215,0.0191995438879077,87.99122314453125,87.90343505859374,88.32499668121338,1,0,0.0129121994615815,0.0140672901344172,0,44.78871179284838,11.6783034655117,0.0644737229996584,-0.8531312468560406,-0.0287211493877848,-1.5642257641589694,0.119178974373123,-0.0823841084657153,-0.0762909831625615,-0.1057275699487593,0,,
2026-05-13,87.60100575225667,87.61084204963689,87.21717991295739,87.40416717529297,9959.0,-0.0014616915231218,-0.0100322873445776,-0.0014616915231218,-0.0222393239526823,-0.0089549467999151,0.0170878920147925,87.9553009033203,87.84910888671875,88.32497161865234,1,0,-0.0302364977318205,0.0052065325611696,0,43.30785573268235,11.706991158055803,0.0637822735445436,-1.335674935699136,-0.0301408594503121,-2.361108400940364,0.1183426617138982,-0.0770741864137589,-0.0908318536796264,-0.0953723022763017,0,,
2026-05-14,87.5616322464557,88.09308510617706,87.36479368250885,87.43368530273438,4510.0,0.0003377199096492,-0.0096979555381039,-0.0078178197530182,-0.0206151726474239,-0.0122012680423487,0.0133777871274114,87.92380714416504,87.81367858886719,88.324658203125,1,0,-0.0613431591816748,-0.0081034057873992,0,43.76977328000327,10.8878943189753,0.0588348817061209,-1.2350511533755275,-0.0298133187089932,-2.188675223591854,0.1174554061077711,-0.0790450680134494,-0.0966633210173957,-0.1033498776781167,0,,
2026-05-15,87.35495853510392,87.35495853510392,86.53809537837978,86.60698699951172,1231.0,-0.0094551464960016,-0.018952046340495,-0.0165400249353117,-0.0335512034134984,-0.0219692983638907,0.0032409848839765,87.85245475769042,87.76978454589843,88.32171298980712,1,0,-0.1509628507834435,-0.036675294786608,0,35.135422580072174,11.300902926415295,0.0667438302004327,-1.9834084449039076,-0.0389865759090692,-3.442333936244473,0.1177614342512038,-0.0687352591984616,-0.1116801851635709,-0.1009071432982631,0,,
2026-05-18,86.60698688708679,86.95144499229936,86.44951603406187,86.72509002685547,15083.0,0.001363666274921,-0.0147584742527133,-0.0148686210529572,-0.0333480081395427,-0.0198848873149194,0.002613073925225,87.76314163208008,87.72096969604492,88.3197942352295,1,0,-0.2100360103895013,-0.0713474379071867,0,37.04605441128344,11.798060015091,0.0671464826075044,-1.9703074975916024,-0.0376760743128902,-3.421486219439749,0.1180050396792836,-0.0642019155904806,-0.1102415574732867,-0.1133185508500038,0,,
2026-05-19,87.00065518371046,87.00065518371046,86.26252746582031,86.26252746582031,11150.0,-0.0053336648124772,-0.0145042159384691,-0.0254071936393663,-0.0399781208856727,-0.0218995971887295,-0.0014669864463381,87.66128005981446,87.67707580566406,88.31246238708496,0,0,-0.2908244051447468,-0.1152428313546987,0,32.952069456853195,12.502594399286131,0.0650869029480174,-2.357409681791929,-0.0428087875735324,-3.735506007836811,0.1181627084719802,-0.0567410037307291,-0.1104188726606986,-0.109353459207057,0,,
2026-05-20,86.4692070150099,86.98097229003906,86.3707914823455,86.98097229003906,396.0,0.0083285853698573,-0.0048418158873955,-0.014935336600647,-0.0315581974675768,-0.0131029436371815,0.0063488378559333,87.60715065002441,87.64696014404296,88.30741481781006,0,0,-0.293494079956659,-0.1508930810750908,0,43.41215146277785,13.1568048988959,0.072787570981758,-1.782910149874343,-0.0348367388455613,-2.948758811694954,0.1179380857764937,-0.0581652911570316,-0.1102874976457175,-0.1187476713711471,0,,
2026-05-21,86.7939798334429,87.2270096529617,86.4101540229981,86.65619659423828,4058.0,-0.0037338706069852,-0.0088923245749517,-0.0159812286016741,-0.0322049037662479,-0.0155975368013362,0.0035891061879742,87.5387508392334,87.61172698974609,88.30011363983154,0,0,-0.3181490763551693,-0.1843442801311065,0,40.34776208826276,13.245538487537328,0.0732394604894959,-1.8177949994114728,-0.038440533577328,-3.0091862457632157,0.1172651682154452,-0.0671747267743608,-0.1081711342966605,-0.1300819613020868,0,,
2026-05-22,87.35495989313247,87.35495989313247,86.88255483472399,87.03018188476562,2792.0,0.004315736268446,0.0048863827263301,-0.011292474188748,-0.0267444311905713,-0.0081835667524711,0.0033711282733395,87.49101867675782,87.57669052124024,88.29422218322753,0,0,-0.3040064540457763,-0.2082767149140404,0,45.14919969066768,13.063590648107375,0.07532195337046,-1.4855051199262383,-0.0342906965138201,-2.4989664640381024,0.1173100416117132,-0.0569461491706358,-0.1090076079022016,-0.1235898783449693,0,,
2026-05-26,87.43368368239433,87.97498033743746,87.03017777387217,87.28606414794922,31709.0,0.0029401554454109,0.0064684178583156,-0.0079418352569515,-0.0248487678281447,-0.0050477432344691,0.0034492155503611,87.45952491760254,87.56173110961915,88.28914993286133,0,0,-0.2690493306258048,-0.2204312380563933,0,48.22016930747708,12.50837430740016,0.0762767906363424,-1.3710611102080628,-0.0314513610464912,-2.3218380317280536,0.1168790393638017,-0.063638474325234,-0.106746139796343,-0.1399293919574517,0,,
2026-05-27,87.91593791322393,87.91593791322393,87.34511731629841,87.57147979736328,11838.0,0.0032698879506158,0.0151740549459511,-0.0039180555461543,-0.0245559619420959,-0.0042136809031592,0.0102791174033023,87.44599304199218,87.56055023193359,88.28637668609619,0,0,-0.2158269817751232,-0.2195103868001393,1,51.48310019547316,11.992816276743456,0.0772847957302257,-1.3530930358390605,-0.0282843155223917,-2.2944786130702086,0.1172815413628883,-0.0523908898159267,-0.1154486825729947,-0.1304832290896623,0,,
2026-05-28,87.55178814570165,87.78798691301749,87.28606547104926,87.74862670898438,4955.0,0.0020228836149738,0.0088255442395557,-0.0010643026767724,-0.0232252403467658,-0.0034070699995182,0.0050159096664397,87.45042190551757,87.57137619018555,88.28608783721924,0,0,-0.157537616001818,-0.2071158326404751,1,53.44403462703009,11.395981067941287,0.0776103655313875,-1.274487335160082,-0.026318647785849,-2.170137638457387,0.1168740378362792,-0.0532614608345808,-0.1126987396339525,-0.1218151221922205,0,,
2026-05-29,88.1127665707643,88.20134580306598,87.19748788297275,87.85688018798828,1251.0,0.0012336771874839,0.0138557153549228,0.0022453871606571,-0.0210549769740544,-0.0058967268663947,0.0074677484307168,87.47158164978028,87.57629699707032,88.28590419769287,0,0,-0.101438403854317,-0.1859803468832435,1,54.6502852496602,11.570344054044362,0.0773636449077083,-1.1497981973348286,-0.0251174393137439,-1.9673509219297205,0.1167274064771939,-0.0570959498540414,-0.1054519164441786,-0.1179670420703054,0,,
2026-06-01,87.63052897471069,87.77815602912023,87.10891988993767,87.27130889892578,4361.0,-0.0066650589892282,0.0027706136990433,-0.0018571378210396,-0.0286449257788112,-0.0148983510081364,-0.0011064057575015,87.44722366333008,87.56301086425782,88.27998306274414,0,0,-0.1030422760416911,-0.169392732714933,1,47.48345495169454,11.538388249972051,0.0803927562763551,-1.5594635822610745,-0.0316150890882878,-2.676546320093214,0.1156345312252583,-0.0636505188512167,-0.119714820459755,-0.1223097787308388,0,,
2026-06-02,88.07340291988345,88.28992159924859,87.2959074388104,87.67973327636719,5260.0,0.0046799387174818,0.0045101028699232,-0.0008971823778776,-0.0270831070502868,-0.0107209305888953,0.0052163435108754,87.421635055542,87.56133773803711,88.2779933166504,0,0,-0.0705437380901514,-0.1496229337899767,1,52.19264254293626,12.328885308163652,0.0810332945383909,-1.463142734577807,-0.0270831070502868,-2.5306119161166127,0.1160181415546835,-0.0547083525820236,-0.1237233338709347,-0.1197831780950633,0,,
2026-06-03,87.48289709031707,87.49274089570059,87.23685451609329,87.2762222290039,2771.0,-0.0046021016748695,-0.0033716178948053,-0.0103783601225561,-0.0216240528812798,-0.0143038559741474,-0.002793875858986,87.41031684875489,87.55366119384766,88.27456733703613,0,0,-0.0764669188227173,-0.1349917307965248,1,47.64682244987839,12.924541936560974,0.0804027884848414,-1.195556149314568,-0.0315605695128394,-2.020524668550653,0.1163003124882321,-0.0544510813857933,-0.1120747764352509,-0.1119523813040805,0,,
2026-06-04,87.78799297482472,87.78799297482472,87.29590779557431,87.44353485107422,1198.0,0.0019170470237734,-0.0034768847029593,-0.0006748544943085,-0.0152942394441645,-0.0081817613043743,-0.0012091214554005,87.36799774169921,87.56369979858398,88.27367336273193,0,0,-0.0668892937748495,-0.1213712433921898,1,49.60672075563341,13.9219511188746,0.076184142170331,-0.8374040944281588,-0.0297040255849191,-1.429074755473212,0.1160846243149817,-0.0446557481232364,-0.1175417687084086,-0.1138646593319681,0,,
2026-06-05,87.41400403043548,87.58131117608298,86.9317626953125,86.9317626953125,717.0,-0.0058526014145393,-0.0105298240808949,-0.0153828924428049,-0.0250552230724632,-0.014852535503306,-0.0018291400939098,87.30009002685547,87.5583853149414,88.27007522583008,0,0,-0.0994483145670557,-0.116986657627163,1,44.16092572367712,13.993264832979364,0.0712408870669846,-1.394390980226643,-0.0353827811773026,-2.341128953572696,0.1184626742227802,-0.0203490082054608,-0.0968143176308649,-0.0948326052329628,0,,
2026-06-08,86.34126601051217,87.28606862251105,86.20347525692762,86.79398345947266,1448.0,-0.0015849124827106,-0.0054694428842123,-0.0169434243872628,-0.0188027442878009,-0.0187302975337106,-0.00428455907124,87.225785446167,87.54972473144531,88.26450450897217,0,0,-0.1348151409576701,-0.1205523542932644,0,42.79871801206976,13.313998952597824,0.071248281626429,-1.0602818174680373,-0.0369116150484524,-1.7569050944580853,0.1180077255113654,-0.0271034599414579,-0.0981320876744528,-0.0973173110380952,0,,
2026-06-09,87.00065990174625,87.09907543441065,86.85303284843773,86.98097229003906,1940.0,0.0021543985321714,-0.0079694697989742,-0.0147156964029008,-0.0170170448078897,-0.0152679305223434,-0.0034494055714954,87.17362442016602,87.53968612670899,88.26212127685547,0,0,-0.1460713501819555,-0.1256561534710026,0,45.26632696086905,12.683252063672107,0.0719545704940402,-0.9530742401573938,-0.0348367388455613,-1.5900515508792104,0.1186101337648841,-0.0139537900011393,-0.1057080771462563,-0.0908010941310621,0,,
2026-06-10,87.1187498697265,87.14828128536602,86.90223871540014,87.010498046875,5839.0,0.0003394507563962,-0.0030446343269954,-0.011516092687961,-0.0159171049015433,-0.0122250642398769,-0.0044180615874817,87.14754371643066,87.54126083374024,88.25615558624267,0,0,-0.1508703557219775,-0.1306989939211976,0,45.66491201110289,12.00010743408838,0.0715789589285004,-0.8887202709175769,-0.0345091134465166,-1.4872745309145403,0.1205509533222967,0.0073833597127499,-0.0823979660191139,-0.0716227559767043,0,,
2026-06-11,86.51841849686974,87.49274503447103,86.41015915840028,87.02033996582031,1504.0,0.0001131118562269,-0.0048396360688603,-0.0058466789313945,-0.0198425946573961,-0.0101535816110643,-0.0111655063004991,87.12835235595703,87.54716583251952,88.25178924560547,0,0,-0.1521258297109966,-0.1349843610791574,0,45.80658151970879,12.218929379616895,0.0691974282584517,-1.128273294474926,-0.0343999049801683,-1.8540674226721223,0.1185496181111502,-0.0052807658841101,-0.1027771185118519,-0.0879724049172077,0,,
2026-06-12,87.41401086260966,87.69942116735155,87.28607141922492,87.52227020263672,7456.0,0.0057679645587864,0.0067927704329877,0.0013512287933239,-0.0058132576558891,-0.0047732493986373,-0.0032450070231589,87.13278160095214,87.55996017456054,88.25041702270508,0,0,-0.1113358165978297,-0.1302546521828919,1,52.59499746858421,11.988002514013983,0.0721000159409161,-0.3094052567600268,-0.028830357854133,-0.5431835818591345,0.1185920377803459,0.0021072372619996,-0.0959662518003323,-0.0887349798743205,0,,
2026-06-15,88.15213459475153,88.15468752677566,87.31559133080881,87.66004943847656,2846.0,0.0015742191732555,0.0099784103054598,0.0025889808368297,0.0003369346158788,-0.003096793449638,-0.0018386851537706,87.1854347229004,87.5703923034668,88.2477960205078,0,0,-0.0671181086889163,-0.1176273434840967,1,54.28769783542238,11.35668848104684,0.0722839723904106,0.0531643746585296,-0.0273015239829833,0.031482752415072,0.1167204776412068,-0.0062570850582215,-0.119709503721526,-0.097068248498128,0,,
2026-06-16,87.58131678077173,87.9356187051828,87.16796703850008,87.70433807373047,328.0,0.0005052316937717,0.0083163681049613,0.0126704681947305,0.0056991686845973,-0.0077315329602005,0.0013328942035477,87.23439712524414,87.57344329833984,88.2460019683838,0,0,-0.0281767300655104,-0.0997372208003795,1,54.84584261371365,10.596289416523092,0.0633153887067706,0.3733849598014752,-0.0268100858844161,0.5325232499514057,0.1174798133008814,-0.0023914531282087,-0.11472232688444,-0.0937723002569356,0,,
2026-06-17,87.86672596276667,88.11276854555156,87.72894271709701,87.88641357421875,537.0,0.0020760147614957,0.0100667798369786,0.0133908600960075,0.0031454296176161,-0.0017323200661938,-0.0004022879388938,87.31559143066406,87.57954528808594,88.24577224731445,0,0,0.0171785407475226,-0.076354068490799,1,57.16158914411048,10.120514699183524,0.0634705051194864,0.2222248946766323,-0.0247897292569734,0.2939050403953238,0.1192124152433622,0.0102315593245854,-0.0967035306838892,-0.0866906543354874,0,,
2026-06-18,87.92577626415486,87.93562007015903,87.21717991295739,87.40416717529297,3833.0,-0.0054871552873019,0.0044107757982032,0.0132344801736188,-0.0060436077122674,-0.0097164361081181,-0.0007869859406613,87.33675117492676,87.58407241821288,88.24492366790771,0,0,0.0140477320314715,-0.0582737083863449,1,49.86688497682808,10.048377654368114,0.0636545240685602,-0.3304865493978713,-0.0301408594503121,-0.5647072052922457,0.1173383141261403,-0.0069767725917977,-0.1118575288699358,-0.1046727308695052,0,,
2026-06-19,87.1384421075768,87.62068346790447,87.0301827703529,87.08431243896484,383.0,-0.0036594906932371,-0.0050039579944383,0.0011880776473869,-0.0077375902597883,-0.0149083559512384,-0.0056917220675815,87.35815696716308,87.56379852294921,88.24044124603272,0,0,-0.0140807464364058,-0.0494351159963571,1,45.70108531938066,10.2869648509817,0.0587530034971684,-0.4306299024669266,-0.0336900499489046,-0.7229908325175314,0.1169089156576355,-0.0087263593612034,-0.1257428659078718,-0.1118003413932844,0,,
2026-06-22,86.57746263520512,87.2466987406541,86.54793872753618,86.96128845214844,3662.0,-0.0014126997546501,-0.007971259322852,0.0035207160007117,-0.007971259322852,-0.0149505850134982,-0.0086636551348113,87.35471229553222,87.54706756591797,88.23534370422364,0,0,-0.0457721430853723,-0.0487025214141602,1,44.17260161592515,11.223724154046351,0.0573974991282422,-0.4445575307753732,-0.0350551557782579,-0.7448245798168626,0.1171123024762047,-0.0013035903292243,-0.1253502649944181,-0.118838488596169,0,,
2026-06-23,87.2368567896204,87.24670059526048,86.64635609781867,86.99081420898438,1976.0,0.0003395275916615,-0.0081355595449138,-0.0004523450937213,0.0005660074361968,-0.017043286592703,-0.0144418686263628,87.33994979858399,87.53082885742188,88.22496826171874,0,0,-0.0677246340104886,-0.0525069439334258,0,44.651054934942735,12.093567857945134,0.055399929977904,0.0667915998946003,-0.0347275303792131,0.0528870324955997,0.1188784191910004,0.0133695083365361,-0.1176565134107731,-0.101015506696005,0,,
2026-06-24,87.24670221468503,87.33527394121865,86.98097201783652,87.25654602050781,5834.0,0.0030547111662277,-0.0071668364664695,-0.000338176863965,0.0006773032707858,-0.0084503178720204,-0.0098244505845096,87.3242031097412,87.52531753540039,88.21640586853027,0,0,-0.06295410906948,-0.0545963769606367,0,48.896019807926656,12.689433272399809,0.0554783093205769,0.0736337582568723,-0.0317789017878101,0.0632863771757418,0.1192968525605646,0.0206864567840696,-0.1078791835574043,-0.0845132122730172,0,,
2026-06-25,87.28606776956913,87.55179045121885,87.2171761477619,87.4238510131836,36945.0,0.0019173918783865,0.0002252047988873,-0.0016858089474026,0.0022566218074158,-0.007095665187959,-0.0131652670713737,87.30796432495117,87.51134231567383,88.21027862548829,0,0,-0.0451528253373538,-0.0527076666359801,1,51.422135345179626,12.730837056327635,0.0546625647962423,0.1704817117111292,-0.0299224425176156,0.2108559415067035,0.1193530502117745,0.0176627014346328,-0.1107561330731806,-0.0788828859625604,0,,
2026-06-26,87.86672441676417,87.86672441676417,87.41400697344028,87.54194641113281,4814.0,0.001350837289602,0.0052550678687244,-0.0023553678912493,0.0006749191278743,-0.0089170103998821,-0.0108727894240444,87.2922176361084,87.50091003417968,88.20348232269288,0,0,-0.0212706730004157,-0.0464202679088672,1,53.181378470913394,12.07944078683859,0.0543865073042235,0.0735023156070208,-0.0286120255791624,0.0630636058205032,0.1203848193754219,0.0300390198211577,-0.1007086403865287,-0.0696426418597564,0,,
2026-06-29,87.54194641113281,87.56163402223851,87.38448306540536,87.54194641113281,1362.0,0.0,0.0066772005028867,-0.0035846228113449,0.0070191112764956,-0.0153967052772044,-0.0130024984822103,87.30574951171874,87.49106826782227,88.19649227142334,0,0,-0.0023171841552311,-0.03759965115814,1,53.1813784709134,11.53333276954664,0.0541708911773272,0.4710010949049384,-0.0286120255791624,0.655857047858929,0.1184336472132256,0.0146173104288498,-0.1255752018260297,-0.0875071890930522,0,,
2026-06-30,87.61083552380047,87.61083552380047,87.2959013327409,87.34019470214844,1478.0,-0.0023046290064978,0.0040162917928865,0.0007893293235974,0.0070925804182213,-0.0141207813898628,-0.0180256522625628,87.28877258300781,87.46764511108398,88.19009208679199,0,0,-0.003535331398865,-0.030786787206285,1,49.62092042311375,11.20942165228244,0.0494818021435375,0.4756618011887114,-0.0308507144815758,0.6627219132959946,0.1172477152995799,0.013950712276241,-0.1470647639420729,-0.0967068468088468,0,,
2026-07-01,87.049858250481,87.47305177116725,86.8628710031708,87.010498046875,1428.0,-0.0037748559686383,-0.002819822521682,-0.0076327242851292,0.0014726195504515,-0.0179496569862407,-0.0178311684173448,87.27548637390137,87.44185989379883,88.17986351013184,0,0,-0.0307500194731034,-0.0307794336596487,1,44.39069691277187,11.730988204913888,0.0481469780367692,0.1234486159251911,-0.0345091134465166,0.1375997434622057,0.1169633153723425,0.0081467760558251,-0.1535154435922462,-0.1000966009536989,0,,
2026-07-02,87.01050132008992,87.38448333740234,86.97113360637961,87.38448333740234,4858.0,0.0042981628530143,-0.0004503081862101,0.0012404421918534,0.0028235568112868,-0.0169536345174728,-0.0121190229329932,87.27253379821778,87.42827835083008,88.17072975158692,0,0,-0.0218880565322479,-0.0290011582341685,1,50.73415444705904,12.215300003785943,0.048138886215429,0.2070169249196408,-0.0303592763830086,0.2638296447747904,0.1176206021894062,0.011352417486476,-0.1265871271511901,-0.1046815328979515,0,,
2026-07-03,87.26637668295135,87.39432362451463,86.79397915469357,87.12859344482422,13751.0,-0.0029283218576701,-0.004721770342726,-0.0036016545624142,-0.0048336520969557,-0.0124050833453971,-0.0173454785413118,87.28237533569336,87.41036636352538,88.15958992004394,0,0,-0.0351083555559625,-0.0302225976985273,0,46.80036493260582,12.987923704625404,0.0487108718593537,-0.2720899340395318,-0.0331986965080634,-0.4516504539972533,0.1172761712091026,0.0102644678496595,-0.1267257812776273,-0.0988900738326782,0,,
2026-07-06,86.91207881924925,87.22701302225661,86.91207881924925,86.95144653320312,3009.0,-0.0020331662043101,-0.0067453364031507,0.0002264286065338,-0.0071918029579445,-0.0145212608289473,-0.0113584177709644,87.29024848937988,87.3896987915039,88.15071311950683,0,0,-0.0591974220365614,-0.0360175625661341,0,44.24284584996311,13.705359998262049,0.044728052733373,-0.4198141939841651,-0.0351643642446061,-0.6719931442852816,0.1160251324227213,-0.0205764542802311,-0.1355548906569289,-0.1026637289120433,0,,
2026-07-07,87.05970409282077,87.24669885312984,86.65619817311915,86.84318542480469,1295.0,-0.0012450754152445,-0.005690498848081,0.0005668822120026,-0.0038384222036884,-0.0152075280447629,-0.0087151338908751,87.28335914611816,87.3682437133789,88.1426513671875,0,0,-0.0860322215498712,-0.0460204943628815,0,42.706847583237234,14.8390172775904,0.0445902102099469,-0.2116159737283044,-0.0363656573744369,-0.3586574077230087,0.1164339537628713,-0.0133361755908303,-0.1239890892615386,-0.093648840748417,0,,
2026-07-08,86.70540476983753,86.71524857557472,86.36094665527344,86.36094665527344,2112.0,-0.0055529834283751,-0.0074652071437589,-0.0071282904575743,-0.019717364808141,-0.0233051203928625,-0.0167916273518019,87.25088157653809,87.33862030029297,88.13164554595947,0,0,-0.1445454025380144,-0.0657254759979081,0,36.60980265050213,16.37240076744595,0.047839970150128,-1.2860594788645967,-0.0417167029100499,-1.8423661009519052,0.1161462211457315,-0.0207732049610259,-0.1132573029388933,-0.1012222689396017,0,,
2026-07-09,86.58731079101562,86.75461794862795,86.46920764578252,86.58731079101562,3158.0,0.0026211400466205,-0.0091225869392479,-0.0048636344505393,-0.0137876462981143,-0.0192943502480674,-0.0129269043833852,87.22923011779785,87.31716552734375,88.12109340667725,0,0,-0.1706842839078177,-0.08671723757989,0,40.87668655635588,17.664459549632106,0.0488875160297124,-0.8884552829333879,-0.0392049081840399,-1.2883005613951437,0.1154731468209297,-0.0421216619315435,-0.1102784784815493,-0.1051978049335626,0,,
2026-07-10,86.84318542480469,87.04002399055727,86.76445750712718,86.84318542480469,5295.0,0.0029551054473402,-0.0032757101742985,-0.0020357831408749,-0.0109286350710718,-0.013364771015571,-0.008282701432516,87.19527587890624,87.30535552978516,88.11312854766845,0,0,-0.168806692725397,-0.1031351286089914,0,45.35432302262007,17.946221644995767,0.0501130234805824,-0.6929186343472596,-0.0363656573744369,-1.0211581000065335,0.1153173507362587,-0.0272651015363117,-0.1121165947112946,-0.0977230825662611,0,,
2026-07-13,86.48888219612662,86.90223942359164,86.38062286376953,86.38062286376953,1177.0,-0.0053264117244486,-0.0065648553554036,-0.013044078224022,-0.0131550493859108,-0.0202377182934466,-0.0091352837469855,87.1313045501709,87.27779861450195,88.10503078460694,0,0,-0.2023115000271502,-0.1229704028926232,0,39.52650001128014,18.88874038230941,0.0484761559016949,-0.8323333323590948,-0.0414983706350792,-1.2291914908904782,0.1155880816534012,-0.0253301670429895,-0.0985564904840248,-0.0956777520534714,0,,
2026-07-14,86.36094431070302,86.91207727904313,86.27237258734417,86.72509002685547,2870.0,0.0039877828113048,-0.0013598694862646,-0.0106657413224171,-0.0158588351042521,-0.0149233437538293,-0.0028903049872629,87.08234214782715,87.24847030639648,88.09700832366943,0,0,-0.1987772990057124,-0.138131782115241,0,45.17612270523256,19.93911595823412,0.0505305213037811,-1.0292753181166971,-0.0376760743128902,-1.4818298733609976,0.1156384316186789,-0.0092704043403089,-0.0932917653130855,-0.0958009135630081,0,,
2026-07-15,87.08922607230231,87.08922607230231,86.4888816001402,86.89239501953125,35988.0,0.0019291417584459,0.0061538042928037,-0.0092577296862629,-0.013299092835304,-0.016270734659839,-0.007071151258192,87.03264122009277,87.23626647949219,88.08846603393555,0,0,-0.1803968025047311,-0.146584786193139,0,47.73029475069912,20.350869007405045,0.0511266781393587,-0.8549484868595075,-0.0358196150426957,-1.2426507320623357,0.1154040953054002,-0.0176687205840637,-0.0873772420878875,-0.1050233776227623,0,,
2026-07-16,86.97000122070312,86.97000122070312,86.61000061035156,86.70999908447266,1287.0,-0.0020991012506629,0.0014169315611747,-0.0133856240333738,-0.0150400427358241,-0.0153702779435636,-0.0045786610589155,86.99793281555176,87.20466812133789,88.07838199615479,0,0,-0.1784904276724148,-0.1529659144889942,0,45.25494062911977,20.733211124492332,0.0505828494783828,-0.9696277449862952,-0.0378435272946242,-1.4053229304713997,0.1157892681009695,-0.0287146865987465,-0.08177332443972,-0.0968709400881203,0,,
2026-07-17,87.0,87.02999877929688,86.81999969482422,86.93000030517578,642.0,0.0025372070467766,0.0009996740670719,-0.0054249915700955,-0.0178660950095506,-0.0130926605554649,-0.0039916075103726,86.9902172088623,87.17746978759766,88.06951908111573,0,0,-0.1574127952813455,-0.1538552906474645,0,48.71011198499076,20.8846639929696,0.0484816856721587,-1.1759002395792668,-0.0354023371119743,-1.6693857481599954,0.1172434311058119,-0.0008086277788714,-0.064079331168531,-0.0864992688822017,0,,
2026-07-20,86.5999984741211,86.83000183105469,86.5,86.55999755859375,4117.0,-0.0042563297513298,0.0020765617204117,-0.0060207730380666,-0.0197029003702037,-0.0153128438251359,-0.0156069991071947,86.97015266418457,87.14306823730469,88.0589514541626,0,0,-0.1686209913372636,-0.1568084307854243,0,43.71319896422551,21.660241750145637,0.0490505841056798,-1.292392200563421,-0.0395079828425878,-1.8410145618195572,0.1169331758832204,0.0002075139047212,-0.0661903410000323,-0.087080539205716,0,,
2026-07-21,86.5999984741211,86.6500015258789,86.30000305175781,86.3499984741211,1546.0,-0.002426052338212,-0.0043250638611989,-0.0070294494125822,-0.0194582413232574,-0.0183611689637787,-0.0198850107982607,86.9381118774414,87.10958435058593,88.04609859466552,0,0,-0.1922327985032552,-0.1638933043289905,0,41.13402293068068,22.731323952833133,0.049468489877394,-1.276653286859165,-0.0418381867466466,-1.8181539240633964,0.1156845274015548,-0.0121915037486346,-0.0797484664579125,-0.1158085600664839,0,,
2026-07-22,86.41000366210938,86.43000030517578,85.87999725341797,86.25499725341797,891.0,-0.0011001878677693,-0.0073354839162853,-0.0084585592428034,-0.0200989693874075,-0.0185627818277404,-0.0186431172344757,86.88803443908691,87.08404205322266,88.03577407836914,0,0,-0.2161198354158671,-0.1743386105463658,0,39.9846572114377,24.359287637360453,0.0494739230531595,-1.3196306192650684,-0.0428923447489477,-1.878022759316229,0.1156917752360331,-0.026805907890206,-0.0699553708560571,-0.1047468396349794,0,,
2026-07-23,86.30000305175781,86.31999969482422,85.8499984741211,85.86000061035156,2912.0,-0.0045794058969812,-0.0098027734182424,-0.0160050503239954,-0.0241498976747751,-0.0260020596701983,-0.0235676289123133,86.80984191894531,87.05315872192382,88.02347457885742,0,0,-0.2638815499889659,-0.1922471984348858,0,35.53831587498527,25.91242120870028,0.0498241859318849,-1.5785016363411812,-0.0472753291894504,-2.256536471805426,0.1166019223693412,-0.0225901198009833,-0.0658585618031589,-0.0957249871690701,0,,
2026-07-24,85.95999908447266,86.16000366210938,85.95999908447266,86.16000366210938,34677.0,0.0034940956164126,-0.0088576629513776,-0.014456550888883,-0.0199728932239828,-0.0241240835039701,-0.0167976031557439,86.74074478149414,87.02768508911133,88.01349868774415,0,0,-0.274362632206703,-0.2086702851892493,0,40.912607158816485,27.35461666780155,0.0511741541046037,-1.2867779467832074,-0.043946418093523,-1.8662423590501795,0.1168905838047668,-0.0206317844633076,-0.0555497410679312,-0.0945726756839201,0,,
2026-07-27,86.38999938964844,86.70999908447266,86.16999816894531,86.22000122070312,9029.0,0.000696350464759,-0.003927869079022,-0.0151007059429691,-0.0184662681017874,-0.0312198301719968,-0.0136047320321315,86.67464752197266,87.01994537353515,88.00537292480469,0,0,-0.2746615365953744,-0.2218685354704743,0,41.95487159503757,26.76647971002821,0.0508950256689624,-1.186044439807899,-0.0432806697374279,-1.7254651771607734,0.1169466480385878,-0.0285598413045096,-0.0526732816449607,-0.0967873495820902,0,,
2026-07-28,86.4000015258789,86.61000061035156,86.30999755859375,86.61000061035156,1493.0,0.0045233053134634,0.0030110265295302,-0.0106457057329345,-0.0119786474551553,-0.0294136381190668,-0.0101303381383365,86.63813781738281,87.01764358520508,87.99575775146485,0,0,-0.2406546125222917,-0.2256257508808378,0,48.33454415893613,26.220352534952973,0.0540169447445964,-0.7478241633377464,-0.038953136107358,-1.119269954244594,0.1171949788007003,-0.010458754261745,-0.0533189804954663,-0.0936684821415806,0,,
2026-07-29,86.55000305175781,86.55532836914062,86.2699966430664,86.23999786376953,244.0,-0.0042720556976627,-0.0001738958915548,-0.0125966840597373,-0.0136524891388457,-0.0312094128504497,-0.0109641666370634,86.59961280822753,87.01719299316406,87.98497074127198,0,0,-0.2407843969499623,-0.2286574800946627,0,43.45480990591981,25.801847629791705,0.0552589599232792,-0.8520530264489793,-0.0430587818379715,-1.2756716441457854,0.1185180046014597,0.0108342350094761,-0.040301621501056,-0.0813000608357636,0,,
2026-07-30,86.26000213623047,86.91999816894531,86.16000366210938,86.86000061035156,18991.0,0.0071892713583021,0.0116468669099849,-0.0017296468805678,-0.0102379637159276,-0.0262899425126134,-0.0028566598905367,86.573388671875,87.01477355957032,87.97631488800049,0,0,-0.1886831896152472,-0.2206626219987796,1,52.168903665533534,24.288007337965198,0.0601519876396693,-0.6163919062136545,-0.0361790717466605,-0.9566226256164242,0.1174017352942826,0.0037483540932847,-0.0434351190347823,-0.0936626488224715,0,,
2026-07-31,86.76000213623047,87.05000305175781,86.31999969482422,86.58000183105469,25163.0,-0.0032235640954336,0.0048746303516002,-0.0092062283327973,-0.0182727757415867,-0.026528986766002,-0.0130959729543999,86.54595909118652,87.01324966430664,87.96475730895996,0,0,-0.1680490045577158,-0.2101398985105669,1,48.5314533879276,22.58149711139585,0.0588909405421159,-1.1399869723113567,-0.0392860102854055,-1.70738549112282,0.1161867538459056,-0.0121904523256196,-0.0553743398805807,-0.1030456257134455,0,,
2026-08-03,86.9000015258789,87.44000244140625,86.58999633789062,86.86499786376953,1011.0,0.0032917073999485,0.0074808238684127,-0.0030253625203029,-0.0072865103474637,-0.0185460104359075,-0.012791022422527,86.54163665771485,87.00994598388672,87.95389812469483,0,0,-0.1272328056258942,-0.1935584799336324,1,52.18579899570619,21.94934369482467,0.0595096698809111,-0.4454415050339106,-0.0361236209362278,-0.6808424852422343,0.1149322279986394,-0.0199865257050728,-0.0541396500887055,-0.1039568643646627,0,,
2026-08-04,86.88999938964844,87.19000244140625,86.73999786376953,87.08999633789062,6288.0,0.0025902087106932,0.0055420358406244,0.0015934157534065,-0.0135906873080767,-0.0154563484619335,-0.0116486315496548,86.55397720336914,87.00602462768555,87.94367950439454,0,0,-0.0758557594602393,-0.1700179358389538,1,54.907837230918105,21.362344093722857,0.0598084882793636,-0.899954474242134,-0.0336269799431454,-1.269896957766877,0.1131892430109802,-0.0244420269343789,-0.0639587118584844,-0.1245203312933368,0,,
2026-08-05,87.69999694824219,87.70999908447266,87.08999633789062,87.2699966430664,15698.0,0.0020668310109626,0.0119433998702542,0.0049147347160738,-0.0115519459511026,-0.0129821931892065,-0.0106393017404678,86.59942970275878,86.99999496459961,87.93440929412841,0,0,-0.020379636160186,-0.1400902759032002,1,57.01608495171637,21.874139825841084,0.0599822799574503,-0.7573814073888592,-0.0316296502171342,-1.079399495187751,0.1136500955647556,-0.0239093332155093,-0.0630292697097668,-0.1248242496975227,0,,
2026-08-06,87.25,87.30000305175781,87.04000091552734,87.05000305175781,1023.0,-0.0025208387735863,0.0021874561371302,0.0079787962403292,-0.0139337446242975,-0.0176572257801506,-0.0141619919256764,86.6225643157959,86.98602249145507,87.92413600921631,0,0,0.0057674632572428,-0.1109187280711116,1,53.71083757091951,22.189189664401383,0.057144873487243,-0.917603832566113,-0.0340707557420582,-1.301951807704415,0.1135450249727408,-0.022395874332639,-0.0560617547187671,-0.1384715282049846,0,,
2026-08-07,87.0,87.38999938964844,86.8499984741211,87.1449966430664,14863.0,0.001091253164599,0.0065256964664219,0.0064407341786696,-0.0099881196171754,-0.0162575501445348,-0.0111332758715622,86.63765487670898,86.97178482055664,87.91424079895019,0,0,0.0337651927256246,-0.0819819439117644,1,54.92591092258191,21.88050036204628,0.0566339163959712,-0.6505285476195903,-0.0330166823974829,-0.9332775030535028,0.1129780335994416,-0.0216077355660648,-0.0558997011258383,-0.1260367905794607,0,,
2026-08-10,87.06999969482422,87.16999816894531,86.81999969482422,86.88500213623047,4863.0,-0.0029834702719748,0.0002302915207839,0.0004815197786818,-0.0073928295532584,-0.0220173790814502,-0.0104934763870931,86.66287384033203,86.96405868530273,87.90411140441894,0,0,0.0345756446956926,-0.058670426190273,1,50.98143104898072,21.4995145058625,0.0568773073054238,-0.4801225844413652,-0.0359016483790456,-0.6907768199031966,0.1126744812450198,-0.0229182293415959,-0.0545775222711603,-0.1267047326010784,0,,
2026-08-11,87.06999969482422,87.06999969482422,86.58999633789062,86.94999694824219,3817.0,0.0007480555954848,-0.0016075254970188,0.0065914561112925,-0.0051962079352569,-0.0273199717363415,-0.0107358335320389,86.67411918640137,86.94946395874024,87.89469787597656,0,0,0.040001361075511,-0.0389360687371162,1,51.911159213756,20.44070621836161,0.0534604943904706,-0.3288112620245607,-0.0351804492125179,-0.4855272216428277,0.1131202097131531,-0.0213505744272858,-0.0441299183668079,-0.1309533697584465,0,,
2026-08-12,87.08000183105469,87.12000274658203,86.58999633789062,86.9800033569336,2770.0,0.0003450995945322,-0.0033229437067459,0.002939326208819,-0.0051888690752303,-0.0256970722908236,-0.016681064863994,86.67849960327149,86.94353958129882,87.88504348754883,0,0,0.0461900961282424,-0.0219108357640444,1,52.360404404801336,19.58713261612625,0.0517726887019522,-0.3283036165637113,-0.0348474903767445,-0.4848414876685184,0.1128765358758824,-0.0238838914030233,-0.0389839036245585,-0.1318789110513822,0,,
2026-08-13,86.95999908447266,87.30999755859375,86.79000091552734,87.16000366210938,3912.0,0.0020694446795677,0.001263648552501,0.0030797705888756,0.0063853585231035,-0.0273800813530715,-0.0104189711515023,86.70099983215331,86.93786895751953,87.87551399230956,0,0,0.0648714360140303,-0.0045543814084295,1,55.07185397202744,19.2762322602859,0.0518358579714556,0.4882107216102607,-0.0328501606507333,0.5966399769878469,0.1123263686917323,-0.0266691282100782,-0.0461531875357223,-0.1526789761694148,0,,
2026-08-14,87.04000091552734,87.38999938964844,86.91999816894531,86.93000030517578,1597.0,-0.0026388635528887,-0.0024671105189345,0.0025372070467766,0.0023627565939321,-0.0310640447717367,-0.011725798291463,86.70099983215331,86.9378337097168,87.86459224700928,0,0,0.0604206916561764,0.0084406332044916,1,51.07184787615215,19.183333490438088,0.0521638304035737,0.1975640145230187,-0.0354023371119743,0.2207730442591323,0.1122521860730665,-0.0305475808415903,-0.0487509145529062,-0.1536180952776334,0,,
2026-08-17,87.11000061035156,87.12000274658203,86.83000183105469,86.88999938964844,8607.0,-0.0004601508729658,5.751571957302026e-05,-0.0004601508729658,0.0072739802816088,-0.032994940667082,-0.0083578047362287,86.71749992370606,86.93975402832031,87.85729743957519,0,0,0.0530541301182836,0.01736333258725,1,50.38641511762005,18.77938716449812,0.051446420453225,0.5600700356261908,-0.035846197568613,0.7569073148325205,0.1127334650663478,-0.0384666842050527,-0.045947181440241,-0.1512926181243716,0,,
2026-08-18,86.70999908447266,86.83000183105469,86.52999877929688,86.62000274658203,1690.0,-0.0031073385310504,-0.0037952180936428,0.0006932207680303,-0.0041499828520353,-0.0355772143412806,-0.0117669249536259,86.7310001373291,86.93253463745117,87.84826515197754,0,0,0.0251398083255338,0.0189186277349068,1,45.90780807541029,17.43835339203747,0.0503966863100865,-0.2935682288045689,-0.0388421498287668,-0.4318340517195279,0.1131475600854836,-0.0323741809725364,-0.0406189880009472,-0.1464267191031388,0,,
2026-08-19,86.87999725341797,87.41000366210938,86.77999877929688,87.2699966430664,5737.0,0.0075039699362053,0.0033340224757498,0.0106542928222637,0.0070831639623212,-0.0253498524176939,-0.0072590579618954,86.78175010681153,86.937724609375,87.84238590240479,0,0,0.0548344846083352,0.0261017991095925,1,56.03847136579781,17.61274712623814,0.0557363921853644,0.5521007155702136,-0.0316296502171342,0.8262490601566276,0.1137579762284662,-0.0166534904568637,-0.0299082160572643,-0.1348441446982211,0,,
2026-08-20,87.41999816894531,87.44999694824219,87.13999938964844,87.1449966430664,680.0,-0.0014323364822763,-0.0001721778156543,0.0103182356731588,0.0013192521929092,-0.0254604616471583,-0.0035745550234684,86.84599990844727,86.94021774291993,87.83665676116944,0,0,0.0675031399910466,0.0343820672858833,1,53.94605360288868,17.85795441902974,0.0558690635302484,0.1254270469636595,-0.0330166823974829,0.1669142459225485,0.1145572981209354,-0.0098060308330748,-0.0234655401443734,-0.1299152256473038,0,,
2026-08-21,87.2300033569336,87.3499984741211,86.95999908447266,87.0999984741211,1756.0,-0.0005163597530403,0.0019555753865008,0.0144420900879895,-0.0021316767532643,-0.0269274750406826,-0.0125123831991742,86.89299964904785,86.93177230834961,87.83268871307374,0,0,0.0730698606172808,0.0421196259521628,1,53.1763034661778,17.51604535631579,0.0529141472147756,-0.1357138343427488,-0.0335159936645542,-0.2697037152821341,0.1140316157762847,-0.0220434323965511,-0.0243621405772682,-0.128507715909812,0,,
2026-08-24,87.13999938964844,87.27999877929688,87.08000183105469,87.16500091552734,5784.0,0.0007462966997131,0.0031649387479644,0.0116643130304314,-0.0046416810904248,-0.0290836620883169,-0.0082896491968024,86.94024963378907,86.92187133789062,87.82657516479492,1,0,0.0817839263982591,0.0500524860413821,1,54.19311477261193,17.198558369509982,0.0519252038402224,-0.3294333399242076,-0.0327947098403006,-0.5872741415063809,0.1144530301120229,-0.0208532938531229,-0.02411727555757,-0.1367816504401934,0,,
2026-08-25,87.12999725341797,87.45999908447266,87.01000213623047,87.45999908447266,5677.0,0.003384364892409,0.0096974868535635,0.0143817889841526,-0.0032892551751144,-0.0264381017798764,-0.0038351742326067,86.98274955749511,86.91698455810547,87.8215491104126,1,0,0.1112117928217486,0.0622843473974554,1,58.58825317703253,17.344485866162376,0.0528425917890627,-0.2242370001842367,-0.0295213342125318,-0.4161626944051787,0.1144745272350856,-0.0211388769576912,-0.02053074100644,-0.1309156920052157,0,,
2026-08-26,87.36000061035156,87.5,87.16999816894531,87.16999816894531,1383.0,-0.0033158120119261,-0.0011458517012449,0.0064657378437522,-0.0078181926967272,-0.0287085578035733,-0.011501506339152,87.02924957275391,86.90265625,87.8164294052124,1,0,0.1098664664981186,0.071800771217588,1,53.18567340218372,17.57634394800082,0.0526461031640158,-0.5660779362990718,-0.032739259029868,-0.98917230948361,0.1140696268894418,-0.0266679677170585,-0.0227691136808678,-0.1258199834516635,0,,
2026-08-27,87.5999984741211,87.70999908447266,87.0,87.30000305175781,1169.0,0.001491394809491,0.0017787183964936,0.0122913406104523,0.0003287925114685,-0.0283255515044302,-0.0086658887376714,87.05124969482422,86.9005729675293,87.81036109924317,1,0,0.1179311562809175,0.0810268482302539,1,55.18092869113976,18.28107630016483,0.0500440944637301,0.0508692706770529,-0.0312966913813608,0.0477861109242003,0.1134960279019692,-0.0423731121391885,-0.0184936394053717,-0.1359944971440652,0,,
2026-08-28,87.2300033569336,87.4800033569336,86.80999755859375,86.86000061035156,4682.0,-0.005040119427549,-0.0027554290238115,0.0,-0.0093491692479471,-0.0361790717466605,-0.0121952510396539,87.06524963378907,86.89608673095704,87.8018989944458,1,0,0.0878057907702896,0.0823826367382611,1,47.76139223027481,18.229471810465263,0.047584662568836,-0.704256908441824,-0.0361790717466605,-1.358791405364019,0.1131808568399371,-0.0359524366804738,-0.0244555263230881,-0.1451531409457619,0,,
2026-09-01,86.5,86.62999725341797,86.31999969482422,86.52999877929688,11114.0,-0.003799238184847,-0.0072850585620466,-0.0005775358131244,-0.008550134626004,-0.0299892989439891,-0.0119200410088997,87.04849967956542,86.8874609375,87.79212600708007,1,0,0.0368777282402845,0.0732816550386658,0,43.08258192961971,17.161326889565768,0.0481155186823291,-0.64512553200916,-0.0398408570206354,-1.2426611537779817,0.1138712834800846,-0.0199288670108804,-0.0208858338914035,-0.1306198351626115,0,,
2026-09-02,86.29000091552734,86.55999755859375,86.18000030517578,86.55999755859375,1925.0,0.0003466864638861,-0.0102904360313295,-0.0035111991328672,-0.0101040893873426,-0.0252437944690518,-0.0161489700800888,87.02199974060059,86.87884460449219,87.78395629882813,1,0,-0.0010503694474834,0.0584152501414359,0,43.623249617155246,16.52673916346031,0.0466172845685412,-0.7701154825593899,-0.0395079828425878,-1.4685101375788665,0.1134075811526095,-0.0132656163774007,-0.0230611347382957,-0.1378922568811421,0,,
2026-09-03,86.73999786376953,87.18000030517578,86.73819732666016,87.16000366210938,1137.0,0.0069316788405575,-0.000114655352138,0.0008038503520786,0.0026255186794823,-0.0224954873491761,-0.0093292307137321,87.01650009155273,86.87691375732422,87.77907726287842,1,0,0.0171095892764441,0.0501541179684375,0,53.19907887336565,16.2850790144825,0.0519673722415268,0.2283751336068978,-0.0328501606507333,0.3815881520260907,0.1130106434359147,-0.0015778847027732,-0.0460231952607489,-0.1383818086472523,0,,
2026-09-04,87.08000183105469,87.12000274658203,86.8499984741211,87.01000213623047,23739.0,-0.0017209903576922,-0.003321888950627,-0.0029791969386605,0.0024888669484639,-0.0163606748681351,-0.0230829140128452,87.01450004577637,86.86863677978516,87.77398109436035,1,0,0.0191765624028192,0.0439586068553139,0,50.87267239348948,16.060680304717387,0.0517651642835169,0.2177657655949788,-0.034514616198697,0.3617274357729659,0.1132526552456334,-0.0034970522210936,-0.0402945675389196,-0.134472465178839,0,,
2026-09-07,87.0,87.37000274658203,86.55999755859375,86.94999694824219,1929.0,-0.0006896355190789,0.0010361079583034,-0.0011488351523223,-0.0003561162974079,-0.0173671010583079,-0.022693602832194,87.00475006103515,86.85679779052734,87.76998970031738,1,0,0.0157907108258115,0.0383250276494134,0,49.93200030517246,15.069061695955243,0.0510868584572696,-0.0022992978445643,-0.0351804492125179,-0.0517573007178395,0.113174552191946,-0.0032627830315213,-0.0458272948558746,-0.1466910567821019,0,,
2026-09-08,87.02999877929688,87.19999694824219,86.88999938964844,87.02999877929688,1511.0,0.0009200900961767,0.0057783428528099,-0.0013196152183073,0.0002241193058263,-0.0156965529262181,-0.0182663692685388,87.01199989318847,86.84655883789063,87.76649520874024,1,0,0.0193399394370743,0.0345280100069456,0,51.22688183818786,14.148272987818968,0.0510421090651094,0.0427427585453959,-0.0342927282992405,0.032573095903664,0.1139042655840365,0.008198336925201,-0.0551359201655592,-0.1329907985084388,0,,
2026-09-09,87.13999938964844,87.16999816894531,86.77999877929688,86.7699966430664,80220.0,-0.0029875001709447,0.002426052338212,-0.0013236518425094,-0.0028768368734508,-0.0226623476228716,-0.0239727940686167,87.00299987792968,86.83515487670898,87.76063499450683,1,0,0.0011593647815004,0.0278542809618565,0,46.97484674054694,13.280551473984923,0.0510450211873181,-0.1964558575069333,-0.0371777789385291,-0.4181142853026916,0.1140942544277505,0.0126006631407802,-0.0375822693854855,-0.1364967905427611,0,,
2026-09-10,86.98999786376953,87.0199966430664,86.43000030517578,86.43000030517578,48421.0,-0.0039183629254847,-0.0083754397230589,-0.0059804101359076,-0.0124799081985882,-0.018220616932597,-0.0282207958490035,86.97549972534179,86.823544921875,87.75254192352295,1,0,-0.0402201023134978,0.0142394043067857,0,42.05857905487533,13.33508047447278,0.0526506824168523,-0.9575140698891744,-0.0409504658333692,-1.81380736087296,0.1143325324525851,0.0107171189171788,-0.0359172960300263,-0.1284366995555541,0,,
2026-09-11,86.31999969482422,86.43000030517578,86.19999694824219,86.38500213623047,61689.0,-0.0005206313639526,-0.0071830822279654,-0.0068406667939694,-0.0145453637137288,-0.0142133299343857,-0.0252225643187185,86.93674964904785,86.80355529785156,87.74257682800292,1,0,-0.0757711614939466,-0.0037627088533607,0,41.44042091293765,13.87698376606018,0.0526064903244351,-1.1241507105196535,-0.0414497771004406,-2.113996942182657,0.1133071431047475,0.0038148515590397,-0.0292436649115825,-0.1454524240195445,0,,
2026-09-14,85.95999908447266,86.2300033569336,85.77999877929688,86.05999755859375,744.0,-0.0037622801365934,-0.0102357610222599,-0.0126205376009389,-0.0187486793840729,-0.0131563625858989,-0.0336440963143642,86.89324951171875,86.78218338012695,87.72992095947265,1,0,-0.128687357512419,-0.0287476385851724,0,37.18895859431223,15.14813011875712,0.0531428796636223,-1.4457815524810895,-0.0450561115639828,-2.724899264669719,0.1133867422445863,0.0094401124616079,-0.0348406329674033,-0.1455659613676961,0,,
2026-09-15,86.08999633789062,86.0999984741211,85.66000366210938,85.91500091552734,4170.0,-0.0016848320611174,-0.0128116497691457,-0.0116760541364913,-0.0224313699753668,-0.019356496653235,-0.0369486436225824,86.8444995880127,86.76145446777343,87.71634632110596,1,0,-0.1802460768311817,-0.0590473262343742,0,35.441988733387674,16.52444212890788,0.0527830770983281,-1.7433882326246335,-0.0466650316437878,-3.2601348766642118,0.1137172977152025,0.0130519653415239,-0.0460951782324176,-0.1383411424337289,0,,
2026-09-16,85.95999908447266,86.12999725341797,85.80999755859375,85.95999908447266,20196.0,0.0005237521790817,-0.009334995850302,-0.0107031915261651,-0.0165228745664262,-0.0224666245065351,-0.0380113186801083,86.81149940490722,86.7437907409668,87.70343269348145,1,0,-0.2149974009761024,-0.0902373411827199,0,36.43986746724986,17.69976586808661,0.0529149650144639,-1.3012437841399689,-0.0461657203767166,-2.4014048047849164,0.114280822165131,0.0137258009223126,-0.0260570640014689,-0.1349999140825946,0,,
2026-09-17,85.7300033569336,86.06999969482422,85.69999694824219,86.0199966430664,2199.0,0.0006979706751135,-0.0047437655983072,-0.0069268769855735,-0.0122216707704316,-0.0198646947495084,-0.0305072401458347,86.74899940490722,86.73697174072265,87.6927082824707,1,0,-0.2349879790254476,-0.1191874687512654,0,37.81994083456634,18.985118113959643,0.0521958108006009,-0.9629281938412804,-0.0454999720206215,-1.7762755985723162,0.113078418491002,-0.0006110745510496,-0.0327647993746779,-0.1543877255082814,0,,
2026-09-18,86.0999984741211,86.11000061035156,85.51000213623047,85.56999969482422,33610.0,-0.0052313062753236,-0.0094345363344551,-0.0194797411898062,-0.0159989436919371,-0.0238426712857289,-0.0326213183251676,86.67024955749511,86.71662551879882,87.67934635162354,0,0,-0.2838693795902571,-0.1521238509190638,0,32.17679982006284,20.500592885011034,0.0464526471474826,-1.2456467851266824,-0.0504932540067865,-2.325257635942405,0.1123422907226707,-0.0124447142321905,-0.0407302363003514,-0.1609749553812353,0,,
2026-09-21,85.9000015258789,86.05000305175781,85.7300033569336,85.86000061035156,13334.0,0.0033890489255767,-0.0023239246329982,-0.0147454940870329,-0.0129992299637082,-0.0124405801883357,-0.0305109065608386,86.60824966430664,86.69696182250976,87.66639289855956,0,0,-0.2957978183429475,-0.1808586444038405,0,38.54121511853604,21.90781945813018,0.0487446108570403,-0.995409542124413,-0.0472753291894504,-1.8892846500683105,0.111001940026311,-0.0310356315393468,-0.0662565940756193,-0.1761175876369822,0,,
2026-09-22,85.83999633789062,86.0999984741211,85.5,85.66999816894531,5207.0,-0.0022129331476308,-0.0028516876444303,-0.016417914239122,-0.0181825653652347,-0.017517577205442,-0.0341354867067098,86.53349952697754,86.68274932861328,87.65309497833252,0,0,-0.3169294358443437,-0.2080728026919412,0,36.14785907992634,23.597185063356804,0.0490164519424789,-1.4140253077359657,-0.0493836451940526,-2.642621273668288,0.1107734847397904,-0.0285721728514862,-0.0714467116091516,-0.1716182822502994,0,,
2026-09-23,85.86000061035156,85.86000061035156,85.0,85.0,267.0,-0.0078206861592787,-0.0111679745776784,-0.0248379612549476,-0.0277252830330944,-0.0255312267039877,-0.038854664588823,86.4104995727539,86.64824752807617,87.63765811920166,0,0,-0.383320962340008,-0.2431224346215545,0,29.250095397145884,25.840062936531908,0.0543422298389654,-2.096820697041046,-0.0568181173628676,-3.819317704776058,0.1107044715102363,-0.0327519384861864,-0.0724621506211407,-0.1751926560973574,0,,
2026-09-24,85.06999969482422,85.11000061035156,84.76000213623047,84.7699966430664,6630.0,-0.0027059218462776,-0.0145315048684178,-0.0307569456844851,-0.0316642464750348,-0.0310106981527762,-0.0367065044533467,86.29049949645996,86.60579956054687,87.62194324493409,0,0,-0.4493166316593573,-0.2843612740291151,0,27.322601461139897,28.187118739648863,0.0519221622880584,-2.400297054594553,-0.0593702938241087,-3.9999999873674494,0.1104955778987463,-0.0347583819076899,-0.0821469146025452,-0.1745826509075032,0,,
2026-09-25,85.02999877929688,85.19999694824219,84.69000244140625,84.80999755859375,2281.0,0.0004718758654169,-0.00888164238566,-0.0270735420434174,-0.031207312203326,-0.0244072485238259,-0.0398460466757388,86.16599922180175,86.56779953002929,87.60628303527832,0,0,-0.4927112667061095,-0.326031272564514,0,28.208651572097168,30.00212391836959,0.0518938993052783,-2.3635161905424167,-0.05892643336747,-3.942277562723492,0.109950087823844,-0.036114250374384,-0.0716313276590057,-0.1882114110571893,0,,
2026-09-28,84.70999908447266,84.91000366210938,84.45999908447266,84.48999786376953,1203.0,-0.0037731364701801,-0.0159562396557548,-0.0321879162629845,-0.0326332778178337,-0.0257721515468455,-0.0463974664454106,86.04749908447266,86.51899948120118,87.58907123565673,0,0,-0.5466220103702568,-0.3701494201256626,0,25.52744331949748,31.956904783775208,0.0515276425635673,-2.461062569048418,-0.0624772323628537,-3.84391281696602,0.1103564471210133,-0.0276624727666029,-0.0587752875265727,-0.1971962776829228,0,,
2026-09-29,84.68000030517578,84.83000183105469,84.37999725341797,84.41999816894531,2352.0,-0.0008284968232226,-0.0145908722623635,-0.0280912091211229,-0.029772268129463,-0.0283434918031203,-0.0485401045607759,85.94199905395507,86.4761994934082,87.56923267364502,0,0,-0.5882144830803355,-0.4137624327165972,0,24.9683688527506,33.862035755968826,0.049977184696661,-2.25732428108692,-0.0632539669975399,-3.4261601995636592,0.1104684595923231,-0.0239651591562868,-0.0555289986381076,-0.2005198833721915,0,,
2026-09-30,84.76000213623047,84.91000366210938,84.58000183105469,84.58000183105469,4574.0,0.0018953288981262,-0.0049411549287683,-0.0225355018577527,-0.0320935868616308,-0.0293606481161258,-0.0464764534239888,85.84299926757812,86.44079956054688,87.5519380569458,0,0,-0.6013340543734671,-0.4512767570479712,0,28.806511161223725,35.281648018126184,0.0503542716510553,-2.4699963487566023,-0.0614785251709851,-3.693295031752821,0.1109056833451648,-0.0260434417202165,-0.057089648575581,-0.1764499611235174,0,,
2026-10-01,84.30999755859375,84.41000366210938,84.04000091552734,84.3499984741211,1774.0,-0.0027193586185185,-0.0049545615852004,-0.0255314134335167,-0.0318907359897038,-0.0365702393637694,-0.0487577839618894,85.7024990081787,86.40269958496094,87.53237926483155,0,0,-0.6231079571719391,-0.4856429970727648,0,26.692736353848147,37.20500499982816,0.0503798297479584,-2.4557713692427314,-0.0640307016322262,-3.587348148209687,0.1104072036967976,-0.0264565862821316,-0.0585708711453215,-0.1778742130169468,0,,
2026-10-02,84.55000305175781,84.91000366210938,84.43000030517578,84.63999938964844,6766.0,0.0034380666363178,-0.0020044590713242,-0.0289123929162528,-0.0265831936754731,-0.0335838155425107,-0.048139265930313,85.58399887084961,86.37829956054688,87.51356803894043,0,0,-0.6099323611779681,-0.5105008698938055,0,33.33499591262138,37.2019511107246,0.0443440602529403,-2.0176437100463587,-0.06081277681489,-2.9903094941426485,0.1099734912149948,-0.026874921941686,-0.0521580202613185,-0.1806426361848425,0,0.523565,0.883
