Date,open,high,low,close,volume,ret_1d,ret_5d,ret_21d,ret_63d,ret_126d,ret_252d,sma20,sma50,sma200,trend_sma,above_sma200,macd,macd_signal,macd_bullish,rsi,adx,vol_21,sharpe_63,drawdown,calmar_63,rs_ratio,rs_mom_21,rs_mom_63,rs_mom_126d,rs_positive,score,score_pct
2024-10-01,9.63249969482422,9.732500076293944,9.6225004196167,9.731249809265137,94133.0,,,,,,,,,,0,0,0.0,0.0,0,,0.0,,,0.0,,,,,,0,,
2024-10-02,9.725000381469728,9.74250030517578,9.635000228881836,9.71500015258789,78711.0,-0.0016698427227481,,,,,,,,,0,0,-0.0012962689087245,-0.0002592537817449,0,0.0,7.142857142857142,,,-0.0016698427227481,,0.017472129982001,,,,0,,
2024-10-03,9.727499961853027,9.800000190734863,9.704999923706056,9.741250038146973,36277.0,0.0027019953830973,,,,,,,,,0,0,-0.0002030839475022,-0.0002480198148963,1,11.052796427768314,13.775510204081632,,,0.0,,0.0175514274141418,,,,0,,
2024-10-04,9.737500190734863,9.7524995803833,9.607500076293944,9.667499542236328,229837.0,-0.0075709478374783,,,,,,,,,0,0,-0.0052275160995574,-0.0012439190718285,0,8.282836559895458,14.380486479747404,,,-0.0075709478374783,,0.0172616837519131,,,,0,,
2024-10-07,9.710000038146973,9.75,9.577500343322754,9.59000015258789,89769.0,-0.0080164875426008,,,,,,,,,0,0,-0.0152867516766885,-0.0040524855928005,0,6.45277450889084,15.877659032498723,,,-0.0155267429710543,,0.0172795208904262,,,,0,,
2024-10-08,9.505000114440918,9.552499771118164,9.4975004196167,9.522500038146973,119092.0,-0.0070385936774675,-0.0214514862129439,,,,,,,,0,0,-0.0283783356691387,-0.0089176556080682,0,5.34505498340188,18.773527122534112,,,-0.0224560502136141,,0.016997144961249,,,,0,,
2024-10-09,9.475000381469728,9.524999618530272,9.387499809265137,9.412500381469728,297426.0,-0.0115515522432751,-0.0311373923177532,,,,,,,,0,0,-0.0470867762452371,-0.016551479735502,0,4.107570303124135,22.47600667226213,,,-0.0337482002196691,,0.0166852336114811,,,,0,,
2024-10-10,9.414999961853027,9.487500190734863,9.380000114440918,9.425000190734863,984085.0,0.0013280009305225,-0.0324650169304419,,,,,,,,0,0,-0.0602106491626788,-0.0252833136209373,0,6.749584633714278,25.96303698587397,,,-0.0324650169304419,,0.0167366799125422,,,,0,,
2024-10-11,9.357500076293944,9.44499969482422,9.31999969482422,9.425000190734863,40763.0,0.0,-0.0250839785863976,,,,,,,,0,0,-0.0698067245348905,-0.034187995803728,0,6.749584633714278,29.544358820749025,,,-0.0324650169304419,,0.0166370529967535,,,,0,,
2024-10-14,9.457500457763672,9.55500030517578,9.4375,9.55500030517578,171401.0,0.0137931153114152,-0.0036496190672808,,,,,,,,0,0,-0.0661591194775503,-0.0405822205384924,0,30.009159407617247,29.74436094126047,,,-0.0191196953411353,,0.016729707542132,,,,0,,
2024-10-15,9.63249969482422,9.6899995803833,9.61750030517578,9.672499656677246,144646.0,0.0122971583201121,0.015752125799882,,,,,,,,0,0,-0.0531741915267787,-0.0431006147361497,0,43.68240246920564,27.646428282900025,,,-0.0070576549416654,,0.0170680520037704,,,,0,,
2024-10-16,9.6274995803833,9.737500190734863,9.604999542236328,9.734999656677246,49786.0,0.0064616182184977,0.0342628698153806,,,,,,,,0,0,-0.0374090862488039,-0.0419623090386805,1,49.35046952445157,26.307868677459552,,,-0.0006416405949185,,0.0171039977873937,,,,0,,
2024-10-17,9.760000228881836,9.862500190734863,9.734999656677246,9.800000190734863,76575.0,0.0066769939753448,0.0397877976032976,,,,,,,,0,0,-0.0194459658782868,-0.0374590404066018,1,54.48145538937632,26.3358337125119,,,0.0,,0.0172167203793822,,,,0,,
2024-10-18,9.69499969482422,9.75749969482422,9.6850004196167,9.75749969482422,63297.0,-0.0043367852125986,0.0352784612584111,,,,,,,,0,0,-0.0085410425737073,-0.0316754408400229,1,50.85392056130009,25.659446197386423,,,-0.0043367852125986,,0.0170763735896922,,,,0,,
2024-10-21,9.80500030517578,9.845000267028809,9.712499618530272,9.712499618530272,149546.0,-0.0046118450116702,0.0164834440946253,,,,,,,,0,0,-0.0034897151012742,-0.0260382956922732,1,47.26544051267246,25.789086703137095,,,-0.0089286296430194,,0.0170255774566784,,,,0,,
2024-10-22,9.7524995803833,9.80500030517578,9.64330005645752,9.720000267028809,127640.0,0.0007722675720085,0.0049108929477987,,,,,,,,0,0,0.0011059888112132,-0.0206094387915759,1,47.92504746634927,25.01693357049527,,,-0.0081632573621466,,0.0170477817916901,,,,0,,
2024-10-23,9.727499961853027,9.779999732971191,9.702500343322754,9.732500076293944,247594.0,0.0012859885721954,-0.0002567622466825,,,,,,,,0,0,0.0056911434554098,-0.0153493223421787,1,49.06836477595646,24.29993423304214,,,-0.0068877666456308,,0.0172271154245055,,,,0,,
2024-10-24,9.835000038146973,9.885000228881836,9.7524995803833,9.78874969482422,103585.0,0.0057795651774292,-0.0011480097644568,,,,,,,,0,0,0.0137057938035027,-0.0095382991130424,1,53.96631651892479,24.52760455588679,,,-0.0011480097644568,,0.0172892916137938,,,,0,,
2024-10-25,9.7475004196167,9.779999732971191,9.69499969482422,9.692500114440918,12863.0,-0.0098326735675133,-0.0066614996070951,,,,,,,,0,0,0.0121508576775166,-0.0052004677549306,1,45.84251563228663,24.01200531402913,,,-0.010969395326704,,0.0171252030088445,,,,0,,
2024-10-28,9.645000457763672,9.707500457763672,9.602499961853027,9.682499885559082,91356.0,-0.0010317491631427,-0.0030887757168045,,,,,9.653937482833864,,,0,0,0.0099963925092882,-0.0021610957020868,1,45.08315758653154,22.515109688893958,,,-0.0119898268253982,,0.017054810003309,,,,0,,
2024-10-29,9.637499809265137,9.640000343322754,9.479999542236328,9.50749969482422,92474.0,-0.0180738644774852,-0.0218621981858797,,,,,9.642749977111816,,,0,0,-0.0057656269547461,-0.0028820019526186,0,34.357706100833056,21.7758553699859,,,-0.0298469887977328,,0.01671950807978,,,,0,,
2024-10-30,9.489999771118164,9.520000457763672,9.43000030517578,9.479999542236328,129630.0,-0.002892469468378,-0.0259440567252238,-0.0258189104126782,,,,9.63099994659424,,,0,0,-0.0202428267189951,-0.0063541669058939,0,33.02797310945455,21.47187960132539,0.1240697629612995,,-0.0326531267622903,,0.016721734141111,,,,0,,
2024-10-31,9.47249984741211,9.585000038146973,9.412500381469728,9.583749771118164,18660.0,0.0109441174991198,-0.0209424012358238,-0.013510075080623,,,,9.623124933242796,,,0,0,-0.0230783031281163,-0.0096989941503384,0,42.12808587251629,20.529511727679115,0.1309896827809512,,-0.0220663689191707,,0.017242748296097,-0.0131284328894222,,,0,,
2024-11-01,9.59749984741211,9.600000381469728,9.43000030517578,9.43000030517578,1165705.0,-0.0160427254064716,-0.0270827759778964,-0.0319517240346292,,,,9.611249971389771,,,0,0,-0.0373017442859016,-0.015219544177451,0,34.62056259053789,19.50619960162566,0.1407402104615178,,-0.0377550896283542,,0.0168948262623077,-0.0374101283240991,,,0,,
2024-11-04,9.335000038146973,9.335000038146973,9.192500114440918,9.201250076293944,117518.0,-0.0242577117156913,-0.049703053442107,-0.048228548023756,,,,9.591812467575073,,,0,0,-0.0662682563939878,-0.0254292866207584,0,26.93088417996509,20.20636339371305,0.1603085630491762,,-0.0610969492640409,,0.0165205762174851,-0.042933675826719,,,0,,
2024-11-05,9.25,9.274999618530272,9.192500114440918,9.27750015258789,135310.0,0.0082869257613591,-0.024191380449009,-0.0325860265930935,,,,9.57956247329712,,,0,0,-0.0821249961886234,-0.0367684285343314,0,32.3266737986002,20.856515486365637,0.1629134327128985,,-0.0533163293854785,,0.016458471860981,-0.0475157288591312,,,0,,
2024-11-06,9.447500228881836,9.447500228881836,9.175000190734863,9.22249984741211,141525.0,-0.0059283540039004,-0.0271624163774457,-0.0315043517493376,,,,9.57006244659424,,,0,0,-0.0979999591621059,-0.0490147346598863,0,30.57292400508298,19.873027582716244,0.1624849045462323,,-0.0589286053145933,,0.0159639500775792,-0.060786378302082,,,0,,
2024-11-07,9.282500267028809,9.364999771118164,9.25,9.338749885559082,1824148.0,0.0126050463616536,-0.0255640945778259,-0.0078353777340437,,,,9.56574993133545,,,0,0,-0.1000472922474173,-0.0592212461773925,0,38.20390438147921,18.95978881504181,0.1651320272443126,,-0.0470663567549577,,0.0160411406543518,-0.0386025735166239,,,0,,
2024-11-08,9.272500038146973,9.432499885559082,9.272500038146973,9.390000343322754,1387124.0,0.0054879355793566,-0.0042417773656986,-0.0037135115866114,,,,9.563999938964844,,,0,0,-0.0964228324527951,-0.066661563432473,0,41.26875959776454,17.652623506137463,0.1662807687462383,,-0.0418367183094273,,0.0160596084797692,-0.0404543455638135,,,0,,
2024-11-11,9.390000343322754,9.537500381469728,9.390000343322754,9.537500381469728,116206.0,0.0157082037011704,0.0365439806969378,0.0119363595181098,,,,9.563124942779542,,,0,0,-0.0807179354686145,-0.0694728378397013,0,49.09398873316941,17.205822712241208,0.1750988419748128,,-0.0267856943016499,,0.0162963480880139,-0.0204786814591579,,,0,,
2024-11-12,9.477499961853027,9.50749969482422,9.386099815368652,9.387499809265137,122599.0,-0.0157274512403716,0.0118566052134811,-0.0175301402994105,,,,9.548874950408935,,,0,0,-0.0794595240988265,-0.0714701750915264,0,42.84244084561282,16.756676503677276,0.1769744501025898,,-0.0420918748409528,,0.0160900273684084,-0.0382361838730618,,,0,,
2024-11-13,9.342499732971191,9.43000030517578,9.342499732971191,9.359999656677246,123848.0,-0.0029294437439827,0.0149091690474487,-0.0323080910924893,,,,9.530124950408936,,,0,0,-0.0797618119887797,-0.073128502470977,0,41.79174593193454,15.949209166435496,0.1705385514557976,,-0.0448980128055103,,0.0160351022982001,-0.0605194843173747,,,0,,
2024-11-14,9.375,9.397500038146973,9.324999809265137,9.375,86704.0,0.0016026008411285,0.0038816881151269,-0.0369799352206778,,,,9.508874940872191,,,0,0,-0.0778930721276562,-0.0740814164023129,0,42.618403845724565,15.042328375043406,0.1684960770131765,,-0.0433673655574688,,0.016164742297595,-0.0549143832613815,,,0,,
2024-11-15,9.300000190734863,9.427499771118164,9.28499984741211,9.40250015258789,60552.0,0.002933349609375,0.0013311830466571,-0.0405612275929114,,,,9.491124963760376,,,0,0,-0.073347544997226,-0.0739346421212955,1,44.18343486455401,14.095659105954727,0.1666288059879047,,-0.0405612275929114,,0.0164225112950326,-0.0461301029957302,,,0,,
2024-11-18,9.44499969482422,9.545000076293944,9.38249969482422,9.545000076293944,104282.0,0.0151555353781975,0.0007863375647969,-0.0217780809814419,,,,9.48274998664856,,,0,0,-0.0575828498273516,-0.0706642836625067,1,51.55652916078168,13.933879961725427,0.1764539600823856,,-0.0260204193344815,,0.0166033716350987,-0.0276992039386539,,,0,,
2024-11-19,9.5600004196167,9.5649995803833,9.457500457763672,9.537500381469728,131137.0,-0.0007857197238626,0.0159787563517759,-0.0180179401733685,,,,9.473624992370606,,,0,0,-0.0451736443688126,-0.0655661558037679,1,51.1734005353439,13.934420622190952,0.1759612223140144,,-0.0267856943016499,,0.0165299022819186,-0.0291135602314265,,,0,,
2024-11-20,9.604999542236328,9.642499923706056,9.5649995803833,9.5649995803833,32142.0,0.0028832710682769,0.0219017020539964,-0.0159465722620693,,,,9.465249967575073,,,0,0,-0.0327428647444421,-0.0590014975919027,1,52.56533223769954,14.493251056696206,0.1763514229994128,,-0.0239796536507965,,0.0165719440112337,-0.0279120055776632,,,0,,
2024-11-21,9.677499771118164,9.727499961853027,9.59749984741211,9.720000267028809,54522.0,0.0162049862462509,0.0368000284830729,-0.001284336929581,,,,9.461812496185305,,,0,0,-0.0102657847394453,-0.0492543550214113,1,59.56279835457259,15.553639013928024,0.1857948133579178,,-0.0081632573621466,,0.0167505708384526,-0.0276624713023651,,,0,,
2024-11-22,9.8125,9.827500343322754,9.737500190734863,9.744999885559082,21155.0,0.002571977144391,0.0364264533276208,-0.0044693970761425,,,,9.464437484741213,,,0,0,0.0094557236912642,-0.0375123392788762,1,60.57303412331659,17.09011143445937,0.1848684690259206,,-0.0056122759291147,,0.0167417633006995,-0.0316686377513274,,,0,,
2024-11-25,9.762499809265137,9.80500030517578,9.677499771118164,9.677499771118164,72937.0,-0.0069266408654293,0.0138815813268873,-0.0015476237447141,,,,9.464187479019165,,,0,0,0.0194146659115919,-0.0261269382407825,1,56.47079158473587,17.87082989619823,0.1832170803201561,,-0.0125000425747454,,0.0165695944802767,-0.0324439090316632,,,0,,
2024-11-26,9.732500076293944,9.84000015258789,9.717499732971191,9.837499618530272,41112.0,0.0165331801804444,0.0314547024966214,0.0160082349396526,,,,9.480687475204467,,,0,0,0.0397595268075523,-0.0129496452311155,1,62.88686581892392,18.80041814597119,0.1918817401715633,,0.0,,0.0167560527180026,-0.0175174795408702,,,0,,
2024-11-27,9.895000457763672,9.97249984741211,9.862500190734863,9.925000190734863,55086.0,0.0088945947240264,0.0376372844897852,0.0439127540690771,,,,9.502937507629394,,,0,0,0.0622262352431288,0.0020855308637332,1,65.85128104258567,20.35284517030081,0.1808355929062467,,0.0,,0.0169564695188834,0.0141727518520673,,,0,,
2024-11-28,9.8774995803833,9.93000030517578,9.835000038146973,9.901249885559082,6970.0,-0.0023929778054767,0.0186470795834328,0.0444356923695992,,,,9.51881251335144,,,0,0,0.0772246151117581,0.0171133477133382,1,64.34884787205206,21.490618229523974,0.1806696759661049,,-0.0023929778054767,,0.0169158930636654,0.0116111714799422,,,0,,
2024-11-29,9.899999618530272,9.942500114440918,9.8725004196167,9.90250015258789,577433.0,0.0001262736566858,0.016162162019335,0.033259464101444,,,,9.542437505722043,,,0,0,0.0881951663374938,0.0313297114381693,1,64.39490124013008,22.613555478791508,0.1778881799054763,,-0.0022670063188489,,0.0168135789164532,-0.0248898477362198,,,0,,
2024-12-02,9.880000114440918,9.90250015258789,9.6899995803833,9.732500076293944,1375185.0,-0.0171673894142299,0.0056833176416004,0.032078447648844,,,,9.569000005722046,,,0,0,0.0822239947862026,0.041508568107776,1,54.15179442142419,21.826793050486188,0.1793319507414014,,-0.0193954771527985,,0.0164953686543962,-0.0236437831149897,,,0,,
2024-12-03,9.68000030517578,9.765000343322754,9.649399757385254,9.677499771118164,147704.0,-0.0056512000765093,-0.0162642799101843,0.0517592382421197,,,,9.58899998664856,,,0,0,0.0722212121632086,0.0476510969188625,1,51.30819992579143,20.75500183469231,0.1555834906055653,,-0.024937069507338,,0.0163945487062561,-0.0076285178900502,,,0,,
2024-12-04,9.582500457763672,9.642499923706056,9.552499771118164,9.612500190734863,96344.0,-0.0067165674937329,-0.0314861454906291,0.0361088690527833,,,,9.608500003814695,,,0,0,0.0583760887423849,0.049796095283567,1,48.093979451802106,19.541534574537376,0.1571662600911296,,-0.0314861454906291,,0.0161839390583627,-0.0166803336869443,,,0,,
2024-12-05,9.647500038146973,9.664999961853027,9.579999923706056,9.65250015258789,22511.0,0.0041612443234677,-0.0251230638400502,0.0466251355153388,,,,9.624187517166138,,,0,0,0.05005439539819,0.0498477553064916,1,50.16304427898943,18.235476019219792,0.1548347687949329,,-0.0274559227113522,,0.0162780701169308,0.0196768367368442,,,0,,
2024-12-06,9.630000114440918,9.672499656677246,9.512499809265137,9.512499809265137,152421.0,-0.0145040498430055,-0.0393840280043653,0.018605265783457,,,,9.630312490463258,,,0,0,0.0317960111694652,0.0462374064790863,0,43.61060923472294,17.533897658843188,0.1603012981206822,,-0.0415617504828667,,0.0160116194781836,-0.001840341457279,,,0,,
2024-12-09,9.477499961853027,9.532500267028809,9.390000343322754,9.44499969482422,80995.0,-0.0070959385854779,-0.0295402393235018,0.0058572257178433,,,,9.62568745613098,9.591224975585938,,1,0,0.0117440370614207,0.0393387325955532,0,40.84066075664825,17.69411858816373,0.1617106618798635,,-0.0483627694394132,,0.015980296077752,-0.004938626126357,,,0,,
2024-12-10,9.390000343322754,9.447500228881836,9.25749969482422,9.332500457763672,140977.0,-0.0119109836628367,-0.0356496328095112,-0.0214940933689866,,,,9.622937488555907,9.583249988555908,,1,0,-0.0130743323563944,0.0288561196051637,0,36.66123703155717,18.56649294430855,0.156841192159949,,-0.0596977049455675,,0.0158391985641682,-0.0280522679913725,,,0,,
2024-12-11,9.324999809265137,9.357500076293944,9.282500267028809,9.282500267028809,454665.0,-0.005357641391088,-0.0343302904715808,-0.0111850380154145,,,,9.619062519073486,9.574599990844726,,1,0,-0.0363585477440029,0.0158131861353303,0,34.94937099746548,19.376554846443028,0.1484512396256887,,-0.0647355074416863,,0.0156334853847463,-0.0283742204540033,,,0,,
2024-12-12,9.262499809265137,9.329999923706056,9.229999542236328,9.322500228881836,117788.0,0.00430917971477,-0.034188025743525,-0.0040063492703932,,,,9.616437530517578,9.566224994659423,,1,0,-0.0509959440651712,0.00245136009523,0,37.46506582363872,20.403348462711133,0.1490713381254474,,-0.0607052846624094,,0.0157821686265583,-0.0157737485510273,,,0,,
2024-12-13,9.270000457763672,9.3100004196167,9.248700141906738,9.297499656677246,31982.0,-0.0026817454106502,-0.0226018561785915,-0.0082667032877604,,,,9.611187505722048,9.558824996948244,,1,0,-0.0638771868964784,-0.0108143493031116,0,36.51457535610381,21.35679967781723,0.1491757308879241,,-0.063224233954514,,0.0157429697124248,-0.0260921317151401,,,0,,
2024-12-16,9.272500038146973,9.292499542236328,9.25,9.262499809265137,101744.0,-0.0037644365371902,-0.0193223813081849,-0.014889693278465,,,,9.597062492370606,9.552274990081788,,1,0,-0.0760333941858313,-0.0238581582796555,0,35.169375512642304,22.24214723470146,0.1491207717744656,,-0.06675066687537,,0.0156170246115342,-0.049047716821604,,,0,,
2024-12-17,9.1875,9.199999809265137,9.12950038909912,9.157500267028809,36623.0,-0.0113359832009172,-0.0187516937745533,-0.0405971509866756,,,,9.57806248664856,9.544974994659423,,1,0,-0.0930670426486433,-0.0376999351534531,0,31.428677889386165,23.70716432392253,0.1417472012742171,,-0.0773299656379379,,0.0155038667445322,-0.0662217840286213,,,0,,
2024-12-18,9.170000076293944,9.18000030517578,9.114999771118164,9.140000343322754,863872.0,-0.0019109935239709,-0.0153514591550523,-0.0416775907992906,,,,9.556812524795532,9.539524993896483,,1,0,-0.1067479059547622,-0.0515095293137149,0,30.83992281622912,25.138289072508343,0.1416859637753255,,-0.0790931820983659,,0.0159495923528108,-0.0351066763257599,,,0,,
2024-12-19,8.962499618530273,9.024999618530272,8.922499656677246,9.0287504196167,145759.0,-0.0121717636244214,-0.0315097669137166,-0.0560636888961695,,,,9.522250032424926,9.53159999847412,,0,0,-0.1251246684879063,-0.0662325571485532,0,27.33430307580916,27.26407048735078,0.1447306353040684,,-0.0903022422059827,,0.0157602954163505,-0.0489772711235944,,,0,,
2024-12-20,9.015000343322754,9.100000381469728,8.952500343322754,9.100000381469728,187983.0,0.0078914532511857,-0.0212421922560307,-0.0637859947043603,,,,9.49000005722046,9.525100002288818,,0,0,-0.1324127371225998,-0.0794685931433625,0,32.617177862040364,28.388101185028734,0.1334722965898321,,-0.0831234048776426,,0.0156961422624958,-0.0629488144688315,,,0,,
2024-12-23,9.135000228881836,9.137499809265137,9.02750015258789,9.102499961853027,306710.0,0.0002746791514853,-0.0172739379980406,-0.0659312397384593,,,,9.461250066757202,9.516049995422364,,0,0,-0.1364143886192348,-0.090857752238537,0,32.801749936126186,29.02614584793484,0.1324757418576333,,-0.0828715579924777,,0.015606995317651,-0.0677806729594072,,,0,,
2024-12-24,9.140000343322754,9.18000030517578,9.1274995803833,9.142499923706056,3880.0,0.0043943929712344,-0.0016380390811191,-0.0552828581829346,,,,9.426500082015991,9.50545000076294,,0,0,-0.1348041255856511,-0.0996470269079598,0,35.830894062537425,29.165096223889968,0.1342658712664095,,-0.0788413352132005,,0.0155032603627553,-0.0643548711340379,,,0,,
2024-12-27,9.302499771118164,9.302499771118164,9.114999771118164,9.154999732971191,173890.0,0.0013672200568166,0.0016410710158665,-0.0693773735221802,,,,9.388000059127808,9.493850002288818,,0,0,-0.131009158360575,-0.1059194531984829,0,36.78980353003824,28.11998741236537,0.1159662250589923,,-0.0775819086111936,,0.0156885683842257,-0.0637073869211453,,,0,,
2024-12-30,9.135000228881836,9.182499885559082,9.03499984741211,9.074999809265137,207785.0,-0.0087383862413387,0.0051224574275474,-0.0856423541697475,,,,9.34668755531311,9.479349994659424,,0,0,-0.1329246718746244,-0.1113204969337112,0,33.35441532337761,27.644683304591208,0.1082563737275955,,-0.0856423541697475,,0.015730991049558,-0.0722720297383054,,,0,,
2024-12-31,9.13249969482422,9.162500381469728,9.114999771118164,9.13249969482422,5119.0,0.00633607567687,0.003571352966168,-0.0776417320661787,-0.0615285935698459,,,9.308187532424927,9.466849994659423,,0,0,-0.1283237337926035,-0.1147211443054896,0,37.8467710503286,27.20332949022949,0.1141856841455231,-1.6710411414588122,-0.0798489149300424,,0.0158884637977991,-0.0607375124682735,,,0,,
2025-01-02,9.125,9.210000038146973,9.11750030517578,9.1850004196167,392835.0,0.0057487792550634,0.0090634944366292,-0.0724564223090349,-0.0545547838030665,,,9.280812549591063,9.456300010681153,,0,0,-0.119068539485152,-0.1155906233414221,0,41.71024499955298,26.334550753824068,0.1182216647986042,-1.4612282557134233,-0.0745591694606681,,0.0160191666266596,-0.0472482565277169,-0.0831589140441465,,0,,
2025-01-03,9.192500114440918,9.295000076293944,9.172499656677246,9.297499656677246,105943.0,0.0122481471879172,0.0169537581913763,-0.0446956502652647,-0.0455537410221469,,,9.261812543869018,9.44784999847412,,0,0,-0.1014861143279297,-0.1127697215387237,1,49.02265401096287,24.767646877865477,0.1194342862486955,-1.1826355600419214,-0.063224233954514,,0.0160151252837573,-0.029113830718232,-0.0875314636316508,,0,,
2025-01-06,9.274999618530272,9.332500457763672,9.145000457763672,9.197500228881836,58230.0,-0.0107555183100859,0.0046423262862129,-0.0495995405413342,-0.0486164298535637,,,9.241062545776368,9.43715000152588,,0,0,-0.0945313354183099,-0.1091220443146409,1,43.76677442285848,22.998701947059548,0.1225879554634037,-1.2622005078759708,-0.073299742858661,,0.0157521338920225,-0.0391846598368682,-0.0874509046502092,,0,,
2025-01-07,9.175000190734863,9.255000114440918,9.162500381469728,9.162500381469728,122768.0,-0.0038053652124087,0.009641936533735,-0.0468140234419837,-0.044577660512633,,,9.21656255722046,9.424625015258789,,0,0,-0.0907971650072561,-0.1054570684531639,1,42.06680377609708,21.356110225596904,0.1217053033144829,-1.1539126345749495,-0.0768261757795168,,0.0158716054946449,-0.0192989829355813,-0.0814788445067029,,0,,
2025-01-08,9.15999984741211,9.172499656677246,9.02750015258789,9.092499732971191,234971.0,-0.0076399067486104,-0.0043799576446412,-0.0580161005712659,-0.045156240845703,,,9.19556255340576,9.412625007629394,,0,0,-0.092420904707799,-0.102849835704091,1,38.81919295414432,20.89871071818092,0.1207311975554325,-1.169239000792765,-0.0838791377093195,,0.015727369517317,-0.0338308285723003,-0.0747052194251931,,0,,
2025-01-09,9.1225004196167,9.170000076293944,9.102499961853027,9.136249542236328,7658.0,0.0048116371240014,-0.0053076619655075,-0.0395532483125352,-0.0293493575604258,,,9.180125045776368,9.40170000076294,,0,0,-0.0891498224838489,-0.1001098330600426,1,41.84122125099629,20.47398260415179,0.1155992257424906,-0.7353086384823305,-0.0794710965582494,,0.0158030439123494,-0.013026512784565,-0.0528724811215473,,0,,
2025-01-10,9.137499809265137,9.22249984741211,9.0625,9.074999809265137,260635.0,-0.006704034591879,-0.0239311487634543,-0.0391741553747048,-0.0371353182373185,,,9.16725001335144,9.39305000305176,,0,0,-0.0904570749672455,-0.0981792814414831,1,38.94117393425492,19.560913656390102,0.1153848169050421,-0.9500953255588572,-0.0856423541697475,,0.0159404716219335,-0.0024920974946102,-0.0475726544792197,,0,,
2025-01-13,9.072500228881836,9.109999656677246,8.910599708557129,8.922499656677246,227415.0,-0.0168044248807801,-0.0298994906617167,-0.0439325776561143,-0.0533157054523557,,,9.149249982833862,9.381900005340576,,0,0,-0.1026156801111941,-0.0990665611754254,0,32.8383265340382,19.7974321520596,0.1218132632173667,-1.3718769657611185,-0.1010076085432689,,0.0156483372316919,-0.0120499362201406,-0.059428539733245,,0,,
2025-01-14,8.987500190734863,9.079999923706056,8.954999923706055,9.052499771118164,119863.0,0.0145699209238558,-0.0120055231401714,-0.0247778604141386,-0.0525903210893065,,,9.13574995994568,9.371275005340577,,0,0,-0.1006018638428045,-0.0993736217089012,0,41.28576466874522,20.017056469466983,0.1340610687605719,-1.3485771286927908,-0.0879093604885964,,0.0158545173771382,0.0141383694647858,-0.0523135364315084,,0,,
2025-01-15,9.107500076293944,9.3125,9.092399597167969,9.244999885559082,331712.0,0.0212648571453253,0.0167720821629386,-0.0083132573258246,-0.0441974449513726,,,9.13312497138977,9.367574996948242,,0,0,-0.0825214930920257,-0.0960031959855261,1,51.09487886802777,18.9367908346717,0.154140260347584,-1.082581473490105,-0.068513883335798,,0.0159023971195122,0.0076179957139468,-0.0682945472629638,,0,,
2025-01-16,9.24250030517578,9.40250015258789,9.21500015258789,9.395000457763672,380870.0,0.0162250485734343,0.0283213494039489,0.0104867765191476,-0.0349254453933511,,,9.139750003814695,9.371450004577635,,0,0,-0.0554496869650709,-0.0878924941814351,1,57.10811333800072,18.518534512755803,0.1641313987905977,-0.816327541802247,-0.0534004758474416,,0.0161915531165184,0.028494204860189,-0.0533468655817895,,0,,
2025-01-17,9.49250030517578,9.520000457763672,9.417499542236328,9.512499809265137,64757.0,0.0125065828394257,0.0482093674044306,0.0269905538621364,-0.0293367730483857,,,9.157499980926511,9.37614999771118,,0,0,-0.0242345095439482,-0.0751608972539377,1,61.138953090078864,18.800506559051943,0.1683685564923417,-0.6633587071647047,-0.0415617504828667,,0.0162310938097687,0.0393204988471971,-0.0572482184698656,,0,,
2025-01-20,9.5,9.548399925231934,9.46500015258789,9.505000114440918,25900.0,-0.0007884042023227,0.0652844472039571,0.0379470201779046,-0.0258774879098626,,,9.17574996948242,9.381800003051758,,0,0,-0.0001002634644429,-0.0601487704960387,1,60.746547856476695,19.213728677760248,0.1622293958221256,-0.575573831945493,-0.0423173872264528,,0.0162182971472008,0.0460807883891627,-0.050249336487307,,0,,
2025-01-21,9.524999618530272,9.642499923706056,9.494999885559082,9.630000114440918,250109.0,0.013150973013676,0.063794571435976,0.053610476226747,-0.0084941577688152,,,9.205812454223633,9.387625007629394,,0,0,0.0287809864663888,-0.0423628191035532,1,64.80155292375466,20.07618056029919,0.1662010283117588,-0.1304495053508062,-0.0297229290302011,,0.0162825428753648,0.0208751744363759,-0.0436422543202553,,0,,
2025-01-22,9.6274995803833,9.682499885559082,9.47249984741211,9.47249984741211,699311.0,-0.0163551677214027,0.0246078923384722,0.0491484875726855,-0.025463005433883,,,9.224437427520751,9.389274997711182,,0,0,0.0385166340684008,-0.0261869284691624,1,56.83475982710448,21.068903680905187,0.1714174532115158,-0.5420163218432938,-0.0455919732621435,,0.0159267061303848,0.0105588575364945,-0.0657607936917523,,0,,
2025-01-23,9.4350004196167,9.524999618530272,9.417499542236328,9.4975004196167,328981.0,0.0026392792406768,0.0109100539498456,0.0436813210421833,-0.024145867437458,,,9.244187450408935,9.388474998474122,,0,0,0.0476996898405062,-0.0114096048072286,1,57.72325085685532,21.467048617168025,0.1702368201119295,-0.5090607080037726,-0.0430730239700389,,0.0158820558528032,0.0118445403461728,-0.0780780495490812,,0,,
2025-01-24,9.482500076293944,9.547499656677246,9.422499656677246,9.539999961853027,101808.0,0.0044748134096994,0.0028909490816604,0.0480637189600092,-0.0254117983119661,,,9.264062452316283,9.39152500152588,,0,0,0.0577410823208026,0.0024205326183775,1,59.25848645387848,21.960103333757854,0.170293407283201,-0.5411656251465344,-0.0387909543055968,,0.015999834515825,0.0251707128872948,-0.0745812568133278,,0,,
2025-01-27,9.550000190734863,9.59749984741211,9.119999885559082,9.166250228881836,603028.0,-0.039177121013174,-0.0356391248269866,0.0025977911264944,-0.0542945451994392,,,9.264624977111817,9.38765001296997,,0,0,0.0351354586159722,0.0089635178178965,1,44.093829580421904,20.69591415838697,0.2224272773101793,-1.1379553301043863,-0.0764483574077239,,0.0155935824886108,0.0058260084486829,-0.0894366343828233,,0,,
2025-01-28,9.345000267028809,9.404999732971191,9.140000343322754,9.140000343322754,54488.0,-0.002863753978303,-0.0508826339870309,-0.0016383823141379,-0.0560288715361037,,,9.267875003814698,9.382950019836423,,0,0,0.0149300878212503,0.0101568318185672,1,43.25656017735652,19.52202420982829,0.2226345923571253,-1.177973075122723,-0.0790931820983659,,0.0154164624218121,-0.0173442187808042,-0.0960636665655636,,0,,
2025-01-29,9.212499618530272,9.3149995803833,9.170000076293944,9.2524995803833,73711.0,0.012308449981923,-0.0232251539269132,0.0195592038400866,-0.0268209437418903,,,9.273874998092651,9.379950008392337,,0,0,0.0079038237695758,0.009706230208769,0,47.82876197800601,18.43198354330952,0.2241393247203296,-0.5139666166577275,-0.0677582465922118,,0.0156764925883247,-0.0034644010070038,-0.0623831446761699,,0,,
2025-01-30,9.282500267028809,9.38249969482422,9.260000228881836,9.38249969482422,60162.0,0.014050269693234,-0.0121085253710491,0.0273747613856134,-0.010284794527438,,,9.283749961853028,9.37670000076294,,0,0,0.0126792234705934,0.0103008288611338,1,52.58341514843988,17.303713946994186,0.2280049228936737,-0.1363616540638891,-0.0546599985375391,,0.0158118880298161,-0.0048195828720446,-0.0544109901291876,,0,,
2025-01-31,9.432499885559082,9.452500343322754,9.354100227355955,9.40250015258789,26534.0,0.0021316768893371,-0.0144129779680238,0.0236798827473834,-0.0189121818556335,,,9.28899998664856,9.373999996185304,,0,0,0.0178716190297958,0.0118149868948662,1,53.28874156892226,16.73452393780726,0.2274765270143395,-0.3319361205029713,-0.0526448391038555,,0.0159303730454729,-0.0055429588352603,-0.0761117211762133,,0,,
2025-02-03,9.265000343322754,9.397500038146973,9.18000030517578,9.395000457763672,251967.0,-0.0007976277269354,0.0249557041505446,0.0104867765191476,-0.0037115425534925,,,9.298874998092652,9.37060001373291,,0,0,0.0211378037807463,0.0136795502720423,1,52.97055434449525,16.087644859533533,0.2239648809064089,0.0047529601990895,-0.0534004758474416,,0.0160255137236594,0.0006486642919161,-0.0514543639071125,,0,,
2025-02-04,9.432499885559082,9.4399995803833,9.300000190734863,9.34749984741211,583778.0,-0.0050559455068796,0.0227023518922453,0.0163087376784452,0.0158945545339499,,,9.30812497138977,9.363150005340575,,0,0,0.0196666713065134,0.0148769744789365,1,50.89762236776109,15.184707312917082,0.2211790777056734,0.4522963087182071,-0.0581864314583953,,0.0158382375343098,0.0054661573395411,-0.0413023537552611,,0,,
2025-02-05,9.324999809265137,9.4375,9.302499771118164,9.420000076293944,33473.0,0.0077561091270739,0.0181032697656933,0.0281036490153914,0.0153597328334511,,,9.324499988555909,9.356650009155274,,0,0,0.0240734470701937,0.0167162689971879,1,53.86521256574908,14.346265305344664,0.221729141511872,0.4401781189480576,-0.0508816226434277,,0.0158966316808949,0.001576789837582,-0.0341368375406766,,0,,
2025-02-06,9.442500114440918,9.49250030517578,9.34749984741211,9.412500381469728,42418.0,-0.0007961459409208,0.003197515334006,0.0351939134337448,0.0206018473517171,,,9.338312530517578,9.351350021362304,,0,0,0.0266534416333072,0.0187037035244118,1,53.50497873289203,13.486914137446968,0.2194637083128878,0.5612896177556856,-0.0516372593870135,,0.0158289587509387,0.0064593912866264,-0.0084560103222819,,0,,
2025-02-07,9.417499542236328,9.470000267028809,9.397500038146973,9.397500038146973,34541.0,-0.0015936619086132,-0.0005317856272027,0.0285949387331092,0.0062910082514082,,,9.35443754196167,9.34255002975464,,1,0,0.0271744533862587,0.0203978534967812,1,52.745175471495024,12.68894519582768,0.219455926036566,0.231835924876009,-0.0531486289622764,,0.0159497295374568,0.0092821120994759,-0.0056985421962638,,0,,
2025-02-10,9.380000114440918,9.475000381469728,9.354999542236328,9.432499885559082,93083.0,0.0037243785336562,0.0039914237326537,0.0393939486289525,0.0045260426711857,,,9.379937553405762,9.332700023651125,,1,0,0.0300649837169029,0.0223312795408055,1,54.37325668216151,11.964668941689444,0.2175475476596512,0.1903977680267086,-0.0496221960414204,,0.015901144460068,-0.0024671266194788,-0.0098672405308566,,0,,
2025-02-11,9.487500190734863,9.520000457763672,9.390000343322754,9.470000267028809,79109.0,0.0039756567108089,0.0131051534224537,0.0613617967406514,-0.0070773380593582,,,9.400812578201291,9.324075031280518,,1,0,0.0349785067573922,0.0248607249841229,1,56.11776431121466,11.304651055825293,0.2066331153745278,-0.0884619486656429,-0.0458438201473088,,0.0159522290419192,0.019420070370919,-0.0211163288999576,,0,,
2025-02-12,9.542499542236328,9.56999969482422,9.40250015258789,9.49250030517578,48513.0,0.0023759279316293,0.0076964148932745,0.048605417860537,0.0111851396052238,,,9.413187599182129,9.315875034332276,,1,0,0.0402243924474756,0.0279334584767934,1,57.1757396025191,11.094535474722312,0.2022427242770272,0.3531452925755862,-0.04357681382846,,0.0160418101686789,0.0118132130474568,-0.0029967133445792,,0,,
2025-02-13,9.53499984741211,9.574999809265137,9.505000114440918,9.537500381469728,48429.0,0.0047405925569907,0.0132802119451793,0.0316387776670001,0.0189637533443558,,,9.420312595367433,9.31197504043579,,1,0,0.0474657688896815,0.031839920559371,1,59.28974124841222,10.940035976808964,0.1905217283175033,0.5405489263078715,-0.0390428011907618,,0.0159494677536552,0.0029599709898626,-0.0053404426708572,,0,,
2025-02-14,9.545000076293944,9.61750030517578,9.517499923706056,9.567500114440918,38119.0,0.0031454502512497,0.0180899255763629,0.0183607927910955,0.0205333455403646,,,9.42306261062622,9.309775047302246,,1,0,0.0549914326197136,0.0364702229714395,1,60.68316380139951,11.146128667367169,0.1830730546650491,0.5780240687725586,-0.036020158128327,,0.0160004231840178,-0.0118042988912314,-0.0101652788861125,,0,,
2025-02-17,9.487500190734863,9.552499771118164,9.4399995803833,9.506250381469728,32840.0,-0.0064018533826554,0.0078187645698841,-0.0006569700836495,0.0110343235520482,,,9.42312512397766,9.307650051116944,,1,0,0.0553749063293622,0.0402511596430241,1,56.43593014422279,10.561409670229724,0.1796954134523908,0.3487287864639474,-0.0421914157398247,,0.0158979908207332,-0.0205225225693027,-0.0319391148452412,,0,,
2025-02-18,9.5024995803833,9.596400260925291,9.46500015258789,9.56999969482422,85328.0,0.0067060418983657,0.0105596013701894,0.0068384618201686,0.0026191323552071,,,9.420125102996826,9.30600004196167,,1,0,0.0601297109412186,0.044226869902663,1,59.604930536744014,10.399868149928134,0.1811346280015886,0.1446952947987027,-0.0357683112431616,,0.0159577556514997,-0.0160646640850375,-0.0388846312537016,,0,,
2025-02-19,9.612500190734863,9.65999984741211,9.5625,9.65250015258789,67980.0,0.0086207377632716,0.0168553955510406,0.0023364525316289,0.0120576426231755,,,9.429125118255616,9.308800048828124,,1,0,0.0697509794365967,0.0493316918094497,1,63.32327738390551,10.767726660346352,0.1777608835623249,0.3752362047763692,-0.0274559227113522,,0.0160575084013105,-0.0138205976656611,-0.0285781411499793,,0,,
2025-02-20,9.6274995803833,9.675000190734863,9.56429958343506,9.614999771118164,302154.0,-0.0038850433438918,0.0081257548150674,0.0150435392981278,0.0052274117018684,,,9.435000085830689,9.312200050354004,,1,0,0.0735026439304142,0.0541658822336426,1,60.59299258117313,11.228061354225192,0.1681410803827266,0.2086377268490223,-0.0312342986054638,,0.0160619487670306,0.0084915635121669,-0.0307746178636261,,0,,
2025-02-21,9.65999984741211,9.692500114440918,9.6225004196167,9.65625,10192.0,0.004290195513654,0.009276183380978,0.0167148800599588,-0.0065586692672279,,,9.440812587738035,9.31867504119873,,1,0,0.0788949617901586,0.0591116981449458,1,62.50794997485428,11.79824452341884,0.168469815701629,-0.0857812792410035,-0.0270781043395591,,0.0164115620766028,0.0333399043994739,-0.020238639334701,,0,,
2025-02-24,9.68000030517578,9.699999809265137,9.5600004196167,9.595000267028809,13489.0,-0.0063430144177285,0.0093359507689885,0.0057652311735543,-0.0153924700145512,,,9.462250089645384,9.32492504119873,,1,0,0.0773346057818269,0.062756279672322,1,58.00099110089476,11.604367675349456,0.1696957779357674,-0.3083008475101522,-0.0332493619510571,,0.0163820079803738,0.023886088582405,-0.0214884963945657,,0,,
2025-02-25,9.637499809265137,9.670000076293944,9.397500038146973,9.487500190734863,203523.0,-0.0112037595937695,-0.0086206381107802,0.0350470425562685,-0.0196331268278963,,,9.47962508201599,9.328225040435791,,1,0,0.066655293925276,0.0635360825229128,1,51.0445519376385,11.623808304235991,0.1016744202745326,-0.41269530588083,-0.0440806036868808,,0.0162794293399457,0.0439826352819097,-0.0175119035457617,,0,,
2025-02-26,9.52750015258789,9.667499542236328,9.52750015258789,9.625,105592.0,0.0144927332280229,-0.0028490186120865,0.0530634177745479,-0.021600978578947,,,9.498250102996826,9.334775047302246,,1,0,0.068497352965652,0.0645283366114607,1,57.98563700057177,11.64186031677349,0.1094236273271122,-0.4657289066161993,-0.030226718888622,,0.0165070283831787,0.0707403509007107,-0.0148617540786536,,0,,
2025-02-27,9.630000114440918,9.65250015258789,9.452500343322754,9.46500015258789,644279.0,-0.0166233607700893,-0.015600584721889,0.0229668286238156,-0.0463476100057297,,,9.50237512588501,9.3388250541687,,1,0,0.0563964444092448,0.0629019581710175,0,49.23734757916975,12.245655125472991,0.121893311641818,-1.0880186976403103,-0.0463476100057297,,0.0164959356006218,0.0522720887775214,-0.0271597762581846,,0,,
2025-02-28,9.43000030517578,9.477499961853027,9.3774995803833,9.422499656677246,118771.0,-0.0044902794744302,-0.0242071552955602,0.0042632521347261,-0.0483525044227083,,,9.503375101089478,9.34412504196167,,1,0,0.0428826281239267,0.0588980921615994,0,47.20027568082275,13.327240370408724,0.1137409868344919,-1.1386722930775417,-0.0506297757582623,,0.0161695285608902,0.0226184583649795,-0.0441220868426023,,0,,
2025-03-03,9.529999732971191,9.5600004196167,9.4975004196167,9.529999732971191,318404.0,0.0114088702797421,-0.0067744171181503,0.0135601784965893,-0.0376168052387609,,,9.510125064849854,9.35192502975464,,1,0,0.0403816940648731,0.0551948125422541,0,52.54796323120223,13.44377369238152,0.1200627884414718,-0.8516058791545771,-0.0397985340224387,,0.0166456346836871,0.0448992397210399,-0.0099886070419975,,0,,
2025-03-04,9.524999618530272,9.585000038146973,9.47249984741211,9.475000381469728,332803.0,-0.0057711808019448,-0.0013175029263601,0.0085151591067722,-0.0264577131061548,,,9.516500091552734,9.3608500289917,,1,0,0.0335746698923955,0.0508707840122824,0,49.77055127566419,13.7394309864759,0.1220479728522531,-0.5853927510644539,-0.0453400302888876,,0.0167478144492702,0.0450719233134087,0.0153040407985478,,1,,
2025-03-05,9.380000114440918,9.470000267028809,9.2475004196167,9.2475004196167,639144.0,-0.0240105490969637,-0.039220735624239,-0.0106979865662255,-0.0444328970985634,,,9.507875108718872,9.36380002975464,,1,0,0.009710768869926,0.0426387809838111,0,40.28546585900467,15.36930273023384,0.1477443467811363,-1.000610114949562,-0.0682619403625423,,0.0161718733322303,0.0210652098882715,-0.0135822814043543,,0,,
2025-03-06,9.229999542236328,9.300000190734863,9.137499809265137,9.182499885559082,3583839.0,-0.0070289841695743,-0.0298468317458577,-0.0252123342687169,-0.0447334508861952,,,9.49637508392334,9.36540002822876,,1,0,-0.0142819115012198,0.0312546424868049,0,38.054004162362695,17.37266692721233,0.1462410497296824,-1.007779198681021,-0.0748111124339238,,0.0163484045165804,0.0284194063720062,0.0101622638113381,,1,,
2025-03-07,9.140000343322754,9.267499923706056,9.112500190734863,9.197500228881836,599436.0,0.0016335794728778,-0.0238789531433906,-0.022841980756905,-0.0471380384888227,,,9.486375093460085,9.366500034332276,,1,0,-0.0317202301423105,0.0186596679609818,0,38.8951774852533,19.337119859119344,0.1465621427829606,-1.0694505226116977,-0.073299742858661,,0.0162838417239459,0.028737390763633,0.0003545633464923,,1,,
2025-03-10,9.24250030517578,9.404999732971191,9.227499961853027,9.345000267028809,86658.0,0.0160369703154554,-0.019412326456037,-0.0055865678004844,-0.0176083622175933,,,9.48200011253357,9.370300045013428,,1,0,-0.0332548615885066,0.0082767620510841,0,46.57718360223492,19.790514490925997,0.1580283353827859,-0.3384332274877481,-0.0584382783435605,,0.0169977303986285,0.0657064973240144,0.0615872068274225,,1,,
2025-03-11,9.375,9.449999809265137,9.295000076293944,9.292499542236328,36897.0,-0.0056180549269446,-0.0192613015182898,-0.0148423371345162,-0.0161461257295181,,,9.473125076293943,9.37465003967285,,1,0,-0.0382663273877668,-0.001031855836686,0,44.43582096986085,19.811096766567957,0.1584040786699665,-0.3037347961961109,-0.0637280238129349,,0.0170439203466363,0.0718675243431758,0.0665584832539538,,1,,
2025-03-12,9.307499885559082,9.369999885559082,9.22249984741211,9.272500038146973,145153.0,-0.0021522200779729,0.0027033919865784,-0.0208553562104387,-0.0064291901070077,,,9.462125062942505,9.377450046539307,,1,0,-0.0433520080138265,-0.0094958862721141,0,43.613248737212416,20.240263868369848,0.1575625466624829,-0.0724067574125679,-0.0657430871585281,,0.0169174681838352,0.0605081045024846,0.0680760213528897,,1,,
2025-03-13,9.262499809265137,9.3125,9.244999885559082,9.241250038146973,83741.0,-0.0033701806278174,0.0063980564465113,-0.0264682916988491,-0.0044438704761857,,,9.447312545776366,9.378575038909911,,1,0,-0.0493353531423483,-0.0174637796461609,0,42.29574165182815,20.638776177185893,0.1572885608662094,-0.024718319021424,-0.068891701707591,,0.0170882437363423,0.0652316388649516,0.0930540001665529,,1,,
2025-03-14,9.295000076293944,9.425000190734863,9.295000076293944,9.399999618530272,45208.0,0.0171783665335312,0.0220167854970583,-0.0144168553016894,0.0083131550276969,,,9.438937520980836,9.380625038146972,,1,0,-0.0407971487179654,-0.0221304534605218,0,50.479726286639895,19.98006495370681,0.168722684818347,0.2791007181377057,-0.0528967820771114,,0.0170300242463688,0.0677487493252526,0.07906743675965,,1,,
2025-03-17,9.447500228881836,9.55500030517578,9.417499542236328,9.53499984741211,117720.0,0.0143617270596172,0.0203316827131252,-0.0033969445142471,0.0255445226679085,,,9.440374994277954,9.387375030517578,,1,0,-0.0228734985177698,-0.0222790624719714,0,56.172341312564114,18.729754534417687,0.1761993980355229,0.6719686364618761,-0.0392947441640177,,0.0171424154343085,0.071372627908457,0.0888933757383283,,1,,
2025-03-18,9.532500267028809,9.547499656677246,9.392499923706056,9.436249732971191,43471.0,-0.0103565931852342,0.015469485909737,-0.0073636445169787,0.0187584266973215,,,9.433687496185303,9.392850017547609,,1,0,-0.0164475879913332,-0.0211127675758438,1,51.50799084960752,17.399335577994187,0.178498229653161,0.5151343073665583,-0.0492443776696274,,0.0171502439943895,0.0787680146363627,0.0981761520515838,,1,,
2025-03-19,9.457500457763672,9.512499809265137,9.420000076293944,9.447500228881836,398632.0,0.0011922634763823,0.0188730320857282,-0.0128003625756264,0.0316680265789519,,,9.4234375,9.39995002746582,,1,0,-0.0103281303496416,-0.0189558401306034,1,51.99704323215043,16.16394654702951,0.176788386272972,0.8123024338126367,-0.0481108264661577,,0.0169857033176627,0.0644168070129849,0.0955785158339992,,1,,
2025-03-20,9.494999885559082,9.52750015258789,9.460000038146973,9.49250030517578,167790.0,0.0047631728186017,0.0271879092105149,-0.01657600050586,0.038566733983828,,,9.41731252670288,9.407075042724609,,1,0,-0.0018262343123378,-0.0155299189669502,1,53.99557508289647,15.12505629216978,0.1747592733638692,0.9672670678772076,-0.04357681382846,,0.0171161064826217,0.0659254259661341,0.0731375513559955,,1,,
2025-03-21,9.489999771118164,9.53499984741211,9.422499656677246,9.4375,103619.0,-0.0057940798954507,0.003989402445911,-0.0184607150643251,0.0452719990459824,,,9.40637502670288,9.414325046539307,,0,0,0.0004681184015833,-0.0123303114932435,1,51.19034998041114,14.25054618681957,0.1753166844494633,1.125580142739797,-0.0491184061829995,,0.0170113216647472,0.0591069559171644,0.0793783501734903,,1,,
2025-03-24,9.524999618530272,9.547499656677246,9.477499961853027,9.505000114440918,8480.0,0.0071523300069846,-0.0031462751390953,-0.0156634185692253,0.0445054632960113,,,9.401875019073486,9.42597505569458,,0,0,0.0076449780228582,-0.0083352535900232,1,54.32650745183571,13.323478685640085,0.1766449879162373,1.1089811380236272,-0.0423173872264528,,0.0168315621481939,0.0255917181820146,0.0723375124097203,,1,,
2025-03-25,9.5024995803833,9.5024995803833,9.279999732971191,9.28499984741211,42981.0,-0.023145740597579,-0.0160286013871167,-0.0323085368409994,0.0200494244794184,,,9.391750001907347,9.43062505722046,,0,0,-0.0043691273704382,-0.0075420283461062,1,44.32915501175336,13.945788384773834,0.1923123141622331,0.5371099163028743,-0.0644836605565211,,0.0164025539606083,0.0012541796011273,0.0509744910384837,,1,,
2025-03-26,9.220000267028809,9.3725004196167,9.220000267028809,9.324999809265137,202767.0,0.0043080196564759,-0.0129664373272206,-0.0171278395997733,0.0199617049036957,,,9.376749992370604,9.43222505569458,,0,0,-0.0105412172330883,-0.0081418661235026,0,46.265348287886965,14.882160745201467,0.189935133775771,0.5351774629074806,-0.0604534377772442,,0.0166722535420988,0.0241300965746456,0.0754030540667343,,1,,
2025-03-27,9.354999542236328,9.425000190734863,9.302499771118164,9.3774995803833,25615.0,0.0056300023798392,-0.0121149034601321,-0.0257143293108258,0.0243036432443344,,,9.372374963760375,9.431875038146972,,0,0,-0.0110687564125413,-0.0087272441813103,0,48.78312099283769,15.232587972489764,0.1833377259713691,0.6306544795696062,-0.0551637883959601,0.9624480203335252,0.0168107659491754,0.0184004994082505,0.0715296346655804,,1,,
2025-03-28,9.407500267028809,9.487500190734863,9.352499961853027,9.447500228881836,23469.0,0.007464745575139,0.0010596269013865,-0.0018489089724177,0.0410468790573852,,,9.373624992370605,9.430575046539309,,0,0,-0.005771833594137,-0.0081361620638757,1,52.01180703390174,14.973442121646878,0.1766315392223826,0.9995974963050605,-0.0481108264661577,1.6254965188751869,0.0172843277180539,0.0477931131958595,0.0987437259103638,,1,,
2025-03-31,9.479999542236328,9.545000076293944,9.407500267028809,9.498749732971191,71974.0,0.0054246629105847,-0.0006575887842684,0.0080923405754556,0.0401040296069805,-0.0238921085010664,,9.372062492370606,9.430450038909912,,0,0,0.0025322325709336,-0.0060024831369138,1,54.28403990330765,14.22743362016394,0.1768153829640384,0.9795401693476004,-0.0429471485715016,1.5881587593511666,0.0172622148924391,0.0675768824943847,0.0864621723108507,,1,,
2025-04-01,9.522500038146973,9.574999809265137,9.47249984741211,9.5625,394056.0,0.0067114376966397,0.0298869313029912,0.0034103114312129,0.0410995713812993,-0.0156973906528727,,9.37643747329712,9.429100036621094,,0,0,0.0140949013513225,-0.0019830062392665,1,57.01084663679683,13.277906703320625,0.1738689310809441,1.0006805964193124,-0.0365239479867479,1.6275831863895216,0.0173291236057212,0.0410611511679952,0.081774352536015,-0.0081848278616896,1,,
2025-04-02,9.600000381469728,9.6225004196167,9.517499923706056,9.61750030517578,52804.0,0.005751665900735,0.0313673460475592,0.0150395691787768,0.0344179252826017,-0.0127036809943884,,9.394937467575073,9.432000045776368,,0,0,0.0273808354086551,0.0038897620903177,1,59.26814258480061,12.662174841345184,0.1734478772042007,0.8595223537405106,-0.0309823556322084,1.362983472033534,0.01731919186035,0.0341165357910175,0.0814271854566968,-0.0132317188973847,1,,
2025-04-03,9.477499961853027,9.6899995803833,9.447500228881836,9.626250267028809,298533.0,0.0009097958487529,0.0265263340737298,0.0409569970506482,0.0466159312288592,-0.0042667987753509,,9.41712498664856,9.43457504272461,,0,0,0.0381760133460247,0.0107470123414591,1,59.63130431059277,12.029180182014125,0.1482415786599888,1.1357432866434178,-0.0301007474019942,1.8460364265624312,0.0182335116541234,0.1274829625201319,0.1575264519150363,0.0562997165385195,1,,
2025-04-04,9.545000076293944,9.65250015258789,9.272500038146973,9.27750015258789,876226.0,-0.036229072044328,-0.0179941859936917,0.01034579561261,0.0125511341151742,-0.0325860265930935,,9.421124982833865,9.429325046539306,,0,0,0.0183781976054184,0.012273249394251,1,43.12670412516594,12.669312116581514,0.197022912280282,0.3581550841304134,-0.0652392973001072,0.4970371750706987,0.0186656716516882,0.1417427084555937,0.1760418098840743,0.0802192821231482,1,,
2025-04-07,8.819999694824219,9.089059829711914,8.6875,8.84000015258789,836987.0,-0.0471570997363942,-0.0693511881986647,-0.0388692652783339,-0.0277700948912528,-0.0716723426437384,,9.395874977111816,9.422800045013428,,0,0,-0.0322426346426993,0.0033700725868609,0,31.38952317615241,15.47300263097461,0.2570405275440257,-0.4297321227211059,-0.109319900986988,-1.099722892730948,0.0178171885244091,0.0941637008303988,0.1328778474233103,0.0482459592496113,1,,
2025-04-08,8.977499961853027,9.1274995803833,8.9399995803833,9.037500381469728,56677.0,0.0223416544652457,-0.0549019208920545,-0.032905283763769,-0.0108085008306841,-0.0398406358355382,,9.383125019073486,9.420750045776368,,0,0,-0.0557803894032957,-0.0084600198111704,0,39.40661690539076,17.78392361189279,0.2633898284560577,-0.0947460493390736,-0.0894206339757685,-0.4280271942228364,0.0185050939796122,0.0886802852871051,0.1709828867305216,0.109070116158207,1,,
2025-04-09,8.8149995803833,9.039999961853027,8.604999542236328,8.647500038146973,461830.0,-0.0431535631381441,-0.1008578358460554,-0.0694107652260513,-0.0471074137854754,-0.0824933832205333,,9.351875019073486,9.40865005493164,,0,0,-0.1046971148009827,-0.0277074388091328,0,31.563426812720067,20.68222455065799,0.3003588921677207,-0.7177923324440535,-0.1287153781397865,-1.8037411891246768,0.0160237306470332,-0.0598565165087985,0.0052231218168683,-0.0425980104318481,1,,
2025-04-10,9.234999656677246,9.289999961853027,9.018500328063965,9.085000038146973,396475.0,0.0505926566140553,-0.0562264863127119,-0.020221083766905,0.0182124278758719,-0.0360742860166861,,9.344062519073486,9.402700061798097,,0,0,-0.1069287701433197,-0.0435517050759702,0,44.829152088151794,21.794292528904336,0.3536293539214017,0.4121677404275136,-0.0846347744529056,0.6973532120288345,0.0176058894958649,0.0406929278393699,0.1250965029184345,0.0582336606910114,1,,
2025-04-11,9.164999961853027,9.170000076293944,9.015899658203123,9.0625,266456.0,-0.0024766139848648,-0.023174362603262,-0.0193426254466776,0.0011046925307571,-0.0515437246934467,,9.327187538146973,9.39590005874634,,0,0,-0.1092535314159253,-0.0566920703439612,0,44.35298922661708,22.83403786869357,0.3535589778696377,0.1412593266755242,-0.0869017807717545,0.0422986374951339,0.0172544165344908,0.0097243930220374,0.0882965481731596,0.0313639070520181,1,,
2025-04-14,9.295000076293944,9.387499809265137,9.192500114440918,9.36750030517578,383716.0,0.0336552060883619,0.0596719619324286,-0.0034573739014229,0.0132504511771867,-0.0315326298606705,,9.318812561035156,9.39535005569458,,0,0,-0.085499362411312,-0.0624535287574314,0,51.8232266852668,22.59860749289957,0.3683501321405917,0.332827817929709,-0.0561712720247117,0.5073593016933226,0.0176637559133488,0.0372126109635522,0.1107605841181911,0.0349016929082939,1,,
2025-04-15,9.342499732971191,9.47249984741211,9.342499732971191,9.432499885559082,153360.0,0.0069388394198812,0.0437067205993431,-0.0107498650753358,0.0039914237326537,-0.031073423912314,,9.31862506866455,9.39705005645752,,0,0,-0.0607290428197266,-0.0621086315698904,1,53.263174458099975,21.95875215320372,0.3656144031623444,0.1882350953946515,-0.0496221960414204,0.1528314719764358,0.0178362764169025,0.0404762669095786,0.1015790942689829,0.042813302399306,1,,
2025-04-16,9.427499771118164,9.452500343322754,9.354999542236328,9.442500114440918,124216.0,0.001060188603569,0.091934093412771,0.0006623798274316,-0.0073587065679664,-0.0364795989118381,,9.318375062942504,9.39750005722046,,0,0,-0.0398322893506204,-0.0576533631260364,1,53.49348134886949,21.364600766343287,0.3637765948653055,0.0073136431403602,-0.0486146163245786,-0.2817646113150849,0.0182610979581285,0.0647719043590504,0.1250688445370238,0.0606606575313288,1,,
2025-04-17,9.4375,9.465299606323242,9.297499656677246,9.454999923706056,43708.0,0.0013237817435682,0.0407264594392398,0.0007938284882273,-0.0052604092722625,-0.0310017710047812,,9.316500043869018,9.398350048065186,,0,0,-0.0220091240491093,-0.050524515310651,1,53.79993754974053,21.04274663108943,0.3637810226926188,0.0408674519404314,-0.0473551897225713,-0.2014208829048243,0.0182592187351374,0.0749757247997136,0.1258406828665634,0.0692679355621019,1,,
2025-04-22,9.2475004196167,9.407500267028809,9.220000267028809,9.387499809265137,118879.0,-0.0071390920132828,0.0358620479189115,-0.0110614161216714,-0.0251817551707121,-0.0334620151382116,,9.314000034332276,9.398150043487547,,0,0,-0.013178913935814,-0.0430553950356836,1,51.81434382465399,21.048605966972087,0.3642727985674573,-0.2826107598554189,-0.0541562086791183,-0.9642085049014426,0.0180999799558976,0.0574823178551069,0.1116187498749072,0.0631052016857021,1,,
2025-04-23,9.537500381469728,9.574999809265137,9.4399995803833,9.4399995803833,150443.0,0.0055925190077072,0.0077394473280629,0.000264856199555,-0.0034310126737756,-0.0288066542133026,,9.310750007629396,9.398300037384033,,0,0,-0.0019224551659924,-0.0348288070617454,1,53.25925720967789,20.130997173277574,0.3642356726358691,0.0679858445702531,-0.0488665592978343,-0.1313733525741988,0.0179234716980804,0.0536201743350392,0.1253721611580551,0.0513667946416986,1,,
2025-04-24,9.475000381469728,9.515000343322754,9.404999732971191,9.460000038146973,157991.0,0.0021186926538887,0.0029154681072398,-0.0047343583116402,-0.0039484474664798,-0.0279989762148284,,9.319500017166138,9.398100032806395,,0,0,0.0085140941210397,-0.0261602268251883,1,53.827294140401925,19.432661892843736,0.3634528596294007,0.0596238865149785,-0.0468513998641506,-0.1511859122816149,0.0175911729233116,0.0451301411259243,0.1076130877733134,0.0211328182249377,1,,
2025-04-25,9.520000457763672,9.539999961853027,9.420000076293944,9.425000190734863,133136.0,-0.0036997724387921,-0.00185331464061,0.015078120153311,-0.012054483393921,-0.0371599556051258,,9.324500036239623,9.39675003051758,,0,0,0.0138018404170807,-0.0181678133767345,1,52.62209179335668,18.644569408127385,0.3539508873894363,-0.0717805843285115,-0.0503778327850066,-0.4615657380439507,0.017400364384689,0.0608326256067843,0.0875340221474696,0.0064243679484579,1,,
2025-04-28,9.50749969482422,9.50749969482422,9.414999961853027,9.470000267028809,102024.0,0.0047745438072439,0.0015864985133571,0.0155496472632206,0.0331378732373996,-0.0229558777183407,,9.3291250705719,9.39540002822876,,0,0,0.0213771253343839,-0.0102588256345108,1,54.04673329675594,17.937640115142813,0.3540103250310761,0.6694632667489137,-0.0458438201473088,1.2688479811370916,0.0174767770064337,0.048255232101855,0.1207672784107398,0.0205296251032864,1,,
2025-04-29,9.53499984741211,9.5649995803833,9.477499961853027,9.529999732971191,53729.0,0.006335740681157,0.015179752500811,0.016262347044718,0.0426695158642256,-0.0157500804947424,,9.333250045776367,9.394650020599364,,0,0,0.0318548458395344,-0.0018360913397017,1,55.94871825315255,16.93198032057067,0.3541357199298708,0.8248590003224734,-0.0397985340224387,1.6338142364343298,0.0174774125094067,0.0396559301489751,0.1336850200262922,0.0247790802721121,1,,
2025-04-30,9.5625,9.602499961853027,9.364999771118164,9.517499923706056,486625.0,-0.0013116274517709,0.0082097824965803,0.0074093350757722,0.0286409462676007,0.0010518253171525,,9.334187555313113,9.394875011444093,,0,0,0.0387037321533085,0.0062718733589002,1,55.43395535140898,16.592393297755542,0.3534234231576341,0.5969753762739617,-0.0410579606244455,1.0966608082888771,0.0174475633676034,0.0094441422433213,0.112976213862896,0.0435452576923511,1,,
2025-05-01,9.547499656677246,9.6899995803833,9.49250030517578,9.6274995803833,182956.0,0.0115576209675882,0.0177060826174306,0.0135543993716567,0.0261124320306913,0.015559076505206,,9.337437534332276,9.396025009155274,,0,0,0.0524035019385991,0.01549819907484,1,59.00821846448737,15.735553350461196,0.3551152788167085,0.5557924513619388,-0.0299748720034568,0.999844088585878,0.0175250156960467,0.0152240488978458,0.1083442826688505,0.048038172844814,1,,
2025-05-02,9.65999984741211,9.682499885559082,9.5625,9.6274995803833,71279.0,0.0,0.0214853459469954,0.0067973417394302,0.0239297446576995,0.0045649991193408,,9.337937498092652,9.39552499771118,,0,0,0.0625397488992831,0.0249065090397286,1,59.00821846448738,14.939916256545017,0.3544873230831739,0.5194665126542586,-0.0299748720034568,0.91626906713434,0.0172686794279352,-0.0034880112324969,0.0840097327691031,0.0015038862362795,1,,
2025-05-06,9.635000228881836,9.760000228881836,9.537500381469728,9.756250381469728,107333.0,0.0133732336222343,0.0302270439672047,0.0144268335733017,0.038451293890841,0.0345970377238358,,9.344437503814698,9.398350009918213,,0,0,0.0800392684121344,0.0359330609142098,1,63.03285208076467,14.029440471845648,0.3568686213883613,0.756779851135162,-0.0170024993473214,1.4722986679313832,0.0177488930149068,0.0248106931328886,0.1075397220310661,0.0505519701320971,1,,
2025-05-07,9.829999923706056,9.829999923706056,9.692500114440918,9.744999885559082,195528.0,-0.0011531577676618,0.0225603524251998,0.0123360202816467,0.0425247440102416,0.0590952104069046,,9.367812490463256,9.400125007629397,,0,0,0.091940114300705,0.0471344715915088,1,62.45580825371913,13.59892543985531,0.3569412131979028,0.8238881728542199,-0.0181360505507913,1.6282709273228164,0.0176541824559118,-0.0317727714332298,0.1146557448496505,0.0686178389605363,1,,
2025-05-08,9.797499656677246,9.8149995803833,9.702500343322754,9.765000343322754,86368.0,0.0020523815288402,0.0260047724298086,0.0525465031222747,0.0366242318720386,0.0525465031222747,,9.4140625,9.403525009155274,,1,0,0.1018118663791565,0.0580699505490384,1,63.10249183054948,13.19916148157857,0.3305237838697542,0.7283005427335483,-0.0161208911171076,1.4023405285733874,0.0175680030211211,-0.0588068112977753,0.1051399676218753,0.0674139840874588,1,,
2025-05-09,9.7475004196167,9.7475004196167,9.649999618530272,9.6850004196167,79990.0,-0.0081925162205199,0.0059725621126549,0.0955882638510403,0.02895086609329,0.0501491547689609,,9.446437501907347,9.40747501373291,,1,0,0.1020041355879541,0.0668567875568215,1,58.743900295969375,12.448988220907436,0.2802855470576617,0.6008067580398028,-0.0241813366756614,1.1085276273307338,0.0174463088900296,-0.0208158337591488,0.1021766601669191,0.0928566429515693,1,,
2025-05-12,9.789999961853027,9.897500038146973,9.642499923706056,9.619999885559082,219183.0,-0.0067114642479477,-0.0007789867723806,0.0644536076904291,0.0236764933768474,0.0301164506434539,,9.495062494277954,9.407375011444092,,1,0,0.0958071057772826,0.0726468512009137,1,55.39587214167234,12.664978533398171,0.2750083477047297,0.5130887254597581,-0.0307305087470429,0.9065720846476364,0.0167748521156403,-0.0935008417616323,0.0517327003097916,0.0457393571378856,1,,
2025-05-13,9.612500190734863,9.68000030517578,9.582500457763672,9.672499656677246,224848.0,0.0054573567300113,-0.008584314825658,0.1185313228110624,0.0254439198547564,0.030085122792927,,9.524437475204468,9.41152500152588,,1,0,0.0940480800515413,0.0769270969710392,1,57.502625023786784,12.424000148789592,0.217485473813949,0.5421564184250404,-0.025440859365759,0.974246781277598,0.0167557457101488,0.0456831857224948,0.0537446378294965,0.0433470860299325,1,,
2025-05-14,9.542499542236328,9.675000190734863,9.442500114440918,9.494999885559082,291545.0,-0.0183509720773812,-0.0256541819328771,0.0451293170820652,0.0026398751663516,-0.0044561461819933,,9.546062469482422,9.412975006103515,,1,0,0.077438627099708,0.077029402996773,1,49.06474805870332,11.798524719153136,0.1608842832318263,0.1622793578836222,-0.0433249669432946,0.1010807257086996,0.016427267789906,-0.066944740635553,0.0297788319574949,0.0080336834476664,1,,
2025-05-15,9.49250030517578,9.74250030517578,9.49250030517578,9.74250030517578,376326.0,0.0260663952185107,-0.0023041512909275,0.0750345164331893,0.026336580665021,0.0378162986017074,,9.564812469482424,9.417225017547608,,1,0,0.0832866546755344,0.0782808533325253,1,58.26168581216516,11.123258199024026,0.1798067418730493,0.5458539519434269,-0.0183878974359567,1.0084267317780469,0.0167735391665999,-0.0278698133274857,0.0456138671525778,0.0424804621236045,1,,
2025-05-16,9.8100004196167,9.842499732971191,9.792499542236328,9.84000015258789,456092.0,0.0100076822538373,0.0160041018333094,0.0504403343495001,0.0317168816795945,0.0512821061449741,,9.585187482833865,9.424525012969973,,1,0,0.0946970726019991,0.08156409718642,1,61.231418626625945,11.08697012014392,0.1451824561402007,0.6304171041843724,-0.0085642354169747,1.214438265208218,0.0168347700412769,-0.0469314610176065,0.0555066978594842,0.0498698248508597,1,,
2025-05-19,9.824999809265137,9.927499771118164,9.824999809265137,9.925000190734863,150056.0,0.0086382151248867,0.0317048138050009,0.052213126016549,0.0373660906211377,0.0586666870117187,,9.60931248664856,9.438075008392332,,1,0,0.1093383196318704,0.0871189416755101,1,63.65902839406516,11.512627957877896,0.1459711738376408,0.7185885188293275,0.0,1.4307462735450005,0.0169616394125668,-0.0490369729584803,0.0600744253757736,0.0492984732017933,1,,
2025-05-20,9.942500114440918,10.029999732971191,9.93000030517578,10.012499809265137,1896475.0,0.0088160823021399,0.0351512188840634,0.0603653362897489,0.0532543755403525,0.0648763251026753,,9.637187480926514,9.454675006866456,,1,0,0.1265433879325375,0.0950038309269156,1,66.01798431131978,12.414192559689203,0.1474941982183842,0.965872110695406,0.0,2.0391081348826807,0.0171689009665754,-0.0598100395747001,0.079941557406403,0.0454491799782512,1,,
2025-05-21,9.975000381469728,10.015000343322754,9.880000114440918,9.907500267028809,47159.0,-0.0104868458663206,0.0434439585509733,0.0478583127418352,0.0352665185963505,0.0379780186314691,,9.663187503814695,9.468875007629396,,1,0,0.13020502054888,0.1020440688513085,1,60.90860795282233,12.870437819273024,0.1545267056709803,0.6840476896136887,-0.0104868458663206,1.3503537358037292,0.0172800350078174,-0.0536268140233014,0.0828612359529035,0.0407545760939471,1,,
2025-05-22,9.8149995803833,9.892499923706056,9.56999969482422,9.637499809265137,76321.0,-0.0272521272254926,-0.0107775717343175,0.0266311589964836,-0.001554037097708,0.0104848675015201,,9.673062515258788,9.47472499847412,,1,0,0.1100515050785535,0.1036455560967575,1,50.15851779447684,12.499684748582071,0.1830401802883823,0.0999763193241898,-0.0374531842340701,-0.0595040248935951,0.0168024848477786,-0.0716848919877528,0.0463942741208391,0.0164902708564838,1,,
2025-05-23,9.69499969482422,9.779999732971191,9.6003999710083,9.692500114440918,81777.0,0.0057069059677599,-0.0149898410426528,0.0267479391188028,0.0080603583117653,0.0133299048249939,,9.684687519073488,9.482725009918212,,1,0,0.0973950542815984,0.1023954557337257,0,52.016372685256485,12.155414040083333,0.1830742812359709,0.2519264890030969,-0.0319600200669272,0.3086308314916937,0.0170145122899434,-0.0507133563992662,0.0593056008787777,0.0267058758109344,1,,
2025-05-27,9.875,9.899999618530272,9.792499542236328,9.845000267028809,79528.0,0.0157338303623726,-0.0080604455585537,0.0406976984491904,0.0195469532198118,0.0128600819512332,,9.705687522888184,9.49417501449585,,1,0,0.0985343707664174,0.101623238740264,0,56.82223039281151,11.43827796479504,0.1897742289515639,0.4302377168052422,-0.0167290432386656,0.7484521397211307,0.0169302268270971,-0.0375725995700177,0.0316036187215673,0.0107253651458891,1,,
2025-05-28,9.845000267028809,9.885000228881836,9.75,9.75,383210.0,-0.0096495951703492,-0.0262172099141745,0.0344827376857375,0.0161542187240801,0.0005130953822101,,9.719687509536744,9.50435001373291,,1,0,0.0907257299500443,0.0994437369822201,0,53.24462191221652,10.714733651317973,0.1931038641811931,0.3775478602366708,-0.0262172099141745,0.61854445721528,0.0168644250936446,-0.0308004636682234,0.0294479842671753,0.0073266949688572,1,,
2025-05-29,9.770000457763672,9.800000190734863,9.6875,9.756250381469728,201009.0,0.0006410647661259,-0.0152662005029083,0.0302270439672047,0.0283267652523808,0.0081374954496604,,9.73100004196167,9.5114750289917,,1,0,0.0840725434453428,0.0963694982748446,0,53.45227546756215,10.398357118893122,0.192801567089864,0.5660309851640694,-0.0255929520775907,1.0846308284522896,0.0168088826768292,-0.0382161041111074,0.0325228437574485,0.0144414033087725,1,,
2025-05-30,9.774999618530272,9.829999923706056,9.755000114440918,9.818750381469728,7604.0,0.0064061496534271,0.0188068042326023,0.0302991245109418,0.0201299097630887,-0.0019058945654469,,9.746062564849854,9.51715003967285,,1,0,0.0828875962585211,0.0936731178715799,0,55.57686566094537,9.911709374333997,0.1928240197313052,0.4407066031550035,-0.0193507547052456,0.7707735249146961,0.0169355078760387,-0.0310059989186775,0.0259573972318734,0.0107098706990378,1,,
2025-06-02,9.86750030517578,9.94499969482422,9.779999732971191,9.9087495803833,894777.0,0.0091660542754423,0.0223110098931225,0.0411084486276407,0.0468831928834234,-0.0016373410618906,,9.760125064849854,9.526600036621094,,1,0,0.0881940541165544,0.0925773051205748,0,58.51335445366514,9.649962901445958,0.1943142106985252,0.8558229769916059,-0.0103620704977023,1.7951557788040076,0.01699500656058,-0.0259381093788538,0.0302541772737896,0.0022727043299735,1,,
2025-06-03,9.920000076293944,10.079999923706056,9.869999885559082,9.917499542236328,103122.0,0.000883054090937,0.007364070415551,0.0301220435723437,0.0525338183704044,0.0016411722625995,,9.774625062942505,9.536000022888183,,1,0,0.0920444775535287,0.0924707396071656,0,58.79851159645602,10.124421255716683,0.1911861727127465,0.9425308580639588,-0.0094881666755088,2.011518026614944,0.0169135647906907,-0.0348901773305643,0.0460147138488704,-0.0001376381942091,1,,
2025-06-04,9.922499656677246,9.962499618530272,9.850000381469728,9.88249969482422,143406.0,-0.0035290999775751,0.0135897122896635,0.0264866398914729,0.0369884545362027,-0.0020197381929293,,9.780937528610233,9.543800010681151,,1,0,0.0912202405376163,0.0922206397932558,0,57.107624145738654,10.42538414350232,0.1919206405486291,0.7058596038954891,-0.0129837819642822,1.416286601358388,0.0168583972666708,-0.0237587455935183,0.0127818846818854,0.0026656044165445,1,,
2025-06-05,9.78499984741211,9.807499885559082,9.739999771118164,9.755000114440918,92015.0,-0.0129015516641076,-0.0001281503630928,-0.0001281503630928,0.0295514218151151,0.002311845668697,,9.781437540054323,9.55015001296997,,1,0,0.0793640171978484,0.0896493152741743,0,51.318059805337,9.965436103718352,0.1927020806195268,0.5887899323445268,-0.0257178226945822,1.131522884441506,0.016721713669939,-0.0578728681335266,-0.0015584588311639,0.0137217312498489,0,,
2025-06-06,9.795000076293944,9.817500114440918,9.727499961853027,9.727499961853027,205004.0,-0.0028190827540002,-0.0092934860416568,-0.0017957849062664,0.0519058686624231,0.0051666434427708,,9.779562520980836,9.554600009918213,,1,0,0.0669767757172525,0.0851148073627899,0,50.13740038740755,9.45694977400372,0.192920971140139,0.9455958082276412,-0.0284644047781537,1.9874738547539552,0.0165050830233577,-0.065089359726723,0.020604272880577,0.0067421384438266,1,,
2025-06-09,9.770000457763672,9.832500457763672,9.75,9.80500030517578,50862.0,0.0079671388976279,-0.010470471008059,0.0040962581102597,0.0677920421862108,0.0200260193104038,,9.785562515258787,9.565000019073487,,1,0,0.0626907674637049,0.0806299993829729,0,53.39179344932793,9.081687084682413,0.1947985686792658,1.1904362588615929,-0.0207240457470316,2.5957548708362403,0.0166216003967369,-0.0538708140729687,0.0167108588412689,0.0270429428086662,1,,
2025-06-10,9.7475004196167,9.78499984741211,9.707500457763672,9.7475004196167,218130.0,-0.0058643430667439,-0.0171413290109712,0.0064532779857611,0.059798877635008,0.009842037350638,,9.79193754196167,9.573450031280515,,1,0,0.0540314736311273,0.0753102942326038,0,50.74548459515523,8.436926152087993,0.1936885034849886,1.0665592606091443,-0.0264668558997842,2.2896968860334086,0.0164309648614521,-0.0581982145895484,0.0090349157158566,0.0093926825123005,1,,
2025-06-11,9.7475004196167,9.8100004196167,9.725000381469728,9.774999618530272,54222.0,0.0028211539091838,-0.0108778223742571,0.016112238546267,0.0460138404723855,0.0275952498847318,,9.797062540054322,9.581400032043456,,1,0,0.048825051611459,0.0700132457083748,0,51.9715188901967,8.01070778792734,0.1921009927620789,0.8581131883643087,-0.0237203690645858,1.7618683060763618,0.0165244478698643,-0.0149273593620854,-0.0278438660729886,0.0320285148157217,0,,
2025-06-12,9.734999656677246,9.859999656677246,9.720000267028809,9.827500343322754,19911.0,0.0053709183469385,0.0074321094855251,0.0160248841713326,0.0575734008546071,0.0404976877562146,,9.813687562942505,9.589000034332276,,1,0,0.0483776272021572,0.0656861220071313,0,54.30986579713676,7.974045351891699,0.1920749968140866,1.0390138892294527,-0.0184768508830523,2.204483459702471,0.0165474358625862,-0.0124321442427055,-0.0291297115893928,0.0354899422435457,0,,
2025-06-13,9.885000228881836,9.885000228881836,9.795000076293944,9.86750030517578,31362.0,0.0040702071183547,0.0143922224489099,0.039231218968547,0.0641682679515753,0.0573265278510695,,9.819937562942505,9.596375045776368,,1,0,0.0506666491694449,0.062682227439594,0,56.064958620958606,8.118455106627477,0.1791351168749899,1.141114160156351,-0.0144818483746866,2.4570006849905286,0.0168026421458525,0.0228506870860876,-0.0067874244972686,0.0608265360006139,0,,
2025-06-16,9.822500228881836,9.90999984741211,9.822500228881836,9.845000267028809,183782.0,-0.0022802166152626,0.0040795472318255,0.0105209092781424,0.0653320953755838,0.060597897529611,,9.82018756866455,9.602025051116945,,1,0,0.05008776989939,0.0601633359315532,0,54.79002516609982,8.434248209444647,0.1564135401135618,1.159331461469917,-0.0167290432386656,2.501563595433389,0.0166063313043745,-0.0099685499025979,-0.0282014020518041,0.0622283448435232,0,,
2025-06-17,9.720000267028809,9.782500267028809,9.649999618530272,9.702500343322754,30217.0,-0.0144743443210754,-0.0046165759791487,-0.0139735576354614,0.0321809294753758,0.040761609558737,,9.809062576293943,9.603725051879882,,1,0,0.0376959159317777,0.0556698519315981,0,47.43314043660639,8.331340534764646,0.1606850161581742,0.6406915807652792,-0.0309612456277424,1.23220663871276,0.0165070193434357,-0.0194686768537762,-0.030710755038686,0.0459284610391015,0,,
2025-06-18,9.727499961853027,9.727499961853027,9.672499656677246,9.731249809265137,57590.0,0.0029630986781843,-0.0044756839869537,-0.0195214486394262,0.0205820624010069,0.0466523440284702,,9.795000076293944,9.605825042724607,,1,0,0.0298510200388033,0.0505060855530392,0,48.92324112535991,8.235783408276074,0.1577402972038135,0.4563941638268565,-0.0280898881755526,0.7880864332500694,0.0165584278810103,-0.0237719669513646,-0.0340668183860132,0.0517982428653178,0,,
2025-06-19,9.712499618530272,9.725000381469728,9.664999961853027,9.670000076293944,2102.0,-0.00629412811013,-0.0160264829841316,-0.0342072149309065,0.0247715299973467,0.043994631624304,,9.783125066757204,9.61367504119873,,1,0,0.0184785329336296,0.0441005750291573,0,45.93570561166061,8.204687163386913,0.15467894592196,0.5248454555179364,-0.0342072149309065,0.9485009976843268,0.0164542070146249,-0.0416272394687247,-0.0405846692322461,0.0536070361618294,0,,
2025-06-20,9.712499618530272,9.81999969482422,9.692500114440918,9.81999969482422,96569.0,0.0155118528797122,-0.0048138443255627,-0.0088317506784008,0.0394283627327809,0.072345007750719,,9.792250061035157,9.633275032043455,,1,0,0.0213236646521206,0.0395451929537499,0,53.435114501658575,7.87631959842463,0.1619299628758159,0.7563007755741942,-0.0192259793366272,1.5097105989459616,0.0167487765881088,-0.0307440592260526,-0.0139485969537429,0.0802967326854509,0,,
2025-06-23,9.727499961853027,9.887499809265137,9.6850004196167,9.842499732971191,1583430.0,0.0022912463183506,-0.0002539902478206,0.0212710690286059,0.0368711526513805,0.0768598865711913,,9.79975004196167,9.649375019073489,,1,0,0.025104626566911,0.0366570796763821,0,54.45565153921827,8.087176512637296,0.129164116933611,0.715996201946339,-0.0169787844726483,1.4117951163836608,0.0166229597745018,-0.0106844359571341,-0.0288118509090021,0.0422184722214751,0,,
2025-06-24,9.904999732971191,9.942500114440918,9.880000114440918,9.927499771118164,625450.0,0.0086360213820715,0.0231898397148992,0.0242455149757614,0.0519205055489444,0.0995430496726057,,9.803875017166138,9.67497501373291,,1,0,0.0345614558786362,0.036237954916833,0,58.18413220259343,8.675830935763859,0.1308863172198495,0.9528091571385487,-0.0084893922363241,1.988034300615389,0.0165833151172475,-0.0253429052415935,-0.0251600996051156,0.0522210833715197,0,,
2025-06-25,9.90999984741211,9.954999923706056,9.783599853515623,9.789999961853027,82921.0,-0.0138503966190118,0.0060372669224824,-0.0055866230252912,0.0299842024177474,0.0758241265339219,,9.805875015258788,9.68907501220703,,1,0,0.0306081441344368,0.0351119927603537,0,50.92190689689494,8.35594704981823,0.1295341737591495,0.6039340826870371,-0.0222222074058086,1.1480940382385918,0.0163444710249787,-0.0345982252984891,-0.0289391512758349,0.0413049749193428,0,,
2025-06-26,9.800000190734863,9.859999656677246,9.787500381469728,9.81999969482422,161554.0,0.0030643241152286,0.0155118528797122,0.0071794558794071,0.0576198014220996,0.0788244697586495,,9.809062480926514,9.704225006103515,,1,0,0.0295551504506779,0.0340006242984185,0,52.3202042018281,8.058912012868719,0.125309515418271,1.0528259013701855,-0.0192259793366272,2.206260135772317,0.016267282566692,-0.0354084128949995,-0.0082469714314686,0.0423071344356869,0,,
2025-06-27,9.8774995803833,9.93000030517578,9.869999885559082,9.90999984741211,35040.0,0.0091649852734032,0.0091649852734032,0.015759073407382,0.0627345898244124,0.0839485840974374,,9.813624954223632,9.715074996948244,,1,0,0.0355728439196934,0.0343150682226735,1,56.339170488504855,8.335541883252562,0.1289670247578303,1.1315808797225675,-0.0102371998807109,2.402105200774663,0.0163352149825807,-0.0281796061853314,-0.020215537069837,0.0536632037622322,0,,
2025-06-30,9.897500038146973,9.912500381469728,9.8100004196167,9.862500190734863,298518.0,-0.0047931036739269,0.00203205062802,0.004455741063313,0.0517196088567286,0.0772802270234538,,9.811312484741212,9.723675003051758,,1,0,0.0360930260887464,0.0346706597958881,1,53.76344840613535,8.037935903607124,0.1286418279999181,0.9577670043831188,-0.0149812355942788,1.9803419734551952,0.0161795595852457,-0.0446368834242353,-0.0375477456433563,0.0312961124938389,0,,
2025-07-01,9.932499885559082,9.949999809265137,9.8100004196167,9.897500038146973,1331129.0,0.0035487804040794,-0.0030218820108632,-0.0011353140116285,0.0476316272413994,0.0906336359414687,,9.810312509536743,9.732775001525878,,1,0,0.0388812703043406,0.0355127818975786,1,55.38211677197852,8.066857574202523,0.1251569605586662,0.8937827971956072,-0.0114856203055053,1.823813303604353,0.0162422351760391,-0.0442936801381973,-0.0602911816423326,0.0324991683531286,0,,
2025-07-02,9.994999885559082,10.0,9.837499618530272,9.857500076293944,506706.0,-0.0040414207323931,0.0068948023190942,-0.00604985820134,0.0377681645909135,0.0793868497888494,,9.809062528610228,9.740825004577635,,1,0,0.0374318205783765,0.0358965896337382,1,53.09441508011877,8.487304573383796,0.1258675957988581,0.7361209801880565,-0.0154806228138714,1.4461416714681872,0.0161035909883462,-0.0478890057990799,-0.0671190754669819,0.0135398357754976,0,,
2025-07-03,9.892499923706056,9.984999656677246,9.857500076293944,9.952500343322754,193279.0,0.0096373589950331,0.0134929381482944,0.0070832937677898,0.0407843496285231,0.0835601402986199,,9.81893754005432,9.75212501525879,,1,0,0.0434480072446223,0.037406873155915,1,57.57655777483542,8.877719644052119,0.1297609374545848,0.7836358385433405,-0.0059924561383624,1.561631288689233,0.0161316466640766,-0.0431091159555819,-0.0691019908963688,0.0070215910751461,0,,
2025-07-04,9.920000076293944,9.947500228881836,9.885000228881836,9.907500267028809,13017.0,-0.0045214845256585,-0.0002522280950341,0.0156330241720996,0.0301533613362052,0.0656091027562957,,9.82793755531311,9.7614750289917,,1,0,0.0440766601449311,0.0387408305537182,1,54.9004116054387,9.24024792395842,0.1219769194709338,0.6128262626334228,-0.0104868458663206,1.1545711271766437,0.0160587076733116,-0.0396494049422281,-0.0727796191186103,0.0027213267946475,0,,
2025-07-07,9.917499542236328,9.96500015258789,9.90999984741211,9.949999809265137,77103.0,0.0042896332163384,0.0088719510101984,0.0228732817563255,0.0336319473580708,0.0818156631320665,,9.835187530517578,9.771275024414065,,1,0,0.0474571732207795,0.0404840990871305,1,56.936197917925966,9.734435060778868,0.1218291921354629,0.6686972240473787,-0.0062421973723449,1.2877660615478208,0.0162486784059189,-0.0155348880751449,-0.108856334745349,0.0315223649887768,0,,
2025-07-08,9.932499885559082,9.970000267028809,9.774999618530272,9.837499618530272,282380.0,-0.0113065520493887,-0.0060621792761249,0.0033145652568042,0.0603610300977655,0.0736697635970269,,9.839687490463255,9.779525012969971,,1,0,0.040590526674908,0.040505384604686,1,50.444912903855055,9.341650988157712,0.1263622479691646,1.1326201764186985,-0.0174781716922408,2.3112216837279105,0.0160737670818736,-0.0329591195665444,-0.1388594323408761,0.0127373117544351,0,,
2025-07-09,9.8725004196167,9.925000190734863,9.832500457763672,9.925000190734863,160941.0,0.0088945947240264,0.0068475895428343,0.0182097731189576,0.1227375587577723,0.0915590302130955,,9.847187519073486,9.788625011444092,,1,0,0.0417282079139802,0.0407499492665448,1,54.76469696263109,8.976922920723782,0.1277904207485262,2.3227805650040403,-0.0087390382219338,4.699616735322966,0.0161200713006266,-0.0189211992994325,-0.0952516847120691,0.0249693238832575,0,,
2025-07-10,9.9399995803833,9.9975004196167,9.917499542236328,9.984999656677246,154175.0,0.00604528612487,0.0032654420731867,0.0214833806999728,0.1048408559019535,0.0928991825931633,,9.855062484741213,9.797725009918214,,1,0,0.0469303006646217,0.0419860195461602,1,57.500464264720726,8.767101644427152,0.1288874941642785,2.049507304737055,-0.0027465820835714,4.014352623020568,0.016171911738088,-0.0213342154940758,-0.126083241949202,0.0233415681045021,0,,
2025-07-11,10.005000114440918,10.029999732971191,9.9399995803833,9.987500190734863,258716.0,0.0002504290579463,0.0080746829724835,0.0162808284734194,0.1549580973317963,0.1005510083359018,,9.861062479019164,9.807125015258787,,1,0,0.0506706689192704,0.0437229494207823,1,57.61551215601202,8.87713344446583,0.1279386797059818,3.234103856588233,-0.0024968408495887,10.0,0.0162330262609931,-0.0190005028092584,0.0130616033538133,0.0183529475161223,1,,
2025-07-14,9.979999542236328,10.074999809265137,9.970000267028809,10.020000457763672,124715.0,0.0032540942586372,0.0070352411899901,0.0154547907647797,0.1029169417381099,0.1230037369925927,,9.869812488555908,9.814975032806396,,1,0,0.0556163272416565,0.0461016249849571,1,59.162862335881655,9.385729659083305,0.1277068873151188,2.604467237433971,0.0,6.695017883233044,0.0162548348344126,-0.0326024506553658,-0.0767387902650201,0.0387579583530692,0,,
2025-07-15,10.045000076293944,10.114999771118164,9.927499771118164,9.927499771118164,32245.0,-0.0092316050318976,0.0091486816851678,0.0083798376690398,0.0954482506061422,0.0966583841064179,,9.881062459945678,9.820975036621094,,1,0,0.051478354317485,0.0471769708514627,1,53.20886820776945,9.35579137676993,0.1319914062674384,2.4099765701537383,-0.0092316050318976,10.0,0.0161738913647978,-0.0260406667583936,-0.0626231068163416,0.0201440371890557,0,,
2025-07-16,9.954999923706056,10.0,9.90250015258789,9.90250015258789,101687.0,-0.0025182189984032,-0.0022670063188489,0.0206132236215561,0.0571123384022214,0.0711195538310216,,9.889624977111817,9.823900032043458,9.531418766975404,1,1,0.0456554332625991,0.04687266333369,0,51.694685673787255,9.0401934182278,0.1210223089719014,1.6324058179095104,-0.0117265768271237,6.099597608875971,0.0160794033370974,-0.0259051011840215,-0.0896951126376289,0.0111307884122713,0,,
2025-07-17,9.975000381469728,10.020000457763672,9.952500343322754,9.982500076293944,63290.0,0.0080787601588823,-0.0002503335472456,0.025818910412678,0.0583090588293457,0.0625332187232394,,9.905249977111817,9.828650035858152,9.532675018310549,1,1,0.0469547860848962,0.0468890878839312,1,56.00888362965877,8.956778883681318,0.1233431933373035,1.661955520531378,-0.0037425528699125,6.227407347716868,0.016110715903297,-0.0270383143212998,-0.0967444366342205,-0.0049925546141047,0,,
2025-07-18,10.050000190734863,10.204999923706056,10.005000114440918,10.175000190734863,43802.0,0.0192837578732467,0.0187734664750183,0.0522233826738978,0.0775748019503534,0.0696452451777664,,9.923000001907347,9.836850032806396,9.534975018501282,1,1,0.0627938347633509,0.0500700372598152,1,64.27657643838236,10.427120483619744,0.1349292467410927,2.104893692130766,0.0,8.284988668350495,0.0164334233230573,-0.0012631232577241,-0.1000856925066561,0.0124655501138724,0,,
2025-07-21,10.210000038146973,10.265000343322754,10.170000076293944,10.265000343322754,129177.0,0.0088452236757541,0.0244510852660941,0.0453157497278822,0.0856690032948412,0.079957940003301,,9.944125032424926,9.848450031280516,9.53759377002716,1,1,0.081667245931392,0.0563894789941305,1,67.36475993203105,12.174502891926492,0.1286341974255462,2.297099123660353,0.0,9.149449353165986,0.016547404759459,-0.0120230768850737,-0.093750669210408,0.0202923654235203,0,,
2025-07-22,10.225000381469728,10.30500030517578,10.204999923706056,10.28499984741211,101193.0,0.0019483198656067,0.0360110888477693,0.0449581027631218,0.0956058648609687,0.0680165862084434,,9.962000036239624,9.861750030517578,9.54068127155304,1,1,0.0971188277034365,0.0645353487359917,1,68.02622155227631,14.03744824369481,0.128634732960536,2.560263192455817,0.0,10.0,0.016577272867682,-0.002748421907988,-0.0841275566009404,0.0181009805761394,0,,
2025-07-23,10.414999961853027,10.454999923706056,10.32800006866455,10.329999923706056,72537.0,0.0043753113234386,0.0431708926564817,0.0405439598960128,0.0942797015767047,0.0905252140519397,,9.989000034332276,9.874900035858154,9.54438127040863,1,1,0.1117077502468237,0.0739698290381581,1,69.52303692202764,16.52892834615463,0.1267514325818548,2.529151853563322,0.0,10.0,0.016509347861776,-0.0044603419128489,-0.0788978753739864,0.036582688637653,0,,
2025-07-24,10.270000457763672,10.395000457763672,10.229999542236328,10.289999961853027,129229.0,-0.0038722131799086,0.0308038951373836,0.0510725231816406,0.0877378351330995,0.083442959433774,,10.012500047683716,9.890800037384032,9.54821877002716,1,1,0.1186739148239155,0.0829106461953096,1,66.5411209856467,17.690048125221686,0.1152998321574583,2.3597693757433498,-0.0038722131799086,9.370400588692975,0.0164399789462896,0.0058434391155846,-0.06544157015798,0.0351291481818993,0,,
2025-07-25,10.270000457763672,10.279999732971191,10.234999656677246,10.234999656677246,34600.0,-0.0053450248182388,0.0058967532990334,0.0422606898930717,0.0859415861591859,0.0728511213420617,,10.028750038146972,9.900650024414062,9.5523312664032,1,1,0.1183918380560609,0.0900068845674599,1,62.56733457108591,18.768230777212523,0.1183293654091067,2.310856290402567,-0.0091965409225992,9.178561202445692,0.0162833228550473,0.0009860459661616,-0.0641964446804707,0.0177182044565498,0,,
2025-07-28,10.289999961853027,10.3100004196167,10.149999618530272,10.1850004196167,187391.0,-0.0048851234721759,-0.0077934652732957,0.02774980589696,0.075501597933135,0.1111414335520641,,10.044875049591065,9.907550029754638,9.556131267547608,1,1,0.1128330998763473,0.0945721276292374,1,59.11137667127615,18.83735062996249,0.1176164546317942,2.0438850334278538,-0.0140367381568514,8.063570484120696,0.0162078451884165,-0.0077972523961273,-0.0726067407937985,0.039392019137,0,,
2025-07-29,10.154999732971191,10.265000343322754,10.145000457763672,10.255000114440918,45647.0,0.0068728219872624,-0.0029168433073666,0.039797203154914,0.0760755930518468,0.1219912176406787,,10.06275005340576,9.91415002822876,9.560281267166138,1,1,0.1127761370733608,0.0982129295180621,1,62.2547806288386,18.84862993621845,0.1169041610829106,2.057310805622395,-0.0072603881722228,8.124873161467644,0.0163623963947162,0.0113004812341876,-0.0637975509298237,0.0613586922227864,0,,
2025-07-30,10.289999961853027,10.390000343322754,10.274999618530272,10.390000343322754,106187.0,0.0131643322647778,0.0058083659302845,0.0497600710560832,0.0916732783410363,0.1229398340477774,,10.089375066757205,9.921700038909911,9.564456267356872,1,1,0.1222155589809865,0.103013455410647,1,67.45173178071292,19.685252228009027,0.1232032392617709,2.4191023164670784,0.0,9.790705914171737,0.0165986988802907,0.0219467148694834,-0.0486523229305947,0.0588273356919677,0,,
2025-07-31,10.4399995803833,10.4399995803833,10.28499984741211,10.342499732971191,398279.0,-0.004571762154184,0.005102018592108,0.0492010806922142,0.074266443391465,0.1023181528773773,,10.108875036239624,9.93040002822876,9.567806267738344,1,1,0.124429125074517,0.107296589343421,1,64.1071448773271,20.749501312301373,0.1235627301715254,2.000931172496002,-0.004571762154184,7.93165598193548,0.0165850292136632,0.0298963272021388,-0.0536368411125316,0.0488961964813583,0,,
2025-08-01,10.425000190734863,10.44499969482422,10.31999969482422,10.414999961853027,207491.0,0.0070099328744201,0.0175867426686575,0.0464706960638861,0.0817969790488812,0.1076841045289918,,10.134250020980836,9.945950031280518,9.571206269264222,1,1,0.1305288988184312,0.111943051238423,1,66.81206521584252,21.76670886103394,0.12192619468821,2.1830849592168096,0.0,8.735917172679242,0.016979589825044,0.0525639557216235,-0.0167406896455243,0.0658626622600877,0,,
2025-08-04,10.460000038146973,10.579999923706056,10.4350004196167,10.579999923706056,46919.0,0.0158425312009,0.0387824730304942,0.0678778338180077,0.0844330055121274,0.1261308577120021,,10.16575002670288,9.96370002746582,9.575106267929078,1,1,0.1469828051323567,0.1189510020172098,1,71.98629965030706,23.420644007035104,0.1280485747893314,2.2359306561622474,0.0,9.01744479283924,0.0169903414893338,0.0580142459141026,-0.0427379625836891,0.0602057308309527,0,,
2025-08-05,10.619999885559082,10.654999732971191,10.515000343322754,10.515000343322754,106736.0,-0.0061436276797753,0.0253535081404541,0.0567839743606333,0.0790149273274718,0.1248997608953019,,10.199625062942506,9.9771000289917,9.57889377117157,1,1,0.1530138728391001,0.1257635761815879,1,67.52036804848618,25.28590730818549,0.1319336177543515,2.09360858500843,-0.0061436276797753,8.438794055286131,0.0169720050519658,0.044516029425718,-0.0386411211988765,0.0715841971178912,0,,
2025-08-06,10.539999961853027,10.545000076293944,10.420000076293944,10.484999656677246,36851.0,-0.002853132255441,0.0091433407329524,0.0658195744096721,0.0737326459846796,0.1130572793798001,,10.227625036239624,9.991800022125243,9.582756271362303,1,1,0.1536021033289127,0.1313312816110529,1,65.50054891366754,25.922862540042868,0.1236423485616335,1.9606504800978333,-0.0089792313529178,7.87464642012903,0.0167949396814884,0.0448664333594897,-0.0440040532041853,0.0565093296885708,0,,
2025-08-07,10.44499969482422,10.520000457763672,10.375,10.460000038146973,111057.0,-0.0023843223031821,0.0113609193337658,0.0539042657058626,0.0800206076357552,0.1112881396254117,,10.25137505531311,10.00587501525879,9.586456270217896,1,1,0.150318244789128,0.1351286742466679,1,63.78815147916093,26.03789053670817,0.1231183916281862,2.128979135995498,-0.0113421442745199,8.546200709877962,0.0167689402204623,0.0402522363415658,-0.0388259014463738,0.0593836577827846,0,,
2025-08-08,10.53499984741211,10.5600004196167,10.5,10.505000114440918,62181.0,0.0043021105286646,0.0086413973036518,0.0520781648115464,0.0919958668825289,0.1178504997923177,,10.277250051498411,10.019600009918213,9.590318770408633,1,1,0.1496221423920705,0.1380273678757484,1,65.5347979453511,26.379784720979444,0.1226387277324992,2.4352770546930227,-0.0070888289041562,9.825158369654844,0.0167107774023901,0.0333210861541481,-0.0038196887107253,0.0477154087877176,0,,
2025-08-11,10.515000343322754,10.520000457763672,10.390000343322754,10.4350004196167,59677.0,-0.0066634644513703,-0.0137050571961219,0.0448060295705394,0.0788318211428493,0.1062815315367688,,10.298000049591064,10.030125026702882,9.593550024032591,1,1,0.1417876461418217,0.138779423528963,1,60.635343367593286,25.58940581943219,0.1264787917156299,2.1011720123869693,-0.0137050571961219,8.419238315193196,0.0166323170885344,0.0245974361848222,-0.0073663460731371,0.0459823901545319,0,,
2025-08-12,10.46500015258789,10.484999656677246,10.369999885559082,10.420000076293944,56646.0,-0.0014375028959804,-0.0090347374157849,0.039920119786057,0.097419715838195,0.1003167668931011,,10.322625064849854,10.040175037384031,9.59718752384186,1,1,0.1328370858386218,0.1375909559908948,0,59.60694269078374,24.668610845587224,0.1269916224556029,2.6458713228172224,-0.0151228590326932,10.0,0.0164334566234409,0.0109888406032989,0.0003767415016329,0.0301667923809962,1,,
2025-08-13,10.479999542236328,10.510000228881836,10.420000076293944,10.460000038146973,773972.0,0.0038387679040454,-0.0023843223031821,0.053638910028283,0.0736463649469958,0.101922539043129,,10.350500059127809,10.051725044250489,9.601075024604798,1,1,0.1275016057963167,0.1355730859519792,0,61.4829420302059,23.99839119987542,0.1204646568652218,2.1619504558554428,-0.0113421442745199,7.86543160550454,0.0164402631668819,0.0164692463969349,-0.0198691520261656,0.0248384062654563,0,,
2025-08-14,10.5,10.515000343322754,10.44499969482422,10.475000381469728,100031.0,0.0014340672340391,0.0014340672340391,0.0578137056359673,0.0645325425848528,0.0982961952820946,,10.375125074386595,10.066125049591063,9.605912528038026,1,1,0.123064985221438,0.1330714658058709,0,62.19208690232604,23.4144237758796,0.1191534305466323,1.9262409840502048,-0.0099243424379484,6.89207539836865,0.0164623077477946,0.0238133469675365,-0.0221245845692608,0.0321540506592707,0,,
2025-08-15,10.460000038146973,10.475000381469728,10.345000267028809,10.375,169791.0,-0.0095465754489736,-0.0123750702546123,0.0393187999705755,0.0453400302888877,0.0844003005905653,,10.385125064849854,10.079075050354003,9.610387530326843,1,1,0.1102093120586751,0.1284990350564318,0,54.93125294021853,21.877846598446297,0.1246567435728559,1.3781561152555208,-0.0193761744030568,4.842315129679706,0.0163434147722225,0.0144437323780144,-0.0364484013194119,0.0214364072912323,0,,
2025-08-18,10.484999656677246,10.484999656677246,10.3149995803833,10.375,187608.0,0.0,-0.0057499201920399,0.0196560005421182,0.0362047638092757,0.0913872014378773,,10.390625047683717,10.09047504425049,9.614343781471252,1,1,0.0988812568792045,0.1225754794209863,0,54.93125294021852,20.451337647599512,0.1074157798820975,1.1257712223849488,-0.0193761744030568,3.8666686908478622,0.0163469715490723,-0.0052607282296299,-0.0478731526906262,0.0282413503317338,0,,
2025-08-19,10.359999656677246,10.425000190734863,10.335000038146973,10.395000457763672,254320.0,0.0019277549651732,-0.0023991956187358,0.0126644042954642,0.0492051655408192,0.0862069790227517,,10.396125078201294,10.103425045013427,9.619168782234192,1,1,0.0904746261541653,0.1161553087676221,0,56.11956351033503,19.126722193241783,0.1036142303500116,1.5168073667663098,-0.0174857719542952,5.2551115656201794,0.0164678258363133,-0.0048091482805041,-0.0470027503495608,0.0319637796161922,0,,
2025-08-20,10.460000038146973,10.53499984741211,10.4350004196167,10.44499969482422,398237.0,0.0048099312033416,-0.0014340672340389,0.015556621272325,0.0837872790184424,0.0821030333808237,,10.401875066757205,10.116825046539306,9.625387530326844,1,1,0.0868457278171082,0.1102933925775193,0,59.02793859606557,18.622661552782787,0.1045465758251595,2.7486763914191767,-0.0127599461110909,9.797614794743136,0.0165911176653538,0.0008351673874429,-0.0125795192996567,0.0332311371544857,0,,
2025-08-21,10.470000267028809,10.520000457763672,10.404999732971191,10.449999809265137,248220.0,0.0004787089121116,-0.0023866893836889,0.011616639539725,0.078153178837276,0.0868434797736732,,10.409875059127808,10.129275035858154,9.63125002861023,1,1,0.0834117484734804,0.1049170637567116,0,59.31832717389252,17.844626167869183,0.1037149316909419,2.581013348342756,-0.0122873454989007,9.138794697745949,0.0166659200861696,0.0094838527665908,-0.0204879339374264,0.0376026177084276,0,,
2025-08-22,10.395000457763672,10.545000076293944,10.395000457763672,10.475000381469728,45686.0,0.0023923992976944,0.009638590985034,0.0179786608651635,0.0639918839363375,0.0847896835179007,,10.421875095367431,10.141425037384034,9.637512531280516,1,1,0.081765095220879,0.1002866700495451,0,60.8138034074946,17.343502010365395,0.1025981745247293,2.2016544686972663,-0.0099243424379484,7.482852243717629,0.0164531257145174,0.0007996827897884,-0.0281804323977565,0.002532582682903,0,,
2025-08-26,10.324999809265137,10.354999542236328,10.300000190734863,10.34000015258789,261322.0,-0.012887849543247,-0.003373479268637,0.010258964282636,0.0605128361628606,0.0776445924779301,,10.429625082015992,10.151325035095216,9.642518782615662,1,1,0.0687739372891389,0.0939841234974638,0,50.10316996943692,16.28771521666613,0.1113113503800061,2.065022583050863,-0.0226842885490397,7.0760318965676365,0.0162448553574043,-0.002362386227029,-0.0367382660719206,-0.0083721496860343,0,,
2025-08-27,10.354999542236328,10.380000114440918,10.34000015258789,10.354999542236328,83247.0,0.0014506179329873,-0.0038480917523643,0.0166911257354691,0.0613708276597553,0.0914360299405983,,10.434625053405762,10.164375019073486,9.64734377861023,1,1,0.0590084635847834,0.0869889915149277,0,51.13296953650499,15.183832428198166,0.1095928971030181,2.0926302911564285,-0.0212665768518184,7.176360613315783,0.0162314378672387,0.0014556332780761,-0.0343535510772828,-0.0029479824940343,0,,
2025-08-28,10.390000343322754,10.399999618530272,10.324999809265137,10.329999923706056,78034.0,-0.0024142558798098,-0.0110100310654053,0.0073134869261994,0.0520686973773338,0.0732467453201097,,10.431625032424927,10.176350021362303,9.651306276321412,1,1,0.0486907187361111,0.0793293369591644,0,49.30643523576124,14.355241207295604,0.1078284705280627,1.79654387718562,-0.0236294897734202,6.088621634972545,0.0161351099506318,-0.013890779724532,-0.0472615247954503,-0.0225309137364764,0,,
2025-08-29,10.279999732971191,10.3149995803833,10.246299743652344,10.255000114440918,413463.0,-0.0072603881722228,-0.0186602582185053,-0.0129932843523528,0.0349439181249571,0.0834653934619353,,10.427250051498415,10.188050022125244,9.65564377784729,1,1,0.0340692447539083,0.0702773185181132,0,44.20481785937031,13.852013409722147,0.1002357515912474,1.2354688969160057,-0.0307183186775765,4.086145930720752,0.0161140633026201,-0.0291972028148601,-0.0518354173515451,-0.0231494779833699,0,,
2025-09-01,10.239999771118164,10.265000343322754,10.225000381469728,10.25,68966.0,-0.0004875781945508,-0.021479749238745,-0.0089436534067589,0.0335266421084901,0.0878217430059917,,10.419000053405764,10.19665002822876,9.660093779563905,1,1,0.0218265509406112,0.0605871650026128,0,43.87885804368039,13.581632259313912,0.0991915616490513,1.1882915368441165,-0.031190919289767,3.9204176169499294,0.0161062064367281,-0.0288707828467763,-0.0477343696585461,-0.0039161391702697,0,,
2025-09-02,10.234999656677246,10.260000228881836,10.145000457763672,10.210000038146973,172448.0,-0.0039024353027343,-0.0125725447313829,-0.0196831420505911,0.0331394235705642,0.0713536541688628,,10.40050005912781,10.204000034332276,9.66426877975464,1,1,0.0087950810423098,0.0502287482105522,0,41.2578669498888,14.02034691268996,0.0960611305780121,1.17493305310616,-0.0349716340479402,3.790434662603956,0.0161631256459838,-0.048085035473352,-0.0412418576741898,-0.0289871216611625,0,,
2025-09-03,10.175000190734863,10.204999923706056,10.125,10.175000190734863,151365.0,-0.0034279967954301,-0.0173828449501399,-0.0382797481939231,0.0430548509858235,0.0738786048636077,,10.383500051498414,10.20895004272461,9.668131279945374,1,1,-0.0043069995096587,0.03932159866651,0,39.05936591363613,14.588840154172264,0.074428113055985,1.538267073293925,-0.0382797481939231,4.498969079444912,0.0160208905620562,-0.0570589430404473,-0.0419109621008968,-0.043404104423052,0,,
2025-09-04,10.199999809265137,10.274999618530272,10.140000343322754,10.140000343322754,99222.0,-0.0034397883789701,-0.0183929895243539,-0.03566333692401,0.0424055906540603,0.0965125583355257,,10.36625008583069,10.215950050354005,9.671106281280515,1,1,-0.0173150903395509,0.0279942608652978,0,36.93955905019343,14.28235783592333,0.0730374907186371,1.5153197263172655,-0.0415878623399059,4.07865066066678,0.0158334568929062,-0.0670838923022649,-0.0406920782828549,-0.0209262360872956,0,,
2025-09-05,10.18000030517578,10.220000267028809,10.0600004196167,10.09000015258789,589610.0,-0.0049309851126176,-0.0160897084360512,-0.0376728199354593,0.0290667861847662,0.0988293251662322,,10.347750091552737,10.221350059509277,9.67386878013611,1,1,-0.0312979107311122,0.0161358265460158,0,34.092961769352,14.673326115440693,0.0737952574180674,1.0662815604666434,-0.0463137783224599,2.510422355924232,0.0158011462325089,-0.0591721951865604,-0.0493607200657489,-0.033474721249802,0,,
2025-09-08,10.140000343322754,10.154999732971191,10.018400192260742,10.050000190734863,284613.0,-0.0039643172693876,-0.0195121765136718,-0.0391969259958762,0.0310335735415192,0.0926882240433135,,10.325000095367432,10.224150066375731,9.676293783187866,1,1,-0.0450873206930513,0.0038911970982024,0,31.970424496120344,15.355927176184093,0.0741505268754835,1.1369758011325908,-0.0500944930806331,2.478002796005289,0.0156999376256747,-0.063748965690938,-0.0444908282588119,-0.0358578834264021,0,,
2025-09-09,10.029999732971191,10.074999809265137,10.024999618530272,10.06999969482422,290677.0,0.0019900003691337,-0.0137120805876276,-0.041408892420545,0.0301790371157379,0.0775815309875771,,10.30675005912781,10.22830005645752,9.678043780326844,1,1,-0.0537817718105966,-0.0076433966835573,0,34.17696955411404,15.989771018302966,0.0721218335306321,1.1081297722920564,-0.0482041807712214,2.409768834823174,0.0156948954047017,-0.0607920250043594,-0.0502015239296096,-0.0766475854936422,0,,
2025-09-10,10.09000015258789,10.225000381469728,10.09000015258789,10.225000381469728,96063.0,0.0153923228741679,0.0049140235673306,-0.0201245835843181,0.040447725694261,0.100349839673921,,10.2970000743866,10.234850063323975,9.680443782806396,1,1,-0.0476160388875435,-0.0156379251243546,0,48.20005083304101,14.90063803430377,0.0919138366644987,1.4191244207909737,-0.0335538322113688,3.229714335938091,0.0158905391497767,-0.0445985928965395,-0.0396977947679931,-0.0676711210450595,0,,
2025-09-11,10.289999961853027,10.324999809265137,10.255000114440918,10.30500030517578,1240123.0,0.007823953126792,0.0162721850361355,-0.0110364462836995,0.0443374701260985,0.1113507967410203,,10.289250087738038,10.243800067901612,9.683581285476684,1,1,-0.0358609432375178,-0.0196825287469872,0,53.68449495989461,14.643336088123691,0.0967680765402685,1.53893921100341,-0.0259924026950226,3.5403069128755766,0.0158828753460915,-0.0335036803251754,-0.0547394148954154,-0.0611552997470568,0,,
2025-09-12,10.31999969482422,10.401599884033203,10.295000076293944,10.364999771118164,390747.0,0.0058223643052439,0.027254669412442,-0.0090822434686758,0.0528186378857549,0.1216014855492992,,10.28375005722046,10.25205005645752,9.686218786239625,1,1,-0.0214561565620385,-0.0200372543099975,0,57.33317750627212,14.973018174712232,0.0981258845826302,1.811222717806278,-0.0203213756274376,4.217520492346241,0.0159807001134325,-0.027953509550572,-0.0376742568526939,-0.0648131920399923,0,,
2025-09-15,10.380000114440918,10.454999923706056,10.369999885559082,10.420000076293944,87817.0,0.0053063489040334,0.0368159083121395,-0.0052506256012248,0.0739499827449088,0.1085106913997038,,10.286000061035155,10.26230005264282,9.68869378566742,1,1,-0.0055383516989984,-0.0171374737877977,1,60.41194069438064,15.643195588460022,0.0999458611453067,2.569894099064133,-0.0151228590326932,5.904839278701256,0.0159804193827028,-0.0292722243123143,-0.0319015777334896,-0.0616326112330549,0,,
2025-09-16,10.40999984741211,10.43000030517578,10.295000076293944,10.300000190734863,89829.0,-0.0115163037121358,0.0228401691043604,-0.0072288972785673,0.058445769311997,0.0802307661840584,,10.282250070571902,10.269300060272217,9.690687537193298,1,1,-0.0025766623870939,-0.0142253115076569,1,51.654200728466826,15.491353543266518,0.1024601977128566,2.011678152330012,-0.0264650033072129,4.666841850360709,0.0158181631085879,-0.0321384282877796,-0.044706223183866,-0.0772500427839498,0,,
2025-09-17,10.225000381469728,10.3100004196167,10.210000038146973,10.289999961853027,85765.0,-0.0009708959899662,0.0063569269396894,-0.0081927747611539,0.0641158097898071,0.0904755864926665,,10.277000045776369,10.278350067138671,9.692625036239624,0,1,-0.0010246259152122,-0.011585174389168,1,50.99080161065616,14.57077063582746,0.1024765221216656,2.2111140281752832,-0.0274102045315937,5.119589457357329,0.0158224624387305,-0.032086011085736,-0.0383941064636468,-0.0774205635845982,0,,
2025-09-18,10.25,10.300000190734863,10.19499969482422,10.279999732971191,261721.0,-0.0009718395450833,-0.0024260622478614,-0.0110630803009335,0.0468431825297734,0.0881184952548963,,10.268750047683715,10.2854500579834,9.69536253452301,0,1,-0.0005947053319168,-0.0093870805777177,1,50.29516858008769,13.584431579741432,0.1021484181245524,1.6952864940063872,-0.0283554057559745,3.740385783392517,0.0157335709945943,-0.0445872362883394,-0.0606137163615404,-0.0737168370158878,0,,
2025-09-19,10.260000228881836,10.30500030517578,10.21500015258789,10.234999656677246,213323.0,-0.0043774394419112,-0.0125422206764692,-0.0201053177867525,0.0398780730865784,0.0782195762581772,,10.258000040054323,10.2904500579834,9.698150033950805,0,1,-0.003840845373217,-0.0082778335368176,1,47.17627877775032,12.713914132173782,0.101071930529205,1.4509273348716056,-0.0326087211263381,3.184228090124323,0.0155874959228004,-0.0604915089384929,-0.0622911843467048,-0.0893083109393646,0,,
2025-09-22,10.3149995803833,10.380000114440918,10.265000343322754,10.3149995803833,78914.0,0.0078163093687906,-0.0100768229502727,-0.0129186824254429,0.0390329708586325,0.0929800879876345,,10.25,10.297000045776366,9.701662530899048,0,1,4.141312793670693e-05,-0.0066139842038667,1,52.78212530342692,12.565517784476016,0.1054766211624462,1.4245442432763875,-0.0250472916099917,3.116747441111781,0.0156353603916367,-0.0618363516208196,-0.0571631618231066,-0.0808850305830096,0,,
2025-09-23,10.395000457763672,10.4399995803833,10.380000114440918,10.414999961853027,263126.0,0.0096946568626046,0.0111650261153983,-0.0057279634779624,0.0638406539770508,0.0957390674861276,,10.253749990463255,10.304900035858154,9.705475029945374,0,1,0.0110598351121478,-0.0030792203406638,1,58.68444310408975,12.904517545281273,0.1109751100515589,2.318416559683152,-0.0155954596448836,5.097618514422416,0.0158733475665938,-0.0352381765011393,-0.028824637864686,-0.0569296285848835,0,,
2025-09-24,10.484999656677246,10.5,10.460000038146973,10.484999656677246,306429.0,0.0067210460951134,0.0189504077305266,0.0140231626643705,0.0677189391567418,0.1292406924055682,,10.260249996185305,10.316050033569336,9.710337529182434,0,1,0.0251504851414559,0.00256672075576,1,62.242392711833,13.659053819143848,0.1033672590512388,2.440497963340097,-0.0089792313529178,5.407296080434033,0.0160310383509402,-0.0131621366740334,-0.0145226601175239,-0.0226498635858944,0,,
2025-09-25,10.550000190734863,10.5600004196167,10.479999542236328,10.484999656677246,4959436.0,0.0,0.0199416273376502,0.01255433319052,0.0580221814448655,0.1243967690229395,,10.267999982833862,10.327700023651124,9.7155375289917,0,1,0.0359035529975653,0.0092340872041211,1,62.242392711833,14.765476328904825,0.1033537572451614,2.130599866960728,-0.0089792313529178,4.63301874205185,0.016105339458009,-0.0077687762637583,-0.0140723905266519,-0.0340034466641362,0,,
2025-09-26,10.46500015258789,10.585000038146973,10.44499969482422,10.550000190734863,20086.0,0.0061993835179787,0.0307767996701506,0.0212972186499182,0.0697084904136031,0.1250333951285165,,10.28274998664856,10.339050025939942,9.721625027656556,0,1,0.0491043917498519,0.0172081481132672,1,65.4469140459959,15.381867122955942,0.104474500919411,2.5381829156806908,-0.0028355135337926,5.566159949936597,0.0161128703254357,-0.0013783373812813,-0.0041218217009345,-0.0415148022314769,0,,
2025-09-29,10.645000457763672,10.68000030517578,10.53499984741211,10.614999771118164,192996.0,0.0061610975552761,0.0290838781327138,0.0351047930433761,0.0724930265426422,0.1235776146019218,,10.300999975204467,10.347850017547607,9.728287525177002,0,1,0.0640724867373503,0.0265810158380839,1,68.34052855651613,16.58472981785103,0.1013627100978142,2.6256226815378607,0.0,5.788502642894758,0.0161667078233368,0.0032669922990926,-0.0046500590518283,-0.0646608831392195,0,,
2025-09-30,10.640000343322754,10.699999809265137,10.586999893188477,10.600000381469728,58472.0,-0.0014130372088416,0.0177628824094384,0.0341463786799733,0.0753233882251145,0.1159363789400595,0.0892743058941363,10.320499992370603,10.354550018310547,9.73467502593994,0,1,0.0738729233882224,0.0360393973481116,1,66.94726150313123,17.824926328444295,0.1016604549252941,2.731741077541493,-0.0014130372088416,6.01450446487279,0.0160832811641204,-0.0014233812721661,-0.0012611984643968,-0.068295623456468,0,,
2025-10-01,10.649999618530272,11.0,10.630000114440918,10.760000228881836,138546.0,0.0150943246843471,0.0262280001153323,0.0538687746013646,0.0811353788197397,0.1252287821052899,0.107565626338727,10.349749994277952,10.36405002593994,9.741987528800964,0,1,0.093472992086161,0.0475261162957214,1,73.21929892249662,20.35144861148913,0.1096442059240042,2.873190728609298,0.0,6.478586660388218,0.0162706051182326,0.0066496712704522,0.0086140278825621,-0.0610832094901283,1,,
2025-10-02,10.739999771118164,10.829999923706056,10.664999961853027,10.725000381469728,99063.0,-0.0032527738538667,0.0228899125084511,0.0540540717862279,0.0825132568667679,0.1151546702523038,0.1009881010620161,10.378999996185303,10.371950035095216,9.749300031661988,1,1,0.1049719413626562,0.0590152813091084,1,70.08626307902078,22.69750501717361,0.10952596719699,2.9253561853459287,-0.0032527738538667,6.588608976977767,0.016199023592508,0.0111187970332782,0.0087376843797712,-0.0646778600799774,1,,
2025-10-03,10.779999732971191,10.94499969482422,10.744999885559082,10.93000030517578,73192.0,0.0191142113207047,0.0360189675422599,0.0779092638170613,0.0984925140398591,0.1354369564452826,0.1305922754300337,10.421000003814695,10.38475004196167,9.758162531852722,1,1,0.1291380984833239,0.0730398447439515,1,76.4441270567347,25.259430907212096,0.1212669188452523,3.298326351080688,0.0,7.864538218579028,0.0165088971367094,0.0426590509180462,0.0160147628188476,-0.0945848803087773,1,,
2025-10-06,10.9399995803833,10.949999809265137,10.81999969482422,10.90999984741211,1443151.0,-0.0018298679968196,0.0277908697743543,0.0812685512808346,0.1090216285103216,0.1759633164079059,0.1376433445069353,10.46399998664856,10.398250045776368,9.767012529373169,1,1,0.1450045600128611,0.0874327877977334,1,74.77432879218814,27.6541722657504,0.1189700503727235,3.712852639846059,-0.0018298679968196,8.705278491766027,0.0164198027670049,0.0391526364855256,0.0215279768189238,-0.1203208181624756,1,,
2025-10-07,10.989999771118164,11.06999969482422,10.96500015258789,11.05500030517578,2218323.0,0.0132906012641296,0.0429245195595893,0.1000000094892963,0.1138539136246856,0.2505656237957703,0.1609346559085993,10.513250017166138,10.415650043487547,9.777143778800964,1,1,0.1673500628560358,0.1034162428093939,1,78.44959959404196,30.23499350462857,0.1198767511923336,3.818488637052461,0.0,9.09113209023958,0.0166999474453362,0.063695146025686,0.0359723064430268,-0.0627058010607194,1,,
2025-10-08,11.045000076293944,11.103099822998049,11.020000457763672,11.074999809265137,79418.0,0.0018090912290606,0.0292750533162429,0.0998014046571884,0.1091637646536098,0.2254494430753273,0.1766267580789,10.555749988555908,10.432050037384034,9.78701877593994,1,1,0.1845455020154407,0.1196420946506033,1,78.9060967748317,32.72144537294732,0.1199275498811048,3.6815218791097326,0.0,8.716627934330562,0.01663098828938,0.0596431425976788,0.0283872778139637,-0.1012751241521354,1,,
2025-10-09,11.109999656677246,11.170000076293944,11.074999809265137,11.074999809265137,86706.0,0.0,0.0326339781208888,0.0831295252893897,0.1088860673603908,0.2807169425162952,0.1750662689802686,10.594249963760376,10.44575002670288,9.796881275177002,1,1,0.1959146295390148,0.1348966016282856,1,78.9060967748317,35.2060188733081,0.1141351151590172,3.672324952138929,0.0,8.694454056477946,0.0166793085703575,0.0496376751692468,0.0274922434171636,0.0409129395497984,1,,
2025-10-10,11.079999923706056,11.164999961853027,11.029999732971191,11.135000228881836,43460.0,0.0054176452054206,0.0187557107028606,0.0805434157327662,0.1112774171835733,0.2256466903827325,0.1814323611184611,10.63274998664856,10.461600036621094,9.80684377670288,1,1,0.207375778542131,0.1493924370110547,1,80.35406765391028,36.93271610149976,0.1133771696511488,3.741304678451263,0.0,8.885401178315039,0.0172355087675508,0.0851630068224509,0.0603312148741177,-0.0210373198355612,1,,
2025-10-13,11.085000038146973,11.145299911499023,11.024999618530272,11.104999542236328,328087.0,-0.0026942690641076,0.0178734828186521,0.0713940943038085,0.1186099016132777,0.2253792598329742,0.1622186486190837,10.66699995994568,10.47540002822876,9.816593775749206,1,1,0.2115988373330548,0.1618337170754547,1,77.48982919049776,38.47037645304108,0.1152107615250195,4.032878781455223,-0.0026942690641076,9.47089343218531,0.016929307487333,0.0593595629207244,0.0467058981352774,-0.0188420771289429,1,,
2025-10-14,11.095000267028809,11.170000076293944,11.05500030517578,11.154999732971191,674994.0,0.0045024937231825,0.0090456286779652,0.0705373945581258,0.1264831669864681,0.1908192548238054,0.1532695920304867,10.709749937057495,10.486900024414062,9.826993775367736,1,1,0.2164847380702301,0.1727639212744098,1,78.8433746642608,39.98658907121543,0.1150691904671011,4.290166912354706,0.0,10.0,0.0170263326999353,0.0654496788966989,0.0588908271647905,-0.0360865048487074,1,,
2025-10-15,11.21500015258789,11.385000228881836,11.204999923706056,11.324999809265137,172407.0,0.0152398099832733,0.0225733638199121,0.0995145242280954,0.1344853215838495,0.2006360929411115,0.1633282186607276,10.7614999294281,10.50310001373291,9.83795627593994,1,1,0.2314069200835433,0.1844925210362365,1,82.66090592436781,42.02287811317669,0.1088938630268769,4.446759699571758,0.0,10.0,0.0172094085457533,0.0879524017810908,0.0681963886056387,-0.0351456692247226,1,,
2025-10-16,11.364999771118164,11.460000038146973,11.350000381469728,11.359999656677246,166175.0,0.0030904943047747,0.025733620977012,0.103984421651206,0.1164618617915524,0.203071169605155,0.159183615875563,10.815499925613404,10.52060001373291,9.848831272125244,1,1,0.243252983048972,0.1962446134387836,1,83.32790923698491,44.084267147142015,0.1071949723242697,4.076567158978063,0.0,9.299374394036365,0.0173809629728859,0.0984992405695619,0.0576592978347423,-0.0481972654251514,1,,
2025-10-17,11.199999809265137,11.295000076293944,11.140000343322754,11.164999961853027,192663.0,-0.0171654666124572,0.0026941834175608,0.0860895186644179,0.0876765307772942,0.1808566950761756,0.1442480462259612,10.861999940872192,10.534700012207033,9.858168773651125,1,1,0.234206441533928,0.2038369790578125,1,67.70170027135623,43.72791356242788,0.1302683644399302,2.9810181772782305,-0.0171654666124572,7.000891731643698,0.0169861904424301,0.0796144402479319,0.0265168882582764,-0.0697197569717226,1,,
2025-10-20,11.220000267028809,11.354999542236328,11.170000076293944,11.19499969482422,114701.0,0.0026869442967927,0.0081044715261435,0.0937958056032446,0.0884783530299306,0.1925432673538001,0.1526383664886348,10.90599994659424,10.548500003814697,9.868156270980837,1,1,0.226842817147661,0.2084381466757822,1,68.6749473155099,43.63252747886354,0.1268158966822775,3.006055044713436,-0.0145246449682805,7.064916513748607,0.0168565149975379,0.0814126323446993,0.0168448774466598,-0.0686997975351102,1,,
2025-10-21,11.199999809265137,11.204999923706056,11.079999923706056,11.085000038146973,111002.0,-0.0098257846963679,-0.0062751857014679,0.0746486174587957,0.0730881045515097,0.1742585308141377,0.1404320713599542,10.939499950408935,10.561499996185304,9.877768769264222,1,1,0.2097135910457321,0.2086932355497722,1,61.37238821534441,42.72601235658219,0.1351213442024057,2.4697706908653543,-0.0242077136303989,5.836019084011088,0.0166911350094439,0.067524802202318,0.0110111646559198,-0.0687554682148116,1,,
2025-10-22,11.06999969482422,11.100000381469728,11.024999618530272,11.045000076293944,155225.0,-0.003608476474098,-0.0247240386478524,0.060489689558177,0.073372217418838,0.1675475720671817,0.1348574353671918,10.96749997138977,10.573999996185302,9.887531270980835,1,1,0.1907124785839133,0.2050970841566005,0,58.9188982094466,41.41411516037802,0.1352562054755569,2.4797339008455537,-0.02772883713937,5.858705239657287,0.0167178207094787,0.0532006962830022,0.0169003722022305,-0.0496471848489177,1,,
2025-10-23,11.0649995803833,11.095000267028809,10.994999885559082,10.994999885559082,113991.0,-0.0045269525024429,-0.0321302625131351,0.0486409390158681,0.074255032181268,0.1665782135864133,0.1232282189596352,10.992999982833862,10.584699993133546,9.896825022697447,1,1,0.169663586327756,0.1980103845908316,0,55.91006552432145,39.94117003389805,0.1367881062717726,2.5114258698918293,-0.0321302625131351,5.929197200459981,0.0165440353466483,0.0320002350738564,0.0160110128578696,-0.0492132819238095,1,,
2025-10-24,11.166199684143066,11.166199684143066,11.166199684143066,11.166199684143066,0.0,0.0155706958040844,0.0001074538552743,0.0649690080849936,0.09633767541497,0.1791129217830991,0.1520453497345306,11.023809957504271,10.598523979187013,9.90728102207184,1,1,0.1648957648023916,0.1913874606331436,0,62.896756972931634,38.95982869488334,0.1439377090221497,3.136053545669178,-0.0170598572527479,7.6924763021429,0.0166654383163761,0.0347772153345391,0.0282328170487806,-0.0464238165743575,1,,
2025-10-27,11.15999984741211,11.279999732971191,11.0600004196167,11.119999885559082,871861.0,-0.0041374684217398,-0.0066994025287747,0.0540284061155562,0.0843490747406316,0.1668415736767468,0.148463724966726,11.049059963226318,10.613423976898194,9.918268523216248,1,1,0.1555956840643961,0.1842291053193941,0,60.12772238797922,38.60306748151321,0.1455250380259005,2.7676443293207904,-0.0211267410538252,6.735197374807771,0.0164029679757374,0.0180040951390081,0.0024795622867457,-0.0614761786443504,1,,
2025-10-28,11.260000228881836,11.274999618530272,11.015000343322754,11.06999969482422,511160.0,-0.0044964200763881,-0.001353210940111,0.0428638656162805,0.0654474811387735,0.1631205446349644,0.1643439442707117,11.072559928894044,10.627323970794675,9.928356022834778,1,1,0.1425475066291195,0.1758927855813392,0,57.19304986868164,37.8615253723766,0.1468685027736905,2.21257799149628,-0.0255281664275902,5.225922210872937,0.0162859586656335,0.0073763219821747,-0.0188412487576697,-0.0665769011692907,0,,
2025-10-29,11.010000228881836,11.104999542236328,10.975000381469728,11.0649995803833,88655.0,-0.0004516815337635,0.001810729194315,0.0438678473754072,0.0698573716283335,0.1493118735553109,0.1671941049242995,11.087809896469116,10.64072395324707,9.9374560213089,1,1,0.1303012330520161,0.1667744750754746,0,56.89399951286028,36.8118777354644,0.1466211579676945,2.3627843459080986,-0.0259683173599876,5.578047980358901,0.0162707847147081,0.0116582896657873,-0.0189474793747296,-0.071568037546556,0,,
2025-10-30,11.045000076293944,11.104999542236328,10.970000267028809,11.0,97515.0,-0.0058743409713757,0.0004547625732571,0.0223048109677508,0.0561689909063514,0.1425604237275963,0.1477762110557063,11.10155987739563,10.651823959350589,9.94548101902008,1,1,0.1140365082182697,0.1562268817040336,0,53.01337341706459,35.79076059746094,0.1410701304933087,1.9200262154176444,-0.0316901115807378,4.485043152652684,0.0163550812427117,0.0051919473102077,-0.0367799569228239,-0.0529049247243276,0,,
2025-10-31,10.9350004196167,11.050000190734863,10.874600410461426,10.875,102835.0,-0.0113636363636363,-0.0260786742472995,0.0139859779202837,0.0278828051437838,0.1146700396963098,0.1532343211093125,11.09880986213684,10.660323963165284,9.952293519973756,1,1,0.0900224188674077,0.1429859891367084,0,46.45161421411488,33.98621058458181,0.1468929672831546,1.0059162951642635,-0.0426936330400476,2.226416787429517,0.0161163646099554,-0.0051027138815267,-0.0514396299760729,-0.0919791675785258,0,,
2025-11-03,10.890000343322754,10.93000030517578,10.770000457763672,10.850000381469728,73507.0,-0.0022988154970364,-0.024280531193169,-0.0073192974814618,0.031859251279978,0.1133915350320449,0.1791876420600302,11.09580988883972,10.667823963165285,9.9590185213089,1,1,0.0681877933238048,0.1280263499741277,0,45.24541923284098,31.62443326516613,0.1309370815095831,1.144852875304572,-0.0448943037518269,2.5439324170901045,0.0160491951360485,-0.0278457123364566,-0.054372474736594,-0.090912582549291,0,,
2025-11-04,10.869999885559082,10.899999618530272,10.81999969482422,10.859999656677246,83299.0,0.0009215921526228,-0.0189701936708417,-0.0045829689673848,0.0357653802841266,0.1121351023918033,0.1705739130220256,11.086059856414796,10.67822395324707,9.96516851902008,1,1,0.0511014870788617,0.1126413773950745,0,45.85107570589755,29.431354325708707,0.1308835208864085,1.2780422935286688,-0.0440140858372392,2.855833287316598,0.0162566853851741,-0.0099341864299755,-0.0320485995497568,-0.0746423844742349,0,,
2025-11-05,10.875,10.890000343322754,10.81999969482422,10.854999542236328,31387.0,-0.0004604157089308,-0.0189787660289905,-0.018091429888592,0.0377628587618372,0.1208052733017779,0.1770127104184564,11.075059843063354,10.68822395324707,9.9720810174942,1,1,0.0367335572497413,0.0974598133660079,0,45.57957417991494,27.39492388192681,0.1213649984580513,1.3465079975008265,-0.0444542367696363,3.0153301382385536,0.0161930849999804,-0.030351140146693,-0.0343405852075999,-0.0718331824770928,0,,
2025-11-06,10.854999542236328,10.914999961853027,10.824999809265137,10.869999885559082,163341.0,0.0013818833676029,-0.0118181922219016,-0.018510151443484,0.0347453371862804,0.1299376314833868,0.1639673423921375,11.064809846878052,10.699023952484133,9.978943514823914,1,1,0.0262546247170618,0.0832187756362187,0,46.60112688021367,25.588537532646583,0.1212564265330275,1.2474290200419047,-0.0431337839724448,2.7743837679717807,0.0163913299337449,-0.0144103496115205,-0.0191162541964974,-0.0228629247668771,0,,
2025-11-07,10.84000015258789,11.0,10.704999923706056,10.80500030517578,159298.0,-0.0059797222693309,-0.0064367535470547,-0.0243791881480197,0.0354575822405833,0.1170845891647802,0.1506922161998891,11.04830985069275,10.710023956298828,9.985268516540527,1,1,0.0125602851270709,0.0690870775343891,0,42.84776013535048,24.589348459042387,0.1224842134355637,1.2731211337805448,-0.0488555781931953,2.8312558917586927,0.0162772889366849,-0.0241028956312416,-0.021345682021312,-0.028554788413513,0,,
2025-11-10,11.0,11.039999961853027,10.869999885559082,10.885000228881836,522590.0,0.0074039723689536,0.0032257922747986,-0.0224517283216171,0.0446257340866813,0.1463928762586719,0.1412843820200673,11.037309885025024,10.722723960876465,9.993862266540528,1,1,0.008069724830813,0.0568836069936739,0,48.36053229069604,23.295088936819,0.124009228322569,1.57180103213739,-0.0418133311752533,3.5633245295659663,0.0161458603992957,-0.0632211316155946,-0.0175006531331275,-0.0171305048538356,0,,
2025-11-11,10.970000267028809,10.994999885559082,10.914999961853027,10.9350004196167,83136.0,0.004593494688424,0.0069061478186456,-0.0153083412541406,0.0454111261699263,0.1224018554874866,0.1648469392057119,11.0263099193573,10.73722396850586,10.002837266921995,1,1,0.0084481361122428,0.0471965128173877,0,51.50876484757412,22.093276523325848,0.1253553549490227,1.5966991553537764,-0.0374119058014881,3.6260373774962176,0.0161829794612545,-0.044084970790266,-0.0156496099250783,-0.0352078174724923,0,,
2025-11-12,11.050000190734863,11.050000190734863,10.869999885559082,10.925000190734863,110272.0,-0.0009145156376854,0.006448701193046,-0.0206185161579619,0.0429594074345986,0.1102642298091449,0.1672009178911855,11.006309938430784,10.75222396850586,10.011199769973755,1,1,0.007850598075926,0.0393273298690953,0,50.84115396013472,20.572481518873303,0.1239163905015043,1.5147932492849714,-0.0382922076662824,3.4302698525918616,0.0161591871661379,-0.0509296716491811,-0.0184130066270532,-0.0401302110740194,0,,
2025-11-13,10.984999656677246,11.005000114440918,10.859999656677246,10.895000457763672,188932.0,-0.002745970933404,0.0022999606686107,-0.0379690382996453,0.0501205260495105,0.0977330225075783,0.1621333821614583,10.983059978485109,10.767323970794678,10.018762273788452,1,1,0.0048998348979107,0.0324418308748584,0,48.7978404353462,19.140743725254083,0.1090574141576419,1.7760485897369458,-0.040933029310459,4.002078701048712,0.016386736574009,-0.047803616815602,0.0026507191055404,-0.0338942966876151,1,,
2025-11-14,10.84000015258789,10.899999618530272,10.774999618530272,10.890000343322754,145260.0,-0.0004589365975983,0.0078667316748022,-0.0413731802428561,0.0496385873082172,0.0876405044468131,0.1582026234081424,10.969309997558591,10.783323974609376,10.026199774742128,1,1,0.0021332753027749,0.0263801197604417,0,48.44834157459545,18.57707518052718,0.1077291110702624,1.759651500225487,-0.0413731802428561,3.963596328181458,0.0163818990001925,-0.0574803579210159,0.0021366313029527,-0.0458388086642832,1,,
2025-11-17,10.864999771118164,10.966099739074709,10.835000038146973,10.925000190734863,133770.0,0.0032139436463443,0.0036747782280144,-0.0214957252071796,0.0509860230525871,0.1026999642979769,0.1445783240870057,10.955810022354123,10.800823974609376,10.033849773406985,1,1,0.0027334426465532,0.021650784337664,0,51.0890598008613,17.395783036114892,0.0937811181839446,1.8035821421996705,-0.0382922076662824,4.07118785442058,0.0165891007914974,-0.023377204693338,0.0073643574075621,-0.0399845379947113,1,,
2025-11-18,10.925000190734863,10.984999656677246,10.904999732971191,10.9350004196167,127288.0,0.0009153527420819,0.0,-0.0232245897539172,0.0469124690386815,0.1346304161899119,0.1465268657668579,10.948310041427613,10.818123989105224,10.041787276268003,1,1,0.0039702479389855,0.0181146770579283,0,51.84802523483359,16.188772922978593,0.0930976495126453,1.671010662743153,-0.0374119058014881,3.7459182485006632,0.016744901883475,-0.0066213635546399,0.0092690692226427,-0.0034270505121901,1,,
2025-11-19,10.949999809265137,10.949999809265137,10.84000015258789,10.84000015258789,77591.0,-0.0086877241319884,-0.0077803237220132,-0.0221019291579576,0.0373206076977123,0.1183905106627034,0.1332985497270138,10.93806004524231,10.830423984527588,10.048887276649475,1,1,-0.0026843589360652,0.0139548698591296,0,44.74476414135296,15.6020911099375,0.091828776979918,1.3299150383236484,-0.0457746056166213,2.980016790519459,0.0165355460696849,-0.0093216512640376,-0.0078227914096884,-0.0281504525135068,0,,
2025-11-20,10.869999885559082,10.960000038146973,10.84000015258789,10.895000457763672,81015.0,0.0050738288193337,0.0,-0.0135807711628919,0.0400954712170629,0.1066531398938956,0.1208847899645206,10.93306007385254,10.842223987579343,10.056299777030944,1,1,-0.0034800025542214,0.0104678953764594,0,49.09313768558593,14.951064832528322,0.0936848763854568,1.4194574479211548,-0.040933029310459,3.2015871343370743,0.0168766836744196,0.009502612074961,0.0257433126842576,-0.0031625773962919,1,,
2025-11-21,10.779999732971191,10.829999923706056,10.699999809265137,10.734999656677246,168820.0,-0.0146857085235283,-0.0142333041100909,-0.0236471333868154,0.0382011120174399,0.1010256058130509,0.1015905369670886,10.911500072479248,10.849623985290528,10.062987275123596,1,1,-0.0168273085804226,0.005008854585083,0,39.38338461073917,15.495273780582318,0.1049369467356847,1.3465431101454004,-0.055017607296549,2.777373559129808,0.0164648282088127,-0.0047876552591933,0.0135410778716544,-0.0236946639220155,1,,
2025-11-24,10.774999618530272,10.84000015258789,10.720000267028809,10.80500030517578,259824.0,0.0065207872135322,-0.0109839710264583,-0.0323475657953905,0.0434573426202455,0.107495183364499,0.1165074203796483,10.895750093460084,10.857323989868163,10.06984977722168,1,1,-0.0215087381101213,-0.0002946639539578,0,44.550515886236376,15.886298499443384,0.0904906583757566,1.513234653929973,-0.0488555781931953,3.159522536632262,0.0163318112190862,-0.0200191012655213,0.0061838854122788,-0.0283821040883708,1,,
2025-11-25,10.899999618530272,10.9350004196167,10.824999809265137,10.864999771118164,903923.0,0.0055529351455587,-0.0064015222507863,-0.0229316652037084,0.0517908859015914,0.1065562672438391,0.1044472876677378,10.88550009727478,10.86862398147583,10.076824774742128,1,1,-0.0201451287706326,-0.0042647569172928,0,48.59525941226191,15.231193919925197,0.0931843576977276,1.7824085828520482,-0.043573934904842,3.7654044479469695,0.0162694709648161,-0.0081385887675187,0.0083272450324416,-0.0393278380605871,1,,
2025-11-26,10.859999656677246,10.979999542236328,10.774999618530272,10.960000038146973,512250.0,0.008743697103551,0.0110700999879997,-0.0099367352944623,0.0687469444991313,0.106093150224007,0.1042820984908692,10.880250120162964,10.882023983001709,10.084162273406982,0,1,-0.0112688308781887,-0.005665571709472,0,54.28176021012248,15.0400603586053,0.0982323001961038,2.3312493045891056,-0.0352112350897088,4.998177692724858,0.016299204042854,0.0008133004321353,0.011489388911847,-0.0409415857090579,1,,
2025-11-27,11.005000114440918,11.010000228881836,10.975000381469728,10.984999656677246,48451.0,0.002280987084239,0.0082605961571522,-0.0072299978978656,0.0717072835782679,0.1076380301198587,0.1094558549318915,10.879500102996824,10.89612398147583,10.09139976978302,0,1,-0.0021917751437658,-0.0049708123963307,1,55.671452577142325,14.549974670736203,0.0986892626228084,2.426295192343751,-0.0330105643779293,5.213406178238556,0.0163363823167591,0.0040316188310072,0.0142911293814125,-0.0341254183298639,1,,
2025-11-28,11.079999923706056,11.09000015258789,10.96500015258789,11.0600004196167,63069.0,0.0068275617008202,0.0302748740878906,0.005454583601518,0.0832517510571915,0.1191500896690311,0.1168896994893062,10.888750123977662,10.912623996734618,10.0988622713089,0,1,0.0109278225481048,-0.0017910854074436,1,59.63555726171624,13.70263065473283,0.0994987352203106,2.7908869683946413,-0.0264083843421784,6.05273511493439,0.0163586284775854,0.0002168888568083,0.0120956079834835,-0.0296450950336439,1,,
2025-12-01,11.03499984741211,11.085000038146973,10.885000228881836,10.890000343322754,391332.0,-0.0153707115591444,0.0078667316748022,0.001379341914736,0.0702702839493756,0.1163506115393711,0.1189314418654057,10.890750122070312,10.924124011993408,10.105781021118164,0,1,0.0075209163909555,7.131495223618406e-05,1,48.95029782187866,13.247899876740924,0.1061518456028718,2.298241657135992,-0.0413731802428561,5.108930560566934,0.0161810597160624,0.0040142493467236,0.0099975187637579,-0.0323324489671497,1,,
2025-12-02,10.81999969482422,10.854999542236328,10.739999771118164,10.774999618530272,190131.0,-0.010560213146641,-0.0082834932796901,-0.0069125124702804,0.0626232005628746,0.1076843650254513,0.1134073751866697,10.886500120162964,10.931324005126951,10.111806020736694,0,1,-0.0044078675206371,-0.0008245215423384,0,43.29847504787579,13.884927864919108,0.1121780906561776,2.0317936693707943,-0.0514964837875783,4.5529570278479765,0.0159805842171701,-0.0042750379876821,0.0092921795448093,-0.0317780168355014,1,,
2025-12-03,10.84000015258789,10.84000015258789,10.710000038146973,10.725000381469728,217118.0,-0.0046403005875338,-0.0214415744397183,-0.0124308728798636,0.0629336193537095,0.0938296835960634,0.115734737962051,10.880000162124634,10.936124019622802,10.117168521881103,0,1,-0.017692091860523,-0.0041980356059753,0,41.07778620701414,14.667872694968688,0.1130620549941885,2.0421400603533955,-0.0558978252111367,4.50347533224489,0.015851538177863,-0.0249218827646471,0.0031891322700667,-0.0463290056609175,1,,
2025-12-04,10.699999809265137,10.755000114440918,10.675000190734863,10.729999542236328,75181.0,0.0004661221994208,-0.02321348406105,-0.0115154311627219,0.0676616257309485,0.100794981310528,0.1116290466319809,10.873000144958496,10.941024017333984,10.122743520736694,0,1,-0.0274995472011561,-0.0088583379250115,0,41.4013953573131,15.61748480929686,0.1131190402377471,2.193158881056318,-0.0554577582289461,4.841807376536212,0.0158473415590925,-0.0213513015517584,0.009388822868749,-0.0355197218958688,1,,
2025-12-05,10.69499969482422,10.69499969482422,10.600000381469728,10.625,208712.0,-0.0097856054721177,-0.039330958690124,-0.0225390881452139,0.0551142325715301,0.0869565641576497,0.1169514021594295,10.864000129699708,10.942524013519288,10.127587270736694,0,1,-0.0432460976640811,-0.0157358898728254,0,36.8265374438171,16.948641859304285,0.1172827422797991,1.782424534509402,-0.0647006759586672,3.407335807221264,0.0156625131495651,-0.0444635540328813,-0.0020632348481242,-0.0521611812441333,0,,
2025-12-08,10.600000381469728,10.640000343322754,10.470000267028809,10.53499984741211,207552.0,-0.0084706025965073,-0.0325987589273415,-0.0249884729419521,0.0303177950491011,0.0719918066011631,0.1154049960621173,10.84650011062622,10.940924015045166,10.132287268638612,0,1,-0.0622698049549903,-0.0250426728892584,0,33.4178893173212,18.842981862894995,0.1189057479454247,1.0352343226085994,-0.0726232248414033,1.6698677357588187,0.0155766389812513,-0.0430446346537812,-0.0197539029712427,-0.0586675113532167,0,,
2025-12-09,10.454999923706056,10.545000076293944,10.350000381469728,10.510000228881836,225555.0,-0.0023730060647713,-0.0245939117429483,-0.0344510787427444,0.0198932477084055,0.0651127341104866,0.1261719489270001,10.825250101089477,10.939124011993409,10.137399768829344,0,1,-0.0784590630861234,-0.0357259509286314,0,32.5175344574738,21.09584621283752,0.1147664820481738,0.706963846426585,-0.0748238955531827,1.0634703010178976,0.0155531007372094,-0.0367127949472524,-0.0207629035483928,-0.0743657692520394,0,,
2025-12-10,10.449999809265137,10.46500015258789,10.354999542236328,10.404999732971191,96500.0,-0.0099905322192191,-0.0298368892416472,-0.0484682822411894,0.0038591377459058,0.0568816100308129,0.1209264135363907,10.799250078201291,10.932024002075195,10.141299767494202,0,1,-0.0986249423431466,-0.0483057492115345,0,28.985259216110563,23.18779168064129,0.115894878897745,0.1857595508207123,-0.0840668972331103,0.183622227931845,0.0152962680650869,-0.0547928394947677,-0.0428286647948752,-0.0788893835294292,0,,
2025-12-11,10.425000190734863,10.539999961853027,10.40999984741211,10.484999656677246,37851.0,0.0076886041094794,-0.0228331683141916,-0.0402746477231887,0.0062379635227816,0.0806492435625634,0.1246982460986052,10.778750038146972,10.927223987579346,10.146399765014648,0,1,-0.1069187291310065,-0.0600283451954289,0,34.796768724263586,24.25561582426825,0.1209475072421267,0.2621646563150112,-0.0770246502151685,0.2968095038913608,0.015378091855117,-0.0483375372158364,-0.0376915970201479,-0.0683907533413998,0,,
2025-12-12,10.524999618530272,10.595000267028809,10.454999923706056,10.454999923706056,265880.0,-0.0028612049550316,-0.0160000071806064,-0.0403855452565928,0.0150485174855259,0.0743738089789696,0.1244958655306345,10.757000017166138,10.917723979949953,10.151562266349792,0,1,-0.1145914042687028,-0.0709409570100837,0,33.68357406727159,24.650967929642217,0.1209579865286368,0.5519839445915703,-0.0796654718593449,0.7160258300432827,0.0155007548593604,-0.0540670017271032,-0.0200660624782144,-0.063875207794508,0,,
2025-12-15,10.5,10.520000457763672,10.470000267028809,10.470000267028809,174938.0,0.001434753078165,-0.0061698700830326,-0.0385674989029243,0.0174927410926215,0.0827301121430257,0.1303644245752995,10.734250020980834,10.908923988342286,10.15626226902008,0,1,-0.1181002659004821,-0.0803728187881634,0,34.80663695255747,25.01808059891804,0.1214258149612002,0.6312862001260743,-0.0783450190621536,0.8323248102428503,0.0155464830169154,-0.0509962845740438,-0.0174422548249849,-0.0551666814999153,0,,
2025-12-16,10.515000343322754,10.595000267028809,10.475000381469728,10.479999542236328,90479.0,0.000955040587631,-0.0028544896281795,-0.0407323240942297,0.0194552348696737,0.0672097625176069,0.1444170610585862,10.711499977111815,10.897423973083496,10.161287264823914,0,1,-0.1187058390609578,-0.0880394228427222,0,35.58968852826945,24.550337431164994,0.1204889457503816,0.6949113664382878,-0.0774648011475657,0.9257025291457324,0.0156039662432072,-0.0593844452856081,-0.0082374656987675,-0.068351878650905,0,,
2025-12-17,10.510000228881836,10.539999961853027,10.420000076293944,10.425000190734863,59414.0,-0.0052480299526548,0.0019221968550653,-0.0466392509658186,0.0185638046341958,0.0591821664787417,0.1405907876525265,10.690749979019165,10.88442398071289,10.167174763679505,0,1,-0.1222149305279867,-0.0948745243797751,0,33.2257534178778,24.49131123887336,0.1205333020494053,0.6653929581478644,-0.0823062935035217,0.8832872497072326,0.0156947760646473,-0.062713166439276,0.0068824487511092,-0.0558374514795076,1,,
2025-12-18,10.479999542236328,10.579999923706056,10.4399995803833,10.55500030517578,76157.0,0.0124700347302106,0.006676266169828,-0.0262914984686666,0.0232671579792309,0.06320831513723,0.1690433132632627,10.673749971389771,10.874023990631104,10.174037265777589,0,1,-0.1132010764737856,-0.0985398347985772,0,42.88289122435205,24.01186737432544,0.1283143996739876,0.8085281999849978,-0.0708626211118148,1.1070782301878543,0.0157713935274159,-0.0462127188935087,0.0087003517905459,-0.0489601496498816,1,,
2025-12-19,10.53499984741211,10.579999923706056,10.510000228881836,10.529999732971191,62918.0,-0.0023685998561581,0.0071735829567132,-0.03350167135903,0.0110417447469393,0.0755873109296825,0.1571427792918955,10.663499975204468,10.861923980712891,10.180699763298035,0,1,-0.1068432469892517,-0.1002005172367121,0,41.63580273137404,23.56666950010237,0.126276362556405,0.4208820367717147,-0.0730633757738005,0.5253789587683733,0.0155927144883209,-0.0760794721800037,-0.0176795144877642,-0.045994546749717,0,,
2025-12-22,10.420000076293944,10.4399995803833,10.354999542236328,10.414999961853027,231534.0,-0.0109211561286255,-0.0052531331206344,-0.0298090083892249,-0.0066761752137626,0.0605906604398787,0.144191156880028,10.64399995803833,10.848123989105224,10.186049761772155,0,1,-0.1098182256077837,-0.1021240589109264,0,36.39300776015437,24.196247700672203,0.1219571378061135,-0.1575022291476095,-0.0831865953683159,-0.3176601219054705,0.0153269385856678,-0.0691103246698814,-0.0439210330521812,-0.0578058429346778,0,,
2025-12-23,10.44499969482422,10.510000228881836,10.4350004196167,10.460000038146973,216008.0,0.0043206986518258,-0.0019083497102031,-0.0319296860050569,-0.0023843223031821,0.0554995155603852,0.1441072054072105,10.62374997138977,10.83422399520874,10.19188726425171,0,1,-0.1073078098853734,-0.1031608091058159,0,39.59814875439721,24.02907461486361,0.1203819898100269,-0.0168722382081594,-0.079225320926948,-0.1134488070249317,0.0153231283207058,-0.0617618514474168,-0.0485684352908361,-0.061957351828807,0,,
2025-12-24,10.454999923706056,10.505000114440918,10.454999923706056,10.470000267028809,56717.0,0.0009560448226926,0.0043165540019787,-0.0363552243359784,-0.0075829310198791,0.0615969647194176,0.1436374191603435,10.599249982833864,10.817124004364011,10.19787476539612,0,1,-0.1033203398799749,-0.1031927152606477,0,40.31787596688715,23.87384246375564,0.1180103751388501,-0.1880041837559674,-0.0783450190621536,-0.3608046096827975,0.0152840141526862,-0.0605709192549004,-0.0514406282685122,-0.0553504208715399,0,,
2025-12-29,10.515000343322754,10.635000228881836,10.515000343322754,10.585000038146973,141865.0,0.0109837409918995,0.0028422294745442,-0.0342153283480646,-0.0028261642598256,0.0694619850821152,0.1663912132912883,10.579250001907347,10.801624011993407,10.204593515396118,0,1,-0.0898450430072888,-0.1005231808099759,1,47.99247323157012,22.457138949728755,0.1207402417453275,-0.0303431476639266,-0.0682217994676381,-0.1344721572690905,0.0155087248439332,-0.048498024617798,-0.0406998744947854,-0.0451606767268109,0,,
2025-12-30,10.55500030517578,10.56999969482422,10.529999732971191,10.55500030517578,305553.0,-0.0028341741013772,0.00237422344146,-0.0391442298534885,-0.004245290063632,0.0707583285298913,0.1557624591170532,10.553999996185302,10.789424018859863,10.210368518829346,0,1,-0.0806567401901219,-0.0965498926860051,1,46.31916055882908,21.141628543846647,0.119950803175421,-0.0761300548555454,-0.0708626211118148,-0.2019958008827344,0.0154836777873809,-0.0521966560799354,-0.0372811598964734,-0.0384953394192579,0,,
2025-12-31,10.579999923706056,10.59000015258789,10.55500030517578,10.574999809265137,67893.0,0.0018947895320808,0.0153624433987653,-0.0438517714241073,-0.0171933471822912,0.062547042900634,0.1513336228792947,10.538249969482422,10.777024021148682,10.21556851863861,0,1,-0.0709433602756419,-0.0914285862039325,1,47.63006938825274,19.73114772731345,0.1166135461479982,-0.5174338973007184,-0.0691021013324324,-0.8180793024471261,0.0156288097078041,-0.0446136893921982,-0.0394450855247772,-0.0311708387087554,0,,
2026-01-02,10.515000343322754,10.630000114440918,10.4399995803833,10.602499961853027,133554.0,0.0026004872892571,0.0136233196162873,-0.0264004015065075,-0.0114219501407527,0.0701488444201319,0.1403603499182235,10.52962498664856,10.767374019622803,10.22139976978302,0,1,-0.0603309466287864,-0.0852090582889033,1,49.45778256067344,19.379410519555474,0.1070871219785086,-0.3228710192857681,-0.0666813131793513,-0.5434695702159164,0.0156407807251013,-0.0333895925509037,-0.0344615133263308,-0.0260249427732542,0,,
2026-01-05,10.69499969482422,10.69499969482422,10.345000267028809,10.359999656677246,350399.0,-0.0228719930250674,-0.010506266241269,-0.0385150790297319,-0.0521501036215539,0.0412060156051792,0.1263929762290137,10.511374950408936,10.75367401123047,10.225962266921997,0,1,-0.0706735990661702,-0.0823019664443567,1,37.14644648013152,19.70964769495891,0.1271797116360059,-1.6917133970371672,-0.0880281716744784,-2.3697006342541616,0.0151819318976744,-0.0499764156705612,-0.0803787938132062,-0.0656512783129422,0,,
2026-01-06,10.520000457763672,10.5649995803833,10.460000038146973,10.479999542236328,125295.0,0.0115830009204429,-0.0099197444999751,-0.0228439002815052,-0.0394134107415022,0.0653113035446344,0.1437925354340081,10.498874950408936,10.743374004364014,10.2308997631073,0,1,-0.0683987792039531,-0.0795213289962759,1,44.50777067026339,20.01629650069067,0.1348603274910784,-1.2279707446274,-0.0774648011475657,-1.7909453279332672,0.0152669888776955,-0.0368765033152326,-0.070208753763228,-0.0501922293678045,0,,
2026-01-07,10.5600004196167,10.609999656677246,10.390000343322754,10.390000343322754,223231.0,-0.0085877101951065,-0.0156323976392607,-0.0316867859663219,-0.060153771460475,0.0468513998641506,0.1427000988129336,10.487124967575074,10.727850017547608,10.235662264823914,0,1,-0.0730164629380123,-0.0782203557846232,1,40.66140164533096,20.759484731592988,0.1371917028623256,-1.9653039259958616,-0.0853872660800953,-2.7333872894502256,0.0151848273924387,-0.0418060129633374,-0.090726037184065,-0.0580173555529848,0,,
2026-01-08,10.3100004196167,10.399999618530272,10.274999618530272,10.364999771118164,1028048.0,-0.0024062147621253,-0.0198581599938171,-0.024470609777114,-0.0641083566929725,0.0380570983982759,0.1344917543245067,10.478624963760376,10.71275001525879,10.2399622631073,0,1,-0.0777965575159136,-0.0781355961308813,1,39.63667435146315,22.095653973679,0.1339162844795974,-2.104669988737216,-0.0875880207420811,-2.9130836367799797,0.0151498273231728,-0.0327333054086855,-0.089060309612088,-0.0632012115492801,0,,
2026-01-09,10.335000038146973,10.56999969482422,10.300000190734863,10.46500015258789,1646784.0,0.0096478903693153,-0.0129686215288705,-0.0066444894008625,-0.0550789767207879,0.0478097574702418,0.1531680851280714,10.476374959945678,10.700650024414063,10.245862264633178,0,1,-0.0726778369965579,-0.0770440443040166,1,45.54789319163831,21.62829134382313,0.136118269601001,-1.7627983399990408,-0.0787851699945507,-2.5027886237099746,0.0151954974386961,-0.0244687922095331,-0.0889611895722357,-0.0639146888334724,0,,
2026-01-12,10.454999923706056,10.505000114440918,10.414999961853027,10.449999809265137,260904.0,-0.0014333820452974,0.0086872737037093,-0.0057088885166544,-0.0615177732857116,0.0429141049757431,0.1711964372500445,10.478624963760376,10.6883500289917,10.251487264633178,0,1,-0.0690358145527625,-0.0754423983537658,1,44.838576915539406,21.194311758956964,0.1359752637102377,-1.993999110625124,-0.0801056227917422,-2.795367530445393,0.0151499258819615,-0.0259224743708755,-0.1210050085388744,-0.0679741728357599,0,,
2026-01-13,10.46500015258789,10.550000190734863,10.460000038146973,10.460000038146973,207326.0,0.0009569597190777,-0.0019083497102031,0.0052859496960386,-0.0580819028074868,0.053638910028283,0.1554819445032644,10.477374982833862,10.677550029754638,10.256899766921997,0,1,-0.0645979061796975,-0.0732734999189521,1,45.44849539182183,20.378590303533155,0.1312890453323649,-1.8756207457607144,-0.079225320926948,-2.6392415808106677,0.0151948033272643,-0.006633300187396,-0.1024557065530622,-0.0605350942114299,0,,
2026-01-14,10.539999961853027,10.604999542236328,10.515000343322754,10.56999969482422,257667.0,0.0105162195292625,0.0173242873487626,0.0081068231693115,-0.0524428554146771,0.0674071731331291,0.1433206950423895,10.48312497138977,10.671450023651124,10.26251226425171,0,1,-0.0516098525777746,-0.0689407704507166,1,51.76613006733236,19.136914318681907,0.1336427892694997,-1.6587823973372346,-0.0695422522648294,-2.383003275316538,0.0154304406311321,0.0034041138854035,-0.0937308166666642,-0.0403598748262048,0,,
2026-01-15,10.619999885559082,10.739999771118164,10.609999656677246,10.71500015258789,453268.0,0.0137181137133497,0.033767524283502,0.0248685060525251,-0.0538631052495203,0.0733784193033426,0.1405002267704438,10.495374965667724,10.668750019073489,10.268593516349792,0,1,-0.0292788925543501,-0.0610083948714433,1,58.576319407320575,18.588461080972944,0.1406721361131602,-1.7178201761882326,-0.0567781270759312,-2.44753942578808,0.0155996348687341,0.006379044780127,-0.093540325499244,-0.0317230492816497,0,,
2026-01-16,10.760000228881836,10.78499984741211,10.579999923706056,10.68000030517578,387788.0,-0.0032664346163036,0.0205446869998107,0.0200573097221672,-0.059859099652505,0.0496314599483505,0.1227333003227502,10.505375003814695,10.665150032043456,10.274181017875671,0,1,-0.0142414741807872,-0.0516550107333121,1,56.50256785020287,18.38250183385548,0.141516755411965,-1.9247883904172944,-0.059859099652505,-2.7199974029159475,0.0155617195011423,0.000980059876587,-0.1046687386988596,-0.0530445668427416,0,,
2026-01-19,10.65999984741211,10.71500015258789,10.625,10.654999732971191,81170.0,-0.0023408774803566,0.0196172179375828,0.0166984922117201,-0.0456784801275711,0.037993119980958,0.1209889115922346,10.516874980926511,10.661150035858157,10.279368515014648,0,1,-0.0042920726773001,-0.0421824231221097,1,55.00460119237767,18.19125396153212,0.1419850678918266,-1.500758326196252,-0.0620598543144907,-2.0756300719090706,0.0155252914224065,-0.0050419758396358,-0.0860051007302005,-0.0617688001176285,0,,
2026-01-20,10.59000015258789,10.65999984741211,10.53499984741211,10.649999618530272,195725.0,-0.0004692740090314,0.0181643957638988,0.0215826785303443,-0.048682455663301,0.035488553868088,0.1059189503601134,10.521624946594237,10.656750030517578,10.284487261772156,0,1,0.0031530854418519,-0.0331153214093173,1,54.69229915246817,17.186306578296275,0.1403645270035166,-1.6087524755750624,-0.062500005246888,-2.2121307159722425,0.0158404661668769,0.0092827130269053,-0.0602763282214263,-0.044446798136591,0,,
2026-01-21,10.574999809265137,10.645000457763672,10.529999732971191,10.55500030517578,145885.0,-0.0089201236391783,-0.001419052987843,0.0,-0.0478123347900133,0.0217812568375121,0.1142782238269879,10.522874975204466,10.651750030517578,10.290874762535095,0,1,0.0013719611315234,-0.0262178649011492,1,48.99988996701122,16.208860631937064,0.1379834141422459,-1.5819849716514227,-0.0708626211118148,-2.172592424729892,0.0155200505054403,-0.0159366400653638,-0.0701620652724365,-0.0599234666698307,0,,
2026-01-22,10.600000381469728,10.635000228881836,10.479999542236328,10.5649995803833,326173.0,0.0009473495896175,-0.0139991199317306,0.0033238222506803,-0.0434586231412416,0.026724938731754,0.1123979061439919,10.53037495613098,10.645350017547608,10.299499759674072,0,1,0.0007585214618472,-0.0208225876285499,1,49.59456544730389,15.24639489162586,0.137733176289777,-1.4304937923793604,-0.0699824031972268,-1.9747597736133544,0.0154540322944963,-0.0088940379129265,-0.0755952846333507,-0.0599725008781575,0,,
2026-01-23,10.515000343322754,10.524999618530272,10.420000076293944,10.449999809265137,142021.0,-0.0108849764018629,-0.0215356263425553,0.0033605230475566,-0.0495679929028242,0.0210063663702837,0.0953878250577426,10.529874944686888,10.635650005340576,10.306562256813049,0,1,-0.0089045086986008,-0.0184389718425601,1,43.3360493463645,14.854571282071817,0.1376964398560717,-1.6232429902404897,-0.0801056227917422,-2.252369526874361,0.0152802727034761,-0.0030446968865206,-0.0763878108751883,-0.0615998442394257,0,,
2026-01-26,10.460000038146973,10.604999542236328,10.460000038146973,10.550000190734863,205117.0,0.009569414669373,-0.0098544856750595,0.0086042210573293,-0.0551843519584606,0.0358369912695497,0.1509613994055043,10.533874940872192,10.628150005340576,10.316074757575988,0,1,-0.0083965445338609,-0.0164304863808202,1,49.32462597997591,13.833150588180017,0.1408421062744755,-1.8641932856751668,-0.0713027720442118,-2.507576874359668,0.0153485534211185,0.0016592630356291,-0.0790189174900681,-0.0530170270821774,0,,
2026-01-27,10.539999961853027,10.649999618530272,10.494999885559082,10.649999618530272,472750.0,0.0094786185770148,0.0,0.0171919147001649,-0.0422662114987225,0.0385177474092002,0.1652077919571033,10.537124919891356,10.623249988555909,10.323899755477903,0,1,7.428253653785077e-05,-0.0131295325973486,1,54.5028570682728,13.267303964028144,0.1442834880358544,-1.3841057065574836,-0.062500005246888,-1.9205765902763696,0.015432548730847,0.0097182962981376,-0.0591611985297904,-0.0568283301197577,0,,
2026-01-28,10.675000190734863,10.739999771118164,10.548800468444824,10.6850004196167,191318.0,0.0032864603136255,0.0123164481934854,0.0094473671336172,-0.0347786166053398,0.028392691679123,0.1548231185301014,10.543624925613404,10.619149990081787,10.33201225757599,0,1,0.0095022105839266,-0.0086031839610935,1,56.19026559051607,13.44052482865165,0.1398689961025241,-1.1239601712256289,-0.0594189487201077,-1.5803402889902156,0.0154848270950037,-0.0015409228785687,-0.0491915512668181,-0.0671059697702942,0,,
2026-01-29,10.6850004196167,10.760000228881836,10.593199729919434,10.672499656677246,62681.0,-0.0011699356526465,0.0101751141091901,0.0111321030889832,-0.0354722041202696,0.031907172562358,0.1374900083998556,10.548499917984008,10.614099979400637,10.338537254333495,0,1,0.0157832647388893,-0.003725894221097,1,55.39997125225667,13.747556042188252,0.1394896836591896,-1.1479072310973046,-0.0605193680262038,-1.6118569046803235,0.0154974632574089,0.0008903227138454,-0.0475282213401861,-0.065575160721355,0,,
2026-01-30,10.630000114440918,10.654999732971191,10.5649995803833,10.5649995803833,534106.0,-0.0100726240105042,0.0110047629872875,-0.0009456481382699,-0.0395454926924272,0.0144022677944961,0.123637267634125,10.546624898910522,10.606699962615966,10.344199752807617,0,1,0.0119489476375456,-0.0005909258493684,1,49.0155881377958,13.733686760431308,0.1441343979999585,-1.277039384658983,-0.0699824031972268,-1.7969471315950922,0.0153872561519217,-0.0154556591575726,-0.059175804536055,-0.0937792779171694,0,,
2026-02-02,10.630000114440918,10.710000038146973,10.510000228881836,10.510000228881836,287899.0,-0.0052058072584864,-0.0037914655099395,-0.0087243323087948,-0.0335631973441989,-0.0066162282919658,0.1186801188707522,10.554124927520752,10.600099964141846,10.349537253379822,0,1,0.0044212700436414,0.0004115133292335,1,46.08913586215336,14.149829670183596,0.144890662892163,-1.0875114139664204,-0.0748238955531827,-1.5251116394958382,0.0152314330364665,-0.0261718194142206,-0.0549088826733437,-0.1035240200423002,0,,
2026-02-03,10.505000114440918,10.654999732971191,10.449999809265137,10.635000228881836,109197.0,0.0118934345649674,-0.0014083934446662,0.0265444576561686,-0.0198156815694755,0.0114122569320964,0.1377374059894931,10.561874961853029,10.59489995956421,10.3554372549057,0,1,0.008444642070712,0.0020181390775292,1,52.962765605219744,13.891763871296048,0.1256569142790953,-0.5983469232463029,-0.0638203740938729,-0.9004245422813894,0.0155440182675653,0.0238498217704634,-0.0314767727727665,-0.0841377774769837,0,,
2026-02-04,10.635000228881836,10.739999771118164,10.604999542236328,10.604999542236328,365178.0,-0.0028209389750678,-0.0074872133119898,0.0119274814370198,-0.0234806742635698,0.0114449107761926,0.1257961206310935,10.572624921798706,10.59229995727539,10.361524753570556,0,1,0.0091074042162606,0.0034359921052755,1,51.27308297987259,14.31190310316333,0.1205772631186496,-0.7209956662167007,-0.0664612796882559,-1.0669618050787446,0.0155756153115359,0.0202152786193017,-0.0418947686752488,-0.0726006995605028,0,,
2026-02-05,10.56999969482422,10.6899995803833,10.505000114440918,10.5649995803833,146855.0,-0.0037718023177388,-0.0100726240105042,0.0168430443963374,-0.026715796783284,0.0100381971179159,0.1224434690257738,10.582624912261965,10.58749994277954,10.367149753570557,0,1,0.0063319940774437,0.0040151924997091,1,49.0272122826421,13.712375226454547,0.1170602847214763,-0.8285476629323589,-0.0699824031972268,-1.213965767764799,0.0157131126485702,0.034790336595766,-0.0296405750609429,-0.0629632855750603,0,,
2026-02-06,10.65999984741211,10.8149995803833,10.5649995803833,10.609999656677246,115447.0,0.0042593542906996,0.0042593542906996,0.0236372301948109,-0.0239190645463804,0.0099951966770555,0.1290236353932867,10.589874887466433,10.582399940490722,10.372899751663208,1,1,0.0076751176436733,0.0047471775285019,1,51.59592535187056,14.061135285667952,0.1170217784368074,-0.7322571182106461,-0.0660211287558587,-1.086882258904995,0.0154830025458199,0.0219920145319068,-0.0554151122329036,-0.0734720370576295,0,,
2026-02-09,10.56999969482422,10.75,10.56999969482422,10.640000343322754,106113.0,0.0028275860147297,0.0123691828363308,0.016722426008908,-0.0152707040437553,0.0196454159523249,0.1280148923841837,10.599374914169312,10.57599994659424,10.378974752426148,1,1,0.0110331738721995,0.0060043767972415,1,53.28607889597782,14.384983912080395,0.1130922053526104,-0.4452775230048388,-0.0633802231614757,-0.693900769988849,0.0154522748294562,0.0168982550124452,-0.0506849826428631,-0.0709487591414249,0,,
2026-02-10,10.789999961853027,10.8149995803833,10.609999656677246,10.8149995803833,176815.0,0.0164472961855091,0.0169251854844942,0.0349282084000182,-0.0064309276092432,0.0379078216120172,0.1420273786091965,10.617124891281128,10.57259994506836,10.38569974899292,1,1,0.0274984485304639,0.0103031911438859,1,61.68942978629224,15.122677816230947,0.1249549694357779,-0.1440239107877572,-0.0479753602786072,-0.2922213414005143,0.0157479510518752,0.0394738016920421,-0.0246446666563483,-0.0417140220267415,0,,
2026-02-11,10.880000114440918,10.93000030517578,10.854999542236328,10.93000030517578,135854.0,0.0106334469953259,0.0306459949993469,0.0449331037585798,-0.0004572578188428,0.0449331037585798,0.1514353388238718,10.635124921798704,10.56999994277954,10.392699751853945,1,1,0.0492590668526577,0.0180943662856403,1,66.01587645718666,16.481254642925094,0.1287033500694253,0.0480962054565999,-0.0378520567338854,-0.0207777946366684,0.015919085955288,0.0476664694122181,-0.0163068553969524,-0.0317012693959638,0,,
2026-02-12,10.984999656677246,11.229999542236328,10.979999542236328,11.210000038146973,166044.0,0.025617541185118,0.0610506846551404,0.0605487570294007,0.0260869420994434,0.0701670291084148,0.1753603763861146,10.659874916076658,10.576399936676026,10.401162252426149,1,1,0.0880827884890873,0.0320920507263297,1,73.77992706038806,18.96721916752771,0.1499797421347459,0.8205138693234542,-0.0132041921710891,1.1853906118271411,0.0165830828500259,0.0746992420014425,0.0262324880286222,0.007336462425654,1,,
2026-02-13,11.135000228881836,11.43000030517578,11.100000381469728,11.43000030517578,42811.0,0.0196253582765528,0.0772856432641331,0.0667288980313454,0.0491050780113433,0.1016867764024846,0.1946694714875054,10.69737491607666,10.589499950408936,10.41017475605011,1,1,0.1350463206055216,0.0526829047021681,1,78.02750971552314,21.823494983746283,0.1566243671139796,1.4217168835042553,0.0,2.231334674865083,0.016896629085544,0.0831426009469926,0.0311161718644938,0.0338493712012868,1,,
2026-02-16,11.454999923706056,11.520000457763672,11.40999984741211,11.475000381469728,173826.0,0.0039370144437853,0.0784774446620188,0.0744382072637837,0.0537190100738307,0.1060241331537088,0.2071005834053803,10.738374948501589,10.604499950408936,10.419412260055545,1,1,0.1738918709924952,0.0769246979602335,1,78.78457680611618,24.683597074614653,0.1548977793484247,1.544411575095265,0.0,2.440991741210068,0.0169631513583051,0.0900563627984591,0.0354813784473801,0.0376938203741956,1,,
2026-02-17,11.479999542236328,11.595000267028809,11.4399995803833,11.479999542236328,308494.0,0.0004356566972034,0.0614886719976608,0.0774284213928442,0.0508008550857639,0.1043770117068447,0.1995820175882658,10.77987494468689,10.619499950408937,10.428031005859374,1,1,0.2027435387244409,0.102088466113075,1,78.8716709142285,27.50234358092533,0.1538806811905707,1.4669499862436648,0.0,2.3083907827104237,0.0169432032769344,0.0913291619429146,0.0213454900230964,0.0288670432482283,1,,
2026-02-18,11.44499969482422,11.449999809265137,11.255000114440918,11.2475004196167,168053.0,-0.0202525376211241,0.0290485000527009,0.0561033636139118,0.0285779595800832,0.0768310912627541,0.1652421902942089,10.814499950408935,10.63194995880127,10.435543508529664,1,1,0.2044907154709854,0.1225689159846571,1,65.42050659463331,28.512157222039303,0.1743717436419205,0.8342988984437356,-0.0202525376211241,1.298582442597938,0.0165168535316429,0.0426999658747639,-0.0136189721157523,-0.0044761380883917,0,,
2026-02-19,11.225000381469728,11.3149995803833,11.130000114440918,11.30500030517578,93841.0,0.0051122368005245,0.0084746000629372,0.0710563693335213,0.0428966924393332,0.0818182307671036,0.1757670904095174,10.85149998664856,10.647349967956544,10.443243508338927,1,1,0.2081160930751728,0.1396783514027602,1,66.92294281847616,28.532029762629925,0.1693324636470551,1.214598886434013,-0.0152438365887302,1.94922564331934,0.016645190798452,0.0724959169828316,0.006630850188136,-0.0012438129794432,1,,
2026-02-20,11.359999656677246,11.420000076293944,11.289999961853027,11.3725004196167,77007.0,0.005970819338237,-0.0050306110257094,0.0764316962901481,0.0438274384387717,0.0856801914522742,0.1777346712871663,10.897625017166138,10.66459997177124,10.451681008338928,1,1,0.2139694197794384,0.1545365650780959,1,68.6452212851134,28.936244848347712,0.1693366802307151,1.2379822641757026,-0.009364035444786,1.9915187402075976,0.0166243531562681,0.0757291585438579,-0.0149514278408823,0.0104069855613913,0,,
2026-02-23,11.390000343322754,11.545000076293944,11.350000381469728,11.44499969482422,132059.0,0.0063749635113194,-0.0026144388364425,0.0952153017913839,0.0661388039919823,0.1068664918694195,0.1928086895580967,10.942374992370606,10.685399971008302,10.460806007385251,1,1,0.2219003795240688,0.1680093279672905,1,70.42634988479239,29.728140547156016,0.1611325695442895,1.847228126003504,-0.0030487673177458,3.0053471591537786,0.0169029336567862,0.1061931933283459,0.0266085647792577,0.0405099512986413,1,,
2026-02-24,11.5,11.5,11.385000228881836,11.475000381469728,85372.0,0.0026212920441643,-0.0004354669830959,0.0876777416124798,0.0620083347867197,0.1081603948571028,0.209486181900242,10.983625030517578,10.70519998550415,10.469818511009215,1,1,0.2279785323381755,0.1800031688414675,1,71.15651566092063,30.46347226747801,0.160112534756188,1.743841220691518,-0.0004354669830959,2.817658644352196,0.0168249491040259,0.0961911942056978,0.0301949292901038,0.0365655366851442,1,,
2026-02-25,11.520000457763672,11.675000190734863,11.470000267028809,11.59000015258789,129576.0,0.0100217662130859,0.0304511865030776,0.0882629641058467,0.0667280622864765,0.1219748536483811,0.2041558600091315,11.028875017166138,10.727899990081788,10.48029351234436,1,1,0.2393163428391318,0.1918658036410004,1,73.82438135200121,31.68515489180651,0.1603550794119616,1.8570853037774864,0.0,3.032123055215954,0.0168513660934018,0.0919366844258759,0.0357660756052937,0.0443911535131495,1,,
2026-02-26,11.664999961853027,11.68000030517578,11.53499984741211,11.614999771118164,191472.0,0.0021569989819794,0.0274214469326867,0.0870378394926469,0.0597627491506773,0.1326182000487856,0.2271526237580068,11.076000022888184,10.750799980163574,10.489656009674071,1,1,0.2474662625976904,0.2029858954323384,1,74.37917369778486,32.83401404413444,0.1604735757737097,1.6846506240906356,0.0,2.7156192362501894,0.0169820409264173,0.096689089405243,0.0418938790978953,0.053864603079724,1,,
2026-02-27,11.475000381469728,11.725000381469728,11.475000381469728,11.712499618530272,1992706.0,0.0083943047209136,0.0298966090453687,0.0974467083915389,0.0662266713327399,0.1426828896127094,0.2430352926816208,11.133375024795532,10.775449981689452,10.499018507003784,1,1,0.2588091646226225,0.2141505492703952,1,76.47350761273876,33.39989020781435,0.159987670391145,1.844994541857416,0.0,3.009339850992601,0.0172072223670871,0.1103250952287804,0.0533067868664252,0.0683597304358534,1,,
2026-03-02,11.520000457763672,11.729999542236328,11.609999656677246,11.6875,106281.0,-0.0021344392183133,0.021188319060021,0.1062470860577142,0.0567359454408635,0.1447110633038921,0.2263903806381493,11.19225001335144,10.800699977874755,10.50783100605011,1,1,0.2627523899203954,0.2238709174003953,1,74.78546228124641,33.943290558062145,0.1531009408986419,1.6010048234270176,-0.0021344392183133,2.578081279989177,0.0171607371782664,0.115256482951523,0.0490327597927895,0.0617214488170749,1,,
2026-03-03,11.579999923706056,11.609999656677246,11.295000076293944,11.404999732971191,136841.0,-0.024171145842037,-0.0061002741761626,0.0851569443005211,0.0472910352077455,0.1208844736294294,0.2036938547544511,11.230749988555909,10.817699966430665,10.51479350566864,1,1,0.2403118483830724,0.2271591035969307,1,58.95010570530834,32.19733858341453,0.180468070918904,1.31148135147635,-0.0262539932187136,2.14890457245445,0.0168948598864933,0.1092101344662872,0.0441133141435876,0.0545518565932277,1,,
2026-03-04,11.5649995803833,11.614999771118164,11.5,11.5600004196167,118627.0,0.0135905909929492,-0.0025884152352226,0.0869769789212424,0.0728539052322958,0.1400394505143209,0.250067574486885,11.278500032424926,10.838299980163574,10.52305600643158,1,1,0.2323563580975385,0.2281985544970522,1,63.51494144852623,30.60069501453473,0.1815008304784529,1.9535849142296815,-0.0130202095095315,3.3104813499452037,0.0170045000988492,0.0939578046129441,0.0640724937063905,0.0739600463666032,1,,
2026-03-05,11.595000267028809,11.609999656677246,11.43000030517578,11.4399995803833,53342.0,-0.010380695058606,-0.0150667407820376,0.0787364520688034,0.0666665896020779,0.1337957787294146,0.2458480504175655,11.322250032424927,10.85879997253418,10.532068505287173,1,1,0.2139027718882893,0.2253393979752997,0,58.12582479043326,28.692405562018266,0.1869109955112982,1.7842682318326528,-0.0232657457436199,3.0293297365244745,0.0169223322173539,0.0864631591678171,0.0675514279734881,0.0709559906823942,1,,
2026-03-06,11.529999732971191,11.545000076293944,11.390000343322754,11.40999984741211,17441.0,-0.0026223543768859,-0.0258270890903236,0.0799810980208435,0.0633737496911446,0.1353233463548622,0.2405544510434063,11.36225004196167,10.877799968719485,10.540656003952028,1,1,0.1946140544572649,0.2191943292716928,0,56.8276909197147,26.680675246640373,0.186375095798157,1.7004983622868397,-0.0258270890903236,2.879703095663668,0.0171021162951432,0.0883977400047069,0.0791788787647309,0.0893110981011482,1,,
2026-03-09,11.354999542236328,11.46500015258789,11.28499984741211,11.4399995803833,280180.0,0.0026292492000334,-0.0211765064912683,0.0782280820512286,0.0767058428596048,0.1360476590940944,0.2241839757614674,11.402250003814697,10.897199954986572,10.5486310005188,1,1,0.1796771285650482,0.2112908891303639,0,57.841645925317,25.338148438855384,0.1864030103568781,2.050227060614932,-0.0232657457436199,3.4855133902414543,0.016998175885407,0.0978604334077439,0.0852776769020018,0.0830384941791262,1,,
2026-03-10,11.539999961853027,11.56999969482422,11.419500350952148,11.510000228881836,130596.0,0.0061189380302573,0.0092065320797065,0.0817669038991206,0.0925486849161401,0.1256723520265925,0.2386333920778267,11.437000036239624,10.91569995880127,10.557431001663208,1,1,0.1715109035603177,0.2033348920163546,0,60.19107946860523,23.602169978814757,0.1865667040164767,2.4565538890178646,-0.0172891693697955,4.2054121107157805,0.0171297175002218,0.1085563575123578,0.0997056246113106,0.0779821464058088,1,,
2026-03-11,11.345000267028809,11.529999732971191,11.3149995803833,11.364999771118164,517863.0,-0.0125977806151406,-0.0168685675969033,0.0508553131830422,0.0813510488693196,0.1028626331442212,0.2256672660407299,11.458750009536743,10.931899948120115,10.56547474861145,1,1,0.1515913357314708,0.1929861807593779,0,53.535670365395056,22.429866015334422,0.1889044606748862,2.1459932590226902,-0.0296691448221975,3.696591544703893,0.0169351759445469,0.0753891657880418,0.0888617151453934,0.066253784376292,1,,
2026-03-12,11.300000190734863,11.55500030517578,11.265000343322754,11.5,66973.0,0.0118785949494615,0.0052447921169145,0.0521500163686459,0.1052378947746619,0.1095031600525924,0.2444203925366297,11.473250007629394,10.950399951934816,10.5738809967041,1,1,0.1450265491583451,0.1833942544391713,0,58.172819176538205,21.60815869527316,0.1896334068072718,2.730372342176248,-0.0181429776265757,4.78200978860602,0.0174005700511564,0.0930633894451895,0.1375696331363669,0.0888490446379401,1,,
2026-03-13,11.399999618530272,11.625,11.380000114440918,11.5649995803833,62440.0,0.0056521374246347,0.013584551712886,0.0316681124913724,0.1030042879417998,0.1098847884554523,0.2303191542247675,11.47999997138977,10.96964994430542,10.5821622467041,1,1,0.143415625359168,0.1753985286231707,0,60.230789277146044,20.391777098003992,0.1706135721317765,2.681292567737977,-0.0125933868047783,4.680514697303456,0.0175985292210925,0.0612338719072975,0.1443896542493714,0.1012557805673777,1,,
2026-03-16,11.670000076293944,11.675000190734863,11.545000076293944,11.5649995803833,812697.0,0.0,0.0109265738273578,0.0118109598952844,0.1061692649237031,0.1228154724488588,0.2128998180867463,11.48449993133545,10.99374994277954,10.590399746894835,1,1,0.1405191394725289,0.1684226507930423,0,60.230789277146044,18.947349705841603,0.1574390798093986,2.7616559126809666,-0.0125933868047783,4.824331246851334,0.0174212355154758,0.031047993494786,0.1238959440066005,0.1013437777751522,1,,
2026-03-17,11.5600004196167,11.675000190734863,11.545000076293944,11.65999984741211,61164.0,0.0082144635084941,0.0130321125584238,0.0161219572803783,0.113658027701369,0.1331389592456686,0.2356603711611102,11.493499946594238,11.017349948883057,10.599287247657776,1,1,0.1442268240881734,0.1635834854520685,0,63.29220562483616,17.60609569883367,0.1592659069948384,2.9309464467600463,-0.0044823712126403,5.1646206167976505,0.0175182589767838,0.0327243214868182,0.1268309982214617,0.1071765248057907,1,,
2026-03-18,11.630000114440918,11.649999618530272,11.5,11.539999961853027,182328.0,-0.0102915855171057,0.015398169314494,0.005226517596621,0.1011450826256912,0.1225681188337601,0.2214871322865106,11.508124923706054,11.040349941253664,10.608212246894835,1,1,0.1359154542229159,0.158049879206238,0,57.29270076337025,16.66121207275634,0.1638528246316709,2.5998931711153555,-0.0147278260230919,4.596032410388683,0.0175833194649583,0.0377801161658308,0.1268493657894631,0.1175669827910943,1,,
2026-03-19,11.479999542236328,11.524999618530272,11.329999923706056,11.380000114440918,102230.0,-0.0138648048475744,-0.0104347726573115,0.011780368071214,0.0916067056339051,0.1118710792546711,0.1988411639276937,11.511874914169312,11.060649948120115,10.616474747657776,1,1,0.1150912825494803,0.1494581598748865,0,50.42885234662037,16.783639097268534,0.1550133369601165,2.3358186696151635,-0.0283884324370272,4.162608573473261,0.0173823666258234,0.0524018144571143,0.1075256221703901,0.1151481105055183,1,,
2026-03-20,11.454999923706056,11.475000381469728,11.145000457763672,11.170000076293944,50257.0,-0.0184534302315594,-0.0341547357043886,-0.0119416386764739,0.0582662011688044,0.0828890480554795,0.1835761670245237,11.501749897003174,11.074749946594238,10.623299746513366,1,1,0.0807123269696834,0.1357089932938459,0,43.12600667585025,17.75106769243393,0.167378878523565,1.5067558992399142,-0.0463179987112266,2.6476160980863312,0.0173097526476666,0.0399251565969689,0.0975411029834847,0.1070900966840249,1,,
2026-03-23,10.925000190734863,11.729999542236328,10.859999656677246,11.085000038146973,646422.0,-0.0076096721187465,-0.0415045014831223,-0.0252803139909153,0.0527065830246873,0.0643303004078685,0.1662282908661478,11.483749914169312,11.087449951171877,10.62998724460602,1,1,0.0460768193900875,0.1177825585130942,0,40.56534255488541,19.62209245905269,0.1673557819077766,1.3677966519883715,-0.0535752060465842,2.3949870575396104,0.0169995350477515,0.022568209900061,0.0902229410077619,0.0709483287273224,1,,
2026-03-24,11.074999809265137,11.265000343322754,10.989999771118164,11.260000228881836,59342.0,0.0157871168365026,-0.0343052850570192,-0.0161642176387341,0.0811330072130376,0.0739151738275012,0.2127087144778137,11.472999906539917,11.103449954986573,10.637412247657776,1,1,0.0323757751696529,0.1007012018444059,0,47.47959907699922,21.3594725994844,0.1756686739489021,2.0261930457923643,-0.0386338872474787,3.686683732153127,0.0173260691848737,0.0250332597097764,0.1304324792607469,0.0807827169758765,1,,
2026-03-25,11.234999656677246,11.3100004196167,11.199999809265137,11.274999618530272,43076.0,0.001332094968343,-0.0229636346792676,-0.0174292598074703,0.0779158295804058,0.0753457308269842,0.2091152653244725,11.457249879837036,11.117549953460694,10.644649744033812,1,1,0.0224689166193918,0.0850547447994031,0,48.03757426784554,22.617466973655496,0.1754165566857044,1.9530819355556372,-0.0373532562859454,3.540495185110532,0.017253001373201,0.0254415194083847,0.1259451080813218,0.0712597159584407,1,,
2026-03-26,11.149999618530272,11.25,11.100000381469728,11.204999923706056,94035.0,-0.0062083988640826,-0.0153778724934098,-0.0332183109415981,0.0702005384844013,0.0620852816236365,0.1948814103010663,11.43674988746643,11.127349948883056,10.651337242126464,1,1,0.0088670555855525,0.069817206956633,0,45.60265680246213,24.11855384025113,0.1717982957292967,1.7666103488288956,-0.0433297512361326,3.1899123687016875,0.0174576591706412,0.0359788680560939,0.1422168938238635,0.0834605391866551,1,,
2026-03-27,11.19499969482422,11.404999732971191,11.175000190734863,11.380000114440918,509226.0,0.0156180447948615,0.0188003613887752,-0.020232428868539,0.0751062894122689,0.0720678624416182,0.2045514515735347,11.420124912261963,11.14134994506836,10.659012241363524,1,1,0.012069406964267,0.0582676469581598,0,52.134726095740966,24.3523036990875,0.1815131268134382,1.8654086380202368,-0.0283884324370272,3.412829683873733,0.0180378943838032,0.0621747092685078,0.1630804315197698,0.1157432039295742,1,,
2026-03-30,11.395000457763672,11.454999923706056,11.210000038146973,11.43000030517578,98236.0,0.0043936898270688,0.0311231633596349,-0.0241194725767633,0.0828990975557748,0.0783018767770051,0.2033162917748014,11.407249927520752,11.15684995651245,10.66764974117279,1,1,0.0184294478242819,0.0503000071313842,0,53.84023694869712,24.225420106566038,0.1794464099454419,2.0445959874571145,-0.0241194725767633,3.766934874810585,0.0181779246337218,0.0564124904023719,0.1740056130938543,0.1302373221127448,1,,
2026-03-31,11.414999961853027,11.505000114440918,11.199999809265137,11.220000267028809,537345.0,-0.0183727062589733,-0.0035523944085211,-0.0399999771526152,0.0609929521888561,0.042750932003909,0.1733333612579146,11.397999954223632,11.168249969482424,10.67509349346161,1,1,0.0064502238273913,0.0415300504705856,0,46.36749524649237,23.765145761797044,0.189177453967569,1.5014298312325594,-0.0420490388509625,2.771519660552104,0.0173399117041926,0.0104409574055539,0.1094838332783629,0.0657201485863403,1,,
2026-04-01,11.475000381469728,11.475000381469728,11.279999732971191,11.354999542236328,204288.0,0.0120320206768826,0.0070953371541209,-0.0043840589132427,0.0709737876058227,0.0587411784017359,0.1806601696831236,11.387749910354614,11.184249954223633,10.683518490791322,1,1,0.0077604580477785,0.0347761319860242,0,51.06916757930389,23.33774815594013,0.1765620894706947,1.7127471848663474,-0.0305229530789776,3.2250488076772648,0.0174173163353443,0.0309239882639547,0.1135835634721205,0.075207788659543,1,,
2026-04-02,11.3149995803833,11.505000114440918,11.260000228881836,11.454999923706056,13907.0,0.0088067270366472,0.0223114682465175,-0.0090830875518362,0.105695009972617,0.0480329006287099,0.1899752869443836,11.388499927520751,11.202049961090088,10.69169349193573,1,1,0.0166757949696236,0.0311560645827441,0,54.267365955612775,22.71797018789148,0.1726044476853268,2.5654503912518614,-0.0219850333584494,4.826916236099557,0.0175548969592162,0.0323677177904389,0.1563019171430557,0.0633597637591989,1,,
2026-04-07,11.390000343322754,11.505000114440918,11.359999656677246,11.454999923706056,104735.0,0.0,0.0065904928392721,0.0013112188700143,0.0930343916085394,0.0499541781774839,0.2347075974459314,11.39074993133545,11.222149963378904,10.699755992889404,1,1,0.0234707079999072,0.0296189932661767,0,54.267365955612775,22.142462074703445,0.1687268962635718,2.296671514059153,-0.0219850333584494,4.248726742040576,0.0174646248899962,0.0320459772138335,0.1439469190621682,0.0636318315035291,1,,
2026-04-08,11.635000228881836,11.649999618530272,11.375,11.489999771118164,64191.0,0.0030554210078759,0.0052492969676662,0.0070113869216394,0.1058709712653991,0.0393486615951268,0.2997737073290085,11.393249940872192,11.240949954986572,10.707568492889404,1,1,0.0313188959738877,0.0299589738077189,1,55.44934757711107,20.5727693158032,0.1687120751956226,2.6074840852403547,-0.0189967858833559,4.834952097218024,0.0170828921626766,-0.0011240791569219,0.1249974544447605,0.0229308935608265,1,,
2026-04-09,11.529999732971191,11.784339904785156,11.524999618530272,11.774999618530272,176912.0,0.0248041647597327,0.049465181666028,0.0292832211918443,0.1360347205545571,0.063205401473644,0.3029044671105569,11.406499910354617,11.263449954986571,10.71749349117279,1,1,0.059845881263028,0.0359363552987807,1,63.68091541107112,19.93013342164351,0.1887264063749019,3.1645307101676337,0.0,6.792767630726722,0.0174062009800516,0.0240040518109239,0.1489372524680494,0.0466125450383831,1,,
2026-04-10,11.670000076293944,11.71619987487793,11.630000114440918,11.697500228881836,161783.0,-0.0065816893553418,0.0301629855088529,0.0162901821261054,0.1177735363901699,0.056207713800223,0.3527031138803478,11.423124933242798,11.283699951171876,10.726880993843078,1,1,0.0753317915744382,0.0438154425539122,1,60.41209738041363,19.33340009135237,0.1898858740762801,2.7698362237116783,-0.0065816893553418,5.880912332425578,0.0173030898651455,0.0101211456009959,0.1386984818991363,0.0373985103852902,1,,
2026-04-13,11.574999809265137,11.604999542236328,11.470000267028809,11.470000267028809,190839.0,-0.0194485964865652,0.0013095018265087,0.0092389351540052,0.0976077010890779,0.0300853193768289,0.2625206625060503,11.42162494659424,11.299649963378906,10.734680995941162,1,1,0.0684580002281567,0.0487439540887611,1,51.97749654361684,18.212138502531086,0.1973306374336085,2.263324411557447,-0.0259022812214352,4.928106308632176,0.0168023706204971,-0.0078419807674112,0.1090727935839686,-0.0251305692738927,1,,
2026-04-14,11.470000267028809,11.505000114440918,11.364999771118164,11.479999542236328,164081.0,0.0008717763709442,0.0021824197902031,-0.0017391702403193,0.0975142925783441,0.0337685741069813,0.2667585701778017,11.41737494468689,11.317949962615966,10.74276849269867,1,1,0.0630900659964499,0.0516131764702989,1,52.29277670028898,17.775888684732923,0.1929774516837765,2.2613161342924317,-0.0250530858472133,5.608923453716679,0.0166145713898559,-0.0451708569885781,0.0934377386803086,-0.0185911974079648,1,,
2026-04-15,11.494999885559082,11.550000190734863,11.364999771118164,11.40999984741211,58271.0,-0.006097534635492,-0.0069625696518416,-0.0134024849628273,0.0794702154058915,0.0228597149749099,0.2180410435757123,11.40962495803833,11.335949954986573,10.750330991744995,1,1,0.0525814231680072,0.0518068258098406,1,49.82659343825154,17.058662454991925,0.1929240571035866,1.8763690720149413,-0.030997858424026,4.956048298287056,0.0163839768059922,-0.069014427276379,0.0617957839088705,-0.0377272020501288,1,,
2026-04-16,11.390000343322754,11.470000267028809,11.364999771118164,11.40999984741211,125883.0,0.0,-0.030997858424026,-0.0134024849628273,0.0648623131056476,0.0075055222585904,0.2096474938611481,11.39712495803833,11.351449947357178,10.758093490600588,1,1,0.0437489374970851,0.0501952481472895,0,49.82659343825154,16.392666670232426,0.1929240571035866,1.5722529312705298,-0.030997858424026,4.045047000921752,0.0163438149094242,-0.0618452465724637,0.0477049653374714,-0.0502976981473699,1,,
2026-04-17,11.449999809265137,11.5649995803833,11.289999961853027,11.300000190734863,152318.0,-0.009640636121673,-0.0339816226004869,-0.0308747565513173,0.0580524220826677,-0.0052816432883531,0.1967169768367989,11.385124969482424,11.365349960327148,10.764830989837646,1,1,0.0275554340883825,0.0456672853355081,0,45.88293424942009,15.339730955611495,0.1925925008435766,1.411759891621339,-0.040339655472082,3.620357717728268,0.0159929638193269,-0.0870688782189108,0.0277118680974091,-0.0798574368821954,1,,
2026-04-20,11.380000114440918,11.460000038146973,11.3149995803833,11.43000030517578,77674.0,0.0115044347120902,-0.0034873549190762,-0.0095320326725186,0.0727358603122625,0.0237349166348559,0.2088842302915203,11.387624979019163,11.382649974822998,10.77244349002838,1,1,0.0249245737766994,0.0415187430237464,0,50.83546524283408,14.36200493489206,0.1947334595578765,1.7256869006808229,-0.0292993056926785,4.536069707171191,0.0162093689499678,-0.0781394274117954,0.0440621376403911,-0.0457325316759592,1,,
2026-04-21,11.295000076293944,11.375,11.149999618530272,11.149999618530272,279156.0,-0.0244969973026787,-0.0287456390997182,-0.0202109396834523,0.0469483584891434,-0.0040196585547701,0.1877496506072478,11.386624956130982,11.393449974060058,10.778443489074707,0,1,0.0002430805946627,0.0332636105379296,0,41.934037252053336,14.302193322630169,0.2070977295211146,1.1153051893090251,-0.0530785579828333,2.927868397098124,0.0159164914035316,-0.0843311646708734,0.0047994317751611,-0.055766188571221,1,,
2026-04-22,11.239999771118164,11.260000228881836,11.130000114440918,11.18000030517578,160159.0,0.0026906446342518,-0.0201577165041326,0.0008952756323663,0.0592136411112678,0.0085701638883068,0.1843221188704573,11.391374969482422,11.40424997329712,10.785155992507937,0,1,-0.0167038245944084,0.023270123511462,0,43.08400067716477,14.364727203864982,0.1972215945324258,1.3833805365998109,-0.0505307288858118,3.692775510498029,0.015799322358036,-0.0872589181587338,0.0179942618419839,-0.0534303180043391,1,,
2026-04-23,11.114999771118164,11.350000381469728,11.09000015258789,11.345000267028809,200063.0,0.0147584935017079,-0.0056967205304602,0.0234551400980689,0.0738287475272392,0.0271616286702216,0.1992600656744891,11.39562497138977,11.41484998703003,10.792255992889404,0,1,-0.01662856732014,0.0152903853451416,0,49.0593612266492,13.725270285153846,0.2013590844376246,1.674315980071037,-0.0365179928180018,4.604226082416191,0.0160949565303265,-0.0532119563790467,0.0414729452881006,-0.0372574984488874,1,,
2026-04-24,11.390000343322754,11.44499969482422,11.329999923706056,11.420000076293944,2075479.0,0.0066108248126799,0.0106194587197858,0.0142095776340847,0.0928229937543911,0.0386539513559305,0.2116710711072709,11.402874994277957,11.424649982452392,10.799430994987487,0,1,-0.0103972149579512,0.010152865284523,0,51.54931164942752,13.02018554962688,0.1953930779932882,2.079532636512777,-0.0301485820583523,6.930294845748096,0.0160767746355009,-0.0721049036594743,0.0521261594921429,-0.0282434545959812,1,,
2026-04-27,11.489999771118164,11.489999771118164,11.399999618530272,11.4399995803833,91631.0,0.0017512700486643,0.0008748272038971,0.0146341434532604,0.0843601301950729,0.0245204191206658,0.2080252648158134,11.414624977111815,11.42924997329712,10.80669349193573,0,1,-0.0038012124681063,0.0073620497339971,0,52.21999306653807,12.660211015749052,0.1954143589403188,1.9123700600475184,-0.0284501103184566,6.298445588002754,0.0160772292811971,-0.0681488435878905,0.0474752141186125,-0.0352951433987175,1,,
2026-04-28,11.4350004196167,11.489999771118164,11.399999618530272,11.475000381469728,247920.0,0.0030595106967001,0.0291480514850723,0.0240964265597576,0.0774648631445968,0.0319245053564851,0.2040924137457598,11.419374990463258,11.430149974822998,10.81396849155426,0,1,0.0042020011073908,0.0067300400086759,0,53.43483809271768,12.325948948576784,0.1938788569115118,1.7751410227449738,-0.0254776430385981,5.78363528328006,0.0162052722789473,-0.071738534900491,0.0500710259580003,-0.0120524344790814,1,,
2026-04-29,11.454999923706056,11.454999923706056,11.364999771118164,11.364999771118164,61003.0,-0.0095861095158826,0.016547357861586,-0.0013181320889196,0.0636405544966611,0.0266486074459306,0.1941160874412386,11.416124963760376,11.427949962615967,10.82115599155426,0,1,0.0016494616173314,0.005713924330407,0,49.20085503798368,11.72809420783137,0.1898895845507092,1.4735460944746257,-0.0348195210781062,4.751493018807068,0.0160524090188386,-0.1100730120000803,0.0366540691964216,-0.0143405525944098,1,,
2026-04-30,11.255000114440918,11.579999923706056,11.25,11.529999732971191,216480.0,0.0145182547449178,0.0163066956005311,0.0087488560914674,0.0803466951397324,0.042024416649077,0.1976110345893307,11.431624937057496,11.428949966430665,10.829293489456177,1,1,0.0127932015764429,0.0071297797796142,1,54.96515676323704,12.033073221367085,0.1959789382498201,1.8058756773807507,-0.0208067850102963,5.998796900185519,0.0161250230790347,-0.1129337697263203,0.0404943577669574,-0.0089584883722053,1,,
2026-05-01,11.604999542236328,11.69499969482422,11.475000381469728,11.645000457763672,41751.0,0.0099740440117812,0.0197023099795587,0.0378788039768387,0.1022244127094598,0.0586364052512429,0.2095560597573194,11.446124982833862,11.436899967193604,10.837605991363525,1,1,0.0305521074927952,0.0118142453222504,1,58.499772430947885,12.979254223581547,0.185950474302968,2.2595465921848548,-0.0110402687879513,7.632217965136263,0.0162408828325878,-0.0633814572042502,0.0554762117584879,-0.006982442240988,1,,
2026-05-05,11.510000228881836,11.55500030517578,11.470000267028809,11.520000457763672,206003.0,-0.0107342202736164,0.0069930839436,0.0145311248066195,0.0960989730624668,0.0593103869207973,0.1807815510397186,11.449375009536745,11.44119997024536,10.84433099269867,1,1,0.034146098082612,0.0162806158743227,1,53.57745370410999,13.81179121053638,0.1869450942059835,2.1222471241738803,-0.0216559803845181,7.1748840536076,0.0159972897777755,-0.0815295841350239,0.0502813319978143,-0.0073884424348568,1,,
2026-05-06,11.539999961853027,11.539999961853027,11.28499984741211,11.335000038146973,589382.0,-0.0160590635647086,-0.012200465243455,-0.0104757648501371,0.0658203849741463,0.0447004276152427,0.1631606127511689,11.44337501525879,11.440449962615968,10.849680991172791,1,1,0.0218149051213636,0.0173874737237309,1,47.24182644863588,13.069775243426978,0.1931883832743152,1.4859037324157407,-0.0373672691836757,4.914242218242421,0.0155246052947589,-0.1156538639431591,-0.0012489031132256,-0.0326863644464819,0,,
2026-05-07,11.34000015258789,11.40999984741211,11.19499969482422,11.204999923706056,838059.0,-0.0114689116897583,-0.0140782974601296,-0.0218245309179466,0.0565771246929449,0.0317679813936906,0.1474653896318565,11.429125022888185,11.435649967193603,10.85428099155426,0,1,0.001534731647931,0.0142169253085709,0,43.361505850450186,12.49643533318526,0.1969154265583625,1.2856440507137998,-0.0484076189630791,4.224127447173776,0.0153937535851913,-0.1185751951644296,-0.0116760540567468,-0.0530816571482487,0,,
2026-05-08,11.265000343322754,11.28499984741211,11.0600004196167,11.130000114440918,61485.0,-0.006693423451656,-0.0346920752640118,-0.0313315634332873,0.0534785193088591,0.0253340012714486,0.1491997555206514,11.396875047683716,11.428749961853027,10.858280992507934,0,1,-0.0203546737401296,0.0073026054988308,0,41.25612590963093,12.756225068372371,0.1972955669913119,1.219622623644607,-0.0547770297227289,3.905178464909691,0.0151655093979642,-0.1122399384397884,-0.0348500811299049,-0.063457679745237,0,,
2026-05-11,11.100000381469728,11.239999771118164,11.029999732971191,11.149999618530272,78690.0,0.0017969006184828,-0.0425075843516506,-0.0530785579828333,0.0508953797668771,0.0257589453467403,0.1590436331779925,11.369500017166136,11.419949951171876,10.86258099079132,0,1,-0.0356771286468386,-0.001293341330303,0,42.06395359268319,13.160348803693498,0.1733810054221263,1.1670364580475054,-0.0530785579828333,3.71654906675929,0.0151582364647663,-0.1291473376563651,-0.0209756524997345,-0.0752283965952069,0,,
2026-05-12,11.164999961853027,11.199999809265137,11.09000015258789,11.145000457763672,227469.0,-0.0004483552410433,-0.0325520820398298,-0.0472322941062235,0.0474624152392848,0.0314669266992084,0.1522358080488439,11.35325002670288,11.410549964904783,10.867130994796751,0,1,-0.0476741174964736,-0.0105694965635371,0,41.908813490735234,13.53560655792026,0.1728791348630456,1.0962066220447872,-0.0535031151742181,3.4658626356985183,0.0151744278956655,-0.1230220721310494,-0.0179809728248545,-0.0677545901721882,0,,
2026-05-13,11.145000457763672,11.164999961853027,10.970000267028809,11.0,232496.0,-0.013010359067564,-0.0295544805487039,-0.0409764826579692,0.0171059109380142,0.0105649764538384,0.1585044900031929,11.329250049591064,11.39629997253418,10.87120599269867,0,1,-0.0680971610322185,-0.0220750294572734,0,37.57947408682384,14.536813838427284,0.1661125416869353,0.4596774918780425,-0.0658173795021324,1.0395984186195135,0.0148936752207949,-0.1135967919534981,-0.0542467923773826,-0.0775545649184141,0,,
2026-05-14,11.03499984741211,11.100000381469728,11.010000228881836,11.03499984741211,61120.0,0.0031818043101916,-0.0151718052165519,-0.0387630411645061,0.0096065452245786,0.0091448947378198,0.1326661023094533,11.310500049591065,11.383249969482424,10.875105991363526,0,1,-0.0805300744244199,-0.0337660384507027,0,39.21183710987818,15.46650631318381,0.1667962228981553,0.2993177290540733,-0.062844993213726,0.5838303063811039,0.014824039316074,-0.1077687790896062,-0.0687882861044686,-0.0839734208669112,0,,
2026-05-15,11.079999923706056,11.140000343322754,10.920000076293944,10.920000076293944,108999.0,-0.0104213659001667,-0.0188679277616991,-0.0429447657906237,-0.0258697556526472,-0.0004576763710412,0.109756088105549,11.286000061035155,11.373549976348876,10.877755990028382,0,1,-0.0985270102548057,-0.0467182328115233,0,35.89070030289339,16.789214087067798,0.1688506132486997,-0.5069207798425585,-0.0726114284446191,-1.4251065525725344,0.0148481654374476,-0.0937386195507082,-0.1046197156625524,-0.0811316630726058,0,,
2026-05-18,10.845000267028809,10.925000190734863,10.789999961853027,10.789999961853027,30127.0,-0.011904772301525,-0.0322869658290353,-0.0543382904338691,-0.0559930294168885,-0.0096374934831527,0.0871536276569198,11.260500049591064,11.358149967193604,10.87999349117279,0,0,-0.121874738222564,-0.0617495338937314,0,32.53591982484176,18.58963056059181,0.1720494779854803,-1.2446549680108072,-0.0836517782240225,-2.6774340265667185,0.0146817302033777,-0.1016950274619274,-0.1310852520317975,-0.1040479513984256,0,,
2026-05-19,10.864999771118164,10.914999961853027,10.800000190734863,10.914999961853027,245990.0,0.0115848007823842,-0.0206371006248299,-0.0340708161401188,-0.0488017778649498,0.0022956490121326,0.090137345296402,11.234750032424929,11.347649974822998,10.88249349117279,0,1,-0.128806721807301,-0.0751609714764453,0,38.48955233593138,20.261445857435543,0.1767535280262863,-1.0586934802813934,-0.0730360666274558,-2.33356798110939,0.014951404698583,-0.0651260849777701,-0.11859510165469,-0.0873216408911252,0,,
2026-05-20,10.975000381469728,11.074999809265137,10.949999809265137,11.0,178148.0,0.0077874519875438,0.0,-0.0376203231579149,-0.0418118084822521,0.0068649709799311,0.1102699675524534,11.227250051498412,11.339449977874756,10.88459349155426,0,1,-0.1259892503841051,-0.0853266272579773,0,42.22338867492074,20.31645245398098,0.1737269713434696,-0.8862543184713856,-0.0658173795021324,-1.999326700278646,0.0149149740384081,-0.0798547380564269,-0.1197075432180779,-0.1009172693644323,0,,
2026-05-21,11.0,11.104999542236328,10.975000381469728,11.09000015258789,234590.0,0.0081818320534445,0.0049841690925513,-0.0053811182058398,-0.01400313502137,0.0141746435320782,0.1507133978800574,11.222750043869018,11.332449989318848,10.887468490600586,0,1,-0.1151665554685035,-0.0912946129000825,0,45.96364402515752,20.11727295320157,0.1558131310643585,-0.2435771787801961,-0.0581740541939721,-0.6695917433878987,0.0150072445423827,-0.057126086277224,-0.0913980974867919,-0.1037723214614388,0,,
2026-05-22,11.125,11.1899995803833,11.104999542236328,11.164999961853027,199750.0,0.0067628321220207,0.0224358867992089,-0.0013417122462695,-0.0123839309635981,0.0299815317979998,0.1519215713207187,11.21375002861023,11.325549983978272,10.890868492126463,0,1,-0.0993919059440351,-0.0929140715088731,0,48.93060281812686,19.25099418737456,0.157399133886862,-0.2048621335803255,-0.0518046434343225,-0.5921658193866179,0.015049567652909,-0.0474548647173888,-0.0958609105094457,-0.0898656996577962,0,,
2026-05-26,11.255000114440918,11.300000190734863,11.21500015258789,11.21500015258789,238252.0,0.0044782974389339,0.0393883403371093,-0.0114588022372047,-0.0138492205950709,0.0293712419806453,0.1391569170543602,11.203500032424929,11.322549991607666,10.89464349269867,0,1,-0.0819115595520667,-0.0907135691175118,1,50.86743109911847,18.08907592720145,0.1490466504607857,-0.239829680798639,-0.0475583425974054,-0.6622319751016633,0.0150172705929043,-0.0669579899387471,-0.0966703815936357,-0.1101764491997702,0,,
2026-05-27,11.229999542236328,11.260000228881836,11.119999885559082,11.15999984741211,377968.0,-0.0049041733773931,0.0224461645822569,-0.0227670951965711,-0.0249016911325036,0.039590144790597,0.1446153689653446,11.189500045776366,11.315749988555908,10.897918491363525,0,1,-0.0716701551330416,-0.0869048863206178,1,48.68036295159487,17.219033016716693,0.1474473610006975,-0.503146696548172,-0.0522292816171594,-1.1907309865450897,0.0149462129307708,-0.0703226692146078,-0.1157621964178861,-0.0922338975410027,0,,
2026-05-28,11.164999961853027,11.244999885559082,11.06410026550293,11.085000038146973,319130.0,-0.0067204131084758,0.0077272761951794,-0.0310314296553876,-0.0339869568939225,0.0259139032913371,0.1361947064418283,11.170000028610229,11.30614999771118,10.901168489456175,0,1,-0.0688123996448943,-0.0832863889854731,1,45.7892454667214,16.759805592878127,0.1483336420687665,-0.7194144419770393,-0.058598692376809,-1.6251636283104511,0.0147643189695742,-0.0816627223919989,-0.1224746726846635,-0.0959778574761017,0,,
2026-05-29,11.039999961853027,11.050000190734863,10.952899932861328,10.984999656677246,1023012.0,-0.0090212342016773,-0.0094680337660899,-0.0427015867976574,-0.0522002146631168,0.0110446284479519,0.1187777700722998,11.151000022888184,11.29454999923706,10.903993487358091,0,1,-0.0737664689421357,-0.0813824049768056,1,42.19125080623536,16.970748676782282,0.1495954777463035,-1.1659198947868632,-0.0670912940506431,-2.496071964467795,0.0145947650011377,-0.0993816857925856,-0.1339120567291991,-0.1029354898693423,0,,
2026-06-01,10.949999809265137,10.975000381469728,10.729999542236328,10.729999542236328,412758.0,-0.02321348406105,-0.0389610766773799,-0.0558733164690034,-0.076194597186517,-0.0209854466341343,0.0828812914475993,11.11100001335144,11.275949993133544,10.90534348487854,0,0,-0.0971491082165467,-0.0845357456247538,0,34.70289976432622,18.1849948612933,0.164926855107263,-1.7018943005128455,-0.0887473554266133,-3.4342250192984234,0.0142172551640165,-0.114322644823493,-0.1628064479634997,-0.1277331625129452,0,,
2026-06-02,10.670000076293944,10.81999969482422,10.65999984741211,10.81999969482422,292154.0,0.0083877126213869,-0.0352207269183605,-0.0615784956279448,-0.0762006363094375,-0.0150204794729082,0.0910007758250306,11.069749975204468,11.261549987792968,10.907068481445313,0,0,-0.1071822281457102,-0.0890650421289451,0,38.82950872372341,19.57971239680166,0.1580965639519834,-1.7020571622274878,-0.0811040301184529,-3.434497213230724,0.0143170628982068,-0.1121214011270809,-0.1679619991666046,-0.1236087267914122,0,,
2026-06-03,10.84000015258789,10.994999885559082,10.8149995803833,10.954999923706056,502711.0,0.0124769161450544,-0.018369169042022,-0.0592529417718996,-0.0626738033192678,-0.0094937153640977,0.1085251972680088,11.041499948501588,11.253049983978272,10.909968481063842,0,1,-0.1030522357219094,-0.091862480847538,0,44.49582741410916,19.57300488322166,0.1608924803067035,-1.3560177618643725,-0.0696390421562124,-2.8248189682890703,0.0145981331672737,-0.1011490374167281,-0.1493294830153431,-0.1076187598932263,0,,
2026-06-04,10.829999923706056,10.9350004196167,10.720000267028809,10.720000267028809,338231.0,-0.0214513608684487,-0.0329273585802512,-0.0694444582418153,-0.0600613311688285,-0.015610658488012,0.0989236433897466,11.01074995994568,11.24404998779297,10.911693482398986,0,0,-0.1173885135781205,-0.0969676873936545,0,37.91232688211578,19.979777006842053,0.1714425608781745,-1.3051598106635682,-0.0895965508008352,-2.6814126465785013,0.0142312088111938,-0.1103987607347899,-0.1576604418855778,-0.1205020523429055,0,,
2026-06-05,10.880000114440918,10.989999771118164,10.854999542236328,10.979999542236328,300771.0,0.0242536631279004,-0.0004551765677915,-0.0313189673326793,-0.0501730844573449,0.0190255156346834,0.1287586312305373,10.999499940872193,11.241949977874755,10.91461847782135,0,1,-0.1065421963426072,-0.098882589183445,0,47.217366665867,19.97403668261124,0.18973385374705,-1.037530148300886,-0.06751593223348,-2.239956067633724,0.0149625415200324,-0.0362047062746421,-0.1200834230319433,-0.0637049736920087,0,,
2026-06-08,10.9399995803833,10.975000381469728,10.84000015258789,10.84000015258789,285264.0,-0.012750400317405,0.0102516882613619,-0.0325747232131565,-0.0524475043534317,0.0107225890002629,0.1055583697295516,10.984999942779542,11.233549976348876,10.91659348011017,0,0,-0.1079982558440875,-0.1007057225155735,0,43.44198230002424,20.03982474584932,0.190636610855578,-1.0860715560138654,-0.0794054773871054,-2.341496578879702,0.0147383921276877,-0.042573206974943,-0.1290566844815035,-0.0702232198342648,0,,
2026-06-09,10.765000343322754,10.824999809265137,10.739999771118164,10.824999809265137,91512.0,-0.0013837954900003,0.0004621177987007,-0.0274034413333069,-0.0512708191034424,0.0088537065313805,0.1105410970262679,10.968749952316283,11.224549980163577,10.91846848011017,0,0,-0.1091049024326,-0.1023855584989788,0,43.044845344248685,20.56386628220477,0.1897015206844539,-1.059211227086969,-0.0806793919356162,-2.2889639651503364,0.0147613281569263,-0.0266513461850599,-0.1368712560375741,-0.0685296898610187,0,,
2026-06-10,10.859999656677246,10.904999732971191,10.833600044250488,10.885000228881836,674243.0,0.0055427640345402,-0.0063897485451136,-0.0237667622165682,-0.0485139311065314,0.0244706097771139,0.1135550540838239,10.955749940872192,11.21814998626709,10.92051847934723,0,0,-0.1039422142640607,-0.1026968896519952,0,45.202725867821286,20.45058571398261,0.1909006356311684,-0.9938617485510014,-0.0755838147330253,-2.1658838702497065,0.0150809061430519,-0.005101538156774,-0.1127926758306548,-0.0371336962950519,0,,
2026-06-11,10.890000343322754,11.005000114440918,10.880000114440918,10.954999923706056,337398.0,0.0064308399956194,0.0219216092186145,-0.0170480508078633,-0.0482189656072401,0.0398671174539331,0.1147290298645857,10.953499937057495,11.209649982452392,10.92359347820282,0,1,-0.093128825208554,-0.100783276763307,1,47.69263635115901,19.65258547774275,0.1926647409908461,-0.9867987846183788,-0.0696390421562124,-2.152715260684913,0.0149242241282111,-0.0164885140431482,-0.1287524661152262,-0.041884186558181,0,,
2026-06-12,10.890000343322754,11.020000457763672,10.875,10.954999923706056,179158.0,0.0,-0.0022768323836541,-0.0040909160267221,-0.0360756582199006,0.0423405980145792,0.110210244225668,10.949499940872192,11.200149974823,10.926593480110167,0,1,-0.0835954995928904,-0.0973457213292237,1,47.69263635115901,18.81012739688372,0.1874317348254423,-0.7183407815503663,-0.0696390421562124,-1.6105824546674312,0.014843944996261,-0.0033390163137489,-0.1234844536090763,-0.0455957788051772,0,,
2026-06-15,11.045000076293944,11.079999923706056,10.9350004196167,11.050000190734863,445598.0,0.0086718637782214,0.0193726969733334,0.0013593424132463,-0.0391304181969683,0.0619894737449924,0.1223971448473835,10.955999946594238,11.19674997329712,10.930193481445311,0,1,-0.0675953456912186,-0.0913956462016226,1,51.18392444298489,17.619361109617998,0.1896057668295388,-0.7922611881775186,-0.0615710786652153,-1.7469609177378995,0.0147132166643735,-0.0074758741081034,-0.1544405372285111,-0.038117232140054,0,,
2026-06-16,11.079999923706056,11.210000038146973,11.050000190734863,11.1899995803833,206638.0,0.0126696278037916,0.0337182242539866,0.0247252291394663,-0.0324254227069821,0.0672389076576729,0.1533109182608008,10.975999927520752,11.19344997406006,10.934868478775025,0,1,-0.0431212527684845,-0.081740767514995,1,55.85960731596931,17.011249345008203,0.1902821638473287,-0.6319465856743688,-0.0496815335115899,-1.4476192389535318,0.014988985612493,0.0094840117210854,-0.1482819146881799,-0.0253026348320697,0,,
2026-06-17,11.145000457763672,11.149999618530272,11.085000038146973,11.09749984741211,82563.0,-0.0082662856514622,0.0195222429087722,0.0284985993184632,-0.0404236705519791,0.0614538429837023,0.1403982083417654,10.985124921798706,11.18629997253418,10.939105978012083,0,1,-0.0308338794304994,-0.0715593898980959,1,52.29554031591534,16.446574135013392,0.1875143344257577,-0.8100921112920002,-0.0575371374154427,-1.804697620412632,0.0150530634505368,0.0252921993535715,-0.1359359422490571,-0.0288819101318301,0,,
2026-06-18,11.045000076293944,11.170000076293944,10.989999771118164,11.154999732971191,255112.0,0.0051813369091859,0.0182564865958918,0.0219880688920699,-0.0433104735033937,0.065424971200767,0.1535676985481864,10.992874908447266,11.180299968719485,10.943830976486206,0,1,-0.0162687512785844,-0.0605012621741936,1,54.2496700649965,15.2865263148441,0.1844209496066541,-0.8786589003473116,-0.0526539197999963,-1.933577713335393,0.0149753599289986,0.0016022060066316,-0.1451570644751377,-0.0367364816399548,0,,
2026-06-19,11.0649995803833,11.100000381469728,11.015000343322754,11.095000267028809,82258.0,-0.0053787061746887,0.0127795841440216,0.0086363879117099,-0.038561498812411,0.0586832778297283,0.1298371295140259,10.99312491416931,11.172399978637696,10.948430976867677,0,1,-0.0094582093968043,-0.0502926516187157,1,51.86234450109669,14.209339053258327,0.1840452919170294,-0.7744923472165713,-0.0577494160111352,-1.7215617532014402,0.0148948118680804,-0.0013518072693806,-0.1529010265800967,-0.0454470590408766,0,,
2026-06-22,11.079999923706056,11.175000190734863,11.039999961853027,11.164999961853027,99075.0,0.0063091206074359,0.0104072189260764,0.0067628321220207,-0.0188928075945326,0.0709831901754622,0.1343662956323603,10.99312491416931,11.16019998550415,10.953555974960327,0,1,0.0015694923415274,-0.0399202228266671,1,54.384437118556086,13.698449099715011,0.183169292332567,-0.3338427946354212,-0.0518046434343225,-0.8434613790186193,0.0150361025687751,0.0019229397049447,-0.1349795518386234,-0.0419676899599615,0,,
2026-06-23,11.095000267028809,11.239999771118164,11.0649995803833,11.204999923706056,151135.0,0.0035826208678635,0.0013405133052062,0.0035826208678635,0.0031333793350989,0.0615821506145803,0.1286829697346851,10.99262490272522,11.150349979400636,10.95913097381592,0,1,0.0133824237961128,-0.0292596935021111,1,55.80924284833536,13.644687511855718,0.1821021388385727,0.1578828496125644,-0.0484076189630791,0.1398883909523231,0.0153123371712031,0.0174602702452608,-0.1153924909916497,-0.0291068988555023,0,,
2026-06-24,11.19499969482422,11.300000190734863,11.1850004196167,11.300000190734863,328752.0,0.0084783817648956,0.0182473841952768,0.0075791383852419,0.0193955933106004,0.073124451784426,0.1542390433877005,10.999624919891357,11.146949977874756,10.965380973815918,0,1,0.0300634321483457,-0.0173950683720197,1,59.078465209280125,13.96321724306438,0.1837964169932276,0.5217651658607744,-0.040339655472082,0.8659080339852533,0.0154493217777794,0.0287702869973756,-0.0911915099805709,-0.0091961351981946,0,,
2026-06-25,11.31999969482422,11.489999771118164,11.28499984741211,11.345000267028809,338404.0,0.003982307569414,0.0170327690368317,0.0165770987586169,0.0075488487050781,0.0892943167145547,0.155295378777696,11.012624931335449,11.144249992370606,10.97175597667694,0,1,0.0463797446967824,-0.0046401057582593,1,60.566626678554144,15.242339375904711,0.1831274581661412,0.258557250012036,-0.0365179928180018,0.3370151475332175,0.0154884550478003,0.0362795659034862,-0.1060606486944946,0.0105380772050263,0,,
2026-06-26,11.425000190734863,11.489999771118164,11.414999961853027,11.460000038146973,440254.0,0.0101366036501893,0.0328976802463754,0.033829499206992,0.016408020033336,0.0956022941064111,0.1564076906761637,11.036374950408936,11.145249996185305,10.977930974960326,0,1,0.0678084072704034,0.0098495968474732,1,64.15423035795845,16.430095642113592,0.183660210213488,0.4577870363840149,-0.026751557587109,0.7325290926208241,0.0157594169560205,0.0673988409825756,-0.0865695414306563,0.0284725563986312,0,,
2026-06-29,11.460000038146973,11.5,11.390000343322754,11.40999984741211,153199.0,-0.0043630183742082,0.0219435634927149,0.0386891401017501,0.0182953971532244,0.0897802823695681,0.1569074399746035,11.070374965667725,11.145249996185305,10.983455972671509,0,1,0.0798358808831913,0.0238468536546168,1,61.53298379611663,17.29742985890879,0.180938830148895,0.5005787336334941,-0.030997858424026,0.8167902433420091,0.0154363473972234,0.0576633057140776,-0.1157836657057154,0.0099668348259405,0,,
2026-06-30,11.454999923706056,11.479999542236328,11.30500030517578,11.375,177926.0,-0.0030674713304267,0.0151718052165514,0.0601118812004386,-0.0004393773629731,0.0746339120459111,0.1492801168131794,11.098124980926514,11.146749992370603,10.98850597381592,0,1,0.0855572939670796,0.0361889417171094,1,59.694351080724765,17.332337230442068,0.1577155203662642,0.0747925954598891,-0.0339702447124323,-0.0196158159462843,0.0152700914633971,0.0740534151799789,-0.1534437923581236,-0.0153870407101466,0,,
2026-07-01,11.279999732971191,11.31999969482422,11.130000114440918,11.135000228881836,85557.0,-0.0210988809774209,-0.0146017662892001,0.02911280433846,-0.0258092798265596,0.0549502517230289,0.1295967682171386,11.107124996185302,11.140849990844726,10.992080974578858,0,1,0.0699195897815876,0.042935071330005,1,48.90348754774066,16.143402146810395,0.1765741202961009,-0.5024616935841764,-0.0543523915398919,-1.1522443472238204,0.0149681541041194,0.0454765904530731,-0.1765751918482462,-0.0332946532691109,0,,
2026-07-02,11.140000343322754,11.295000076293944,11.114999771118164,11.28499984741211,419473.0,0.0134710027343516,-0.005288710286863,0.0301232246466702,0.0057931888445947,0.0671394847236703,0.1338859038556421,11.135374975204469,11.143549995422363,10.997005972862244,0,1,0.0688368043363194,0.0481154179312679,1,54.446077541773526,15.140626775658207,0.1773896915761278,0.2181684309402507,-0.0416135700205927,0.2586344579717871,0.0151897502515968,0.0405269000867483,-0.1240007151867937,-0.0280929555363393,0,,
2026-07-03,11.454999923706056,11.454999923706056,11.31999969482422,11.359999656677246,231762.0,0.0066459734407826,-0.0087260367484166,0.0597014341144062,0.0004403447505496,0.0714453852911713,0.1466060409286298,11.154374980926514,11.147149982452392,11.002355971336364,1,1,0.0731868939221591,0.0531297131294462,1,56.95998122605,14.936016896537884,0.1571890141405394,0.09607829569058,-0.0352441592609431,0.0196590045541833,0.0152907009283411,0.0744484977491086,-0.1220977655833123,-0.0223825014181281,0,,
2026-07-06,11.359999656677246,11.4350004196167,11.25,11.255000114440918,901688.0,-0.0092429177297211,-0.0135845517128859,0.0250455904981377,-0.0174596080835618,0.0863900084385451,0.1311558120795746,11.175124979019165,11.145349979400637,11.007230973243711,1,1,0.0673850132321298,0.0559807731499829,1,52.58480961613828,14.24696472134118,0.1416801108667522,-0.3178011797643482,-0.0441613181261622,-0.7794767949443053,0.01501829964608,0.0037265143741094,-0.1444951411010452,-0.0107780915299391,0,,
2026-07-07,11.289999961853027,11.520000457763672,11.260000228881836,11.449999809265137,237757.0,0.0173256057611248,0.0065933898255066,0.0562730302666663,-0.0004365006088364,0.092557281431123,0.1639136216785717,11.206374979019165,11.14594997406006,11.013305974006652,1,1,0.0776269910452125,0.0603100167290288,1,58.89888884627217,14.11621869939422,0.1426259376990578,0.0778842855750981,-0.0276008339527827,-0.0194873844784316,0.015351449188045,0.0415959254609332,-0.120997485789781,0.0055322179786796,0,,
2026-07-08,11.354999542236328,11.375,11.289999961853027,11.354999542236328,717305.0,-0.0082969666909458,0.0197574592575096,0.0489607152249151,-0.0117493674126242,0.0928776869130463,0.1440805364252175,11.22987494468689,11.14424997329712,11.018505973815918,1,1,0.0771883256822789,0.0636856785196788,1,55.05256651399063,13.994811679014898,0.1470313080445805,-0.1766296476554784,-0.03566879744378,-0.5245455229913183,0.0152712578893636,0.0345449763745053,-0.1060496229831083,0.0056918985439369,0,,
2026-07-09,11.28499984741211,11.34000015258789,11.244999885559082,11.28499984741211,80469.0,-0.0061646585333487,0.0,0.0367477822801445,-0.0416135700205927,0.0887602601649355,0.130195316518165,11.246374940872192,11.140449962615968,11.022855973243711,1,1,0.0703809817147185,0.0650247391586868,1,52.34030935634832,13.52745034418444,0.1493722893525066,-0.9054414687854564,-0.0416135700205927,-1.857820177325813,0.0150497160883023,-0.002068181742772,-0.1353819190327548,-0.0066080776192959,0,,
2026-07-10,11.234999656677246,11.3100004196167,11.210000038146973,11.255000114440918,116758.0,-0.0026583724746855,-0.0092429177297211,0.027384773420735,-0.0378286048969982,0.0754897229177458,0.1269086257321807,11.261374950408936,11.138249969482422,11.026705975532533,1,1,0.0618523890049402,0.0643902691279375,0,51.17663635715549,12.81968266297832,0.1491110485827989,-0.8158022175418295,-0.0441613181261622,-1.6888420153077832,0.0149452923609928,0.0014116802723316,-0.136264535555708,-0.0164657378748391,0,,
2026-07-13,11.3100004196167,11.404999732971191,11.300000190734863,11.3100004196167,150142.0,0.0048867440796569,0.0048867440796569,0.0324053398797785,-0.0139494196763044,0.0822967106266425,0.1287425052813757,11.274374961853027,11.133849983215333,11.030830979347227,1,1,0.0588530613517033,0.0632828275726906,0,53.22967649313041,12.812537314969186,0.1495224369834978,-0.2534743229127586,-0.0394903791064081,-0.6227659228419891,0.015134195710355,0.0195534754519175,-0.09928211606683,-0.0010383002351984,0,,
2026-07-14,11.345000267028809,11.505000114440918,11.31999969482422,11.399999618530272,147388.0,0.0079574885565407,-0.0043668289578839,0.0316741558148454,-0.0069686347470422,0.0898661163437073,0.1483253469011418,11.284874963760377,11.128949966430664,11.035080976486206,1,1,0.0630118938859851,0.0632286408353495,0,56.45633463319145,13.408716490502114,0.1491143561106159,-0.0836093161884579,-0.0318471347897,-0.3111117415559921,0.0152006538815025,0.0331292081295382,-0.085101052273709,0.0003850365228295,0,,
2026-07-15,11.375,11.420000076293944,11.289999961853027,11.359999656677246,157072.0,-0.00350876870101,0.0004403447505496,0.0151921432233084,-0.004382137721606,0.0747398282556113,0.1471850019319067,11.297999954223632,11.125749950408936,11.038805975914002,1,1,0.0623612740554975,0.0630551674793791,0,54.65168959894742,13.700152950257378,0.1443385417473497,-0.0220169382289713,-0.0352441592609431,-0.1956386792815773,0.0150875169542031,0.0065735830467388,-0.0791297416458075,-0.0222238421524459,0,,
2026-07-16,11.260000228881836,11.329999923706056,11.210000038146973,11.295000076293944,129251.0,-0.0057217942207503,0.0008861523276073,0.0177968219506567,-0.0100788582520664,0.0541297167938883,0.1314800891529042,11.30499997138977,11.124949951171876,11.042280974388122,1,1,0.0559557076727674,0.0616352755180568,0,51.75648319855948,13.299136353794209,0.1425927099841024,-0.1581144608227695,-0.040764293654919,-0.4499663502994283,0.0150829178392722,0.0019832766156484,-0.077148271510649,-0.0331236617914389,0,,
2026-07-17,11.369999885559082,11.470000267028809,11.327199935913086,11.385000228881836,120003.0,0.0079681409455485,0.0115504320852133,0.020618601650955,0.0075221271426761,0.06601122692519,0.1189189204388194,11.319499969482422,11.128549957275393,11.045405974388125,1,1,0.0574789290018813,0.0608040062148217,0,55.28842306315883,13.787227036372572,0.1439723227895422,0.2614580485973052,-0.0331209683467585,0.33582217471749,0.0153550728780463,0.0253558479293924,-0.0398857240275728,-0.0132791638533855,0,,
2026-07-20,11.210000038146973,11.34000015258789,11.199999809265137,11.199999809265137,85875.0,-0.0162494875623615,-0.0097259598824391,0.0094636809111539,-0.0201225275389094,0.0511497034211534,0.0910861602211818,11.321249961853027,11.129949951171875,11.0477809715271,1,1,0.0432594372646466,0.0572950924247867,0,47.577748419216014,13.265122439792862,0.1545855272809606,-0.3967156316228674,-0.0488322571459162,-0.8983617041767992,0.0151299859580323,0.0157889936465662,-0.0665900686983638,-0.0254620318304431,0,,
2026-07-21,11.154999732971191,11.234999656677246,11.095000267028809,11.119999885559082,98049.0,-0.0071428504525397,-0.0245613809070712,-0.0040304591533986,-0.0026905591029198,0.0441314820529235,0.0811861983991253,11.31699995994568,11.129349956512453,11.048730969429016,1,1,0.025244064499498,0.0508848868397289,0,44.67616159243593,12.552877859032078,0.1552315942380996,0.0138740307744848,-0.0556263060884026,-0.1201188695711159,0.0148976485720701,-0.0092081040330598,-0.0640117727978325,-0.0595195611590216,0,,
2026-07-22,11.175000190734863,11.380000114440918,11.154999732971191,11.345000267028809,55225.0,0.0202338474627075,-0.001320368846985,0.0124944528581885,0.0147584935017079,0.0748460387505287,0.0982575363813365,11.319249963760376,11.133349952697754,11.0509059715271,1,1,0.0287905229403477,0.0464660140598527,0,53.30211757580364,12.307015716900082,0.1702611643899918,0.4323883961075377,-0.0365179928180018,0.6588866804947694,0.0152167788851656,-0.0062406074898329,-0.0368714214235933,-0.0195406335931918,0,,
2026-07-23,11.4350004196167,11.515000343322754,11.390000343322754,11.494999885559082,50099.0,0.0132216496253603,0.0177069329715986,0.0172566098701576,0.0132216496253603,0.0880265349846838,0.1171039774706721,11.32674994468689,11.143249950408936,11.053105969429016,1,1,0.0432067716535105,0.0458141655785843,0,58.0032472278826,12.776406702173787,0.173767161951164,0.3969033337181158,-0.0237791712987026,0.5902749377035257,0.0156107509289948,0.010448947438429,-0.0300843062495586,0.0101409542514236,0,,
2026-07-24,11.505000114440918,11.59000015258789,11.489999771118164,11.550000190734863,39582.0,0.0047847155914177,0.0144927499811946,0.0180696270498847,0.0113835475982857,0.1052631963202954,0.1284807599577904,11.331249952316284,11.153549957275391,11.055480971336364,1,1,0.05839665727866,0.0483306639185994,1,59.608895436956736,13.562323573317832,0.1739702368824449,0.3536767035565727,-0.0191082322789486,0.5082136525940589,0.0156695242323195,0.0116905904404582,-0.0253315986828673,0.0254741218561413,0,,
2026-07-27,11.539999961853027,11.5649995803833,11.404999732971191,11.404999732971191,82838.0,-0.0125541519800136,0.0183035649283198,-0.0047993285333944,-0.0030594273335573,0.0810426091733342,0.1197839237202904,11.330999946594238,11.163249950408936,11.057130970954894,1,1,0.0580650877641826,0.050277548687716,1,53.77202519810057,13.684957211097332,0.1765458307943213,0.0104081363919,-0.031422496606863,-0.1365868352206326,0.0154694557036459,-0.0183992373057826,-0.0378033781145342,0.007877112533684,0,,
2026-07-28,11.385000228881836,11.53499984741211,11.375,11.454999923706056,70690.0,0.0043840589132428,0.030125903021098,0.003943915591213,-0.001742959224295,0.0755868858225252,0.1170160698072855,11.33499994277954,11.176549949645995,11.058730969429016,1,1,0.0611322198811024,0.0524484829263933,1,55.39401842338026,13.589376979186545,0.1765286343825985,0.0417906231592799,-0.0271761957699457,-0.0778136750475633,0.0155001554527215,0.0041336239627227,-0.0435115692034299,0.0043807878435122,0,,
2026-07-29,11.34000015258789,11.414999961853027,11.210000038146973,11.260000228881836,123161.0,-0.0170231074747254,-0.007492290537357,-0.01010986998841,-0.0092388512407332,0.0538137376400555,0.0837343461800939,11.34124994277954,11.183449954986571,11.059505972862244,1,1,0.0472830489339504,0.0514153961279047,0,48.279380387308485,12.787543849793016,0.1861850695053228,-0.1326003710294872,-0.0437366799433253,-0.4124645936854731,0.0154744062151664,0.0133800607716745,-0.0360072312507051,-0.0006729736001184,0,,
2026-07-30,11.130000114440918,11.239999771118164,11.03499984741211,11.05500030517578,79349.0,-0.0182060319306417,-0.0382774758385221,-0.0071845462111939,-0.0411968290369603,0.0358398370394157,0.0688905574667972,11.329749965667723,11.184549961090088,11.059005975723268,1,0,0.0195404504440013,0.045040406991124,0,42.15030317430195,12.950303460580525,0.1823669033262303,-0.8913921653222734,-0.0611464404823786,-1.839214952930795,0.0149421622195082,-0.0017364789559495,-0.073355607227898,-0.0358317376642395,0,,
2026-07-31,11.140000343322754,11.140000343322754,11.020000457763672,11.06999969482422,102181.0,0.001356796855213,-0.0415584838081377,-0.0190518525028773,-0.0493774787751167,0.0477993501654827,0.0628900370014649,11.315249967575074,11.184149951934817,11.057730975151062,1,1,-0.0012213543319408,0.0357880547265111,0,42.723252645741006,13.1734261769977,0.1755582898999894,-1.0996988772444618,-0.0598726069253195,-2.2044365895186027,0.0148554781983783,-0.0220064219412272,-0.0853035298936842,-0.0345596348233248,0,,
2026-08-03,11.020000457763672,11.104999542236328,10.9350004196167,11.0,77625.0,-0.0063233691737993,-0.0355107183212254,-0.0316901115807378,-0.0451389268316589,0.0466222417171435,0.0396975500304939,11.302499961853028,11.180849952697754,11.055930976867677,1,0,-0.023057828266797,0.0240188781278494,0,40.69748313456217,13.785417639741803,0.1743183050677441,-1.001337973326512,-0.0658173795021324,-2.0152082363803667,0.0145542455428107,-0.0481636119221544,-0.0902055445022693,-0.0444598674356172,0,,
2026-08-04,11.010000228881836,11.06999969482422,10.845000267028809,10.9399995803833,345362.0,-0.005454583601518,-0.0449585636624025,-0.0279876082500835,-0.0348478567652696,0.0286788288610626,0.0404183759566332,11.276999950408936,11.175349941253662,11.054805974960328,1,0,-0.0446897677775801,0.0102771489467635,0,38.99088360069622,14.75334241781454,0.1726774735063955,-0.7637395082766225,-0.0709129567047233,-1.5557677796699574,0.0142185132978961,-0.053254121107685,-0.0841304478963901,-0.0852742802313208,0,,
2026-08-05,10.994999885559082,11.029999732971191,10.765000343322754,10.78499984741211,179820.0,-0.0141681662629241,-0.0421847577099824,-0.0580786002559512,-0.0374832734630694,0.0169731553932555,0.0286123224185144,11.248499965667724,11.167849941253662,11.052755975723269,1,0,-0.0734932344942453,-0.0064769277414382,0,34.917388725081935,15.984592006284622,0.1641403724396544,-0.8242158126689778,-0.0840764164068594,-1.6734248399608886,0.0140451049670304,-0.0850958241800339,-0.0876101212545268,-0.0982632347995877,0,,
2026-08-06,10.890000343322754,11.050000190734863,10.8100004196167,10.8149995803833,54866.0,0.0027816164483664,-0.0217096986130442,-0.0475561412261119,-0.02830193448506,0.0236630392739618,0.0339387706445188,11.224999952316283,11.162449932098388,11.051405973434449,1,0,-0.0928293823173564,-0.0237474186566218,0,36.30441456904667,16.968057903537584,0.163947024236831,-0.6003606485497036,-0.08152866830129,-1.26352785684281,0.0141067128590985,-0.0762573089068315,-0.0698160880113796,-0.1022330728099154,0,,
2026-08-07,10.800000190734863,10.88700008392334,10.6850004196167,10.859999656677246,113400.0,0.0041608948719302,-0.0189701936708417,-0.0376606288419512,-0.0260089660784447,0.0235626774825261,0.0337933877552576,11.2052499294281,11.159949932098389,11.050480971336365,1,0,-0.1033311515078274,-0.039664165226863,0,38.42428629448632,18.395188246295,0.1647536404658373,-0.543473823468041,-0.0777070056472098,-1.1611592552142431,0.0140793098096886,-0.0644800388871148,-0.0711775843836155,-0.0906602406075488,0,,
2026-08-10,10.835000038146973,15.68000030517578,10.704999923706056,10.729999542236328,233047.0,-0.0119705449862502,-0.0245454961603338,-0.0466459855056757,-0.0372365095093604,0.0084585710535296,0.0282701591525633,11.176249885559082,11.159949932098389,11.04915596961975,1,0,-0.1207518498716275,-0.0558817021558159,0,34.819060532929,22.353503007076863,0.168498254846671,-0.8097294400790416,-0.0887473554266133,-1.6624081679471563,0.0139149116931037,-0.0689434935765012,-0.0830025495011629,-0.0994910557390434,0,,
2026-08-11,10.734999656677246,10.829999923706056,10.710000038146973,10.779999732971191,151582.0,0.0046598502206871,-0.0146252151324582,-0.0468612437649643,-0.0200000242753461,-0.003236231971344,0.0345489111364083,11.145249891281129,11.159149932861329,11.047224969863892,0,0,-0.1290358365097557,-0.0705125290266038,0,37.25744112430646,26.029080999231454,0.1683794947658989,-0.3973278274162031,-0.0845010545896963,-0.8928925979519933,0.0140245643852905,-0.0733194777113465,-0.0583543566393179,-0.1094356123477717,0,,
2026-08-12,10.84000015258789,10.90999984741211,10.8149995803833,10.890000343322754,86536.0,0.0102041385043007,0.0097357902082715,-0.0447367800239688,-0.0131399643039741,-0.0036596487407309,0.0411090156412616,11.121749925613404,11.157849941253662,11.04607497215271,0,0,-0.1252806681040645,-0.081466156842096,0,42.36566887043686,29.470952144881498,0.1702614177260391,-0.2287846521346715,-0.0751591765501884,-0.5866281311885471,0.0141322771556717,-0.0702849189356855,-0.0466648897545927,-0.1122431780715889,0,,
2026-08-13,10.925000190734863,10.989999771118164,10.899999618530272,10.9399995803833,160497.0,0.0045912980242652,0.0115580217152047,-0.0369718388192974,0.0018314564056436,-0.0240856785767061,0.0443913300219211,11.103999900817872,11.162249927520753,11.045424971580506,0,0,-0.1169223415465801,-0.0885573937829928,0,44.57453959918653,32.69704991850944,0.1717360294370797,0.1264602766441269,-0.0709129567047233,0.0817645941603569,0.0140987881450462,-0.0655329045964375,-0.0504693522953012,-0.1498089786710461,0,,
2026-08-14,10.96500015258789,11.0,10.9399995803833,10.994999885559082,62027.0,0.0050274503917169,0.0124309606951811,-0.0265604416740558,0.0189990662123087,-0.0380577784778989,0.0597590251141284,11.084499883651734,11.162549934387208,11.045074973106384,0,0,-0.1046538580297244,-0.0917766866323391,0,46.98167993588729,35.6966858873065,0.1726275935829258,0.5334808409330325,-0.0662420176849694,0.8482052499247098,0.0141977771620189,-0.0586849763875658,-0.0329629433762134,-0.1597272396678301,0,,
2026-08-17,10.984999656677246,11.020000457763672,10.890000343322754,10.904999732971191,57329.0,-0.0081855528444432,0.0163094313327798,-0.0421607805235667,-0.0009161913803743,-0.0496732574770973,0.051084311611681,11.069749879837037,11.163849925994873,11.04459997177124,0,0,-0.1010286610872963,-0.0936270815233306,0,43.64160903852259,38.33641554761116,0.1708491925340743,0.0598255811008335,-0.0738853429931296,-0.0409029754454895,0.0141484453341117,-0.078581687857682,-0.0537046104134572,-0.1659306083368377,0,,
2026-08-18,10.989999771118164,11.09000015258789,10.970000267028809,11.045000076293944,796378.0,0.0128381794361225,0.0245825927538971,-0.0138392621081091,0.0040909160267221,-0.0378919410529563,0.0625300230790091,11.06599988937378,11.168249931335447,11.04544997215271,0,0,-0.0858689647438346,-0.0920754581674314,1,49.63936608888637,40.82137465244697,0.1699796021746123,0.1800601237555411,-0.0619957168480523,0.1826372102760952,0.0144275544926134,-0.0464264452965964,-0.0326798789283513,-0.148475394127252,0,,
2026-08-19,10.960000038146973,11.024999618530272,10.904789924621582,10.904999732971191,734238.0,-0.012675449737953,0.0013773543779209,-0.0193345462950138,-0.0166817328287889,-0.0304512712929669,0.0440402155660102,11.043999862670898,11.168649921417236,11.045724968910218,0,0,-0.0841812646287643,-0.090496619459698,1,44.5352677255465,42.91794231398849,0.1736990914396383,-0.3162162484922025,-0.0738853429931296,-0.7447488842400705,0.0142148590364742,-0.0458320339812533,-0.0528001995083605,-0.1393724592131653,0,,
2026-08-20,10.920000076293944,10.989999771118164,10.890000343322754,10.96500015258789,183170.0,0.0055021018877505,0.0022852443476706,-0.0334949409869372,-0.0179131043393163,-0.0300752006554326,0.0492823304040777,11.017499876022338,11.168849925994872,11.04624997138977,0,0,-0.0771133035477742,-0.0878199562773132,1,47.04821448644496,44.814333918456256,0.157924832932182,-0.346539771362761,-0.0687897657905387,-0.7997229428683008,0.0144141469936708,-0.0527465042077501,-0.0422218547331691,-0.1340353398044957,0,,
2026-08-21,10.885000228881836,10.914999961853027,10.699999809265137,10.699999809265137,314668.0,-0.0241678376320141,-0.0268303846625228,-0.0691605118928871,-0.0459206719853603,-0.059133927064232,0.0214796581958538,10.974999856948852,11.163749923706057,11.045474972724914,0,0,-0.0918365716434284,-0.0886232793505363,0,38.70694591675498,45.918282080403664,0.1666598742138242,-0.9898231052306312,-0.0912951035321828,-2.0501089170802995,0.0140084763310181,-0.1026391750957167,-0.0671756066220767,-0.1573520966897724,0,,
2026-08-24,10.654999732971191,10.6850004196167,10.625,10.654999732971191,653569.0,-0.0042056146818787,-0.0229252642018987,-0.0774892158427512,-0.0452509069306145,-0.0690257739552663,0.0304641756029822,10.937499856948852,11.155849914550782,11.044399971961974,0,0,-0.1059150747088448,-0.092081638422198,0,37.49139798138231,46.68520702358987,0.1640167942593722,-0.9741791050950596,-0.095116766186263,-2.020207540386141,0.0139906727754546,-0.1071411889712752,-0.0639319244106958,-0.1722932208375776,0,,
2026-08-25,10.739999771118164,10.765000343322754,10.720000267028809,10.75,48133.0,0.0089160271618624,-0.0267089247855332,-0.0574309292684703,-0.0302210227328941,-0.0631808590299035,0.0381458691671139,10.90224986076355,11.147049922943117,11.044124970436096,0,0,-0.1081598626500053,-0.0952972832677594,0,41.6569142839621,47.47553195203081,0.1663944931002585,-0.6139094073330317,-0.0870488026952658,-1.349204737416402,0.0140704456969934,-0.0904369250899232,-0.046996632490172,-0.1637154079933203,0,,
2026-08-26,10.760000228881836,10.854999542236328,10.739999771118164,10.824999809265137,123196.0,0.0069767264432685,-0.0073360775483721,-0.0549978279037032,-0.0145653029051169,-0.0660052056299532,0.0479186727216829,10.880499839782717,11.141599922180175,11.043824968338011,0,0,-0.1027031178460049,-0.0967784501834085,0,44.78518745922488,48.298990373731215,0.1680313732722196,-0.2490987997148611,-0.0806793919356162,-0.6502617682789014,0.014165466505207,-0.0861081007597339,-0.0294145534989577,-0.1593876468713404,0,,
2026-08-27,10.795000076293944,10.80500030517578,10.664999961853027,10.675000190734863,306388.0,-0.013856777937482,-0.0264477845706717,-0.0519538211594748,-0.0051257552514305,-0.0809297975812881,0.0409556383819547,10.86149983406067,11.13199993133545,11.042524967193604,0,0,-0.1092232660692626,-0.0992674133605794,0,40.14858177298648,48.76891472491548,0.1649451910214845,-0.0360166227093784,-0.0934182134549154,-0.2288371683907206,0.0138782368516397,-0.1031489894560379,-0.0238455530596929,-0.1827697912298189,0,,
2026-08-28,10.744999885559082,10.789999961853027,10.694700241088867,10.699999809265137,432685.0,0.0023418845979947,0.0,-0.032112210412553,-0.0110905627489514,-0.0864460911198892,0.0439024204161109,10.842999839782715,11.124099922180177,11.041399965286256,0,0,-0.1110926631583542,-0.1016324633201343,0,41.24045471559366,49.20527305101516,0.1553492575097883,-0.1783355418236985,-0.0912951035321828,-0.4951334683062267,0.0139423801299797,-0.0669101348814995,-0.0261703654507269,-0.1897367377173068,0,,
2026-09-01,10.515000343322754,10.574999809265137,10.460000038146973,10.545000076293944,343304.0,-0.01448595661067,-0.0103237596840909,-0.0474254411023823,-0.0374258192850275,-0.0977540041673631,0.0328109732512567,10.820249843597413,11.111699924468994,11.039649963378906,0,0,-0.1236559283152196,-0.1060371563191514,0,36.76245174658208,48.65828136592777,0.1612510351294962,-0.8102488307429885,-0.1044585632343191,-1.6708598225594704,0.0138769526167204,-0.0658696790901504,-0.0494022449507458,-0.1913545162677967,0,,
2026-09-02,10.625,10.625,10.44361972808838,10.550000190734863,67265.0,0.0004741692180885,-0.0186046334200127,-0.0409090735695578,-0.0158582156771777,-0.0749670813024724,0.0368550361641728,10.80074987411499,11.09859992980957,11.037949962615969,0,0,-0.1316908884306951,-0.1111679027414601,0,37.00009991448721,48.23121136393296,0.1608123209273694,-0.3056487216713618,-0.1040339250514821,-0.729004469765698,0.0138222046734799,-0.0502974109635233,-0.0287399435381875,-0.1818692332257681,0,,
2026-09-03,10.604999542236328,10.69499969482422,10.579999923706056,10.69499969482422,68609.0,0.0137440285751555,-0.0120092486587989,-0.0223948715682213,-0.0259562713382464,-0.0748270496015397,0.0547336620029739,10.796249866485596,11.086499919891358,11.036799960136412,0,0,-0.1249184222299266,-0.1139180066391535,0,43.61733143189369,47.95079212735945,0.1690628864192908,-0.5778605793919003,-0.0917197417150196,-1.1932135499496814,0.0138670117746269,-0.0247213977934851,-0.0732181590900683,-0.1845092949503788,0,,
2026-09-04,10.68000030517578,10.734999656677246,10.600000381469728,10.710000038146973,317992.0,0.0014025566854398,0.0032786741720609,-0.0069540853339125,-0.0119926303146667,-0.0638111511374609,0.0614469649338969,10.79099988937378,11.07379991531372,11.035674958229064,0,0,-0.1169921786197623,-0.1145328410352752,0,44.2694835396287,47.75865831580625,0.1622774494709402,-0.2270783663637085,-0.090445827166509,-0.5513029512028708,0.0139401897738365,-0.007469876048639,-0.0541580348070416,-0.1762252628783145,0,,
2026-09-07,10.65999984741211,10.69499969482422,10.649999618530272,10.65999984741211,28945.0,-0.0046685518727145,-0.0037383142585097,-0.0143319222362556,-0.0152424909709285,-0.0657318150771146,0.0606964820995334,10.780999898910522,11.057799911499025,11.034774956703188,0,0,-0.1134375337003934,-0.1143137795682989,1,42.50468466144946,47.58024834793543,0.1625571017706813,-0.3096804259318114,-0.094692128003426,-0.7006995159084498,0.0138751092747619,-0.0164179697034984,-0.0600365273871749,-0.1886905085131321,0,,
2026-09-08,10.654999732971191,10.850000381469728,10.640000343322754,10.8100004196167,234350.0,0.0140713484382464,0.0251304259274971,-0.0046039814586739,-0.0068901982258241,-0.0550698587303176,0.0734856749968746,10.78499994277954,11.045799922943116,11.03434995651245,0,0,-0.0973939624486668,-0.1109298161443725,1,49.0648433888254,47.69448390441394,0.1697105150006283,-0.093045842233181,-0.0819532254926749,-0.3167434096274966,0.0141480544183631,0.0048826689378751,-0.0618564770472092,-0.1676721953142518,0,,
2026-09-09,10.779999732971191,10.8149995803833,10.649100303649902,10.649999618530272,76786.0,-0.0148011836147644,0.0094786185770148,-0.0074557248013994,-0.0278411964673572,-0.0747176883796735,0.0415647160102554,10.778499937057497,11.03129991531372,11.033924956321716,0,0,-0.0964779068543659,-0.1080394342863712,1,43.37922623037807,47.800559778286846,0.1724526547620174,-0.6139130495465261,-0.0955414043691,-1.27986383093136,0.0140037318559598,0.0063830920968122,-0.0616777304028351,-0.1824890366243065,0,,
2026-09-10,10.704999923706056,10.739999771118164,10.600000381469728,10.600000381469728,280976.0,-0.0046947642114041,-0.0088825914974515,-0.0166975283822062,-0.0324052528259838,-0.0673118702204047,0.0286268867110834,10.763999938964844,11.02059991836548,11.032899956703186,0,0,-0.0986492792812754,-0.106161403285352,1,41.7510532772481,47.62599760076692,0.1721070568871889,-0.7283485156522534,-0.0997876242145648,-1.4896741622720835,0.0140220396081524,-0.0001800253518539,-0.0553697408819294,-0.1720168922917245,0,,
2026-09-11,10.609999656677246,10.744999885559082,10.539999961853027,10.55500030517578,124328.0,-0.004245290063632,-0.0144724306647164,-0.0307621696589184,-0.0447963689606203,-0.0821738865064539,0.0183309732998786,10.744749975204469,11.005999927520753,11.031349959373474,0,0,-0.1028160383596379,-0.1054923303002092,1,40.28549857316965,47.12518529013053,0.1677477024538033,-1.0513445567066777,-0.1036092868686453,-2.0592955642899624,0.0138444973140495,-0.020363302987353,-0.0590434688851894,-0.2043653010592371,0,,
2026-09-14,10.550000190734863,10.59000015258789,10.380000114440918,10.399999618530272,391248.0,-0.0146850480496434,-0.0243902657226544,-0.0493601446586261,-0.0705987481213085,-0.1007349765778735,-0.0019194297137458,10.714999961853028,10.986799926757811,11.028549957275391,0,0,-0.1172736275880854,-0.1078485897577845,0,35.644303846624865,45.799762912172106,0.1722545946900131,-1.7259398151672785,-0.1167728275622334,-2.8362266007733026,0.013702325232896,-0.0281203538964802,-0.0858403905948527,-0.2213937278080467,0,,
2026-09-15,10.359999656677246,10.414999961853027,10.300000190734863,10.30500030517578,147516.0,-0.0091345496960622,-0.0467160124734598,-0.0627557605789113,-0.071412440020996,-0.1089493576242534,0.0004854479949829,10.684999990463258,10.96779993057251,11.025149960517885,0,0,-0.1348426398427769,-0.1132473997747829,0,33.125388592135764,44.16409379362809,0.1715955764604827,-1.7455908323061589,-0.1248407100617786,-2.650004083262268,0.0136397226930266,-0.0393057633335111,-0.0938905733144835,-0.2170634120117321,0,,
2026-09-16,10.265000343322754,10.34000015258789,10.265000343322754,10.3149995803833,305855.0,0.0009703323543328,-0.0314554037696014,-0.0541036375089518,-0.0753025703895873,-0.1153516539133854,0.0024295061829884,10.648499965667725,10.945099925994873,11.021424956321717,0,0,-0.1462732042440837,-0.1198525606686431,0,33.65682634250631,42.46660254976161,0.1710569465305253,-1.8545232122869184,-0.1239915146875567,-2.794360743784701,0.0137134323549814,-0.0307463448355997,-0.0842669278067624,-0.2171920524091323,0,,
2026-09-17,10.3100004196167,10.35990047454834,10.279999732971191,10.31999969482422,480860.0,0.0004847420886404,-0.0264151581668796,-0.0656405954243316,-0.069851334254373,-0.1057192609238888,0.0038910469739348,10.619249963760376,10.924399929046633,11.018574953079224,0,0,-0.153162974013421,-0.1265146433375987,0,33.93952835873185,40.9603418022025,0.162138728760306,-1.7115938895469718,-0.1235668765047196,-2.592073887140433,0.0135662554040846,-0.0596982038064553,-0.0891959210873158,-0.2284587997664047,0,,
2026-09-18,10.345000267028809,10.354999542236328,10.220000267028809,10.25,203290.0,-0.0067829163657172,-0.0288962857752091,-0.0600641677221508,-0.0819525270917391,-0.0992970213600418,0.0014655929483073,10.583499956130982,10.90369993209839,11.015949954986572,0,0,-0.1623995160236564,-0.1336916178748103,0,31.890735356849817,39.22850500653808,0.159045058538312,-2.0396628191344104,-0.1295116490815324,-2.9124663502233816,0.013456918125676,-0.0533203255025851,-0.1050261818763144,-0.2258293467539511,0,,
2026-09-21,10.225000381469728,10.239999771118164,10.154999732971191,10.225000381469728,115338.0,-0.002438987173685,-0.0168268503345651,-0.0674874382873138,-0.0874609146728305,-0.0846015835603962,-0.0087250802302241,10.559749984741211,10.883099937438963,11.013449954986571,0,0,-0.1697796878400872,-0.1409092318678657,0,31.167114958844124,37.26264528064093,0.1561127772371094,-2.192979956216132,-0.1316347590042649,-3.049581058680242,0.0132191343005426,-0.0829055436754571,-0.136700416615501,-0.2363187060142918,0,,
2026-09-22,10.18000030517578,10.204999923706056,10.114999771118164,10.204999923706056,142833.0,-0.0019560349161372,-0.0097040639018222,-0.0462616723722237,-0.0969026768624856,-0.0793865684630183,-0.0201632298527255,10.537249994277952,10.860999927520751,11.01082495689392,0,0,-0.1752225405909158,-0.1477718936124757,0,30.569494088407524,35.2165801065092,0.1363721025808422,-2.471497907985411,-0.1333333117356124,-3.3285523065530738,0.013195324238118,-0.0580471475758967,-0.1458962129265305,-0.2237832269498842,0,,
2026-09-23,10.135000228881836,10.154999732971191,9.96500015258789,9.96500015258789,267499.0,-0.0235178611379163,-0.0339311141089163,-0.0647582916635973,-0.1216394959858676,-0.1150088854325488,-0.0495946133635016,10.498000001907348,10.832299938201905,11.00752495765686,0,0,-0.1966353267317231,-0.1575445802363252,0,24.49889867419033,32.86487883866484,0.1550493803537544,-3.055103208883952,-0.1537154585630722,-3.545580232178144,0.0129784714763725,-0.0723482934185919,-0.1620551283960513,-0.2509281050485912,0,,
2026-09-24,9.949999809265137,9.984999656677246,9.862500190734863,9.885000228881836,1892614.0,-0.0080280905650843,-0.0421511122873917,-0.0804650949877362,-0.137434537872812,-0.1232815464901653,-0.0572245538809634,10.451000022888184,10.802799949645996,11.004274959564208,0,0,-0.217552628001135,-0.1695461897892872,0,22.86867404140804,31.16154044987103,0.1494617654751014,-3.525508282568832,-0.1605095075055587,-3.813499036424623,0.0128848514341527,-0.0842613154105028,-0.1824030374911592,-0.2531820316106471,0,,
2026-09-25,9.837499618530272,9.88249969482422,9.792719841003418,9.797499656677246,397772.0,-0.0088518533311645,-0.0441463749583174,-0.0949191843595647,-0.1413234191322616,-0.1256135900591134,-0.071327063550053,10.407124996185305,10.772849941253662,11.000712456703186,0,0,-0.2384416973994625,-0.1833252913113222,0,21.2065021489496,29.892066737867264,0.1448763842508196,-3.6245955287743135,-0.1679405542180265,-3.725614880305626,0.0127017566173315,-0.1033294517577237,-0.1771527103868965,-0.2724249858943141,0,,
2026-09-28,9.899999618530272,9.9350004196167,9.779999732971191,9.789999961853027,403288.0,-0.0007654702819108,-0.042542826737203,-0.0829040012242765,-0.1393406626942394,-0.139718816924283,-0.0777201909612695,10.361625003814698,10.740949935913086,10.997637457847595,0,0,-0.2526887593653324,-0.1971979849221243,0,21.06517764895655,28.40982584407097,0.1415071651968458,-3.568011246018248,-0.1685774709965559,-3.6576919780559423,0.0127871894948673,-0.0786157037407487,-0.1625990240124893,-0.291093005492407,0,,
2026-09-29,9.832500457763672,9.890000343322754,9.770000457763672,9.838749885559082,804638.0,0.0049795632171614,-0.0358892739720831,-0.0804906485101334,-0.1164122421803418,-0.1392170058732318,-0.0718160819353759,10.326312494277952,10.713724937438965,10.994406208992004,0,0,-0.257082460617136,-0.2091748800611266,0,24.58345506893562,27.082951924013532,0.1432978344237892,-3.0039968565587154,-0.1644373499532111,-3.055821008293119,0.012874574363254,-0.0765870501859012,-0.1398689328224674,-0.291746741023977,0,,
2026-09-30,9.957500457763672,9.975000381469728,9.8725004196167,9.912500381469728,345534.0,0.0074959214095779,-0.0052684164891385,-0.0599810042909462,-0.1216215759415472,-0.1165329638539591,-0.0787639246639847,10.294437503814695,10.689574947357178,10.991693711280822,0,0,-0.2517118740538286,-0.217682278859667,0,29.68920063178402,25.33889735753533,0.1431637162601605,-3.190681042520084,-0.1581740379956815,-3.1925660039099983,0.0129977844013531,-0.0633545591492436,-0.1443055885670827,-0.2504123075661071,0,0.396442,0.449
