Date,open,high,low,close,volume,ret_1d,ret_5d,ret_21d,ret_63d,ret_126d,ret_252d,sma20,sma50,sma200,trend_sma,above_sma200,macd,macd_signal,macd_bullish,rsi,adx,vol_21,sharpe_63,drawdown,calmar_63,rs_ratio,rs_mom_21,rs_mom_63,rs_mom_126d,rs_positive,score,score_pct
2024-10-07,1897.344381813408,1897.344381813408,1882.3535123231777,1884.352294921875,61838.0,,,,,,,,,,0,0,0.0,0.0,0,,0.0,,,0.0,,3.395276407308748,,,,0,,
2024-10-08,1881.8539506203008,1886.8509074727176,1875.8576023974,1877.356689453125,53197.0,-0.0037124721781602,,,,,,,,,0,0,-0.5580539975071588,-0.1116107995014317,0,0.0,7.142857142857142,,,-0.0037124721781602,,3.3509800097832114,,,,0,,
2024-10-09,1873.85893615674,1882.8534590502925,1873.359240440432,1880.35498046875,54329.0,0.001597081168682,,,,,,,,,0,0,-0.749736290632427,-0.2392358977276308,0,3.191669070619028,13.775510204081632,,,-0.0021213201288832,,3.3332441806216626,,,,0,,
2024-10-10,1882.3536514937164,1886.8509126732872,1873.8588248211936,1874.3585205078125,40169.0,-0.0031890042163436,,,,,,,,,0,0,-1.369720804458893,-0.4653328790738834,0,2.9863787027407227,15.142957667376416,,,-0.0053035594463914,,3.328439041298258,,,,0,,
2024-10-11,1871.859965146821,1885.3517481310607,1868.9467003748327,1883.8526611328125,35550.0,0.0050652746105519,,,,,,,,,0,0,-1.0824869599703106,-0.5887636952531689,0,12.574514492683718,17.885652703049217,,,-0.0002651488208489,,3.325385602527484,,,,0,,
2024-10-14,1890.3486846457297,1897.8441195570929,1883.3529453951244,1895.8453369140625,22800.0,0.0063660370201343,0.0060992002520761,,,,,,,,0,0,0.1115705242154945,-0.4486968513594361,1,22.93549736653226,17.79676324871485,,,0.0,,3.31940732796277,,,,0,,
2024-10-15,1896.345009317204,1911.3358789560748,1891.3480527709128,1909.8367919921875,32846.0,0.0073800614457819,0.0173009757397375,,,,,,,,0,0,2.1619416588073364,0.0734308506739183,1,32.92322218479097,19.780932083218524,,,0.0,,3.3700902922989022,,,,0,,
2024-10-16,1914.8338929564263,1932.3232421875,1914.33419726411,1932.3232421875,605103.0,0.0117740166539865,0.0276374739123965,,,,,,,,0,0,5.537511176887847,1.1662469159167042,1,45.21273140824992,23.05272059833865,,,0.0,,3.3950135766510554,,,,0,,
2024-10-17,1933.3225534176013,1940.318292819992,1923.328639985616,1925.5772705078125,43817.0,-0.0034911196700457,0.027326015508561,,,,,,,,0,0,7.580942418293489,2.449186016392061,1,42.68601634314712,26.41299737808656,,,-0.0034911196700457,,3.382870602000729,,,,0,,
2024-10-18,1916.3327807233688,1926.3266935302704,1909.8367373988824,1924.5777587890625,44176.0,-0.0005190712074029,0.0216179845146493,,,,,,,,0,0,9.015795676379868,3.762507948389622,1,42.308745077377736,27.195949639916087,,,-0.0040083787377463,,3.368158475929397,,,,0,,
2024-10-21,1929.8245722178624,1931.323659146048,1900.342529296875,1900.342529296875,43497.0,-0.0125924917200728,0.0023721304134085,,,,,,,,0,0,8.103929686314359,4.63079229597457,1,34.37534883105285,26.674467531011548,,,-0.0165503949817531,,3.3312158207654394,,,,0,,
2024-10-22,1889.348985431508,1905.8389395492643,1884.352029638248,1898.343505859375,44970.0,-0.0010519279586084,-0.0060179415230678,,,,,,,,0,0,7.137686033142472,5.1321710434081504,1,33.81215576867989,24.9538748977496,,,-0.0175849131171542,,3.329479934618896,,,,0,,
2024-10-23,1901.341874316598,1913.834265080833,1895.8452223803345,1910.0865478515625,82296.0,0.0061859415621787,-0.0115077507998943,,,,,,,,0,0,7.236083261138219,5.552953486954165,1,40.02807785523619,23.658724095310447,,,-0.0115077507998943,,3.380968673797541,,,,0,,
2024-10-24,1913.3346883728195,1919.3310363123528,1909.337123079797,1912.08544921875,16114.0,0.0010464977984561,-0.007006637176136,,,,,,,,0,0,7.390169138447391,5.920396617252811,1,41.0430583750628,22.87925714561001,,,-0.0104732958373153,,3.3772034620218325,,,,0,,
2024-10-25,1915.3333837992857,1919.8306445491403,1909.3370361328125,1909.3370361328125,27371.0,-0.0014373903044241,-0.0079189955233813,,,,,,,,0,0,7.207426612236532,6.177802616249555,1,40.03965537460939,22.19401425092688,,,-0.0118956319278475,,3.373513950994258,,,,0,,
2024-10-28,1905.339450663401,1910.3364069987365,1894.865849703899,1903.0908203125,48091.0,-0.003271405572776,0.0014462082352288,,,,,,,,0,0,6.483842725838485,6.239010638167342,1,37.77914027497642,20.9684227773496,,,-0.0151281220640431,,3.3521149231180405,,,,0,,
2024-10-29,1903.3407196359533,1908.3376761065128,1889.349241518388,1890.3486328125,92212.0,-0.0066955225488963,-0.004211499669158,,,,,,,,0,0,4.826571530218189,5.956522816577511,0,33.61042038172208,20.252705505562677,,,-0.0217223539305372,,3.3242910188838017,,,,0,,
2024-10-30,1888.8496559269647,1902.8411348597576,1882.853307812912,1897.344482421875,35769.0,0.0037008250689538,-0.0066709361646568,,,,,,,,0,0,4.0312094907478695,5.571460151411583,0,37.67656818022388,20.05357544977726,,,-0.0181019194935662,,3.346717796387825,,,,0,,
2024-10-31,1894.8459405838817,1900.342592837685,1877.8562881630344,1898.843505859375,70176.0,0.0007900639295541,-0.0069253930909758,,,,,,,,0,0,3.4817031016673354,5.153508741462734,0,38.54511314524741,20.20562813100127,,,-0.0173261572376597,,3.416333001919739,,,,0,,
2024-11-01,1879.3553380339256,1879.855033683496,1864.3644685468164,1866.1134033203125,49192.0,-0.0172368615096848,-0.0226380319422523,,,,,1898.718572998047,,,0,0,0.4005522740390006,4.202917447977987,0,29.03168872508583,21.13893964679126,,,-0.0342643701745439,,3.3433355057693483,,,,0,,
2024-11-04,1857.8683619225544,1870.860448369565,1847.8744492710075,1867.6124267578125,32364.0,0.0008032863569988,-0.018642512052505,,,,,1897.881579589844,,,0,0,-1.8984392656873297,2.982646105244924,0,29.885226649698325,22.75841242693904,,,-0.0334886079186375,,3.3532443904400364,,,,0,,
2024-11-05,1870.8604801676256,1870.8604801676256,1857.868393499795,1866.8629150390625,27446.0,-0.0004013208029736,-0.0124240139441871,-0.0092813747885385,,,,1897.356890869141,,,0,0,-3.737798936590707,1.6385570968777976,0,29.69293247422448,24.2622052105964,0.1042984210750613,,-0.0338764890465906,,3.311851640670485,-0.0245708321298027,,,0,,
2024-11-06,1920.3304970795248,1935.2464619169173,1862.365798234554,1853.8709716796875,39560.0,-0.006959238010844,-0.0229128190188718,-0.0125099923234507,,,,1896.032690429688,,,0,0,-6.1726910386264535,0.0763074697769472,0,26.50887271464657,23.68324822109771,0.1061780242914192,,-0.0405999725071878,,3.209010002885316,-0.0423667125686854,,,0,,
2024-11-07,1860.866602295478,1872.3596022559493,1854.8702544900148,1864.1146240234373,97912.0,0.0055255476245299,-0.0182894913292078,-0.0086368566648326,,,,1895.5204956054688,,,0,0,-7.192868526604343,-1.377527729499311,0,32.64200932655788,22.733442840586317,0.1080476105396673,,-0.0352987619643009,,3.201983696558127,-0.0393791984477581,,,0,,
2024-11-08,1872.8593398282896,1895.345644602109,1868.8617745351664,1893.8465576171875,47031.0,0.0159496273515509,0.0148614517464642,0.0103971768987372,,,,1896.0201904296875,,,0,0,-5.538404693164239,-2.2097031222322965,0,46.5775681770637,22.753689529912872,0.1213268313848749,,-0.0199121367120517,,3.2390237618807576,-0.02686402794465,,,0,,
2024-11-11,1899.343179945041,1911.8355712890625,1897.8440929837584,1911.8355712890625,19607.0,0.0094986648202948,0.0236789731625537,0.0148540863803132,,,,1896.8197021484373,,,0,0,-2.744035588374345,-2.3165696154607063,0,52.923666263636974,23.312468217019862,0.1243535539344244,,-0.0106026106042405,,3.266677165025864,-0.0176546255138045,,,0,,
2024-11-12,1897.8438689880527,1910.3362588576424,1894.845695419352,1899.8426513671875,33029.0,-0.0062729871239861,0.0176658586243516,0.002108460207852,,,,1896.3199951171875,,,0,0,-1.480144168550396,-2.1492845260786444,1,48.76465101420595,23.655367884275744,0.1248445736297387,,-0.0168090876884255,,3.256300152264642,-0.019011579316136,,,0,,
2024-11-13,1889.3492816957105,1909.3371080029915,1879.3553685420704,1902.841064453125,53830.0,0.0015782428527855,0.0264150491169665,-0.0036629975757065,,,,1894.8458862304688,,,0,0,-0.2338584604819971,-1.766199312959315,1,49.82626884234124,23.1044847531917,0.1221886495010853,,-0.015257373658146,,3.2598560090710063,-0.0327095934135046,,,0,,
2024-11-14,1886.9761839572548,1900.6887146571423,1879.8300368258729,1882.228759765625,8459.0,-0.0108323837826276,0.0097172864311803,-0.0259244837137937,,,,1892.6784606933595,,,0,0,-0.8990451490553824,-1.5927684801785285,1,43.19956382659134,22.592950417185087,0.1194644696875719,,-0.0259244837137937,,3.245412570318208,-0.0440649213781403,,,0,,
2024-11-15,1877.9811981977043,1888.9752339508573,1868.9860780360336,1886.976318359375,28926.0,0.0025223069029829,-0.0036276641474357,-0.0200464311350422,,,,1890.798388671875,,,0,0,-1.0312346594157589,-1.4804617160259743,1,45.0135073196078,21.52496573394941,0.1198415126773881,,-0.0234675663150383,,3.295813463999389,-0.0257346934730081,,,0,,
2024-11-18,1888.4753822878608,1899.469417326319,1882.978364768632,1889.2249755859373,56167.0,0.0011916722031346,-0.0118266424386486,-0.0183691113760813,,,,1890.242510986328,,,0,0,-0.94366991402444,-1.3731033556256675,1,45.89485698011435,20.99137522115587,0.1200629413888409,,-0.0223038597583564,,3.286275968699911,-0.0243107644176071,,,0,,
2024-11-19,1896.471056452528,1897.830304334708,1882.9783769995047,1893.972412109375,60335.0,0.002512901631509,-0.0030898554959738,-0.0033520889467526,,,,1890.023956298828,,,0,0,-0.4855980983693371,-1.1956023041744015,1,47.79727515439183,20.49589831641901,0.1126290771192767,,-0.019847005532423,,3.28253466137498,-0.0146136311814446,,,0,,
2024-11-20,1900.468956456437,1900.468956456437,1881.9789876452649,1890.7242431640625,33003.0,-0.001715003304454,-0.0063677526806711,-0.0040136375064866,,,,1889.055841064453,,,0,0,-0.3802892344665451,-1.0325396902328303,1,46.59022214089108,20.15765807964199,0.1127204141147508,,-0.0215279711568056,,3.275794842966579,-0.0161241673494157,,,0,,
2024-11-21,1904.966429482016,1909.4639892578125,1887.4759192428048,1909.4639892578125,22710.0,0.0099114115458687,0.0144696702517599,-0.0003259321387558,,,,1888.9247680664064,,,0,0,1.2014600109355342,-0.5857397499991575,1,53.83385734520828,20.25223860958238,0.1160556322185847,,-0.0118299321928195,,3.2905985252361742,-0.0267290700625931,,,0,,
2024-11-22,1913.9615164259585,1932.9512129335787,1913.9615164259585,1931.4520263671875,23650.0,0.0115152928953226,0.0235698283942862,0.0101285102903483,,,,1890.030517578125,,,0,0,4.181061838583219,0.3676205677173177,1,60.58801973406362,21.239409196399137,0.1227090601786567,,-0.0004508644316291,,3.318205892508697,-0.0174693559853853,,,0,,
2024-11-25,1942.4460983149,1951.441217885177,1929.942872351885,1945.6943359375,65197.0,0.0073738873013069,0.0298902253999944,0.019041844952804,,,,1892.160693359375,,,0,0,7.603998941767031,1.8148962425272608,1,64.23767845842309,22.719644861330902,0.1247281495823607,,0.0,,3.331373832152693,-0.01249146126375,,,0,,
2024-11-26,1946.443942735669,1946.443942735669,1933.4509921551485,1945.9442138671875,32523.0,0.0001284260970864,0.027440632939278,0.0225177869060662,,,,1894.940472412109,,,0,0,10.219065294017128,3.4957300528252344,1,64.30014143210813,24.09414940733898,0.1238387104065948,,0.0,,3.314494709882496,-0.011222829198395,,,0,,
2024-11-27,1954.4396419943807,1964.933948433113,1947.443437701893,1957.937744140625,44437.0,0.006163347432043,0.0355490766141988,0.035754839162956,,,,1897.9701354980468,,,0,0,13.108198722361522,5.418223786732492,1,67.25630498889407,25.87573781071339,0.1216445740241195,,0.0,,3.345059046888916,0.0062473555675903,,,0,,
2024-11-28,1955.438978865129,1956.438436559412,1948.4427750051464,1953.4400634765625,13745.0,-0.0022971520302534,0.0230305857906454,0.0295653117156058,,,,1900.6999633789064,,,0,0,14.86359427595562,7.307297884577117,1,65.07992234357775,27.530069899561056,0.1221762324643058,,-0.0022971520302534,,3.337374937708037,-0.0027916481903168,,,0,,
2024-11-29,1951.9409320465668,1957.0281376929497,1948.9425588790605,1949.9420166015625,26452.0,-0.0017907111359098,0.0095731035417703,0.0269103328339117,,,,1904.8913940429688,,,0,0,15.790472018504488,9.00393271136259,1,63.36258032461491,29.082572743510216,0.1226690963192264,,-0.0040837496304418,,3.3108316353168363,-0.0308814645831124,,,0,,
2024-12-02,1943.4456288392064,1946.4440021416067,1923.734276875676,1928.9534912109373,38164.0,-0.0107636664126069,-0.0086040465952718,0.0336743135646608,,,,1907.958447265625,,,0,0,14.662411563203475,10.13562848173077,1,54.13243899732841,28.698566684393693,0.1119273675049799,,-0.014803459924314,,3.26933490848565,-0.0221337634694457,,,0,,
2024-12-03,1921.957290932058,1927.9540375496304,1914.251510569796,1915.4608154296875,43400.0,-0.0069948165379454,-0.0156650936960418,0.0256200847597378,,,,1910.3883422851563,,,0,0,12.535171696150428,10.6155371246147,1,49.17330611434463,27.768806897118075,0.1158206324342554,,-0.0216947289759621,,3.244961650860233,-0.032291931923755,,,0,,
2024-12-04,1910.4634210911363,1911.9626076627485,1898.969657375443,1904.4666748046875,40315.0,-0.0057396844333428,-0.027309892511116,0.0201427536337546,,,,1912.9181274414063,,,0,0,9.848654352206722,10.462160570133104,0,45.51444996249318,26.06935268352881,0.1182198913974179,,-0.027309892511116,,3.2064265445428504,-0.0318326747590334,,,0,,
2024-12-05,1905.4660819679125,1905.4660819679125,1886.556298591497,1887.7257080078125,21878.0,-0.0087903700381587,-0.0336403233953322,0.0182616464928253,,,,1914.098681640625,,,0,0,6.296135955324189,9.628955647171322,0,40.56485373475119,24.52716416596695,0.1199265122679,,-0.0358601984883997,,3.183478989973973,-0.0079560403016466,,,0,,
2024-12-06,1894.4722375617453,1897.5285628855463,1884.4776596795944,1888.9752197265625,31731.0,0.0006619138116568,-0.0312659537339758,0.0133364093509802,,,,1913.8551147460937,,,0,0,3.5407491324210696,8.411314344221271,0,41.07987905975798,23.193739732124776,0.1187349490523075,,-0.0352220210374112,,3.17955879405338,-0.0070034405636892,,,0,,
2024-12-09,1892.972971015169,1892.972971015169,1880.4797491895672,1882.9783935546875,109159.0,-0.0031746452305198,-0.0238342178107093,-0.0057386719207992,,,,1912.412255859375,,,0,0,0.863240569342679,6.901699589245553,0,39.31890688197114,22.151001786103777,0.1054379427763757,,-0.0382848488468352,,3.1858711709120726,-0.0164100651542677,,,0,,
2024-12-10,1889.9746962471245,1889.9746962471245,1869.9056275823368,1873.483642578125,18167.0,-0.0050424110064472,-0.021914921210302,-0.0200602652690882,,,,1911.094305419922,,,0,0,-2.0017760815624115,5.121004455083961,0,36.64075872928174,21.68192909131617,0.1004047602485223,,-0.043134211910077,,3.1796929133556477,-0.0266277465681331,,,0,,
2024-12-11,1872.483970722011,1872.983699563944,1859.5869160636344,1860.490478515625,45328.0,-0.0069352962402275,-0.023091082070823,-0.0207133853023266,,,,1908.9767761230469,,,0,0,-5.26012670384921,3.0447782232973264,0,33.29826364530061,21.69481651660685,0.100872678875574,,-0.0497703596126195,,3.1334173851590106,-0.0377369288332253,,,0,,
2024-12-12,1860.49066300198,1882.636607563683,1854.493916304149,1877.4814453125,97100.0,0.0091325201569594,-0.0054267750086021,-0.0133272397860055,,,,1908.7394104003904,,,0,0,-6.397616287897563,1.1562993210583483,0,40.89176636238045,21.100044504064645,0.1065201209192871,,-0.0410923682680415,,3.1784104153750774,-0.0249844144861904,,,0,,
2024-12-13,1882.478544596354,1882.478544596354,1864.0734923356367,1873.983154296875,200347.0,-0.0018632892614514,-0.0079366130762994,-0.0043807669104879,,,,1908.0897521972656,1899.323967285156,,1,0,-7.494970472795558,-0.5739546377124327,0,39.88498091662596,20.54775620670403,0.100015187296473,,-0.0428790905609715,,3.173118282014676,-0.0222758391228032,,,0,,
2024-12-16,1873.483673460031,1873.9834023673288,1859.9909929629864,1862.739501953125,73479.0,-0.0059998684182241,-0.0107483397955275,-0.0128442610383805,,,,1906.765478515625,1898.8917114257813,,1,0,-9.166237665333256,-2.292411243236597,0,36.752927547376416,20.23948974877395,0.1014496974485032,,-0.0486216900779367,,3.1406692843092205,-0.0470731069536639,,,0,,
2024-12-17,1848.9968659616584,1854.4938836712745,1842.0006616039657,1851.9952392578125,32543.0,-0.0057679899331317,-0.011469757638632,-0.0197063540918825,,,,1904.6666198730468,1898.384482421875,,1,0,-11.228268670334046,-4.079582728656088,0,34.00493466929048,20.764675976792308,0.1027606905780807,,-0.0541092305921671,,3.135472188228214,-0.0458889581727235,,,0,,
2024-12-18,1850.995688159943,1853.9940613049107,1844.4992130125136,1845.74853515625,35204.0,-0.0033729590493255,-0.0079236865383673,-0.0254617631412152,,,,1902.4178344726563,1897.692353515625,,1,0,-13.214175127706085,-5.906501208466088,0,32.48419534126008,21.25234890280936,0.1022995745854792,,-0.0572996814225147,,3.220890111130756,-0.0187795580560304,,,0,,
2024-12-19,1801.5225425096687,1809.0184754188635,1784.0320323882163,1800.77294921875,22447.0,-0.024367125359085,-0.0408571260638914,-0.0475750465836213,,,,1896.9832824707032,1896.220642089844,,1,0,-18.2072918841634,-8.36665934360555,0,24.120335365752798,23.49376701179908,0.1300470282844614,,-0.0802705782613417,,3.14337115751895,-0.040424901984309,,,0,,
2024-12-20,1794.0266582924276,1818.51337312706,1783.032623060552,1819.7626953125,43924.0,0.0105453306048319,-0.0289332691492195,-0.0469772116415656,,,,1891.3988159179687,1894.9388427734373,,0,0,-20.396935900870176,-10.772714655058476,0,32.07285930672583,24.972744772379876,0.1308124917503932,,-0.0705717274421167,,3.138819005741045,-0.04612520133681,,,0,,
2024-12-23,1820.0123848512687,1826.5088595912653,1803.521333588202,1812.0167236328125,26372.0,-0.004256583399385,-0.0272302049036532,-0.061837053731548,,,,1884.7149353027344,1893.2622705078124,,0,0,-22.49793751916718,-13.117759227880216,0,30.66126132320097,25.85464643403335,0.1209274705246905,,-0.0745279163980057,,3.106853791789046,-0.0636946915189342,,,0,,
2024-12-24,1824.510079017052,1831.0065542367788,1819.0130615234373,1819.0130615234373,35412.0,0.0038610779908245,-0.0178089970401829,-0.0651085178561839,,,,1878.3683776855469,1891.4457958984376,,0,0,-23.329522231467763,-15.160111828597728,0,33.507840967027505,26.398012393715437,0.1176969347914488,,-0.0709545965048875,,3.084564442180336,-0.0740863686897822,,,0,,
2024-12-27,1861.489958536929,1861.489958536929,1814.5154468315675,1822.5111083984373,12840.0,0.0019230465954269,-0.0125897034808404,-0.0634309578810847,,,,1871.5970458984373,1889.249553222656,,0,0,-23.43613873989148,-16.815317210856477,0,34.945851060107145,25.28049519782046,0.1184929879973344,,-0.069167998904699,,3.123166357017397,-0.057724742264525,,,0,,
2024-12-30,1818.0133881112208,1821.0117609338345,1799.5434310445792,1810.5174560546875,19710.0,-0.0065808390898036,0.0054112912125678,-0.0752936545235472,,,,1864.450915527344,1886.9483569335937,,0,0,-24.20935027972609,-18.2941238246304,0,32.361614898901,24.76916054856566,0.114097023825571,,-0.0752936545235472,,3.138428375560785,-0.0617719054975453,,,0,,
2024-12-31,1816.514308800034,1820.5121394658936,1805.5202744689195,1819.2628173828125,2729.0,0.0048303104169908,-0.0002746940197065,-0.068687669820262,,,,1857.9169555664064,1884.8420581054688,,0,0,-23.84161710351009,-19.40362248040634,0,36.07377438053682,24.29434980282906,0.1178090328830494,,-0.0708270358303345,,3.165101820813717,-0.0516193475740038,,,0,,
2025-01-02,1840.001652735643,1856.49270502795,1830.5068044461325,1847.997314453125,19004.0,0.0157945827264527,0.0198566549364827,-0.0522808890113106,,,,1853.869146728516,1883.7951538085936,,0,0,-20.989597132449266,-19.720817410814927,0,46.46930784449454,22.84305008500557,0.1352174100677945,,-0.0561511365805733,,3.223013125031469,-0.0265246076993471,,,0,,
2025-01-03,1827.0088779611724,1844.999118553788,1827.0088779611724,1844.4993896484373,58709.0,-0.001892819203432,0.0140110748317854,-0.0437823420560971,,,,1850.321075439453,1882.718271484375,,0,0,-18.794947599571515,-19.535643448566248,1,45.49932462740452,21.352745074260863,0.131852239531488,,-0.0579376718343912,,3.1771866638869164,-0.0281856240422356,,,0,,
2025-01-06,1845.498632274248,1849.4964630509048,1836.5035130267693,1836.0037841796875,61661.0,-0.0046059139495671,0.0074033435072486,-0.0414819403299439,,,,1846.897930908203,1881.2366162109372,,0,0,-17.53901751747844,-19.136318262348688,1,43.14381382879172,20.15029458250936,0.1309909339580508,,-0.0622767298530508,,3.1444392213236294,-0.0309780023162848,,,0,,
2025-01-07,1808.019013685308,1829.007625784474,1808.019013685308,1816.514404296875,89465.0,-0.0106151087763254,0.0033122841329877,-0.0461821000447972,-0.0360006410732302,,,1843.337365722656,1879.3251953125,,0,0,-17.909860235635733,-18.891026657006098,1,38.25147323330125,19.509442129038742,0.1338111445770664,-1.1702582908054304,-0.0722307643677523,,3.146629822840276,-0.0186490227896676,-0.0732330905175291,,0,,
2025-01-08,1809.5181985640504,1826.2031154524743,1808.019011986947,1823.2607421875,7812.0,0.0037138917669283,0.0021975520889494,-0.0341495406598794,-0.0288149543288884,,,1840.0516418457032,1877.6036694335935,,0,0,-17.458136149063876,-18.60444855541765,1,40.75584285845949,18.914364911996817,0.1330780785455923,-0.9202738689542208,-0.0687851298419283,,3.153708689681791,-0.0093514989060522,-0.0588697394569603,,0,,
2025-01-09,1834.504747955772,1839.002307948036,1828.50800129942,1832.006103515625,25170.0,0.0047965500083286,-0.0086532652468882,-0.0301587419549018,-0.02571263269719,,,1837.50302734375,1876.1819750976565,,0,0,-16.207632486411285,-18.125085341616384,1,43.93047256022414,17.785386965822426,0.1347317253838596,-0.8104416558522181,-0.0643185111487156,,3.168835611123551,-0.0033725380231635,-0.0493238900569981,,0,,
2025-01-10,1836.003788340413,1837.5029748850568,1817.0140921082584,1818.0135498046875,30249.0,-0.0076378313828134,-0.0143593649270862,-0.0345011095041613,-0.0300609355609617,,,1834.729522705078,1874.7352734375,,0,0,-16.159405895901727,-17.731949452473454,1,40.21714942815906,17.190992187672695,0.1363404525247703,-0.9529978448426,-0.0714650885885817,,3.193387427118766,0.0023592467502513,-0.0405750601119061,,0,,
2025-01-13,1813.516208400537,1820.0126842090813,1807.5194615003425,1813.0164794921875,19126.0,-0.0027486430522131,-0.0125202926516682,-0.0322752554181513,-0.0376017631856778,,,1832.3558227539063,1873.0487133789063,,0,0,-16.33609544797082,-17.452778651572928,1,38.95090490278263,16.995589982497957,0.1358488601095487,-1.2167176885300923,-0.07401729962157,,3.179679951736069,-4.07637464727717e-06,-0.0438161669674247,,0,,
2025-01-14,1828.507878368144,1839.1521273683773,1826.5089629504143,1836.5035400390625,15137.0,0.0129546867403287,0.0110041162871619,-0.0128928036738463,-0.031300969398481,,,1830.3069274902343,1871.8019140625,,0,0,-14.414749435761903,-16.845172808410723,1,47.34283170280465,15.940255043953306,0.1431467229481556,-0.9789699648725304,-0.0620214838112037,,3.216446411202611,0.026497914525162,-0.0310178614997965,,0,,
2025-01-15,1838.5023439014765,1871.4844462927504,1836.0036997809248,1852.4947509765625,49552.0,0.0087074217875777,0.0160339155627231,-0.0133086238472938,-0.030024576579557,,,1829.232507324219,1871.529541015625,,0,0,-11.469498560119064,-15.770037958752392,1,52.1642257942809,15.831748737480604,0.1427904736773304,-0.9327255950879476,-0.0538541092430614,,3.18649081195307,0.00254227601914,-0.0544790983094373,,0,,
2025-01-16,1851.4952509802297,1862.989013671875,1845.498505228067,1862.989013671875,44578.0,0.0056649351852577,0.0169120125182955,-0.0058667232945992,-0.0358812785572743,,,1829.2449829101563,1871.4370727539065,,0,0,-8.194110125614998,-14.254852392124915,1,55.07153972135835,15.730992881470238,0.1443238967850285,-1.149418161533315,-0.0484942540961254,,3.210716437211906,0.0118489611340169,-0.0542846546201284,,0,,
2025-01-17,1882.9783665611728,1886.476468622194,1876.4818913049903,1882.4786376953125,22841.0,0.0104614809214704,0.0354590799928584,0.0105968310230659,-0.0223821881742164,,,1830.7691528320315,1871.7493872070315,,0,0,-3.979814591007198,-12.199844831901371,1,59.94094612382152,16.37474666143131,0.1472821435082392,-0.6774018533831465,-0.0385400948886823,,3.2120568891510533,0.0227300611364862,-0.0504937175984949,,0,,
2025-01-20,1871.984430370754,1876.98171929326,1862.928308248201,1868.486328125,18185.0,-0.0074329181166395,0.0305953361484883,0.0089044985200914,-0.0291447983371454,,,1831.9060424804688,1872.0416943359376,,0,0,-1.748857718037243,-10.109647409128549,1,55.30646600979482,16.351198565969373,0.1482905516696961,-0.8968175632950157,-0.0456865476358069,,3.1881819333080057,0.0168107838040103,-0.0534347014570711,,0,,
2025-01-21,1866.986975880761,1882.978299014644,1865.48778933696,1881.229248046875,30073.0,0.0068199160625714,0.0243537281756947,0.0192229397530696,-0.0100578085031185,,,1835.928857421875,1872.383986816406,,0,0,1.035502192935155,-7.880617488715807,1,58.45669892329938,16.522165992332447,0.1491686245897825,-0.2718078120075682,-0.0391782099933002,,3.180809504226262,-0.0124439535412845,-0.0451505770360496,,0,,
2025-01-22,1880.9794689235648,1885.9767576295253,1864.4884161938949,1866.987060546875,37951.0,-0.007570681518367,0.007823131246484,0.0367698278435664,-0.0165177931263315,,,1838.2900756835936,1871.846796875,,0,0,2.0690512434928223,-5.890683742274081,1,53.88518763803386,16.779711036905606,0.122151663003475,-0.4822824224702569,-0.0464522857613483,,3.1390820524198424,-0.0013644920959613,-0.0571854721872193,,0,,
2025-01-23,1858.491657518627,1865.48786166094,1848.9968090397745,1862.2396240234373,20258.0,-0.0025428331153227,-0.0004022512440696,0.0233420153190044,-0.0250496103864732,,,1840.801220703125,1870.8548779296875,,0,0,2.4765200790284325,-4.217242978013579,1,52.41376307525934,16.27654310595148,0.1186400169214901,-0.7706337561049159,-0.0488769984661546,,3.1141032305356897,-0.0078742275869201,-0.0789316521416052,,0,,
2025-01-24,1870.485327895807,1870.485327895807,1850.3552565362893,1860.990478515625,27672.0,-0.0006707759257712,-0.0114148223248871,0.0270272091002712,-0.0267221167987035,,,1842.9000915527345,1870.077834472656,,0,0,2.667892658052778,-2.840215850800308,1,52.01131947935044,15.997438480447766,0.117232148729257,-0.8271071150379073,-0.0495149888780309,,3.1211254468443337,0.0045936036941955,-0.0758254627111487,,0,,
2025-01-27,1861.4899627002103,1874.4829127754333,1852.494843417364,1863.239013671875,20767.0,0.0012082464591884,-0.0028083237078809,0.0243131580987099,-0.0241434705285478,,,1844.9364868164064,1869.2857934570316,,0,0,2.9667954300596198,-1.6788135946283225,1,52.71512594354219,15.89174302439998,0.1168605623367842,-0.7402821254310492,-0.048366568728831,,3.1697339203067134,0.0276115087633492,-0.0604058657079172,,0,,
2025-01-28,1868.9859073615985,1884.9772306331413,1866.48726310042,1870.2352294921875,39018.0,0.0037548676090273,-0.0058440610393983,0.0261859150673098,-0.017264331512522,,,1847.9223754882807,1869.0459228515624,,0,0,3.725271565530875,-0.597996562596483,1,54.93000565691227,16.189406174746345,0.1171810785251491,-0.5095813287691011,-0.0447933111820834,,3.1545306403056244,0.0100424632257438,-0.0589431709067507,,0,,
2025-01-29,1868.9858688284817,1876.9815302994057,1858.9912919898268,1860.490478515625,72477.0,-0.0052104413513847,-0.0034797145457168,0.0276015137516729,-0.0157950516526951,,,1849.9837585449216,1868.5162060546877,,0,0,3.499706960541744,0.2215441420311623,1,51.32388958668306,16.058493859501628,0.1161173973824839,-0.4620516498182922,-0.0497703596126195,,3.1522258347397334,0.0043962957021388,-0.0517599642048915,,0,,
2025-01-30,1856.9924272159008,1878.980496860008,1852.9945963715184,1874.982666015625,9866.0,0.0077894445939665,0.0068428583667745,0.0306277070582747,-0.011785849440322,,,1851.333026123047,1868.231359863281,,0,0,4.439171791840408,1.0650696719930115,1,55.95489790260412,15.615827261166944,0.1176855255567537,-0.3257904520243165,-0.0423685984772771,,3.1598206168063894,-0.001668573179099,-0.0558449176034971,,0,,
2025-01-31,1874.482949521208,1883.4780689803872,1866.9870166385583,1879.7301025390625,684839.0,0.0025319895535491,0.0100697044072921,0.0171714470782811,-0.0100658128283521,,,1853.0945617675784,1867.946513671875,,0,0,5.503343769321646,1.9527244914587385,1,57.38520725892319,15.402920350399802,0.1056930249735134,-0.2688023606367655,-0.0399438857724708,,3.18477014329114,-0.0118655991324749,-0.0677811145747433,,0,,
2025-02-03,1856.992402537336,1869.9853526089105,1845.1218903099848,1865.48779296875,124874.0,-0.0075767843218952,0.0012069193916477,0.0113789158392256,-0.0003352477670699,,,1854.5687622070316,1867.4417846679687,,0,0,5.138241919638858,2.5898279770947625,1,51.93630128102393,14.516595390998624,0.1093115760517436,0.0472447569424538,-0.0472180238868896,,3.182053822084264,0.0015319081666398,-0.0482397544029824,,0,,
2025-02-04,1862.989273321837,1862.989273321837,1844.999033558,1856.4927978515625,53338.0,-0.0048217925365637,-0.007347969615756,0.0111595705022085,-0.0059539274567549,,,1856.5676818847653,1866.382360839844,,0,0,4.076088530400512,2.8870800877559124,1,48.78560698745637,13.69939245165247,0.1094426395826869,-0.1416205482598078,-0.0518121409082843,,3.145609362457467,0.0003721303073382,-0.0619206367941831,,0,,
2025-02-05,1857.492224165092,1872.4840903811128,1850.995748804816,1871.7344970703125,51305.0,0.0082099425521007,0.0060435775858731,0.0303989292035433,0.002609501743275,,,1858.9913696289063,1865.1880102539064,,0,0,4.413327966192355,3.192329663443201,1,53.89003602111713,12.981704304575697,0.1045613355122673,0.1458809753697356,-0.044027573056542,,3.158627452091169,0.0038128505500731,-0.0462654143976981,,0,,
2025-02-06,1887.4758156315525,1904.9663249106377,1880.979340756464,1891.7235107421875,66323.0,0.010679406562823,0.0089285330632613,0.0375496312571002,0.0204181087253358,,,1861.9772399902345,1864.10859375,,0,0,6.22181775476929,3.798227281708419,1,59.57982306560111,13.649338913574889,0.1091470983555344,0.7261229905421805,-0.0338183548463641,,3.1813030841623773,0.0087498235239256,-0.0086341017005326,,0,,
2025-02-07,1896.4709361006576,1896.4709361006576,1879.9798844823908,1884.9771728515625,10894.0,-0.0035662388569555,0.0027913955867453,0.0289142428260942,0.0111916663059572,,,1865.325421142578,1862.8892529296877,,1,0,7.02965239836476,4.444512305039687,1,57.022368714983216,14.213517834337225,0.1100748412894641,0.4271857249069882,-0.0372639893721882,,3.19924192276894,0.0095954209611421,-0.0008562735007472,,0,,
2025-02-10,1894.971939397824,1897.970312719656,1883.97790388444,1888.4754638671875,30682.0,0.0018558797772245,0.0123226059077314,0.038757639661195,-0.0028360765176023,,,1869.098370361328,1861.5000073242188,,1,0,7.8615272297975025,5.12791528999125,1,58.02845712166113,14.794590160566568,0.1050729796228412,-0.0395900482239392,-0.0354772670792583,,3.183558805707913,-0.0030778042549384,-0.0171239732247714,,0,,
2025-02-11,1896.4711674189164,1902.467914193364,1880.4798426870573,1886.976318359375,27530.0,-0.0007938390180313,0.0164199508573854,0.0407938039746351,-0.0130028195431712,,,1871.622009277344,1860.170732421875,,1,0,8.304101006168139,5.763152433226629,1,57.40824468099272,15.511187264665136,0.1042136263301974,-0.3972393379344371,-0.0362429428584289,,3.178614643422656,-0.000335036333714,-0.0269578281398709,,0,,
2025-02-12,1884.9772018818653,1894.9717787741345,1868.985878854236,1876.4818115234373,47333.0,-0.0055615466573858,0.0025363182975766,0.0217686874066818,-0.0122961971755602,,,1872.8213623046877,1858.7015283203125,,1,0,7.7190445761709725,6.154330861815498,1,53.12747779319572,15.456630491759924,0.0991399853596645,-0.3730221123765067,-0.0416029226981066,,3.171152387429956,-0.0140820079000538,-0.0261486229319091,,0,,
2025-02-13,1871.6142424678264,1873.1135329157312,1859.6439553606813,1864.6175537109373,32564.0,-0.0063226074133209,-0.0143287097069568,0.0065440416109054,-0.0200876003026417,,,1872.902789306641,1857.4148095703124,,1,0,6.226264190689562,6.168717527590311,1,48.705761513429614,14.864917184038076,0.0981692215675754,-0.6441563942842624,-0.0476624911639607,,3.118181849730264,-0.0214370497999141,-0.043460250681783,,0,,
2025-02-14,1872.114021266488,1877.611419620448,1863.6180419921875,1863.6180419921875,21918.0,-0.0005360411397825,-0.011331241124296,0.000337644675141,-0.0098875961154449,,,1871.9597595214843,1856.3779541015624,,1,0,4.906019202384414,5.916177862549132,0,48.34074124685333,14.534908153213518,0.0962537200929621,-0.2933735976323271,-0.0481729832476548,,3.116663388405735,-0.029293477217765,-0.0396711293627142,,0,,
2025-02-17,1860.1197280699453,1863.618072534344,1856.621383605548,1861.6190185546875,16446.0,-0.0010726572679898,-0.0142212307368314,-0.011080932725039,-0.0134380593746583,,,1871.6163940429688,1855.5210009765624,,1,0,3.656263917930119,5.46419507362533,0,47.57283125616423,13.814825240109588,0.0884885932126247,-0.4202146210089819,-0.0491939674150434,,3.113320276770284,-0.0307393722428326,-0.0553712123645658,,0,,
2025-02-18,1858.6206890233225,1867.616433148737,1854.1278194767435,1861.1195068359373,41150.0,-0.0002683211300333,-0.0137027747894148,-0.0039426680185855,-0.0148767188202575,,,1870.610906982422,1854.988876953125,,1,0,2.5955970033385256,4.890475459567969,0,47.37033548796352,13.359895637096978,0.0848370065609639,-0.4717518680247262,-0.0494490887641491,,3.1033742189552984,-0.0266006508181646,-0.055656235656,,0,,
2025-02-19,1859.619766140984,1866.6164543231864,1853.0429231742355,1858.6202392578125,27797.0,-0.0013428839840455,-0.0095186492914225,-0.0120182103337674,-0.0186656218567564,,,1870.1925659179688,1854.38177734375,,1,0,1.5356389357787066,4.219508154810116,0,46.308231819673615,12.867869926537155,0.0809822230106156,-0.6081335907913853,-0.0507255683588676,,3.09192537010493,-0.0279438721505433,-0.0580677162416337,,0,,
2025-02-20,1859.12021633889,1867.1164323231435,1856.621398843811,1860.6195068359373,37972.0,0.0010756729835907,-0.0021441645591306,-0.0034106040933526,-0.0159223305233268,,,1870.1115600585936,1853.934599609375,,1,0,0.847173032261253,3.545041130300344,0,47.325656873808455,12.440918803321017,0.0769960490957872,-0.509799979754694,-0.0497044594987378,,3.1081826214397417,-0.0098434607519357,-0.0511668860724644,,0,,
2025-02-21,1860.6195527477744,1870.1150594633816,1847.625701452732,1857.6209716796875,22429.0,-0.0016115789097304,-0.0032179718039696,-0.0024801600632742,-0.0271505605079652,,,1869.9430847167969,1853.6173461914063,,1,0,0.0589228898927558,2.8478174822188262,0,45.92018783574687,11.66994032810445,0.0766986265613425,-0.9312485122744716,-0.0512359357498204,,3.1571743745248977,0.0138309942865313,-0.0405470766755723,,0,,
2025-02-24,1862.1187515320169,1866.6166229125288,1854.12253574444,1863.6180419921875,37026.0,0.0032283605772804,0.0010738090971222,0.0014119166685142,-0.0351207192562721,,,1869.9620361328125,1853.6798974609376,,1,0,-0.080924722531563,2.2620690412687483,0,49.17141511231883,10.95403174397478,0.0775224946845837,-1.2551561141520229,-0.0481729832476548,,3.1818448780805006,0.01945433859365,-0.041094802084479,,0,,
2025-02-25,1871.1147384012013,1872.614029056972,1863.1185215704272,1871.614501953125,15906.0,0.0042908255773213,0.0056390764153722,0.0044951228585239,-0.0380737264924404,,,1870.0309997558595,1853.56255859375,,1,0,0.4483245207156869,1.899320137158136,0,53.21067883730907,10.4762652639998,0.0788132120880934,-1.3773588257142335,-0.0440888595389884,,3.2114693463635904,0.013166854728563,-0.0359925039429219,,0,,
2025-02-26,1878.111297949584,1888.106568295244,1867.6162640866405,1872.1141357421875,264209.0,0.0002669533648842,0.0072601686989932,0.0010046363261535,-0.0379404905849161,,,1870.6121826171875,1853.525178222656,,1,0,0.8977262013534073,1.6990013499971903,0,53.45954367843011,10.985037442472418,0.0777642433878687,-1.372199278703832,-0.043833675843512,,3.2107052405643515,0.0178075937957238,-0.0313138135380592,,0,,
2025-02-27,1873.6135436565608,1883.608814628322,1865.1325708785323,1880.3603515625,210172.0,0.0044047612604791,0.0106098235851201,0.0106799111719873,-0.0396219914602928,,,1870.8810668945312,1853.877595214844,,1,0,1.8974088234008375,1.73868284467792,1,57.47934277929303,11.260226408520705,0.0766801556737298,-1.4422055677362609,-0.0396219914602928,,3.2771575452920056,0.0396328553542824,-0.0202990442455902,,0,,
2025-02-28,1881.109912516977,1887.606838357232,1876.5321225417565,1885.857666015625,367166.0,0.0029235430584126,0.0152004605710309,0.0058000536202873,-0.0345966066348921,,,1871.1874450683597,1854.55484375,,1,0,3.0975452634493195,2.0104553284322,1,59.96205324766546,11.75368826944784,0.07261011792258,-1.2470109251832524,-0.0368142849999744,,3.236234981771632,0.0241831338648816,-0.0303052422410363,,0,,
2025-03-03,1892.604278280908,1892.604278280908,1866.2967826639003,1882.6090087890625,51332.0,-0.0017226417905791,0.0101903750494785,0.0015315529852457,-0.0345307743713583,,,1872.043505859375,1855.292053222656,,1,0,3.743371296542591,2.357038522054278,1,57.81375164130573,11.390287963780956,0.0724470711723003,-1.2445321104463,-0.0384735089647223,,3.288270655803085,0.0324985816417469,-0.0068142938085682,,0,,
2025-03-04,1879.1107562995232,1883.6086277906657,1859.619979837906,1860.6195068359373,328168.0,-0.01168033396763,-0.005874604575736,-0.0026096585306866,-0.0354254183350486,,,1872.2498413085937,1856.488984375,,1,0,2.4525525479016324,2.376141327223749,1,45.841545315831006,10.58820631864508,0.0790108793820795,-1.2740801584049302,-0.0497044594987378,,3.288791797674356,0.0335437367053013,0.0059513294701638,,1,,
2025-03-05,1857.6210886609647,1857.6210886609647,1834.1322021484373,1834.1322021484373,20338.0,-0.0142357449173167,-0.0202882574671081,-0.0120445367356135,-0.0424590326391021,,,1870.3697265625,1856.7763745117188,,1,0,-0.6996693817791311,1.760979185423173,0,36.13476267700968,11.3289775543177,0.0917788225469921,-1.5036163937662328,-0.0632326244093773,,3.207499230691312,0.0196750012803543,-0.0115447959636102,,0,,
2025-03-06,1844.627091187496,1846.126381697808,1808.1443554365644,1819.638916015625,419748.0,-0.0079019855361763,-0.0322924462305419,-0.0278327835150919,-0.044541477102907,,,1866.765496826172,1856.928818359375,,1,0,-4.3175450651233405,0.5452743353138705,0,32.12619574909837,13.067845543961376,0.0893159374317915,-1.5744742046765037,-0.0706349466620563,,3.239662039369336,0.0256549999983437,0.0103652756003564,,1,,
2025-03-07,1809.643554518193,1816.140479734635,1801.1475753889997,1801.6473388671875,82614.0,-0.009887443596685,-0.0446535964330511,-0.0476159287356217,-0.0455989812373042,,,1862.5990051269528,1856.58150390625,,1,0,-8.538085785395197,-1.271397688827943,0,27.97709814650983,14.917812315455476,0.0826435231491161,-1.608778984397916,-0.0798239912076653,,3.1897514953417265,0.0026556448586769,0.0019703303799107,,1,,
2025-03-10,1817.6397779938925,1821.128117325655,1803.146637064054,1809.143798828125,23938.0,0.0041608919788103,-0.0390230842506124,-0.0402303938295008,-0.0422617618615417,,,1858.632421875,1856.314157714844,,1,0,-11.1494689079791,-3.2470119326581743,0,31.922314338524544,16.260161270324556,0.0854479470469619,-1.4788020423927937,-0.0759952382335876,,3.29067320278925,0.0285790453574628,0.0349464865828816,,1,,
2025-03-11,1820.1386104620235,1820.1386104620235,1775.5297169571822,1776.159423828125,72673.0,-0.0182320360721827,-0.0453935276382435,-0.0594744502579153,-0.056728728323276,,,1853.0915771484372,1855.6269970703124,,0,0,-15.699597064898173,-5.737528959106174,0,25.344030709491264,18.37808206629723,0.1011055597218567,-1.9238551253067528,-0.0928417263809814,,3.2577581754061984,0.0233070517074323,0.0225643162066548,,1,,
2025-03-12,1788.153812863026,1792.1519208850789,1768.6630362555195,1771.9114990234375,69087.0,-0.0023916348654852,-0.0339237831668386,-0.0609784119792135,-0.0542156553952681,,,1847.8630615234372,1854.679970703125,,0,0,-19.424465296876637,-8.474916226660266,0,24.639809950551932,20.526179801853036,0.1008380988145167,-1.837907749562138,-0.0950113177366821,,3.2328123966465427,0.0170507467257901,0.0167058532815473,,1,,
2025-03-13,1770.162246548223,1787.5040149055126,1758.1679230255925,1761.16650390625,27172.0,-0.0060640698607743,-0.032134074290634,-0.0614529311763313,-0.0533859085850413,,,1842.6905090332032,1852.943354492188,,0,0,-22.97859853302407,-11.375652687933028,0,22.906018602615035,22.785062880113585,0.1010155571598948,-1.81088515519982,-0.1004992323291369,,3.2566206683515424,0.0269518050473929,0.0393191420255938,,1,,
2025-03-14,1759.6673083955989,1778.1585581572112,1754.169909817822,1770.9119873046875,63752.0,0.0055335389225392,-0.0170595825828073,-0.0502545769880574,-0.0567619234128167,,,1838.055206298828,1851.4716064453123,,0,0,-24.72389400496786,-14.045300951339993,0,27.86387703309184,24.9803364071876,0.1043891602713141,-1.9505963037312923,-0.0955218098203763,,3.208370068165621,0.0289233350656439,0.0094259862243146,,1,,
2025-03-17,1767.6634334508385,1797.1494788490854,1765.6643795255336,1792.9014892578125,30392.0,0.0124170495827931,-0.0089778985953651,-0.0379458403712275,-0.0432670191581763,,,1834.6193298339845,1850.609560546875,,0,0,-24.05538866045822,-16.04731849316364,0,37.61297847331937,25.61938882426785,0.1163151742818515,-1.4231312591932286,-0.084290859286361,,3.2233514324458907,0.0342314939871417,0.0158308471247157,,1,,
2025-03-18,1799.6483845209382,1805.1457830851512,1784.1557158399748,1787.154296875,40225.0,-0.0032055260242945,0.0061902512237206,-0.0399999790169204,-0.040577442524235,,,1830.921069335937,1850.0223583984373,,0,0,-23.715960917827942,-17.581046978096502,0,36.23462504947936,25.68949590229323,0.116378361991787,-1.3336796988659918,-0.087226188767603,,3.248126439461792,0.0432998055797053,0.0342147311369036,,1,,
2025-03-19,1784.6553726580537,1792.6515882734354,1778.9610461387376,1786.1546630859375,37827.0,-0.0005593438634875,0.0080383044358309,-0.0402794358313112,-0.0355511584350836,,,1827.297790527344,1849.2802368164064,,0,0,-23.25950300671434,-18.71673818382007,0,35.987597384711805,25.94784331811391,0.116330793266366,-1.163033808764883,-0.087736743197668,,3.2113348285873338,0.0347881376898138,0.0241949651615274,,1,,
2025-03-20,1798.1490747831017,1798.1490747831017,1785.005270317553,1788.4036865234375,91342.0,0.0012591426061696,0.0154654216718157,-0.0377788594201545,-0.0310686139203453,,,1823.6869995117188,1848.4081884765624,,0,0,-22.457404448785383,-19.464871436813134,0,37.0277775763669,25.815376961054707,0.1168443799166849,-1.0074194072638565,-0.0865880736629851,,3.224704090550366,0.0429437015942366,0.0011841383245052,,1,,
2025-03-21,1787.6538807580916,1793.1512787699282,1768.1881185641469,1782.9061279296875,40616.0,-0.0030740031656034,0.0067728609388741,-0.0417674750913499,-0.0099217512662069,,,1819.951257324219,1847.7060400390624,,0,0,-22.01160649835606,-19.97421844912172,0,35.508834704428,26.328051506084883,0.1164382975543869,-0.3154615305481213,-0.0893959048160452,,3.2137317061766493,0.0339584566263406,0.022383786429228,,1,,
2025-03-24,1789.6529696871742,1796.649658203125,1754.1697636419942,1796.649658203125,46737.0,0.0077084990948999,0.0020905604506269,-0.032822257288273,-0.0127011270034886,,,1816.6028381347653,1847.3787036132808,,0,0,-20.315140088049247,-20.042402776907224,0,41.92287951036581,27.259879461356352,0.1212121251128088,-0.4242663177309849,-0.0823765139725074,,3.1815276187775177,0.0077136202704308,0.0136065867316199,,1,,
2025-03-25,1801.147801935481,1802.647092558624,1788.1339398045886,1786.904541015625,39085.0,-0.00542404978233,-0.0001397505855044,-0.0411637466734098,-0.0138586925218004,,,1812.3673400878904,1846.3867236328124,,0,0,-19.53187643580827,-19.94029750868744,1,38.96373742243223,27.70672779893219,0.1206096165778705,-0.4669430001072038,-0.0873537494421557,,3.1566823347204345,-0.0079081615616805,0.0160382645179757,,1,,
2025-03-26,1792.6517864223051,1803.6465841087536,1784.1558063918678,1797.149658203125,27968.0,0.0057334440381895,0.0061556792054007,-0.0397864216548291,-0.0120193767613748,,,1808.6191162109376,1845.279821777344,,0,0,-17.878348540197294,-19.527907714989407,1,43.48050299024306,28.26007955550893,0.1216525167822256,-0.3958957015650877,-0.0821211432379188,,3.213140872620727,0.0005204864430761,0.0416838204714264,,1,,
2025-03-27,1800.647780872971,1804.6458886295584,1785.654876785769,1787.6539306640625,20457.0,-0.0052837711626959,-0.0004192318910013,-0.0451148802659092,-0.0191259068730758,,,1803.983795166016,1843.7731201171875,,0,0,-17.136601547718328,-19.04964648153519,1,40.48974894219116,28.69821129546727,0.1219240699728454,-0.6610583521705937,-0.0869710050721266,,3.204673590504451,-0.0018786059784298,0.0260976279101869,,1,,
2025-03-28,1784.1556816513098,1796.0450747493674,1776.6592292073967,1781.406982421875,56477.0,-0.003494495290745,-0.0008408437686807,-0.0526246839114635,-0.01607853795359,,,1798.761260986328,1841.7516870117188,,0,0,-16.858503888626274,-18.611417962953407,1,38.60830525447554,29.43540964649986,0.1196074215962882,-0.5497085791771069,-0.0901615805952158,,3.259108205944445,-0.0055076202770569,0.0384523130505078,,1,,
2025-03-31,1782.1564950905886,1802.147033453916,1772.1612259089252,1798.14892578125,37140.0,0.009398157481461,0.0008344796500974,-0.0465086744429037,-0.0116057401931277,,,1794.5382568359375,1840.344938964844,,0,0,-15.1129617636484,-17.911726723092407,1,45.86806629084091,29.633619221100687,0.1253038116832708,-0.3754736362986912,-0.081610775846966,,3.267801615484085,0.0097541228897948,0.0324475484469453,,1,,
2025-04-01,1798.1491125347775,1811.1429638204647,1777.5688853158135,1801.8973388671875,50779.0,0.0020845954593604,0.0083903742519122,-0.0428722424810824,-0.0249459104866609,,,1791.6021484375,1838.75830078125,,0,0,-13.274125587495064,-16.984206495972938,1,47.36872809607437,29.13633083609978,0.1261911036337296,-0.9201831804801816,-0.0796963058403711,,3.2653906673247084,-0.0069580612039943,0.0131484237417822,,1,,
2025-04-02,1803.1465603720817,1803.1465603720817,1786.154602763254,1798.14892578125,17125.0,-0.002080258960976,0.0005560291395676,-0.0335751510855226,-0.0251290209838571,,,1789.8029846191407,1837.3815380859376,,0,0,-11.981188594942523,-15.983602915766856,1,45.9955410343001,28.67456305002751,0.1212492060993723,-0.9272874171165324,-0.081610775846966,-1.3580079834516907,3.23810537094114,-0.01541186850717,0.0191737891092922,,1,,
2025-04-03,1755.6691741726306,1776.159477657139,1742.2105772913264,1756.668701171875,16288.0,-0.0230682920722781,-0.0173329014977061,-0.0422344152105417,-0.043210740463293,,,1786.654473876953,1835.2701196289063,,0,0,-14.14062979645496,-15.615008291904475,1,34.18536162613405,29.848393650220057,0.1358331668279927,-1.5043077850681752,-0.1027964467057611,-2.335169784676741,3.3273844585115406,0.037376541410546,0.0581805607649499,,1,,
2025-04-04,1747.6730253430294,1753.6701875689707,1701.1950180919853,1712.439697265625,22504.0,-0.025177771925204,-0.0387150638999331,-0.0589123577246462,-0.0572936315754317,-0.0912316651825329,,1782.194091796875,1832.2991040039065,,0,0,-19.19959253322168,-16.331925140167918,0,26.4011539298658,31.8236753881364,0.156824129661291,-1.876077384824017,-0.1253860331410862,-2.418148245532548,3.4453070963906662,0.0634773178566994,0.0949197364692846,0.0147353802990004,1,,
2025-04-07,1642.7225685784613,1726.1830702373002,1631.228008469759,1648.4698486328125,82269.0,-0.0373559715620688,-0.083240645422851,-0.0850207956517659,-0.0958671952454688,-0.1219197407217205,,1774.1603942871093,1828.003720703125,,0,0,-28.04737641982183,-18.6750153960987,0,19.488961943952148,34.547846061703176,0.1962806509240696,-2.7745916716186243,-0.158058087614856,-2.982141776466862,3.322522348746424,0.041624199753051,0.0535286152512919,-0.0084923398390038,1,,
2025-04-08,1685.202545530187,1701.194977753487,1674.2077483766686,1675.207275390625,64568.0,0.0162195424926865,-0.0703092572167345,-0.0740330998145407,-0.0855885948327915,-0.1091005194279775,,1769.1127868652345,1824.1031616210937,,0,0,-32.526872470867374,-21.44538681105244,0,27.97675068792114,37.07743311572946,0.206872014459919,-2.386557561349822,-0.1444021749905514,-2.6624052532926,3.430137400601942,0.0423816615075842,0.082459875343847,0.029068743461275,1,,
2025-04-09,1612.2370071951225,1637.2251815161876,1590.7471772790066,1623.7315673828125,87258.0,-0.0307279634968212,-0.0969982830107676,-0.0858187921649439,-0.1068649804302872,-0.1337134547008107,,1761.703790283203,1819.3679833984372,,0,0,-39.77209682520606,-25.110728813883163,0,22.958521839855536,40.0454632178989,0.2220034617066051,-2.809861250950726,-0.1706929537254014,-3.0173891539893485,3.0087586130848205,-0.0764327948591,-0.0578159769986089,-0.0960451503683679,0,,
2025-04-10,1718.186795431616,1727.1825378160747,1660.2142333984375,1660.2142333984375,33652.0,0.0224684096487874,-0.0549076030722769,-0.0630377226439132,-0.0842806713684967,-0.1187133327082464,,1756.6561767578123,1815.0726147460937,,0,0,-42.08501324031931,-28.5055856991704,0,32.2358347500476,39.60009267760409,0.2404483208951345,-2.0684119569883497,-0.1520597432850776,-2.37970926167098,3.2173408140203037,-0.0047857966154449,0.0118442305061776,-0.0324909052427063,1,,
2025-04-11,1675.706815103082,1683.203266706585,1641.7229011672007,1649.7191162109375,10278.0,-0.0063215439166647,-0.0366264465574104,-0.0632804379643396,-0.1017065416732886,-0.1298239977232287,,1750.596533203125,1810.4723950195312,,0,0,-44.2547432757749,-31.655417214491298,0,31.0764839079752,39.4353149146919,0.240491509398732,-2.575883131928657,-0.1574200348566089,-2.8717379117001154,3.1409589843879373,-0.0355158600716464,-0.0234692008397084,-0.0537590979183479,0,,
2025-04-14,1678.2057990651028,1700.1953926204526,1675.706981615631,1694.9478759765625,129448.0,0.0274160366581106,0.0281946481352373,-0.0428954752538219,-0.0850457875343222,-0.1125169003532863,,1745.6988525390625,1807.0615966796877,,0,0,-41.84235442452041,-33.692804656497124,0,40.93513013700434,38.7969145382106,0.2613172772311816,-2.0010242889064798,-0.1343198316448481,-2.401312720643304,3.1960656089391235,-0.0038351122112084,0.0030048092246608,-0.0516379883819279,1,,
2025-04-15,1700.195343178479,1707.1920318335349,1691.6993640973403,1706.1925048828125,13857.0,0.0066342033673285,0.0184963556136432,-0.048362380696607,-0.0841639470970486,-0.1170253156240539,,1741.6507629394532,1804.0555908203123,,0,0,-38.57846279726073,-34.66993628464984,0,43.11370572763409,38.003923238124166,0.258057199115164,-1.9762571762501588,-0.1285767333569168,-2.376413490228769,3.2263053293446347,0.0009164054744419,0.0048552690458911,-0.0496929521774813,1,,
2025-04-16,1700.1953360853868,1724.183982802641,1695.1977013526257,1722.6846923828125,27228.0,0.009666076631331,0.0609418003491155,-0.0360738883066327,-0.084884865152113,-0.1053671443013518,,1738.4772644042969,1801.0745947265625,,0,0,-34.26602604886921,-34.58915423749372,1,46.24538281514077,36.78248676897586,0.2612767760935115,-1.997448250603177,-0.12015348928322,-2.396768992204323,3.3315445934942938,0.0256819294406298,0.0371997472232881,-0.0151723239062349,1,,
2025-04-17,1713.689097517366,1733.179874654484,1708.9592799610236,1728.931884765625,18285.0,0.0036264282201123,0.0413908337760262,-0.0320368552079631,-0.0746885011994794,-0.1016565182310623,,1735.5036743164062,1797.818762207031,,0,0,-29.998488736271383,-33.671021137249255,1,47.426059961034326,35.39414078745168,0.2618921102133448,-1.7394460548560928,-0.1169627890673893,-2.108869271669823,3.3388625824245315,0.0397117587060509,0.0472622492280991,-0.0086978964066652,1,,
2025-04-22,1709.1911429743166,1719.686176308369,1699.6956366244592,1718.436767578125,34642.0,-0.0060702895700964,0.0416541523292872,-0.0391225535221997,-0.0865351634511125,-0.0957226178514538,,1732.280206298828,1794.4879541015623,,0,0,-27.150330802768394,-32.36688307035308,1,45.613485974475424,34.29155695048821,0.2621784019664651,-2.048608174666267,-0.1223230806389206,-2.443366036139559,3.3133072362828084,0.0274763647281883,0.0416553496462142,-0.0053759904630004,1,,
2025-04-23,1738.6772464109988,1755.169442194719,1732.1803207992302,1730.6810302734375,18785.0,0.0071252331923559,0.0210821552705784,-0.0292921185463049,-0.0730085564886083,-0.0883204093824089,,1728.9817749023437,1791.3320654296874,,0,0,-23.632712254639728,-30.62004890721041,1,48.10538817891001,32.279478663024484,0.2639130095816897,-1.6984300428189314,-0.1160694279209243,-2.061435145640193,3.2859972291705417,0.0224864828806341,0.0468019549337508,-0.01305990914564,1,,
2025-04-24,1730.6810910096603,1734.67919921875,1715.1884216994383,1734.67919921875,9813.0,0.0023101708953734,0.0166960611152691,-0.0344922331971795,-0.068498394706632,-0.0918321469936052,,1726.3705078125,1788.286123046875,,0,0,-20.28848239645572,-28.55373560505948,1,48.92826265089825,30.78757257686071,0.2622531603272928,-1.583176253440463,-0.1140273972397765,-1.934088346072392,3.225690772744106,0.0138811160104144,0.0358329618344801,-0.0459270451858476,1,,
2025-04-25,1740.67624677118,1740.67624677118,1722.9506264099098,1726.18310546875,6972.0,-0.0048977896050326,0.0020307913000019,-0.0339813538737568,-0.0724385076673798,-0.0972249142034719,,1722.822180175781,1785.2801489257813,,0,0,-18.11490257997002,-26.465969000041586,1,47.214961146881855,29.235998653957665,0.2621612535800233,-1.6808864702496584,-0.1183667046439193,-2.045339516150591,3.186866251671506,0.0095619114470524,0.0210631728672234,-0.0563594146727474,1,,
2025-04-28,1736.1783791720582,1736.1783791720582,1722.185001331869,1725.9332275390625,28038.0,-0.0001447574877171,-0.0017343987076559,-0.0396274346652175,-0.0736919875149161,-0.0960562777147074,,1719.7361450195312,1782.5064624023437,,0,0,-16.2254510762034,-24.41786541527395,1,47.16265345958209,27.81385538883247,0.2609014757881827,-1.7132126318006202,-0.1184943276648429,-2.0807321815632576,3.1851907170463525,-0.0086987021990035,0.0048763704235916,-0.0558240566612751,1,,
2025-04-29,1726.1831743525488,1737.1779716414187,1721.685302734375,1721.685302734375,8083.0,-0.0024612335731808,0.0018904013330838,-0.0369023482666928,-0.0794284721062319,-0.0953215241447789,,1716.7500610351562,1779.6678076171877,,0,0,-14.899071949965672,-22.514106722212297,1,46.22509723755972,26.461972027787084,0.2606088267947541,-1.8622811942376876,-0.1206639190205435,-2.242704853229584,3.1574608312933257,-0.0147324705239929,0.0009288833496374,-0.0580690388871433,1,,
2025-04-30,1734.6790276358065,1742.1754797863498,1720.6856502881246,1737.927490234375,31222.0,0.0094338886869767,0.0041870569066055,-0.0244073884387655,-0.0658767081565694,-0.0806312338012219,,1713.7389892578126,1777.1939770507813,,0,0,-12.39442295419576,-20.49016996860899,1,50.29385257143837,25.042238494401623,0.2632961761766083,-1.5075659517875546,-0.1123683603141408,-1.8600636419133056,3.185983384758053,-0.0224370645482147,0.0107091153325018,-0.0416051522986661,1,,
2025-05-01,1772.161568289798,1773.1610954010723,1745.674099841022,1767.6636962890625,17316.0,0.0171101534567919,0.0190147533245155,-0.0169536733332265,-0.0572373130012009,-0.0683485720881222,,1712.0273071289062,1775.3248608398435,,0,0,-7.918725133156613,-17.975881001518516,1,56.74638341104138,23.72478719238493,0.268454688546928,-1.2678640455250243,-0.097180846746012,-1.6161257575486276,3.21769294362766,-0.0153340617799413,0.0183150671634524,-0.0385526538566902,1,,
2025-05-02,1772.1612931477543,1782.6563261867004,1765.6643679331687,1777.65869140625,13274.0,0.0056543533355186,0.0298204667711201,-0.0134517360884587,-0.0543010993945027,-0.0638203275199761,,1711.0027954101563,1773.7056298828124,,0,0,-3.5245608465479563,-15.085616970524404,1,58.68763470496887,22.763088541600894,0.2692011145069523,-1.193631630352819,-0.09207598825544,-1.533220215855046,3.188554940607264,-0.023530332062961,0.0011884051739483,-0.0666732608280514,1,,
2025-05-06,1777.658622531085,1787.154128246039,1757.1683207251322,1774.1602783203125,41815.0,-0.0019679891887288,0.0279425936135517,-0.0133407456507057,-0.0489563721578141,-0.0492752074104343,,1711.877374267578,1771.9764453125,,0,0,-0.3207492915696548,-12.132643434733454,1,57.71131183133163,21.58328822900611,0.269193126744626,-1.0681889246169396,-0.0938627728947407,-1.38230901996954,3.2276113503098824,-0.0032407903477851,0.0143170200043247,-0.0346133839274488,1,,
2025-05-07,1772.6609386807168,1779.1578634630257,1763.665196674443,1777.40869140625,44447.0,0.0018309580738742,0.0323656062948178,0.0118064323799582,-0.0425986605155878,-0.048298958637878,,1715.1258239746094,1770.3721997070313,,0,0,2.452147406981794,-9.215685266390404,1,58.40328732474973,20.48775936731096,0.256407401578442,-0.9158083344481146,-0.0922036736227344,-1.2027956744731652,3.2199788851407383,-0.0322792796293965,0.0236423262121685,-0.0397422584763677,1,,
2025-05-08,1783.655937491738,1793.1514440236358,1759.1675259094754,1772.161376953125,11282.0,-0.0029522272949916,0.0196981099102893,0.03487520161023,-0.0531983143298592,-0.0507276336805672,,1721.310400390625,1768.54306640625,,0,0,4.178110933438347,-6.536926026424655,1,56.78682853098462,19.90600982309165,0.239139148140573,-1.178725666390048,-0.0948836947157585,-1.5020824972138338,3.188257586239157,-0.0746085916175067,0.0093806992427587,-0.0373187170927459,1,,
2025-05-09,1761.1666251526908,1789.15338196556,1761.1666251526908,1777.1590576171875,38143.0,0.0028201047201779,0.0053717012733016,0.0780658554908393,-0.0605608866594106,-0.0413793167023893,,1726.4079895019531,1766.653957519531,,0,0,5.881423140377365,-4.053256193064251,1,57.97972387271058,19.36581381774516,0.1922811474363742,-1.3717964646058258,-0.0923311719509164,-1.7099686148475033,3.201328293502596,-0.0364765207040831,0.0062946562494818,-0.0023937941532786,1,,
2025-05-12,1800.6479342873297,1818.6394207248384,1785.155265410586,1793.6512451171875,55227.0,0.0092800852176466,0.0089964140969525,0.0707040683660735,-0.0484493547453513,-0.037799917450443,,1734.9039733886718,1765.0846997070312,,0,0,8.464518337946402,-1.5497012868621207,1,61.733744172994406,19.722839971969076,0.1880234990909203,-1.0651487548872087,-0.0839079278772195,-1.367993115591054,3.127675129086177,-0.0881778879944247,-0.0223699224411331,-0.0232070411700802,0,,
2025-05-13,1784.6554029948836,1805.1457058576084,1762.166046194332,1768.1632080078125,36179.0,-0.0142101410063748,-0.0033802302902292,0.0889504420104365,-0.0637086677382621,-0.0663640615993241,,1740.3014221191406,1762.8407568359376,,0,0,8.35861539469056,0.4319620494484155,1,53.74275645987841,19.13712917107046,0.1563721092620526,-1.4210426312808235,-0.0969257253969063,-1.7988478758384825,3.0630027540985827,0.0180287447380655,-0.0378683288002034,-0.0543438457765333,0,,
2025-05-14,1762.6658826097305,1767.6635176610762,1741.1760518889423,1747.423095703125,142827.0,-0.0117297499522429,-0.0168704000650525,0.052528680064483,-0.0739560010893958,-0.0859971840962671,,1745.18662109375,1760.0720654296874,,0,0,6.525906233706337,1.6507508863,1,48.26764062425182,17.859034248487934,0.1505552806026885,-1.659094680429114,-0.1075185608263038,-2.0881867442547337,3.023210579269761,-0.0603387225576399,-0.0488905015505621,-0.0745303479519609,0,,
2025-05-15,1733.3227045764663,1753.314892633865,1729.3242669649865,1751.315673828125,11340.0,0.0022276105509717,-0.0117628695648699,0.0615841549139186,-0.0667025584403054,-0.0781785678051694,,1748.0050109863282,1757.4461987304687,,0,0,5.326172738818968,2.385835256803793,1,49.31138633812623,16.878345366573406,0.1471292546047747,-1.4828313566712863,-0.105530459755854,-1.8833819607763287,3.0152179756597297,-0.0400326808956119,-0.0491727904304852,-0.0740356126069178,0,,
2025-05-16,1764.810448819366,1779.8045902706776,1751.8155262282294,1772.0576171875,7076.0,0.0118436348565511,-0.0028705592827056,0.0454938717018125,-0.0496401722375859,-0.0687306206013648,,1751.2982666015623,1755.6749609375,,0,0,5.980141434013149,3.1046964922456644,1,54.571092706442975,16.220305290784776,0.122199032472436,-1.0602716232350964,-0.0949366891308953,-1.4016164763120476,3.0317254987300197,-0.051419504577584,-0.0277265262793198,-0.0699817751784686,0,,
2025-05-19,1766.8095703125,1770.308203125,1749.893207216263,1766.8095703125,28076.0,-0.0029615554393368,-0.0149648237792926,0.0355276824017292,-0.0519465198867683,-0.06132048979397,,1753.5045104980468,1754.328508300781,,0,0,6.005712695957072,3.684899732987946,1,53.07058608954737,15.541786349908714,0.1222823060373262,-1.1146424927053442,-0.097617084302144,-1.4667374200856858,3.0194438301867117,-0.0641171488874375,-0.0311934739506002,-0.0696271229729478,0,,
2025-05-20,1769.308764817572,1781.3040784773525,1763.810912723506,1767.5594482421875,7648.0,0.0004244248742408,-0.0003414615590294,0.0260493148036884,-0.050525681879596,-0.0632847741412113,,1755.435888671875,1753.2869189453124,,1,0,6.017125312145254,4.151344848819408,1,53.2683123169225,15.253412188179668,0.1188309340377561,-1.0807881019471757,-0.0972340905466317,-1.426619308659892,3.0309164066306185,-0.0902368791493081,-0.0264681635084297,-0.0803738015704702,0,,
2025-05-21,1762.3113774709354,1762.3113774709354,1738.8205565006765,1743.818603515625,10645.0,-0.0134314264508458,-0.0020627472512887,0.0086103558394483,-0.0630270667141272,-0.0769661495848131,,1756.70498046875,1752.1303442382812,,1,0,4.063639032542596,4.133803685564045,0,46.57740899305492,14.230315470952275,0.1288089860017668,-1.3637961246888184,-0.1093595244617856,-1.7796025109931286,3.0414583811931286,-0.0890735074863252,-0.0199511349240417,-0.0744969655131048,0,,
2025-05-22,1736.8212395721298,1736.8212395721298,1704.8337404836072,1713.580322265625,27607.0,-0.0173402676109992,-0.0215468588138744,-0.0028260832194276,-0.0780363378858421,-0.0952453629685354,,1755.8499450683594,1750.2190747070313,,1,0,0.0746499783519993,3.321972944121636,0,39.73196690863156,14.273810307321089,0.1412967088855809,-1.6928727474565182,-0.1248034686528059,-2.20339720838103,2.98753940689969,-0.098321044850823,-0.0337608288397005,-0.0898681308521881,0,,
2025-05-23,1721.3273683569744,1724.8260012194885,1696.33713362473,1707.8326416015625,90626.0,-0.0033541938999761,-0.036243164422538,-0.0132019640085065,-0.0821161256630031,-0.0967309760922285,,1754.5076171875,1748.8525390625,,1,0,-3.509981498598336,1.9555820555776415,0,38.57155147881205,14.535751434019035,0.1391952874906005,-1.79026599084795,-0.1277390475195309,-2.3185921706578863,2.9979818546922523,-0.0876493053376648,-0.0354550488723997,-0.0848078104985163,0,,
2025-05-27,1723.8264642387624,1734.822167982819,1711.3313463477884,1734.572265625,30809.0,0.0156570517345082,-0.0182460550526665,-6.16445933047105e-05,-0.0662399423405654,-0.091592051285969,,1754.9270751953125,1748.1057543945312,,1,0,-4.145378243643108,0.7353899957334917,0,46.41274684421875,14.407376117170502,0.1499682083812828,-1.3872309330629455,-0.1140820126605528,-1.870319750909298,2.9829051405283327,-0.075266245068257,-0.055197848874847,-0.0935068141397643,0,,
2025-05-28,1741.8194340017649,1745.8178717268763,1733.3227538359026,1734.572265625,18036.0,0.0,-0.01866255907262,0.0048599480145947,-0.0692447558777865,-0.1019335495029057,,1755.3590270996094,1747.5738696289063,,1,0,-4.5959554285796,-0.3308790891291266,0,46.41274684421875,13.88827709133954,0.148892356114796,-1.4584159708143662,-0.1140820126605528,-1.9551622478663448,3.000262345299411,-0.0585540438900508,-0.0570683171992445,-0.0958179080831262,0,,
2025-05-29,1750.8158937013395,1761.8115972872456,1733.3227289055797,1747.3172607421875,8243.0,0.0073476299429906,0.0020063194758381,0.0123898380666878,-0.0664117750109475,-0.1019569577457436,,1756.640625,1747.1019750976564,,1,0,-3.879901413941525,-1.0406835540916064,0,49.94471219475412,12.938591819818852,0.1508765275545694,-1.3888966893477075,-0.1075726151297434,-1.8751715370961703,3.0104243715691386,-0.0548684085200636,-0.0626021777296734,-0.0963414725438246,0,,
2025-05-30,1754.314599421815,1763.8108892762352,1741.819481192315,1756.563720703125,23215.0,0.0052918037088525,0.025083970607616,0.0202583003487084,-0.0617218858791711,-0.0973206178340053,,1757.5724365234375,1746.3752197265626,,1,0,-2.537065691469934,-1.339959981567272,0,52.39613196545553,12.125066326368716,0.1512652299556412,-1.2777187562387542,-0.1028500645846054,-1.742750040899238,3.0297438646442925,-0.0404492639728863,-0.0563618776441312,-0.0859107858549872,0,,
2025-06-02,1749.816284284439,1752.3153078266903,1730.323900654878,1747.3172607421875,22891.0,-0.0052639479296749,0.0231197238996423,0.0054028551597087,-0.0707540396231813,-0.1075726151297434,,1756.5551147460938,1745.5784790039063,,1,0,-2.193683333808167,-1.5107046520154512,0,49.77112843223826,11.55622015751374,0.1494966244393235,-1.4866971340694817,-0.1075726151297434,-1.9977776714158544,2.9969141088392703,-0.0593440872363937,-0.0855141788515281,-0.1040773669969858,0,,
2025-06-03,1756.8136238008694,1763.311085282921,1743.3188961073777,1747.817138671875,40258.0,0.0002860830948783,0.007635815070583,-0.0112275641904352,-0.0731977443639196,-0.105261957430492,,1755.063037109375,1744.811728515625,,1,0,-1.8597760297527657,-1.580518927562914,0,49.91720896391499,10.840922842861044,0.1364492999109565,-1.5447748712640086,-0.1073173067415255,-2.0667769652028984,2.9807730481046963,-0.0736303617758684,-0.0789380051528539,-0.1068510120257089,0,,
2025-06-04,1752.315234375,1753.31484375,1738.8355165958403,1746.8173828125,176566.0,-0.000572002549497,0.0070594448153982,-0.0173493982522328,-0.0721294890986986,-0.1041695763564684,,1753.6958923339844,1743.9800024414062,,1,0,-1.6567263184372223,-1.595760405737776,0,49.6064726957474,10.126711653512242,0.134601712511414,-1.5199899579662548,-0.1078279235179613,-2.036614213682322,2.9798679855616235,-0.0654487562337238,-0.0937887122208743,-0.0999639021884423,0,,
2025-06-05,1752.3153569171664,1756.3137946967834,1735.321996353794,1745.5679931640625,41763.0,-0.0007152377007068,-0.0010011161781702,-0.016115953843426,-0.061835057221089,-0.0950699427863089,,1752.103857421875,1743.2332397460937,,1,0,-1.5784281254761936,-1.5922939496854596,1,49.19433214337933,9.601130278356496,0.13453453864326,-1.2924226669450538,-0.108466038622579,-1.7459454934999925,2.992196998761978,-0.0729376390144688,-0.0901835133261135,-0.0847688956565303,0,,
2025-06-06,1756.3138184427942,1770.308350860665,1750.3161616922782,1755.314208984375,13332.0,0.0055834065808266,-0.0007113386801873,-0.0124307271190365,-0.0429729073355441,-0.0836073518994892,,1751.2614990234374,1742.4065307617188,,1,0,-0.7216196966016923,-1.418159099068706,1,52.509007871469215,9.282299760929249,0.1360571305618863,-0.8698887502662984,-0.103488242035594,-1.2133627310608746,2.978319287002881,-0.0750500567730569,-0.0714512856294703,-0.0821711910791506,0,,
2025-06-09,1758.8127441753386,1763.810791189193,1750.8158689531715,1757.563232421875,25450.0,0.0012812654429552,0.0058638301754858,-0.0082374803565286,-0.0341142866573078,-0.0771362630421864,,1750.281707763672,1741.8197045898437,,1,0,0.1373018218509969,-1.1070669148847656,1,53.26670892345615,8.98624285188966,0.1359096949305598,-0.671089795698682,-0.1023395725009111,-0.9632348982929356,2.979450258990266,-0.0654926151983843,-0.0803206560489639,-0.0707879261849564,0,,
2025-06-10,1779.3047609278196,1779.3047609278196,1766.309838516549,1774.8065185546875,20667.0,0.0098109051297412,0.0154417640642436,-0.0013237639323372,-0.0148979324274286,-0.0598175831234999,,1749.3394714355468,1741.372841796875,,1,0,2.1842141352581166,-0.4488107048561891,1,58.70646523955672,9.320489434731254,0.1400640128836615,-0.2387352579721501,-0.0935327112079945,-0.4206509891490052,2.9917191368938703,-0.0654756830263699,-0.0620839456418659,-0.060235941146158,0,,
2025-06-11,1775.806079074108,1783.8029541839264,1772.307446213562,1777.8052978515625,10678.0,0.0016896373016013,0.017739642016368,-0.0088344639509837,-0.0173222830583517,-0.0588519747183832,,1749.8215759277343,1741.175869140625,,1,0,4.002247895823075,0.4414010152796637,1,59.587470032126696,9.799454181656364,0.1361222160675788,-0.2931933059958393,-0.0920011102641703,-0.4891038094252087,3.005345484763697,-0.0391120046915555,-0.0867080078883866,-0.0547916615398049,0,,
2025-06-12,1763.3109619209845,1768.309008865205,1753.8146727269657,1762.8111572265625,9583.0,-0.008434073541754,0.0098782540296493,-0.0030268986239568,-0.007515241268598,-0.0638176395116638,,1750.5909790039063,1740.8039526367188,,1,0,4.184909876085612,1.1901027874408534,1,53.44725760901184,9.3493816494194,0.1300677344597947,-0.0794382830594214,-0.0996592396760333,-0.2121968057466093,2.968201530928159,-0.0309504204798938,-0.0888821787522444,-0.0683234281320916,0,,
2025-06-13,1756.3137452843116,1768.3090582856844,1749.3164793668443,1752.3153076171875,55617.0,-0.005954040832081,-0.0017084698294117,0.0027996722294059,-0.0110593511115256,-0.0646754165380362,,1750.6409606933594,1739.8872802734377,,1,0,3.443054081229093,1.6406930461985014,1,49.59473886550375,8.72811624023806,0.1250081241706902,-0.158592886987707,-0.105019905325789,-0.3122666186781981,2.983889144158137,-0.0130065154512396,-0.0769989785818126,-0.0615794589392819,0,,
2025-06-16,1757.8131590964815,1767.7842386225702,1753.3149167217678,1759.8123779296875,10143.0,0.0042783797413117,0.0012796953567999,0.0048516119786616,-0.0007688801561687,-0.0541137413754799,,1750.0286987304687,1739.0455810546875,,1,0,3.420647838606783,1.9966840046801575,1,52.24273559270661,8.15122693171253,0.1256352348926099,0.0717140553424266,-0.1011908406198576,-0.0217097372272909,2.968413061329376,-0.015522895760169,-0.088498979885199,-0.0526595418188315,0,,
2025-06-17,1750.815747609926,1767.8091062792776,1742.8188729419962,1763.8106689453125,33640.0,0.00227199846175,-0.0061955201845491,-0.0046538826741291,-0.004009978141366,-0.0605442874820354,,1749.8787536621094,1738.3588159179687,,1,0,3.6830633382135143,2.333959871386829,1,53.6414808597102,8.02051701473756,0.1186998711349984,-0.0009720924072866,-0.099148747592339,-0.1132238503462361,3.000799672612932,-0.0102007342452483,-0.0646965253828614,-0.0558803677155665,0,,
2025-06-18,1769.308715305248,1779.8046144638383,1763.8108633650338,1776.8057861328125,19476.0,0.0073676372505846,-0.0005622166386599,0.0056577777188202,-0.0089774609600346,-0.0518560521428613,,1750.3410705566407,1738.7615576171877,,1,0,4.88333482051803,2.84383486121307,1,57.952048940332205,7.592766200858064,0.1210370077388664,-0.1144086217735246,-0.0925116023478646,-0.2534833508797788,3.023363698327746,0.0012982086640744,-0.0620434160870858,-0.0471947687975399,0,,
2025-06-19,1775.8062758143876,1780.3045185620176,1763.8109618207077,1764.5606689453125,27797.0,-0.0068916463932455,0.0009924555512244,-0.0016965648877367,-0.0126422368618056,-0.0527066897464029,,1751.378173828125,1739.8039770507812,,1,0,4.791249456135347,3.233317780197525,1,52.95536006624739,7.22015670922529,0.12356641241669,-0.1967552327083595,-0.0987656914904561,-0.3569602337022033,3.002527744800696,-0.0093663625192096,-0.0756124181858484,-0.0439847456077847,0,,
2025-06-20,1768.8088864710312,1780.3043949165904,1761.3118157456663,1773.30712890625,38832.0,0.0049567351890289,0.0119794772081329,0.0169103170084174,-0.0071928453034917,-0.0424882897555918,,1754.3645141601562,1742.30072265625,,1,0,5.362224971453088,3.659099218448638,1,55.88145709785826,6.738398519036084,0.1145702836982406,-0.0730120582362628,-0.0942985116799067,-0.2030937854261566,3.024513833722998,-0.0055711916279727,-0.0581754954983994,-0.0353880844237103,0,,
2025-06-23,1770.3082761815554,1789.3008550903355,1757.3133537702847,1774.8065185546875,29317.0,0.0008455329728258,0.0085203063764329,0.0357299832949247,-0.00760296350942,-0.0384353638918407,,1757.7132080078125,1744.2927075195312,,1,0,5.868071914424263,4.100893757643763,1,56.3823076293726,6.768355074345148,0.0936526563009435,-0.0822716632217024,-0.0935327112079945,-0.2146736895391682,2.9974632546106266,0.0033217462129595,-0.0704687405599922,-0.0693680469718636,0,,
2025-06-24,1786.3021255917558,1789.3009540062917,1765.310326690006,1770.0584716796875,4851.0,-0.0026752475976178,0.0035422184729787,0.0364355549615045,-0.0072060194581969,-0.0170562743917203,,1759.4875183105469,1747.2192456054688,,1,0,5.818756555903747,4.44446631729576,1,54.28085860308201,6.796177147871644,0.0932204593811423,-0.0733591934827005,-0.0959577356446546,-0.2034657646410552,2.95678046724464,-0.0137430409670846,-0.0799541661919569,-0.0593600567428967,0,,
2025-06-25,1768.8089863540476,1774.8066432730216,1749.8164061106304,1751.06591796875,23083.0,-0.0107299018731932,-0.0144865963207407,0.0095087720878592,-0.0253715241734798,-0.0377504042261691,,1760.3122009277345,1749.036279296875,,1,0,4.198733041023388,4.3953196620412855,0,46.77138801802501,6.704553422293303,0.0881996370498438,-0.484525203878125,-0.1056580204304069,-0.7163783828246472,2.923416370846524,-0.0199432321442418,-0.0811280865228419,-0.0686253761368654,0,,
2025-06-26,1730.3240242020986,1737.3212906200158,1712.3310534131688,1723.57666015625,35473.0,-0.0156985853761506,-0.0232261828739268,-0.0063390875587349,-0.0354399910044334,-0.0488075315879281,,1759.1251708984375,1750.5134301757812,,1,0,0.6887597717748122,3.654007683987991,0,38.47474040304853,8.20906607217622,0.1045019894597412,-0.7045492197665411,-0.1196979243521557,-1.000666860590656,2.8551845480951994,-0.0483550371625031,-0.0955109683698777,-0.0810045340269861,0,,
2025-06-27,1730.323803858137,1745.8177489533423,1724.8259523727413,1740.8197021484375,20689.0,0.0100042211006874,-0.0183202482120794,-0.0037185912024871,-0.0313440540678224,-0.0429866948341274,,1758.3379699707032,1751.4308666992188,,1,0,-0.6935550782227438,2.7844951315458446,0,45.05829002022888,9.109954548845478,0.107313255416582,-0.6078291563246774,-0.1108911877519807,-0.8850159182689428,2.8694918787443675,-0.0468148258948993,-0.1069511134119898,-0.0697254239512478,0,,
2025-06-30,1737.3211919145822,1741.3196296405076,1724.826074021065,1728.32470703125,210395.0,-0.0071776503343607,-0.0261897908518444,-0.0160762819697604,-0.0331883160465926,-0.0516794662776871,,1757.3883422851563,1751.8735107421876,,1,0,-2.7654132739999118,1.6745134504366936,0,41.58567011305221,9.946493848609787,0.1080289360597931,-0.6484912531886879,-0.1172728999154957,-0.937089629127724,2.8353396845816783,-0.064165219486446,-0.1152485254713993,-0.0921586106961626,0,,
2025-07-01,1743.8186760274773,1757.3134035289795,1725.3259013031964,1754.3145751953125,20152.0,0.0150376072611408,-0.0088945629403049,0.0040046044358039,-0.0152084321516072,-0.0310424407516329,,1757.7132141113282,1752.5061083984374,,1,0,-2.2838834795525145,0.8828340644388522,0,50.18551905882576,9.80765674279944,0.1196094834327612,-0.2393999954037029,-0.103998796465659,-0.4294181128248894,2.878907784112541,-0.0393759448689821,-0.1166578087645076,-0.0826912582963989,0,,
2025-07-02,1760.811987398361,1766.8096438981568,1753.3149167736162,1758.5628662109375,19612.0,0.002421624419983,0.0042813626633109,0.0061480845457482,-0.0220148948748021,-0.0333651359176337,,1758.30048828125,1753.0987280273437,,1,0,-1.541694374627241,0.3979283766256335,0,51.44389422456593,9.188634125865995,0.1198534611855116,-0.3921107807626827,-0.1018290180708462,-0.6216021820616645,2.8728558869463177,-0.0362044206039091,-0.1208597629263552,-0.0923338174922491,0,,
2025-07-03,1762.8113523212342,1779.304909062544,1760.3123285725508,1764.5606689453125,18739.0,0.0034106274217526,0.0237784658707012,0.0101574934548935,-0.0207207531286702,-0.0451497655625672,,1759.2501220703125,1754.0212060546876,,1,0,-0.4641808193125598,0.2255065374379948,0,53.2398396023735,9.047433503690042,0.1202736784800948,-0.3631435411611333,-0.0987656914904561,-0.5850614064700718,2.860112358383414,-0.0401882324178326,-0.1241132685888801,-0.1125967386944822,0,,
2025-07-04,1755.81396484375,1760.8120119967357,1749.8163082601675,1755.81396484375,11639.0,-0.0049568735467681,0.008613334670332,0.0058697064335577,-0.0235436344178814,-0.0480810269184154,,1759.2751098632812,1754.5238647460938,,1,0,-0.312428009782252,0.1179196279939454,0,50.31702562144349,8.418422375847799,0.1217065474770574,-0.4251027636226081,-0.1032329959937469,-0.6647669503327004,2.845935143093359,-0.0488810916290387,-0.1211110149061636,-0.1042593828554945,0,,
2025-07-07,1763.3109619904217,1772.3074464903727,1756.3136962682374,1757.8131103515625,22902.0,0.0011385861758939,0.0170618421413213,0.0014236205429187,0.0006514655716949,-0.0425874252013375,,1759.2876037597655,1754.98654296875,,1,0,-0.0304969303560938,0.0882363163239376,0,50.979436401962815,8.34246479383808,0.1202436039499146,0.1029591057557139,-0.1022119494799875,0.0183944744322681,2.870566881942496,-0.0361789300195606,-0.1372902897951851,-0.0870973550781015,0,,
2025-07-08,1750.81591796875,1761.3118169916856,1745.8178708149712,1750.81591796875,46305.0,-0.003980623617839,-0.0019943157721146,-0.0038390166161063,0.0224102610821292,-0.0361673357352512,,1758.0880737304688,1755.47919921875,,1,0,-0.3674438025927884,-0.0028997074594075,0,48.54003118862909,7.752973816794482,0.1209689491436149,0.6022121641293877,-0.1057857057977011,0.6327655557041753,2.860707330108226,-0.0398539725654897,-0.1696800168829279,-0.0908662629002745,0,,
2025-07-09,1747.3172362862604,1752.815088002264,1742.8189939731665,1748.816650390625,9258.0,-0.0011419062150431,-0.0055421480844253,-0.0146437754720595,0.0608726946635007,-0.0408301950863917,,1756.638641357422,1755.9368676757813,,1,0,-0.7867318562744003,-0.1596661372224061,0,47.835706515632616,7.354683121726473,0.1154219400893556,1.6185579114243234,-0.1068068146578312,1.7187726784975446,2.8404076332094177,-0.0505767743430456,-0.1451050331441431,-0.09934368938305,0,,
2025-07-10,1746.3176265374486,1765.310205188972,1740.819774822534,1761.311767578125,18432.0,0.0071448983429502,-0.0018411956156368,-0.0092774671632318,0.0513993064932349,-0.0385884827576924,,1756.563671875,1756.7293969726563,,0,0,-0.1095068023919338,-0.1496342702563117,1,52.47691980034617,7.29939140036059,0.1183414414299414,1.405674240833996,-0.1004250401479454,1.4512865609556231,2.852657210179412,-0.0508055647373568,-0.1683548275125044,-0.0997774702588734,0,,
2025-07-11,1756.8135985460533,1761.3118410458867,1745.318089935368,1758.0631103515625,12465.0,-0.0018444532571479,0.0012809702809333,-0.0026934517946154,0.082730141894864,-0.0329757935300127,,1756.8510620117188,1757.132109375,,0,0,0.1631784246264942,-0.0870717312797505,1,51.201396938134096,7.248049087663698,0.1148673858480173,2.398729703275374,-0.1020842641126933,2.5867721063553817,2.857440209642724,-0.0373159706749425,-0.0502926365658004,-0.1052008956455216,0,,
2025-07-14,1760.8119382262146,1779.8045166118509,1759.312524143138,1779.0548095703125,8380.0,0.0119402421307572,0.0120841624707768,0.0152595265457593,0.0715814705001112,-0.0187321352596792,,1757.81318359375,1757.359931640625,,1,0,2.0495126179498584,0.3402451385661713,1,58.26113982492269,8.056146937683753,0.1199948024125998,2.1714025771527297,-0.0913629328131817,2.238180027019674,2.886051401517522,-0.0327886653671978,-0.1029699468141862,-0.0923453160932845,0,,
2025-07-15,1782.8033203125,1795.2984375,1763.8107421875,1774.306640625,5513.0,-0.0026689278597658,0.0134170145559924,0.0082362545445691,0.0755204465959116,-0.0338670185262695,,1758.3379821777344,1757.292890625,,1,0,3.125282196933995,0.897252550239736,1,56.27786737925895,9.409838329914162,0.1198331026384939,2.2938521844969846,-0.0937880195962125,2.904095405918604,2.8907016531156824,-0.0261794455852755,-0.0796754534255789,-0.1012747350468477,0,,
2025-07-16,1762.311547727001,1784.8027614671355,1760.3123287278777,1763.3111572265625,62299.0,-0.0061970592606046,0.0082881798001521,-0.0002832003046271,0.0403335596444887,-0.0481424272338617,,1757.6632507324218,1757.075908203125,,1,0,3.0553732803432467,1.3288766962604384,1,51.87407707053855,10.443674625418176,0.1217577480352266,1.3761414042250977,-0.0994038689414447,1.6450068304256682,2.863215721175788,-0.0458490957236552,-0.1041436342334096,-0.1014517567615831,0,,
2025-07-17,1780.8042731350931,1795.2986104690583,1769.3087642150515,1773.8070068359375,9328.0,0.0059523525194971,0.0070942802335296,-0.0016877361162819,0.0396288822976449,-0.0478703879526177,,1758.1255676269532,1757.0038745117188,,1,0,3.803058020738263,1.8237129611560032,1,55.45714471963489,11.803966795494008,0.1207755572158344,1.3549068555083763,-0.0940432032916889,1.6791893531474424,2.8627395663423543,-0.0531276247294477,-0.1126879591015436,-0.1083798204153229,0,,
2025-07-18,1774.806592065502,1783.803077184392,1766.309911675439,1771.557861328125,12817.0,-0.0012679764479138,0.0076759195373048,0.003965401986997,0.028370350744634,-0.0589227278047552,,1758.038104248047,1756.991804199219,,1,0,4.1660922010999,2.292188809144782,1,54.52040349164199,12.862200688146832,0.1183092432931573,1.0017608485537324,-0.0951919351727424,1.2021330946868298,2.8612051695921235,-0.0470678665512059,-0.1411775861624755,-0.1092296094580255,0,,
2025-07-21,1781.8037109375,1791.3,1772.8072265625,1779.3046875,18920.0,0.0043728891621226,0.0001404554420376,0.0033821318913036,0.0291352153189097,-0.0477293514448631,,1758.2630126953125,1757.034716796875,,1,0,5.021024291149843,2.837955905545795,1,57.2019018837116,14.13985721883324,0.1180313583217948,1.0261483469669737,-0.0912353097922581,1.2345425994535024,2.868278019456427,-0.0516565050966403,-0.1409415785618788,-0.1003405453463729,0,,
2025-07-22,1779.304760414482,1794.7987063619114,1774.306713334666,1787.3016357421875,12888.0,0.0044944231858476,0.0073239849413007,0.0070402700558456,0.0400741356698954,-0.0499288496615735,,1759.1251708984375,1756.907724609375,1818.7103924560547,1,0,6.271556423287848,3.5246760090942058,1,59.83458366669254,15.46232617580816,0.1189609910280381,1.3877976367886695,-0.0871509366981088,1.698056015005845,2.8807571562587557,-0.0389349554735514,-0.1305493421459248,-0.0943320709928824,0,,
2025-07-23,1800.796436818156,1800.796436818156,1785.302490234375,1785.302490234375,17375.0,-0.0011185272076261,0.012471612237968,0.0086121553601683,0.0315606740962011,-0.0437520816499783,,1760.836999511719,1757.2505102539062,1818.2151434326167,1,0,7.020371341880491,4.223815075651463,1,58.85982375662276,16.92282576224464,0.1185820096059791,1.1154058906670443,-0.088171983211868,1.3373162412820976,2.853260691437641,-0.0350109779720867,-0.131691084183334,-0.0910525294367085,0,,
2025-07-24,1785.302465717876,1812.791725408381,1761.8116438005354,1786.8018798828125,19235.0,0.0008398518775609,0.0073259790928748,0.0204081191617939,0.0300474466330933,-0.0405091499329386,,1763.9982604980469,1758.0380859375,1817.7623693847656,1,0,7.646654895731444,4.908383039667459,1,59.39412847340447,16.635120054224807,0.1114126987491879,1.0658683142885024,-0.0874061827399559,1.273196455468913,2.854711894593076,-0.0235014337808996,-0.1150075764501868,-0.0832956767133223,0,,
2025-07-25,1788.301147443867,1801.296069141335,1778.5849737370368,1787.0516357421875,38694.0,0.0001397781489862,0.0087458472298764,0.0368274745494541,0.0352619198279713,-0.0397309086892336,,1766.3098571777343,1758.7528051757813,1817.2958526611328,1,0,8.070115071767304,5.540729446087429,1,59.4885099870275,16.367964753920678,0.0936151375258087,1.242741794739146,-0.087278622065403,1.4941486338661376,2.843100820117375,-0.0042322055805064,-0.1078694254501037,-0.0890783249382238,0,,
2025-07-28,1803.7952403326456,1804.794849775889,1784.8026609110216,1788.0513916015625,18511.0,0.0005594443044505,0.0049157989427048,0.0271318674730265,0.0359910586755849,-0.040353181485901,,1769.29619140625,1759.0726806640623,1816.8643170166013,1,0,8.389671345799343,6.110517826029811,1,59.8904019921903,16.296712008457536,0.0886979200525244,1.2669178259389466,-0.0867680052889673,1.5250443371737157,2.8454058861100795,-0.0083938180179926,-0.1066764476983525,-0.1023202711492108,0,,
2025-07-29,1787.3016110160809,1820.788525987579,1773.307079386201,1798.797119140625,6029.0,0.006009741995971,0.0064317534145061,0.0407749839035893,0.0447885663447211,-0.0381973931541005,,1771.5203186035155,1759.712431640625,1816.4390393066408,1,0,9.401636192150818,6.768741499254014,1,64.0218008182824,16.972470279617557,0.0844990421254031,1.5521995203943246,-0.0812797166182879,1.897819958279851,2.8700761744123318,0.0122512621748804,-0.0910176474820366,-0.0901733089096683,0,,
2025-07-30,1812.2917724407216,1836.7822017980288,1806.7939209523463,1810.7923583984373,7945.0,0.0066684781347343,0.0142776186688207,0.032193646454107,0.0419262993269275,-0.0267123754144869,,1774.131793212891,1760.57708984375,1816.0137744140625,1,0,11.04423017276872,7.623839233956955,1,67.98592738027887,18.219059843794696,0.0722061035938206,1.466739865953511,-0.0751532504966201,1.776537499035986,2.8928578602345443,0.0048456140898254,-0.0920047247973232,-0.0822808986738109,0,,
2025-07-31,1795.7983399798372,1805.294629559469,1788.3012692590753,1793.29931640625,66649.0,-0.0096604350637192,0.0036363497243823,0.0197527486009965,0.0145025437649737,-0.0435648558730165,,1775.5687255859375,1761.5667041015624,1815.4310870361328,1,0,10.80984626449981,8.261040640065527,1,57.956988036970216,18.157964324740032,0.0817977396136934,0.5633050149744133,-0.0840876724640894,0.6145143559889381,2.8756989603449656,0.0009896331422563,-0.1062854626821933,-0.0899170209062638,0,,
2025-08-01,1782.8036160169515,1788.301468491352,1759.8125965785496,1766.31005859375,16233.0,-0.0150500574921236,-0.011606590841357,0.0009914023809014,-0.006384033598442,-0.0603384729499779,,1776.0935302734374,1762.621298828125,1814.601021118164,1,0,8.350033789907457,8.278839270033913,1,46.54799649549801,17.078848099863663,0.098148704669595,-0.1612396920383444,-0.0978722056512496,-0.2705098056544625,2.879617898091232,0.0068198508532868,-0.0968893584305606,-0.0958160970714716,0,,
2025-08-04,1791.7998780114997,1791.7998780114997,1775.3063226490506,1789.8006591796875,12013.0,0.0132992508714124,0.0009783094525925,0.0193566602250836,0.0088156527065201,-0.0405723018260084,,1777.6929077148438,1764.2606591796875,1813.9221380615236,1,0,8.201567267781002,8.26338486958333,0,54.87431662299625,15.911301991451989,0.1064052286508421,0.3517806457688098,-0.0858745817961316,0.3735444783592558,2.8742269977303443,0.0099411452526054,-0.1094878887898351,-0.0967384090795457,0,,
2025-08-05,1791.799877909263,1797.7975344043568,1787.801440245867,1792.2996826171875,14092.0,0.001396257971346,-0.0036121008057549,0.0196190209656177,0.0083779219056006,-0.0345776268610699,,1779.7670959472655,1765.4152075195314,1813.260747680664,1,0,8.191134485997736,8.248934792866212,0,55.665526255740254,15.009207285137991,0.1064151912488646,0.3373462176212454,-0.0845982268941544,0.3549965694142553,2.892907396247806,0.0077826141051944,-0.1015756626238364,-0.0803348213626377,0,,
2025-08-06,1810.2926272310583,1811.2922366331736,1795.7982909003845,1800.046630859375,40378.0,0.0043223509535386,-0.0059342682164653,0.0281187258953763,0.015735166260193,-0.0383002323904085,,1782.328594970703,1766.724694824219,1812.7592681884769,1,0,8.707604565333668,8.340668747359704,1,58.11712435020222,14.780014445159772,0.1054534401708194,0.5793945401766847,-0.0806415391672993,0.6667441048593784,2.883326235485096,0.0079067526897318,-0.0956420058624422,-0.0871584955116532,0,,
2025-08-07,1795.2985360894463,1798.7971690940751,1777.3055663513562,1778.30517578125,17598.0,-0.0120782732543684,-0.0083612035580585,0.0168619880100284,0.0006449159174302,-0.0599550274217608,,1783.178265380859,1767.344453125,1812.1590765380856,1,0,7.278653315671363,8.128265661022036,0,49.794968989084985,13.80000104331836,0.115066703912536,0.0813955562295289,-0.0917458018759523,0.027326936300913,2.8508884395470204,0.0036898951457049,-0.1094670155094144,-0.1038614164932208,0,,
2025-08-08,1785.8022465054544,1791.7999030848175,1777.8053710663032,1778.30517578125,10682.0,0.0,0.0067910597740976,0.0096481545833828,-0.0085557710160845,-0.0565906041763576,,1784.1903686523438,1767.7792822265626,1811.5001696777344,1,0,6.076156999660498,7.717843928749728,0,49.794968989084985,12.889988598751332,0.1127582716571719,-0.2244126095530049,-0.0917458018759523,-0.3625325460927868,2.8288302353417265,-0.0083525545069562,-0.0955485724733069,-0.1157810807588513,0,,
2025-08-11,1788.3010734346387,1788.3010734346387,1770.8079103350824,1774.056640625,33306.0,-0.0023890922739869,-0.0087965207041008,0.009097244677547,0.0033330818051731,-0.060587932134359,,1783.940460205078,1768.314069824219,1810.8100256347657,1,0,4.725871816536255,7.119449506307033,0,48.2297793877342,12.384582261540372,0.1129154971034979,0.1710865599086525,-0.0939157049635067,0.1412322315421132,2.8276634904495084,-0.010420767193214,-0.076832860608489,-0.11179165738051,0,,
2025-08-12,1773.30703125,1780.8041015625,1753.8146484375,1755.56396484375,93916.0,-0.0104239489077051,-0.0204964148181929,-0.0132041152415287,0.0046587853626538,-0.0696417608620976,,1783.0033264160156,1768.4690063476562,1810.0411602783204,1,0,2.138900778074003,6.123339760660428,0,42.03609495130594,12.6663705662146,0.1108116838128471,0.216406298195447,-0.1033606813610412,0.1974060918703325,2.7687127477706417,-0.0406571600509895,-0.0841813114985168,-0.1289561465087323,0,,
2025-08-13,1767.8091062792776,1769.80832494626,1759.3124269446018,1763.8106689453125,77246.0,0.0046974671767636,-0.0201305684490866,-0.0059155342370754,0.0071346332953643,-0.0600438234392752,,1783.028302001953,1768.8088720703124,1809.3447595214843,1,0,0.7455534166901998,5.047782491866382,0,45.40327055840447,12.928031134840667,0.1120182855596111,0.2999995362297187,-0.099148747592339,0.302314866672357,2.772228629853045,-0.040984175290087,-0.0805876549450852,-0.1257977255076715,0,,
2025-08-14,1756.4696666974023,1760.4684593364404,1743.4735906205294,1746.9725341796875,28226.0,-0.0095464524974744,-0.017619383910187,-0.0092658762918357,-0.0141559071017262,-0.0630933776726032,,1781.6865783691403,1768.836962890625,1808.6278790283204,1,0,-1.697809863893326,3.698664020714441,0,40.260621825351,13.814597908678062,0.1148213458694384,-0.4317399694734568,-0.1077486812807391,-0.5998263668106415,2.745508467390274,-0.0411101590826613,-0.0944073041769911,-0.1195162438560878,0,,
2025-08-15,1753.9703790216977,1758.4690206321834,1740.4744541902394,1750.471435546875,21745.0,0.0020028370788498,-0.0156518355867388,-0.0131556427498207,-0.0092472528110288,-0.0607134100957511,,1780.632257080078,1768.740107421875,1807.8935137939447,1,0,-3.313662924929304,2.296198631585692,0,41.73738912776099,14.752430347154345,0.1128586603418113,-0.2615125396217988,-0.1059616472559554,-0.3918326121215199,2.757462936620527,-0.0367747841821098,-0.0867646190159411,-0.1152516030834338,0,,
2025-08-18,1753.4706743042932,1758.4691653941002,1747.4724849965248,1752.9708251953125,8133.0,0.0014278380084828,-0.0118856495034223,-0.0104919159224513,-0.0082535402480427,-0.0583622063786857,,1779.3155639648437,1768.6482592773436,1807.164150390625,1,0,-4.342500617034375,0.9684587818616788,0,42.82468290429353,15.62326462637514,0.1130457187644068,-0.2269936027549169,-0.1046851053148659,-0.3497261619995482,2.7620016348511807,-0.03467194027022,-0.0887239157078511,-0.1128437201082172,0,,
2025-08-19,1748.4721865154395,1771.965094681885,1744.973242745969,1769.9656982421875,22582.0,0.0096948978286512,0.0082034797289309,-0.0052486734416095,0.0149941597559795,-0.04897794486541,,1778.4487670898438,1768.5514428710935,1806.6834118652343,1,0,-3.7433664789953127,0.0260937296902804,0,49.69861926904172,15.517586848928037,0.1173447201949774,0.5744987730099805,-0.096005118886424,0.6353455349188316,2.803990915953424,-0.0224131353609807,-0.0780768419216536,-0.0964702552380734,0,,
2025-08-20,1778.4631077147892,1793.9584299011744,1771.9650693785632,1786.460693359375,118919.0,0.0093193868861805,0.0128415281826173,-0.0004705094909529,0.0425310504251068,-0.0388242548823488,,1778.5066772460937,1768.72455078125,1806.2776531982424,1,0,-1.9154598774057376,-0.3622169917289232,0,55.31409360654173,14.624784781533007,0.1209252425762698,1.5605044639326249,-0.0875804408461998,1.8021625367985872,2.8376618056971425,-0.0149597304541909,-0.0501675729720607,-0.0822347029673483,0,,
2025-08-21,1788.4601474565682,1788.9599965754771,1775.464070364933,1787.46044921875,6431.0,0.0005596293627345,0.0231760455570493,0.0012087357723293,0.04662506482047,-0.0393197305243764,,1778.5396057128903,1769.2175366210938,1805.8806408691407,1,0,-0.3817581138464447,-0.3661252161524275,0,55.6373524742636,13.79575429038048,0.1208684561074626,1.706666741077587,-0.087069824069764,2.324830699684625,2.850686741371528,-0.0009021082699655,-0.0491314225568734,-0.0828445144413486,0,,
2025-08-22,1788.460121871428,1805.954840782971,1783.4616307538445,1803.9554443359373,84525.0,0.0092281734817667,0.0305540597252609,0.0096001490966921,0.0400001660847131,-0.0288893849509166,,1779.384796142578,1770.250339355469,1805.6310632324216,1,0,2.140050663120519,0.1351099597021617,1,60.69007044825901,13.848519051664647,0.124952295208546,1.512251353041551,-0.07864514602954,1.9944983339818845,2.833479883792452,-0.0074375319067532,-0.0500938681239505,-0.1025266432365352,0,,
2025-08-26,1790.9593505859375,1802.4558800482528,1787.4604068365372,1790.9593505859375,31812.0,-0.0072042210304056,0.0216709398950734,0.0021866826708267,0.0325077750165803,-0.0389879738063593,,1779.5301940917968,1770.8732788085938,1805.2652868652344,1,0,3.0547133013353687,0.7190306280288032,1,55.34188029921546,13.89751490142852,0.1277658391464414,1.231292448803086,-0.0852827900449804,1.7700261960597232,2.813721272896005,-0.0103336283446174,-0.0621749203684354,-0.1156950194902562,0,,
2025-08-27,1791.459119605939,1807.9541394014173,1789.9595723518044,1801.2061767578125,24938.0,0.0057214175009179,0.0176503299169306,0.0073570509315548,0.0308409452744347,-0.0376190316552035,,1779.6506469726562,1771.6211889648437,1804.8020849609372,1,0,4.553928415626615,1.4860101855483656,1,58.45082381705196,14.203401602703527,0.1292249372281695,1.175400977579857,-0.0800493109915529,1.6792684525210038,2.8233862520018267,-0.0077386618955637,-0.0621301505972797,-0.1208428455968909,0,,
2025-08-28,1809.4537316070744,1812.9526752869776,1790.9593150133005,1792.4588623046875,14041.0,-0.0048563648992533,0.0033575711839666,-0.0035236085095385,0.0204348644905374,-0.042548299762675,,1778.733972167969,1771.9342504882814,1804.205201416016,1,0,4.978839065427337,2.18457596152416,1,54.93496593528032,14.721715621548531,0.1287423062702413,0.8000317823577946,-0.0845169272266975,1.1126644454360095,2.79976002312442,-0.024499750882852,-0.0759086747245129,-0.127992196931693,0,,
2025-08-29,1799.4568735038508,1811.4532526605435,1795.4580804516202,1800.9564208984375,13307.0,0.0047407272615584,0.0075503610083156,-0.0054318417318146,0.030698008519338,-0.0422280392149734,,1779.1168273925782,1772.662165527344,1803.710770263672,1,0,5.932875284967395,2.9342358262128068,1,57.60293379009784,15.203007210476036,0.1276267401233776,1.172033880993146,-0.0801768716661057,1.71500988181045,2.829910115167789,-0.0217597089480408,-0.055725318646574,-0.1364741926328005,0,,
2025-09-01,1806.954539006488,1811.4531810123128,1800.456500553629,1803.9554443359373,8766.0,0.0016652393154541,0.0,0.0059421914859378,0.0321190955403494,-0.043429694168133,,1780.9990966796877,1773.2751318359376,1803.216342163086,1,1,6.851966782071713,3.717782017384589,1,58.535936962296205,15.64992082876586,0.1230280328536067,1.2227816309501065,-0.07864514602954,2.100537792925061,2.834622592750768,-0.014283959538404,-0.0490310577139905,-0.1240986489803676,0,,
2025-09-02,1804.455251748206,1815.4519319527656,1791.9590242430247,1793.70849609375,32622.0,-0.0056802668127755,0.0015350127890467,0.0155116806172825,0.0268437409328683,-0.0472219734848158,,1781.1944885253906,1773.653171386719,1802.7737408447265,1,0,6.676547248721818,4.309535063652035,1,54.15109519684589,15.384413407990849,0.1120822178027671,1.0272935470502933,-0.0838786874293381,2.223696011458832,2.839562750863011,-0.0139098827156101,-0.0470843793679568,-0.1364571082821913,0,,
2025-09-03,1787.9602296186497,1791.4591733165337,1777.4633985249982,1785.2110595703125,30425.0,-0.0047373564556018,-0.0088802255921036,-0.0025643076986453,0.0227106973555306,-0.0405286771360685,,1780.8400573730469,1773.9562231445314,1802.2649145507808,1,0,5.785166099655271,4.604661270852683,1,50.75567132533534,14.440163132115313,0.1037570024362811,0.8756985986610444,-0.0882186806435592,2.0899892957074337,2.810876975724544,-0.0220407163581112,-0.0605976221192838,-0.1453162289834721,0,,
2025-09-04,1790.45947265625,1802.9557001315168,1787.4603780621858,1790.45947265625,25876.0,0.0029399398226901,-0.001115445207968,-0.0010267311760332,0.0200222065610748,-0.0238111132016713,,1780.3606994628906,1774.7440942382811,1801.7710870361327,1,0,5.439539564083361,4.771636929498818,1,52.72728605068611,13.962859427029697,0.104174806188181,0.7817182561519945,-0.0855380984331982,1.8425765063043744,2.79577533717408,-0.0335759309819972,-0.0612909269417172,-0.1283628970437799,0,,
2025-09-05,1797.4574414008337,1811.4532168066244,1792.9587993061152,1802.4559326171875,74714.0,0.0067002130705253,0.000832619657727,0.0013384663022102,0.025542580413139,-0.0094430731543498,,1781.5682373046875,1776.3216796875,1801.313504638672,1,1,6.063743049461436,5.030058153491343,1,56.96825037200141,13.99247695617628,0.1057399938047355,0.9741990461578488,-0.0794110088478228,2.350597994086105,2.8226827887245003,-0.021032461056351,-0.0526162401244094,-0.128710725247751,0,,
2025-09-08,1811.9530216340097,1813.4525689622585,1794.9581519138562,1797.4573974609375,96099.0,-0.002773180229151,-0.0036021105152027,0.0107699296726577,0.0127624496920912,-0.0023256168484585,,1782.525848388672,1777.45443359375,1800.8471704101562,1,0,6.0849453340943,5.241035589611935,1,54.76369431799799,14.12920288289681,0.0967876717058299,0.5223168394893923,-0.0819639680372601,1.1744854341506925,2.8079567958855405,-0.0150590402156534,-0.0614236606445348,-0.119694183077821,0,,
2025-09-09,1801.95595038488,1805.45489397786,1793.4585159447847,1801.2061767578125,17310.0,0.0020856011954277,0.0041799883762554,0.0128779926462856,0.0131627906242204,-0.0043875020191618,,1783.8833251953124,1778.9120629882811,1800.3058813476562,1,1,6.331260625405093,5.459080596770567,1,56.13470587383748,14.138429399166878,0.0969138937456517,0.5368381500523539,-0.0800493109915529,1.2113274672104877,2.8073228117175413,-0.0076029389658962,-0.065890152746191,-0.1468849567504939,0,,
2025-09-10,1798.4569934611009,1810.9532204862608,1795.4578989750623,1805.2049560546875,8377.0,0.0022200563980259,0.0111997381918458,0.0175576781013677,0.0240489735127518,0.0163529984059433,,1786.3653747558594,1779.9298706054688,1799.6746459960937,1,1,6.771082514069803,5.721480980230414,1,57.61052872438746,14.472598419017563,0.0964203438902616,0.9427834437449142,-0.0780069685785513,2.213146361274667,2.8054453748034747,-0.0078574115063818,-0.0548332565793773,-0.1388417360187658,0,,
2025-09-11,1806.9545228775407,1816.4516559161789,1798.9569371607945,1813.20263671875,20984.0,0.0044303449518228,0.0127024176809538,0.032831997596926,0.0347467883416241,0.0233031602978306,,1788.8349731445312,1781.022666015625,1799.0121875,1,1,7.676500599312931,6.112484904046918,1,60.474765691094525,15.096930524101094,0.0878962163587753,1.3378686765038663,-0.0739222214061775,3.197630374679856,2.794650228369609,0.0093680648596905,-0.0634202232877922,-0.1355359094550143,0,,
2025-09-12,1820.950219776901,1826.4485597213272,1815.451879832474,1818.2010498046875,64565.0,0.0027566764931374,0.0087353687280653,0.0308368589764218,0.0331789187343316,0.0323845279659449,,1792.396398925781,1782.0954736328124,1798.3734716796876,1,1,8.697126062135794,6.629413135664693,1,62.19411123335547,16.202487138635473,0.0872766228903015,1.282697176717422,-0.0713693245631109,3.053344594062541,2.803292197799499,0.011205269151304,-0.055625972571327,-0.1392021106288415,0,,
2025-09-15,1819.4507726471093,1830.4474531411304,1813.9524324000988,1815.701904296875,75728.0,-0.0013745154905069,0.0101501748312418,0.0393419866497559,0.0294199577455733,0.0252920062167274,,1795.6579223632812,1783.293232421875,1797.6622924804688,1,1,9.1982868137286,7.143187871277475,1,60.77071074391839,17.425751605413677,0.0784323993959972,1.14517840654164,-0.0726457418114588,2.7074200235176638,2.7846137213210893,0.014243355791937,-0.0720427802178474,-0.1320783880416929,0,,
2025-09-16,1809.9536251963443,1812.9527198528424,1797.9572465703538,1797.4573974609375,3862.0,-0.0100481840068359,-0.0020812605160075,0.0268418901102396,0.0116228861304379,0.0025410811639243,,1797.8822509765623,1784.0861181640626,1796.8823791503903,1,1,8.030708090158214,7.320691915053623,1,51.50366605585981,17.17203386036463,0.0885900618162967,0.4837974048648916,-0.0819639680372601,1.069615222181894,2.7604340875887643,0.0010774944347495,-0.0869659217263245,-0.1436136749463471,0,,
2025-09-17,1798.9568027064963,1806.9543878255024,1793.9583120071177,1803.4554443359373,21991.0,0.0033369619126841,-0.00096914852404,0.0287994634109212,0.0220421865199298,0.0091212871151871,,1799.55673828125,1785.1389086914062,1796.1499462890624,1,1,7.502897067814956,7.35713294560589,1,53.98783984260776,16.62897229685561,0.0888774160110377,0.871758596479485,-0.0789005167641286,2.028468485993949,2.773091235351035,0.0040150593540295,-0.0764144510727545,-0.1462489878286478,0,,
2025-09-18,1802.9557749064013,1808.4541152235545,1791.9590942720956,1804.455322265625,11470.0,0.0005544234169068,-0.0048242343552701,0.019486040920279,0.0175650302486443,0.010245842399823,,1800.4564697265623,1786.2516821289062,1795.5274554443358,1,1,7.083629155038807,7.302432187492474,0,54.40710813042391,15.968597106058066,0.083568690935805,0.709070729619753,-0.0783898376413221,1.6164508127489905,2.761724640952021,-0.0150736133847393,-0.0868864244695812,-0.1400072591723786,0,,
2025-09-19,1810.4532470703125,1824.948869423996,1802.955511370132,1810.4532470703125,72861.0,0.0033239530680961,-0.0042612464310298,0.013430216405053,0.0200848532744031,0.0123291853584457,,1801.6061096191409,1787.23451171875,1795.002417602539,1,1,7.152884716000926,7.272522693194164,0,56.94173831651064,16.351309290633868,0.0784088797994757,0.8012817280106496,-0.0753264487145611,1.8483416731866396,2.7572482830445373,-0.0283379515103455,-0.080139421624801,-0.1449608380736873,0,,
2025-09-22,1804.955033785103,1807.4542791932795,1789.4597122544085,1799.95654296875,14856.0,-0.0057978321829345,-0.0086717766230588,0.0069909763628401,0.0168910077081752,0.0095632713197646,,1801.406164550781,1788.0723803710937,1794.4798669433594,1,1,6.28828649821412,7.075675454198156,0,51.54152012205915,15.69175881866693,0.0815289827103678,0.6802218050139274,-0.0806875507889123,1.554422779325221,2.728354143204119,-0.0429133781667473,-0.0772550842279428,-0.1510323845763652,0,,
2025-09-23,1801.956069853402,1817.951241624639,1797.4574277927418,1806.4547119140625,27262.0,0.0036101810183677,0.0050055786945684,0.0013854375317152,0.0316314727943332,0.005457409944209,,1802.1809326171876,1788.6203784179688,1794.0735119628907,1,1,6.057605799024714,6.872061523163468,0,54.423208794318846,15.671999927317778,0.0759473961910864,1.2429267893902178,-0.0773686664348213,2.9109383350361053,2.7531911932721456,-0.0283357192615197,-0.0582281673154504,-0.134632314042258,0,,
2025-09-24,1808.953806370604,1816.951391588048,1803.9553156097013,1805.9547119140625,187930.0,-0.000276785239454,0.0013858216381084,0.008372809423742,0.0477948290100103,0.0106609896954035,,1802.418359375,1789.25333984375,1793.658409423828,1,1,5.767954472890096,6.651240113108794,0,54.1563446013681,15.653652385350709,0.0712236832293626,1.9307281445528068,-0.0776240371694099,4.682250605680215,2.7612138763008414,-0.0186611933104237,-0.0329122934827625,-0.125279776830828,0,,
2025-09-25,1799.95654736768,1820.9502088476693,1794.4582074562545,1803.20556640625,8459.0,-0.0015222671364215,-0.0006925945153387,0.001110028199013,0.0358370623797621,0.0033697294910763,,1802.9556945800784,1790.0512280273438,1793.259545288086,1,1,5.255982943553136,6.372188679197662,0,52.62829357898693,14.93007937842046,0.0687918336338474,1.4918453899804551,-0.0790281397850521,3.510800446598454,2.769788840037741,-0.0189833792404721,-0.0347458863519261,-0.137980888532091,0,,
2025-09-26,1806.9543391256973,1818.9507164808888,1800.9561504481017,1808.9537353515625,17178.0,0.0031877502223822,-0.0008282521082366,0.0092023718891189,0.0466515510611482,0.0119149485938745,,1803.3555603027344,1790.7541625976562,1792.9368957519532,1,1,5.253511798615591,6.148453303081248,0,55.458204179802735,14.258190157699511,0.0671702502811188,1.9396957214875223,-0.0760923115328441,5.294672805097102,2.7627901834570587,-0.0132046458846514,-0.0255875870955205,-0.1378871808837901,0,,
2025-09-29,1810.45354881034,1819.9506822800795,1804.4553592505044,1811.4532470703125,15065.0,0.0013817444138581,0.0063872120393531,0.0058284731657407,0.0325703683266944,0.0168665919382378,,1803.730450439453,1791.5520703125,1792.6917095947265,1,1,5.391097884292776,5.996982219323554,0,56.67033462212928,13.704186452633357,0.0654492522699743,1.4398494783890323,-0.074815707245384,3.696542548077512,2.758854332052511,-0.0251088480635591,-0.0417010411804619,-0.1534940978576583,0,,
2025-09-30,1806.4544900692308,1858.4387919417268,1805.059891676336,1808.9537353515625,16233.0,-0.0013798378306436,0.0013833856010994,0.0027707397271472,0.0286545736344354,0.0060088513333889,,1804.492712402344,1792.1450512695312,1792.349071044922,1,1,5.238064989418263,5.845198773342496,0,55.05680362277387,15.195683751592952,0.0654900922355941,1.2745490656907117,-0.0760923115328441,3.252123205186386,2.744708536936034,-0.0317199390298654,-0.044606257693802,-0.1600749188902525,0,,
2025-10-01,1811.453027504457,1836.445480974441,1805.9546877410603,1822.44970703125,6941.0,0.0074606505495091,0.0091336704117597,0.0160233454879046,0.0328064878157678,0.0114059595520481,,1806.3546447753904,1792.8480126953125,1792.0914038085937,1,1,6.135076103329993,5.903174239339996,1,61.44068124779006,16.58064552919829,0.0665868331739038,1.4369793075277164,-0.0691993591291858,3.723340701817607,2.755795182478693,-0.0295001645442976,-0.0364731041418535,-0.1560595765601057,0,,
2025-10-02,1823.9493499726475,1823.9493499726475,1812.4528207730389,1816.7015380859373,66757.0,-0.0031540892037434,0.0074844332399575,0.0176396389361404,0.0346776904964447,0.0103176172110586,,1807.666748046875,1793.4759936523435,1791.8612139892575,1,1,6.309403799750726,5.984420151422142,1,57.6825243757131,17.8666814655461,0.0651484964799875,1.5206172913706306,-0.0721351873813939,3.9357110458007782,2.74394287331516,-0.0238125335926988,-0.0358378756542355,-0.1526085290678338,0,,
2025-10-03,1819.9505480752969,1833.446473589725,1816.951453516535,1823.9493408203125,13079.0,0.0039895396037432,0.0082896567091228,0.0187046222913822,0.0376241536027244,0.0383001300151557,,1808.7414184570312,1794.2189428710938,1791.7209844970705,1,1,6.9522555885803285,6.177987238853779,1,60.92777711646008,19.45673565972533,0.06567390862922,1.6395434079209077,-0.0684334339645321,4.270117034994847,2.754930831231967,-0.0146093662816977,-0.0402833501068885,-0.172043127091978,0,,
2025-10-06,1843.943201190402,1843.943201190402,1812.9525591535887,1817.9510498046875,53826.0,-0.0032886280783035,0.0035870662104495,0.0085966690819458,0.0383450545239649,0.0616146382891846,-0.0352382329440899,1809.7661010742188,1794.8369311523438,1791.5819970703126,1,1,6.898190264182404,6.322027843919504,1,57.02982363082044,21.324985903601373,0.0636246994002353,1.6717204346402177,-0.0714970099304052,4.351934989940413,2.7360587385325106,-0.0306885529390756,-0.0435726473183121,-0.205859256668635,0,,
2025-10-07,1824.4491947262395,1824.4491947262395,1806.9544764206453,1813.4525146484373,21123.0,-0.0024745084069967,0.0024869509976719,0.0088987462012142,0.0369597717653105,0.1000823073303136,-0.0340394423519502,1810.37841796875,1795.3449536132812,1791.6453948974608,1,1,6.418362031586412,6.341294681452886,1,54.22780134565527,22.504744467621222,0.0634442604752368,1.6116944684946328,-0.073794598385254,4.194713658971077,2.739444672386212,-0.0243992797893893,-0.035545236410003,-0.1754924768467562,0,,
2025-10-08,1811.4530985077847,1819.9505330206528,1795.9577767490268,1805.704833984375,87153.0,-0.0042723372139491,-0.0091881125620482,0.0024975803906359,0.0252045476692024,0.0778993504331102,-0.0397000285902215,1810.4034118652344,1795.483107910156,1791.5751055908204,1,1,5.351235904281793,6.143282926018667,0,49.698816381028685,22.66172215777168,0.0651531072666408,1.1248746016612454,-0.0777516601903335,2.860565834863262,2.7115716898656745,-0.0341076278980846,-0.0494575793440194,-0.2094859846168754,0,,
2025-10-09,1820.950308942138,1820.950308942138,1803.4555900804924,1814.4522705078125,22361.0,0.0048443335581795,-0.0012381051763156,0.0051225842373794,0.0320745938096465,0.1174582714016025,-0.0319609345515018,1810.4658935546877,1795.5563061523435,1791.5872833251954,1,1,5.151986884425241,5.945023717699982,0,54.33592547773481,22.85721861935329,0.0668281270784061,1.4102186669051655,-0.0732839816088182,3.640275097303296,2.7326236609765475,-0.0259572738364326,-0.0436812459784706,-0.0917770375155344,0,,
2025-10-10,1814.4521484375,1826.9483753551133,1786.96044921875,1786.96044921875,23695.0,-0.0151515814088448,-0.0202795608264684,-0.0144728377118891,0.0044437302358024,0.0763432894806983,-0.0514330095517122,1808.9038635253903,1795.4295288085937,1791.427020263672,1,0,2.74408824028842,5.304836622217669,0,41.41408045883997,21.77483169435425,0.0836985756600809,0.2338252254359794,-0.0873251948043527,0.504336878356986,2.76597861308434,-0.0102594646708245,-0.0416045217940495,-0.1402904532118727,0,,
2025-10-13,1790.4594744878134,1802.4558528763407,1789.4597762887695,1798.9569091796875,16727.0,0.0067133326684327,-0.0104481034442817,-0.0105841653908775,0.0138929021569824,0.0904625469283026,-0.0511056602813834,1808.0666137695312,1796.0824658203126,1791.309249267578,1,1,1.7832688636715377,4.600523070508443,0,47.30326846333946,20.769758121140864,0.0868103938397908,0.6247596326196401,-0.0811981052189773,1.576761534424305,2.7424669903077032,-0.0216977764713723,-0.0512798208172772,-0.1268695312676571,0,,
2025-10-14,1801.4562535594712,1816.9515764951936,1798.4571587977184,1810.20361328125,37201.0,0.006251791826793,-0.0017915557980944,-0.0030281903668291,0.0265934097124653,0.0679995762337422,-0.0521684256627018,1808.703924560547,1796.490524902344,1791.307680053711,1,1,1.9073409742682088,4.061886651260396,0,52.15864061417766,20.66538526416878,0.0898021098747262,1.1478532739708716,-0.0754539470427433,3.018193393288002,2.7629876145978325,-0.0077662860588781,-0.0350054331696657,-0.1355034743748716,0,,
2025-10-15,1825.448927987038,1838.4450046923128,1814.9520968020088,1825.6988525390625,23876.0,0.0085599427291636,0.0110726948161121,0.0157118912070006,0.0292545048605306,0.0700427104879692,-0.0551793754381034,1809.816094970703,1797.1585083007812,1791.3398602294922,1,1,3.2188998510082456,3.893289291209966,0,57.91238845319639,21.532166015731036,0.0869958017628473,1.2473561697264657,-0.0675398857789549,3.320211821223418,2.7743218587133307,0.0050310098643571,-0.0308856972770291,-0.1400932101869961,0,,
2025-10-16,1825.448967798012,1834.4462518671148,1785.9608877169487,1827.4483642578125,9614.0,0.0009582696052621,0.007162543739088,0.0133038606510791,0.0315487877363411,0.0608141886546231,-0.0509607730382699,1810.9657470703123,1797.70654296875,1791.2371154785155,1,1,4.349354038542515,3.984502240676476,1,58.51898500981936,20.483375338332777,0.0864957578523336,1.340830877887028,-0.0666463375933776,3.580599244008825,2.7960220376588576,0.0082690399852349,-0.022781704935392,-0.1607430249864231,0,,
2025-10-17,1808.453948532084,1831.447005920828,1803.9553068690684,1826.9483642578125,15323.0,-0.0002736055419015,0.0223776161674675,0.0124652806387834,0.0267765701358062,0.0566919265911245,-0.0507276955090024,1811.790502929688,1798.6794067382812,1791.1493603515626,1,1,5.145586190729546,4.2167190306870905,1,58.26054601536325,19.50949828074868,0.0865540693920802,1.151105546935696,-0.0669017083279663,3.038981008927231,2.779480146120689,0.0064291366725639,-0.0309586005029478,-0.1675368250398746,0,,
2025-10-20,1829.4477596725685,1847.442327800496,1829.4477596725685,1841.1942138671875,37015.0,0.0077976202765654,0.0234787751012668,0.0169797076210722,0.0301530402296201,0.0714355329245373,-0.031125081146067,1813.8523864746091,1799.9371875,1791.1753125,1,1,6.847196692584703,4.742814563066613,1,63.241596392235294,19.344695687597163,0.0896569950436672,1.2784780935377191,-0.0596257621687957,3.422190226548048,2.7723196717710734,0.0054660977827845,-0.0376420081963833,-0.1632772109352188,0,,
2025-10-21,1844.9429576400807,1852.9405429346468,1841.9438631546195,1846.4425048828125,10754.0,0.0028504820274237,0.0200192350383581,0.0258261579123411,0.034246305588478,0.0668878161743562,-0.0273401525152673,1815.8517761230469,1801.3849047851563,1791.3249530029298,1,1,8.521003671722383,5.498452384797767,1,64.9033041201376,19.425375853495613,0.086569090020941,1.4420281428643844,-0.0569452423048056,3.886751431623177,2.7802637674784805,0.0190259847328322,-0.0255836854228629,-0.1539056263354548,0,,
2025-10-22,1857.939107176746,1860.4383526800773,1851.94091796875,1851.94091796875,10952.0,0.0029778414824166,0.0143737097677372,0.0251798208694042,0.0364556579099915,0.0675985039786095,-0.0304413587689069,1818.1510864257807,1803.312443847656,1791.468353881836,1,1,10.173905298452157,6.433542967528645,1,66.60649805709785,19.81187089899033,0.0863774498713198,1.5286339430959497,-0.0541369747271505,4.137499743040786,2.8031159816467417,0.0181334258574541,-0.0180739475125524,-0.1310028830624328,0,,
2025-10-23,1859.938494350404,1872.9345709032425,1847.9421159939384,1859.188720703125,5987.0,0.0039136252480045,0.0173686748507411,0.029476934519937,0.0403665364324954,0.0770518578318821,-0.0276644166385126,1820.950244140625,1805.2200048828124,1791.6042669677734,1,1,11.9311440526385,7.533063184550617,1,68.7586890190552,20.651947616086684,0.0866944896508246,1.6807922175386532,-0.0504352213102887,4.581361129985853,2.797497685891196,0.0131405284834231,-0.0160399286242323,-0.1221791361893793,0,,
2025-10-27,1874.4340800038296,1877.933023619837,1851.940871043784,1865.9366455078125,7548.0,0.0036294996465637,0.0213406585608886,0.0347886454380153,0.043558733419003,0.0811175170249054,-0.0227306074326738,1823.7993896484372,1807.599287109375,1791.8438824462892,1,1,13.710226604552872,8.768495868551067,1,70.65496696358449,21.613706318847875,0.0863436508691274,1.8040331899219288,-0.0469887762816449,4.943656448973665,2.752419254641609,-0.0062710864976607,-0.032679566708703,-0.1358698743182497,0,,
2025-10-28,1873.934318699862,1879.4326589254413,1845.4429193491303,1853.6904296875,7147.0,-0.0065630394524888,0.0067870166689616,0.0247307012123463,0.0305166769296918,0.076672041483699,-0.0259579785145976,1825.9112487792968,1809.6636669921877,1792.0472521972656,1,1,13.970946696830424,9.80898603420694,1,63.16213638367935,22.032883792481957,0.0906465960090425,1.2803256785368533,-0.0532434265415732,3.463460823195115,2.727111702711796,-0.0129139306194502,-0.049812082680979,-0.1362959515812123,0,,
2025-10-29,1839.444535507493,1869.9353280797643,1832.446648687628,1834.446044921875,47939.0,-0.0103816605283274,-0.0064970666182204,0.0126930120270831,0.0130626167123646,0.0555365832175678,-0.0295726338095909,1827.1858642578125,1811.2931713867188,1792.0369647216796,1,1,12.480836910937567,10.343356209553065,1,53.55132147466344,21.545329107290268,0.0990828272634607,0.5724334528189449,-0.0630723318901811,1.4825290884693176,2.6975038841801253,-0.022237653927434,-0.0675297527541087,-0.1533214212336588,0,,
2025-10-30,1813.4525973262043,1838.944902305156,1813.4525973262043,1833.9464111328125,43987.0,-0.0002723622155285,-0.0097165663663149,0.0138160945152048,0.0226660961473061,0.0374973559636373,-0.0334141068616794,1827.760699462891,1812.5727856445312,1791.9442230224608,1,1,11.131283392823434,10.50094164620714,1,53.32445918300841,20.009605150468,0.0988753197935162,0.9711590861608096,-0.0633275155856575,2.572466727023854,2.726758413532436,-0.0065399014729762,-0.0517928158915018,-0.1525734551730532,0,,
2025-10-31,1830.447474127089,1835.4459653180425,1818.451095268801,1831.947021484375,1222078.0,-0.0010902115984962,-0.0146524658392115,0.0052112902849845,0.0371604988440601,0.0305392313724628,-0.0352301198959121,1828.5229736328124,1813.4825122070315,1791.7890130615235,1,1,9.787593189948891,10.35827195495549,0,52.36838492668566,18.58357576199017,0.0958693779726873,1.6324000775136458,-0.0643486867921583,4.217494985227716,2.714880319432801,-0.014846844680631,-0.0572081381934831,-0.1485546368174704,0,,
2025-11-03,1838.944840850956,1844.94303005732,1810.4534421207293,1815.9517822265625,63001.0,-0.0087312782903797,-0.0267880816862604,-0.0004127017254385,0.0146111931028456,0.0235556530133884,-0.0268802640849689,1828.123095703125,1814.0523388671877,1791.4563787841796,1,1,7.347331429923088,9.75608384994901,0,45.36142213466368,17.765640399158453,0.1002233982688325,0.6881116233341452,-0.0725181187905352,1.6582832727310186,2.6861351260068416,-0.0210674019020215,-0.0654408548357631,-0.1677637625890284,0,,
2025-11-04,1830.947274126088,1863.437465995648,1818.950895589636,1837.4453125,9384.0,0.0118359586877818,-0.0087636624364719,0.0073993127866247,0.0251886614279197,0.0337776119718702,-0.0161527701495233,1829.0978088378904,1814.7221362304688,1791.301173706055,1,1,7.066298774451525,9.218126834849514,0,54.2246856682542,17.864829407952932,0.107575543527202,1.115278125236559,-0.0615404815608737,2.858762841226794,2.750531678752649,-0.0015968286497236,-0.0492154424575853,-0.1457920139024672,0,,
2025-11-05,1839.444535507493,1857.4391016157188,1834.446044921875,1834.446044921875,7850.0,-0.0016323030447334,0.0,0.009073398933904,0.0191102905184612,0.0351461603772427,-0.0173643548522196,1830.1474853515624,1815.5918701171877,1791.0672576904296,1,1,6.526331060662415,8.679767680012095,0,52.93428821875243,17.9569334875478,0.1070167436762041,0.8617115184241648,-0.0630723318901811,2.1689039957744822,2.7365584510359167,0.0001826395378023,-0.0509022470794001,-0.1416758599282628,0,,
2025-11-06,1842.4437369560485,1851.9408696207704,1829.947509765625,1829.947509765625,32235.0,-0.0024522580910476,-0.0021804897585406,0.0090959068318288,0.029040197761156,0.0297038421643678,-0.0129045992302186,1831.359619140625,1816.166696777344,1790.8820599365235,1,1,5.670047784566577,8.077823700922991,0,50.97488726031385,17.74260452437716,0.1070091047990078,1.3234445846778842,-0.0653699203450297,3.2958892436201506,2.759454803109284,0.0073044478411175,-0.03207197979738,-0.138028171396897,0,,
2025-11-07,1847.942229274581,1851.9410223052,1816.951583287288,1830.447509765625,80606.0,0.0002732318808773,-0.000818534434219,0.013702502931586,0.0293213643498888,0.0205147264545473,-0.0180606459623959,1832.159381103516,1816.9264697265623,1790.7230993652345,1,1,4.974440684667343,7.457147097671862,0,51.19114339750255,16.732467114510342,0.1056296382489048,1.335714860007122,-0.0651145496104411,3.3277999745005475,2.7574942061919843,0.0169357559300173,-0.0252175009509274,-0.118356577207029,0,,
2025-11-10,1866.936486383109,1866.936486383109,1833.4465949272403,1837.6953125,43524.0,0.0039595796632829,0.0119736275413533,0.0128099495202937,0.0358718376954301,0.039324483270144,-0.0296493107592814,1834.6961242675784,1817.6612475585937,1790.6066235351564,1,1,4.950932882250072,6.955904254587504,0,54.33562055310188,16.547282683286195,0.1052327454634017,1.6180340281197336,-0.0614127961935795,4.07123963072314,2.7258772654495544,-0.0024688344843585,-0.035996583519835,-0.1100637236443626,0,,
2025-11-11,1863.43739803384,1863.43739803384,1845.442830885445,1857.439208984375,20625.0,0.0107438356892337,0.0108813559502196,0.039440581797117,0.0580299243893924,0.0629590587143875,-0.0284524271446683,1837.6202392578125,1818.7309228515624,1790.5776245117188,1,1,6.45110588614989,6.854944580899982,0,61.59428680903112,16.3753257114352,0.0939365604981782,2.579249805276984,-0.0513287694958659,6.586050314675108,2.748870297293799,-0.0061852668381491,-0.0071666699598287,-0.09074468178205,0,,
2025-11-12,1856.439740927724,1878.4331035019889,1853.940495180648,1861.438232421875,17145.0,0.0021529767532399,0.0147140808936407,0.0347319732470292,0.0553503645235005,0.0628799023725048,-0.0202145261438758,1840.181970214844,1820.085517578125,1790.533639526367,1,1,7.871948646200281,7.058345393960042,1,62.88128509297164,16.905776479536723,0.0922818250723942,2.473123956281315,-0.0492863023901229,6.281936251394086,2.753256592289983,0.0039342686786794,-0.0068436049461286,-0.0868797498172347,0,,
2025-11-13,1843.0740245837944,1854.5713672920745,1820.5792236328125,1820.5792236328125,15407.0,-0.021950236154708,-0.0051194288813302,0.0057317366264424,0.0421338561499984,0.0273815060947753,-0.0432310624134835,1839.9259887695312,1820.792880859375,1790.3340832519532,1,1,5.636027615816829,6.773881838331399,0,45.94155788677552,15.875929352181986,0.1215932874009436,1.7388991329351966,-0.0701546925681754,5.059316794936326,2.7382607522999938,-0.0089493207161689,-0.0026398443772309,-0.096797927963121,0,,
2025-11-14,1824.0785135248648,1829.5772429435483,1810.5816322244625,1813.0810546875,13825.0,-0.004118562294889,-0.0094875460702769,-0.0069112153047664,0.0357672898107388,0.0261892878284646,-0.0367371419225022,1839.207623291016,1821.2453125,1790.0245751953123,1,1,3.221864868559124,6.063478444376944,0,43.61927295532014,15.366364486825,0.1186377403449471,1.4817235239658548,-0.0739843183914437,4.480485471705018,2.7274297319251146,-0.0169021941851994,-0.0108916077516604,-0.0967112205705577,0,,
2025-11-17,1829.5771329471984,1829.5771329471984,1807.5822165948275,1812.0811767578125,9632.0,-0.0005514799942906,-0.0139381841853544,-0.0084090953268828,0.0337201000227223,0.0251882495719739,-0.039690557254412,1838.464263916016,1821.4378173828125,1789.6863305664062,1,1,1.2139480679854842,5.093572369098652,0,43.30491574348733,15.025530053281036,0.1185506739861791,1.4008754837741504,-0.0744949975142501,4.673216782991101,2.751560599066148,-0.0159016767371183,-0.0037802424347934,-0.0921687602315046,0,,
2025-11-18,1792.5857345332156,1808.0821533203125,1792.5857345332156,1808.0821533203125,47928.0,-0.002206867710339,-0.0265726358231935,-0.010326625156242,0.0215351377238439,0.0368521987752217,-0.0429503226530543,1836.808660888672,1821.6503125,1789.3993023681642,1,1,-0.6920507031818488,3.936447754642552,0,42.00115503104471,15.338322058252208,0.1187188086867876,0.931186388067888,-0.0765374646199932,2.778225233411369,2.768738387112452,-0.0038646647730976,-0.0125722692753394,-0.0896675081161859,0,,
2025-11-19,1808.5820138307488,1818.5797032383268,1800.5838623046875,1800.5838623046875,76822.0,-0.0041470964147592,-0.0326921243247546,-0.0220565279081575,0.0079056701319044,0.0507729570120354,-0.0493082946760971,1834.5157287597656,1821.637866210937,1789.1197576904297,1,1,-2.775622235078572,2.594033756698328,0,39.594109541417815,15.039023348418988,0.1154055450571398,0.37807818834648,-0.0803671527896322,0.9028830198982972,2.746645478631513,-0.0092609064535325,-0.0320744096012063,-0.0806328872890628,0,,
2025-11-20,1811.5813053645977,1819.0795723570009,1801.0837315752333,1811.0814208984373,23017.0,0.005830085903532,-0.0052169126237874,-0.0191509261137916,0.0132148220062777,0.0604560287593816,-0.0421229180054018,1832.47275390625,1821.7553955078124,1788.8164923095703,1,1,-3.539006969284628,1.3674256115017367,0,44.39831646501411,14.733051128289272,0.1171187953420168,0.5954376537409696,-0.075005614290686,1.5092254295174197,2.805419638816175,0.0090480161026267,-0.0158793675567361,-0.0642306141962436,0,,
2025-11-21,1806.08243644763,1814.5804717146127,1788.5864814861943,1803.0831298828125,25911.0,-0.0044163067012509,-0.0055143286500286,-0.0263819367086104,-0.0004835565400818,0.0394972672027167,-0.055712419806539,1829.6674743652345,1821.5530053710936,1788.373290405273,1,1,-4.734810167196429,0.1469784557621035,0,41.67845018342731,15.002691064767255,0.1168391359148972,0.0261892014242382,-0.0790906731949135,-0.0552255510179578,2.76548226828658,-0.0134256711483102,-0.023997917152975,-0.0728896367798149,0,,
2025-11-24,1834.576087869624,1834.576087869624,1806.582556283602,1813.0810546875,20387.0,0.0055449050789673,0.000551784292289,-0.0247998847573621,0.0123518739240648,0.0452611808792018,-0.061286001445414,1827.0246948242188,1821.45060546875,1788.0138098144532,1,1,-4.820179808865078,-0.8464531971633327,0,46.1216201429389,14.150993286110678,0.1178789086435089,0.5690514200655797,-0.0739843183914437,1.410670701393934,2.740481203653997,-0.0203812437539283,-0.0260296106609827,-0.0865861420593501,0,,
2025-11-25,1818.0797817402904,1829.077239864648,1805.0827857751408,1822.078857421875,6208.0,0.00496271400063,0.0077411881290123,-0.0235044357971766,0.0115881684914236,0.0427865038361332,-0.0635328356733191,1825.4441162109372,1821.57814453125,1787.6818267822266,1,1,-4.114360594223854,-1.5000346765754369,0,49.82630476208203,13.43217776168526,0.1186506349477962,0.537719550446439,-0.0693887674035218,1.323450180447436,2.7284178270516137,-0.0087201205083563,-0.033636355947713,-0.0936766746844177,0,,
2025-11-26,1811.081399297518,1879.5655703446505,1788.586598588606,1822.078857421875,7776.0,0.0,0.0119377917170016,-0.0170533179431444,0.016524783770548,0.037297329978172,-0.0636530870528677,1824.8257568359372,1822.0705737304688,1787.357339477539,1,1,-3.5144810318215605,-1.9029239476246615,0,49.82630476208203,14.217435429934916,0.1170136738758291,0.7493191529742298,-0.0693887674035218,1.8872462960106533,2.7097112204308624,-0.0063805535591486,-0.0321630432429229,-0.1056302639797583,0,,
2025-11-27,1820.0794375840053,1826.078051495296,1813.0810546875,1813.0810546875,8826.0,-0.0049382070911608,0.0011041103762583,-0.0116465623469916,0.0067323304708362,0.0376370081283228,-0.0739843183914437,1823.782489013672,1822.2630859375,1787.040335693359,1,1,-3.722212293287385,-2.266781616757206,0,46.14634249017323,14.946603264738163,0.1128379915298606,0.3336116582724051,-0.0739843183914437,0.7688793947942807,2.6963301052671325,-0.000435135207729,-0.0472029161578992,-0.1002978372605267,0,,
2025-11-28,1834.076058201412,1848.5727073395533,1809.5817200024835,1824.078369140625,9166.0,0.0060655393341035,0.0116440772529311,-0.0053807689975478,0.0111548901431406,0.0436322706657397,-0.066222504982165,1823.3890563964844,1822.655546875,1786.8376397705078,1,1,-2.965267686570769,-2.406478830719919,0,50.91772495348587,16.293045326091644,0.1151353587840451,0.5182161167526347,-0.0683675338506503,1.2739667518414846,2.6979583383963064,-0.0105620193535296,-0.0482125044455529,-0.0948796520715374,0,,
2025-12-01,1821.0791868099493,1824.078493733052,1799.0842693738705,1814.5806884765625,33165.0,-0.0052068380529818,0.000827119000105,-0.0094797135529285,0.0116363346821777,0.0387924383686626,-0.0694181298585038,1823.3205017089845,1822.738095703125,1786.5924530029297,1,1,-3.096077433010578,-2.544398551178051,0,47.04136131885903,16.98269680788569,0.1163983244760984,0.5390092644871843,-0.07321839322679,1.32895109751575,2.6962199165616325,-0.0068733795510614,-0.0504806010213414,-0.0951881326200868,0,,
2025-12-02,1817.579899295022,1822.578743902544,1809.0818634622344,1812.5810546875,27645.0,-0.0011019811914461,-0.0052126189246352,-0.0018561767840166,0.0153315177891488,0.0383904046051897,-0.0603293117504778,1822.0772888183596,1822.9905859375,1786.3472631835937,0,1,-3.322795714015456,-2.700077983745532,0,46.243145240247664,17.623087469551596,0.1124749776469451,0.6974728291777649,-0.0742396891260323,1.7509669452596488,2.6882696260208085,0.0007946361273121,-0.0436188957263531,-0.101573316485151,0,,
2025-12-03,1803.5831647600448,1814.5806230817525,1791.5859375,1791.5859375,40577.0,-0.0115829949414977,-0.0167352361274969,-0.0249582257975364,0.0006291484733127,0.0206639519750779,-0.0646710582288258,1819.9342834472657,1822.693210449219,1785.999595336914,0,1,-5.137381542135699,-3.1875386954235654,0,38.799017192536105,17.301542169614518,0.1104937835473758,0.0736800433980363,-0.0849627661239248,0.0631574988499098,2.64796218545387,-0.0372907878469858,-0.0528701822906904,-0.1109206467522335,0,,
2025-12-04,1802.583344259748,1802.583344259748,1789.086463978269,1790.8360595703125,35532.0,-0.0004185553782219,-0.0122691674813301,-0.0237728362043048,-0.0064466891182204,0.0189312262197181,-0.0596653208678636,1817.9787109375,1822.390837402344,1785.6606744384765,0,1,-6.5603392589328,-3.862098808125413,0,38.56025622350767,16.878316513464284,0.1105111252071159,-0.2244483696327665,-0.085345759879437,-0.6406934533377656,2.6449200301116984,-0.0334867398463675,-0.0629765269136488,-0.1122791789757684,0,,
2025-12-05,1789.0864649339446,1791.0860027544911,1778.723869942331,1786.087158203125,75814.0,-0.0026517789508476,-0.0208276198984799,-0.0239680927067232,-0.0063257350487827,0.0063559827679831,-0.0538417998830722,1815.760693359375,1822.0484692382813,1785.2880126953123,0,1,-7.979260208689766,-4.685531088238284,0,37.00710074904936,15.97268417246577,0.110543546941692,-0.2193828990036192,-0.0877712207406923,-0.5912834863760755,2.632905046455353,-0.0458604201494214,-0.0623413257948585,-0.1199357539996396,0,,
2025-12-08,1790.0861652199992,1790.0861652199992,1770.0907877810714,1772.5902099609375,13154.0,-0.0075567131089873,-0.0231405959416873,-0.031608281306081,-0.0158871134055202,-0.0029334415286799,-0.0616127774203794,1812.505438232422,1821.3211987304687,1784.8628588867186,0,0,-10.076698303076228,-5.763764531205872,0,32.94549159429803,14.938592620444885,0.1125985374977296,-0.6174251768910015,-0.0946646719153166,-1.2702936908846525,2.6208825972640666,-0.0495419386996914,-0.0664121039715447,-0.1279263530428548,0,,
2025-12-09,1757.5938044065144,1782.0881435464232,1699.6072056263222,1772.0904541015625,24819.0,-0.000281935360224,-0.0223386427223351,-0.0356995297056009,-0.0183439015287756,0.0052639199819901,-0.0588896504775026,1808.2380004882807,1820.5339428710936,1784.4052209472657,0,0,-11.64502265295232,-6.9400161555551625,0,32.801936191564224,16.26204171549614,0.1109518572439951,-0.7223028109349062,-0.0949199179571638,-1.4589215610424138,2.622407065504606,-0.0379584955113098,-0.0652439398545375,-0.1164996587396215,0,,
2025-12-10,1760.593035312478,1776.089453283712,1760.593035312478,1768.5911865234375,4169.0,-0.0019746551706916,-0.0128348579296451,-0.0478336098598448,-0.0246036759995249,0.0092882136197178,-0.0559879220030677,1803.5956481933597,1819.7266918945315,1783.8901043701171,0,0,-13.020203843241916,-8.156053693092513,0,31.75844980704126,17.490958732329446,0.1012972591809545,-0.993011495812054,-0.0967071390210597,-1.8864321377778688,2.599985159143067,-0.0541623001628364,-0.0696563266667217,-0.1286589301639031,0,,
2025-12-11,1763.5923855633805,1779.0888039172537,1759.593309859155,1774.58984375,34994.0,0.0033917715254219,-0.009071861007875,-0.0466566051772121,-0.0239859096216956,0.0083971825665285,-0.046170961774639,1801.2961791992188,1818.7694946289064,1783.4024829101563,0,0,-13.470721249546386,-9.218987204383287,0,35.543861900025234,18.481796020986003,0.1020731604635361,-0.9655481694726156,-0.0936433760160744,-1.8390662746930888,2.602747402568222,-0.0546658782705673,-0.0715390266447068,-0.123185571282116,0,,
2025-12-12,1776.0894254337902,1794.5851498191123,1776.0894254337902,1780.0885009765625,31835.0,0.0030985510516294,-0.0033585467534503,-0.0222405716437069,-0.0196141245630866,0.0092287864666242,-0.0518742513163568,1799.646551513672,1818.0372338867187,1782.901123657227,0,0,-13.23153891163156,-10.021497545832943,0,38.890146017029686,18.645153841033515,0.0742606304189578,-0.7770616026722635,-0.0908349837456776,-1.503869378335959,2.639188730738495,-0.0361806381946218,-0.0522244753263663,-0.1205048591462839,0,,
2025-12-15,1784.5875767788682,1794.085381809344,1780.5885009765625,1780.5885009765625,7549.0,0.000280884910905,0.0045122053425992,-0.017921180979158,-0.0093848658155701,0.0021289410881439,-0.0498375095347932,1798.0719177246094,1817.170017089844,1782.3747778320312,0,0,-12.853472533930471,-10.587892543452451,0,39.19925064177931,18.79684324536335,0.073537842089634,-0.354674664654944,-0.090579613011089,-0.71956371412005,2.643924612542082,-0.0306167812155115,-0.0422069396876826,-0.1255022960008204,0,,
2025-12-16,1794.585158125353,1794.585158125353,1770.0908203125,1770.0908203125,6854.0,-0.0058956242041915,-0.0011284039053617,-0.0231724477820811,-0.0185003872029245,0.0031340103315875,-0.0497378627250244,1796.1723510742188,1816.2128125,1781.8121868896485,0,0,-13.24821018233547,-11.119956071229057,0,35.1762356123578,19.274910496901544,0.0755662626865026,-0.7440744978620911,-0.095941213856406,-1.418476043238627,2.635537796179351,-0.0421661812304526,-0.049602925939893,-0.1222269966553482,0,,
2025-12-17,1789.0865304814677,1791.585952848723,1778.0890720655434,1781.08837890625,12770.0,0.0062129911457358,0.0070661849261945,-0.0149295065849147,-0.0129495826641117,0.0043879877733301,-0.0382867400782187,1795.197576904297,1815.5655297851563,1781.41453125,0,0,-12.529202695033746,-11.401805395989994,0,41.90312481396987,19.718830087615583,0.0795436646788171,-0.4997908018891905,-0.0903243046228712,-0.9928804504198144,2.6814180092891484,-0.0315379662555879,-0.0290784354356157,-0.1134383386210268,0,,
2025-12-18,1780.088564268481,1794.085329165846,1779.0887953472406,1784.5875244140625,23347.0,0.0019646108240631,0.005633797972683,-0.0088839727076917,-0.0142868768901411,0.0055110265581739,-0.0331361556448478,1793.8728820800782,1815.14318359375,1781.1668078613282,0,1,-11.543960689316007,-11.430236454655198,0,43.89796914603706,19.985951426719645,0.0790262660401009,-0.5577955998473348,-0.088537145905346,-1.0954145110087876,2.666549627464218,-0.0291613358150618,-0.0328946276394702,-0.1103978928306809,0,,
2025-12-19,1790.5860350330504,1792.085688328723,1775.089617644434,1783.0877685546875,27087.0,-0.0008403935580953,0.0016848980129244,-0.0154568712487055,-0.0093717676018111,0.0073609415075626,-0.009820883122292,1792.873114013672,1814.5158935546876,1780.9840521240235,0,1,-10.760130973455489,-11.296215358415257,1,43.21308865714286,20.3823473606094,0.0756944628296814,-0.351889112495581,-0.0893031334163704,-0.7185594377109865,2.6403778905743094,-0.0588296117836794,-0.0322451734680206,-0.107009154103747,0,,
2025-12-22,1764.592122052457,1786.5870380213828,1762.5925842371,1777.0892333984375,11820.0,-0.0033641278135805,-0.0019652309201175,-0.0144163605402177,-0.016255862005259,0.0148614139323062,-0.0234500146771798,1791.0735229492188,1814.3184692382813,1780.8612615966797,0,0,-10.501912422514124,-11.137354771235032,1,40.49196344765152,21.19549448901665,0.0751346277137676,-0.6477592516741572,-0.092366834074985,-1.2463820656147078,2.615203080920511,-0.0543410417377862,-0.0501193352240957,-0.1054291455023782,0,,
2025-12-23,1778.0889583526275,1781.588149443004,1768.5911539644635,1771.090576171875,11057.0,-0.0033755520622287,0.0005648048382052,-0.0231597359682644,-0.0193050996861579,0.0275670453853311,-0.0225859656410272,1788.5241088867188,1813.761142578125,1780.6709954833984,0,0,-10.658449890162728,-11.041573795020572,1,37.92038666867033,21.95055967968052,0.0721155286041341,-0.7773526488165936,-0.0954305970799703,-1.480175583180207,2.5945170236425894,-0.0532622445345685,-0.0603708586607472,-0.0912962087254608,0,,
2025-12-24,1771.090517714217,1775.5894775390625,1765.5917890394055,1775.5894775390625,3338.0,0.0025401870619805,-0.0030873826545116,-0.025514471941457,-0.0153149975697034,0.0199732202868072,-0.0238720572726438,1786.199639892578,1813.0688598632807,1780.668145751953,0,0,-10.300742670109912,-10.89340757003844,1,40.94933961743272,22.76262572905912,0.0700045144774751,-0.604735184934182,-0.0931328215860093,-1.1742433775357943,2.591989876975349,-0.0500025871124334,-0.0641922447272078,-0.0967077146391672,0,,
2025-12-29,1783.5877359274418,1792.0857716647645,1779.588660286349,1786.087158203125,10303.0,0.0059122228402772,0.0008403251555593,-0.0197530963449495,-0.0126407749969312,0.0334210643039951,-0.0199855847393547,1784.8499450683594,1812.2766259765624,1780.7390240478517,0,1,-9.06567852541275,-10.527861761113302,1,47.39863286646152,22.38538835236087,0.0741751651394616,-0.4868592404377681,-0.0877712207406923,-0.9692033093384308,2.6169045048680104,-0.0342496701726374,-0.0528037487112041,-0.0770402152876068,0,,
2025-12-30,1791.5859375,1794.585244315011,1780.5884791782926,1791.5859375,17007.0,0.0030786735527548,0.0047659846560446,-0.0118555743175006,-0.0109676082462764,0.0212455410401739,-0.0104564131604349,1783.225323486328,1811.5593774414065,1780.8911212158202,0,1,-7.556074040495787,-9.9335042169898,1,50.45128539501227,21.875522917609803,0.0739276190668717,-0.4148754188154612,-0.0849627661239248,-0.8409169699167254,2.6281706363190964,-0.0252786069535366,-0.0473688277830129,-0.0870945395254252,0,,
2025-12-31,1794.5852116084957,1803.0832474294828,1790.0862514679727,1794.0853271484375,6403.0,0.0013950710351775,0.0095640069336853,-0.0164428472480149,-0.0082193413311564,0.0201997105818787,-0.0138393914248163,1782.2005554199218,1810.9021166992188,1781.006987915039,0,1,-6.087844867645799,-9.164372347121,1,51.819958926107375,20.866225495962365,0.0703388812818536,-0.2985586531404641,-0.0836862241828354,-0.6301997164472002,2.6514816721793317,-0.0172266063398893,-0.0339660344630885,-0.0770571944707935,0,,
2026-01-02,1780.0885335881476,1799.08414276432,1772.5902668080796,1777.589111328125,26051.0,-0.0091947777347535,0.0036692280133385,-0.0203857438709401,-0.02461554660743,0.0073833915784826,-0.0380997323829097,1780.4509582519531,1809.6300146484373,1780.9304260253907,0,0,-6.184083160991577,-8.568314509895117,1,43.31551364537297,20.760129036250405,0.0747214848529241,-0.9917023498867285,-0.092111525686767,-1.88734229023832,2.622295129732119,-0.0274179366361874,-0.0484433870831061,-0.0831496105228933,0,,
2026-01-05,1774.5898492386189,1827.5776024834904,1772.5903113803215,1778.8388671875,18022.0,0.0007030622832975,0.001830034301026,-0.0186155468263002,-0.0208414371346484,0.0131135204553398,-0.0355980179930838,1779.8136047363282,1808.2779418945315,1780.888848876953,0,0,-6.089314026984766,-8.072514413313048,1,44.06447971592171,19.4374864198264,0.0749425267554482,-0.8321100681073481,-0.091473223543037,-1.5979708401718953,2.606777165399897,-0.0303140949226646,-0.0499885435841972,-0.0840349360293261,0,,
2026-01-06,1781.088230827124,1789.5862661692688,1774.589733212543,1783.0877685546875,12441.0,0.002388581363699,-0.0016793075492771,-0.0047433777902783,-0.0224027999852494,0.0143784672296989,-0.0288212998692932,1779.4261901855468,1806.90087890625,1780.8735144042969,0,1,-5.606727114617343,-7.579356953573907,1,46.6455777561696,18.209318276004108,0.0647442447321662,-0.9012199862419438,-0.0893031334163704,-1.717684864212975,2.597555333882054,-0.0190360919233355,-0.0571250267214648,-0.0951071893770671,0,,
2026-01-07,1802.5833080135496,1817.5798413580883,1796.0848102309164,1812.3310546875,12937.0,0.0164003627014479,0.0115791917949792,0.0120027709975556,-0.003091389681692,0.0351351253363736,-0.0023029542730184,1780.7383850097656,1805.9637255859373,1780.9931512451171,0,1,-2.8319398750779783,-6.629873537874722,1,60.24318776678269,18.2634593098632,0.0866113064514439,-0.072741281629277,-0.0743673744933266,-0.2370254284787141,2.6486942573656505,0.0014269721621007,-0.031930776900542,-0.0741121157383671,0,,
2026-01-08,1803.5830631250856,1823.5784407650533,1801.08364092009,1818.0797119140625,21653.0,0.003171968615609,0.0133741603047177,0.0179120898798261,0.0025515954943668,0.0396056736467864,-0.0028416288211314,1783.0128601074218,1805.0065869140624,1781.1690191650391,0,1,-0.1671061066524544,-5.337320051630268,1,62.27838881453432,18.533564435875466,0.0862198393986784,0.1506986533144014,-0.0714312968556356,0.1956379096877988,2.657365586443281,0.0092903236373294,-0.0299619432983238,-0.0644421753504848,0,,
2026-01-09,1812.5810830449109,1845.5734579707143,1812.5810830449109,1829.0772705078125,31027.0,0.0060489969288375,0.028965163463011,0.0318669595654146,0.012943663927545,0.0384744507912235,-0.0015987026474377,1785.8622009277344,1804.5143237304687,1781.3311572265625,0,1,2.7999290824320724,-3.7098702248178,1,65.87716938600067,19.510556891227303,0.0822771952288463,0.55732705747871,-0.0658143876221006,0.9924266444570566,2.6558756401265526,0.0133516254787662,-0.0205401354304156,-0.0689818493966483,0,,
2026-01-12,1822.5787242175657,1832.576413324629,1814.0806884765625,1814.0806884765625,6084.0,-0.008198987693443,0.0198116996087356,0.023695310968925,-0.0002047901933215,0.0318632350540579,-0.0021632739362957,1788.136676025391,1804.1070166015625,1781.4670379638671,0,1,3.8963127399633777,-2.188633631861565,1,57.78179647084685,20.41776417119687,0.0887622398769575,0.0424885443171485,-0.0734737639613786,-0.0157018326119619,2.6299699563702394,0.0028839500034592,-0.0375659868836907,-0.0796063037486709,0,,
2026-01-13,1811.0813053327,1822.0787628864728,1804.5828076872888,1810.5814208984373,11308.0,-0.0019289481445634,0.0154191245257855,0.0237421936143089,0.0132185195760847,0.017720989347,-0.0013430978820624,1789.9362548828126,1803.639716796875,1781.5341967773438,0,1,4.431756508264925,-0.864555603836267,1,56.05096581574055,20.6811905160782,0.0887422308988305,0.585882512382944,-0.0752609850252746,1.0135005900197056,2.630155688166165,0.011604115860816,-0.0491048355456075,-0.0886663741390065,0,,
2026-01-14,1815.0805378764069,1832.57649458962,1815.0805378764069,1826.577880859375,13308.0,0.0088349851469258,0.0078610506259473,0.0292958044882729,0.0153538817626723,0.0294600938967135,-0.0054046501753415,1792.260723876953,1803.532333984375,1781.7288165283203,0,1,6.076830266544221,0.5237215702398306,1,61.69908782106094,21.294495852945943,0.0924152721871987,0.6682178733762371,-0.06709092956319,1.1772247365518036,2.666499988060442,0.0244943421821546,-0.027700243071563,-0.0775596003875355,0,,
2026-01-15,1843.5739136399184,1864.069176779625,1834.5759932371209,1857.5706787109373,11598.0,0.0169676848582993,0.021721251570042,0.0435271491793063,0.0261667058236767,0.0534559774649368,0.0027400497257543,1796.109832763672,1804.3647119140624,1782.1096350097655,0,1,9.768814033793204,2.372740062950505,1,69.79778429299245,22.774144904912813,0.1069824659295255,1.051944878298763,-0.0512616224545692,2.00627397330855,2.704379273737908,0.0247009780847207,-0.0212119448347418,-0.0554748446870964,0,,
2026-01-16,1846.5731815131105,1862.0695996579143,1846.5731815131105,1860.5699462890625,40394.0,0.0016146182820921,0.0172177940697424,0.04491854533972,0.0191001345602555,0.0489134044001156,-0.0012984871972189,1800.6337890625,1804.827204589844,1782.4217401123046,0,1,12.789326204863984,4.4560572913332015,1,70.44898889779638,24.148104738882044,0.1068037968953906,0.7927752641418996,-0.0497297721252618,1.4644603380016636,2.7110174896132104,0.0253762443728,-0.0228179614060639,-0.0529989100346264,0,,
2026-01-19,1850.0723485748565,1867.0684198668168,1848.5726952255657,1853.0716552734373,28583.0,-0.0040301043401139,0.0214935129647506,0.0468794222356836,0.0140213488472662,0.046012493142167,-0.0156214162716225,1804.2329528808596,1805.199716796875,1782.6776116943358,0,1,14.411922768361135,6.44723038673879,1,66.58373040260881,25.556880939916866,0.1052244202440477,0.5949142145188725,-0.0535594602949009,1.0750557388655428,2.7000918062621952,0.0244936764619447,-0.0343095405202835,-0.0563096156270734,0,,
2026-01-20,1843.073943734526,1853.5715170511587,1826.5777570941032,1836.0755615234373,11089.0,-0.0091718491843706,0.0140806374851396,0.0308727984913104,0.0049958704056383,0.0319062128157503,-0.0173460014738703,1806.807354736328,1805.3222778320312,1782.867244873047,1,1,14.163135699666782,7.990411449324389,1,58.71947750493933,25.508351945290944,0.1111689559593636,0.2428840068710076,-0.0622400701870504,0.3830472523516989,2.730919610695285,0.0184609789427272,-0.0174710855528792,-0.0478888056978425,0,,
2026-01-21,1830.5768139718352,1849.572422636753,1826.577738463432,1832.8262939453125,10891.0,-0.001769680750736,0.0034208303688632,0.0270307669819043,-0.0045448328366725,0.0254711668655864,-0.0257294288571238,1809.2942810058596,1805.369853515625,1783.248032836914,1,1,13.547612967822944,9.1018517530241,1,57.325492240459134,25.463288233241187,0.1117118545710632,-0.1264290653348628,-0.0638996058836519,-0.3484649498754865,2.694983730403857,0.0106632566095079,-0.027895751761488,-0.0644877078414211,0,,
2026-01-22,1833.076409459504,1849.572597491182,1833.076409459504,1833.5762939453125,63520.0,0.0004092040814112,-0.0129170776867966,0.0283152216514555,-0.006968108079984,0.0270395655498134,-0.0178955533798803,1812.118634033203,1805.2874731445315,1783.8537158203126,1,1,12.970806121303667,9.875642626680014,1,57.575843445900325,25.4214498890216,0.1114946305486557,-0.2216970414997721,-0.063516549781769,-0.5342641897026017,2.6820777014992374,0.0157931222927556,-0.0353153780327437,-0.0599955659334275,0,,
2026-01-23,1820.579278437824,1825.5781232440784,1805.5827440190608,1807.0823974609373,7176.0,-0.0144493013854188,-0.0287479376600739,0.0168776916199879,-0.0242224360791242,0.01135017698742,-0.0296187589668673,1813.918225097656,1804.2803369140624,1784.6467785644531,1,1,10.257603247114048,9.95203475076682,1,47.07071796602195,23.858318390861488,0.1233838942925234,-0.8687820589316274,-0.0770480813964291,-1.8572014147728304,2.642364580907853,0.0103860003016598,-0.0573473954668305,-0.0743848491637338,0,,
2026-01-26,1818.0797792083672,1818.0797792083672,1801.5835920448048,1803.5831298828125,9861.0,-0.0019364183852609,-0.026706212493074,0.0183460711428822,-0.0299085241864435,0.0092507087148376,-0.0308477390376559,1815.317907714844,1803.123234863281,1785.288657836914,1,1,7.735834883643747,9.508794777342208,0,45.88002287700951,22.21403060848602,0.1228660397466267,-1.0918237131216642,-0.078835302460325,-2.293169574331214,2.623923366631367,0.0113340335487537,-0.0620462780488534,-0.0770909888017827,0,,
2026-01-27,1805.582573058316,1807.582110791492,1790.5860400594927,1792.085693359375,17705.0,-0.0063747749316021,-0.0239586371530171,0.0092905573213781,-0.0395784885442018,0.0022562560431771,-0.0381879725523128,1815.6178344726563,1802.5533642578123,1786.130428466797,1,1,4.754758353315765,8.557987492536919,0,42.11080028337501,21.08369378275644,0.1252201195829331,-1.4644623597462445,-0.0847075200820777,-3.034592585103836,2.5968498388020587,0.0018749925954111,-0.0565209735316311,-0.0873534593153664,0,,
2026-01-28,1804.58284837788,1804.58284837788,1790.086199457393,1798.0843505859375,25540.0,0.0033473049022101,-0.0189553933584126,0.0067170251617967,-0.0299975002357523,-0.0003962473294532,-0.0385785048685243,1815.9427551269528,1802.2534301757807,1786.8197790527345,1,1,2.8434971655387926,7.415089427137294,0,44.665061452235534,20.057471051228088,0.1241259951193908,-1.0962522971151245,-0.0816437570770923,-2.2999916150259403,2.605804789669272,-0.0042415438462084,-0.0444818277600798,-0.0920781779588726,0,,
2026-01-29,1793.5853905761312,1811.5812306153564,1781.08827943778,1798.0843505859375,13271.0,0.0,-0.0193566766087528,0.0036271846914612,-0.0198216210482691,-0.0070179265742756,-0.0335428364994792,1816.142706298828,1801.973493652344,1787.5616052246094,1,1,1.3136657829152227,6.194804698292879,0,44.665061452235534,19.52747218103412,0.1237301101158822,-0.7177519534139933,-0.0816437570770923,-1.5197787098574655,2.610985903334594,-0.0065386671424693,-0.0320733480136683,-0.0974371955064176,0,,
2026-01-30,1800.083823317995,1811.581165149796,1797.0845167531777,1803.0831298828125,15923.0,0.0027800582855004,-0.002213107484055,0.0050152590839569,-0.0168288893626592,0.0054557615603005,-0.038346773778768,1817.4174072265623,1801.8735131835936,1788.1022814941407,1,1,0.4988724124289092,5.055618241120086,0,46.92819856948819,19.03533037299686,0.1239912236455267,-0.599437342978497,-0.0790906731949135,-1.290317663809322,2.6260769602140424,-0.0095813266340279,-0.0369234959792288,-0.0868039400414079,0,,
2026-02-02,1813.580771446753,1831.5766115162355,1808.581926983008,1816.580078125,18625.0,0.0074854830698043,0.0072061819756719,0.0219347466455523,-0.0083883120959052,0.0284604728862114,-0.0335952615371547,1819.3044677734372,1802.1934375,1788.6542193603516,1,1,0.9314960142746712,4.230793795751003,0,52.56887473001289,17.904082031384473,0.1213890809611505,-0.2676671695571742,-0.0721972220202892,-0.6431551740370872,2.6326467376570006,0.0039475373338084,-0.0302899472905607,-0.0857652539935722,0,,
2026-02-03,1797.5846707875814,1815.580512875555,1797.5846707875814,1801.0838623046875,19087.0,-0.0085304336466724,0.0050210595278201,0.0125053457778099,-0.0081873979625413,0.0063041674876638,-0.0345239089244158,1820.204272460937,1801.993486328125,1789.046215209961,1,1,0.0236654259033457,3.389368121781472,0,46.46298194884324,16.96341682451994,0.1258642497327869,-0.2602094597580979,-0.0801117820550436,-0.6277505297018697,2.632447565073975,0.0098475619683968,-0.0199869174164284,-0.0841198112909287,0,,
2026-02-04,1807.0823004604097,1843.8638376239453,1805.0827626452392,1842.5740966796875,10087.0,0.0230362590234463,0.0247428581864095,0.033361413371826,0.0027912581369342,0.0280502276210232,-0.0074973095440943,1821.7164245605468,1802.7833056640625,1789.6144262695314,1,1,2.62189473927765,3.235873445280708,0,59.89459831002638,16.726697071266873,0.147908753052969,0.1543472714011358,-0.0589209987938471,0.2140135097880672,2.7061976946424005,0.0418248494433342,-0.0161183324855773,-0.0645405040782065,0,,
2026-02-05,1842.074139938653,1869.5677838183344,1836.5754111627168,1852.8216552734373,25016.0,0.0055615449127477,0.0304420116162307,0.022341724201663,0.0100169805497576,0.0293186984766424,-0.0101044468788057,1823.453521728516,1803.5781176757807,1790.2863507080078,1,1,5.445134405505087,3.677725637325584,1,62.40348418175318,17.411144012121287,0.1387285067653245,0.4080714147773934,-0.0536871456621952,0.768029705517317,2.7556648543465814,0.0403861626095425,0.0069819094503287,-0.0442757325089979,1,,
2026-02-06,1850.572289664674,1871.5674371973369,1850.572289664674,1858.070556640625,13547.0,0.0028329231538548,0.0304963347759714,0.0219961998720399,0.0153682259873135,0.0448547200703794,-0.0177895733231963,1824.9031860351563,1804.2979516601563,1790.9232983398438,1,1,8.013737279783527,4.544927965817172,1,63.65756281622883,18.110569290158477,0.1386693213185679,0.5949897729348071,-0.0510063140663512,1.1783245480740807,2.7114523588445256,0.0203535308341358,-0.0173956261978526,-0.0489096938232525,0,,
2026-02-09,1873.5670057719528,1877.0661970847607,1858.070587100947,1865.0689697265625,27133.0,0.003766494798018,0.0266924052429391,0.0196775170732712,0.0189142052838053,0.0487901599382092,-0.0105615088669127,1827.452600097656,1805.15775390625,1791.575247192383,1,1,10.493128754751297,5.734568123603998,1,65.31863752189616,18.94039582018089,0.1378603339703635,0.7171470090908868,-0.0474319342849302,1.450204624243441,2.708604775527075,0.0198537667215508,-0.0177296585266172,-0.0425000617967901,0,,
2026-02-10,1866.568700589818,1888.0637338317467,1866.06881609582,1887.06396484375,40084.0,0.011793126942867,0.047737978413199,0.0402315491426557,0.0268644383037517,0.063699952769793,-0.0007474277799442,1831.2767272949216,1806.637412109375,1792.379651489258,1,1,14.070678623350432,7.401790223553284,1,69.9649874466864,20.05987543418513,0.1385110572290945,0.9756738645887658,-0.0361981781642311,2.059771059435449,2.7477939993654354,0.0448005281238312,0.0080402497183842,-0.0282457553219588,1,,
2026-02-11,1897.561431932825,1904.559814453125,1892.562587275468,1904.559814453125,29512.0,0.0092714661163186,0.0336408277339486,0.0519050910773482,0.0253685855455345,0.0848706470360001,0.0093183448688098,1835.175823974609,1808.247041015625,1793.2727844238282,1,1,18.1089330063528,9.543218780113188,1,73.05710421038185,21.57090571212808,0.1400194156935284,0.9286484821907024,-0.0272623222302343,1.945079876031025,2.773911303452536,0.054656694253184,0.0091095626386552,0.0018776074499169,1,,
2026-02-12,1911.0583758198115,1927.5545637355983,1902.5603396207696,1909.058837890625,8137.0,0.0023622379320189,0.030352183361592,0.0451560034179567,0.0255826944130141,0.0823490703977682,0.0173606939151409,1837.7502319335936,1810.1366040039063,1794.2096520996097,1,1,21.425334372592943,11.91964189860914,1,73.80395140987214,23.5266217807641,0.1380819687074778,0.935821748726254,-0.0249644843899027,1.9614961972589835,2.824093097679989,0.0591011101913325,0.0257282614298903,0.0187085824265849,1,,
2026-02-13,1894.562077845473,1944.0506387179537,1888.5634644063844,1917.5567626953125,10355.0,0.0044513687247467,0.0320150415397777,0.0322927599320219,0.0532674095165106,0.0976456270365606,0.0283914569392615,1840.5995727539064,1812.2361181640624,1795.1077984619142,1,1,24.45738831207132,14.427191181301575,1,75.20218646807842,25.679173146899476,0.1275542978507233,2.014623332729225,-0.0206242417901987,4.084160155988908,2.8346668050138835,0.0481765011813213,0.0352070388595804,0.0324742533787769,1,,
2026-02-16,1926.554798912623,1926.554798912623,1909.058841994631,1918.0567626953125,4441.0,0.0002607484741663,0.0284106345817969,0.0308974228681422,0.0578990706104454,0.0957372532594804,0.0292113080451457,1843.848828125,1814.7655346679687,1795.8597637939454,1,1,26.59409851180999,16.86057264740326,1,75.28577241086279,27.67797084402517,0.1276312133231451,2.1899841803553786,-0.0203688710556101,4.439282469380721,2.835405940058061,0.045882570260584,0.0395889972412719,0.0282662016603778,1,,
2026-02-17,1926.5546661471435,1950.5491196954213,1920.056168311152,1937.5521240234373,12129.0,0.0101641211601732,0.0267548743022432,0.0455894236521221,0.0692413501530424,0.1052962754286335,0.0407887460924749,1848.92265625,1817.6998559570316,1796.6592309570312,1,1,29.520278078956835,19.392513733713976,1,78.35001672184973,29.97988452625889,0.1293686146004229,2.5589524485844164,-0.010411781568742,5.308926527660005,2.8596115684679013,0.0590793845734205,0.0392689768266145,0.0353402881392501,1,,
2026-02-18,1945.550316552316,1946.0502010118616,1921.5558624941168,1925.0550537109373,21505.0,-0.0064499272858523,0.0107611423397049,0.0484617812317438,0.0646944610209325,0.087622802872832,0.0343532731993636,1853.534094238281,1820.479213867188,1797.4137048339844,1,1,30.47953819263057,21.609918625497293,1,72.17255537024299,32.11737580261876,0.1266810746690351,2.380924782133937,-0.0167945536205598,4.960303915905135,2.826925834756053,0.0351552728556241,0.0210158705908958,0.0081793841314319,1,,
2026-02-19,1912.1854697444107,1933.1820160788595,1908.1861275854685,1914.68505859375,147507.0,-0.0053868563900013,0.0029471174965678,0.0446625874578816,0.0633689986219341,0.0717756431535325,0.0301647524070465,1857.589532470703,1823.321110839844,1798.100086669922,1,1,30.05651401943533,23.299237704284906,1,67.42217154314898,33.187478288978184,0.1287432101311382,2.3290764597726468,-0.0220909401620731,4.858677034339345,2.819132884467692,0.0460667545644997,0.0263912493986282,-0.0065296439456774,1,,
2026-02-20,1925.1833521432684,1928.682776569392,1917.1846677406995,1926.68310546875,18836.0,0.0062663291913982,0.0047593599057842,0.0507788041495123,0.0638301973817196,0.0778885240850226,0.0355062377826815,1863.5695678710936,1826.4129638671875,1798.8726953125,1,1,30.339669600043862,24.707324083436696,1,69.89141362928429,34.18114488345479,0.1293632621323653,2.3434330196912208,-0.0159630400738779,4.894038423522797,2.816430792148306,0.0500929151209779,0.0039249576711373,-0.0120167357311035,1,,
2026-02-23,1929.1827069812728,1942.6804869990224,1922.6837758616164,1934.181884765625,9336.0,0.0038920667729893,0.0084070098361703,0.0703340851990315,0.0727081035311627,0.0721893885121014,0.0412144965270875,1870.0995056152344,1829.7247778320316,1799.6578094482422,1,1,30.813957140156845,25.92865069478073,1,71.35287481305491,35.43871513239085,0.1139613838163504,2.661098414930744,-0.0121331025187559,5.574732132739604,2.856561725653526,0.0810626763215542,0.0329343848671199,0.0081461110746197,1,,
2026-02-24,1933.1821165471065,1939.68104789314,1924.6835140176768,1925.683349609375,5370.0,-0.0043938655527631,-0.0061256542556471,0.0676986925102232,0.0621054941977115,0.0752244873560981,0.0333036632071024,1876.7793884277344,1832.7466479492184,1800.3179699707032,1,1,30.156447911084115,26.774210138041404,1,67.36215637272554,36.60645893497433,0.1156799905206082,2.288113383426284,-0.0164736568503137,4.761800642692661,2.823487866716579,0.0760557654324394,0.0302890831551427,0.0034710594523534,1,,
2026-02-25,1934.6817974867736,1940.680810812314,1926.1831952755915,1931.182373046875,38329.0,0.0028556218438589,0.003182932001932,0.0776172033530131,0.059878591522309,0.0721606432213222,0.031826998044516,1883.4342895507807,1835.768525390625,1801.1330657958983,1,1,29.736310664960456,27.366630243425217,1,68.58644245780808,37.71588932664871,0.1104033594596034,2.214791810949899,-0.0136650775408048,4.591057832770116,2.8078570854914404,0.0812550820369037,0.0291155033705634,-0.0055001920121187,1,,
2026-02-26,1934.6819055415503,1954.1786999384808,1928.6828918809565,1947.4298095703125,14455.0,0.0084132067225755,0.0171018992547067,0.0830580939852505,0.0687955692136184,0.0864571848897932,0.0402302789077904,1890.9015625,1839.1053515625,1802.1330993652343,1,1,30.364359774112927,27.96617614956276,1,71.93605199725246,39.07360939676829,0.1116513544043747,2.503934352826573,-0.00536683794046,5.274747265562969,2.847295168242985,0.0926740097842717,0.0507743949889412,0.0169782926843555,1,,
2026-02-27,1964.1768850324115,1971.175733693764,1940.680750240728,1967.1763916015625,11316.0,0.0101398170728459,0.0210170972163898,0.0940401049375261,0.0849908703836863,0.0922953874809493,0.0461698950240692,1899.1062255859372,1843.047062988281,1803.2124029541017,1,1,32.08561436897162,28.79006379344453,1,75.37305124542274,40.68978499922574,0.1127880180548757,3.037006582217578,0.0,6.516485963828935,2.890044201326488,0.1068785157497393,0.0718436127983535,0.0212494686090529,1,,
2026-03-02,1929.1826975363924,1955.6783396637384,1937.6812997281827,1952.6788330078125,10621.0,-0.0073697298603441,0.0095631896813204,0.0829666145979206,0.0705016111384373,0.0824429390087417,0.0354327732131369,1905.911163330078,1846.4788720703125,1804.1155090332031,1,1,31.91202723360197,29.41445648147602,1,68.71887452668187,41.94352411731073,0.119789099403927,2.524585367517137,-0.0073697298603441,5.4055542358481,2.8671151441121765,0.0917864127936631,0.0626980792507043,0.0114627433805492,1,,
2026-03-03,1949.179443137429,1955.178456555652,1918.1845404766127,1924.6834716796875,42952.0,-0.0143369000856132,-0.000519232785541,0.0595092915839237,0.0606767083449797,0.0730190975128726,0.0223490181414187,1912.091143798828,1849.280791015625,1804.9048785400391,1,1,29.179107893577797,29.367386763896377,0,58.05958934913895,41.63599825458065,0.1343636026930794,2.124856573478776,-0.0216009708652916,4.652251665107052,2.851140840092516,0.0829940832205882,0.0574585635909281,0.0040774197456936,1,,
2026-03-04,1931.68233194076,1942.180605483916,1926.1832362752968,1931.432373046875,61894.0,0.0035064993628783,0.0001294543713163,0.0723722606538666,0.0655702088753573,0.0819070174883169,0.0380587572852861,1916.5340576171875,1852.2476831054687,1805.7242431640625,1,1,27.243780224632477,28.9426654560436,0,59.6831564919961,41.35043852490272,0.1278994005182804,2.2859638161911144,-0.0181702152929899,5.027449934947527,2.841093238541007,0.0792591944604101,0.0568483202134781,0.0107497635355151,1,,
2026-03-05,1950.6792394018123,1950.6792394018123,1922.1839250384337,1925.683349609375,8630.0,-0.0029765595304953,-0.0111667490422855,0.0451049719408571,0.0748484397552797,0.0755246790101942,0.0499152391270911,1920.1771423339844,1855.2195654296877,1806.6335668945312,1,1,24.958415876744997,28.14581554018388,0,57.636336615461246,41.36037566752506,0.1076215877433203,2.648477126256327,-0.0210926900959838,5.7388376525368265,2.848518757238013,0.0525907855428942,0.0757399682238162,0.0188654000064416,1,,
2026-03-09,1878.6910274830727,1883.190287527604,1859.694151739497,1871.1922607421875,13230.0,-0.0282970140850212,-0.0487928440322681,0.0099149345628946,0.0448707745985166,0.0381348175459657,0.0283316345198014,1920.8332275390624,1857.2215991210935,1807.421626586914,1,1,18.536594374017795,26.223971306950663,0,42.69164846587686,38.76172768407073,0.1496896662433211,1.4561414478272985,-0.0487928440322681,3.4403668480784315,2.7803198614266345,0.0089470267188567,0.0511924102708005,-0.015008036846042,1,,
2026-03-10,1888.6893934376235,1906.186515928443,1879.6908732994875,1901.687255859375,30396.0,0.0162970934398221,-0.02611365283757,0.0234741888906568,0.0647225400649251,0.0579873873760075,0.0555269140824692,1922.6641418457032,1859.7435546875,1808.3908996582031,1,1,15.726658683234971,24.124508782207528,0,50.43691833779388,36.50095626078952,0.1592785998075772,2.000848764107137,-0.0332909321308344,4.962456814154436,2.830179393472335,0.043787247170518,0.0749264950829009,0.0079141522474124,1,,
2026-03-11,1903.686929342403,1903.686929342403,1874.1917799644607,1878.6910400390625,12825.0,-0.0120925329595903,-0.0238961015238973,0.007303789046738,0.0598563782434875,0.0430183197687692,0.0384420747847611,1922.2454956054687,1861.5956323242187,1809.1114935302733,1,1,11.511464971933036,21.60190002015263,0,45.44862609896727,34.18129336890215,0.1653590393846676,1.839105105848253,-0.0449808933963772,4.5893546790196345,2.79946889126732,0.0335464651621473,0.0681397534516345,-0.0027976549107355,1,,
2026-03-12,1866.1930431789824,1874.6916453043616,1855.6947699652776,1871.692138671875,13233.0,-0.0037254137152014,-0.0309305338404153,-0.0081458956655705,0.056205756506267,0.0368308221147899,0.0537861148960661,1920.6021118164065,1863.197756347656,1809.797092895508,1,1,7.51946107228332,18.785412230578768,0,44.02161453508878,32.154263697997834,0.1605536728877991,1.7299149803397873,-0.0485387346743978,4.309451376436059,2.8320441013388065,0.0306609964185187,0.0799406921190024,0.0094811065559226,1,,
2026-03-13,1868.6926917634848,1907.6862792320649,1868.6926917634848,1883.1903076171875,30822.0,0.006143194549864,-0.0220664742211159,-0.0112201815210899,0.06479684054008,0.0385989240701138,0.0628015612828742,1919.3086853027344,1864.9798559570315,1810.4764581298828,1,1,5.223363675633664,16.073002519589746,0,46.96760585432989,30.60398370327112,0.1585471180663283,1.97279890584942,-0.0426937230148427,5.0458869249692535,2.8656619852969243,0.0330762853629065,0.1021839779429441,0.0254098907285236,1,,
2026-03-16,1881.69056419419,1900.187522450084,1872.6920439615928,1889.1893310546875,13152.0,0.003185564100046,0.0096179696175964,-0.0104080117603352,0.0645780137355682,0.0390431417128627,0.0726920633934862,1917.890313720703,1867.2118603515623,1811.1395861816409,1,1,3.843456033094526,13.627093222290704,0,48.49072231194728,29.16443799388202,0.1587592120567683,1.9667504425057496,-0.0396441625061301,5.02884635165556,2.8458290932801886,0.0076966285630086,0.0933942688683926,0.0151739071346468,1,,
2026-03-17,1887.689508222384,1902.1871236192185,1874.1917283701573,1896.1881103515625,11362.0,0.0037046468460457,-0.0028917191777295,-0.0111436869872442,0.0652212568708283,0.044327874451316,0.0707410215442407,1916.796881103516,1869.558845214844,1811.8839404296875,1,1,3.2768389233563084,11.557042362503823,0,50.284665422852015,27.896042548751367,0.1584895729171545,1.9844937851624544,-0.0360863832816767,5.078937252673759,2.848877771916068,0.0050132759437717,0.0794520826553006,0.0230782639986741,1,,
2026-03-18,1894.688376651448,1898.6877188712929,1878.1910899945883,1883.690185546875,11877.0,-0.0065910785625432,0.0026609726672826,-0.017917393174613,0.0579031508480294,0.0479748717314516,0.0506378609382744,1914.1037841796876,1871.5708935546877,1812.5633056640625,1,1,1.7985797911546797,9.605349848233995,0,47.128177414589736,26.718246778272903,0.1598543939453653,1.764104867319014,-0.0424396136569724,4.509058610625787,2.870149602683262,0.0122535056213113,0.0855640849470624,0.0397457470865874,1,,
2026-03-19,1864.6933317713265,1871.6921807377605,1841.6971137387577,1848.196044921875,9000.0,-0.018842876019283,-0.0125533966107654,-0.0461180259326439,0.0441249814490229,0.0248082650039696,0.0341558354270876,1910.2608337402344,1872.288193359375,1813.0701989746092,1,1,-2.211538493802664,7.241972179826665,0,39.53748988067555,25.46243983437675,0.1662137869991388,1.322307537314836,-0.0604828052978109,2.918183517368395,2.8230246859542496,-0.0127943539315215,0.0711380007703519,0.018006421846735,1,,
2026-03-20,1847.196166121692,1858.9692540533,1820.700524226036,1822.7001953125,49030.0,-0.013794991975785,-0.0321210830684584,-0.0531698343905164,0.0233631395831146,0.0101110140116782,0.0204604522675673,1905.661590576172,1872.380603027344,1813.4558599853517,1,1,-7.362023289958188,4.321173085869695,0,35.15711566443228,24.961845569576067,0.1704767167853328,0.7277918683612895,-0.0734434374598397,1.272442595791026,2.8245737973335063,-0.0008320124262296,0.0533880907596011,0.0227572131738014,1,,
2026-03-23,1798.7042061941963,1852.695327447385,1778.20757682956,1812.701904296875,106158.0,-0.0054854281803107,-0.0404869038272154,-0.0532636706173375,0.0157539932887536,0.0012420410359679,0.0135865397485686,1899.9625305175784,1872.053095703125,1813.7427984619144,1,0,-12.11099016807907,1.0347404350799425,0,33.585677827259815,25.560966431905577,0.1704977760434199,0.5137015917791589,-0.0785259969386493,0.8024854892832355,2.779890793610857,-0.0139199152594202,0.042504802828073,0.0082119955266843,1,,
2026-03-24,1802.7035038528504,1815.201448277787,1789.205723873919,1810.2022705078125,43033.0,-0.0013789546881024,-0.0453466823119188,-0.0604566649441805,0.0152064875500228,0.005692208280853,0.015309915732816,1893.7635498046875,1871.97552734375,1814.005993652344,1,0,-15.893074717664833,-2.3508225954690123,0,33.186305316000045,26.11729294692584,0.1675493032529793,0.4983180970909709,-0.0797966678351354,0.7622617807742957,2.785407561270393,-0.0110150872389267,0.0549276189646241,0.0209112948949037,1,,
2026-03-25,1815.70132609746,1824.199928119392,1802.203546415568,1810.7021484375,29873.0,0.0002761447921215,-0.0387473681550158,-0.0638408090266483,0.0189145904478766,0.0023512554704108,0.0078214971796055,1888.0144897460937,1871.9779418945316,1814.1854718017576,1,0,-18.63525241063985,-5.60770855850318,0,33.35697289439969,26.224925338251555,0.166161643299999,0.6025985644375227,-0.0795425584772649,0.9481393615709304,2.7707359388383352,-0.0300451364465282,0.0594725736798533,0.0063725125988571,1,,
2026-03-26,1797.2043957025294,1808.2025867193456,1787.7059580061878,1802.7034912109373,16787.0,-0.0044174339956822,-0.0246145715093014,-0.0638629702143834,0.0178494061593348,-0.0018002780920676,0.0088415188571475,1881.5905456542969,1871.5004541015624,1814.309962768555,1,0,-21.209384200580644,-8.728043686918674,0,31.950594181804803,26.683284859987797,0.1661640043569719,0.5724320048672742,-0.0836086184710263,0.8539505359329244,2.808655363638473,-0.0052532554692205,0.0825349527655987,0.0171813881368683,1,,
2026-03-27,1803.703359092568,1804.2032768750216,1788.7058256189605,1797.704345703125,70765.0,-0.0027731379742622,-0.0137136374230154,-0.0691172564573269,0.0124549443685109,-0.003050800643927,0.000308648474248,1874.1042724609372,1870.3031274414063,1814.4844287109372,1,0,-23.38324397166366,-11.659083743867672,0,31.06892580269128,27.10890441588573,0.1647665355320499,0.4211880629400729,-0.0861498982104309,0.5782917734217627,2.8494552543939147,0.014814916726858,0.0993311662617324,0.0287626310008124,1,,
2026-03-30,1794.7048001019953,1823.7000308557324,1781.2070202683592,1822.7001953125,13567.0,0.0139043161736356,0.0055156840691372,-0.0640483234080376,0.0204990204096249,0.0075991219080382,0.0196046136488055,1866.8804626464844,1869.545732421875,1814.836353149414,0,1,-22.825963835192624,-13.892459762132663,0,39.98623826266083,26.579599446850683,0.170698616763722,0.6383334322243426,-0.0734434374598397,0.951783847068937,2.898766920002392,0.0180774204000666,0.1077083304377581,0.0492171781120152,1,,
2026-03-31,1827.1994926875795,1827.1994926875795,1807.2328057722657,1820.7005615234373,14631.0,-0.0010970722416144,0.0057995126769339,-0.0744599369448882,0.0162507549395392,0.0051049147793797,0.022057609232081,1860.2815490722653,1868.898310546875,1815.1407940673828,0,1,-22.288738345800997,-15.57171547886633,0,39.5454974902046,25.929818964060196,0.164031944671737,0.5217775842709165,-0.0744599369448882,0.754533911623739,2.8137955637456176,-0.02638320809968,0.0706289480832567,0.0199145098219926,1,,
2026-04-01,1844.1967526561216,1850.1957662185705,1824.699958578164,1829.19921875,14784.0,0.004667795136753,0.010215413025528,-0.0632360079755719,0.0195720298640273,0.0111918193388749,0.0172679206508212,1855.5073364257807,1868.7607836914065,1815.4677368164064,0,1,-20.935876906172325,-16.64454776432753,0,42.44892284813639,24.35439319494207,0.1658610416959082,0.6123227527187591,-0.0701397055396895,0.9087430280417468,2.8057897593766774,-0.0213892298191913,0.0581969277089198,0.0222541743936242,1,,
2026-04-02,1823.700129893059,1858.1944580078125,1815.0765478643705,1858.1944580078125,31063.0,0.0158513293470716,0.030782082060317,-0.0345454276769205,0.0453453197738498,0.0196135733340978,0.0312432445102659,1851.845440673828,1869.2681469726565,1815.8746801757811,0,1,-17.324346698931777,-16.78050755124838,0,51.08109018471124,23.232154035994235,0.17280650086177,1.2945225946490313,-0.0554001837654339,2.10541489488256,2.847700781997053,-0.0012065549505968,0.0859573927088674,0.033349938378111,1,,
2026-04-07,1852.695221240505,1853.695056761952,1833.198428572297,1846.9461669921875,38978.0,-0.006053344399533,0.0273915015039933,-0.0437427720657952,0.0382875037537104,0.0166481000165363,0.027137485950857,1847.9085815429687,1869.5355444335937,1816.286607666016,0,1,-15.194671356056231,-16.46334031220995,1,48.06894751770124,22.190074816971244,0.1724085952769207,1.1034204297361396,-0.0611181717728375,1.7777155634355364,2.8159076572127075,-0.0088647500147629,0.0802256880981724,0.0262267792079073,1,,
2026-04-08,1893.688558421416,1893.688558421416,1867.6928337545955,1869.6925048828125,197192.0,0.0123156474710186,0.0257816999697284,-0.0290758315680095,0.0485700916440718,0.025079185610455,0.0643398516951654,1847.83359375,1870.7877465820316,1816.7685345458983,0,1,-11.53844096958187,-15.478360443684334,1,53.97887602627994,21.485288667465795,0.1793935907646494,1.3588797429028423,-0.0495552341594462,2.2551433070323688,2.779787299784218,-0.0241288414475595,0.0701551814989898,0.0090225381597459,1,,
2026-04-09,1871.192283181107,1884.6900634765625,1849.195900477402,1884.6900634765625,18810.0,0.0080214038161798,0.0351455386489161,0.0072134772131973,0.039925933290118,0.036711116990221,0.1005876974739501,1846.9837341308596,1872.4098852539064,1817.317952270508,0,1,-7.345994357662221,-13.851887226479914,1,57.419664292418645,20.127295863200068,0.1527790884562119,1.1526257004340792,-0.0419313328876645,1.853788992123923,2.786012322102643,0.002047412153898,0.051843682733532,0.018257496765923,1,,
2026-04-10,1880.690721166798,1890.6890769412096,1873.69187212471,1884.6900634765625,11782.0,0.0,0.0303361406224975,-0.0089379535622599,0.0366377508785755,0.039282831093008,0.1432966547975769,1847.2836853027345,1874.26197265625,1817.891110229492,0,1,-3.977598928293446,-11.87702956684262,1,57.419664292418645,19.073321971249342,0.141401170721212,1.065670739579813,-0.0419313328876645,1.7011163842146753,2.787857311236752,-0.0149538514530903,0.0491056727230845,0.0176724280430056,1,,
2026-04-13,1879.1909103515625,1880.1907458984367,1869.69247265625,1874.691650390625,7717.0,-0.0053050701967909,0.0088780764099896,-0.0021288171195804,0.0249384652131992,0.0382049242533328,0.1190804134691239,1847.433660888672,1875.794118652344,1818.5092388916016,0,1,-2.090808123782381,-9.919785278230572,1,54.28179531554424,17.937399279067147,0.1361815507848488,0.7517609536472557,-0.0470139544200414,1.1579103726082831,2.7462304425189257,-0.0190173389368484,0.0340207203331506,0.0127817946996517,1,,
2026-04-14,1885.1899589828297,1895.688232421875,1874.6916855437848,1895.688232421875,8169.0,0.0112000189614516,0.0263906259428587,0.0128205345602547,0.0449856196936009,0.0447716168865257,0.1674886850154744,1848.0585571289064,1877.7461962890625,1819.3697967529297,0,1,1.086214669980336,-7.718585288588391,1,59.31052667345951,17.437211846650623,0.1408630972241965,1.283087812759186,-0.0363404926395471,2.0887137687151096,2.7435582514272108,-0.0312445169444096,0.0431899591787505,0.0040014988550438,1,,
2026-04-15,1896.68797795272,1898.6876489890435,1886.6896227711031,1890.68896484375,22534.0,-0.002637178145975,0.0112299000536739,0.0039818903040398,0.044244099172056,0.0580474602391729,0.1388222837805297,1848.1335388183595,1879.4983129882808,1820.1191430664064,0,1,3.164154605642125,-5.542037309742288,1,57.683614180916656,17.0773300201424,0.1398243196572688,1.2630767050860523,-0.0388818344325192,2.054284452553975,2.714899611008433,-0.0526099641416256,0.0322201165594704,-0.0184668825110502,1,,
2026-04-16,1895.6881808123203,1917.684562657189,1895.188263043119,1913.185302734375,51618.0,0.0118984869055307,0.0151193237604538,0.0127017294059623,0.0474151268240763,0.0634970148377678,0.1597036634506392,1848.9833984375,1881.4304174804688,1821.043446044922,0,1,6.550691143596623,-3.123491619074506,1,62.64871517010535,17.37399534172398,0.1452982942817689,1.339790442084302,-0.0274459825248467,2.201517483083801,2.7404686146786856,-0.0370227709212366,0.027739968854096,-0.0007286780975231,1,,
2026-04-17,1916.18488669882,1941.180776167889,1911.685626594388,1935.1817626953125,18653.0,0.0114972971669287,0.0267904522856194,0.0205642320668915,0.0417809587941135,0.0690409346755871,0.1417352652100505,1851.5579772949216,1884.1123754882813,1821.947781982422,0,1,10.884012118722922,-0.3219908715150206,1,66.75603047282965,18.31557694150159,0.1498062125591248,1.2072091885181178,-0.0162642399750445,1.939919122994706,2.7388753444432243,-0.0386125472132344,0.0127556334425078,-0.0087268831851488,1,,
2026-04-20,1936.1815287350687,1946.6798019350265,1930.18251547795,1942.1805419921875,12318.0,0.0036166004825961,0.035999995832648,0.031050942927927,0.0438632236675105,0.0638011517020618,0.1383126677874977,1856.2572021484373,1886.1045043945312,1822.865870361328,0,1,14.713337019000164,2.6850747065880167,1,67.96316665941103,19.333624792106832,0.147432858661143,1.2618180528807494,-0.0127064607505912,2.036600136634152,2.7542887254643564,-0.0403675394169659,0.0159612529306549,-0.0072209117287729,1,,
2026-04-21,1945.679940696944,1951.6789538748376,1923.683559044666,1927.1829833984373,7835.0,-0.0077220208263267,0.0166138874725858,0.0427373160404642,0.039993773534928,0.0545758890326459,0.1187090660988943,1861.4813415527344,1887.5917309570316,1823.6789819335936,0,1,16.349460548559136,5.417951874982242,1,62.70841529500591,19.9421764947755,0.1323631925922606,1.153996473312825,-0.020330362022373,1.8569388621128824,2.751030711903912,-0.0255024245478753,0.0188656198739525,-0.0160911913958365,1,,
2026-04-22,1926.68309274978,1934.1818593276853,1916.1848195407129,1919.184326171875,201090.0,-0.0041504399402994,0.0150714167470056,0.0529347234984154,0.0452643488046213,0.050486354030883,0.11004044929858,1866.8054626464843,1888.814006347656,1824.4958337402345,0,1,16.80693555166681,7.695748610319156,1,60.04207568061822,20.120746367560518,0.1216166192030856,1.3019224547771766,-0.024396422016134,2.101655356180069,2.712147674955081,-0.0398028624653244,-0.0068738514552701,-0.0242248433612966,0,,
2026-04-23,1909.1860153722216,1925.1833844457776,1905.6865908873813,1921.6839599609373,20686.0,0.0013024459167234,0.0044421505927396,0.0601213334667594,0.0484812261310105,0.0437160542258556,0.1182744667813748,1872.3795471191409,1889.946306152344,1825.3151879882807,0,1,17.173225095090174,9.59124390727336,1,60.605798896674855,19.761956748387128,0.1182360764952532,1.388156541554419,-0.023125751119648,2.2510172191411866,2.7262599446987337,-0.019292430132646,0.0116053443818708,-0.0166141471856002,1,,
2026-04-24,1932.1822734974712,1932.1822734974712,1913.185397328544,1921.18408203125,19567.0,-0.0002601249425516,-0.0072332640446997,0.0613090665786779,0.0477797342686141,0.0404786918362134,0.1100740393090886,1877.903643798828,1890.6287084960936,1826.1670288085936,0,1,17.224621511129726,11.117919428044631,1,60.422216130188886,19.679179112767592,0.1177993057996954,1.3694117233090908,-0.0233798604775183,2.218446461605586,2.704592234131722,-0.0290138248572184,0.0083944371260755,-0.0272173936271477,1,,
2026-04-27,1904.6866827767835,1914.1851203024416,1901.1872584252249,1902.68701171875,17056.0,-0.009627953138641,-0.020334633891928,0.0508006594903673,0.0529055091190877,0.0274015727270928,0.096852382028715,1882.9028198242188,1890.591252441406,1826.9363806152344,0,1,15.5930476069027,12.012945063816248,1,53.91425424997888,19.002315136206796,0.1252978714812915,1.5221543138677258,-0.0327827134150938,2.456439770988424,2.67394549473692,-0.0349331174958505,0.0119517624695892,-0.0460810354461104,1,,
2026-04-28,1902.6871039027724,1916.1848841984568,1898.1878438042108,1909.18603515625,14256.0,0.0034157080998988,-0.009338474030344,0.0590682519141207,0.0585517260190269,0.0268920061187851,0.1060159429829461,1888.476904296875,1890.5937963867189,1827.675751953125,0,1,14.65549103185981,12.54145425742496,1,55.718918474859606,18.22651553103096,0.122848315444367,1.6731399625563326,-0.0294789814949436,2.718597568533056,2.6961985622965465,-0.0400393735727846,0.0275447052243631,-0.0362106192636147,1,,
2026-04-29,1916.1848212437487,1922.6837522837093,1896.1881103515625,1896.1881103515625,4018.0,-0.006808097568985,-0.0119822861758058,0.0547830709114285,0.0580900887596738,0.0162124823029654,0.0986451156370975,1892.151300048828,1890.166423339844,1828.366376953125,1,1,12.717052522471022,12.576573910434172,1,51.3850366903013,17.78060815408651,0.1258975825254289,1.659846253885357,-0.0360863832816767,2.697163427882552,2.6782567300507147,-0.0600811415021199,0.0313483244322703,-0.026944486914858,1,,
2026-04-30,1891.6888361336296,1920.684066708617,1886.189740679753,1911.685546875,7392.0,0.0081729425676886,-0.0052029435090568,0.048820618877063,0.0631790139611878,0.0312863012392403,0.1103571273094259,1896.7005493164063,1890.0389990234376,1829.0295306396483,1,1,12.289671959748375,12.519193520297012,0,55.799446239842986,16.84809224150023,0.120862623167186,1.7873665448637115,-0.0282083726520249,2.933445782305152,2.673545037045105,-0.0776957544958809,0.0259959025497187,-0.0196422704700454,1,,
2026-05-01,1918.6844007526925,1919.1843185225605,1904.1867854265256,1914.68505859375,25763.0,0.001569040328653,-0.0033828218223777,0.051619963796613,0.0648471847106706,0.0437401873410194,0.1017059511128037,1900.9748413085936,1889.581657714844,1829.731422729492,1,1,12.054053684926204,12.426165553222852,0,56.62048327924033,15.982184608384394,0.1202698671063324,1.8314575025590407,-0.0266835923976686,3.0109001163066487,2.670345596869085,-0.0509809485539091,0.0227345898186122,-0.0100679326062564,1,,
2026-05-05,1911.6855816699965,1913.6852527805297,1900.1874727844288,1908.1861572265625,43050.0,-0.0033942403937494,0.0028901997406525,0.0431811569056643,0.0582907274777624,0.0404808699115111,0.079496151463938,1903.4744262695312,1889.2442797851563,1830.455797729492,1,1,11.213653461002878,12.183663134778858,0,54.268382202952125,14.959768777421289,0.12161219634894,1.6558465758887857,-0.0299872622642515,2.7064792238160837,2.6498095220578857,-0.0555922755072866,0.0090372682154407,-0.0282199153004042,1,,
2026-05-06,1914.1852253676384,1943.1804573006032,1913.6853075756903,1941.1807861328125,23190.0,0.0172910954108407,0.0167583202408789,0.0446596575333511,0.0685908149650194,0.059627141706275,0.0919873401553845,1908.1861572265625,1889.7741943359372,1831.2926666259768,1,1,13.059479483658151,12.358826404554716,1,62.73280106247941,15.332307071280798,0.1237553942939405,1.8887139158930004,-0.0132146794663319,3.1847194859295374,2.658673613503431,-0.0663788729801381,0.0098862013935048,-0.0207031984161691,1,,
2026-05-07,1943.1803570371685,1943.6802748033217,1916.6847154310533,1930.1824951171875,267151.0,-0.0056657736848588,0.0179277491405229,0.045067002824751,0.0716783018905649,0.0629040451451663,0.0879414440191328,1911.2106567382807,1889.844182128906,1832.0857897949215,1,1,13.479456947641438,12.582952513172064,1,58.824352687254425,15.69775218091516,0.1234400889517986,1.975991136691788,-0.0188055817680166,3.328073662131585,2.651740643158908,-0.0582998571111875,0.0073289505709073,-0.0128044499753309,1,,
2026-05-08,1924.183508983359,1930.6824400347448,1911.685564653771,1922.183837890625,14087.0,-0.0041439901391691,0.0054916411502856,0.0280748480676518,0.0432057203856246,0.0461175768411474,0.0814529304286408,1913.0853454589844,1889.6042211914064,1832.800185546875,1,1,13.016817552943394,12.669725521126333,1,56.087494451067,15.731168409664546,0.1194305461501515,1.2872879252559286,-0.0228716417617776,2.0060717996410373,2.619128190333321,-0.057795468546593,-0.0321741107390106,-0.0477738502102688,0,,
2026-05-11,1920.1841667978908,1929.6826044883776,1918.184495705157,1922.183837890625,11988.0,0.0,0.0039164557446238,0.0198938675067348,0.0374359736242133,0.047827949593626,0.0846550787578011,1914.9600341796877,1889.5342309570312,1833.474596557617,1,1,12.506010989542574,12.63698261480958,0,56.087494451067,15.762197764931834,0.1169890951070573,1.1298952556710324,-0.0228716417617776,1.7381784242770553,2.613176514829228,-0.0620369859466284,-0.0517074270815636,-0.0450865342050278,0,,
2026-05-12,1924.183551388714,1941.680673835741,1918.6394192238413,1923.1837158203125,26709.0,0.0005201780963806,0.0078595888231094,0.0204243939572448,0.0350434266056136,0.0509502078923722,0.0821674669902168,1917.384637451172,1889.3742578125,1834.1640026855468,1,1,12.043050115291408,12.518196114905948,0,56.381708266105406,16.330314309438698,0.1169489454910767,1.0636714013242283,-0.0223633609924698,1.6270907937390162,2.618502595529669,-0.0607472681706058,-0.0342804338832147,-0.0510797304673348,0,,
2026-05-13,1924.683419109261,1928.6827612788384,1913.185310371725,1917.6845703125,19572.0,-0.0028593968753873,-0.0121040842708531,0.0229333287492461,0.0282110750004336,0.047658870348074,0.0691513054909449,1918.4844543457032,1888.779353027344,1834.8184161376955,1,1,11.104410471134996,12.235438986151758,0,54.22969512461477,16.484690700221627,0.1155894556205238,0.8721434800265003,-0.0251588121433121,1.3098599326851603,2.5964882878330995,-0.054526434623774,-0.041392708418362,-0.0583884883592299,0,,
2026-05-14,1915.1850387446607,1929.6826545430413,1910.685778669302,1927.6829833984373,6883.0,0.0052137944064012,-0.0012949613443667,0.0168776439233822,0.0215249823595939,0.0489676772239344,0.0902177890978488,1920.334155273437,1887.989484863281,1835.5215728759763,1,1,11.040057258538582,11.996362640629124,0,57.412495695247,16.455249958867324,0.1107616691046182,0.689893527087216,-0.0200761906109354,0.9994199775851744,2.589583029448519,-0.0561224540789659,-0.0575774493842889,-0.050000136737102,0,,
2026-05-15,1929.6826720362296,1942.6805345939867,1908.7011370072948,1913.685302734375,12584.0,-0.00726140178889,-0.0044212915480426,0.0121629407682746,0.004791389701704,0.0302815260267681,0.0951470811162362,1920.3591552734367,1887.2096142578123,1836.1497424316408,1,1,9.747201357991798,11.546530384101658,0,51.96443972893666,17.042976870045248,0.1136998751837812,0.2073804702450733,-0.0271918111134091,0.2224675731798917,2.602080198872636,-0.0415556478325515,-0.061945421386052,-0.0534001544436909,0,,
2026-05-18,1895.6881681204093,1919.1843031155724,1890.189072696009,1905.6865234375,6832.0,-0.0041797777750844,-0.0085825893069775,-0.0039195258745493,-0.0017664801032801,0.023771022989065,0.0881456449664168,1918.8843933105463,1886.8296752929684,1836.684189453125,1,1,7.985121590485278,10.834248625378384,0,49.09732369512089,16.37778625130506,0.1070141824400417,0.0156811108888447,-0.0312579331607375,-0.0820189060195927,2.593028312162965,-0.0538011279260746,-0.0818191106046911,-0.0581959126423994,0,,
2026-05-19,1917.6846000717285,1922.1838600823244,1906.1864911557616,1911.1856689453125,6252.0,0.0028856506252104,-0.006238637929545,-0.0123999172649179,-0.0033225059481654,0.0497679222833833,0.0785121490454852,1917.3346496582028,1886.424741210937,1837.1861560058596,1,1,6.952254501574771,10.05784980061766,0,51.0951031755761,15.912857075049947,0.0990504451495574,-0.0301680709795312,-0.0284624820098952,-0.1542662737078645,2.617948739386197,-0.0441519199851025,-0.076452747548446,-0.0439373835427254,0,,
2026-05-20,1914.185195704699,1927.68297587812,1907.686264510089,1923.1837158203125,23568.0,0.0062778028686354,0.0028675964717785,-0.0097811844785495,0.0026729934299731,0.0607268278757617,0.0885065080783744,1917.1346862792968,1886.374748535156,1837.8355780029297,1,1,7.020909330758059,9.45046170664574,0,55.22415860743082,15.76283306222174,0.1008816504457805,0.1454891582951659,-0.0223633609924698,0.1241089534588359,2.607657744777206,-0.053237331050843,-0.0803229590737866,-0.0439138672376976,0,,
2026-05-21,1914.3400076046933,1920.8394644077391,1905.8407179391727,1914.8399658203125,43040.0,-0.0043385090729312,-0.0066624116562377,-0.0064046941491558,-0.0117220888777751,0.0567076080147561,0.0833242229700355,1916.9174682617183,1887.2477026367185,1838.5782275390625,1,1,6.329090073499856,8.826187380016563,0,51.93991749208004,15.496964642173392,0.0984598229186581,-0.2801849020532205,-0.026604846420834,-0.5442647806982193,2.5912057016417247,-0.0580964107636503,-0.0938609529300446,-0.0582777996889639,0,,
2026-05-22,1922.339293763579,1926.838917598136,1907.840505852228,1912.840087890625,41089.0,-0.0010444099587355,-0.0004416686706755,-0.0033056951303394,-0.0063452553197195,0.0579387028282636,0.096926070196891,1916.475274658203,1887.4707592773436,1839.1934246826168,1,1,5.555405634550425,8.172031030923335,0,51.15464944383961,15.5748104717237,0.0975077389410367,-0.1215441751493656,-0.0276214700130169,-0.2946146400245371,2.5783624191906025,-0.0493281604832578,-0.0879271088436247,-0.0687591029936182,0,,
2026-05-26,1924.3391883483007,1932.8384780863944,1916.339856830096,1922.33935546875,25347.0,0.0049660542134497,0.0087384949342095,0.0003410527024569,0.0039976793262395,0.067620006883889,0.1218262315985938,1916.5330383300784,1888.343725585937,1839.843623046875,1,1,5.643709477679067,7.666366720274482,0,54.66103441154839,15.961244155802415,0.0990049109269467,0.1847291227489406,-0.0227925855171069,0.1856150456189442,2.574078455612163,-0.0558206085162533,-0.0869254621538707,-0.0628282843060364,0,,
2026-05-27,1927.838838650763,1938.3379609566928,1924.839089420497,1933.33837890625,9196.0,0.0057216866554854,0.0115910820810845,0.0063264613675901,0.003454264699062,0.0675049484783316,0.1320420583443198,1918.065606689453,1889.5766503906248,1840.5100817871091,1,1,6.5259925979062245,7.43829189580083,0,58.38601773181403,16.599304817258684,0.1009302512086389,0.1687340733751496,-0.0172013108940187,0.1603839246154435,2.589255149951,-0.0426449069568336,-0.0806608288869126,-0.0770524615548753,0,,
2026-05-28,1929.8387418573373,1931.8385747504533,1917.33978627536,1928.3388671875,8600.0,-0.0025859475885324,0.0026805298551462,0.0134819102199987,-0.0030209245697867,0.0694675332649961,0.1117085781909941,1919.0232482910155,1890.4796215820309,1841.2602502441407,1,1,6.744048323108018,7.2994431812622675,0,56.128684199937446,16.587539670942505,0.0949564404137217,-0.0231043952734293,-0.0197427767941252,-0.1402636394950211,2.568390619630794,-0.0394753278680838,-0.1008804057811156,-0.0712684550235421,0,,
2026-05-29,1928.338866580185,1936.838156373253,1907.8405794321973,1909.3404541015625,10574.0,-0.0098522170606076,-0.0028720476995026,8.088208402368124e-05,-0.0084868031450381,0.0530916139491919,0.1007557839705168,1919.680865478516,1890.8826440429684,1841.9154266357425,1,1,5.322491527472039,6.904052850504223,0,48.46116080360173,15.873173738494526,0.101025199261754,-0.1833019035345135,-0.0294004837323781,-0.3940482025623266,2.536766145262396,-0.0591322980672278,-0.1015487705238876,-0.0743355065234454,0,,
2026-06-01,1900.8411571295528,1908.840488669288,1882.842661165149,1887.34228515625,14805.0,-0.0115213443983009,-0.0133298140789659,-0.0046650567773428,-0.0227011640653375,0.0358181137268223,0.0801371494233311,1918.4637023925784,1890.7057275390623,1842.4818548583985,1,1,2.3932413412085225,6.001890548645083,0,41.40765851431345,15.740995369861151,0.106226320546741,-0.5980494694608783,-0.0405830950321217,-1.0540309163702806,2.5007295428376137,-0.0662846041685254,-0.1093814725260748,-0.0834506657875215,0,,
2026-06-02,1874.8433485170813,1882.842680137421,1869.858779648371,1877.3431396484373,72124.0,-0.0052980032220201,-0.0234070096376612,-0.0179644645442351,-0.0359893176007917,0.0303303460228705,0.0687589169250098,1916.5966064453123,1890.5787866210933,1843.0907507324216,1,1,-0.7266812821706026,4.656176182481946,0,38.65366616746708,16.217632712557233,0.1030476496520749,-1.001690392434918,-0.0456660888859021,-1.67100917385223,2.4841072615483517,-0.0708563996012302,-0.1275554114464185,-0.0832575653012348,0,,
2026-06-03,1879.342988760465,1892.8418609861988,1866.3440747653144,1884.842529296875,14903.0,0.003994682426486,-0.0250839946790952,-0.0155861295114472,-0.0418538279821749,0.039579849132417,0.0787065243642546,1915.429425048828,1891.3117163085933,1843.69591003418,1,1,-2.564541926456513,3.2120325606942544,0,41.78113851372142,16.00545830454878,0.1041002027323882,-1.1932294956567016,-0.0418538279821749,-1.9433024903342149,2.5116551742255484,-0.0594269231778825,-0.1309284567091619,-0.0684912172589075,0,,
2026-06-04,1885.342497220712,1899.841285982155,1876.843207257108,1889.3421630859373,6876.0,0.0023872730581586,-0.0202229518707154,-0.0098753436970813,-0.0324357845495331,0.035779051519623,0.0809724434454304,1912.8374938964844,1892.6445556640624,1844.407758178711,1,1,-3.6162905400719865,1.8463679405410065,0,43.63778347139013,15.376207656210047,0.1041605046125274,-0.9093418485613682,-0.0395664714399388,-1.506016150252649,2.5081737097867527,-0.053451318327642,-0.1251925424280693,-0.0703437951241172,0,,
2026-06-05,1899.8411778838304,1914.3399658203125,1891.341888403824,1914.3399658203125,18284.0,0.0132309558441998,0.0026184495845202,-0.0138270585121398,-0.005374133467436,0.054976490148533,0.095901600623008,1912.045367431641,1894.677316894531,1845.227100830078,1,1,-2.404972107084632,0.9960999310158788,0,52.66854475172219,14.579387101293236,0.0960824169188718,-0.0933165040139699,-0.0268590178322715,-0.2495247735787703,2.608687833898578,-0.0188010214382746,-0.0850371903010132,-0.0324647415165897,0,,
2026-06-08,1915.8399011646984,1919.8395669291333,1898.341363445292,1904.8408203125,93716.0,-0.0049620995629906,0.0092715218081393,-0.0131291599984948,-0.0137677886657902,0.0508996634309995,0.0912441267095733,1911.1782165527345,1896.5700878906248,1845.986450805664,1,1,-2.186292952437725,0.3596213543251579,0,49.42758892784202,14.124713524469875,0.0956490873663326,-0.3440835011485258,-0.0316878402746143,-0.6392480518632585,2.5898792025283943,-0.0233286165410281,-0.0884216091906997,-0.0365999089302855,0,,
2026-06-09,1899.8412323395205,1924.33918507232,1894.841650149153,1920.8394775390625,10920.0,0.0083989470699907,0.0231690930507091,-0.0006993921835477,-0.0025154042440544,0.0721447614282038,0.0942995092886875,1911.1109985351563,1898.772834472656,1846.7408197021484,1,1,-0.7138019504961903,0.1449366933608883,0,54.50528200974211,13.934824244644387,0.0996002397866936,-0.0070443915130878,-0.0235550376978523,-0.1167919773969105,2.6193203107924936,7.33528278158424e-05,-0.08046232655591,-0.0108165723886526,0,,
2026-06-10,1928.338886655746,1939.31794982018,1920.33955500252,1937.338134765625,21285.0,0.008589295159479,0.0278514542476568,0.0078838956900346,0.035349587218366,0.0818065251771085,0.1022864492312034,1911.8187194824216,1901.4655273437495,1847.49520690918,1,1,1.7641257864827369,0.468774511985258,1,59.069341234049766,14.471262658042171,0.1039647752672928,1.179325579390996,-0.0151680637096528,1.6413060450048569,2.6841354123478007,0.027154268804995,-0.0345947422860475,0.0148266797444329,0,,
2026-06-11,1930.3387130930555,1947.8372510257816,1920.3395485600688,1934.33837890625,5456.0,-0.0015483904464297,0.0238158109734971,0.0058001027120695,0.0171695545344126,0.0830033517805881,0.0898869024221733,1912.651409912109,1904.198208007812,1848.2295965576168,1,1,3.4461214003310943,1.0642438896544253,1,57.93138335516384,15.33173657337488,0.1041799773138163,0.6257572052296739,-0.0166929680711436,0.7971944190830798,2.635189384540985,0.0063726455875214,-0.0688966958706167,0.0008676112679062,0,,
2026-06-12,1933.338397611708,1953.836684216848,1931.3385647721807,1951.0869140625,9074.0,0.0086585342765728,0.0191956229814389,0.0174180593967843,0.0385352740181974,0.1006982341990345,0.0974694002882905,1913.8216064453125,1906.765942382812,1848.96525390625,1,1,6.060717675493379,2.063538646822216,1,62.2985315359335,16.375803615509,0.1073758792064966,1.3334915400096667,-0.0081789704307926,1.7892197100147538,2.6437085382900394,0.018186198134692,-0.0556392512391046,0.0087092573508635,0,,
2026-06-15,1956.8364025148303,1965.83565015031,1943.337531061611,1946.3372802734373,621059.0,-0.0024343527470916,0.0217847389232921,0.0096770563602284,0.0398811001335557,0.0983284040431313,0.1041099168759613,1915.4542053222656,1909.2786767578125,1849.742143554688,1,1,7.661234367441921,3.1830777909461574,1,60.384140869393065,17.80249158696062,0.1067210525982524,1.3789316390204245,-0.0105934126787476,1.8517073573249687,2.591572996588892,0.000768450796033,-0.084910790985294,-0.011757926266028,0,,
2026-06-16,1942.3377235449948,1952.336888144969,1935.838266555012,1940.337890625,55679.0,-0.0030823998025637,0.0101509851884751,0.0139273619609987,0.030346153958344,0.0971093293974676,0.1072995152130966,1917.1867736816407,1911.501450195312,1850.4378021240236,1,1,8.349309132854614,4.2163240593278495,1,57.96131278563831,18.56301224088773,0.1038444796195602,1.0701974918086032,-0.013643159348162,1.4089931411872494,2.599079340176079,-0.0011532537305563,-0.0930265490098349,-0.0003483938990199,0,,
2026-06-17,1940.3378258097448,1947.3372407959173,1925.839037624101,1929.3387451171875,11667.0,-0.0056686753173024,-0.0041290621935778,0.0124113915845001,0.021252191827743,0.0872026298990744,0.0963320688691469,1918.0944274902345,1912.9243359375,1851.1222015380856,1,1,7.915825513875461,4.956224350237372,1,53.70665737270147,18.56453846211844,0.1048455438050717,0.7671997086062172,-0.0192344960248174,0.9867541225023072,2.617027163519253,0.0092551443590946,-0.0803990409336955,0.0054864182889744,0,,
2026-06-18,1913.3400474216623,1933.3383755891216,1908.8404235839844,1931.8385009765625,8386.0,0.0012956542057227,-0.0012923684692132,0.0108062928509962,0.0188010833051739,0.0852485704596988,0.0952640977796805,1918.527166748047,1914.6221826171875,1851.776611938477,1,1,7.685403481931644,5.502060176576227,1,54.52368136589629,17.52177478311759,0.1045546597927726,0.6870411294731164,-0.0179637630747642,0.8729474403986623,2.5934538385789514,-0.0093565242278153,-0.0896577367604388,-0.0173291480169157,0,,
2026-06-19,1930.3386902680268,1934.8383142546656,1916.8398183081104,1923.8392333984373,4288.0,-0.0041407537814789,-0.0139653853796437,0.0003408502124535,0.0213140399411839,0.0804513408591087,0.0827515581124038,1918.9771301269527,1915.7051171875,1852.376030883789,1,1,6.779172242901041,5.75748258984119,1,51.39762615532502,16.632919858528915,0.1035656438239254,0.7728834235646326,-0.0220301333363616,0.9896257736431144,2.5827149847897646,-0.0095651969808531,-0.1001462145474155,-0.0231510488090148,0,,
2026-06-22,1921.8393914884653,1938.8379709137016,1915.3399346494043,1938.3380126953125,36403.0,0.0075363778039099,-0.0041099082153946,0.0122715460792743,0.0487729470156115,0.0950500338469126,0.0984819319665941,1920.2520263671877,1916.7780761718748,1853.099178466797,1,1,7.148504267423732,6.035686925357698,1,56.28937739208347,16.025742672336232,0.1053982744551866,1.7530047208659578,-0.0146597829403449,2.2645620237351403,2.610394023414344,0.0074051711758975,-0.0753201569925456,-0.0095402816083524,0,,
2026-06-23,1936.8380843357568,1955.3365379032384,1923.839171018068,1950.8369140625,13760.0,0.0064482568495922,0.0054109253281231,0.0198640892212667,0.0703004910404538,0.095306070808508,0.1001122604552702,1921.676904296875,1918.1010131835933,1853.927307739258,1,1,8.353465885530113,6.499242717392182,1,60.02466525144269,16.282673246272658,0.107105648245094,2.5526551837574813,-0.0083060561365113,3.26410094122848,2.6659413473939844,0.033966880509713,-0.0561615526169917,-0.0057718199257067,0,,
2026-06-24,1956.836483865597,1981.334436780624,1954.8366509745745,1964.8358154296875,21232.0,0.0071758440012474,0.0183985681116582,0.0221066378524903,0.0839266019262132,0.1010027743384602,0.1070704298684626,1923.251776123047,1919.9038964843744,1854.799189453125,1,1,10.319049417491216,7.263204057411988,1,63.76001981153782,17.526469023181807,0.1084129700210858,3.0228747595519625,-0.0011898150983651,3.896770794727752,2.6863168354605937,0.0436033251448577,-0.0336610194779335,0.0074130283542379,0,,
2026-06-25,1973.335116393101,1977.834740423387,1947.8372468881485,1960.586181640625,15130.0,-0.0021628442212272,0.0148809958231654,0.0140936542881799,0.0830757499219274,0.099545527828847,0.1076392181440972,1924.8641418457032,1921.2018554687495,1855.589840698242,1,1,11.402438384800462,8.091050922889682,1,61.87001808294209,18.22005499400189,0.1075821500160534,2.9915313633487046,-0.0033500859348826,3.857265141396863,2.676637305151167,0.0337479893404173,-0.0390500326169923,0.0137326610354893,0,,
2026-06-26,1981.834318746853,1989.833650003147,1974.834903897596,1985.833984375,10346.0,0.0128776806502062,0.0322244966732743,0.0298158784048974,0.0967203999225525,0.1174644171229191,0.1340715183804062,1928.688818359375,1923.1047558593748,1856.5317236328128,1,1,14.135374820793004,9.299915702470347,1,67.94877946439684,19.289700214346425,0.1147492970793226,3.3800557407520717,0.0,4.4907957789587645,2.7308538971228167,0.0632548944269919,-0.0143940247630525,0.0442224992185305,0,,
2026-06-29,1990.833607337496,1990.833607337496,1967.3355712890625,1967.3355712890625,13894.0,-0.0093151860787393,0.014960011310632,0.0303744243531411,0.091325101926516,0.11080460692268,0.1414262079359525,1932.688482666016,1924.1877612304684,1857.3623706054689,1,1,14.639820559278633,10.367896673832004,1,60.35656325037523,19.785957070438855,0.1140975330709915,3.16165570431411,-0.0093151860787393,4.240288321522415,2.6615666723449483,0.0491967016020087,-0.0523697898993837,0.0258428247305249,0,,
2026-06-30,1979.3346164890977,1981.8344076187884,1950.3370393846856,1951.8369140625,36687.0,-0.0078779936949989,0.0005126005114992,0.0341721951622095,0.0857385524643041,0.0992613657339946,0.1212171551445764,1936.413171386719,1924.5208642578125,1858.095530395508,1,1,13.631845896893084,11.02068651844422,1,54.82890987155345,19.22701505988476,0.1094831632351455,2.948192872344189,-0.0171197947965423,4.605889065558385,2.620195885658832,0.0477725962663111,-0.0804572622719941,0.0108819902940349,0,,
2026-07-01,1947.8371615217843,1958.3362837989807,1933.33837361518,1949.3370361328125,9216.0,-0.0012807821758449,-0.0078880785738759,0.0383488212484464,0.0694776031439448,0.0914008463584292,0.1278766242260092,1939.637896728516,1924.6639941406247,1858.7762023925784,1,1,12.487353025739822,11.31401981990334,1,53.97032983947427,17.867572691720447,0.1071423525737253,2.475506298254008,-0.0183786502443576,3.7323482077112216,2.62038406447644,0.0548594680421112,-0.096034922161221,0.001329647146832,0,,
2026-07-02,1942.83762113131,1958.836283991887,1936.3381643442008,1949.8370361328125,32735.0,0.0002564974607941,-0.0054826182130987,0.0344827251219672,0.0709268055046474,0.0883301745790872,0.1114523379683669,1942.6626403808596,1925.1170751953125,1859.4343823242189,1,1,11.488250599329376,11.348865975788549,1,54.12506269553008,16.60193045596527,0.1069666469445285,2.525982852273624,-0.0181268668606841,4.044887548801607,2.6245049189755387,0.0449304291082819,-0.0672723516978264,-0.001394779050074,0,,
2026-07-03,1952.3368598607965,1966.83564832071,1948.8371523015069,1964.8358154296875,8237.0,0.0076923245476057,-0.0105739800560021,0.0399576391289777,0.0741508061502322,0.0951741178066736,0.1172963180231327,1945.187432861328,1926.0301049804684,1860.1800518798827,1,1,11.77104162682872,11.433301105996584,1,58.61889961284067,15.824375488809222,0.1089947594578085,2.6218417422505507,-0.0105739800560021,4.852946603475671,2.644693462589086,0.0544299432968462,-0.0574156692422243,-0.0025601570855535,0,,
2026-07-06,1953.3367370386031,1964.3358177181144,1946.3373220607325,1946.8372802734373,12642.0,-0.0091603252622479,-0.0104193160103307,0.0169757279445394,0.047703738370127,0.0952121994147785,0.1032985799445889,1947.287255859375,1926.5331713867188,1860.9269512939452,1,1,10.42267804187145,11.231176493171558,0,52.03203731420564,14.96327167505242,0.1072238625353771,1.7593435727215236,-0.0196374442216206,3.122065788838023,2.597795232342239,-0.0041755097772893,-0.0877569550967919,-0.0093429214401138,0,,
2026-07-07,1948.8370792620487,1973.834989462948,1945.3373718339235,1968.33544921875,42329.0,0.0110426121192281,0.0084528246378485,0.0333332991550618,0.0657243207170725,0.1065282446469479,0.1210387254175371,1949.6620544433597,1927.4761987304687,1861.7513513183596,1,1,10.962444516053663,11.17743009774798,0,58.089768247336224,14.64547260781084,0.1106222629151671,2.363030801987817,-0.0088116807819447,5.305136516798456,2.6390220207041883,0.0189749460622787,-0.0628165614932158,0.0123696247352023,0,,
2026-07-08,1960.8360969272244,1961.8360133458511,1937.838019298807,1940.8377685546875,12622.0,-0.0139700174962436,-0.0043600811047976,0.0104112244929734,0.0380518526367703,0.0884701262506371,0.104120658291438,1949.8370361328125,1928.239213867188,1862.433263549805,1,1,9.066863159193872,10.75531671003716,0,49.4820901348914,13.906407130214449,0.1200047311859636,1.3900645293120435,-0.0226585989434933,3.237494316335319,2.6102188709713032,-0.0034747334198453,-0.0610005049041262,0.0048751751017845,0,,
2026-07-09,1928.3389027416551,1944.8375244140625,1922.339403951689,1944.8375244140625,9959.0,0.0020608398724399,-0.002564066445607,0.0038709761160742,0.0319137146754782,0.0731138328087692,0.1108178218247017,1950.361993408203,1928.952243652344,1863.1051849365235,1,1,7.797463838080603,10.16374613564585,0,50.62809990007613,13.434843237927735,0.1165552932753339,1.1873545010125213,-0.0206444548152097,2.715254651626788,2.59364226637722,-0.0337140762549781,-0.0690485301157027,-0.020784577470706,0,,
2026-07-10,1938.8379898763608,1949.8370707885013,1927.3389507409413,1928.3388671875,5121.0,-0.0084833087697303,-0.0185750625856776,-0.0031015833548948,0.0231596720101667,0.0606459411822803,0.1026535381835345,1949.224591064453,1929.5952587890624,1863.7470965576167,1,1,5.39792802325951,9.210582513168582,0,45.99323866220031,12.711769466030969,0.120289195812188,0.8701440940491706,-0.0289526303003598,1.970450879667576,2.560603096236792,-0.0283039574847046,-0.0815157268214511,-0.0364129387014452,0,,
2026-07-13,1942.8376145717973,1960.3211386228795,1930.8386174668765,1946.8372802734373,7325.0,0.0095929265341818,0.0,-0.0021780853320441,0.0384839980845808,0.0643821951452769,0.1053337155354485,1949.2495910644527,1930.2982934570311,1864.449009399414,1,1,4.932091855844874,8.35488438170384,0,51.36887611888751,12.139251176636456,0.1211886403554224,1.3894483968154276,-0.0196374442216206,3.370903787837966,2.6051118764566827,-0.0145994391115146,-0.0513862798537783,-0.019113757776494,0,,
2026-07-14,1945.3374089218269,1955.3365731928209,1938.837952145681,1948.337158203125,24166.0,0.0007704177153815,-0.0101600014487177,0.001027508412831,0.027772987604606,0.0740079923563428,0.1082293614667297,1949.6495544433596,1930.9713354492187,1865.1609216308595,1,1,4.630562706468254,7.610020046656723,0,51.78790500761001,11.607627050770123,0.1209110349381867,1.0400481031465698,-0.0188821555411523,2.432701220652372,2.597894717310014,0.0024393373173139,-0.0530929255981431,-0.0121960477086566,0,,
2026-07-15,1939.337929132091,1960.836132522831,1935.3382633849767,1938.3380126953125,9826.0,-0.0051321433078012,-0.0012879777485145,-0.0010306853972961,0.0252019495208193,0.0705610862468038,0.0895324878514962,1950.0995178222656,1931.5743725585935,1865.836583862305,1,1,3.5438993414450124,6.796795905614381,0,48.77086038821268,11.420544529767543,0.1217910739080916,0.946971160613216,-0.0239173929207561,2.2074979557456365,2.574358143781046,-0.0095115204883888,-0.0517667270854202,-0.0212145405065443,0,,
2026-07-16,1934.3383086332144,1966.83559218482,1928.33881013138,1967.0855712890625,6346.0,0.0148310348378173,0.0114395401136158,0.0195646442426999,0.0281730517570106,0.0769240074031669,0.1086502897808894,1951.8618713378903,1932.0924682617188,1866.627243041992,1,1,4.945391130270764,6.426514950545657,0,56.59926459630992,10.794232160683718,0.130224477660568,1.0392926678310674,-0.0094410777705761,2.4677437794778654,2.62677201010748,0.0037236321900162,-0.0414880155759551,-0.0148989229817544,0,,
2026-07-17,1954.3366240764635,1998.8329043381173,1954.3366240764635,1988.833740234375,17560.0,0.0110560360274822,0.0313714949567485,0.0295031076505623,0.0277245158947427,0.0706638315450414,0.127897213196636,1955.1115966796876,1933.2654931640625,1867.5141455078128,1,1,7.721964941879605,6.685604948812447,1,61.40434844200874,11.759956723829852,0.1348530991416642,1.0252301945705806,0.0,2.428455469729565,2.682361564310267,0.0342815917556611,-0.0206339365709415,-0.0081415020598086,0,,
2026-07-20,1973.335047826111,1991.333543321864,1972.8350896178952,1975.8348388671875,10872.0,-0.0065359416949832,0.0148947006961348,0.0270270013034823,0.0173280990862358,0.0619513890396987,0.1138950467850621,1956.9864379882813,1934.3385131835937,1868.3485510253904,1,1,8.772394287018415,7.1029628164536405,1,57.31950912133964,12.656700961036975,0.1363445426563499,0.6613410688034459,-0.0065359416949832,1.5178089011813864,2.6691387389776264,0.0334623660360637,-0.0309154177263584,-0.0154476135974906,0,,
2026-07-21,1978.334691313045,1990.83364690638,1971.8352344045104,1985.3341064453125,17054.0,0.0048077234955383,0.0189889866270929,0.0242455616317665,0.0301741575905418,0.0713747095507533,0.1206713310266485,1958.7112976074216,1935.601518554688,1869.1629730224608,1,1,10.253186266940247,7.733007506550962,1,59.44281150766604,13.418356703475744,0.1350953554986231,1.1111384791637933,-0.0017596411998974,2.6430253398627688,2.659785082765769,0.0189209210978895,-0.0331677973434888,-0.0149279085262747,0,,
2026-07-22,1985.834054868911,1999.3329268430955,1980.83447265625,1980.83447265625,8871.0,-0.0022664365531497,0.0219241740514828,0.0153767638788842,0.0321230981535505,0.0788414780776791,0.1132632238716844,1959.51123046875,1936.7545336914063,1869.9836376953128,1,1,10.93756035046431,8.37391807533363,1,57.97161867469418,14.499349913902916,0.1341798767320834,1.1806871119191318,-0.0040220896379112,2.8137376216708576,2.656846140949267,-0.0034116303622387,-0.020390310791882,-0.0271240022796419,0,,
2026-07-23,1981.8343988791787,1996.8331455911805,1974.8349837469111,1985.3341064453125,14194.0,0.0022715849563283,0.0092769401710832,0.0104325719506197,0.0331220678376631,0.0832090924294381,0.1107996919730289,1960.7486267089844,1938.1075244140625,1870.7905615234372,1,1,11.70805145491181,9.040744751249267,1,59.06274163691414,15.05031296855324,0.1322877732620183,1.2147015332946889,-0.0017596411998974,2.901239722796357,2.696177168778544,0.0036705771961778,-0.0110344488531572,0.0004428369497087,0,,
2026-07-24,1986.334049148238,2018.83133412046,1980.334550384136,2016.33154296875,5138.0,0.0156132090930214,0.0138260942471413,0.0284330073577674,0.0495254264426872,0.0996714724262726,0.1294061112882027,1962.273504638672,1939.8804956054687,1871.7824639892576,1,1,14.651017467902191,10.162799294579854,1,65.67404331678571,16.46752638944542,0.1417279586505713,1.7189528741098408,0.0,4.338048433092353,2.735493978457584,0.0219890357177447,0.0114256574192164,0.0199160065081216,1,,
2026-07-27,2026.8306336491391,2033.330090540466,2018.8313020905832,2020.3311767578125,23696.0,0.0019836191141331,0.0225202719454711,0.0173716396507686,0.0618305398178922,0.1180072251251536,0.1306968050035384,1964.9232849121092,1942.0134130859376,1872.8168572998047,1,1,17.10885601432551,11.552010638528984,1,66.42745375761794,18.265741881481087,0.1354726143685531,2.153605550816024,0.0,5.415882217282086,2.740326556536264,0.0034687536464059,0.0248251364622054,0.0370736030660663,1,,
2026-07-28,2029.8304090511608,2039.3296153989368,2021.331119161045,2032.3302001953125,61728.0,0.0059391368977217,0.0236716296755437,0.0330368798565785,0.064500872503493,0.1268292359373326,0.1372532049703518,1968.94794921875,1944.5462866210937,1873.9499841308595,1,1,19.79672733187249,13.200953977197688,1,68.65050699048733,20.11961851450052,0.1312845013249702,2.235354401258224,0.0,5.649782929596221,2.750016084163908,0.0332320857252965,0.0199605187169602,0.0480550305455074,1,,
2026-07-29,2035.8298107816745,2045.8289748817808,2016.831398991472,2025.3306884765625,13065.0,-0.0034440819302283,0.0224633690672013,0.0376536450789295,0.0681064169846821,0.1301528135520993,0.13270272766739,1972.7476318359372,1946.829187011719,1875.004376220703,1,1,21.118640080798286,14.78449119791781,1,65.90883349497852,22.036314028346887,0.1281194178737628,2.367775288974402,-0.0034440819302283,5.965601039818202,2.783373814961396,0.062276996233636,0.0392483228852711,0.0718270164767715,1,,
2026-07-30,2011.331930775796,2026.3306774631624,1980.834479178152,1983.834228515625,644905.0,-0.0204887331224664,-0.0007554788510498,0.0176968845014353,0.0377408731046615,0.1033043182146364,0.1028671368249696,1974.447491455078,1948.042197265625,1875.988745117188,1,1,18.60339953015773,15.548272864365796,1,52.51798671030909,21.44204822610826,0.1494308479531072,1.2845016061518186,-0.0238622501771743,3.305811725310023,2.6813905057257417,0.0232814884185654,0.0029344815860321,0.0290066686330954,1,,
2026-07-31,1993.333372817881,1999.3328713064225,1972.8350863153648,1974.3349609375,22444.0,-0.004788337372943,-0.0208282125911775,0.0125640883574942,0.0311538976480862,0.0980213249139998,0.0903154918787643,1974.922448730469,1949.2320971679687,1876.8656353759768,1,1,15.662988585045696,15.571216008501777,1,50.012968957241526,20.473150943536265,0.1507116051637226,1.070244381317522,-0.0285363270457915,2.728843072828417,2.649475228279937,0.009514293200161,-0.0078156058203169,0.0147412994057862,0,,
2026-08-03,1978.83458811648,1990.3336269054328,1970.8352567850336,1975.8348388671875,14731.0,0.0007596876717288,-0.0220242791887377,0.0055979351308264,0.0354518249618518,0.0958090651070551,0.1017875380818951,1976.372326660156,1950.4919921875,1877.693791503906,1,1,13.300400601528054,15.117052927107034,0,50.4151322014224,19.46838950964254,0.1485202641071003,1.2096219267882409,-0.0277983180699158,3.1053086217036348,2.6142532179011795,-0.0115099330483866,-0.0134184377634406,-0.0045024355691004,0,,
2026-08-04,1980.3344494504977,1986.8339061136776,1957.836330231797,1969.8353271484373,9943.0,-0.00303644393789,-0.0307503539734189,0.0118130298346095,0.0147613974032319,0.0843647086461616,0.1152262410353504,1976.4473205566403,1951.4419116210936,1878.414473876953,1,1,10.819205085863132,14.257483358858256,0,48.72642537212078,18.28244127703989,0.1450764807843046,0.5603374064021004,-0.0307503539734189,1.292985471805039,2.560158214626222,-0.0144880617407563,-0.037054341073251,-0.0275344663581,0,,
2026-08-05,1970.835352755856,1976.334893314028,1958.836355174389,1963.8359375,12706.0,-0.0030456300411273,-0.0303628199219251,-0.0022859476114885,0.0174353681415857,0.0903634076133763,0.0972372411573909,1977.5972290039065,1952.051862792969,1879.096411743164,1,1,8.273368911197622,13.06066046932613,0,47.02996450093983,17.181203632480283,0.1404324476725796,0.6526401172196734,-0.0337023298127096,1.5272048497052877,2.557467062628895,-0.0309034776653859,-0.0355515841163518,-0.0284831893481506,0,,
2026-08-06,1969.8354265427645,1989.333797516157,1956.8365125605023,1959.3363037109373,19615.0,-0.002291247299808,-0.0123487761490121,0.009531211446913,0.0193282583527925,0.063369070064349,0.0931968145248098,1978.32216796875,1952.6718115234376,1879.7583514404296,1,1,5.825539367688862,11.613636248998676,0,45.74359892822478,16.423675873588156,0.1314063932376315,0.7178786060415312,-0.0359163567403368,1.6930075495415815,2.5556907723780213,-0.0208902399717121,-0.0242208144639251,-0.0556156420361844,0,,
2026-08-07,1950.8369754556795,1963.335930962187,1931.338604865528,1960.336181640625,20380.0,0.0005103146038758,-0.0070903770504209,0.0079691270000725,0.0198484364491733,0.0580274556167796,0.0890474435680173,1979.9220336914063,1953.6917260742184,1880.354061279297,1,1,3.921098627220317,10.075128724643006,0,46.096425931297766,16.017086290522233,0.1312817425701568,0.7355009620466704,-0.0354243707778237,1.738571170857295,2.541453158839695,-0.0201219374830833,-0.0274468087335539,-0.0777350319539057,0,,
2026-08-10,1951.3368998373328,1957.3363983764173,1924.3391564114509,1926.3389892578125,58431.0,-0.0173425317051282,-0.0250506007059541,-0.0010370988023512,0.0016406510784925,0.0367415717197607,0.0832443247045759,1978.897119140625,1954.47166015625,1880.753543701172,1,1,-0.3276962014306264,7.994563739428281,0,37.23105469856439,15.931630402628713,0.1419940875822632,0.1137896022514808,-0.0521525542096033,0.1258347630494049,2.4981209757739284,-0.0244013297315349,-0.0459734582510085,-0.0786779020382668,0,,
2026-08-11,1934.8382755428163,1945.3373979682424,1924.3391531173904,1924.839111328125,5245.0,-0.0007786157774158,-0.0228426281121932,-0.011299438924974,0.0037308226422549,0.0320471481600626,0.0824008935825648,1977.722216796875,1955.421579589844,1881.1180346679687,1,1,-3.772438010845008,5.641163389373623,0,36.89393648777691,15.852278647983582,0.1376334902295308,0.1826818845361746,-0.052890563185479,0.2821541243278291,2.504177246459566,-0.0387448350718826,-0.0355522656528413,-0.0754733695054232,0,,
2026-08-12,1920.8394620315528,1935.338250266565,1918.839629171552,1932.3385009765625,7292.0,0.0038961124617127,-0.0160387310986549,-0.0082114418231993,0.00241508464733,0.0239920516613549,0.0892202969888265,1977.4222412109373,1956.3714990234373,1881.483783569336,1,1,-5.830077143008566,3.3469152828971858,0,39.827719780649005,16.022389815125194,0.1384221356570124,0.1393618744609117,-0.0492005183061002,0.1826476783236032,2.507653112345422,-0.0347364365319747,-0.0316382661499541,-0.0873940648663875,0,,
2026-08-13,1936.338119538168,1959.3361968680813,1936.338119538168,1947.837158203125,37415.0,0.008020674027211,-0.0058688983029779,0.0049006651294032,0.0178461189099128,0.0227230163219771,0.109522180455833,1976.4598205566408,1957.541398925781,1881.8932861328128,1,1,-6.139387827991868,1.449654660719375,0,45.46988962415774,14.913774081103066,0.1401915801029373,0.6447261547554654,-0.0415744655981924,1.3496637434990166,2.5102508672667194,-0.0249022369592173,-0.0352907384044894,-0.0950500601290506,0,,
2026-08-14,1954.3366468453112,1960.8361035884648,1939.837858725968,1943.8375244140625,116323.0,-0.0020533717473344,-0.0084162386947093,-0.0118185234106339,0.0200195575228947,0.018217713269574,0.1020669954198649,1974.210009765625,1958.131350097656,1882.3440216064453,1,1,-6.6308198312744935,-0.1664402376793987,0,44.315075678035015,13.959348500431288,0.1299198546518502,0.716519600086931,-0.0435424695124569,1.5140362498949638,2.5100656933202017,-0.0444295570145438,-0.0319944901695117,-0.1111958400442828,0,,
2026-08-17,1937.338150674061,1939.8379418362213,1925.839111328125,1925.839111328125,5966.0,-0.0092592168120444,-0.0002594963464245,-0.0316741553765205,0.0076671998021515,0.0043192195370378,0.102386599473601,1971.710223388672,1958.5513159179689,1882.8009869384769,1,1,-8.376050851171613,-1.8083623603778416,0,39.45852786941164,13.547039005018052,0.1260882493519645,0.3103986779529836,-0.0523985171587537,0.5798538964894393,2.4986364104656715,-0.0684938064611129,-0.0455747383917453,-0.1185431719713407,0,,
2026-08-18,1930.338654950536,1937.3380699128013,1923.33923998827,1926.3389892578125,7555.0,0.0002595637022568,0.0007792224923426,-0.0250506007059541,0.0016406510784925,0.0043180299580194,0.1004686795451728,1968.7604675292969,1958.661306152344,1883.2629498291017,1,1,-9.608067218794986,-3.368303332061271,0,39.65632607693399,13.282940587487124,0.1248608721158282,0.1138044269509896,-0.0521525542096033,0.1240789264910683,2.516284341039907,-0.0572673108765667,-0.0350404127690098,-0.1125488222020226,0,,
2026-08-19,1923.839265441895,1928.338889503479,1914.8400173187256,1919.839599609375,6486.0,-0.003373959456088,-0.0064682773545478,-0.0329891611811392,0.0026109930220308,-0.0091417021480079,0.0951919860933625,1965.710723876953,1958.3113354492189,1883.7024127197265,1,1,-10.982298393659676,-4.891102344380952,0,37.92152965722652,13.438111787308172,0.1231236717788813,0.1457252086323172,-0.0553505530622567,0.1886877635623161,2.502544699618516,-0.0591177024663013,-0.0342161187616387,-0.1248655141791483,0,,
2026-08-20,1909.5,1918.0,1900.0,1916.75,16378.0,-0.0016093009072235,-0.0159598342562695,-0.032352260393729,0.0020440350106247,-0.0043141902331196,0.0829305911993598,1962.2815185546876,1957.9595678710937,1884.2064038085937,1,1,-12.18028462891766,-6.348938801288295,0,37.09088075224575,14.214371532165336,0.1230977010819508,0.1270726536951044,-0.0568707782742218,0.1437669797430654,2.5196822494888877,-0.0516265843724667,-0.0227586972510001,-0.1086846996442971,0,,
2026-08-21,1913.5,1921.0,1905.5,1910.0,4287.0,-0.0035215860179992,-0.0174075888488994,-0.0379453041182051,-0.0064189267278155,-0.0024469082122523,0.0691531065306081,1956.96494140625,1957.137829589844,1884.5691772460937,0,1,-13.518532709203557,-7.7828575828713475,0,35.2730202565718,14.737339019904198,0.1224740858670917,-0.1529728593790126,-0.0601920889546178,-0.4265628143918406,2.500578529831044,-0.0725466565077815,-0.0285538793974481,-0.1129972823884098,0,,
2026-08-24,1915.0,1920.5,1907.5,1908.0,4287.0,-0.0010471204188481,-0.0092630330452799,-0.0537270486823053,-0.0131060238511298,-0.0096970308276017,0.067436205838252,1951.3483825683595,1956.371083984375,1884.9369470214845,0,1,-14.572504479122928,-9.140786962121664,0,34.729885415902444,15.222951687090283,0.1049519928536875,-0.3782313988991227,-0.0611761810080684,-0.8569363836541444,2.505321851202308,-0.0841428016540761,-0.0324160014706468,-0.1104621288097377,0,,
2026-08-25,1918.0,1925.5,1913.0,1922.0,14574.0,0.0073375262054506,-0.0022524536345932,-0.0486708208481009,-0.0032872164199777,-0.0062982105569151,0.0654365139863621,1945.8318725585937,1956.004326171875,1885.397209472656,0,1,-14.115388293400656,-10.135707228377465,0,41.51829116172867,15.315415643319762,0.1094441458533158,-0.0486988182448711,-0.0542875366339138,-0.2149343983515968,2.5156648027554835,-0.0819835698942206,-0.0205287375184737,-0.1193381959285517,0,,
2026-08-26,1921.5,1926.0,1917.5,1921.75,10409.0,-0.0001300728407908,0.0009950833345733,-0.0544105481405952,0.006499388766304,-0.0020425734117568,0.0730282624065545,1940.6528381347655,1955.8525512695312,1885.853721923828,0,1,-13.616332725744542,-10.83183232785088,0,41.43541649742487,15.364429291265294,0.1056040630294843,0.2753768668847409,-0.0544105481405952,0.4249620455924059,2.5147792827748456,-0.0855401547444336,-0.0086672800047463,-0.1093358989003657,0,,
2026-08-27,1911.0,1918.0,1903.0,1905.0,62854.0,-0.0087160140496942,-0.0061301682535541,-0.0594128599152735,0.0093558624647083,-0.0135576905694133,0.0576246209798243,1936.7111267089845,1955.31578125,1886.190245361328,0,1,-14.40634522714504,-11.54673490770971,0,36.21893707104232,16.138740068906834,0.1076691600122218,0.3721350247576094,-0.0626523190882444,0.5973194662817061,2.476631450116517,-0.1102052348110966,-0.0096364250144987,-0.1179638511826006,0,,
2026-08-28,1905.0,1909.5,1898.0,1898.0,10685.0,-0.0036745406824146,-0.006282722513089,-0.043266835142697,0.0110032417171381,-0.0253820750444498,0.0588806470903389,1932.8943786621091,1954.7989965820316,1886.3930493164064,0,1,-15.419530574656848,-12.321294041099138,0,34.27682499195518,17.085247496832064,0.0867670820102838,0.4277482189434989,-0.0660966412753217,0.6658880988918999,2.4731437344314258,-0.0776637236723384,-0.0044134676817827,-0.131405917442146,0,,
2026-09-01,1879.5,1887.0,1870.0,1880.5,54852.0,-0.0092202318229716,-0.0144129979035639,-0.0475273764553827,-0.0023039215368803,-0.0440613215833662,0.0441674091491235,1928.12763671875,1953.642236328125,1886.488358154297,0,0,-17.433627008466146,-13.343760634572542,0,29.95269114013708,19.00581737730812,0.0898087886238159,-0.0181083775907218,-0.0747074467430151,-0.1233569950113059,2.474690299377804,-0.0659696407184773,-0.0147173366897955,-0.1437188752192935,0,,
2026-09-02,1880.5,1886.5,1864.0,1874.0,19627.0,-0.0034565275192768,-0.0249739854318418,-0.0515401575394696,-0.00812037299844,-0.0402927668789339,0.0388283180075144,1923.335870361328,1952.105498046875,1886.7554620361327,0,0,-19.331467496396957,-14.541302006937425,0,28.5138451214179,20.97126410502375,0.0891838975562129,-0.2131725271967984,-0.0779057459167297,-0.416933200110618,2.4552427573271167,-0.0608244295102072,-0.021103383809942,-0.1436539399650094,0,,
2026-09-03,1873.5,1896.0,1870.5,1877.5,28733.0,0.0018676627534686,-0.0230258878626251,-0.0468746427053388,-0.0192442128765389,-0.0245149253755009,0.0467141144108571,1919.019073486328,1950.358781738281,1887.0775567626956,0,0,-20.318875656497998,-15.69681673684954,0,30.45119263326893,22.042907773322955,0.0904227003130045,-0.6078321647504085,-0.0761835848231911,-0.9880766880741468,2.434344586233293,-0.0491429114318615,-0.0668317785669035,-0.1461857821957678,0,,
2026-09-04,1877.5,1891.0,1873.5,1886.0,12235.0,0.0045272969374168,-0.0099737532808399,-0.0396346436144184,-0.0098910208724994,-0.0235226320532281,0.0564577168001338,1915.3522583007807,1948.8670581054687,1887.4471508789063,0,0,-20.182869221745023,-16.594027233828637,0,35.05450244417412,23.03800546531508,0.0933598161048556,-0.2828693241698981,-0.0720011935960257,-0.507845512210381,2.454827060673352,-0.0401334599594163,-0.0521461162061908,-0.135956881888894,0,,
2026-09-07,1876.0,1879.0,1864.5,1864.5,9232.0,-0.0113997879109225,-0.0176501580611169,-0.0484022592401924,-0.0293306537052452,-0.0317722794984887,0.04135280830116,1910.56044921875,1946.4403784179688,1887.7292401123048,0,0,-21.561406981163827,-17.587503183295677,0,29.69976952339573,24.2972323728884,0.0989936877719681,-0.9541150111886432,-0.0825801831706204,-1.4207114851817109,2.426842552823682,-0.0504162009531569,-0.0734838565469589,-0.1480335010407998,0,,
2026-09-08,1864.0,1879.5,1860.5,1873.5,13808.0,0.0048270313757039,-0.0037224142515288,-0.0442965765024807,-0.0329514675936258,0.0012332988470662,0.0394151480195443,1907.9184997558596,1944.563666992188,1888.0938208007813,0,0,-21.67779517465533,-18.40556158156761,0,34.22892939923484,25.61015654956145,0.1016540332287798,-1.090742634548032,-0.0781517689300924,-1.5960956388600829,2.4520239522565297,-0.0351882175251242,-0.0864753167904611,-0.1180784677780383,0,,
2026-09-09,1867.5,1875.0,1849.5,1850.0,4496.0,-0.0125433680277555,-0.0128068303094983,-0.0396290526659717,-0.043600633594386,-0.0271796825162071,0.0292316260809759,1904.176544189453,1942.5269287109372,1888.288413696289,0,0,-23.39658597953121,-19.40376646116033,0,28.97899109234821,27.202793652157165,0.0936526175348644,-1.4374967216247054,-0.0897148505581376,-1.9439650525876988,2.4325732264299327,-0.0262388210897948,-0.0768886514569597,-0.1404879732922445,0,,
2026-09-10,1859.5,1860.0,1844.0,1844.0,11954.0,-0.0032432432432432,-0.0178428761651131,-0.0419978536659859,-0.0548857733044432,-0.0184655376002331,0.0237584257673471,1899.759619140625,1940.4201879882808,1888.492998046875,0,0,-24.95522167019476,-20.51405750296722,0,27.806329708742226,28.85588034768944,0.0936676067378747,-1.8592822616081095,-0.0926671267184896,-2.369158306243805,2.4393056704633818,-0.0259053451938756,-0.0773167181125291,-0.1286541250475879,0,,
2026-09-11,1844.0,1852.0,1838.5,1841.5,28922.0,-0.0013557483731019,-0.023594909862142,-0.0470096212080102,-0.0538638813200499,-0.016130932031001,0.0201057745956094,1894.4427612304687,1938.253447265625,1888.6350927734372,0,0,-26.091415197977085,-21.629529041969192,0,27.31043281603212,30.56113214699341,0.0912197520437336,-1.8232287716491051,-0.093897241785303,-2.2945884346995213,2.4154089120509634,-0.0367850720023162,-0.0679757370407089,-0.147114654426068,0,,
2026-09-14,1850.0,1855.0,1836.0,1843.0,24862.0,0.0008145533532446,-0.0115312416197371,-0.0538223422638867,-0.050165433090443,-0.0213416070880486,0.0164335539105395,1889.4008850097655,1935.8167309570315,1888.739698486328,0,0,-26.56459912774403,-22.61654305912416,0,28.13852706283572,31.845419617919838,0.0841108695708338,-1.6913746469797517,-0.093159172745215,-2.1370354265238576,2.4282102240880814,-0.032682248714037,-0.0657421701010565,-0.1526529519019727,0,,
2026-09-15,1832.0,1841.5,1824.0,1837.0,9218.0,-0.0032555615843733,-0.0194822524686415,-0.0549621679138367,-0.0478603072430284,-0.0276252518457488,0.0103393132444467,1884.9589294433597,1933.6199853515625,1888.814304199219,0,0,-27.11122928208897,-23.515480303717126,0,26.822249272556533,33.426296753479754,0.0841123467272767,-1.6135490078289092,-0.096111448905567,-1.9918670559323812,2.4314575298464898,-0.031317173762784,-0.0709085623028911,-0.1456066228334469,0,,
2026-09-16,1837.5,1851.0,1834.0,1842.0,34152.0,0.0027218290691344,-0.0043243243243242,-0.0435338086317639,-0.0465041466619224,-0.0285773916921754,0.0144837077280639,1880.7419799804688,1931.0932763671876,1888.958898925781,0,0,-26.83168049381652,-24.17872034173701,0,29.770531225181045,33.985462215251275,0.0825195509538926,-1.5631192230312771,-0.0936512187719403,-1.935425889135388,2.4488747867634157,-0.0199155121144585,-0.0557476866041912,-0.140407211954068,0,,
2026-09-17,1843.5,1852.0,1838.0,1850.5,6638.0,0.0046145494028229,0.003524945770065,-0.0393694929504759,-0.0381212900356983,-0.0176197687929446,0.0295097967907276,1877.275,1929.2865209960937,1889.091007080078,0,0,-25.628823973160703,-24.46874106802175,0,34.59484494682502,34.41105593987551,0.0854195388658984,-1.262062282562502,-0.089468827544775,-1.5865452214122897,2.432592671281693,-0.0332600208939926,-0.058125776321498,-0.1524509144026857,0,,
2026-09-18,1846.0,1849.208984375,1833.0,1836.0,6133.0,-0.0078357200756552,-0.0029866956285636,-0.0436701064122406,-0.0527967836492091,-0.0065988913651151,0.0180456665931363,1873.2375,1927.1097705078123,1889.1981036376956,0,0,-25.55104380486182,-24.685201615389765,0,30.718281991486847,35.0104026789362,0.0877579132518488,-1.7888587751397926,-0.0966034949322923,-2.18612312656226,2.4104294320723163,-0.0368086402453636,-0.0766032214096467,-0.1461536117394829,0,,
2026-09-21,1840.0,1845.5,1831.5,1844.0,7242.0,0.0043572984749455,0.0005425935973955,-0.0379548715273249,-0.0547646567954358,0.011685851980637,0.0219150218054298,1869.9375,1925.4229931640623,1889.3551983642576,0,0,-24.56074830200828,-24.66031095271347,1,35.04309602914992,35.628805724525115,0.0905751404341427,-1.8672878802697368,-0.0926671267184896,-2.267605608974263,2.3839689722042663,-0.0538612665593648,-0.1057684091457421,-0.1559898436872798,0,,
2026-09-22,1844.0,1856.5,1838.5,1849.0,8407.0,0.0027114967462038,0.0065323897659226,-0.031937172774869,-0.0589544503006504,0.0200243049434014,0.0212912169878256,1866.9875,1923.4662475585935,1889.6422686767576,0,0,-23.10612079063276,-24.34947292029733,1,37.66227073899243,35.10690268006282,0.0916713345034921,-2.0357783976136234,-0.090206896584863,-2.441089746533224,2.390803988112121,-0.0438996577829289,-0.1100066989297648,-0.1399647807723204,0,,
2026-09-23,1852.5,1857.5,1840.5,1844.5,10397.0,-0.0024337479718766,0.0013572204125948,-0.0332809224318658,-0.0592099356445956,0.0189469044708279,0.0247469624782066,1863.1125,1921.3895043945315,1889.910588378906,0,0,-22.06211210461902,-23.892000757161668,1,36.2457484376004,34.52741925814925,0.0917054263816093,-2.0448870173370173,-0.092421103705127,-2.451668467059215,2.402287031772129,-0.0411263803813199,-0.1024981131552835,-0.137545591110382,0,,
2026-09-24,1841.5,1844.9599609375,1833.0,1834.5,36604.0,-0.0054215234480888,-0.0086463118076195,-0.0455254942767949,-0.0762067653014958,0.0131428858042919,0.015525043556847,1858.75,1919.312744140625,1890.1526525878903,0,0,-21.790457298145384,-23.47169206535841,1,33.25268574932724,34.3915964959623,0.0865534278538624,-2.7494982891672546,-0.0973415639723803,-3.131520066590701,2.391225028694511,-0.0494659598228944,-0.1243672789621345,-0.1369711580320926,0,,
2026-09-25,1834.5,1840.5,1823.0,1822.75,5992.0,-0.0064050149904606,-0.0072167755991285,-0.0515155457265513,-0.0734930905530901,0.0111202473877702,0.009299949757952,1854.6375,1916.426032714844,1890.4034515380856,0,0,-22.266619973436264,-23.230677646973984,1,30.10678070157481,34.745377003220526,0.0873861888296127,-2.6629143619301003,-0.1031231047864029,-2.8506934749122523,2.36306483138914,-0.0603291320335287,-0.1121526821241778,-0.1586490596240661,0,,
2026-09-28,1830.0,1835.0,1815.5,1815.5,27857.0,-0.0039775065148813,-0.0154555314533622,-0.0469816272965879,-0.0698505664485727,0.009899099559619,0.0068180987363812,1850.5125,1912.9593579101563,1890.6204992675785,0,0,-22.964278821901416,-23.17739788195947,1,28.32608288149308,35.396835600480884,0.0846382926967328,-2.539224605102525,-0.1066904384801615,-2.618812608820264,2.3713118098457606,-0.0425253584928034,-0.0949868203271722,-0.1678017030837202,0,,
2026-09-29,1819.0,1829.0,1816.0,1822.5,33395.0,0.0038556871385293,-0.0143320713899405,-0.0397787144362487,-0.0650667554054366,-0.0001098344714148,0.0074884527910852,1847.6125,1909.8926611328125,1890.8900433349609,0,0,-22.69077189324139,-23.080072684215857,1,32.47860568963189,36.00176144079408,0.0870549581208606,-2.345787712322178,-0.1032461162930843,-2.4394596656025125,2.3848468606230044,-0.0357022815047669,-0.0898865197077499,-0.177289196945494,0,,
2026-09-30,1826.0,1831.0,1806.625,1808.5,52686.0,-0.0076817558299039,-0.01951748441312,-0.0382876894442967,-0.0724865891424094,-0.0067010258475609,-0.0016303192340673,1844.3375,1906.3559790039064,1891.059594116211,0,0,-23.334710659753,-23.13100027932329,0,28.87536666020179,36.95450453422457,0.0855792815725289,-2.611783486856944,-0.1101347606672389,-2.632650713995888,2.37139895941794,-0.0417390976098438,-0.0964395066389882,-0.1572241459286317,0,,
2026-10-01,1797.0,1810.0,1785.0,1792.0,18071.0,-0.0091235830799004,-0.0231670754974107,-0.0437566702241195,-0.0879645078089592,-0.0203363408253697,-0.0093721221390261,1840.0625,1902.579289550781,1891.119151611328,0,0,-24.889537776994075,-23.48270777885745,0,25.31126459742764,38.54486230480732,0.0891042384842569,-3.218387244783641,-0.1182535201082068,-2.975455027607862,2.3455804695166944,-0.0446645397825368,-0.113099305194927,-0.1640213021385541,0,,
2026-10-02,1796.5,1808.0,1792.5,1795.5,21199.0,0.001953125,-0.0149499382800712,-0.0436750998668442,-0.0777349405658502,-0.0337394494626939,-0.0147876272948846,1835.5375,1898.782607421875,1891.193709106445,0,0,-25.544863435493653,-23.895138910184688,0,27.35945580336165,40.021623091777016,0.0891528268846735,-2.845999528587052,-0.1165313590146682,-2.62943345547714,2.332908848067318,-0.0416686030152075,-0.1019658443348872,-0.180774587408976,0,,
2026-10-05,1795.5,1800.4849853515625,1786.0,1795.0,23200.0,-0.0002784739626845,-0.0112916551914072,-0.0482502651113467,-0.0880619455832837,-0.0281254364206963,-0.0119455714827003,1832.0625,1894.3559765625,1891.3182550048828,0,0,-25.807071704284223,-24.277525469004598,0,27.24451318488704,41.57831890745666,0.0861490168794632,-3.3362741826768345,-0.1167773820280309,-2.978750921857874,2.316637146740618,-0.0562931361424821,-0.1221607366040644,-0.1773035806743345,0,0.401901,0.423
