Date,open,high,low,close,volume,ret_1d,ret_5d,ret_21d,ret_63d,ret_126d,sma20,sma50,sma200,trend_sma,above_sma200,macd,macd_signal,macd_bullish,rsi,adx,vol_21,sharpe_63,drawdown,rs_ratio,rs_mom_21,rs_positive,score,score_pct
2024-05-23 04:00:00,263.4578035729113,263.4578035729113,256.30184306109027,257.7132873535156,364400,,,,,,,,,0,0,0.0,0.0,0,,0.0,,,0.0,0.5019112420999378,,0,,
2024-05-24 04:00:00,259.7169660473005,261.2369992611187,258.5325191053081,260.96063232421875,216400,0.012600611338478,,,,,,,,0,0,0.2590474620503755,0.0518094924100751,1,99.99999999692056,0.0,,,0.0,0.5048950474200523,,0,,
2024-05-28 04:00:00,263.3295037197575,263.3295037197575,259.4406066309617,261.12841796875,224900,0.0006429538549048,,,,,,,,0,0,0.4724373773282764,0.1359350693937153,1,99.9999999966968,7.142857142857142,,,0.0,0.5048667881652626,,0,,
2024-05-29 04:00:00,257.733017090413,258.59172753235384,257.27899216788694,257.7132873535156,191000,-0.0130783567786294,,,,,,,,0,0,0.361807234779917,0.1811095024709557,1,92.01531723724833,7.013013277624333,,,-0.0130783567786294,0.5017778139044774,,0,,
2024-05-30 04:00:00,259.09518438081625,260.7731461950273,258.20686405871635,259.3320617675781,239900,0.0062812997757542,,,,,,,,0,0,0.4001410394917002,0.2249158098751046,1,92.32801799794407,8.870186096651844,,,-0.0068792060823761,0.5083014017210172,,0,,
2024-05-31 04:00:00,260.38819104846414,261.9575639836391,256.6276119143813,260.2006530761719,551100,0.0033493402345761,0.0096516782203948,,,,,,,0,0,0.4949039704843017,0.278913441996944,1,92.49779315353553,8.494443564555791,,,-0.0035529066495135,0.5054006184837367,,0,,
2024-06-03 04:00:00,262.5497791229654,262.7768066931019,256.87436096523214,259.3616638183594,619800,-0.0032243933591008,-0.0061272403106105,,,,,,,0,0,0.4965805827984582,0.3224468701572468,1,90.41646907213487,8.902346433167745,,,-0.0067658440400081,0.5033606285318849,,0,,
2024-06-04 04:00:00,257.7133390987889,258.2068537159364,255.7195207675981,255.96627807617188,190000,-0.0130913169363588,-0.0197685871676972,,,,,,,0,0,0.2213781476815484,0.3022331256621072,0,82.34143822645498,8.418382398746537,,,-0.0197685871676972,0.4962162746100999,,0,,
2024-06-05 04:00:00,257.7626826091138,261.2074351743446,256.7756533591293,261.0593566894531,186200,0.0198974593511322,0.0129836896277202,,,,,,,0,0,0.4095263497442261,0.323691770478531,1,84.56782103779327,9.749922799771452,,,-0.0002644724761635,0.5001454061819669,,0,,
2024-06-06 04:00:00,260.15131299237925,260.8817050162236,258.3351827427238,259.0162353515625,214100,-0.0078262712503388,-0.0012178456217984,,,,,,,0,0,0.3892849044659101,0.3368103972760068,1,80.19949916868177,10.986353172151729,,,-0.0080886738931656,0.4962404748972285,,0,,
2024-06-07 04:00:00,256.5979531647416,258.66084034367134,255.2852177315089,256.03533935546875,137800,-0.0115085295408134,-0.0160080832675072,,,,,,,0,0,0.1311976538675594,0.2956878485943174,0,74.17906011975579,10.555864406842929,,,-0.0195041146915336,0.4911265762734407,,0,,
2024-06-10 04:00:00,254.21924882099097,257.9206084735583,253.5085865628284,257.7429504394531,176600,0.0066694351189293,-0.0062411435640692,,,,,,,0,0,0.0637171006526386,0.2492936990059816,0,75.32192430853775,11.082810336095784,,,-0.0129647610000915,0.492879160665473,,0,,
2024-06-11 04:00:00,255.62865039438097,257.4078486779544,253.92854367786123,257.012451171875,117200,-0.0028342162853828,0.0040871520403629,,,,,,,0,0,-0.0481518452987188,0.1898045901450415,0,73.81672892638838,11.572117270402003,,,-0.0157622323487118,0.4903014237619367,,0,,
2024-06-12 04:00:00,263.5361038349077,265.39436342188753,260.2050881594484,261.0848083496094,345100,0.0158449801134772,9.749376723755532e-05,,,,,,,0,0,0.1896106852458388,0.189765809165201,0,76.6215083846242,12.967017532106585,,,-0.0001670044933441,0.4940129300339188,,0,,
2024-06-13 04:00:00,260.5214074754267,260.78827364339014,257.32875662390484,259.03875732421875,254000,-0.0078367295221973,8.695197282015954e-05,,,,,,,0,0,0.2105133190003698,0.1939153111322347,1,72.42380784949262,12.961890916360192,,,-0.0080024252464981,0.4891564951420794,,0,,
2024-06-14 04:00:00,256.3106821435816,256.5973362975912,253.88900806253352,255.1838836669922,431000,-0.014881455180862,-0.0033255397111194,,,,,,,0,0,-0.0830202747200132,0.1385281939617851,0,65.17870049958918,12.338332792568972,,,-0.0227647926947162,0.4815841771078775,,0,,
2024-06-17 04:00:00,254.5809741845481,258.32714624806687,253.50358510166205,257.2003173828125,349400,0.0079018850518464,-0.0021053264724231,,,,,,,0,0,-0.1511955258062585,0.0805834500081764,0,67.03632357469249,11.719996084174545,,,-0.0150427924179726,0.4815570012018441,,0,,
2024-06-18 04:00:00,257.19038829659854,259.1771189615532,257.0124473556671,258.149169921875,541500,0.0036891577301214,0.0044228158784409,,,,,,,0,0,-0.1271942176915104,0.039027916468239,0,67.90401010215277,11.411558041707798,,,-0.0114091299217825,0.4821086448438336,,0,,
2024-06-20 04:00:00,258.02066164016605,259.6614646941119,255.2728180111708,256.3699645996094,232600,-0.0068921597648525,-0.0180586675257126,,,,,,,0,0,-0.2488711761562285,-0.0185519020566544,0,64.47678511821977,10.66960777836631,,,-0.0182226561404361,0.4800900547712227,,0,,
2024-06-21 04:00:00,256.1129672684998,257.378190995669,254.38320879504013,257.21014404296875,239200,0.003277214804283,-0.0070592265811454,,,,258.373983001709,,,0,0,-0.2743431261822024,-0.069710146881764,0,65.36574808656582,10.273455707363937,,,-0.0150051608946298,0.4823099387093998,,0,,
2024-06-24 04:00:00,257.2101695658435,259.27599198510063,256.8839997794753,257.1706237792969,274000,-0.0001536497085639,0.0077855234576542,,,,258.346849822998,,,0,0,-0.2943259784192946,-0.1146333131892701,0,65.2829912430199,9.826064313146343,,,-0.0151565050645953,0.4838085683653981,,0,,
2024-06-25 04:00:00,257.29911407163496,257.5659802491862,255.93507105718152,257.3287658691406,347100,0.0006149306150124,0.000499410294805,-0.0014920514511443,,,258.16525650024414,,,0,0,-0.2940125936212894,-0.150509169275674,0,65.47137579199337,9.169817390536595,0.1536394116067732,,-0.0145508946485636,0.4822489538779806,-0.0391748312703505,0,,
2024-06-26 04:00:00,256.0043133456481,257.3980084009885,255.3123977302249,256.458984375,226300,-0.0033800398925588,-0.0065473212537794,-0.0172502952231732,,,257.93178482055663,,,0,0,-0.3598007720885334,-0.1923674898382459,0,63.43263002670243,8.777736552911543,0.1469167239787626,,-0.0178817519367379,0.4800199601619295,-0.0492678377124735,0,,
2024-06-27 04:00:00,257.3287346737802,260.0666841935433,256.6961530154798,259.9678649902344,220600,0.0136820342784467,0.014034016801633,-0.0044443764012482,,,258.0445137023926,,,0,0,-0.1273332187084292,-0.1793606356122826,1,67.79018564460739,8.804785510279357,0.1552249196543821,,-0.0044443764012482,0.4858216448351972,-0.0377231059291449,0,,
2024-06-28 04:00:00,261.3516984781446,262.6366499284967,257.86252952153444,259.4934387207031,603200,-0.0018249419771519,0.0088771564054368,0.0069074877181074,,,258.05258255004884,,,0,0,0.0184046004012543,-0.1398075884095752,1,66.63399386504405,9.568293251025487,0.1481649898748013,,-0.0062612076493433,0.4868508021195643,-0.0297482498653371,0,,
2024-07-01 04:00:00,260.36324821852617,260.5609168018236,256.8147758954142,257.6351623535156,249900,-0.0071611689927451,0.0018063438482671,-0.0065433460193723,,,257.924308013916,,,0,0,-0.0158616572275036,-0.1150184021731609,1,62.16187422942404,9.87111993851402,0.1487230722290756,,-0.0133775390760129,0.4823717141091082,-0.0510124259427886,0,,
2024-07-02 04:00:00,257.9218419304099,258.7718802680848,256.9334084226409,258.20849609375,218000,0.0022253706947332,0.0034187014484683,-0.0076562335984555,,,257.86664962768555,,,0,0,0.0032083442185353,-0.0913730528948216,1,62.987248302024405,10.152316148324797,0.1484290157916595,,-0.0111819383647069,0.4802134580699984,-0.0498360300573095,0,,
2024-07-03 04:00:00,258.7520755463629,259.8097064474343,257.80318799702167,258.1392517089844,139700,-0.0002681723716034,0.0065517975050835,-0.004713156491127,,,257.9752983093261,,,0,0,0.0125888976298256,-0.0705806627898922,1,62.80904934006893,10.73252460966804,0.1480540560763842,,-0.01144711204938,0.4779517552042833,-0.050478467896287,0,,
2024-07-05 04:00:00,257.80320597260896,258.6038346114077,256.0932053356992,258.3468322753906,303300,0.0008041418150552,-0.0062355118964593,0.0093002649298605,,,257.83967208862305,,,0,0,0.0363540043447301,-0.0491937293629677,1,63.14566009358813,10.559761946955025,0.1404178785045539,,-0.0106521753357853,0.4755934926317497,-0.0415600677236038,0,,
2024-07-08 04:00:00,260.05690103735867,261.51976354351734,259.50338060293086,260.1260986328125,299400,0.0068871227943883,0.0024380574523517,-0.003574888364376,,,257.8951652526856,,,0,0,0.1964948770998376,-5.600807040667677e-05,1,65.98731044395926,11.276572778639991,0.1240223911663781,,-0.0038384153809618,0.4783171215942161,-0.0436438769964611,0,,
2024-07-09 04:00:00,260.01735563473284,260.0865532302904,257.8922293031622,258.7126159667969,289000,-0.0054338364102821,0.0041820906876166,-0.0011722021376517,,,258.02902908325194,,,0,0,0.2069656629996075,0.0413483261435961,1,61.90380137541084,11.306295480880747,0.1224211062700592,,-0.0092513944699892,0.4752557945642477,-0.0422873211567974,0,,
2024-07-10 04:00:00,259.6812063809646,260.916748046875,258.4357707290577,260.916748046875,342100,0.0085196157591362,0.0104886244802018,0.0190653708339421,,,258.18771896362307,,,0,0,0.3886388872521138,0.1108064383652996,1,65.49011615833206,11.582116759510068,0.1183464897914867,,-0.0008105970369732,0.4746084490842255,-0.03363313652165,0,,
2024-07-11 04:00:00,265.8589340120225,269.69406044777526,265.25597394969543,269.3184509277344,796600,0.0322007036487743,0.0433068552912401,0.0449110265423164,,,258.803018951416,,,0,0,1.196767838205119,0.3279987183332635,1,75.10898107703012,13.713157930955129,0.1597597851778274,,0.0,0.4941520019226234,0.0025824610953966,1,,
2024-07-12 04:00:00,271.79944180399826,274.6955445821989,271.443590075278,272.68902587890625,845600,0.0125152025030632,0.0555152678947006,0.0609953900503741,,,259.3832298278809,,,0,0,2.0851566951625387,0.6794303136991187,1,77.78422370084938,16.359735325748744,0.1625596508532331,,0.0,0.4972003568301411,0.0140707995813491,1,,
2024-07-15 04:00:00,274.8042617689374,279.1929087777067,274.0234210481387,277.9573669433594,825900,0.019319959970786,0.0685485555054474,0.0646248194232601,,,260.3291603088379,,,0,0,3.177691905097958,1.1790826319788867,1,81.18766179358748,19.287980492167957,0.166452717822835,,0.0,0.5054162360117379,0.0230830111613395,1,,
2024-07-16 04:00:00,280.1714825059232,286.9027121043871,280.1714825059232,286.4282531738281,740600,0.0304754873872254,0.1071290516833096,0.1057351267915791,,,261.89137878417966,,,0,0,4.673193983630654,1.87790490230924,1,85.13181637215975,22.610617141950463,0.1866035545524495,,0.0,0.5177486930345374,0.0584520458716453,1,,
2024-07-17 04:00:00,283.3839198686308,288.2371022087216,280.893047938024,281.2983093261719,494300,-0.0179100482959094,0.0781151897372076,0.1023357168325655,,,263.09627838134764,,,0,0,5.382401584563979,2.5788042387601884,1,74.89152592407768,25.78291596960375,0.1908869884363088,,-0.0179100482959094,0.5157066580640801,0.0708546554854085,1,,
2024-07-18 04:00:00,280.56682887043786,284.2833179722857,274.03326835851124,275.2984619140625,493600,-0.0213291271692372,0.0222042380153624,0.0703659494490942,,,263.95374298095703,,,0,0,5.398090349177437,3.1426614608436383,1,65.03783908151165,26.76367600863172,0.2105856790568857,,-0.0388571697674361,0.5086157591962625,0.0561901455630102,1,,
2024-07-19 04:00:00,275.8322201745084,276.08922250929965,272.82737421438753,274.03326416015625,654400,-0.0045957312841842,0.0049295650124436,0.0615306810519218,,,264.8369079589844,,,0,0,5.2479379610368255,3.563716760882276,1,63.150939523894166,27.37305327890103,0.2123541814103161,,-0.0432743239409052,0.5096627669146098,0.0571533457561241,1,,
2024-07-22 04:00:00,275.27869335202536,279.0347280895553,272.8768075041113,278.4713439941406,487200,0.01619540550154,0.0018491218866885,0.0862089263422434,,,265.899967956543,,,0,0,5.424526498839441,3.935878708473709,1,66.79063185403963,28.279435961754235,0.2139507882768642,,-0.0277797636633931,0.5126317667630963,0.0677825163601455,1,,
2024-07-23 04:00:00,277.57189256527425,282.810577857981,277.3247841993052,281.3971252441406,349300,0.0105065792696485,-0.0175650546827662,0.0940358759611412,,,267.11129302978514,,,0,0,5.7344570313191525,4.295594373042798,1,68.96681775162907,29.51634310761457,0.2150923001168066,,-0.0175650546827662,0.5188315715449485,0.0757223310248924,1,,
2024-07-24 04:00:00,279.27201703148825,282.385576607134,274.45835058362934,274.8240661621094,530700,-0.0233586575425334,-0.0230155779448907,0.0686448635671648,,,267.9860580444336,,,0,0,5.387583566959506,4.51399221182614,1,59.52894848517659,29.93502257927064,0.2353188914745313,,-0.0405134161282489,0.5184619976213503,0.0716263239674168,1,,
2024-07-25 04:00:00,275.28862384631884,281.73319940960755,274.5374047333515,276.8602294921875,618700,0.0074089702496324,0.0056729978339382,0.0759008172175326,,,269.006120300293,,,0,0,5.216848627573313,4.654563494975575,1,61.2958839288746,30.32379637437985,0.2355296023329378,,-0.0334046085734215,0.5250389258277207,0.0887300461839195,1,,
2024-07-26 04:00:00,281.4959783737911,283.79901510288425,278.9952428834506,281.67388916015625,403200,0.0173866057858793,0.027882107755847,0.098319444127122,,,270.09142150878904,,,0,0,5.407626313788796,4.805176058738219,1,65.16762844490682,30.940567055362663,0.2387456056585095,,-0.0165987955482399,0.5282513686909981,0.1004779228613705,1,,
2024-07-29 04:00:00,282.2966000195818,283.8780995762356,277.6311929179803,278.9062805175781,364200,-0.0098255775529285,0.0015618717430638,0.0728490635873597,,,271.0620635986328,,,0,0,5.274692742455216,4.8990793954816185,1,61.36664565511445,31.13702307663343,0.2413309667098511,,-0.026261280348224,0.5227537298936715,0.0760198427779037,1,,
2024-07-30 04:00:00,280.4877663268694,282.65243812734946,277.06779482770514,279.16326904296875,424900,0.0009214153403562,-0.0079384471295994,0.0758008773525737,,,272.13846893310546,,,0,0,5.130932559048858,4.945450028195067,1,61.59066961012171,31.16109868730197,0.2407594798730526,,-0.025364062554438,0.5258997350386037,0.0802071861626498,1,,
2024-07-31 04:00:00,281.10058639236433,286.9718529802802,278.83706548212126,280.675537109375,343100,0.0054171455707285,0.0212916977358672,0.0894302413746008,,,273.2618209838867,,,0,0,5.080464539637035,4.972452930483461,1,62.95209978915314,31.77288628144705,0.2376014233667476,,-0.0200843178028318,0.5202915477690007,0.0786112297855743,1,,
2024-08-01 04:00:00,280.7447939662815,282.2966419564857,270.03017737100737,271.9674987792969,763700,-0.0310252842829146,-0.0176722049312203,0.0532864057290789,,,273.9532333374024,,,0,0,4.288368708471808,4.835636086081131,0,51.60838839579586,30.253850828007177,0.2671531399987841,,-0.0504864804162852,0.5113911204016103,0.0649245909452775,1,,
2024-08-02 04:00:00,262.30059310476764,264.0303517300057,259.5132033948808,262.0732727050781,647900,-0.0363801782147799,-0.0695862030858439,0.0152399178739728,,,274.1395553588867,,,0,0,2.829627516214145,4.4344343721077335,0,42.28493514568377,29.01530791746456,0.2993977434588687,,-0.0850299514760836,0.5021356334213649,0.0505989944670148,1,,
2024-08-05 04:00:00,247.1380128848443,257.2694556894563,245.3192989669873,254.1361083984375,654100,-0.0302860502511931,-0.0888118118859624,-0.0162987246248276,,,273.84005584716795,264.54312591552736,,1,0,1.021328546066968,3.751813206899581,0,36.57638858631328,29.33012285027216,0.3182857941569548,,-0.1127407803440155,0.501534439549538,0.054544368919434,1,,
2024-08-06 04:00:00,256.17233387835506,261.2528665892395,253.35529225595025,257.7241516113281,898800,0.0141185887967767,-0.0767977732354922,-0.0092337794404663,,,273.7906326293945,264.5433432006836,,1,0,-0.1208433086732156,2.977281903785022,0,40.48771010640422,28.98921505522355,0.321396883102901,,-0.1002139322655436,0.5039689823927541,0.0536294011659903,1,,
2024-08-07 04:00:00,262.0139211302569,262.0139211302569,252.87092695789605,253.434326171875,568500,-0.0166450269120396,-0.0970558788915205,-0.0204021353005811,,,273.41651153564453,264.3928170776367,,1,0,-1.356538462871356,2.110517830453747,0,37.50934033691297,28.55266546166966,0.325990829032415,,-0.1151908955780619,0.4989152417900577,0.0497825539349874,1,,
2024-08-08 04:00:00,256.8642366902783,260.5412109158402,254.8774754870296,260.1458435058594,491300,0.0264822742655339,-0.043467161798737,-0.0029545996827966,,,272.9578811645508,264.3731655883789,,1,0,-1.7738248680036577,1.333649290762266,0,44.400496517656606,28.147297981941044,0.3381586092698911,,-0.0917591382021187,0.5005560782286389,0.0546716544858827,1,,
2024-08-09 04:00:00,260.81792377937694,261.737159627771,258.9399062993885,260.6894226074219,369000,0.0020895167658145,-0.0052803938508203,-0.0320402419165403,,,272.35790100097654,264.43268829345703,,1,0,-2.037181697335882,0.6594830931426366,0,44.930181122500805,27.56032487636222,0.3175768263874035,,-0.089861353693994,0.4993998272091661,0.0106198604197185,1,,
2024-08-12 04:00:00,261.2034407456477,261.4505491153338,257.93172834417163,259.2562255859375,268500,-0.0054977183467955,0.0201471456369066,-0.0492605092913929,,,271.42284393310547,264.43117156982424,,1,0,-2.334628756819029,0.0606607231503034,0,43.74681082548351,27.137185301367424,0.3137693598253255,,-0.0948650396279183,0.496393433657071,-0.0016229336161674,0,,
2024-08-13 04:00:00,261.26273957345586,263.9611436158437,259.8097411796334,263.4076232910156,978400,0.0160127213751402,0.0220525381271161,-0.0523452348550582,,,270.27181243896484,264.4953109741211,,1,0,-2.209900239976889,-0.3934514694751351,0,48.01763467463955,26.274481329383395,0.3111070945553177,,-0.0803713657005815,0.4961820041649818,-0.0182705484881605,0,,
2024-08-14 04:00:00,264.5739875940599,264.63329118626945,260.5609201454469,261.5394897460937,384600,-0.0070921772178855,0.0319813171982152,-0.0868935349496751,,,269.2838714599609,264.53886749267576,,1,0,-2.2360193173738026,-0.7619650390548687,0,46.31362692916703,25.347240913947683,0.2874464972175982,,-0.0868935349496751,0.4911137229597733,-0.0514438190440538,0,,
2024-08-15 04:00:00,267.4107654526055,269.7434536664949,265.93797925745804,268.4486083984375,585300,0.0264171145208369,0.0319158083815054,-0.0456799792309979,,,268.9413787841797,264.7885140991211,,1,0,-1.6798465160889575,-0.9455413344616864,0,52.96204939845577,23.58271628136432,0.3014088700686869,,-0.0627718968927241,0.4955929447904261,-0.0390022369483441,0,,
2024-08-16 04:00:00,268.043392582644,270.40576315566534,267.3218554241238,268.75506591796875,283800,0.0011415872906161,0.0309396646395321,-0.0237683710638977,,,268.67746887207034,264.9424282836914,,1,0,-1.2005082911187517,-0.9965347257930997,0,53.23866315624249,21.962553958413437,0.2932409470086468,,-0.0617019692018085,0.4950488181426935,-0.0266742443745904,0,,
2024-08-19 04:00:00,268.88354072594274,272.30351189639333,268.88354072594274,272.2343444824219,537000,0.0129459087685257,0.0500590443571911,-0.0065646033274376,,,268.3656188964844,265.2067904663086,,1,0,-0.5337281064008152,-0.9039734019146428,1,56.37528114420817,20.778132106443728,0.2967912237237669,,-0.0495548484974078,0.4967084053012966,-0.0254175161582551,0,,
2024-08-20 04:00:00,271.81919970162977,272.19480924028,268.4090922213531,269.48651123046875,304500,-0.0100936318566908,0.0230778739943191,-0.0322648378637513,,,267.7700881958008,265.4758139038086,,1,0,-0.22443998056508,-0.7680667176447302,1,53.33262067889256,19.587792829589304,0.2924935049642055,,-0.0591482919566518,0.4924956676387337,-0.0392798504304711,0,,
2024-08-21 04:00:00,271.4040505135974,273.7367692020826,269.66442810810906,273.4797668457031,413100,0.0148180166680746,0.0456538211923607,-0.0281358894180897,,,267.70287322998047,265.7905502319336,,1,0,0.3389878022088055,-0.5466558136740232,1,56.96744421056157,18.75910851528845,0.2950744189753882,,-0.045206735664679,0.4980817368093769,-0.0399933926028901,0,,
2024-08-22 04:00:00,274.06293954686583,274.66589965395,270.0103864193183,270.4650573730469,246800,-0.0110235192439561,0.0075114897657302,-0.0158610883316574,,,267.38311462402345,266.05960235595705,,1,0,0.5360670723501357,-0.3301112364691914,1,53.57483528529012,18.157476076618487,0.2863643816009472,,-0.0557319175880791,0.4964878463933901,-0.0423833402038631,0,,
2024-08-23 04:00:00,272.7285694454597,278.7777773031598,272.0860635744664,277.9672546386719,548600,0.0277381386656443,0.0342772653949337,0.003998498262155,0.0785910866030477,,267.1977828979492,266.3972512817383,,1,0,1.2828307602047744,-0.0075228371343982,1,59.964524723808026,18.29380055294757,0.301777206255394,1.400696156952993,-0.0295396785805952,0.504894831303373,-0.0383668591668525,0,,
2024-08-26 04:00:00,279.94412786566045,280.4482385867447,277.611409196823,277.9573669433594,260300,-3.55714392522577e-05,0.0210224116718933,-0.0131944151013717,0.0651314126110171,,267.1503372192383,266.7756234741211,,1,0,1.8524941096362115,0.3644805522197236,1,59.95281282961702,18.67916478447951,0.2953604227155423,1.1918656355554489,-0.0295741992509653,0.5060832627206935,-0.0419650705784955,0,,
2024-08-27 04:00:00,276.26715717104696,277.0578918878091,275.08102493130787,276.2572631835937,225700,-0.0061164191417604,0.025124641386353,-0.0094978762366646,0.0579364181521377,,267.00503692626955,267.1970910644531,,0,0,2.142079691920173,0.7200003801598136,1,57.860251955713885,18.428753766756355,0.294156589314985,1.0745868968910717,-0.0355097301943249,0.5022981404577369,-0.0391304514270903,0,,
2024-08-28 04:00:00,275.0711751415295,276.34623267501235,272.57043952056137,273.598388671875,393000,-0.00962463205882,0.000433749917005,-0.0199341424470753,0.0616386585320654,,266.6511795043945,267.5250524902344,,0,0,2.132447868650331,1.0024898778579172,1,54.64771843479369,17.632527680000397,0.2958728482943144,1.136943543492316,-0.0447925941655166,0.5003684698733183,-0.0485477810012801,0,,
2024-08-29 04:00:00,275.6938861604977,278.8865070725246,274.08273472292046,275.8223571777344,244600,0.0081285877327537,0.0198077336004935,-0.0172910684758017,0.0635875691488365,,266.8439224243164,267.8785162353516,,0,0,2.278010761215171,1.257594054529368,1,56.80788525474607,17.35330464872733,0.2967376777910102,1.1675005709388415,-0.0370281069642149,0.5043905484173009,-0.0305617099103049,0,,
2024-08-30 04:00:00,276.95908175624635,278.0858802728225,274.21123780316094,277.56201171875,327500,0.0063071556592297,-0.0014578800673793,0.0205705202443806,0.0667229633643375,,267.618359375,268.3023571777344,,0,0,2.5048713867391257,1.5070495209713195,1,58.47408265159061,17.094026119688056,0.2760685454215467,1.216963655474814,-0.0309544933393751,0.5027723604201216,-0.0168535581429729,0,,
2024-09-03 04:00:00,275.9706108171042,277.1666067567239,267.47994156712866,267.9642944335937,352100,-0.0345786414564596,-0.03595181743034,0.0224785292590479,0.0331684740473405,,268.3097686767578,268.5174401855469,,0,0,1.8884357812910932,1.5833267730352745,1,47.57090642977505,16.322024565276827,0.2730395157324288,0.6533306389826226,-0.0644627704691861,0.495585889022766,-0.0130437753520326,0,,
2024-09-04 04:00:00,266.5508340530046,270.57373485164,265.295504396528,268.0235900878906,194000,0.0002212819227362,-0.0298043678592123,0.0546458422495403,0.047105080022028,,268.8247406005859,268.73449951171875,,1,0,1.3886829143308432,1.5443980012943883,0,47.635868986778014,15.992932359140232,0.2480175824841673,0.876174657022104,-0.0642557529922442,0.4967122058924998,-0.0096149601637912,0,,
2024-09-05 04:00:00,268.1027267319128,268.77488452185764,264.90021144030663,266.1654052734375,314900,-0.0069329151730405,-0.0271674969816866,0.0327530563563152,0.0195589564332618,,269.46129455566404,268.9112322998047,,1,0,0.8330819317779401,1.4021347873910988,0,45.72388348308233,15.75774190218411,0.2464716094984757,0.4403974390480329,-0.0707431884804097,0.4944712274669877,-0.0188459116683584,0,,
2024-09-06 04:00:00,266.6991147408981,267.9643083219572,259.74053496277617,260.6894226074219,283600,-0.0205736078300259,-0.0548647858902936,0.0286271261874233,0.0064597775254835,,269.4884735107422,268.99584106445315,,1,0,-0.0485423205799406,1.111999365796891,0,40.55757510588459,16.385122735176243,0.2504889780316816,0.2259015938101898,-0.089861353693994,0.4925884569576575,-0.0126810814792915,0,,
2024-09-09 04:00:00,262.00405050108344,264.8210917446843,261.0946784939859,262.6761779785156,369500,0.0076211583547278,-0.0536306594985988,0.0097265996586997,0.0259371953878093,,269.5878112792969,269.0500073242188,,1,0,-0.580232775638251,0.7735529375098626,0,43.07084410983735,16.96769065152608,0.2347811775243965,0.54102939068437,-0.0829250429457383,0.4908469311677316,-0.0193967219322674,0,,
2024-09-10 04:00:00,262.73546105048644,263.6349390005934,259.20674682266485,262.14239501953125,254400,-0.0020320950422387,-0.0217263998786421,0.0055735763943802,0.0170691170120349,,269.7321197509765,269.1029864501953,,1,0,-1.032768008943208,0.4122887482192485,0,42.55030883385163,17.801992585172364,0.2348781525554199,0.3984429532940882,-0.0847886264193296,0.487725057829429,-0.0233775999582941,0,,
2024-09-11 04:00:00,260.9760725579188,264.37628590829,257.8822711520932,264.04022216796875,194800,0.0072396803588221,-0.0148620049399966,0.018452774166634,0.0273440876659862,,269.76374969482424,269.23108764648435,,1,0,-1.2241553507290632,0.0849999284295862,0,45.091196118580335,18.77798973535113,0.2350138340941933,0.563537940522218,-0.0781627886138469,0.486267494416287,-0.0203990193145451,0,,
2024-09-12 04:00:00,265.44374592046404,269.02189974097763,263.40757577190425,267.3909606933594,300000,0.0126902579382737,0.0046044880200071,0.0151223315125657,0.0241536548358096,,270.0563232421875,269.4147369384765,,1,0,-1.0928568290118506,-0.1505714230587011,0,49.35052537953583,18.465229732810577,0.2326047512953878,0.5132168870580461,-0.0664644366242577,0.4883249986512618,-0.0158349263934763,0,,
2024-09-13 04:00:00,270.70225501658246,274.7152922753843,270.1981443213744,274.0234069824219,263800,0.0248043025533257,0.0511489274924665,0.0477324370726874,0.0578471338149912,,270.3350631713867,269.7324200439453,,1,0,-0.4484493735075148,-0.2101470131484639,0,56.53729706489473,17.313015511969116,0.2448590114557537,1.0334587676244236,-0.0433087380659964,0.4978374297143866,0.0136907327982851,1,,
2024-09-16 04:00:00,274.5769457016484,275.7333959846393,272.74833772509265,274.4187927246094,517600,0.0014428903959027,0.0447037673399306,0.0222395800886805,0.0753766608659276,,270.6182495117188,270.05385925292967,,1,0,0.0930795397089809,-0.1495017025769749,1,56.92964314629079,16.43422873440128,0.228659577217543,1.3092551345773502,-0.0419283374323078,0.4978206328701444,0.0044949955465172,1,,
2024-09-17 04:00:00,276.46488685407274,279.33133822868194,275.0711918741084,276.4450988769531,703800,0.0073839919351923,0.0545608193453646,0.0286135367633648,0.0748240969916729,,270.8287872314453,270.3802392578125,,1,0,0.677936249798222,0.0159858878980644,1,58.97365835200955,16.258873617169147,0.2296779379632534,1.301081399401787,-0.0348539440025715,0.501291724122436,0.0126106875745395,1,,
2024-09-18 04:00:00,275.8322748782311,283.20598100461456,275.1403593002292,276.4450988769531,598500,0.0,0.0469810114804896,0.0154673885932241,0.0708734758303313,,271.17671661376954,270.7348889160156,,1,0,1.1284315497279636,0.2384750202640442,1,58.97365835200955,16.702481218224356,0.2258558505291246,1.240955662190894,-0.0348539440025715,0.5027828424867193,0.0122293827134616,1,,
2024-09-19 04:00:00,283.11699985599154,284.1647369516784,279.74643800492464,282.4646301269531,715500,0.021774780144246,0.0563731451299134,0.0481586957255359,0.1017851898840707,,271.625959777832,271.1658465576172,,1,0,1.948714616057828,0.580522939422801,1,64.73902516710291,17.256322154207716,0.2332962973955143,1.6900542898114574,-0.0138381008261414,0.505111416134531,0.0256159583215898,1,,
2024-09-20 04:00:00,282.60302370799155,282.60302370799155,279.96389300828224,280.7250061035156,369600,-0.0061587322372207,0.0244563017257997,0.0264927798548997,0.0914227630797428,,272.13895721435546,271.3939776611328,,1,0,2.4304055337792647,0.9504994582940938,1,62.02623035735746,17.77060302333512,0.2304652588805843,1.534627669156921,-0.0199116079057023,0.5028698490099822,0.009613105333428,1,,
2024-09-23 04:00:00,282.009951788881,282.5931239182417,278.4812370505125,279.5092163085937,269400,-0.0043308923982127,0.0185498359403277,0.0334392879560496,0.0868629247035142,,272.21605529785154,271.53038146972654,,1,0,2.68311569326778,1.297022705288831,1,60.12983627166087,17.857514138183127,0.2270803342872714,1.4657299672096886,-0.0241562652726,0.4994439509420442,0.0059540320475677,1,,
2024-09-24 04:00:00,280.29990288361165,280.6557545583946,277.4631041294122,280.2900390625,242300,0.0027935492225208,0.0139085127613649,0.0083563239376793,0.0892293293204378,,272.3326889038086,271.5770349121093,,1,0,2.912819021460507,1.6201819685231662,1,60.95547861592826,17.670722084509098,0.2065011133468345,1.500789809608316,-0.0214301977661504,0.4994101936502754,-0.0108629308779792,0,,
2024-09-25 04:00:00,280.78622837258865,280.78622837258865,277.30030292090044,277.6667175292969,176000,-0.0093593105983269,0.0044190280721434,-0.0010456618482852,0.082694444127122,,272.4031616210938,271.4018041992188,,1,0,2.850323683105671,1.8662103114396675,1,56.706718584227474,17.452899399618182,0.2092998036322388,1.4001244099516803,-0.0305889364874003,0.4958296412795051,-0.0202607400728195,0,,
2024-09-26 04:00:00,280.914972570171,281.77654858133127,277.90438275847845,278.9937438964844,419800,0.0047792057290678,-0.0122878614179366,0.0099055520979083,0.0731855027811407,,272.67292938232424,271.355712890625,,1,0,2.874737430972516,2.0679157353462374,1,58.29050670987069,17.458646632012602,0.2086682592392497,1.2629356168065844,-0.025955921578839,0.4962318787400991,-0.0120770140859164,0,,
2024-09-27 04:00:00,281.8062287885579,283.5095850637781,279.8156704643426,280.6772766113281,340800,0.0060343027457576,-0.0001700222322549,0.0258732808106658,0.0816353507628588,,272.9156753540039,271.4632891845703,,1,0,2.9954033767135684,2.2534132636197035,1,60.27594696291922,17.819758333383085,0.2060801842604608,1.3892185521088962,-0.0200782447219333,0.4999514031497934,-0.0008335191936263,0,,
2024-09-30 04:00:00,279.91473662681733,282.3113311284458,278.4292524095631,281.2516784667969,448500,0.0020464850678458,0.0062340060954533,0.0196841233053632,0.0916665097168518,,273.10015869140625,271.60765747070315,,1,0,3.10162780271088,2.423056171437939,1,60.958795022265626,17.722239185289517,0.2046118434853093,1.5415401422629047,-0.0180728494820994,0.4989750390525768,-0.0107367383899582,0,,
2024-10-01 04:00:00,280.34057988736294,280.34057988736294,275.42858699945174,277.56768798828125,306400,-0.0130985546418722,-0.0097126215520334,2.045045536336332e-05,0.0749750383407303,,273.5803283691406,271.58958435058594,,1,0,2.855626299975768,2.509570197145505,1,54.48931703811247,16.771848238986824,0.2092694070214688,1.284782839266794,-0.0309346759174959,0.4968905477393276,-0.0116987590087074,0,,
2024-10-02 04:00:00,276.5080163535599,278.7956595692616,275.26023019552,278.05291748046875,248300,0.0017481483370931,0.0013908759199097,0.0376491318300438,0.077143114189911,,274.0817947387696,271.5227001953125,,1,0,2.6690550957854957,2.541467176873503,1,55.16426537148519,15.843048427871816,0.1670262766826605,1.31726608628013,-0.0292406059826665,0.4975491796851023,0.0039615548098186,1,,
2024-10-03 04:00:00,275.93363872445354,277.7558289977781,274.3194077709629,275.4978942871094,225700,-0.009188981782717,-0.0125302078840594,0.0278867401065994,0.066387738764438,,274.5484191894531,271.5361767578125,,1,0,2.288644979120079,2.490902737322818,0,50.88490841128789,14.713687843248652,0.1712837062860488,1.1526530308676337,-0.0381608963696933,0.4938801093597278,-0.0057016849982239,0,,
2024-10-04 04:00:00,279.69688490773945,280.83575018002244,277.5082797960732,280.13262939453125,217500,0.0168231235284572,-0.001940474923273,0.0524757306711025,0.0769108938582878,,275.5205795288086,271.60162475585935,,1,0,2.3342438993718133,2.459570969732617,0,57.34844612952788,14.469375831031456,0.1764715374640438,1.3027748743466672,-0.0219797583148202,0.497666233809043,0.0064614605756176,1,,
2024-10-07 04:00:00,279.77609185998585,279.77609185998585,275.8048879317509,277.458740234375,215000,-0.0095450828628407,-0.0134859221217755,0.064326804897667,0.0724592583068466,,276.25970764160155,271.51732177734374,,1,0,2.13006677967769,2.393670131721632,0,53.01385736538479,13.742680393399748,0.161833098647735,1.2345611477195189,-0.0313150425632408,0.4974128074701799,0.0097938764994995,1,,
2024-10-08 04:00:00,277.61717759871595,279.62753167652335,277.29038437206896,278.7560729980469,235200,0.0046757682334173,0.00428142417577,0.0612156577854823,0.0683717127578447,,277.0903915405273,271.5143176269532,,1,0,2.049315618276637,2.3247992290326334,0,54.79897641427795,13.067891772741737,0.1610984498654286,1.1751482689070505,-0.0267856962110687,0.4950565769406286,0.0085762902966146,1,,
2024-10-09 04:00:00,278.5678777895001,280.9248506260516,277.75580593077643,279.4492492675781,186500,0.0024866768356868,0.0050218203058685,0.0660208137899915,0.0376164288222573,,277.8608428955078,271.5200372314453,,1,0,2.017991127360574,2.2634376086982217,0,55.76598588494567,12.800982555253505,0.1601191887528698,0.7262538276377655,-0.0243656267456777,0.4928738047249394,0.0105566585371363,1,,
2024-10-10 04:00:00,275.943591712248,277.5082886211188,274.2699435670866,277.36962890625,202500,-0.0074418534556048,0.006794006988634,0.050482485694175,0.0171646182396143,,278.3597763061524,271.4539190673828,,1,0,1.804556456054172,2.171661378169412,0,52.16061289026746,12.251996333534793,0.1633772269806565,0.3999731029103021,-0.0316261547776873,0.4900634984961393,0.0078064113341753,1,,
2024-10-11 04:00:00,277.3597168449194,283.70768968815,277.3597168449194,283.5096130371094,194300,0.0221364687802019,0.0120549457229492,0.0602812163206769,0.0199751715696796,,278.8340866088867,271.68476135253906,,1,0,2.10657011767978,2.158643126071486,0,60.31786240478265,12.527838000288977,0.1738185292205521,0.444555109487386,-0.0101897773853596,0.4979300890095492,0.0196694627242439,1,,
2024-10-14 04:00:00,283.8067271096383,285.90623707189326,282.78669571813896,285.7081604003906,181200,0.0077547542029676,0.0297320609148847,0.0426414427389347,-0.0025140424013985,,279.39855499267577,272.1574591064453,,1,0,2.494566706421097,2.225827842141408,1,62.76608077665946,13.213046231954344,0.155780602620726,0.0745061457855976,-0.0025140424013985,0.4977209351582155,-0.0002340012004278,0,,
2024-10-15 04:00:00,285.27239381672825,287.81753075944897,283.7572010860267,285.2030639648437,328500,-0.0017678754251859,0.0231277148420798,0.0392985886030654,0.0138811877256759,,279.8364532470703,272.77879821777344,,1,0,2.7298319340076205,2.3266286605146504,1,61.82240212428389,14.198816440238808,0.1563307278413482,0.3512140219959683,-0.0042774733128051,0.5007314708865799,0.0058471622593327,1,,
2024-10-16 04:00:00,287.8967650661793,290.09528313803634,286.807403819357,289.8774108886719,294500,0.0163895396453537,0.0373168353410338,0.0485894380702967,0.0529568849504156,,280.50806884765626,273.4218634033203,,1,0,3.255929722376493,2.512488872887019,1,66.79749598724443,15.5031815321894,0.1632815269828654,1.0044406602129403,0.0,0.5067357038074278,0.0108599033716785,1,,
2024-10-17 04:00:00,290.21411550079,290.3329796362,287.59967874464604,288.59991455078125,547200,-0.0044070227272081,0.040488519557154,0.0439682805852104,0.0531565043217221,,280.81483306884763,274.12517517089844,,1,0,3.529101447308051,2.7158113877712258,1,64.33014674178558,16.75449692273022,0.1647746352545059,1.007771282996407,-0.0044070227272081,0.5044592338172674,0.0033342254128179,1,,
2024-10-18 04:00:00,289.2931366842029,289.8972494021291,287.6096057946097,287.7581481933594,172400,-0.0029167242087791,0.0149855065256425,0.0187404634131611,0.0333492274860933,,281.16649017333987,274.67742126464844,,1,0,3.6357577451973375,2.8998006592564485,1,62.68704363439181,17.916432642518124,0.149083485049495,0.6841272262788256,-0.0073108928661101,0.501060546367897,-0.0080197549238426,0,,
2024-10-21 04:00:00,287.7382771777535,287.7382771777535,283.4303971796486,284.7772216796875,216700,-0.0103591385070661,-0.0032583553770341,0.0144348222925236,0.0120118371238309,,281.42989044189454,275.15917724609375,,1,0,3.4400925274080123,3.007859032886761,1,57.1228231951594,17.61776348239194,0.1522746279095808,0.3211635848608749,-0.017594296821366,0.4966856503654678,-0.0122978115643429,0,,
2024-10-22 04:00:00,283.6581638202397,284.05428691180606,282.1825924596968,283.0045471191406,464000,-0.0062247765115874,-0.0077086017770625,0.0125052435004071,0.0297662467165662,,281.5656158447265,275.6341436767578,,1,0,3.1061802975020214,3.0275232858098136,1,54.05035420307314,16.978562731716245,0.1532056248137306,0.6316264160733067,-0.0237095527673619,0.4938561763621995,-0.0111879913037391,0,,
2024-10-23 04:00:00,281.8755892650965,282.5886229048241,277.61718300313146,279.9246520996094,470900,-0.0108828464096538,-0.0343343717558071,-0.0013036030966806,0.0110684825084577,,281.6785125732422,275.9644842529297,,1,0,2.563480454308205,2.9347147195094925,0,49.10812603637669,16.305507634526883,0.1580283027305154,0.3062884259081491,-0.0343343717558071,0.4929862930179277,-0.0128629745928778,0,,
2024-10-24 04:00:00,281.58837342255066,282.59849177019044,279.0729451189152,280.4197998046875,512100,0.0017688606607677,-0.0283441343315241,0.0099150604000644,-0.004452274079106,,281.7498153686523,276.34209045410154,,1,0,2.148573779227433,2.7774865314530808,0,49.90123850448793,15.677858589075669,0.1543975082460787,0.0305626430367206,-0.0326262438145502,0.4927924884079376,-0.0061253959398837,0,,
2024-10-25 04:00:00,282.2519348732239,283.74730187710605,279.58796389716946,280.13262939453125,574900,-0.001024073230051,-0.0264997493440364,0.0040821184093269,0.0043969926911553,,281.7225830078125,276.5757708740234,,1,0,1.7761110947587897,2.577211444114223,0,49.42019934884939,14.774490019955916,0.1536850251546364,0.1887506589789338,-0.0336169053817136,0.4924579156370675,-0.0076052411477746,0,,
2024-10-28 04:00:00,282.65798410504345,285.28233382626786,282.65798410504345,284.55938720703125,293500,0.0158023641232649,-0.0007649294117394,0.013831225108682,0.0193296137509835,,281.8879684448242,276.8918572998047,,1,0,1.8171866963032244,2.4252064945520235,0,56.39782983440438,13.919660497522807,0.161835562121793,0.4515729385191157,-0.018345767837988,0.4986982261432559,-0.0025065976385749,0,,
2024-10-29 04:00:00,282.3608471542315,284.0542907714844,281.2219819171581,284.0542907714844,339900,-0.0017750123814379,0.0037092819286108,0.0099647842813437,0.012037934252862,,282.2122985839844,277.1282562255859,,1,0,1.7883671619561596,2.2978386280328507,0,55.457746621990594,13.121436208429488,0.1619773797684791,0.3239384347110728,-0.0200882162543665,0.4970085692798973,-0.0039410183251116,0,,
2024-10-30 04:00:00,283.2322760208423,286.28245646481577,282.4301170974442,282.6083679199219,348600,-0.0050903045598621,0.0095872792917057,0.0181601827221813,0.0391255175283282,,282.44007110595703,277.390693359375,,1,0,1.6300632290871135,2.1642835482437035,0,52.74718851526087,12.59554575714596,0.1557485152298988,0.8178921958022386,-0.0250762656754295,0.49597920172964,-0.0018340981003439,0,,
2024-10-31 04:00:00,282.6975138878366,283.1134627261126,277.6666877911817,277.7261047363281,347900,-0.017275720529893,-0.0096059374917018,-0.0011753616797191,0.0597269300668625,,282.55148162841795,277.4756201171875,,1,0,1.0979914239704271,1.9510251233890483,0,44.78721988392594,12.493544755228411,0.1679145708730238,1.230061085071426,-0.0419187756475805,0.4971566477943862,-0.0007889308368763,0,,
2024-11-01 04:00:00,280.25147281234297,282.7768143858641,279.7959327324272,280.8456726074219,447300,0.0112325338450105,0.0025453772180406,0.0194113219418632,0.1050994460303484,,282.5871337890625,277.683232421875,,1,0,0.9174677438783192,1.7443136474869028,0,49.98123208238718,12.398829539162117,0.1687377391103522,2.132141679286669,-0.0311570958687728,0.5006280459822139,0.0136631066823771,1,,
2024-11-04 05:00:00,279.85531596105784,284.37118550378585,279.12248676139467,282.1132507324219,291400,0.0045134329941123,-0.0085962248464841,0.007070298601671,0.0946325711758468,,282.81985931396486,277.76615234375,,1,0,0.8666936826223264,1.5687896545139877,0,51.95884709902536,11.846405033978971,0.1592887569638158,1.951955987170188,-0.0267842883391553,0.5039731631173752,0.0126730103026282,1,,
2024-11-05 05:00:00,281.23186056613656,287.6095413837288,280.7862032474355,287.5203857421875,473400,0.0191665403724483,0.0122022271210524,0.0362635738175456,0.1344966172703687,,283.25807495117186,277.95741271972656,,1,0,1.248374989452998,1.50470672150179,0,59.343296010228734,11.515066427114766,0.1675758367662752,2.692106903656006,-0.0081311101105067,0.5074959805255331,0.0202712372981221,1,,
2024-11-06 05:00:00,301.464135672623,307.0000359194686,297.6810957185979,302.90008544921875,843000,0.0534908148072041,0.071801545292695,0.0866134042982484,0.1643472037345712,,284.4306167602539,278.4902691650391,,1,0,2.760057186653796,1.7557768145321917,1,72.35810518425178,14.007427067116607,0.24550965241087,2.941703533064501,0.0,0.5216708174272237,0.0537599977987706,1,,
2024-11-07 05:00:00,302.9991124557497,305.6333743568406,302.38511724238447,303.9201354980469,1052700,0.0033676122848078,0.0943160556930262,0.0875682661327796,0.1658322476540488,,285.7581420898438,279.0967041015625,,1,0,3.994341451186017,2.2034897418629567,1,72.97599864565443,16.321761947118326,0.2454567989802852,2.965433417437998,0.0,0.5194113724947776,0.0538425201652748,1,,
2024-11-08 05:00:00,303.5834364921167,306.77227705651444,302.7119778313412,306.7128601074219,315900,0.0091890081741323,0.0921046326256138,0.1057910749525132,0.1830491607838114,,286.9183044433594,279.7145141601562,,1,0,5.138635171995475,2.7905188278894606,1,74.64696267028698,18.57786409363844,0.2423298709786436,3.2422705505472416,0.0,0.5219234101988524,0.0650118031652666,1,,
2024-11-11 05:00:00,309.95126157138174,311.2980861628532,308.3172046641993,310.5850524902344,376400,0.0126248126063455,0.1009233053885063,0.0955009573152676,0.1791042666487166,,288.1621490478516,280.3749749755859,,1,0,6.285494486107609,3.4895139595330904,1,76.78989315528491,21.070615812644597,0.2359663171210771,3.19018934524511,0.0,0.5280094942865666,0.0604088926155264,1,,
2024-11-12 05:00:00,308.14881927226963,310.72366437276355,303.969656210878,305.1679382324219,370100,-0.0174416450965,0.0613784391137346,0.0681106826096964,0.1668140001675591,,289.16039276123047,281.1190478515625,,1,0,6.680266948266194,4.127664557279712,1,68.11584216887366,22.293611497240043,0.2473941941116733,2.95637195739711,-0.0174416450965,0.520416787536572,0.0455995534347815,1,,
2024-11-13 05:00:00,307.4555939536727,308.653906246849,301.7612381143006,301.94940185546875,398900,-0.010546771052016,-0.0031386045743105,0.058717243979852,0.1247940663834941,,289.7639923095703,281.79756408691406,,1,0,6.656683873468069,4.633468420517383,1,63.524553115895536,22.91929540518514,0.2514760113569113,2.316741386421626,-0.0278044631109127,0.5146780559178302,0.0278524235885493,1,,
2024-11-14 05:00:00,303.0486868258112,303.41510142277656,296.04709744285486,296.7007141113281,521600,-0.0173826730965109,-0.0237543372204936,0.0235385820569398,0.103981847180842,,290.16903228759764,282.40827026367185,,1,0,6.143648722757803,4.935504480965467,1,56.80071421779225,22.32230258491648,0.2557223174533639,1.9367741753349808,-0.0447038203145426,0.5090044834203079,0.0044772444409053,1,,
2024-11-15 05:00:00,297.0473135491969,297.31468980502336,290.16455851930937,291.1053771972656,427000,-0.0188585218974667,-0.0508863009679149,0.0086814393219216,0.0693190741628202,,290.33639373779295,283.01658935546874,,1,0,5.225333352586574,4.993470255289688,1,50.64633954782566,20.766086984470014,0.2644861421093916,1.332523334508982,-0.0627192942377071,0.505885147504166,0.0028266182702387,1,,
2024-11-18 05:00:00,292.06600755979434,293.83866357587766,290.26361284695,291.5411376953125,286500,0.0014969166912763,-0.0613162631048403,0.0131464200951527,0.081839444817267,,290.6745895385742,283.59388854980466,,1,0,4.481069061241499,4.890990016480051,0,51.09079378388375,19.321029641198304,0.2642007043740977,1.552861399931399,-0.0613162631048403,0.5045749789179875,0.0070139877816484,1,,
2024-11-19 05:00:00,288.6196809041395,295.9975978953309,288.6196809041395,295.8985595703125,229800,0.0149461647486397,-0.0303746806292921,0.0390527649122656,0.0819760561564981,,291.3192901611328,284.2690118408203,,1,0,4.194490303791724,4.7516900739423855,0,55.41460508874588,18.33109270118041,0.2653315437346921,1.5549849944821053,-0.0472865413263365,0.510251171245927,0.0273120853611885,1,,
2024-11-20 05:00:00,295.6113350795053,296.49273681640625,292.5611543670953,296.49273681640625,371100,0.0020080437260545,-0.0180714550369415,0.0476606819027092,0.0962330575940533,,292.14769439697267,284.9180621337891,,1,0,3.96956108264294,4.595264275682497,0,55.98600218166155,17.49347699607964,0.263660261794679,1.806502269262633,-0.0453734510429191,0.5111026168229412,0.0349219900169741,1,,
2024-11-21 05:00:00,298.00794111273353,303.24672680366564,296.6016694821722,301.89990234375,431000,0.0182370927038659,0.0175233424968133,0.0785041620282906,0.0860988023074447,0.1714564873390553,293.2216995239258,285.60824096679687,,1,0,4.179438161329983,4.512099052811994,0,60.89724188911405,17.721495592815966,0.2645421308270942,1.66051803042598,-0.0279638381720171,0.5176447490850509,0.0500185429419768,1,,
2024-11-22 05:00:00,303.12789840977604,307.77251470109326,302.98926893509275,307.2377319335937,254300,0.0176807927011712,0.0554175772761356,0.0956349449917048,0.1053412086616898,0.1773336429989946,294.5769546508789,286.2725274658203,,1,0,4.722052612923221,4.55408976483424,1,65.04394080959557,18.489135985987605,0.2687604019317237,1.971432223498499,-0.0107774682966944,0.5251694720035254,0.0657010493406422,1,,
2024-11-25 05:00:00,310.94155626316973,314.54631545426344,310.11957143416646,311.51593017578125,352100,0.0139247162621036,0.068514490402189,0.1120301510362458,0.1276298280300978,0.1929606612676728,295.9247817993164,287.0144702148437,,1,0,5.434646101577641,4.73020103218292,1,67.9752507064329,19.8997004770838,0.2698800930714433,2.336116688702516,0.0,0.5306821530327074,0.0776192973691796,1,,
2024-11-26 05:00:00,310.6840586827207,311.2584325879605,308.2280473483713,309.7135314941406,522300,-0.0057858957024238,0.046688202686385,0.0883968177398712,0.1320005684155483,0.2017755649102182,297.2077438354492,287.6798388671875,,1,0,5.787231463081071,4.941607118362551,1,65.48382496813679,20.82000322209911,0.2695604066696428,2.415243136685015,-0.0057858957024238,0.5248710228400534,0.0524822333923424,1,,
2024-11-27 05:00:00,311.49617050594736,313.1797012867995,308.6341228451144,310.02056884765625,275200,0.0009913591829016,0.0456261835500768,0.0914130816529759,0.1239863657893591,0.1954579265463396,298.57835388183594,288.3513482666016,,1,0,6.022015207980132,5.157688736286068,1,65.71435867974564,21.873169600692435,0.2689604062901719,2.286064021016417,-0.004800272420358,0.5269881640333567,0.0603200761646747,1,,
2024-11-29 05:00:00,311.83283092832306,313.1796553554778,311.43670787458643,312.30816650390625,220000,0.0073788576827433,0.0344758778633362,0.105091716860981,0.1251833944061626,0.200258964809286,300.30745697021484,288.94821899414063,,1,0,6.31982205524605,5.390115400078065,1,67.45827431700569,22.85110980938624,0.2669306912745298,2.304979073589271,0.0,0.527599363027377,0.0637529984875719,1,,
2024-12-02 05:00:00,312.5360165642849,312.8133057817499,309.9314623668864,311.4466552734375,315000,-0.002758529308128,0.0136992397169288,0.1214165682016945,0.1622692341595515,0.2008199310887948,301.83750610351564,289.5626519775391,,1,0,6.412401201468242,5.5945725603561005,1,66.09480151014162,23.40843293181365,0.2562564411432843,3.0844363765607734,-0.002758529308128,0.5252025574942156,0.0564126213020661,1,,
2024-12-03 05:00:00,311.3971686071802,311.82300024666785,308.85203122692417,309.68389892578125,236700,-0.0056598981488775,-0.0058810194681415,0.1026835345213621,0.155435231742957,0.2098621007944796,303.2160385131836,290.1661456298828,,1,0,6.271240183436476,5.729906084972176,1,63.27661010590134,23.67197805283115,0.2582467128843983,2.958857312390638,-0.0084028144620809,0.5219877682384889,0.0426658522783478,1,,
2024-12-04 05:00:00,310.57510502066293,312.9419909143225,309.7333548558153,311.793212890625,350800,0.0068111838302231,0.0067148548093829,0.1052058422677704,0.1714265141644273,0.1943383943197372,304.42967987060547,290.7962091064453,,1,0,6.2574411815081135,5.835413104279364,1,65.18932087623676,24.07023689762135,0.2583383980301635,3.2419324688328173,-0.0016488637458502,0.5223000086702034,0.0363647251362866,1,,
2024-12-05 05:00:00,311.55560366353194,311.5952250434525,307.1090331018764,307.3863525390625,345400,-0.0141339200770492,-0.0084969081838186,0.0690941156940723,0.1791285947261565,0.1867455031220235,304.6539932250977,291.39060180664063,,1,0,5.8237757111375,5.833085625650992,0,58.35130849373723,23.80019394285863,0.260907838864324,3.413990992977178,-0.0157594789144976,0.5157665550722872,0.0162968276875603,1,,
2024-12-06 05:00:00,309.32730988704617,311.1197916055078,309.19856309694933,309.9809265136719,228400,0.0084407585215731,-0.0074517423488676,0.0233768209538529,0.1800876992318096,0.2106958644615355,304.95703277587893,292.0103454589844,,1,0,5.624616064677639,5.7913917134563215,0,60.94854836286987,23.549439770578964,0.1883146477406819,3.428931465180155,-0.0074517423488676,0.5191359229850844,-0.0048591839095789,0,,
2024-12-09 05:00:00,311.7733968955037,312.1794328255639,306.3662132415563,306.89111328125,475900,-0.0099677527490892,-0.0146270377769441,0.0097755213827293,0.1707038583300679,0.1906867394743445,304.9659454345703,292.5346221923828,,1,0,5.158000288201947,5.664713428405447,0,56.43507714778597,22.63070528114421,0.1919823720417615,3.246686569842199,-0.0173452179726734,0.5166217663002715,-0.0053707068081845,0,,
2024-12-10 05:00:00,306.8911463222102,307.72301384570613,304.4054264285683,304.8114624023437,257500,-0.0067765105892799,-0.0157335804035626,-0.0061992761060368,0.1544129901861632,0.185979360192567,304.6772659301758,293.00581787109377,,1,0,4.567739421270346,5.445318626978427,0,53.5601177072273,21.333489782066792,0.1908754689869832,2.957603789968379,-0.0240041885086882,0.5147211499504091,-0.0137994581344784,0,,
2024-12-11 05:00:00,307.78241292410115,308.56474612892725,305.37590569622944,306.5148010253906,279300,0.0055881711587295,-0.0169292070738115,-0.0131051106040324,0.1463169892900679,0.1740047341818049,304.7446090698242,293.58476013183594,,1,0,4.189109180113746,5.194076737605491,0,55.5571264843881,20.30164506367425,0.1864099046990614,2.8301692878245546,-0.0185501568638717,0.513626823553525,-0.027239416882977,0,,
2024-12-12 05:00:00,305.59381860240944,306.4158035107898,301.6820613906147,301.9593505859375,353700,-0.0148620896094207,-0.0176553119821262,-0.0105141702141745,0.101947289507672,0.1656917818208894,304.74510650634767,294.0628887939453,,1,0,3.4813246634664665,4.851526322777687,0,49.43454692930793,19.175249365562795,0.1836607271130738,2.062609375192117,-0.0331365523797128,0.5086139363431461,-0.0226796127182895,0,,
2024-12-13 05:00:00,301.7414595737659,302.79119933520167,298.6714528165134,300.1866455078125,304300,-0.0058706745616095,-0.0315963989011026,-0.0058379196541678,0.0938997381606523,0.1763542477453148,304.9194030761719,294.55666381835937,,1,0,2.7457070483115444,4.430362467884459,0,47.252282856406914,18.7139540785328,0.1811149655851934,1.9091094157849595,-0.0388126930262072,0.5057284781558968,-0.0173886911614553,0,,
2024-12-16 05:00:00,299.6717097953649,304.6332068773838,299.33500364254024,303.2962951660156,485300,0.0103590539577225,-0.0117136598606552,0.0222297444562695,0.097130303261459,0.1792220874851979,305.52894897460936,295.0199371337891,,1,0,2.3861415727241706,4.021518288852401,0,51.31253983857067,17.8551022074846,0.1733128455158638,1.9647138077473512,-0.0288557018497879,0.5087948013141084,-0.0004119454995573,0,,
2024-12-17 05:00:00,301.5165280082273,302.87792855150747,298.76388601160306,299.8371276855469,284700,-0.0114052414605833,-0.0163193820783249,0.0299951535500639,0.084617267239039,0.1614878629138654,305.9437484741211,295.4675048828125,,1,0,1.801293249275318,3.5774732809369847,0,46.98031865813859,17.17450671936979,0.1641782489262831,1.720638552897379,-0.0399318370632597,0.505072800443906,-0.0016057934577993,0,,
2024-12-18 05:00:00,301.6556075537627,302.63938706366025,284.0368261628341,287.1968994140625,586300,-0.0421569815888203,-0.0630243679806115,-0.0149009443936181,0.016753493295718,0.1202439406761148,305.50866546630857,295.6363214111328,,1,0,0.3142138944402859,2.9248214036376448,0,35.264090752844666,18.68737981650456,0.2231164015589142,0.4152495570162733,-0.0804054129321965,0.4986417108117276,-0.0117589423854969,0,,
2024-12-19 05:00:00,290.0886722713404,291.29107292397725,284.9113350315745,286.0938720703125,727000,-0.0038406659194454,-0.0525417692309868,-0.0331352998616749,0.0191250008017351,0.1122962242986751,304.9887222290039,295.7692138671875,,1,0,-0.9424483385579948,2.1513674551985167,0,34.45655864720547,20.092190549558268,0.2159791762200803,0.4590510175201143,-0.0839372685224543,0.4968791888148804,-0.0262066668037135,0,,
2024-12-20 05:00:00,284.2157574710487,292.21524455223926,283.3909474019984,289.025390625,730100,0.0102467016628968,-0.0371810506890853,-0.0251855956796344,0.0340460126577719,0.1238662735952329,304.3449966430664,296.0023291015625,,1,0,-1.6824192821165411,1.3846101077355053,0,38.488153862231485,21.56282888977105,0.2195285344248287,0.7293068471984424,-0.0745506470085054,0.4960129516224723,-0.0295237486637568,0,,
2024-12-23 05:00:00,289.25390409592967,289.4526615317532,285.2591343753441,287.99188232421875,272200,-0.0035758391279961,-0.050460269662772,-0.0460683157283544,0.0274781197629407,0.1191593032808124,303.38270416259763,296.0919744873047,,1,0,-2.3254408341735484,0.6425999193536944,0,37.60982925982272,22.92842163425435,0.2079929604277816,0.6102603374887235,-0.0778599050159111,0.4912971909967875,-0.0508989188721284,0,,
2024-12-24 05:00:00,289.0154206531028,290.943252549441,286.6702405963524,290.85382080078125,179100,0.0099375664809209,-0.0299606221354509,-0.0533264942092257,0.0474925601052382,0.134114375090437,302.34959869384767,296.1948876953125,,1,0,-2.5744291137610844,-0.0008058872692613,0,41.58523627587391,23.783026166864683,0.2002721322443382,0.9703676464077412,-0.0686960765172839,0.490725150092716,-0.0655870604576537,0,,
2024-12-26 05:00:00,289.1744020210824,294.77903385390726,288.44897078245606,294.3119812011719,286700,0.0118896853095125,0.0247742291146788,-0.0552265464077602,0.0549053075196233,0.1321090828369406,301.5795211791992,296.37706604003904,,1,0,-2.464302530343957,-0.4935052158842005,0,46.05786720623005,23.590403656782232,0.1982796375403514,1.0977898619070905,-0.0576231659395601,0.4965266358014712,-0.0643615336148888,0,,
2024-12-27 05:00:00,292.67230396895087,293.1890611331402,286.3621652544046,289.1147766113281,610500,-0.0176588277807531,0.0105591375276754,-0.0665090568805264,0.0300612151502521,0.1141506237562597,300.5342315673828,296.3618133544922,,1,0,-2.7645296185335724,-0.947710096414075,0,40.97957952467375,23.73043057321272,0.2048213381704775,0.6494110134954948,-0.0742644361568048,0.4929476278531235,-0.060821408684735,0,,
2024-12-30 05:00:00,286.7099591429153,287.9720112078699,282.4170837065739,286.5211486816406,366600,-0.0089709282939012,-0.0086644358059481,-0.0757995517954268,0.0187357822842855,0.1121197357699526,299.2448806762696,296.3202380371094,,1,0,-3.1751447547422917,-1.3931970280797183,0,38.68711628869123,24.40969717782764,0.205164851516536,0.4460719429811958,-0.0825691435191563,0.4941645400845552,-0.0622853152859879,0,,
2024-12-31 05:00:00,288.3695007755199,289.38309090679417,285.2293213385136,286.0143737792969,234000,-0.0017687172645912,-0.0068665426572531,-0.0841918193140828,0.0304310845842121,0.107687694658394,297.9732666015625,296.2853625488281,,1,0,-3.5010942724176743,-1.8147764769473096,0,38.23701426813826,24.676298833635403,0.2013720606707389,0.6577257049420149,-0.0841918193140828,0.4950916710917256,-0.0616143502318151,0,,
2025-01-02 05:00:00,288.2204311302022,290.85380018562626,284.9013883908588,286.9881896972656,300500,0.0034047796448166,-0.0132906320187671,-0.0785317972180447,0.0321351500202278,0.1117572697576592,296.8384811401367,296.3295819091797,,1,0,-3.6388859948334016,-2.1795983805245283,0,39.68908239838241,24.546954073513337,0.2030151270716035,0.6879784763432468,-0.0810736942619267,0.4980010118857922,-0.0517924850522514,0,,
2025-01-03 05:00:00,288.2204707314812,293.0996719626702,288.2204707314812,292.93072509765625,238400,0.0207065503519821,-0.0046931698053145,-0.0540976585681003,0.0632775464787374,0.1338661384684607,295.8953567504883,296.52810546875,,0,0,-3.2313252782352606,-2.389943760066675,0,47.76029872970968,23.870234408367864,0.2198340737733515,1.2219439387686857,-0.0620459004424004,0.5020357052299664,-0.0382232385939869,0,,
2025-01-06 05:00:00,294.92806923408153,296.08079550693583,292.8213741004981,293.3182373046875,451600,0.0013228800321374,0.0145390724840408,-0.059253937616719,0.0470691612706992,0.1276001863954765,295.1919509887695,296.7959771728516,,0,0,-2.84427445209758,-2.480809898472856,0,48.24668301547708,22.55859173348552,0.2177003058278369,0.9507427314605056,-0.0608050996930342,0.4998205390111579,-0.0430393821288249,0,,
2025-01-07 05:00:00,295.0871004251124,296.29944798508285,288.6874992496786,291.1817321777344,236200,-0.0072839150629894,0.0162661064202007,-0.0527174359807299,0.0494595770591594,0.1255026396358829,294.25199127197266,297.0112158203125,,0,0,-2.67904957619578,-2.520457834017441,0,45.7192415711079,22.08597747489118,0.2144817743386346,0.9939932187712855,-0.0676461155744629,0.5018528930810001,-0.0269766658083073,0,,
2025-01-08 05:00:00,288.85645062056864,289.7110712951825,285.3088392598051,289.4228820800781,290900,-0.0060403861344662,0.011917262254139,-0.0663203528836702,0.0382657459882711,0.1092537533392905,293.3785797119141,297.19702087402345,,0,0,-2.659376537895412,-2.548241574793036,0,43.690127219798086,22.179011308964693,0.2110232284256814,0.7960349260604055,-0.0732778930503627,0.4980938231445605,-0.0405329296411036,0,,
2025-01-10 05:00:00,284.1759552961104,284.5336822630517,281.21463954544487,283.05303955078125,452100,-0.0220087730573232,-0.0137118888085095,-0.077675998746247,0.012896045677877,0.0509975776844648,292.290658569336,297.1668939208984,,0,0,-3.121792489850236,-2.662951757804476,0,37.243373621718646,22.832468131389582,0.219843334098985,0.3393528719687205,-0.0936739095894217,0.4946839677410236,-0.0424639455599265,0,,
2025-01-13 05:00:00,279.39614497747425,282.89405132252074,277.7863129077306,282.58599853515625,587900,-0.0016500123664674,-0.0353145835386551,-0.0729154464599837,0.0188065638241501,0.0362939895522049,291.0942184448242,297.13752807617186,,0,0,-3.4857650404646847,-2.827514414336518,0,36.814443045586216,23.85845260236936,0.2196714873801117,0.4444489957573611,-0.0951693588466513,0.4931031533690883,-0.0419994332531382,0,,
2025-01-14 05:00:00,286.40193476621533,287.0081237615306,281.96992262351955,284.90142822265625,259200,0.0081937169552013,-0.0286951440843693,-0.0705133087551749,0.0049092345428325,0.024982468914781,290.24132232666017,297.1833892822266,,0,0,-3.54649825985814,-2.971311183440842,0,40.4746147990877,23.83647496688352,0.2212107282761592,0.1967479741441608,-0.0877554326806475,0.496460406649075,-0.0334219634124326,0,,
2025-01-15 05:00:00,292.4934497272999,292.9008812249667,289.611648988276,290.7742919921875,432500,0.0206136691071323,-0.0013992642412683,-0.0370416036862112,0.0177318407171052,0.015173219716289,289.7707046508789,297.44435302734377,,0,0,-3.085174774806603,-2.9940839017139944,0,48.60655845799904,22.64222825606743,0.2318919906001693,0.425936267979277,-0.0689507250251473,0.4976421246021591,-0.0215719840865403,0,,
2025-01-16 05:00:00,291.02273763159565,292.5928425349304,289.3830949188711,291.5693054199219,453400,0.0027341255730948,0.0074162185257,-0.028706607095439,0.0223217849295718,0.0365128255422273,289.1843551635742,297.65882568359376,,0,0,-2.6251604344506063,-2.920299208261317,1,49.61012154292357,21.56994113704256,0.2318545881313368,0.5071907132579293,-0.0664051193926271,0.499964311224957,-0.0113977503342473,0,,
2025-01-17 05:00:00,294.84855892455823,294.8982634414579,292.17543241654084,292.8114318847656,332400,0.0042601413857841,0.0344754903514599,-0.0345697044387267,0.0101215923900346,0.0636144853441644,288.8330703735352,297.87278930664064,,0,0,-2.135746969062211,-2.763388760421496,1,51.21305907833332,20.138956041226702,0.2289400592004313,0.2911727500877018,-0.0624278732041955,0.4971033354385227,-0.022978744761914,0,,
2025-01-21 05:00:00,295.5442299394469,300.0358632265979,294.5505033455183,299.8868103027344,424600,0.0241636003499796,0.0612231740328979,0.0001656986830516,0.0391091444691578,0.0943445541978738,289.4675659179687,298.12011779785155,,0,0,-1.163546722449155,-2.443420352827028,1,59.17882177514807,19.45834708179936,0.2424521111767396,0.7943319259009625,-0.0397727550330212,0.504497236036251,-0.0011395672210999,0,,
2025-01-22 05:00:00,299.3402284866998,300.9500604783344,298.33655507107284,299.091796875,210700,-0.0026510449957162,0.0498079940871818,0.0414172210257333,0.0393860217435961,0.0740487426285889,290.1174621582031,298.0439520263672,,0,0,-0.4520114554068755,-2.0451385733429976,1,58.032246338586624,18.96944425319653,0.1882097223524531,0.7991301401794012,-0.0423183606655414,0.5003471059005349,0.0034200810959659,1,,
2025-01-23 05:00:00,297.06458070334185,301.0196228027344,296.0708542757067,301.0196228027344,284800,0.006445599471055,0.0352346513866574,0.0521708159088203,0.0570354645194062,0.0697324023533263,290.71717376708983,297.98594177246093,,0,0,0.2643970068006069,-1.5832314573142767,1,60.05337715901079,18.061484740865904,0.1875588038551804,1.1030632976521575,-0.036145528397608,0.500838504210851,0.0079683663254523,1,,
2025-01-24 05:00:00,300.3140796127762,301.37737425503644,298.1577100721752,298.8433837890625,285100,-0.0072295586361093,0.0249480251656271,0.0339693102492888,0.0559667214931849,0.0873988874496345,291.259748840332,297.8285522460937,,0,0,0.6490695045129087,-1.1367712649488395,1,56.73191288022993,17.282028759533134,0.1882224943053138,1.084390738991187,-0.0431137708167338,0.498673429376028,0.005363726380235,1,,
2025-01-27 05:00:00,293.82507296987404,297.62111584929465,290.6848932837143,292.93072509765625,952400,-0.0197851416900689,0.0004074062686787,0.0171492430049726,0.0464627638205252,0.0580455186176251,291.3635940551758,297.4754656982422,,0,0,0.4713892067734946,-0.8151391706043729,1,48.82988192591703,16.88521688485599,0.2017890283176963,0.914422598711607,-0.0620459004424004,0.495820670616322,0.0092072165329439,1,,
2025-01-28 05:00:00,293.78531429807174,295.8025778613604,292.0761035208424,294.70947265625,126800,0.0060722464603217,-0.017264305960165,0.0132563218349799,0.0509581451149856,0.0462789914072647,291.3834686279297,297.26629638671875,,0,0,0.4687034316600602,-0.5583706501514863,1,51.03928639755014,16.516748715512925,0.2000412733410314,0.9894971026108188,-0.0563504119814175,0.4945817986867338,0.0078590807772722,1,,
2025-01-29 05:00:00,295.25603533894946,296.7267615884871,292.4636660871417,294.3219299316406,349500,-0.0013149992130093,-0.0159478360596858,3.380334850167088e-05,0.0506520806511459,0.0552717901707162,291.6438262939453,297.1137469482422,,0,0,0.4303427531076522,-0.3606279694996586,1,50.52739751899737,15.977923859756237,0.1959243816159932,0.9843103708894686,-0.0575913104470185,0.4961556499038796,-0.0007471621275517,0,,
2025-01-30 05:00:00,296.8261231267685,299.6383558298733,295.88207080399616,297.7900390625,387900,0.0117833867549892,-0.0107288146538898,0.0300062921475454,0.0464952219124747,0.0667235703442927,292.20727081298827,297.13553344726563,,0,0,0.6720421777507681,-0.1540939400495732,1,54.8877668519325,14.876971078804152,0.1887635929706421,0.917096580302536,-0.0464865443767531,0.4993221427269502,0.0129314241790527,1,,
2025-01-31 05:00:00,298.2669968539414,300.24453317055645,293.9144700201323,295.0473327636719,311900,-0.0092102016154156,-0.0127024763849885,0.029757608194936,0.0387004961703998,0.0512043044517143,292.658918762207,297.21437255859377,,0,0,0.6349578378609522,0.0037164155325318,1,51.05536421151901,14.232300083044498,0.1889321918494299,0.7822909063223406,-0.0552685955460549,0.4973702134839899,0.006487056717761,1,,
2025-02-03 05:00:00,287.1074632818392,293.6660336824132,287.0577587629712,292.16552734375,316700,-0.0097672647738529,-0.0026122140436144,0.021506449075177,0.0338176802554415,0.0742663320253715,292.91778564453125,297.2268603515625,,0,0,0.3687795570091907,0.0767290438278636,1,47.31699047756239,14.752345033178615,0.1926520843283204,0.6975344026728423,-0.0644960373135306,0.4958491573752698,0.0015299919747668,1,,
2025-02-04 05:00:00,291.956844576309,296.2497504964216,291.7978750173068,295.6833190917969,180300,0.0120404066148023,0.0033044286862227,0.0302978648832326,0.0646579995514546,0.12824675343579,293.05541534423827,297.22255554199216,,0,0,0.4366542677871052,0.1487140886197119,1,51.94282148305575,14.686392411582965,0.1962518913986952,1.2240266766301997,-0.0532321892130266,0.4984754979198099,0.0009527812648832,1,,
2025-02-05 05:00:00,297.1043826788838,299.97623671460394,296.3590877467107,299.32037353515625,187100,0.0123005060093708,0.0169829125701796,0.0218128311237062,0.0657823948512787,0.1777955341390462,293.3555221557617,297.2791082763672,,0,0,0.7749917401712878,0.2739696189300271,1,56.22270966837733,13.897981812565948,0.1878646238125331,1.2418661376295228,-0.0415864660669625,0.5025692796506821,0.0010628216582151,1,,
2025-02-06 05:00:00,300.6420051904484,300.8010050597409,295.8124789298286,297.65087890625,263800,-0.0055776177518038,-0.0004673096410078,0.0147711292737038,0.0550758538760209,0.1549203947138608,293.6789794921875,297.1941278076172,,0,0,0.8980600830076355,0.3987877117455488,1,53.85190835538382,13.011359917921144,0.1892745171388574,1.061419664536566,-0.0469321304073965,0.4980351623172738,-0.0035720354698035,0,,
2025-02-07 05:00:00,298.1577029368071,299.4296716240761,293.60641865461554,294.341796875,229200,-0.0111173265921793,-0.0023912634019199,0.0108525513384085,0.0237249651540503,0.1614125099824963,293.9249252319336,296.9362091064453,,0,0,0.7202744906229555,0.4630850675210302,1,49.40496898895123,12.58714273412514,0.1917780812478418,0.5288373994961478,-0.05752769717817,0.497048062861146,-0.0095741805738251,0,,
2025-02-10 05:00:00,295.9019436669173,296.4981856617214,294.391490229391,295.7032165527344,195200,0.0046253019183426,0.0121085099982451,0.0216995091318266,-0.0237598774058152,0.1366824569160343,294.55743408203125,296.6199548339844,,0,0,0.6813788071708018,0.5067438154509845,1,51.19076276196947,12.193226777743131,0.1906923121367232,-0.3924356201722844,-0.0531684782279434,0.4959788238565249,-0.0042461865410882,0,,
2025-02-11 05:00:00,293.1493219100717,293.79523807956355,291.2612475968932,291.897216796875,296700,-0.012871012362426,-0.0128045853467522,0.0312456536772396,-0.0395594674287355,0.1197125448256091,295.0229949951172,296.26362854003906,,0,0,0.339527464315779,0.4733005452239434,0,46.273563586526144,12.394049046286309,0.1790145634761119,-0.7178065239874155,-0.0653551584498062,0.4892230045221818,-0.0110392969551436,0,,
2025-02-12 05:00:00,287.62420600224505,291.2115441782565,286.83915356114665,290.2973327636719,318700,-0.0054809841997104,-0.0301450939169851,0.0272884511918103,-0.0535208316273425,0.1197313858426321,295.292790222168,295.86916381835937,,0,0,-0.0598001199351188,0.366680412192131,0,44.345249671419744,13.278333319546208,0.1803579813282848,-1.0182725639016008,-0.0704779320586836,0.4881139869254215,-0.0101178960417889,0,,
2025-02-13 05:00:00,292.3642620021505,294.02379858321115,290.2774303088492,293.81512451171875,190200,0.0121178920748497,-0.0128867564867476,0.0312869484181606,-0.0539946396133886,0.11543895670441,295.44483184814453,295.49930297851563,,0,0,-0.0913605650745239,0.2750722167388,0,49.34379615016391,13.449074024475204,0.1827324208812803,-1.029278004157719,-0.0592140839581798,0.4888676460402962,-0.0152937888038788,0,,
2025-02-14 05:00:00,294.828697511332,295.5640453665904,292.6921917479368,293.7157287597656,132400,-0.0003382935174569,-0.0021270105770953,0.010115876295065,-0.0375275644584065,0.1230263125652997,295.5521530151367,295.1446844482422,,1,0,-0.1229752693700447,0.195462719517031,0,49.20931197920603,13.26667913468588,0.169066627616309,-0.6922497218118341,-0.0595323457348915,0.4887262872353498,-0.0179161628930369,0,,
2025-02-18 05:00:00,294.04369658305245,296.190149690658,293.1791592882105,295.4448547363281,427000,0.0058870731365454,-0.0008737200068981,0.013292034670195,-0.0215418446904361,0.1005639272967366,295.68382415771487,294.85990356445313,,1,0,-0.0084072216778849,0.1546887312780479,0,51.67670670209608,12.956758950092029,0.169934342546249,-0.3547330519163307,-0.0539957438716774,0.4901644956819959,-0.0196010301594341,0,,
2025-02-19 05:00:00,293.5965122286024,296.0112603919922,293.179133747042,294.7591552734375,289600,-0.0023209050755091,0.0098046103624005,0.0066518010452487,-0.006543829338955,0.0967575783795864,295.42744140625,294.5192224121094,,1,0,0.0267502057897672,0.1291010261803917,0,50.62638269831049,12.668980992519622,0.1697181130929789,-0.0439189782506788,-0.056191329951179,0.4878779946883671,-0.0185581952332252,0,,
2025-02-20 05:00:00,294.6498622068934,294.98772558691724,290.0687671481209,291.9171142578125,271700,-0.0096419092156392,0.0055797326097353,-0.0265756804604927,0.0027884646733846,0.0723008326256995,295.06870727539064,294.2098376464844,,1,0,-0.1727251694441065,0.0687357870554921,0,46.4155038489043,13.005114714407329,0.149158689018411,0.1520695872325672,-0.0652914474647229,0.4851923987400013,-0.0382654966515266,0,,
2025-02-21 05:00:00,293.8250245626453,293.8250245626453,280.95628544521145,281.41339111328125,688800,-0.0359818682478981,-0.0422093090648328,-0.0591069562804061,-0.0347386535639292,0.0442577991319663,294.088395690918,293.63848693847655,,1,0,-1.164944757929618,-0.1780003219415299,0,34.871347763557054,14.653324761625822,0.191742208418829,-0.6044543319592924,-0.0989240074522309,0.4758737012284305,-0.0489128534641098,0,,
2025-02-24 05:00:00,282.20839134209297,282.20839134209297,276.3156002182879,278.74029541015625,287300,-0.0094988219734325,-0.0509861470914211,-0.0740128739287482,-0.0579869810284732,0.019235531114889,293.08324127197267,293.0754705810547,,1,0,-2.142287457329246,-0.5708577490190732,0,32.646061724065405,16.688072664091234,0.1899739162901543,-1.1005299862814413,-0.1074831678899762,0.4735080530608266,-0.0545693889751701,0,,
2025-02-25 05:00:00,278.08440910999747,279.5153776394277,273.37415539086226,276.4646301269531,275600,-0.0081641058744469,-0.0642428673408919,-0.0748845545059995,-0.0675500752716748,0.0221824320382768,292.2599365234375,292.5085339355469,,0,0,-3.0651328146947208,-1.0697127621542029,0,30.84165928634978,18.86220921948197,0.190227163945478,-1.301942437912129,-0.1147697698020484,0.4719896103019189,-0.0535096066928963,0,,
2025-02-26 05:00:00,278.342820502827,281.62210607906644,276.80252611158306,277.5478210449219,375900,0.0039180090323718,-0.0583911777483189,-0.0525137950196452,-0.0806627663996403,-0.0015089316700098,291.40185394287107,291.9291943359375,,0,0,-3.6668211232804993,-1.5891344343794622,0,32.74709783534581,20.34194626769156,0.1824254768092443,-1.6180408927097156,-0.1113014297644041,0.4735997706229725,-0.0448164050234698,0,,
2025-02-27 05:00:00,278.2832007264018,278.39249609396325,271.51592512392136,271.8438415527344,232500,-0.0205513394798523,-0.0687636035184631,-0.0775870245955282,-0.1152003374003208,-0.0219944715186152,290.27794952392577,291.32688415527343,,0,0,-4.55146051401897,-2.181599650307364,0,28.321920226071228,22.241452734168515,0.1898217629681244,-2.3994802078665805,-0.1295653757765753,0.4713909701941006,-0.0468897734494312,0,,
2025-02-28 05:00:00,270.1345717596832,275.11315055890714,269.02160308167333,275.0634460449219,400500,0.0118435807623875,-0.0225644737204536,-0.0654333976784935,-0.1170164367205557,-0.0043213963857972,289.14161987304686,290.8244201660156,,0,0,-4.935851011499835,-2.7324499225458583,0,33.76279974106954,24.226107023377395,0.1972918037373296,-2.4499581061373874,-0.1192563130062067,0.4696448827591525,-0.0534323596836256,0,,
2025-03-03 05:00:00,276.1565738996662,277.0807322182562,264.25175045851404,265.92120361328125,1656400,-0.0332368497635544,-0.0459893743673198,-0.1070178020377979,-0.1413962369341549,-0.0280600521657345,287.68531341552733,290.07691833496096,,0,0,-5.910058335850636,-3.3679716052068134,0,27.4021405252188,26.45139302190374,0.2152014102531489,-2.8697435754987057,-0.1485294586110184,0.4621318094879275,-0.0744816423239612,0,,
2025-03-04 05:00:00,262.08541126807387,268.3955804605264,258.60736859952334,264.0033264160156,632800,-0.0072122011001978,-0.0450737720236228,-0.1052170377439811,-0.148432868834111,-0.0428501550151817,286.27720336914064,289.3602423095703,,0,0,-6.758968143191169,-4.046170912803685,0,26.28347759395901,28.900571078978093,0.2148534764015918,-3.028128631137155,-0.15467043538641,0.4642946772329975,-0.0665008385188653,0,,
2025-03-05 05:00:00,263.7847185959043,267.7298141192445,262.27423486686854,267.2925720214844,394100,0.0124591066715786,-0.036949484902559,-0.0851330940662316,-0.1441383841682502,-0.0369987219564884,284.857666015625,288.96215576171875,,0,0,-7.084653178783015,-4.653867365999552,0,31.45203689284284,31.17480784626142,0.2225475563348553,-2.9114533875390607,-0.1441383841682502,0.4650807257785229,-0.062051999361291,0,,
2025-03-06 05:00:00,263.28785463295003,266.74600352733773,260.316591704777,261.5786437988281,519100,-0.0213770557836413,-0.0377613768819365,-0.1153418982096203,-0.1601173447530759,-0.0238302295022669,282.97057952880857,288.47185119628904,,0,0,-7.71489466683721,-5.266072826167084,0,27.80492154517812,33.415850528766555,0.22205371224233,-3.2183072722237305,-0.1624341856729628,0.4633638883386859,-0.070437984871169,0,,
2025-03-07 05:00:00,260.82337024644244,264.2020339519099,256.2422757583612,262.6418762207031,538100,0.0040646759476767,-0.0451589260689699,-0.1225392607969103,-0.1519033532846091,-0.0200792544619774,281.2201293945312,287.9441809082031,,0,0,-8.035938321353058,-5.820045925204279,0,29.44441701680537,35.74728718561575,0.2153620041660666,-3.0279908911884696,-0.1590297520528715,0.4626541992690641,-0.0794220458706937,0,,
2025-03-10 04:00:00,259.2036340326512,260.62465574483684,252.98291118348203,255.93426513671875,650700,-0.0255390007888454,-0.0375560065946681,-0.1401528324822134,-0.1791538283852932,-0.0384390305201687,279.2997528076172,287.30302856445314,,0,0,-8.730970691888672,-6.4022308785411575,0,25.508767234210183,38.09317225162488,0.2255903523968371,-3.5744099449225395,-0.1805072918785887,0.4631754575584474,-0.0699944650426487,0,,
2025-03-11 04:00:00,255.993854663446,260.11784366664176,253.13193281581903,256.9975280761719,561400,0.0041544376204769,-0.0265367805586056,-0.126873822186685,-0.1639266806957126,-0.0141620419207023,277.3644683837891,286.62590270996094,,0,0,-9.09119478540731,-6.940023659914388,0,27.170564033788366,40.27149409863336,0.2283224301345208,-3.243944113640936,-0.1771027605422626,0.4689984035343453,-0.0564324889736802,0,,
2025-03-12 04:00:00,260.4457773785015,261.13145109652254,255.53676599279012,257.45465087890625,420900,0.0017787050566451,-0.0368058156954221,-0.1293478174492804,-0.1694500246370769,-0.0198781904769318,275.6423400878906,285.8887561035156,279.8969365692139,0,0,-9.233352643240435,-7.398689456579598,0,27.915114028855697,41.97852772641485,0.2268077760365096,-3.384716568935472,-0.1756390690613397,0.4673526341412503,-0.0577165563091772,0,,
2025-03-13 04:00:00,257.6335428152671,257.6335428152671,251.4128052035,252.9828948974609,591400,-0.0173691015725664,-0.0328610500327309,-0.1333151522526976,-0.1756591053009246,-0.0349409339965323,273.77661819458007,285.16611846923826,279.8732846069336,0,0,-9.596227765210926,-7.838197118305865,0,25.200963343581662,43.82731752381684,0.2289311580475862,-3.4990626543201166,-0.1899574778032687,0.4654395918198677,-0.0486146654643581,0,,
2025-03-14 04:00:00,256.3317964742937,259.8098396811301,255.04988062960044,259.60113525390625,418300,0.0261608215018958,-0.0115775176851146,-0.1057405426964603,-0.1483222671224906,-0.0168121617139019,272.06591873168946,284.6277182006836,279.86648712158205,0,0,-9.243222117064365,-8.119202118057565,0,35.237167885672946,44.88081469020019,0.2557106158855255,-2.7842142249729265,-0.1687660999711346,0.4679500833294093,-0.0413098254426645,0,,
2025-03-17 04:00:00,259.3924154221135,264.2418053763108,259.3924154221135,263.0791320800781,326200,0.013397463854579,0.0279168048855928,-0.1046099736448887,-0.1417082268132117,-0.0161255586280869,270.5340888977051,284.16901336669923,279.87624069213865,0,0,-8.583867835464957,-8.212135261539045,0,39.80788586895125,44.633624591146535,0.2568373881957813,-2.6232006916681683,-0.1576296738407971,0.4705905505191544,-0.0373865926067754,0,,
2025-03-18 04:00:00,261.41923499099227,261.896923915835,259.0308511066762,260.0160522460937,356300,-0.0116431881531829,0.0117453432043406,-0.1147356890145825,-0.1389037903891861,-0.0511173658140332,268.7626487731933,283.62957061767577,279.88775451660155,0,0,-8.213806116290868,-8.21246943248941,0,37.31040389704048,44.443488233275154,0.2571695504975803,-2.5729478746523133,-0.1674375500429269,0.4701933849805099,-0.0379208214063493,0,,
2025-03-19 04:00:00,260.35440147240337,266.5940896183636,260.2946941535859,265.0316772460937,972100,0.0192896744515331,0.0294305282166034,-0.1029402848033244,-0.1171103671259216,-0.0342072617742912,267.2762748718261,283.0715896606445,279.91625259399416,0,0,-7.430160255213877,-8.056007597034304,1,43.55507506110829,43.0865779286244,0.2686855179997234,-2.0835607746313256,-0.1513776914226841,0.4740999421879801,-0.0327738007047291,0,,
2025-03-20 04:00:00,262.0461733221443,266.0168616231791,261.96654332210363,262.98162841796875,488300,-0.0077351086837117,0.0395233579905096,-0.1078084472931464,-0.1329217250279295,-0.0487021492284694,265.829500579834,282.46485748291013,279.93015747070314,0,0,-6.895055167950204,-7.823817111217485,1,41.72554338371942,41.82658978859156,0.2686542161273546,-2.4144038799733014,-0.157941877210952,0.4717970196583415,-0.0329610583078201,0,,
2025-03-21 04:00:00,259.69760220996903,262.3845531567174,258.47357174952026,261.6879272460937,386800,-0.0049193594992077,0.0080384548016188,-0.1035540074057503,-0.1272330772840847,-0.0533819253472382,264.8432273864745,281.87498138427736,279.9417887878418,0,0,-6.500438396278355,-7.5591413682296595,1,40.56747658484744,41.142405235035135,0.2681858263508372,-2.306641559635917,-0.1620842638361793,0.4693213446720771,-0.0327108464789223,0,,
2025-03-24 04:00:00,265.9671231550727,269.549683639374,265.9671231550727,269.2611083984375,384800,0.0289397422037811,0.0234985430789609,-0.0431830293035057,-0.0624512000380835,-0.0467439825035131,264.36926803588864,281.47174591064453,280.0082629394531,0,0,-5.513058230863862,-7.149924740756501,1,49.41778681901936,38.92269542022071,0.2681507321905937,-1.0738598212458972,-0.1378351984431067,0.4744073797903158,-0.00308132480179,0,,
2025-03-25 04:00:00,269.0520806185157,269.42031620184883,266.9324103060424,268.1265869140625,250100,-0.0042134621339231,0.0311924383048955,-0.0380774099434603,-0.0628020622260452,-0.0448781509147337,263.9523658752441,281.1732168579102,280.0435990905761,0,0,-4.767146046106177,-6.673369001826437,1,48.258405351794245,36.86153630646447,0.266901552313266,-1.080587304453933,-0.1414678971876681,0.4712755914296871,-0.0047147279052776,0,,
2025-03-26 04:00:00,268.41523060367894,268.7734745259549,262.49400158315046,263.5389404296875,421400,-0.0171100021716436,-0.0056322958520166,-0.0467535022159258,-0.0881806617065704,-0.057136848973431,263.25192184448235,280.79227569580075,280.0662126159668,0,0,-4.494381563398804,-6.23757151414091,1,43.78507413985193,35.6384120613202,0.2713877311952223,-1.573674489277564,-0.1561573833312128,0.4688088138821771,-0.0067391238076346,0,,
2025-03-27 04:00:00,262.97168118746936,264.6336158656036,260.94154125674123,261.8670654296875,583500,-0.0063439391433921,-0.0042381781380934,-0.0564974913375249,-0.0907137266637264,-0.0657282495461941,262.75308303833003,280.3315884399414,280.0953712463379,0,0,-4.362828118959669,-5.862622835104663,1,42.248109381454526,34.72584652250747,0.2708299666789458,-1.622791943326395,-0.1615106695379605,0.4670752058326947,-0.013776537057219,0,,
2025-03-28 04:00:00,260.9813506030124,261.6083078011169,254.8611076542811,256.3538513183594,360400,-0.0210534841496073,-0.0203833473858275,-0.0569812070999965,-0.1186161811023704,-0.0767570071075902,261.8176033020019,279.64317962646487,280.0884257507324,0,0,-4.649840897935746,-5.62006644767088,1,37.56526221951997,34.65560991015793,0.2712539673899543,-2.1654331617988865,-0.179163791366458,0.4666389023229501,-0.0100809480274809,0,,
2025-03-31 04:00:00,251.51735726978848,255.5378067935316,248.14375724961425,254.2938537597656,809800,-0.008035758183463,-0.0555863961479509,-0.0755083693736764,-0.1359717918315142,-0.0885320573563944,261.2362358093261,278.8976705932617,280.07483276367185,0,0,-4.986049109523492,-5.493262980041402,1,35.9613336467912,35.27045188124556,0.266570685903685,-2.541541450926578,-0.1857598326472677,0.4598026061087903,-0.0209568484863266,0,,
2025-04-01 04:00:00,253.61715388549388,256.662348522028,250.77098869994737,254.42323303222656,275400,0.0005087786061206,-0.0511077772612978,-0.0432382616535375,-0.1199922881345466,-0.093538186974278,260.7572311401367,278.1299066162109,280.04152488708496,0,0,-5.182318175391401,-5.431074019111402,1,36.145738001016056,35.58297013126797,0.2439671937025984,-2.2339031732267998,-0.1853455646698745,0.4587408445139717,-0.007337657578069,0,,
2025-04-02 04:00:00,250.33309444141923,260.3643328422548,250.15395732061492,259.249755859375,243300,0.0189704484516832,-0.0162753351110814,-0.018005722204992,-0.0951810815632581,-0.0782285913007246,260.3550903320312,277.3171655273438,280.04257987976075,0,0,-4.892010714570688,-5.32326135820326,1,42.76684933055703,35.05356455843452,0.2535764221858568,-1.694619080241621,-0.1698912046985092,0.4645037821499146,0.0004503711267234,1,,
2025-04-03 04:00:00,246.85999427638373,248.70105087809264,241.19751752099165,242.5708465576172,633100,-0.0643352941508842,-0.0736870779851902,-0.0924893844857017,-0.1518928110067744,-0.1260839894020431,259.40470046997063,276.1867465209961,279.9795146942139,0,0,-5.939323722733832,-5.446473831109374,0,30.858851935491742,35.466682897551095,0.3309372052606419,-2.456318624443211,-0.2232964982214668,0.4571484384031394,-0.0170557215892042,0,,
2025-04-04 04:00:00,233.1964228264396,235.6146603336248,225.12565460778976,231.19615173339844,887100,-0.0468922584294025,-0.0981366164603403,-0.1161505068769906,-0.1944053447729691,-0.1685174396717548,257.83241424560543,274.7902770996094,279.8494938659668,0,0,-7.5995665644205985,-5.87709237777162,0,25.619686868382143,36.924337791599285,0.3581164535456707,-3.0688081654954398,-0.2597178795498878,0.46280573270898,-0.0012045730013771,0,,
2025-04-07 04:00:00,221.54306525805035,241.55578323162368,218.12966525862427,229.6835021972656,1883300,-0.0065427107016778,-0.0967791836044519,-0.1254878867669295,-0.2159118777291303,-0.1662967051287094,256.5198760986328,273.4070794677734,279.70716552734376,0,0,-8.934389077861908,-6.488551717789678,0,25.011543385725854,38.61342031386929,0.3563846620104902,-3.530709665461447,-0.2645613313016175,0.4605981429733417,-0.0044440454641299,0,,
2025-04-08 04:00:00,238.58023931896483,238.7096001052245,219.9408366278173,223.0756072998047,929300,-0.028769566966049,-0.1232105470825898,-0.1283870990051338,-0.239475835700995,-0.2036786011613413,254.8237800598144,272.0099771118164,279.54069374084474,0,0,-10.405499311519463,-7.2719412365356355,0,22.499044875491503,40.18185408454858,0.3587702931285429,-3.918686740902486,-0.2857195833301575,0.454465090904004,-0.0188057603491312,0,,
2025-04-09 04:00:00,220.2991011805328,247.48694592247665,219.6223980202664,244.30242919921875,1789400,0.0951552801148987,-0.0576560877004803,-0.0493977470210935,-0.1609967171632215,-0.1194999696428681,254.16616897583003,271.0018362426758,279.476155166626,0,0,-9.74618963581051,-7.766790916390611,0,42.48595866962954,40.099885462690416,0.5020016716351403,-1.931513115470645,-0.2177520302013521,0.4504082891353466,-0.039637905500114,0,,
2025-04-10 04:00:00,236.92826159205225,238.4508588208359,227.7329557210876,234.39059448242188,778700,-0.0405719859163339,-0.0337231460057269,-0.0895849281329648,-0.1901449090760896,-0.1591551998794869,253.23655395507808,269.8032095336914,279.3622550201416,0,0,-9.909256452639909,-8.195284023640472,0,37.60865053752858,40.02377174239355,0.5191904998813319,-2.286249860489813,-0.2494893838151036,0.4519378429100318,-0.0329832124719757,0,,
2025-04-11 04:00:00,233.6442349209121,239.0380134882525,230.10145908726943,238.819076538086,655900,0.0188935996576271,0.0329716768533319,-0.0559872570242973,-0.1562744674386705,-0.1453937444311684,252.19745101928712,268.6237902832031,279.2697065734863,0,0,-9.570820131440255,-8.47039124520043,0,40.874492565583424,39.85081783167275,0.5225734649501756,-1.806450541722316,-0.2353095366941072,0.4524043505517333,-0.0280063009190231,0,,
2025-04-14 04:00:00,243.6655294178735,243.6655294178735,236.90836794918724,241.3368377685547,511200,0.0105425465459716,0.0507364937394612,-0.0703552296390689,-0.1459702921603519,-0.1299089279521452,251.1103363037109,267.5495803833008,279.1940958404541,0,0,-8.99574724452063,-8.57546244506447,0,42.71056442341374,38.900143026867525,0.514621936221915,-1.659874509142047,-0.2272477518914443,0.452781216588019,-0.0324155658515232,0,,
2025-04-15 04:00:00,241.0780961862968,244.4118963664744,239.9336654775648,241.37664794921875,390000,0.0001649569167814,0.0820396316340323,-0.0824941300332913,-0.1527713656788761,-0.1486121216015899,250.1783660888672,266.53380279541017,279.10113975524905,0,0,-8.439500184863704,-8.548269993024318,1,42.74084220410253,37.892910076228326,0.5113486889643905,-1.756153691268619,-0.2271202810631604,0.454127831441323,-0.0349831059286459,0,,
2025-04-16 04:00:00,239.5953025438908,240.15260626324056,234.41051475766625,238.0030517578125,410400,-0.0139764812382181,-0.0257851608846236,-0.0846601596252483,-0.1814852333499718,-0.166971459883135,248.82693481445312,265.3801974487305,278.99368782043456,0,0,-8.17663622820919,-8.473943240061294,1,40.77422928095689,37.48879106112531,0.5118744582802921,-2.1736421704612354,-0.2379224199542805,0.4579603309671404,-0.0260170695805868,0,,
2025-04-17 04:00:00,237.6845767214868,240.5307417060688,236.29135547797364,239.6948089599609,313900,0.0071081323943271,0.0226298093967964,-0.0955993960774974,-0.177914806173615,-0.159564397283237,247.66259384155276,264.1876861572265,278.9039860534668,0,0,-7.742552653699278,-8.327665122788892,1,42.21023561832761,37.04517082274395,0.5066892544434303,-2.1199192009894725,-0.2325054716205671,0.4605584445649511,-0.0285625380179013,0,,
2025-04-21 04:00:00,237.3661491007065,237.46565623357972,231.176237517972,233.62432861328125,1119600,-0.0253258732344665,-0.0217518131302894,-0.1116325120552854,-0.2021338541685665,-0.1940581782586528,246.2594139099121,262.9071551513672,278.78106521606446,0,0,-7.7984793092605855,-8.221827960083232,1,38.59416432797895,37.10145779112181,0.511831744988937,-2.4472204724806126,-0.2519429407544514,0.4598398579911285,-0.0253438685896573,0,,
2025-04-22 04:00:00,236.83873153654665,240.8094202383448,236.48047242507107,239.8839263916016,405100,0.0267934329248811,-0.0060202635883812,-0.0833206219482468,-0.2000851049452963,-0.1688011177515707,244.79055480957032,261.81799774169923,278.6897885894776,0,0,-7.254083797150429,-8.028279127496672,1,43.92837768923859,36.53421503582346,0.5236519875680854,-2.4104708423312298,-0.2318999241135719,0.4601875252179073,-0.0194617601731958,0,,
2025-04-23 04:00:00,247.7655872850357,251.3481780473524,244.1332505500265,244.7004852294922,341200,0.0200787060239615,0.0137703349040323,-0.0912148929157711,-0.1818549094752996,-0.1496314291504772,243.6192497253418,260.7979431152344,278.62155685424807,0,0,-6.360668559316167,-7.694757013860571,1,47.693600562626536,34.383840040988694,0.5175734777746693,-2.128030874328936,-0.2164774684928658,0.4622644343027631,-0.0255960299203602,0,,
2025-04-24 04:00:00,245.4070766545284,250.9202701800178,244.571128620486,250.44259643554688,506900,0.0234658758468315,0.0522663242587015,-0.0659538864908743,-0.168019034427971,-0.1205666135852663,242.9644325256348,259.96885070800784,278.57313934326174,0,0,-5.130152951306997,-7.1818362013498565,1,51.84512183579432,32.38706326007071,0.5262688270282023,-1.9136034013425156,-0.1980914260453242,0.4633586826830109,-0.0167988940879773,0,,
2025-04-25 04:00:00,248.89014194800012,251.3083794819788,247.55661268622345,251.18896484375,339800,0.0029801975335901,0.0479532949990131,-0.046862052210582,-0.1594628542251723,-0.1124207458829159,242.4305274963379,259.1866833496094,278.5355210876465,0,0,-4.048071129547935,-6.555083186989473,1,52.37424966728003,30.47619738378816,0.5239472806674657,-1.7973991542114789,-0.1957015800910597,0.4614057522458253,-0.0157912168396482,0,,
2025-04-28 04:00:00,252.2438165633276,254.0649655906682,248.84036295296048,252.0547332763672,471100,0.0034466817965339,0.0788890642189659,-0.0374706614488524,-0.1395414967400977,-0.0995622165257701,242.21557159423827,258.3514755249024,278.491211013794,0,0,-3.0850902132652607,-5.861084592244631,1,53.01912329304005,28.304167091513907,0.5239682337378078,-1.5405235620976767,-0.1929294193681785,0.4628195969914956,-0.0091111854965888,0,,
2025-04-29 04:00:00,251.15909291917075,254.90091328461563,249.8156175969012,253.80621337890625,485200,0.0069488086169706,0.0580375984199001,-0.0099379741180064,-0.1387918036996843,-0.0949062314583978,242.19118957519527,257.5532852172852,278.4136498260498,0,0,-2.1557410517214066,-5.120015884139986,1,54.36534232534402,26.41094876423014,0.5196308649233377,-1.5301449980521389,-0.1873212403629806,0.4631182503980377,-0.0075447029970848,0,,
2025-04-30 04:00:00,249.7161046243638,253.33851049578104,247.0391304070945,252.3234405517578,345800,-0.0058421454991521,0.0311521871937296,-0.0077485679613368,-0.1426957528772572,-0.0992715090094261,242.08619995117184,256.6908569335937,278.31182189941404,0,0,-1.521335511917158,-4.40027980969542,1,52.9812318512338,24.820252603238487,0.5192573262244008,-1.5814215411775292,-0.1920690279208506,0.4602300723286439,0.0009296733297601,1,,
2025-05-01 04:00:00,254.7814801382879,256.6424594350907,251.67657814589376,254.0848846435547,379300,0.0069808975652245,0.0145434053944779,-0.0013298643549153,-0.1467649977700311,-0.1070936469978578,241.82795639038085,255.8773715209961,278.192459487915,0,0,-0.8664429191418321,-3.693512431584703,1,54.46436106951307,23.269139383886657,0.5198000154865807,-1.6391814650300938,-0.1864289445649937,0.4601816229431161,0.0031407241068122,1,,
2025-05-02 04:00:00,257.6774134596648,261.5983560574486,257.6674824864375,260.3046569824219,340900,0.0244791119613141,0.0362901775734543,0.0040690534868588,-0.1177528888528482,-0.0836094879065515,242.7146469116211,255.24512237548828,278.061841506958,0,0,0.1526877366361247,-2.924272397940537,1,59.34134235329923,22.528110888830355,0.5226168257249129,-1.2412003126319295,-0.1665134476105155,0.4645506104044059,0.0001008135052733,1,,
2025-05-05 04:00:00,258.2645112699175,260.48373415020296,257.04048106769466,258.73223876953125,494200,-0.0060406841395727,0.0264922836653991,0.066625451661914,-0.1144326946377986,-0.0844848626603866,244.09145126342773,254.79149932861327,277.9490111541748,0,0,0.823976823335471,-2.174622553685336,1,57.66001354427568,21.730511037564465,0.4672936293496851,-1.1999957357364457,-0.1715482766080819,0.4644074054192033,0.0158787964833044,1,,
2025-05-06 04:00:00,254.83124392000457,257.47837955736503,253.85597383152023,255.0302581787109,317200,-0.0143081535120094,0.0048227534838845,0.1030904116120261,-0.1374885165587069,-0.0817202494492354,245.3587890625,254.3172985839844,277.84767013549805,0,0,1.045210826201583,-1.5306558777079522,1,53.795523591600606,20.43992706107871,0.4355944420230913,-1.4988762046599653,-0.1834018910436622,0.4616209691175586,-0.0025599587638781,0,,
2025-05-07 04:00:00,256.56281185909523,257.1400230491416,253.985344928229,255.94581604003903,243800,0.0035899969982642,0.0143560799597537,0.1143413157302775,-0.1449101408729289,-0.0886602821265076,247.0022994995117,253.9069223022461,277.75723289489747,0,0,1.2796670301917743,-0.968591296128007,1,54.605838414818535,19.241527654341933,0.4336117869223042,-1.602021446799861,-0.1804703062837207,0.4613380589111918,0.0016064240577993,1,,
2025-05-08 04:00:00,258.8517002136367,263.57872203232216,257.2096881821885,261.1903381347656,560600,0.0204907514249272,0.0279648807176344,0.1708601460120034,-0.1224943158423134,-0.0741649410062669,247.84669494628903,253.57977264404295,277.6708278656006,0,0,1.8671411231515265,-0.4014448122721002,1,59.03744845921725,19.088705365936416,0.4178276190325573,-1.2958007161854868,-0.1636775270444337,0.4675335465890645,0.0287556865128304,1,,
2025-05-09 04:00:00,261.5784592211067,262.8124509556524,259.2597136773834,260.4041748046875,451300,-0.0030099250060027,0.0003823128768394,0.0659090687646761,-0.1153000437947485,-0.0943105681619892,249.1473739624024,253.350979309082,277.56586311340334,0,0,2.243421003006631,0.127528350783646,1,58.12146083329229,18.94679895527415,0.272521949047412,-1.2062168662244035,-0.1661947949688647,0.4667210131015602,0.0362176371077214,1,,
2025-05-12 04:00:00,271.17178100047624,272.2465733534429,266.79307270269754,270.2861022949219,852100,0.037948421900863,0.0446556779330555,0.1531439770088214,-0.0859548115645192,-0.1076724131851214,250.72072525024413,253.255432434082,277.5431732940674,0,0,3.300963033418867,0.7622152873106902,1,65.39041572254192,19.94975038209333,0.2483359990677149,-0.8110462217348361,-0.1345532032652074,0.4689351977502297,0.0376099393021653,1,,
2025-05-13 04:00:00,271.7490227914259,272.9431995326647,270.61452299880324,271.6296081542969,523800,0.0049706805047231,0.0650877668168852,0.1373865609558138,-0.0694340592383309,-0.1062467522621827,252.2353637695313,253.36960052490235,277.5170201873779,0,0,4.199078048496318,1.449587839547816,1,66.2481651221844,20.95290995448533,0.2445350631850866,-0.6156789024761886,-0.1302513437448027,0.4681743787171979,0.0348582593121225,1,,
2025-05-14 04:00:00,271.2314981902443,272.10724595568274,269.33076474428333,269.7984619140625,284400,-0.0067413352052335,0.0541233534829748,0.1179331941558083,-0.0706133627011217,-0.120354908432697,253.65645446777344,253.48550323486327,277.45764305114744,1,0,4.708802328341733,2.1014307373065995,1,63.9228164084265,21.60755206927576,0.2480271081476591,-0.6294442437562138,-0.1361146109809204,0.4644246958252105,0.0257154643581114,1,,
2025-05-15 04:00:00,268.8431422654682,270.8235362844056,266.8826709332217,270.664306640625,414700,0.0032092278081194,0.0362722778090325,0.1213359243333589,-0.0787938262523663,-0.1285340216134985,255.28951721191407,253.5529379272461,277.41643318176267,1,0,5.1235676274524735,2.7058581153357744,1,64.55632806991841,21.69425895311136,0.2474350779171218,-0.7293601572005574,-0.1333422059674522,0.4636505126168205,0.0209691644426948,1,,
2025-05-16 04:00:00,270.5249415030443,274.1871318236693,270.5249415030443,273.8288879394531,280600,0.011691904773502,0.0515533713882838,0.1505267933206853,-0.067707782978753,-0.1026944392470886,256.9962211608887,253.7979428100586,277.3897612762451,1,0,5.642583191876497,3.293203130643919,1,66.8477048697973,22.19713573764618,0.2376520311501464,-0.5949912090786299,-0.1232093255684104,0.4661190358145154,0.0178153090905168,1,,
2025-05-19 04:00:00,269.19143845874254,272.87355161336603,268.8729791910022,272.6446533203125,407500,-0.0043247249333403,0.0087261276305545,0.137465823741955,-0.077172443691273,-0.0970518515853304,258.9472373962402,253.9979983520508,277.3496068572998,1,0,5.890447516985262,3.812652007912188,1,65.1503192039406,22.305984732078603,0.240748435086371,-0.7079083138388147,-0.127001204059445,0.4635961112395704,0.0065956160623406,1,,
2025-05-20 04:00:00,272.32620321188165,273.84880057266344,271.370855746476,273.3810729980469,260000,0.0027010237272806,0.0064479894355076,0.1701738197419287,-0.072527288441843,-0.0785965115828175,260.6220947265625,254.34693450927733,277.3566747283936,1,0,6.076261335542313,4.265373873438213,1,65.7330154674082,22.538703024178435,0.2123128735233252,-0.6524185630173729,-0.1246432135977222,0.4664164957247957,0.014302017581508,1,,
2025-05-21 04:00:00,269.9676711100434,271.53008346204973,265.10134246984313,265.7780456542969,345000,-0.027811096285383,-0.0149015536680346,0.1079443698133575,-0.089542775420938,-0.0870039976135715,261.67597274780275,254.52254486083984,277.37519859313966,1,0,5.546087515417014,4.521516601833973,1,55.42860343489079,21.46953412702076,0.233323409820714,-0.8443990783884207,-0.1489878454684193,0.4612167628199662,0.0022365612835149,1,,
2025-05-22 04:00:00,264.47436593432195,267.55934504094427,263.4493498895532,265.937255859375,353300,0.0005990344487867,-0.0174646256091918,0.0867867941085851,-0.0549943099462399,-0.0878225352289594,262.45070571899413,254.6921969604492,277.43420433044435,1,0,5.080206418967066,4.633254565260591,1,55.58561525333278,20.176494813655918,0.2271323717109471,-0.4535607794068821,-0.1484780598715187,0.4613109925142982,-0.0020625462780908,0,,
2025-05-23 04:00:00,261.2201877299841,266.26566875515493,260.9713971118193,265.439697265625,459000,-0.0018709623521613,-0.0306366166731213,0.059882388393692,-0.0477168115394291,-0.1029368387224263,263.1632423400879,254.9413330078125,277.47278205871584,1,0,4.617614487842843,4.630126549777042,0,54.93432006731416,18.93319126018442,0.216580600751272,-0.3691541080267408,-0.1500712253635385,0.4636124632512924,0.0005476978802079,1,,
2025-05-27 04:00:00,269.4004064610481,272.1072494205314,267.58923396304283,271.7390441894531,444600,0.0237317439279791,-0.003321573043266,0.0818112346554957,-0.0170929132429346,-0.0834883609384369,264.1474578857422,255.18409118652343,277.5643056488037,1,0,4.7050745301694405,4.645116145855522,1,61.142031514054246,18.34450660841392,0.2283349352284911,-0.0137739315192665,-0.1299009333268449,0.4649482107236588,0.0076775342756154,1,,
2025-05-28 04:00:00,272.42572287097346,272.42572287097346,268.94265426805686,269.281005859375,267900,-0.0090455839256003,-0.0149976261842427,0.0683433806581998,-0.0297851921676908,-0.1080454025693403,264.92119750976565,255.30812866210937,277.6099814605713,1,0,4.5238954426394,4.6208720052122985,0,57.79650134582276,17.846556617900983,0.2326721484914476,-0.1568584560309442,-0.1377714874580236,0.463423531755998,0.0013049031813434,1,,
2025-05-29 04:00:00,271.87840450713503,271.87840450713503,267.95746186562445,269.489990234375,355600,0.0007760828667919,0.0139663325875543,0.0617942982824242,-0.0086588362823101,-0.1228616728214146,265.7795249938965,255.497607421875,277.65398429870606,1,0,4.34706276930234,4.566110158030307,0,58.00688549755208,17.186923693809522,0.2324197023225389,0.079078219835791,-0.1371023266821801,0.4619596554148946,-0.0025017260324924,0,,
2025-05-30 04:00:00,268.32566568893674,269.997531374944,266.1064424142118,268.3157043457031,431600,-0.0043574378686592,0.0089436452919775,0.0633800163749149,-0.0245315827902364,-0.1386774211055634,266.4910659790039,255.5632879638672,277.6992816925049,1,0,4.065304247570964,4.465948975938439,0,56.30832172167871,16.203786607325895,0.2317671587015679,-0.1011213577204162,-0.1408623496806731,0.4604617013942315,0.0005032897229328,1,,
2025-06-02 04:00:00,268.9227657308666,270.4055480957031,265.4794817115229,270.4055480957031,398900,0.0077887492835955,0.018708018737336,0.0642331143587862,0.0168634333083994,-0.1269172296373533,266.996110534668,255.71176635742188,277.7342713165283,1,0,3.964936197809152,4.365746420312581,0,58.6300529003226,15.164347074561316,0.231957433787424,0.361657881228194,-0.1341707419222385,0.4614488745846744,0.0027538075802624,1,,
2025-06-03 04:00:00,271.5499414056606,275.6301130518483,270.7339010024342,274.9931945800781,454400,0.0169658001349561,0.011975277238247,0.0564282551373951,0.041627763987885,-0.1129840332780969,267.8091583251953,255.9778717041016,277.80153984069824,1,0,4.20708190460897,4.334013517171859,0,63.24711252120388,15.135057513576353,0.2245620553705567,0.63333075995845,-0.1194812557786938,0.4666167511646806,0.0044476117650047,1,,
2025-06-04 04:00:00,274.95344004384674,276.3864763922162,273.8090093077045,274.4657897949219,194000,-0.0019178830442025,0.0192541762052629,0.0608101684591593,0.0268365773099783,-0.1211699877483385,268.7809349060059,256.08196533203125,277.8316257476807,1,0,4.306781072036756,4.328567028144839,0,62.38512618894212,15.231760690263972,0.2229859246151551,0.4720694756386598,-0.1211699877483385,0.4658468885355409,0.0030996127528117,1,,
2025-06-05 04:00:00,274.8638788415898,276.85420372713367,272.82377761193874,274.8738098144531,569500,0.0014865969993422,0.0199778091030238,0.0778086168184677,0.050826649387516,-0.1174289235081844,269.7273345947266,256.21690979003904,277.8622194671631,1,0,4.368361434718679,4.336525909459607,1,62.80744245587966,15.090639946756683,0.2141582323454293,0.7365614111174594,-0.1198635216891932,0.4688050901861643,0.0155628135401624,1,,
2025-06-06 04:00:00,278.9241501592708,279.83971304133,277.7000893253106,279.2226867675781,305700,0.0158213580117385,0.0406498100753067,0.0909445252423963,0.0631308715329987,-0.0983622728332526,270.6289520263672,256.53058471679685,277.8971611785889,1,1,4.713745220149349,4.411969771597556,1,67.053343601123,15.474143288374238,0.2182596694693242,0.8676292989009621,-0.1059385673666472,0.4713816150449431,0.0217704911609832,1,,
2025-06-09 04:00:00,282.18827152858,282.3673934869092,279.8695563036775,280.5263671875,304600,0.0046689630954201,0.0374282967308603,0.0740304147190835,0.0960875716959754,-0.1002807130188981,271.6350616455078,256.9037707519531,277.952360458374,1,1,5.034624456248082,4.536500708527662,1,68.22442207825299,16.23016207633415,0.2101501712564165,1.2253638505732083,-0.1017642275326435,0.4731560309753071,0.0120258416262575,1,,
2025-06-10 04:00:00,282.15841723279846,283.24314069350066,280.4666288658618,281.3423767089844,359600,0.0029088514197987,0.0230885063850456,0.0804065523143062,0.0947279486112291,-0.0847271702694363,272.18787536621096,257.40354125976563,277.99167350769045,1,1,5.293745706116226,4.687949708045375,1,68.96794432116623,17.067338480736808,0.2088397939724763,1.211135724928852,-0.0991513931305877,0.4718570517368577,0.0110045155266662,1,,
2025-06-11 04:00:00,283.32277418586904,283.73076408284817,280.04868107706847,280.59600830078125,333300,-0.0026528829994748,0.0223350914168203,0.038144417779238,0.0898851791679598,-0.094795891293636,272.63619537353514,257.9295843505859,278.0423282623291,1,1,5.376893983778871,4.825738563192075,1,67.41414739105426,17.92249566964986,0.168604072607222,1.1598190375122115,-0.1015412390848522,0.4719513315604174,0.0064318776339631,1,,
2025-06-12 04:00:00,278.4563944401251,279.8794694125998,277.9090672568493,279.17291259765625,253600,-0.0050716890512552,0.0156402779373747,0.027770553050588,0.1035248557449335,-0.0903193330925533,273.1049179077148,258.42457794189454,278.048356552124,1,1,5.267240196697969,4.914038889893254,1,64.43341052298388,18.102196096489344,0.169837406289954,1.3081786843905152,-0.10609794254559,0.4676989037529666,-0.0010155937314088,0,,
2025-06-13 04:00:00,274.91360765784,277.46122092273873,272.92328289651624,273.6398010253906,457500,-0.0198196577195866,-0.0199943844349389,0.0142378095266966,0.0540778288883585,-0.1022653844159156,273.2536926269531,258.71237884521486,278.0267687225342,1,0,4.679915762915982,4.8672142644978,0,54.36791275275122,17.036280242433758,0.1832134689635023,0.7788875753651584,-0.1238147753591706,0.4636125364527659,-0.0017487428634721,0,,
2025-06-16 04:00:00,276.5002602178607,278.8316583943853,275.6932389415808,277.3072814941406,464500,0.0134025841818592,-0.011475162658089,0.0245432245424803,0.0540831547586664,-0.0952891000158604,273.4276123046875,259.4071075439453,278.03201881408694,1,0,4.458991463153268,4.785569704228895,0,58.94579719911805,16.327922664280802,0.1882792388970694,0.7789452351846637,-0.1120716291270207,0.4653982520891129,0.0037695191199687,1,,
2025-06-17 04:00:00,275.2648135955592,277.19768753782097,274.2884036394816,274.308349609375,266000,-0.0108144721934717,-0.0250016623229327,0.0017509535737072,0.054966980845299,-0.0915719315295487,273.51079711914065,260.2693515014648,278.0355686187744,1,0,3.995856873236505,4.627627138030417,0,54.16098879915368,15.341216891974206,0.1886521516386219,0.7888233779891938,-0.1216741058036212,0.4643329558485364,-0.0038318108224391,0,,
2025-06-18 04:00:00,274.3880427219036,278.1043478655212,273.6706871297304,275.82275390625,463300,0.0055208100629513,-0.0170111272196524,0.0116565666967389,0.0407161769199999,-0.0811624766329867,273.6328811645508,261.1921365356445,278.035570602417,1,0,3.708272487459965,4.443756207916326,0,56.09895620000352,14.62701970155834,0.1887921242818276,0.6326142449799804,-0.1168250353683911,0.4669668400513437,0.007270830643425,1,,
2025-06-20 04:00:00,277.7058520779541,278.09440326041897,274.0393506740969,275.13531494140625,262800,-0.002492321445958,-0.0144627127993215,0.0064168375817732,0.046214964127156,-0.0928497336546589,274.1007446289062,262.23333068847654,278.0234371185303,1,0,3.3858591340297157,4.232176793139004,0,54.96300752214999,13.963836596172175,0.1889277774768328,0.6944781894802469,-0.1190261912732757,0.4668995389853119,0.0010356478918387,1,,
2025-06-23 04:00:00,273.8599986244467,277.8851623535156,271.15996490180066,277.8851623535156,460300,0.0099945272844927,0.0155144146144554,0.0455534868179696,0.0618952325308836,-0.0732129656573195,274.6981399536133,262.9049853515625,278.07304145812986,1,0,3.314031837191066,4.048547801949416,0,58.576367608535705,13.311268286210137,0.16122839367339,0.8678372956299021,-0.110221274505033,0.4669536535573024,0.012438599807734,1,,
2025-06-24 04:00:00,280.1268856722826,282.9464735036153,278.9512288609392,282.55792236328125,228300,0.0168154354489107,0.0189343779249142,0.0624984508101229,0.0493826013119127,-0.0161526014391021,275.5540512084961,263.8683319091797,278.1457131195068,1,1,3.5927459291968944,3.957387427398912,0,63.87963533501132,13.172611474201886,0.1688409268711273,0.7331961026618287,-0.0952592577826584,0.4696176698653299,0.0180066755091994,1,,
2025-06-25 04:00:00,283.2155188388739,283.3051844923378,278.9213580254768,279.07080078125,260500,-0.0123412628209655,0.0173616704655796,0.0513529199138,0.040817339276747,-0.024548136030458,275.92063903808594,264.67336639404294,278.2102400970459,1,1,3.491993756228055,3.864308693164741,0,57.92021728096964,13.11765085131064,0.17633321827251,0.6358836032005918,-0.106424901067198,0.463562277922471,-0.0001082484462764,0,,
2025-06-26 04:00:00,280.43575638846994,283.823257208954,280.067120796405,283.55426025390625,253500,0.0160656702890626,0.0280307053648087,0.0434800089169951,0.0759482442768599,-0.0189295838654962,276.6343017578125,265.51771484375,278.3245642852783,1,1,3.730916954641202,3.837630345460034,0,62.73398588620014,13.178031520488204,0.1663927934916456,1.0272108481505844,-0.0920690181492271,0.4673532477043546,0.0051726986473452,1,,
2025-06-27 04:00:00,284.949121167448,286.4834711026433,281.76086709011,283.9627685546875,708400,0.0014406706512377,0.0320840442280598,0.0545220879893015,0.0843775565619298,-0.0139903727043088,277.3579406738281,266.3694372558594,278.4309972381592,1,1,3.908177479333403,3.851739772234708,1,63.14765130247113,13.784990335955094,0.1614492011109723,1.1199441865253623,-0.0907609886303252,0.4657126878225304,0.0049396629857323,1,,
2025-06-30 04:00:00,285.5767909460958,285.7959837784663,284.1221641887876,284.8096008300781,342100,0.0029821947422925,0.024918345470182,0.0568466776164104,0.1110018412650266,-0.0207809543435328,278.18263549804686,267.30556823730467,278.5443332672119,1,1,4.070072744529796,3.8954063666937255,1,64.03880293996022,14.348594950317208,0.1613193671202897,1.4157988854877277,-0.0880494608311313,0.4648788523840042,0.0063191599848428,1,,
2025-07-01 04:00:00,282.9464814507824,287.4000578477352,281.4121620052667,284.18194580078125,471100,-0.0022037706154131,0.0057475770770001,0.05913273505093,0.1175336784555214,-0.0344193782361391,278.8714553833008,268.19531097412107,278.645041885376,1,1,4.100461821824922,3.9364174577199647,1,62.82615368440982,14.039629262146631,0.1603039695980163,1.487278461825154,-0.0900591906320618,0.4640045547026727,0.0076941324277648,1,,
2025-07-02 04:00:00,284.28156410000645,287.59934530538555,283.076018662846,287.4698181152344,329600,0.0115696030766079,0.0300963673392973,0.0631062126487573,0.1298882365779148,-0.005689638265377,279.4952865600586,269.2722207641602,278.74543617248537,1,1,4.339822430866377,4.017098452349248,1,66.41396316227141,13.80110838289944,0.1623125339237585,1.6163255696041254,-0.0795315366444674,0.4672547084296921,0.0125817488454018,1,,
2025-07-03 04:00:00,288.934412439678,290.97686767578125,288.7650237160598,290.97686767578125,353300,0.012199713985769,0.0261770266305592,0.0581238860114725,0.1223804886960664,0.0155510998564767,280.3208404541016,270.29407958984376,278.83020347595215,1,1,4.757663642998068,4.165211490479012,1,69.76593290385381,14.350073721058584,0.1579137139523561,1.5409471963248678,-0.0683020846586097,0.469256689151925,0.0056576151213068,1,,
2025-07-07 04:00:00,288.8846170189051,289.9606352778447,284.97900732722,286.74249267578125,354600,-0.0145522736354358,0.0097890443005679,0.0447294465734049,0.1820979179691821,0.0025457423235877,280.91427459716795,271.13491973876955,278.891821975708,1,1,4.693028824662576,4.270774957315726,1,61.75234703096289,13.755549309196606,0.1683319102634552,2.3155876556327404,-0.0818604076682228,0.465899830905138,0.0001136475758451,1,,
2025-07-08 04:00:00,288.48603611814485,289.1735031449971,286.9417437566311,288.0675964355469,443400,0.0046212326167642,0.0114392056867933,0.0479994315573386,0.2459878517689566,0.0037611538628814,281.3565200805664,271.88741973876955,278.949934463501,1,1,4.69461348259,4.355542662370581,1,63.17775443980115,13.20349092675334,0.1685288457586422,3.154749626863956,-0.0776174710373965,0.4683093630329169,-0.0010574269853821,0,,
2025-07-09 04:00:00,289.9506584572255,291.8636169433594,288.0775919131373,291.8636169433594,243800,0.013177533866298,0.0270308204165903,0.0452718592536982,0.2707208578380604,-0.0036428686473265,281.9233825683594,272.7009127807617,279.027027053833,1,1,4.945171605719452,4.473468451040356,1,66.97477817645941,13.327957225611716,0.1660850582876515,3.426145030523119,-0.0654627440243101,0.4716522032970821,0.0005740322564622,1,,
2025-07-10 04:00:00,291.42524114350226,293.91605517036976,290.3591654426962,292.1724853515625,348400,0.0010582627990356,0.016358820787381,0.0415152353799184,0.3097464527302367,-0.0039061735937504,282.46488800048826,273.5032678222656,279.0755663299561,1,1,5.109761670868693,4.600727095006024,1,67.27051259296965,13.883038171515492,0.165869407758449,3.936692994247927,-0.0644737580119984,0.4708234670427783,-0.0049297985861467,0,,
2025-07-11 04:00:00,289.9407302755213,290.79755571963267,287.2107773834156,287.5893859863281,297300,-0.0156862798347341,-0.0116417559805049,0.0222042955292354,0.1771859450149413,-0.0123371276231488,282.81455688476564,274.1789312744141,279.10988822937014,1,1,4.8148797307148925,4.643557622147798,1,58.84941428784178,13.475079861732151,0.1767253649523395,3.077052303510478,-0.0791486844365594,0.465072926854618,-0.014377500256207,0,,
2025-07-14 04:00:00,286.7325206320917,290.62815693783347,286.57310490539936,290.2594909667969,417000,0.0092844350681136,0.0122653543888673,0.0344391309218374,0.2383580988296221,0.0028906107240245,283.36888580322267,274.93765228271485,279.16363960266114,1,1,4.7419762748401695,4.663241352686272,1,61.846071128616,12.920446552356085,0.1783571636931075,4.337490787098747,-0.0705991001898235,0.4684968730500278,-0.007319522754535,0,,
2025-07-15 04:00:00,292.26211074559563,292.26211074559563,285.9055493598439,286.00518798828125,639800,-0.0146568953330187,-0.0071594600461322,0.0244732747423517,0.197580997859148,0.010429665204038,283.9871551513672,275.5760583496093,279.19221534729,1,1,4.29144397038624,4.588881876226266,0,54.97659537047132,12.803340840109398,0.1858579004669763,3.66012756587672,-0.0842212319007547,0.4636112974155889,-0.0087398244994321,0,,
2025-07-16 04:00:00,287.59933697149285,290.0004851961456,283.85314317297167,289.7514038085937,391000,0.0130984191114251,-0.0072369867710355,0.0588788718703536,0.2006099296223862,0.0253565474247867,284.60936126708987,276.1649932861328,279.2526387786865,1,1,4.18840090304252,4.508785681589518,0,59.26707762795959,12.106354340928348,0.1734801318578963,3.7022615546958897,-0.0722259777828462,0.4681188616731747,0.0097200245163513,1,,
2025-07-17 04:00:00,290.29938369680144,294.1053547663069,289.5023353831259,293.77655029296875,835600,0.013891723841428,0.0054901300492964,0.0593899615981634,0.2170877041708441,0.0311515534536963,285.5827713012696,276.8658795166016,279.32655281066894,1,1,4.381032397147408,4.483235024701096,0,63.31246311853597,12.41127598303895,0.1738651882034508,3.9514239637688617,-0.0593375972789546,0.471734967869586,0.0136156845283117,1,,
2025-07-18 04:00:00,295.5101514346527,295.5799015174433,291.3056565792171,291.68426513671875,265900,-0.0071220291550277,0.0142386310132645,0.0633444645490655,0.2255484246207535,0.0031294827967656,286.37584686279297,277.59895965576175,279.3815877532959,1,1,4.315122274398789,4.4496124746406345,0,59.97796892763456,12.99606448927226,0.1706608514750802,4.123738150225477,-0.0660370223361723,0.4687185991625757,0.0094450399412739,1,,
2025-07-21 04:00:00,292.9296803517057,293.7964787025116,289.2731522589047,289.4026794433594,345100,-0.0078221075528017,-0.0029518811618652,0.0492342467935951,0.2073798372984445,-0.0074309124324389,287.08921508789064,278.2680969238281,279.4223427581788,1,1,4.032301270787627,4.366150233870033,0,56.48439580740663,12.938366212127669,0.1743805297816159,3.808819949540246,-0.0733425811977939,0.4641720347708069,-0.0059850187225918,0,,
2025-07-22 04:00:00,288.9443545261642,290.59825842778093,286.3140407340683,289.9506225585937,191300,0.0018933588185439,0.0137949755319617,0.0538473500587977,0.2410977241952805,-0.0097701421961482,287.6924880981445,278.8433026123047,279.4842574310303,1,1,3.808476274064958,4.254615441909018,0,57.13021765690628,12.094972554133356,0.173506066374999,4.529040398403252,-0.0715880862021356,0.4649843298879869,-0.0041019725602797,0,,
2025-07-23 04:00:00,292.2123278916809,295.16144299423433,291.6244994682105,295.07177734375,360100,0.017662161715557,0.0183618559400349,0.0618479045252879,0.2300606455059282,-0.0160561678392044,288.318180847168,279.5366546630859,279.5693517303467,1,1,3.9982385384221857,4.203340061211652,0,62.70173467592753,12.305159212196427,0.1795741502222725,4.423651804916745,-0.0551903248419879,0.4692051759882393,0.0048217256975817,1,,
2025-07-24 04:00:00,294.36442018712256,294.36442018712256,291.4152744239755,291.6942443847656,382600,-0.0114464791902129,-0.0070880603170216,0.0323343332406653,0.1920460399218266,-0.0247333847585463,288.94935302734376,279.96481750488283,279.65033348083495,1,1,3.831915876578819,4.129055224285085,0,57.402989097172416,12.443656379266269,0.1787100024912108,3.781442226579028,-0.066005069127396,0.4636809709524027,-0.0126415577902544,0,,
2025-07-25 04:00:00,292.51121113260854,293.41787102108907,291.0466113751311,292.9197082519531,218200,0.0042011931698282,0.004235549403583,0.0496250680183434,0.1696081753701912,-0.0269082609145694,289.4176254272461,280.39061950683595,279.71426887512206,1,1,3.755695343154344,4.054383248058937,0,58.76458877347819,12.466834886990364,0.1715198425100895,3.461401690447189,-0.0620811760031597,0.4636702787153912,0.0002329801152161,1,,
2025-07-28 04:00:00,294.52378910693074,294.97214777858244,292.13261380415656,292.84002685546875,314600,-0.0002720247024684,0.0118773862727215,0.0327477590823275,0.165815652123203,-0.0200886392647434,289.8614883422852,280.85145080566406,279.79117530822754,1,1,3.646822103365423,3.9728710191202334,0,58.63335181832071,12.833594358982491,0.1642596362798568,3.390007860984363,-0.062336313092197,0.4636605293871105,-0.0079013430106301,0,,
2025-07-29 04:00:00,295.1315574798837,295.17141901565657,290.2296223648835,290.87725830078125,303600,-0.0067025282566861,0.0031958398088982,0.024349987082064,0.154024185619426,-0.0070100765161811,290.1648712158203,281.2557098388672,279.8517812347412,1,1,3.3633892005544226,3.850974655407072,0,55.35401225903598,12.60225055966492,0.1667540546911656,3.156879297142663,-0.068621030448965,0.4617708207472095,-0.0084641607978329,0,,
2025-07-30 04:00:00,292.5510653025105,295.5001803080258,289.591977312122,291.8337097167969,333400,0.0032881615482864,-0.0109738303544391,0.0246624722841048,0.1498288628620747,-0.0097579589605096,290.5474594116211,281.61580627441407,279.9137035369873,1,1,3.179295281959469,3.716638780717552,0,56.62704389201795,12.199721046453991,0.1667986466650121,3.082315757723004,-0.0655585059344047,0.4638733679215318,-0.0021628956819956,0,,
2025-07-31 04:00:00,291.2060099232508,293.28832652669007,288.7849463054447,289.0838317871094,382300,-0.0094227563099411,-0.0089491398884543,0.0172491112076644,0.1456875792235843,-0.0177971724558474,290.62816009521487,281.94458984375,279.9722745513916,1,1,2.7794673880202367,3.5292045021780885,0,52.03323648156633,11.58413256274032,0.1704957478264301,2.993395123318104,-0.0743635204188821,0.4612325901440622,-0.005974002906904,0,,
2025-08-01 04:00:00,285.0188888959753,286.0451031097104,279.31990490370833,283.40484619140625,369900,-0.0196447707247955,-0.0324828333242867,-0.0141405172566625,0.1153943556657584,-0.0483064944562319,290.2495590209961,282.1450653076172,279.9717507171631,1,1,1.981512581567074,3.219666118055886,0,44.0801765730987,12.613781220146285,0.1798450176214475,2.3660782976056125,-0.09254743683476,0.4597065417498095,-0.0161542870381119,0,,
2025-08-04 04:00:00,286.67275345207537,290.69788666989444,285.636566395451,290.5683898925781,348200,0.0252767156152784,-0.0077572625138837,-0.0014038153151688,0.1162627409781604,-0.0151804214908165,290.44085388183595,282.6408721923828,279.996051864624,1,1,1.9052037540226363,2.9567736452492364,0,53.694666728690365,12.387939450619909,0.1965193942768423,2.3778600975314013,-0.0696100164612769,0.4642696475589156,-0.0106275343714808,0,,
2025-08-05 04:00:00,292.4115782592199,293.33818413620645,288.8945502560399,291.9034729003906,360200,0.0045947290009973,0.0035279987359762,0.0179986585749774,0.12820680673044,-0.0008969382724302,290.6326477050781,283.16019653320313,280.02955390930174,1,1,1.9302082600851804,2.7514605682164253,0,55.23928964932883,11.597397320972084,0.1897228361095623,2.606427564672912,-0.0653351266216741,0.4687794914078676,0.0061808575829167,1,,
2025-08-06 04:00:00,291.5946245339284,291.5946245339284,288.64547888822324,290.74774169921875,392500,-0.0039592923978888,-0.0037211877223916,0.0093038762319508,0.1400519443284218,-0.0166921062971626,290.5768539428711,283.666357421875,280.0339055633545,1,1,1.83560692815945,2.5682898402050305,0,53.573296972870175,10.916123763961014,0.1899406515603299,2.858419697502178,-0.0690357381494147,0.4633742038631677,-0.0105382457822059,0,,
2025-08-07 04:00:00,293.7765339203267,293.7765339203267,287.1011710503517,289.9905090332031,298900,-0.0026044318060395,0.0031363817218301,-0.0064177506253537,0.1330152354896798,-0.0311701618963043,290.46775512695314,284.03138671875,280.0408585357666,1,1,1.6801644533997546,2.390664762843976,0,52.45698517211397,10.470473606491147,0.1844667945662461,2.7248011400607868,-0.0714603710832646,0.4625548244066171,-0.0192883205609341,0,,
2025-08-08 04:00:00,291.9432923069986,292.0628769097169,289.70155989173975,290.46875,359600,0.00164916075492,0.0249251341447525,-0.0058312655605213,0.1120960755069266,-0.0241293724132161,290.6117233276367,284.4551416015625,280.0544115447998,1,1,1.5773821419974183,2.2280082386746645,0,53.12136165085347,10.05665560312627,0.1845306368420222,2.374773420369634,-0.069929059967867,0.4597328065819197,-0.0235558786619506,0,,
2025-08-11 04:00:00,290.5484694267927,292.41159345200253,289.9207794278301,290.6580810546875,368700,0.0006518121301775,0.0003086748773413,0.0106704044651537,0.1161805730368628,-0.012515095917135,290.63165283203125,284.8785034179688,280.0838158416748,1,1,1.4939821571758216,2.081203022374896,0,53.399001954292814,9.75469225237958,0.1757401994251304,2.456529063759451,-0.0693228284472284,0.4609440010391741,-0.0088780179989589,0,,
2025-08-12 04:00:00,292.3916582308032,298.8677742583181,291.49497132346653,298.4393615722656,374600,0.0267712512562623,0.0223905820884333,0.0281812338959983,0.1041609577344246,0.0092530106754631,291.2533615112305,285.4809765625,280.16098991394045,1,1,2.032343781214422,2.071431174142801,0,63.07758043780772,10.780523977631526,0.1959515539293021,2.3110899742969773,-0.0444074360491215,0.468298534239328,-0.0004233514076807,0,,
2025-08-13 04:00:00,300.50174837247914,303.87930673705506,299.4157571216459,303.69000244140625,291700,0.0175936607070821,0.044513710292465,0.0618338939147131,0.1180298219511393,0.0404004730635634,291.9502914428711,286.14666564941405,280.27981666564943,1,1,2.849831005777673,2.227111140469776,1,67.9193628568551,12.490087256267376,0.1945029979402651,2.5550955876355985,-0.0275950647047591,0.4749119715369148,0.0243753208438226,1,,
2025-08-14 04:00:00,300.21280661993654,300.91021622588806,296.98469132786414,299.34600830078125,277200,-0.0143040406523199,0.0322613981359884,0.0331132286714497,0.1095171046458018,0.0311703709123494,292.22876434326173,286.63372192382815,280.3744477081299,1,1,3.111306295789859,2.403950171533793,1,60.814087542469416,13.423216677934002,0.1995543628363838,2.3610248516066714,-0.0415043844297388,0.4680752072082562,-9.325508645918744e-05,0,,
2025-08-15 04:00:00,300.49179973103446,300.49179973103446,296.64596719776085,298.260009765625,437700,-0.0036279038471929,0.0268230567509413,0.0152614613664199,0.1019554571768499,0.0151281703462102,292.557551574707,287.1096063232422,280.4650846099853,1,1,3.194077009709588,2.561975539168952,1,59.14817070725817,14.199113827034015,0.1951679235718335,2.2083227780036303,-0.0449817143609837,0.4674715617892002,-0.0090377147567413,0,,
2025-08-18 04:00:00,298.4194433310355,300.25267885128454,298.4194433310355,299.7047119140625,182700,0.0048437675220782,0.0311246493699683,0.0274970155609333,0.0944963264077924,0.0203904066683311,293.07265319824216,287.6062243652344,280.5408112335205,1,1,3.3377730166762944,2.7171350346704206,1,60.69085303368086,14.919589751198316,0.1934476341145412,2.0705571692328912,-0.0403558278060145,0.4698381369066721,0.0023885071898077,1,,
2025-08-19 04:00:00,299.57515719356826,299.57515719356826,294.8127223107226,295.5101623535156,233500,-0.0139956076558103,-0.0098150565773834,0.0211037538488014,0.0838656058526845,0.0002210484161107,293.35063018798826,287.9319738769531,280.59809059143066,1,1,3.077710116829678,2.7892500511022726,1,54.28157474537972,14.60411080011055,0.1982630951149907,1.8357527971975665,-0.0537866311292264,0.4657894349490725,0.0034844843228527,1,,
2025-08-20 04:00:00,294.6135060378096,295.2910001805954,291.2359474992038,294.5337829589844,140900,-0.0033040467602032,-0.0301498877434678,0.0158066927394318,0.0773744492585579,-0.0007645981826893,293.32373046875,288.2121221923828,280.657717666626,1,1,2.760995698106001,2.7835991805030185,0,52.88163695806608,13.64658257860087,0.1988075029770928,1.7037738197649857,-0.0569129643451048,0.4654872386154304,0.0010815605927294,1,,
2025-08-21 04:00:00,293.86624973873364,296.3271752024988,292.8699241324392,296.0282592773437,136100,0.0050740404151445,-0.0110833247527519,0.0032415229345348,0.1138175786814006,0.014083261373639,293.5404312133789,288.50583984375,280.74922843933103,1,1,2.6006107664040314,2.7470014976832213,0,54.80304918357875,12.817372824250912,0.1899571141562565,2.5466209254524528,-0.0521277026111929,0.469733672824052,0.0011263661674223,1,,
2025-08-22 04:00:00,297.4131750674227,307.5358471688276,297.0046779083728,306.15093994140625,504000,0.0341949808736969,0.0264565477013898,0.0495611272246125,0.1512149320789255,0.0879046612894376,294.2019927978516,289.0169384765625,280.875754776001,1,1,3.2528237558915407,2.848165949324885,1,65.16492324991793,13.946676336158363,0.2183135862016029,3.107735142548581,-0.0197152275312755,0.4784488152805196,0.0318491489909185,1,,
2025-08-25 04:00:00,305.29406803358955,305.99147762877766,302.8032543248304,302.9028625488281,292000,-0.0106093987273068,0.0106710055185341,0.0340815384408619,0.1411362568188654,0.0866848731114298,294.7051345825195,289.4915374755859,280.979702835083,1,1,3.467641733365326,2.9720611061329736,1,60.3814002239006,14.995315311501,0.2227533866255113,2.8959386316311675,-0.0301154595487034,0.4754652224907149,0.0254382139998314,1,,
2025-08-26 04:00:00,302.9228412038228,306.14095340329686,302.8829796666581,305.5431823730469,240300,0.0087167212683343,0.033951522816088,0.0433791638867995,0.1243992679978145,0.1051800088595087,295.4384307861328,290.1296051025391,281.0698168182373,1,1,3.8070529355019858,3.1390594720067764,1,62.773612556560174,15.990363665537611,0.2239289958694621,2.64252478108592,-0.0216612463471228,0.4776100414114724,0.0300856146689929,1,,
2025-08-27 04:00:00,305.4734374924876,307.86461287058773,304.94538613646785,307.45611572265625,235900,0.0062607626678241,0.0438738559422617,0.056996059158161,0.1417668124844171,0.1077590685638769,296.2195510864258,290.7325817871094,281.0925969696045,1,1,4.182186846141974,3.347684946833816,1,64.4485032805365,17.164886300633224,0.2219893647728401,2.9944419979841803,-0.0155360996017672,0.4795076341625609,0.0384104248654142,1,,
2025-08-28 04:00:00,308.78125487891833,309.5484146736504,307.86462191424044,309.1797790527344,240200,0.0056062092829956,0.0444265686238734,0.0594381963371215,0.1472774138432422,0.1373433265463814,297.224348449707,291.43001037597656,281.1188951873779,1,1,4.565935140397244,3.591334985546501,1,65.93571286707717,18.49372112281072,0.2222072171492251,3.0983771084112446,-0.0100169889445805,0.480494249882926,0.0358306449793983,1,,
2025-08-29 04:00:00,309.598204881919,309.7476780451484,305.3538785335955,306.56939697265625,214800,-0.008442926274402,0.0013668324236733,0.0604861402225489,0.1425697117514461,0.1145406682739988,298.3825759887696,292.04494323730466,281.1181778717041,1,1,4.606323579475429,3.794332704332287,1,61.72449098216225,19.015453355658558,0.2215505285842963,2.996211793836787,-0.0183753425198319,0.4792958401406006,0.0391629958127992,1,,
2025-09-02 04:00:00,302.0361055224646,305.4534951006326,301.20916863653264,304.7760009765625,449200,-0.0058498859109988,0.0061839574970421,0.0754085721269655,0.1271070550249762,0.1461139496788164,299.09295654296875,292.6377569580078,281.08913261413574,1,1,4.442410298956816,3.923948223257193,1,58.93933544643085,18.462266544905827,0.2086470346275007,2.6942371970171632,-0.0241177347735143,0.4800493215119624,0.044251664735335,1,,
2025-09-03 04:00:00,304.6962978285575,306.409979051687,302.892950951394,304.4173278808594,206100,-0.001176841662578,-0.0036847639127254,0.0476615436159493,0.1069994962810358,0.1530814100469306,299.71864929199216,293.1684002685547,281.0853795623779,1,1,4.23475035588524,3.9861086497828015,1,58.37204672892374,18.12541021493415,0.1935121832750075,2.3308045143533813,-0.0252661936810038,0.4768997925671852,0.0272043306614542,1,,
2025-09-04 04:00:00,304.7660491821895,308.21332720850955,304.2280248503079,307.9841613769531,304800,0.0117169200614286,0.0017174667449881,0.0550890618627544,0.1221222200663909,0.1522361397764471,300.5804702758789,293.67692504882814,281.11555335998537,1,1,4.3083282821598345,4.050552576258209,1,62.26201726221864,18.142902981934657,0.1961361402470373,2.617598692761012,-0.013845315591192,0.4784886868903338,0.0207116472892339,1,,
2025-09-05 04:00:00,309.8672279232187,311.99934885054444,305.49334403864924,309.6878662109375,290700,0.0055317936687631,0.001643338900622,0.0651428086802217,0.1266546871816734,0.1839187699478579,301.5653381347656,294.28926635742187,281.1804891204834,1,1,4.452785125317803,4.130999086070128,1,63.9928161670081,18.78947200233629,0.1948708377136433,2.704165617204993,-0.0083901113515582,0.4825330750149212,0.0413464344627416,1,,
2025-09-08 04:00:00,310.49489039923577,311.1424958868583,308.65168216104786,310.913330078125,190100,0.003957093580001,0.0141694935905694,0.0721500200633333,0.113495947186146,0.1837919167804695,302.5875671386719,294.83644775390627,281.27952888488767,1,1,4.612977375028379,4.227394743861779,1,65.2281561258574,19.389857521280653,0.1937814168517245,2.473147012080577,-0.0044662182273219,0.483255366487813,0.0447526238813988,1,,
2025-09-09 04:00:00,310.5148273011993,310.554688837075,306.84835654215783,309.67791748046875,189700,-0.003973495113078,0.0160836696071853,0.0661316147794512,0.103917327220383,0.2099900625461011,303.53855895996094,295.3507507324219,281.3702127838135,1,1,4.58736314835005,4.299388424759433,1,62.88583537256322,19.43537412208659,0.1953912110136159,2.2782734424416105,-0.0084219668440997,0.4802249117377505,0.0445739456972587,1,,
2025-09-10 04:00:00,311.15245808739706,311.69048239962353,307.21699039570984,308.55206298828125,260700,-0.0036355659497694,0.0135824564790874,0.061563682897318,0.0967137855220512,0.2006032326382105,304.04419403076173,295.825599975586,281.43348030090334,1,1,4.425205624956334,4.3245518647988135,1,60.74503118091923,19.687944333717954,0.1966356107605573,2.130066192477225,-0.0120269141779807,0.4770997964124345,0.0350493668142724,1,,
2025-09-11 04:00:00,309.4387718883744,314.85878524183244,308.7214162855508,314.5499267578125,276300,0.0194387414280845,0.0213185163532592,0.0539827089183937,0.1210064200935987,0.221768283012145,304.58719024658205,296.4329595947266,281.5237662506104,1,1,4.726191505622467,4.404879792963544,1,67.15915637633181,20.47038946478665,0.1868255267206654,2.571511588944389,0.0,0.4823654315565902,0.0300383116511595,1,,
2025-09-12 04:00:00,314.40051635176945,314.40051635176945,311.5211510645965,311.72039794921875,277700,-0.0089954839212929,0.0065631623322846,0.0264427391196779,0.1165853988079062,0.2321797411463939,305.2059097290039,296.91797119140625,281.5728687286377,1,1,4.682429524198142,4.460389739210464,1,62.011415837238026,21.196945657921862,0.1825443876934091,2.4760524060940567,-0.0089954839212929,0.4781863731648529,0.0068947548686579,1,,
2025-09-15 04:00:00,313.27462084778983,314.3307234493329,312.3779339755003,313.21484375,603400,0.0047941867475247,0.0074024284236917,0.046330450597769,0.1446245852259529,0.2065233976872102,305.95365142822266,297.36273071289065,281.60275428771973,1,1,4.713997100931465,4.511111211554664,1,63.59843511969458,21.87160498011885,0.1737430208097815,3.0953659633011386,-0.0042444232035712,0.4779343879959092,0.0210632407694826,1,,
2025-09-16 04:00:00,313.2018949076775,313.52109903343586,310.71815439376576,313.3315734863281,241300,0.0003726826447001,0.011798245207748,0.0505316275304439,0.1299074867348864,0.191016448202945,306.63499450683594,297.8945123291016,281.61183250427246,1,1,4.694320542000185,4.547753077643768,1,63.72590620583467,21.92724191838461,0.1725966367615512,2.8278086637288022,-0.0038733223817357,0.4787716752358827,0.0241728361045803,1,,
2025-09-17 04:00:00,314.10962061327416,320.2142550422185,311.4562933432528,314.2193603515625,430100,0.0028333782496168,0.0183673941713249,0.0484298306316315,0.1454968862560042,0.2084613916611877,307.5704544067383,298.41754760742185,281.63436164855955,1,1,4.696228508816319,4.577448163878279,1,64.73729729303146,23.13856936895529,0.1723792157607706,3.1675875066682275,-0.0010509187195091,0.4807255316870117,0.0231726501642037,1,,
2025-09-18 04:00:00,317.4412351988906,323.36632874447463,316.7230411193961,323.03717041015625,377000,0.0280625931156119,0.0269821828916796,0.0931508000855496,0.1711766554254405,0.2188624913323167,308.99562377929686,299.0410186767578,281.69944465637207,1,1,5.34762012841685,4.731482556785993,1,72.83797570415375,24.683359162982704,0.1834647546230717,3.5319218711803875,0.0,0.491917387591855,0.0560939142933529,1,,
2025-09-19 04:00:00,324.0845095137629,324.09449415532606,320.81274338398936,321.60076904296875,357500,-0.0044465513530957,0.0316962610042592,0.091897730073815,0.1688821884295657,0.2229020368367098,310.2742492675781,299.629584350586,281.7459076690674,1,1,5.68244342355996,4.921674730140786,1,70.01631494262074,26.210031660671778,0.1841039992068124,3.4844709185939924,-0.0044465513530957,0.4873164796839212,0.0468954662074534,1,,
2025-09-22 04:00:00,320.44367410402106,324.7627925663957,318.7479288662225,324.1343994140625,352800,0.0078781850510911,0.0348628294027413,0.0949441117727434,0.1664329130380493,0.2386295494222152,311.1734222412109,300.3604846191406,281.8093463897705,1,1,6.082125141111931,5.153764812335016,1,72.07148121642106,26.93255084601868,0.1845163029760229,3.44409674583523,0.0,0.4888428842976348,0.040680948756979,1,,
2025-09-23 04:00:00,325.22167901876804,327.0271336550037,322.31897919010095,323.2566223144531,496200,-0.0027080652383583,0.0316758656578797,0.0558733622582399,0.1440366619727833,0.2005321683371965,312.1911102294922,301.02042724609373,281.8772100067139,1,1,6.255932015679662,5.374198253003946,1,70.27433111882523,27.93523820829605,0.1505752077991407,3.053111884580677,-0.0027080652383583,0.4901874337140415,0.0245347423979709,1,,
2025-09-24 04:00:00,323.27653863616257,323.6256662332023,318.33898127567426,318.578369140625,510800,-0.0144722578004211,0.0138725022677961,0.0517509357947054,0.1415682624222054,0.1881640414970591,312.8428695678711,301.6718908691406,281.9111357879639,1,1,5.947618834985121,5.488882369400181,1,61.47581638293008,27.644621122437105,0.1553743816307444,2.994007650804786,-0.0171411312205095,0.4846352465154342,0.0192864243081385,1,,
2025-09-25 04:00:00,313.870211190215,316.1744106853096,311.88521580516294,315.3265380859375,632300,-0.0102073190451047,-0.0238691798669132,0.0320195516617545,0.1120500810094724,0.1965083322100818,313.2363906860352,302.1833935546875,281.95083671569824,1,1,5.378878465862101,5.466881588692565,0,56.20789923743583,25.82792768975492,0.1595322311653298,2.425770070891617,-0.0271734852704524,0.4819117184364199,0.0090066720796633,1,,
2025-09-26 04:00:00,316.2342727959629,318.4586865905686,315.19687460913104,318.38885498046875,497400,0.009711573637664,-0.0099872710878712,0.035558698294603,0.1212345076116949,0.2158415356968881,313.69684448242185,302.6756396484375,281.9928763580322,1,1,5.116273786872341,5.39676002832852,0,59.70933309176436,24.57739542724312,0.1612547801509302,2.5977001710310392,-0.0177258089359845,0.4838199651488963,0.0089932478215215,1,,
2025-09-29 04:00:00,321.10202690531474,321.10202690531474,318.149464869232,319.067138671875,536200,0.0021303625450326,-0.0156332087903893,0.0319793217054282,0.1202822437935842,0.2446356355911874,314.3217315673828,303.2232971191406,282.05375648498534,1,1,4.906332366615175,5.298674495985852,0,60.46337531506007,23.8892197556789,0.1606460782460945,2.579226762446784,-0.0156332087903893,0.4834918877054178,0.0062386549333777,1,,
2025-09-30 04:00:00,318.1394797078172,319.6955617540875,315.93503521576434,319.2367248535156,629500,0.0005315062602389,-0.0124356229182741,0.0413196098695696,0.1233532937989969,0.2553851386243189,315.04476776123045,303.8199780273437,282.1258827972412,1,1,4.699463970742556,5.178832390937194,0,60.66160632859525,22.747884365682804,0.156569547056451,2.641537035909024,-0.0151100116784901,0.4819334874365803,0.0055031716845401,1,,
2025-10-01 04:00:00,317.1918465467854,320.0646227186698,317.1918465467854,319.2466735839844,491300,3.116411645098793e-05,0.0020977709351772,0.0474796984049104,0.110539797454535,0.2547858533954992,315.7862350463867,304.4058990478516,282.1895421600342,1,1,4.484626078164808,5.039991128382717,0,60.67406331452092,21.75951958217503,0.1541728438886969,2.4020944583363617,-0.0150793184522027,0.4803118547333588,0.000546888016776,1,,
2025-10-02 04:00:00,320.47358975511975,322.8077127296806,318.9773547375054,322.6880187988281,289500,0.0107795804924446,0.023345579339993,0.0600185641374508,0.1089816911438499,0.2446994124610246,316.5214279174805,304.9582238769531,282.2931855010986,1,1,4.539722207065324,4.939937344119239,0,64.823543534765,21.36217874683062,0.1563663542143459,2.3748586827088416,-0.0044622866867848,0.4849308699416396,0.0168401779569298,1,,
2025-10-03 04:00:00,324.31393860767184,327.86500068229446,323.5059741179447,324.6430969238281,797000,0.0060587254905761,0.0196434072535078,0.0540902346159466,0.1321764482632887,0.3383434222657773,317.269189453125,305.6172009277344,282.4154677581787,1,1,4.687114611963864,4.889372797688163,0,66.95668100895509,21.813575956957564,0.1535147935155252,2.8752964671953354,0.0,0.4878761376081656,0.0196189606463641,1,,
2025-10-06 04:00:00,327.166761435892,328.44354752001976,325.0620719798065,326.9173889160156,434000,0.0070055147136582,0.0246037566789782,0.0556351235709784,0.1348634589977604,0.4140260833277069,318.0693923950195,306.29715454101563,282.5335732269287,1,1,4.930603582563549,4.8976189546632405,1,69.28969666027442,22.31849822874781,0.1539590011108648,2.9254402863521736,0.0,0.4895383644333729,0.0145177393658144,1,,
2025-10-07 04:00:00,327.5956843312885,327.94478148397974,320.9922748573135,323.41619873046875,495800,-0.010709709254549,0.0130920835592174,0.0402133567229237,0.1081072800973086,0.408095033541852,318.75630645751954,306.90867797851564,282.6514685821533,1,1,4.785884857176995,4.875272135165992,0,62.02893056070632,21.75878442795533,0.1606013331418513,2.3853858468281177,-0.010709709254549,0.4860977545395092,0.0058817516551425,1,,
2025-10-08 04:00:00,324.7827734687325,327.5358253670541,323.19676790747627,327.1468200683594,476500,0.0115350478811349,0.0247462139407279,0.0564099072029971,0.1197044091085897,0.4665288779363812,319.68604431152346,307.6340692138672,282.8512181854248,1,1,4.915560665014482,4.883329841135691,1,66.1046481509993,21.239050184362316,0.162396817040762,2.60409382756767,0.0,0.4887902336310317,0.0178360632360503,1,,
2025-10-09 04:00:00,326.9074272133381,328.2141367522259,324.1942530417048,325.9198913574219,248400,-0.0037503916763768,0.0100154711991602,0.0562881615534693,0.1332820585142038,0.3340837110205212,320.2545425415039,308.3157928466797,283.05034828186035,1,1,4.8632660797978815,4.879317088868129,0,63.68360925651009,20.885573960799444,0.1624534363547203,2.921032175055144,-0.0037503916763768,0.4883718962830437,0.0236262936085283,1,,
2025-10-10 04:00:00,326.847550828386,327.9048877579578,316.0447174405646,316.5334777832031,560500,-0.028799756698265,-0.0249801065153336,0.0063059974161681,0.0905189584977663,0.3504529841829533,320.4951965332031,308.8647857666016,283.1878887176514,1,1,4.018098970590302,4.707073465212564,0,48.92186144579104,20.01420942211137,0.1841709052891782,1.9508426501499831,-0.032442138006839,0.4874824975391277,0.0106082767291693,1,,
2025-10-13 04:00:00,322.8376412160364,326.92735641576445,322.2391411115187,326.6679992675781,233500,0.0320172183850842,-0.0007628521972,0.0479519512251951,0.1421750827854317,0.3678471753720325,321.16785430908203,309.730048828125,283.38126930236814,1,1,4.118592562180254,4.589377284606102,0,59.76593138984898,19.205085207615305,0.210785799409154,2.847057442041295,-0.0014636266391988,0.4954875333997053,0.0361807889261787,1,,
2025-10-14 04:00:00,321.77030181539897,332.4434566935724,319.705520708235,329.5108337402344,513000,0.0087025190071576,0.0188445570558597,0.0520281535674644,0.1372191106204452,0.3653565563672454,321.97681732177733,310.50889770507814,283.57455436706545,1,1,4.377170148142852,4.546935857313452,0,62.19079755348028,18.33289675269909,0.2117970155284086,2.767729612309638,0.0,0.5004108523984604,0.0470283473361274,1,,
2025-10-15 04:00:00,333.38113863601615,336.41351702889403,328.82260162518986,334.1591796875,565000,0.014106807641202,0.0214349007509084,0.0664714569598925,0.1374603567039631,0.3843890141261759,322.9738082885742,311.3540118408203,283.77379035949707,1,1,4.900685367717131,4.617685759394188,1,65.81838546707834,18.191181131283365,0.2153701527320324,2.771420862037901,0.0,0.5052270846833306,0.0552568391486687,1,,
2025-10-16 04:00:00,335.03699441712087,335.6853569224852,325.68053199640644,327.0470886230469,718500,-0.0212835423857103,0.0034585101907413,0.0408241180846786,0.121236651108872,0.3741298113935276,323.17430419921874,312.0799987792969,283.96345191955567,1,1,4.687652302495962,4.631679068014543,1,56.83357437930085,17.403403707540154,0.2314309703199295,2.417331701482184,-0.0212835423857103,0.4978646509040577,0.0356526085829052,1,,
2025-10-17 04:00:00,323.94488403022143,326.36877758817013,320.1743727930854,323.2167053222656,382700,-0.0117120238461934,0.0211138094645391,0.0005557716837396,0.1168407491732439,0.3484510020250642,323.2551010131836,312.7445227050781,284.1469297027588,1,1,4.161767873528277,4.537696829117291,0,52.66388032374219,16.64137028443787,0.2154756029798553,2.3275610819983035,-0.0327462928759508,0.4892564360401991,-0.0054093464040424,0,,
2025-10-20 04:00:00,328.5731961087596,330.35871171156737,327.15677737210206,329.5008544921875,264400,0.0194425259166484,0.0086719704132665,0.0245648835751484,0.1364033351078646,0.4103875929702973,323.52342376708987,313.52516479492186,284.36436210632326,1,1,4.2036222532934175,4.470881913952516,0,58.095715499045326,15.672281734652035,0.2247940981147251,2.640161226702596,-0.0139404376072173,0.4936347805859162,0.0129654981216582,1,,
2025-10-21 04:00:00,328.2240709212405,329.57068850368273,325.55080503849723,328.2041320800781,484600,-0.0039354144137435,-0.0039655802673437,0.0125556950245715,0.1122857463176829,0.368178923102572,323.7707992553711,314.27608581542967,284.5704418182373,1,1,4.085067375467702,4.393719006255553,0,56.65111550186033,14.615307932042086,0.2241303760310618,2.2352596388115598,-0.0178209906218674,0.4916994516806425,0.0058435286157678,1,,
2025-10-22 04:00:00,326.827596698633,327.3463109876633,317.42127318109004,321.4511413574219,741100,-0.0205755810563914,-0.0380298944412135,-0.0055852868352839,0.10201400111757,0.3136514259706071,323.91443786621096,314.7363214111328,284.71304389953616,1,1,3.4069289106861333,4.19636098714167,0,49.717684215977904,14.85707089852295,0.2357860871164948,2.018907317243461,-0.0380298944412135,0.4840992366320997,-0.0124201410791232,0,,
2025-10-23 04:00:00,322.5982685450914,327.35628524020063,322.5982685450914,326.3587951660156,343100,0.0152671842690299,-0.0021045698952072,0.0244223298850407,0.114157859550031,0.3031281411826694,324.46605072021487,315.189697265625,284.87824668884275,1,1,3.2282921961077022,4.002747228934877,0,54.11301646221734,15.079641508122478,0.2355491325424843,2.2180029580844254,-0.0233433195783493,0.4885927669378521,0.0081659773012234,1,,
2025-10-24 04:00:00,331.8350198318359,333.331254868529,330.6480042674476,330.8275451660156,389900,0.0136927518614191,0.0235471735167944,0.0491585870766562,0.129721058690162,0.3170464927541867,325.0879852294922,315.8193280029297,285.07647575378417,1,1,3.40802648302082,3.8838030797520657,0,57.7358271087538,14.204881795873224,0.2354456771072118,2.4752665800996807,-0.0099702019995382,0.4912680236024936,0.0194149774909615,1,,
2025-10-27 04:00:00,335.02699024324613,335.4459494733092,331.8051167483773,332.81256103515625,340300,0.0060001529441706,0.0100506766456573,0.0453021700636233,0.1441683787152994,0.3203979814584223,325.77525634765624,316.5103790283203,285.29342414855955,1,1,3.668354879901017,3.840713439781856,0,59.27394995773101,13.330425238076112,0.2343404395172021,2.730571449295889,-0.0040298717922491,0.4884530781281128,0.0095761095303099,1,,
2025-10-28 04:00:00,332.48339799468107,334.12925052473935,330.3388004287881,330.9671936035156,346300,-0.0055447649749184,0.0084187286306418,0.0372963978088589,0.1340951459127011,0.3040153320021999,326.3617797851563,317.1356286621093,285.53299491882325,1,1,3.683302462626159,3.809231244350717,0,57.190208274276046,12.483156478516651,0.2358789594097722,2.551124996280925,-0.0095522920752003,0.4844580006643403,0.0019981989015525,1,,
2025-10-29 04:00:00,331.22653583072326,335.03695503855243,327.14680527443784,330.0395202636719,417800,-0.0028029162943414,0.0267175250023472,0.0338394506932533,0.1416740888737202,0.3080018231440236,326.90142211914065,317.8262158203125,285.77026252746583,1,1,3.5790361432052578,3.763192224121626,0,56.122110735890416,12.211028788547488,0.2363961330336995,2.694080270772558,-0.0123284340944359,0.4828681418430343,0.001939384647092,1,,
2025-10-30 04:00:00,327.78518723390795,331.58565228970457,326.4884623590865,326.5483093261719,339700,-0.0105781602600526,0.0005806926700406,0.0228714544155357,0.1522326230992794,0.2851937642188875,327.0944366455078,318.46650634765626,285.9784969329834,1,1,3.178058112824772,3.6461654018622554,0,52.17298790206618,12.062591933203644,0.2401619654886944,2.9163588131683347,-0.0227761822028821,0.483073193771386,0.0057490545170078,1,,
2025-10-31 04:00:00,327.6256173923149,330.5183324340509,325.9099332976126,329.8599853515625,358900,0.0101414581879912,-0.0029246652178481,0.0222256983058475,0.1352232273906679,0.2672073914291808,327.3552810668945,319.1431408691406,286.1739253997803,1,1,3.091863633921662,3.535305048274136,0,55.380358615262345,12.020395784678229,0.2398507707514855,2.6794851227007914,-0.0128657077143834,0.4863768956426711,0.002981921322529,1,,
2025-11-03 05:00:00,329.54077214276174,329.680435356853,323.8351280262026,327.6854553222656,359500,-0.0065922819555674,-0.015405385232287,0.0093713940855835,0.1225815577538034,0.2665041545679016,327.39368438720703,319.57383117675784,286.354506149292,1,1,2.8156306508607827,3.391370168791465,0,52.87302393559184,12.32528636591249,0.2405950493715772,2.4432571356249024,-0.0193731752971397,0.4822654571700492,-0.0115002149226298,0,,
2025-11-04 05:00:00,322.2591110992392,325.6904792356019,320.26413104046924,320.37384033203125,271900,-0.0223129066959767,-0.032007260768494,-0.020015908623525,0.1018962295619856,0.2562189389602987,327.2415664672852,319.9232507324219,286.49231819152834,1,1,1.9838591047874277,3.1098679559906577,0,45.425839723573375,13.156195373533244,0.2518611154099089,2.0143924164246543,-0.0412538101403067,0.4771607571149519,-0.0252842437236715,0,,
2025-11-05 05:00:00,322.4486502600006,327.59570268195085,321.70053270636214,326.0794982910156,301900,0.0178093753006522,-0.0119986296474208,0.0082348984713855,0.1244488634408391,0.2740176938075251,327.18820037841795,320.33397705078124,286.6232816314697,1,1,1.764730361944828,2.840840437181492,0,51.20197426820279,13.484989767233564,0.2571044146004651,2.389076355617134,-0.0241791394270249,0.483981507828381,-0.0043535414252898,0,,
2025-11-06 05:00:00,326.18921564967525,326.18921564967525,318.3788518785777,319.0970458984375,492200,-0.0214133437679252,-0.0228182575592259,-0.0246059985184627,0.0985589530661645,0.2217031004178795,326.8470581054688,320.56679565429687,286.7233078765869,1,1,1.0159326618830278,2.4758588821217997,0,44.93418937143289,14.294503827927628,0.2645380589011499,1.89113284205218,-0.0450747269703868,0.4787545626537292,-0.0205316519987551,0,,
2025-11-07 05:00:00,315.61583849126464,320.2641458967398,311.2568117312045,320.2342224121094,520800,0.0035637325017223,-0.029181359870595,-0.017444989078857,0.101755785526765,0.2297584040359435,327.03209533691404,320.7878845214844,286.8193808746338,1,1,0.5084051525334417,2.082368136204128,0,46.09160243718072,15.934453344747954,0.2648117072820366,1.9462139593591616,-0.041671628738175,0.4799881638627121,-0.0171666971095991,0,,
2025-11-10 05:00:00,325.0919758392472,325.88000147795947,321.4212198741005,324.14434814453125,314800,0.0122102057143347,-0.0108064215857607,0.0240444404637063,0.086131354915264,0.1992638370686263,326.9059127807617,321.1393835449219,286.94588569641115,1,1,0.4168947104437848,1.7492734510520591,0,49.984379472644186,16.249819467831,0.2475329986039227,1.711109040307779,-0.0299702421831847,0.4783840491479486,-0.018664153968828,0,,
2025-11-11 05:00:00,322.36883414662566,324.25410499428017,320.99229297677914,323.3264465332031,195800,-0.0025232635275301,0.009216127627998,-0.010229201335506,0.0646595012477748,0.1903210726186384,326.59669342041013,321.51039245605466,287.0978643035889,1,1,0.2752018456756104,1.4544591299767695,0,49.18431541128616,16.59971597339161,0.2209225411267214,1.335707562544081,-0.0324178828917028,0.4760870825381518,-0.0391542663615379,0,,
2025-11-12 05:00:00,324.62318485083154,326.08949653476526,321.5508982554549,322.009765625,297600,-0.0040722957318244,-0.0124807989687947,-0.022764253393707,0.0757109054263598,0.1935196492245685,325.98922271728514,321.8622412109375,287.2343657684326,1,1,0.0560183396254387,1.1747709719065034,0,47.85632791191521,16.542372590145277,0.2187138467435954,1.5538016959843424,-0.0363581634173926,0.4738846038217363,-0.0530089394536192,0,,
2025-11-13 05:00:00,319.5060341410333,319.57586575007593,309.1022202689755,309.97003173828125,430200,-0.0373893439639956,-0.0286026281893603,-0.0723880995034762,0.0392611197922847,0.1452194623868321,325.1353698730469,321.9019586181641,287.3126062774658,1,1,-1.0767796271848624,0.7244608520882303,0,37.80474056487458,17.956322523049824,0.2450446913462272,0.8228339572793779,-0.0723880995034762,0.4638637334308578,-0.0818708111786974,0,,
2025-11-14 05:00:00,303.95515835207647,313.8502726872128,303.815495138415,311.3365783691406,444700,0.0044086411295825,-0.0277848006872868,-0.0480374563799101,0.0388110896915543,0.1369749214990818,324.54136352539064,321.9349328613281,287.380338973999,1,1,-1.84301614199984,0.2109654532706162,0,39.36155058505221,19.725686355055483,0.2375429284151027,0.8148573226131929,-0.068298591526657,0.4659850559595329,-0.064032654028832,0,,
2025-11-17 05:00:00,309.69073674226973,312.3440639256268,303.885337351037,305.8104858398437,539800,-0.0177495768670806,-0.0565607958603453,-0.0538530935926313,0.0348560719681982,0.1216449034141402,323.3568450927734,321.8328759765625,287.4341547393799,1,1,-2.8631687568899906,-0.403861388761505,0,35.492589184978826,21.368667056203595,0.2414665557858735,0.7409336973763153,-0.084835897293522,0.4620183818878134,-0.0556723471495582,0,,
2025-11-18 05:00:00,303.16715097030306,308.6633310207038,302.51878851021684,306.1895446777344,480400,0.0012395220420571,-0.0530018562948234,-0.070747342523222,0.0395735986604059,0.1200100333204921,322.25611572265626,321.7631085205078,287.5042748260498,1,1,-3.5995666104691395,-1.043002433103032,0,35.957599895082964,23.01378781787947,0.2284885020707129,0.8256162501900395,-0.0837015312161179,0.4665085943951376,-0.0549519346237746,0,,
2025-11-19 05:00:00,307.69576652490935,311.41641548604906,305.7007863627719,307.197021484375,479900,0.0032903697208244,-0.0460009158786672,-0.0640062343595894,0.037728702774175,0.1558404710521224,321.5434097290039,321.7360076904297,287.5618433380127,0,1,-4.055127273450466,-1.645427401172519,0,37.252285649213405,23.92669440594304,0.2296387097625369,0.7929991245243722,-0.0806865704791935,0.4662423924714474,-0.051773617241553,0,,
2025-11-20 05:00:00,313.55100470493454,315.4661989097024,299.6160681091724,299.9352722167969,710900,-0.0236387359242267,-0.0323733215924469,-0.0669335596376106,-0.0203026249921002,0.127842247027621,320.222233581543,321.4437145996094,287.56491783142087,0,1,-4.945120586038058,-2.305366038145627,0,32.1994406777351,25.34412116633081,0.2328084947708801,-0.2865312278257301,-0.1024179778712311,0.4622669987419244,-0.0450986827454287,0,,
2025-11-21 05:00:00,300.7033582860165,310.0498356917313,299.2270924140421,307.7456359863281,456500,0.0260401643054699,-0.0115339559573204,-0.0570328100709501,0.0159878761024232,0.1593806019088683,319.0681381225586,321.3642193603516,287.6153916168213,0,1,-4.963005181680671,-2.836893866852636,0,41.40514879022308,26.69436170720825,0.2461773230595366,0.4006971450616032,-0.079044794537362,0.4696264535228938,-0.0388182443506593,0,,
2025-11-24 05:00:00,309.002476273377,316.16444775373003,308.2842821969556,315.2866516113281,595500,0.0245040538132439,0.0309870531269067,-0.0469758149881044,0.0318890088222789,0.1602552461747608,318.1918426513672,321.4056555175781,287.72011589050294,0,1,-4.318896365655007,-3.1332943666131103,0,48.65406753206578,26.6547201899497,0.2578096080630782,0.6786947690553421,-0.0564776586231182,0.4741553465947168,-0.0348336878966569,0,,
2025-11-25 05:00:00,316.4437301522513,322.3488845756885,314.3889031077027,321.6606140136719,382300,0.0202164042460044,0.0505277518610927,-0.0335081914781045,0.0462000837343203,0.1945165348262654,317.726513671875,321.572236328125,287.8499028778076,0,1,-3.2565702769504696,-3.157949548680582,0,53.85092834054016,25.53412292358056,0.267983652702126,0.9187189393916662,-0.0374030295547067,0.4792333975210495,-0.0188752636023825,0,,
2025-11-26 05:00:00,322.707975496659,326.9672775647073,321.6606231027677,324.9024658203125,363800,0.0100784854141415,0.0576354687632869,-0.0183242566043219,0.0508528947648172,0.2056197914354642,317.469660949707,321.7858984375,288.0149291229248,0,1,-2.128542339379294,-2.952068106820325,1,56.27493520630188,23.794439444878567,0.2704553170086583,0.9962244227283356,-0.0277015100283769,0.4807445324045011,-0.0076652016371839,0,,
2025-11-28 05:00:00,326.31889650867816,327.56575902127605,324.9822331071115,327.2964172363281,207600,0.0073682155965526,0.091223499048002,-0.0083114380518801,0.0676095542097456,0.219818340616519,317.50706634521487,321.87108337402344,288.19992454528807,0,1,-1.0295323911228138,-2.567560963680823,1,58.02815278801495,22.098533279332063,0.2717703469860286,1.2810084689428671,-0.0205374051300635,0.481657678441076,-0.0025068197652016,0,,
2025-12-01 05:00:00,323.01719729193104,324.8027130479904,321.1918038504154,321.4710998535156,449200,-0.0177982925447248,0.0446000276273528,-0.0155481113441775,0.054778259519971,0.1888480177919247,317.0876220703125,321.8684899902344,288.3382044219971,0,1,-0.6214498309624901,-2.1783387371371568,1,52.51065998372278,21.063689645002626,0.2763377879544782,1.0542055976941769,-0.0379701669301739,0.475254772414739,-0.0161847551415719,0,,
2025-12-02 05:00:00,323.8451245389613,325.95979858258664,321.46110869856625,321.8202209472656,408800,0.0010860108230852,0.020722632254003,-0.0243732636916482,0.0571678793305001,0.1702843099033546,316.7943603515625,321.82220642089845,288.4787268829345,0,1,-0.2667948623216603,-1.7960299621740574,1,52.80031649579392,19.91399264049197,0.2736698817009798,1.0943818074906648,-0.0369253921193293,0.4748912633090539,-0.0236146750318817,0,,
2025-12-03 05:00:00,322.68804722894043,327.82511515381685,321.7204806146641,327.6355895996094,202500,0.0180702400713865,0.0185754031598146,-0.0001521755752241,0.0638066195832849,0.1937210456881182,317.1574478149414,321.90978576660154,288.639680557251,0,1,0.4780131664280702,-1.3412213364536318,1,57.45530315932335,18.53981498515402,0.2806037743783508,1.1983055622057728,-0.0195224027482692,0.4818042860803587,-0.0009562598416162,0,,
2025-12-04 05:00:00,326.9173872995007,333.35121045689027,326.52838199972746,332.3138122558594,306500,0.0142787377340998,0.0228109885741703,0.0372688728625711,0.0730604861009009,0.208968626295025,317.4691635131836,322.18449462890624,288.8274538421631,0,1,1.4292963277256376,-0.787117803617778,1,60.80423863226376,17.99720983576654,0.272212654861671,1.3437743044191208,-0.0055224202829513,0.4883268487725076,0.0234011106132636,1,,
2025-12-05 05:00:00,331.88488379062267,332.79260337026966,329.32132710929886,330.3188171386719,812500,-0.0060033469678698,0.0092344423683727,0.0130008751542938,0.0624144582532719,0.1829941934969832,318.03025207519534,322.4843402099609,289.0194623565674,0,1,1.9991704609583396,-0.2298601507025545,1,58.68285971475566,17.493362197049592,0.2671108514459052,1.1680783081255657,-0.0114926142457603,0.484474975200835,0.0010195996426973,1,,
2025-12-08 05:00:00,333.1815931614248,333.4509349390598,329.4509903661345,330.6280212402344,453300,0.000936077769474,0.0284844310760479,0.0361362647821783,0.0676512679051031,0.1785987340692545,318.5499420166016,322.72912353515625,289.2655355072022,0,1,2.4475363288755148,0.3056191452130593,1,58.92207065041242,17.12534329897146,0.2546747072525323,1.2548231188497945,-0.0105672944569947,0.4863897311877631,0.0159479807183711,1,,
2025-12-09 05:00:00,329.6405296016273,333.1118058455082,329.6405296016273,330.8275451660156,230300,0.0006034694973304,0.0279886832226927,0.033079920921986,0.0721935933987918,0.17588949462888,318.8841018676758,322.9643316650391,289.52597175598146,0,1,2.7868444151535527,0.801864199201158,1,59.0866782700108,16.783611465041762,0.2546250477178174,1.3298908443333557,-0.0099702019995382,0.4871036498814161,0.0148242947522747,1,,
2025-12-10 05:00:00,330.2988659810847,336.00450995399285,328.89240143919363,333.6005554199219,607400,0.008382041623876,0.0182060985120757,0.0291728278759753,0.0605647213416056,0.1888998615487185,319.3978073120117,323.2516082763672,289.8116513824463,0,1,3.242133968359269,1.2899181530327803,1,61.40167824483792,16.929997144905233,0.2529690811916359,1.1496184596754209,-0.0016717310238208,0.4879503992682322,0.0199972180036569,1,,
2025-12-11 05:00:00,333.75020867237816,338.96709285047865,332.6430092738249,338.4783020019531,412500,0.0146215181683115,0.0185502062169702,0.0468624068065339,0.0858394388970766,0.2124324629222453,320.2212341308594,323.63624084472656,290.11630378723146,0,1,3.95100290156438,1.8221351027391004,1,65.13836305407077,17.503730530624402,0.2564877792495085,1.5616251986739251,0.0,0.4939356123466167,0.0374900526880701,1,,
2025-12-12 05:00:00,338.11918337096165,338.37854050966126,330.8275339740991,332.0843811035156,330300,-0.0188901943215272,0.0053450299324078,0.0312866768464659,0.0602447097576792,0.2135821611443944,321.3269515991211,323.8241680908203,290.4175064849853,0,1,3.951302502330577,2.247968582657396,1,57.30666573578872,17.612778966080636,0.2660890316179282,1.1278044155359834,-0.0188901943215272,0.4898721629212598,0.033737241029965,1,,
2025-12-15 05:00:00,333.91978627572735,334.1292506673926,327.86501423227355,328.2141418457031,413400,-0.0116543850841515,-0.0073008917558664,0.0588576579649029,0.0474978253668534,0.1835756352205202,322.1708297729492,323.8955889892578,290.68325996398926,0,1,3.5977711091186397,2.5179290879496445,1,53.14171509609744,17.05940120716416,0.2312222767216533,0.9139422890087624,-0.0303244258067413,0.4848956269712696,0.045340672323862,1,,
2025-12-16 05:00:00,326.64258213366577,329.76164711432983,324.8631140096469,327.37237548828125,343800,-0.0025646864351677,-0.0104440205424868,0.0515063061434675,0.0418593403092748,0.1934466302410091,323.2489242553711,323.9046887207031,290.99051582336426,0,1,3.2126381302651907,2.656870896412754,1,52.25221125853657,15.9372953737634,0.2318825522332627,0.8207597038010996,-0.0328113395983882,0.48497712356278,0.0407568168986443,1,,
2025-12-17 05:00:00,327.78226072176216,329.80164755741606,320.9742932884832,321.6540832519531,348000,-0.0174672411739054,-0.03581070826735,0.051808548580662,-0.0042815108751944,0.1661622498384627,324.022151184082,323.8694464111328,291.27876960754395,1,1,2.4181244427354045,2.6091216056772844,0,46.55177645011008,15.40891310642993,0.2315738113990368,0.0375343813014129,-0.0497054571902896,0.4818075382953842,0.0428319676951205,1,,
2025-12-18 05:00:00,326.042811115032,328.0821811425492,323.4835460356205,324.183349609375,363100,0.0078633118281936,-0.042232994871546,0.0587668822937086,0.0080303930058736,0.1782687717802209,324.87146759033203,323.81017700195315,291.5632234954834,1,1,1.969850072838483,2.481267299109524,0,49.19204399509948,14.91827242962028,0.2322519098915005,0.2527386327241304,-0.042232994871546,0.4819567256864981,0.0331143551843673,1,,
2025-12-19 05:00:00,324.8331514043753,329.9516205718262,324.8331514043753,329.5117492675781,454600,0.0164363767128188,-0.0077469221147609,0.0726397921287727,0.0165898771103476,0.1857838917228154,326.3502914428711,323.88201416015625,291.90288902282714,1,1,2.021247048384623,2.389263248964544,0,54.31239742713223,14.062655138178284,0.2369999386522448,0.3992588861428614,-0.0264907755721466,0.4854782424076363,0.0412571877778509,1,,
2025-12-22 05:00:00,331.83104226741176,336.5096398080843,331.23121502947106,334.45025634765625,436800,0.014987347465015,0.0190001395640191,0.1150747755532783,0.0346277021428329,0.1836520227440576,327.6855224609375,324.2403497314453,292.26193092346193,1,1,2.43243616041832,2.3978978312552988,1,58.48805494063638,14.04765696220308,0.2184130428913745,0.7009608335269297,-0.011900454565249,0.4897034736243058,0.0593520085947096,1,,
2025-12-23 05:00:00,332.58081565269896,333.9004294624301,331.05127298957257,332.2909240722656,637700,-0.0064563630447513,0.0150243238350464,0.079758362802675,0.043042956647153,0.1907047356514102,328.5357360839844,324.3528082275391,292.6437142181396,1,1,2.5546183753945684,2.429241940083153,1,56.074802613184175,13.994717984052064,0.2082886172955489,0.8447115866711357,-0.0182799839549295,0.4843281701951402,0.0313051289210004,1,,
2025-12-24 05:00:00,332.03099056338897,333.20062467921804,330.95129544733726,332.9007263183594,121200,0.0018351456567653,0.0349650250129009,0.0558668583557577,0.0557332990083832,0.17402830068667,329.0977416992188,324.4206060791016,293.0232302093506,1,1,2.6698779153019814,2.477369135126919,1,56.61916447912936,13.92239598371595,0.1941408567401908,1.0584251915304292,-0.0164783847313249,0.4835161566823242,0.0197420743113723,1,,
2025-12-26 05:00:00,333.11065666266364,333.13067022579736,329.2118254116403,330.9613037109375,412800,-0.0058258287053635,0.0209077798404193,0.0289146053077866,0.0394877161489839,0.1655094975847113,329.40068359375,324.3566485595703,293.3907634735108,1,1,2.5750432395342955,2.4969039560083943,1,54.31373542430012,13.44448031669302,0.1852283955746963,0.7888309475193055,-0.0222082131899026,0.4807480294541252,0.0031605308413613,1,,
2025-12-29 05:00:00,328.7819733376066,330.661417834318,327.5423527157252,328.34210205078125,617700,-0.0079139211466361,-0.0035496373631492,0.0105866732090948,0.0290690022717898,0.1528477308834659,329.45296783447264,324.382548828125,293.76755950927736,1,1,2.2624581817604508,2.450014801158806,0,51.27709818933966,12.617893831482334,0.1851212724936798,0.6119705725530045,-0.0299463802885462,0.478649155087979,-0.0043586087314229,0,,
2025-12-30 05:00:00,328.37208344757624,328.6220089219173,325.4029675920652,325.65289306640625,202400,-0.008190265480968,-0.0263039513777656,-0.0050215159206437,0.0200984652246221,0.1459309709093805,329.6620574951172,324.4312725830078,294.09781829833986,1,1,1.7772485658704795,2.315461554101141,0,48.29174033808881,12.052388461552164,0.1857629275653551,0.4589395051708925,-0.0378913769647569,0.4753092919611349,-0.0131802870878922,0,,
2025-12-31 05:00:00,325.8528528908879,325.9028257834744,322.81375051298625,322.9137268066406,298000,-0.0084113063881396,-0.0282198416697823,0.0044875789885385,0.0114865824019041,0.1232961043485905,329.71673278808595,324.2995300292969,294.39699127197264,1,1,1.1583360476179223,2.084036452804497,0,45.39280517471048,12.055321246907868,0.1771900229917943,0.3116045181013709,-0.0459839673717775,0.4748293147784431,-0.0008952201240067,0,,
2026-01-02 05:00:00,325.7128843634727,327.19245420742715,322.77375823965303,327.0224914550781,517600,0.0127240321712858,-0.0176576210220094,0.0161651449138273,0.0134323941508105,0.1238779703253265,329.6860778808594,324.27589721679686,294.7320234680176,1,1,0.9879973679778118,1.8648286358391604,0,50.22003308937622,11.738200786840212,0.1823738148579419,0.3446475122502776,-0.0338450366806936,0.4799912152862261,0.0107391994151158,1,,
2026-01-05 05:00:00,329.3717954811741,333.7904914272386,328.77196822260004,333.2606201171875,838900,0.0190755340232195,0.0069473874452048,0.0171685576785241,0.0265446062923104,0.1622296263358642,329.7334182739258,324.5120867919922,295.073168182373,1,1,1.3409104054881595,1.7600449897689605,0,56.506416608970895,11.742451532027085,0.1836005808638151,0.5626716794284273,-0.0154151148061937,0.4859110809407136,0.0085237823303006,1,,
2026-01-06 05:00:00,332.90074120578583,337.3394201958748,331.4611679923255,337.2494506835937,2058600,0.0119691026350594,0.0271282560998979,0.014852342110698,0.0316045035164291,0.170730255178322,330.0799499511719,324.72989990234373,295.4445072937012,1,1,1.920325503929007,1.7921010926009695,1,59.986051101027,12.34244578652802,0.1816398258739017,0.645244547747699,-0.0036305172623808,0.4888198989644492,0.0010096725035311,1,,
2026-01-07 05:00:00,337.6593371177508,337.8792727649556,334.53026516326105,336.5496520996094,920100,-0.0020750177133449,0.0334612689314604,0.0188630941915783,0.0406085206019191,0.1531058774102769,330.37603149414065,324.84434204101564,295.8188159179688,1,1,2.2965747623448465,1.892995826549745,1,59.0928372825534,12.986639651938058,0.1803003688292398,0.7956519771831441,-0.0056980015880977,0.4893830451781383,0.0101306986501599,1,,
2026-01-08 05:00:00,336.379711076177,340.1185864726055,335.7898906078113,339.0788879394531,529200,0.0075151937435227,0.0500603095838416,0.0255600437843057,0.036473128085428,0.1605435314398258,330.7885986328125,324.96966857910155,296.1679048156738,1,1,2.766947555879369,2.06778617241567,1,61.33381450028097,13.943330620181666,0.1817279770748998,0.7289028366098822,0.0,0.4931109204517171,0.0138185262413763,1,,
2026-01-09 05:00:00,340.5184689295733,344.20737151810675,339.57874666803195,342.2779541015625,783200,0.0094345778398348,0.0466495823532062,0.0346114134172257,0.0501904399759431,0.1901619836478745,331.2224685668945,325.1958837890625,296.53866165161133,1,1,3.3591372440205305,2.326056386736642,1,64.01874454100987,15.418062663439114,0.1838850504707268,0.9527931547532328,0.0,0.4944929625416344,0.0151698979509129,1,,
2026-01-12 05:00:00,341.1482830407137,344.947138164954,339.398804666146,344.41729736328125,810500,0.0062503098317689,0.0334773344722536,0.0324242324169505,0.0880912179506523,0.1865841017501115,331.51941833496096,325.4834393310547,296.9430534362793,1,1,3.95548261892327,2.651941633173968,1,65.73241412524844,16.88680939622465,0.1830532872937819,1.6046671278854618,0.0,0.4968034898328394,0.0181434231386714,1,,
2026-01-13 05:00:00,345.9968320766204,346.34673384168326,342.3679093152029,343.8674621582031,515700,-0.0015964215772188,0.0196234907460781,0.0159217300617955,0.0526512022273006,0.2023119740481516,332.1085723876953,325.8298223876953,297.3530554199219,1,1,4.333766555904333,2.988306617720041,1,64.87719074448981,18.440542238346985,0.1770209580975026,1.0506883015441082,-0.0015964215772188,0.4970041294062953,0.0062123827134075,1,,
2026-01-14 05:00:00,342.8777624304495,345.64692566020574,340.68841286845264,345.3869934082031,369800,0.0044189445563211,0.026258655308246,0.0400579282304183,0.0481809944995148,0.1920114583339918,332.9672149658203,326.14036254882814,297.7982211303711,1,1,4.701971374839332,3.331039569143899,1,66.18652800004048,19.378924326032507,0.1621219313444828,0.9740147665813024,0.0,0.5016661713970823,0.0240756862065627,1,,
2026-01-15 05:00:00,347.13648907757226,351.1553103693235,346.74662118853354,348.106201171875,1134900,0.0078729304101445,0.0266230471831494,0.0606069537842257,0.0417376577756087,0.1849352878053949,334.00390625,326.5487774658203,298.2672828674316,1,1,5.153784073103054,3.69558846993573,1,68.45293878240267,20.99543318992381,0.1554950463684154,0.863971540990867,0.0,0.5042425935634798,0.0398992391683425,1,,
2026-01-16 05:00:00,349.0459297970661,351.6651440251312,347.636346386321,349.3558349609375,305100,0.0035898061708057,0.0206787517996991,0.0671512354696011,0.068212643114532,0.1977191666378948,335.38899383544924,327.12841735839845,298.7419458770752,1,1,5.548721685136854,4.066215112975955,1,69.46582373798363,22.558484151226757,0.1542505337140727,1.3535062568466598,0.0,0.5064770907187346,0.0443319202316383,1,,
2026-01-20 05:00:00,342.8377769487754,349.27585971788494,342.8377769487754,345.5269775390625,560400,-0.0109597637672292,0.0032219060548832,0.074219155080365,0.0690257398501485,0.1939315081797212,336.4561752319336,327.5173669433594,299.1733319854736,1,1,5.489476524898237,4.350867395360412,1,62.81139513052427,22.665361645641937,0.1446419495194432,1.368908465050397,-0.0109597637672292,0.5113353659280108,0.0612855243757597,1,,
2026-01-21 05:00:00,348.45610081118497,351.85508125716,343.6275539333719,350.55548095703125,348100,0.014553142720673,0.0194494086670844,0.0813494319786423,0.0638985489045005,0.2090178591914919,337.50836181640625,328.14653564453124,299.7132551574707,1,1,5.78163541531967,4.637020999352264,1,67.24872783463951,23.14897443934128,0.1490020127692594,1.2854489940850673,0.0,0.5128579680577094,0.0641162177521139,1,,
2026-01-22 05:00:00,353.8744892860653,355.2340692249995,352.32493303711084,353.5945739746094,409300,0.0086693638601265,0.0237634326800082,0.0730863914885018,0.0773617374455732,0.1983341041887649,338.465577697754,328.81374267578127,300.3252472686768,1,1,6.187082018444471,4.947033203170705,1,69.60892404623503,24.056116439032085,0.142992784056524,1.5237272792511607,0.0,0.5146161618063827,0.0600190015812911,1,,
2026-01-23 05:00:00,352.6148616153604,352.6148616153604,345.866873671194,346.6566467285156,356900,-0.0196211360601702,-0.0041641155442779,0.0364968785318287,0.0784116219486921,0.1884247063553665,339.1838638305664,329.26398864746096,300.910112991333,1,1,5.880778670566713,5.1337822966499065,1,59.1324274860328,23.369365317683496,0.1572162467048233,1.544812331731536,-0.0196211360601702,0.5043358449980588,0.0298800644918006,1,,
2026-01-26 05:00:00,346.6566411735275,349.345841729603,344.95713573735634,345.7169189453125,332300,-0.0027108315737534,-0.0104160733884175,0.0404043381880843,0.0593154652671443,0.1802446513702866,339.8246734619141,329.7117980957031,301.52331954956054,1,1,5.498815954674058,5.206789028254737,1,57.86213818275949,22.540813700237816,0.1552747030144081,1.2121595365701738,-0.0222787780387787,0.5004274313759721,0.0332403980845164,1,,
2026-01-27 05:00:00,345.48697142180333,346.2767444548038,343.2276353947672,346.0068054199219,167800,0.0008385082092416,0.0013886842766281,0.0393693316518297,0.0458826977248494,0.1815557085394394,340.57694854736326,330.1917388916016,302.0318414306641,1,1,5.16001769427487,5.197434761458764,0,58.160725698414666,21.407234340960567,0.1553210324939237,0.9722762018223592,-0.0214589507678145,0.4988594557506934,0.0317327536139602,1,,
2026-01-28 05:00:00,348.3961069468044,348.8859511077748,343.3975975214557,344.3673095703125,279000,-0.0047383341134566,-0.0176524736393359,0.0405062637506523,0.0347184868840804,0.1838921735649059,341.37820892333986,330.8796844482422,302.5817250061035,1,1,4.704987847619748,5.098945378690962,0,55.7544481201708,20.814633776715965,0.154685073648061,0.7639228831008378,-0.026095605202809,0.496545680179471,0.0328605626179758,1,,
2026-01-29 05:00:00,344.7072256159089,345.51698175162267,337.21946780185965,342.69781494140625,835900,-0.0048480055525287,-0.0308170991164179,0.0437218157554608,0.0354434565256138,0.1742913979127676,342.23045501708987,331.5069091796875,303.1011186981201,1,1,4.161685828161069,4.911493468584983,0,53.334620099024,19.60029589858073,0.1525749426967466,0.7777384039741786,-0.0308170991164179,0.4951209332549454,0.0344130517976966,1,,
2026-01-30 05:00:00,339.78870326286426,342.8477887246645,334.7202071612315,336.229736328125,720300,-0.0188740001577983,-0.0300784955338141,0.0324788862218459,0.0187559843121445,0.1630873101742174,342.89625549316406,332.11529418945315,303.575583190918,1,1,3.172623150566551,4.563719404981297,0,45.157349488835536,18.893147495700934,0.1655744981206638,0.4579982373151144,-0.0491094573406302,0.4872292209392272,0.0250782578411425,1,,
2026-02-02 05:00:00,334.9601129500398,341.5781345829984,334.77016715018914,339.3587951660156,515000,0.0093063120236247,-0.018391127048956,0.050927126951225,0.0392299867247147,0.1974346936072475,343.51307067871096,332.77867919921874,304.065493927002,1,1,2.611172775980151,4.173210079181068,0,49.21398877024925,18.23650969302684,0.1634720830987237,0.8390651888536951,-0.0402601732503281,0.4893308870549134,0.0305406002222858,1,,
2026-02-03 05:00:00,340.4684775316305,342.4978711332824,331.9410216920765,338.4290771484375,843000,-0.0027396314190805,-0.0219005180036498,0.0348801259589395,0.0259779669478312,0.1647140188702331,343.77149353027346,333.4033203125,304.56762405395506,1,1,2.0673675092925805,3.752041565203371,0,48.07610108612828,18.10644348806816,0.1599275554323387,0.5950680005918546,-0.0428895066338343,0.4921516379855982,0.0253346776192988,1,,
2026-02-04 05:00:00,339.6587249633527,339.80867414562204,326.7225800259228,331.8910217285156,754000,-0.0193188347615126,-0.0362295940847703,-0.0041096916527079,0.012834156469087,0.1369889451153272,343.50357208251955,334.0424353027344,305.02860511779784,1,1,1.0961952297082576,3.2208722981043483,0,40.91225450119222,18.754112544224217,0.1625971782967532,0.3454582530091931,-0.0613797661036852,0.4849931104555983,-0.0018891738038534,0,,
2026-02-05 05:00:00,329.5617469520701,334.7701855447627,324.1133591467351,325.6029357910156,651700,-0.018946236944739,-0.0498832452530036,-0.0345338290958545,0.016321855284954,0.1198812203599328,342.9562362670898,334.39958129882814,305.4884981536865,1,1,-0.178800679278936,2.540937702627692,0,35.442193345501295,19.692673042640205,0.1687262633018054,0.4116871122804088,-0.0791630874562112,0.48182189145863,-0.0143161264928949,0,,
2026-02-06 05:00:00,332.4908539073513,340.098601291336,331.70108085768834,339.3788146972656,328000,0.0423088289200557,0.009365853251205,0.0084063750475038,0.0407855031547577,0.1703100761080689,342.97123260498046,334.88142456054686,305.98597259521483,1,1,-0.0767609723825444,2.017397967625645,0,50.923236337431774,19.388849150976757,0.227148761757175,0.8243873786681004,-0.0402035560601237,0.4927538704217364,0.0068879076968657,1,,
2026-02-09 05:00:00,339.1788632793385,343.72749477281445,337.26942896754736,342.6578369140625,241200,0.0096618353143871,0.0097213975150782,0.0105549153955242,0.0738358167788364,0.1796719506455082,342.99022674560547,335.3013690185547,306.47575935363767,1,1,0.265633857692535,1.667045145639023,0,53.76527175111562,18.41548564707228,0.2281043439410991,1.403864982222796,-0.0309301608834422,0.4951273561871362,0.0040892133022969,1,,
2026-02-10 05:00:00,343.7275114860352,345.1071050722043,340.90837514525765,341.17828369140625,325100,-0.0043178735848592,0.0081234348009728,-0.003212799413397,0.0654023205937808,0.1738131706278394,342.8282760620117,335.62688537597654,306.929437789917,1,1,0.4128377112695034,1.4162036587651192,0,52.29372499856157,17.260969977999142,0.2263594953681099,1.2593149961454089,-0.0351144819436474,0.4942929887665447,-0.000404401660363,0,,
2026-02-11 05:00:00,344.49728343372533,344.73720212881665,333.9604167860703,338.96893310546875,352300,-0.0064756483385556,0.0213260103876591,-0.0158190784827677,0.0457345162604143,0.1358050470275822,342.583349609375,335.8603356933594,307.3683376312256,1,1,0.3472191713331654,1.2024067612787284,0,50.08910268578332,17.253819630989003,0.2261840876795086,0.922769694737878,-0.0413627412455454,0.4912056185829433,-0.0112677776313117,0,,
2026-02-12 05:00:00,341.9980395464261,342.3179514890474,330.2415349771933,331.02130126953125,534600,-0.0234464903999465,0.0166410215723402,-0.037357884366395,0.023799026707634,0.0899973611525071,341.8650650024414,336.0513397216797,307.7631704711914,1,1,-0.3421474001029878,0.8934959290023852,0,43.0569864882602,17.725349634738418,0.2395875700868777,0.5291217293521765,-0.0638394205299628,0.4872155017711854,-0.0196952641958992,0,,
2026-02-13 05:00:00,332.1409489756547,338.2491434395453,329.6617077929463,334.66021728515625,297500,0.0109929965282264,-0.0139036298312211,-0.0310572671460421,0.0392859254923605,0.1179712039082594,341.1927658081055,336.3081396484375,308.16744049072264,1,1,-0.5880664004079676,0.5971834631203147,0,46.74364729457661,18.23601110430207,0.2427655901023401,0.794396405919432,-0.053548210529986,0.4922246949333759,-0.018820237444779,0,,
2026-02-17 05:00:00,333.35060967964574,337.2594172485334,329.4617546571596,335.1700439453125,366700,0.0015234157925674,-0.0218520989806747,-0.0371615247962082,0.0812982212045212,0.1237512001984164,340.48347625732424,336.4588287353516,308.5816735076904,1,1,-0.7333664374389173,0.3310734830084683,0,47.25884928134432,18.736743497358404,0.2407004100870803,1.5802931930315494,-0.0521063709270037,0.4921804411677583,-0.0239213278483245,0,,
2026-02-18 05:00:00,335.4399889678591,341.3282173804534,333.8804564217588,337.33941650390625,243400,0.0064724536031259,-0.0112517923062542,-0.0343959288911686,0.0835200228350137,0.1255726156238583,340.07409820556643,336.5593408203125,308.99794616699216,1,1,-0.6657926847127555,0.1317002494642235,0,49.4976428040073,18.326703187515413,0.2417026255806307,1.6180128838887564,-0.04597117339213,0.4928830305404595,-0.0268404246260851,0,,
2026-02-19 05:00:00,335.11008600969427,338.33913432875585,333.39059741538176,338.10919189453125,270000,0.0022819017077895,-0.0025363422041688,-0.0214680361497754,0.1056167383076678,0.1441541949073645,339.45178375244143,336.7151483154297,309.38696884155274,1,1,-0.5438563209633003,-0.0034110646212812,0,50.30376794607534,18.023773268967812,0.2395542142419313,2.0301461019685663,-0.043794173383413,0.4953140993864793,-0.0313322089749352,0,,
2026-02-20 05:00:00,336.1797703745113,342.0080193166586,334.4702885831549,336.96954345703125,461100,-0.0033706520402896,0.0179693637983033,-0.0387554559492546,0.1005259628041608,0.1440777355715297,338.6205322265625,336.84197875976565,309.77815536499025,1,1,-0.5330364660774762,-0.1093361449125202,0,49.05532546342239,16.994909479758583,0.2329165915731137,1.9394320012609332,-0.0470172105038351,0.4901002294125882,-0.0443743493570142,0,,
2026-02-23 05:00:00,335.0201148566801,336.41969149440007,329.1418624697736,332.7807922363281,250900,-0.012430652271211,-0.0056159201236241,-0.0588634081805108,0.0832813112195307,0.1241521098313509,337.92673950195314,336.88104370117185,310.1669080352783,1,1,-0.8526302786750648,-0.2579949716650291,0,44.66742018904071,16.903369464373228,0.23245910235233,1.6238106623753417,-0.0588634081805108,0.4890013101547396,-0.0497746739273227,0,,
2026-02-24 05:00:00,332.27092341368666,338.36911124839065,331.62112326514443,337.34942626953125,380700,0.0137286590445961,0.0065023183413561,-0.0268485273449071,0.1247407608188575,0.1019055709386227,337.50836486816405,336.9560211181641,310.5739260864258,1,1,-0.7288582684755625,-0.3521676310271358,0,49.92820709956547,16.429000734733933,0.2307229595998289,2.3883214333024965,-0.0459428647970278,0.4921375636972024,-0.0241868219795151,0,,
2026-02-25 05:00:00,339.8186812686519,340.2685288159118,336.7895857498463,338.7489929199219,506400,0.0041487150752479,0.0041785108619207,-0.0201550044083692,0.1007434494862213,0.118341999377161,337.1454742431641,336.96143493652346,310.96171936035154,1,1,-0.5119334761971572,-0.3841208000611401,0,51.45100385997826,15.617537316850642,0.2313779528306331,2.0200930671141792,-0.0419847535775634,0.4900441387859759,-0.0207488477628942,0,,
2026-02-26 05:00:00,339.7887121573271,341.14829217216874,335.0401278706815,340.5584716796875,467700,0.0053416505955292,0.0072440496853463,-0.0157463195951367,0.0801550587035742,0.1146001329000017,336.9550323486328,337.1309167480469,311.3624908447265,0,1,-0.1917982709128978,-0.3456562942314917,1,53.423256344224185,15.166704964216422,0.2323205314520598,1.6814140435229048,-0.0368673708659849,0.4954135461982048,-0.006907575896909,0,,
2026-02-27 05:00:00,334.93011929792345,336.3696924443485,332.4308646004466,335.1500549316406,593800,-0.0158810224904161,-0.0053995637312623,-0.0267657654559975,0.0419368748621347,0.0900744457266413,336.57764434814453,337.26963500976564,311.68681060791016,0,1,-0.3702350071193905,-0.3505720368090714,0,47.245333008388776,15.181451520099312,0.2379275777960798,0.9436262619440248,-0.0521629018105158,0.4898983365435031,-0.0133871744359255,0,,
2026-03-02 05:00:00,329.90164525000057,339.0489120393268,329.90164525000057,338.4091186523437,799300,0.0097241927093456,0.0169130146550602,-0.0125145130843504,0.0415714075851336,0.0945383287651029,336.68661346435545,337.49036987304686,312.0207081604004,0,1,-0.2458343753490908,-0.3296245045170753,1,50.92792785960854,14.62750639612948,0.2404423955127627,0.9366405081025526,-0.0429459512106543,0.4943811077677778,-0.0014942318885688,0,,
2026-03-03 05:00:00,328.93191322272924,334.2503346250525,323.733451166424,331.3811950683594,688800,-0.0207675360875966,-0.0176915409851725,-0.0144203225827532,0.0124803621943767,0.0809337081284606,336.28773345947263,337.684912109375,312.32862182617185,0,1,-0.7062000423386507,-0.4049396120813904,0,43.82364260604179,15.07765752307948,0.2423484205526607,0.3479127614137174,-0.0628216057066675,0.4884191217315966,0.0024421786322166,1,,
2026-03-04 05:00:00,334.5802412159826,336.4696925450573,330.79139279258624,334.8201904296875,568000,0.0103777625662153,-0.0115979754105516,-0.0133740595528335,0.0415250098134938,0.0985779370975978,336.1072891235352,337.89764892578125,312.6494012451172,0,1,-0.7845017179386105,-0.4808520332528344,0,47.67045153185244,15.033555207829696,0.2429269422755411,0.9290593492381592,-0.0530957908485043,0.4900305031078832,0.0014297402258427,1,,
2026-03-05 05:00:00,331.89103396450446,333.9304344439965,324.43326610938226,328.4520568847656,564300,-0.0190195625202572,-0.0355487113129535,-0.0294803872874548,0.0206072692324286,0.0789532224437394,335.93534088134766,337.876455078125,312.9225170898437,0,1,-1.3449082512037194,-0.6536632768430115,0,41.94287974786617,15.858194253324262,0.2511979330130918,0.5072438207182677,-0.071105494655156,0.4834055878178768,-0.0177710475647696,0,,
2026-03-06 05:00:00,321.60412328410524,324.7531782638644,319.1048684575532,320.2644958496094,546600,-0.02492772038882,-0.0444146103006529,-0.0350311551615778,-0.0224978420659609,0.0398732662671763,335.66841888427734,337.5927398681641,313.1606163024902,0,1,-2.421785381196514,-1.0072876977137122,0,35.96049892616087,17.218449896019433,0.2569513863249629,-0.3502044319210431,-0.0942607171551035,0.477615560149168,-0.0152116600161595,0,,
2026-03-09 04:00:00,315.8758117941897,326.63261404281883,312.4868076959132,325.3529968261719,835900,0.0158884329749495,-0.0385808806753363,-0.0007676188921225,-0.0209465125221101,0.0505836111918069,334.96712799072264,337.4539813232422,313.42047592163084,0,1,-2.831973534699273,-1.3722248651108244,0,41.541164118242456,19.093778052530556,0.2556054592514165,-0.3176114123121004,-0.0798699392668436,0.4809906329883753,-0.0017252401457688,0,,
2026-03-10 04:00:00,325.01306380370875,330.841342853179,323.9833720868845,325.123046875,515000,-0.0007067706565332,-0.0188850432266333,-0.042005473544311,-0.0157295618477909,0.0457031443241897,334.0903884887695,337.298427734375,313.7172009277344,0,1,-3.1394164028111504,-1.7256631726508898,0,41.36573289380762,19.98748300258608,0.2043756190319648,-0.2135332842393975,-0.0805202601939639,0.4814243930178308,-0.022992163195408,0,,
2026-03-11 04:00:00,323.74347106877,326.622617523811,321.86402654903594,324.7731628417969,408800,-0.0010761588160732,-0.0300072333600817,-0.0521939735373717,-0.0177082945857857,0.048744984738152,333.27013244628904,337.1746649169922,314.01138046264646,0,1,-3.372424596683516,-2.055015457457415,0,41.08145081002359,21.02707988723334,0.2000191710143209,-0.2532785751024256,-0.0815097664221569,0.4815106782660566,-0.027501364549797,0,,
2026-03-12 04:00:00,320.2145171107261,320.6044155006216,315.4859160821603,316.3556823730469,932600,-0.0259180296644471,-0.0368284328204485,-0.0727555137735884,-0.0437444312132669,0.0252910945050528,332.139469909668,336.9349365234375,314.2659603881836,0,1,-4.188028608231093,-2.481618087612151,0,34.87230209490295,22.563503059838563,0.2158946490780389,-0.7532050704580205,-0.1053152235425324,0.4762628979771671,-0.036476525459869,0,,
2026-03-13 04:00:00,318.65497206186245,321.22421319785525,313.7564389851957,315.0860290527344,321200,-0.0040133728934109,-0.0161693439765696,-0.0704575013229997,-0.0554990873557815,0.0017043472254076,331.34270629882815,336.7235992431641,314.4826953125,0,1,-4.880590664388933,-2.961412602967507,0,34.03665880696656,24.13153667116593,0.2156356521112303,-0.9938304803953706,-0.1089059271725142,0.4770516419030947,-0.0288147695066698,0,,
2026-03-16 04:00:00,319.4147700750962,321.8440384175441,317.44535607326225,318.614990234375,476700,0.0111999925615553,-0.0207098341110312,-0.037478890293693,-0.0586841509488058,0.0221178733586739,330.5404449462891,336.63762451171874,314.729365234375,0,1,-5.086064424217682,-3.3863429672175425,0,38.45139670551946,25.45216025773075,0.2082965814185191,-1.064255713199321,-0.0989256801852003,0.4775348089298354,-0.0198694269910491,0,,
2026-03-17 04:00:00,320.1600036621094,322.9599914550781,319.0799865722656,321.0,249000,0.0074855541601184,-0.0126814967890762,-0.0408181689355585,-0.0333782066674809,0.0248556427172841,329.8319427490234,336.5171746826172,314.98691528320313,0,1,-4.998830101763417,-3.708840394126717,0,41.31025397362559,26.425778686302777,0.20593715256761,-0.5625011769720135,-0.0921806395619349,0.4798471573288663,-0.025146112602467,0,,
2026-03-18 04:00:00,319.260009765625,320.3500061035156,315.3399963378906,315.57000732421875,591300,-0.0169158650335864,-0.0283371798243722,-0.0584778889854838,-0.0385240393676531,0.0071439779048896,328.74347229003905,336.1633624267578,315.2231867980957,0,1,-5.306679206720389,-4.028408156645452,0,37.08662858642746,27.68736842028972,0.2118928507067506,-0.6606778354353522,-0.1075371893379819,0.4784056300922501,-0.0279873191279722,0,,
2026-03-19 04:00:00,311.5899963378906,321.19000244140625,310.5299987792969,317.8099975585937,348000,0.007098235517907,0.0045970888673081,-0.0578924904409633,-0.0292094832846696,0.0114271673235342,327.7285125732422,335.77457336425783,315.4602090454102,0,1,-5.308707869038869,-4.284468099124136,0,39.82007601704523,29.2668929942134,0.212247936132888,-0.4719905963568614,-0.1012022781169297,0.4829917219822309,-0.020068267611856,0,,
2026-03-20 04:00:00,317.29998779296875,317.7099914550781,307.3800048828125,309.54998779296875,669500,-0.0259904025332056,-0.0175699356661703,-0.084467399249149,-0.0376307844023331,-0.0417511786648668,326.35753479003904,335.234580078125,315.6329930114746,0,0,-5.908717339406167,-4.609317947180543,0,33.96056018859365,30.974604667312487,0.2259556357982337,-0.626242223224609,-0.1245623927045989,0.4772807627507594,-0.0364078806923867,0,,
2026-03-23 04:00:00,315.82000732421875,321.79998779296875,314.4800109863281,316.489990234375,911300,0.0224196501860236,-0.0066694915968543,-0.0607756802367146,-0.0237315068286823,-0.0158916871492645,325.5429946899414,334.7828021240234,315.8431140136719,0,1,-5.757855990785117,-4.839025555901458,0,41.720198155128166,31.62037220031014,0.2439452914007486,-0.3421912435794266,-0.1049353877893464,0.4829106592761646,-0.0146695914528353,0,,
2026-03-24 04:00:00,313.6400146484375,318.67999267578125,311.75,317.0599975585937,506200,0.0018010279686777,-0.0122741509078078,-0.0472406913033914,-0.0377884908099985,-0.0218255201183743,324.52852325439454,334.27844299316405,316.0540449523926,0,1,-5.528572515252222,-4.9769349477716105,0,42.31967344363002,32.469223611795776,0.2418891622473643,-0.6227865195238607,-0.1033233513889811,0.4854098427904124,-0.0073444943597201,0,,
2026-03-25 04:00:00,321.5599975585937,323.3900146484375,318.2900085449219,321.239990234375,467100,0.0131836015516553,0.017967432831254,-0.0477529670445781,-0.0394984481624955,-0.0062384865177376,323.6530731201172,333.8148968505859,316.2641314697266,0,1,-4.952484080054376,-4.972044774228164,1,46.65319905958727,32.25774830344351,0.241444142024603,-0.6584139958793817,-0.0915019237330199,0.4890837469203414,-0.0062052096855178,0,,
2026-03-26 04:00:00,316.5899963378906,320.1300048828125,313.1700134277344,313.67999267578125,346300,-0.0235337996152907,-0.0129952012666026,-0.0740046487756401,-0.0560079437873449,-0.0153757346365268,322.30914916992185,333.2111474609375,316.42989959716795,0,0,-5.04777090524243,-4.987190000431017,0,40.697745683338624,32.57734019469379,0.2510990357345115,-0.9604759572443776,-0.1128823354107642,0.4862576998823463,-0.0077267303165997,0,,
2026-03-27 04:00:00,311.8699951171875,312.1499938964844,306.3299865722656,307.3699951171875,455800,-0.0201160345126497,-0.0070424576376958,-0.0974530934403401,-0.0766917257391512,-0.0252327096128571,320.9201461791992,332.4508074951172,316.56003768920897,0,0,-5.568262999106707,-5.103404600166155,0,36.50864036851794,33.454751271776914,0.2552123210282082,-1.346152783303663,-0.1307276249684225,0.4847418853778122,-0.0215409144588127,0,,
2026-03-30 04:00:00,309.6700134277344,309.6700134277344,299.6400146484375,301.0199890136719,643600,-0.0206591606350341,-0.0488799067839298,-0.1018351792451,-0.0904677204299885,-0.0545523679459896,319.0506896972656,331.50908325195314,316.66215759277344,0,0,-6.41915315498909,-5.366554311130743,0,32.84471925809626,34.738966811441976,0.2583562051554626,-1.592963340149809,-0.1486860625997975,0.4763200831817362,-0.0277164716613835,0,,
2026-03-31 04:00:00,306.0299987792969,315.1000061035156,305.29998779296875,313.8099975585937,628900,0.0424889011086266,-0.010250425865847,-0.0726904794755879,-0.044259034712338,-0.0164765984211482,318.17212982177733,330.79816650390626,316.8353430175781,0,0,-5.992366662082702,-5.491716781321135,0,44.850114102040926,34.910765179705486,0.3029299900243364,-0.6405673574393068,-0.1125146689012046,0.4825321902388989,-0.023967172981951,0,,
2026-04-01 04:00:00,317.3999938964844,320.5199890136719,315.5799865722656,316.1600036621094,940300,0.0074886272642633,-0.0158136805089531,-0.0459325744271942,-0.0291503303253661,-0.0096377420010747,317.23912048339844,330.2108270263672,317.0479440307617,0,0,-5.4022358270513,-5.473820590467168,1,46.73431260346482,34.16815543296126,0.2983137214811545,-0.3779461421985401,-0.1058686220541044,0.4825102380412115,-0.012097977797094,0,,
2026-04-02 04:00:00,308.7200012207031,320.42999267578125,308.3699951171875,318.3599853515625,337400,0.0069584440282468,0.0149196403502167,-0.0491613276278261,-0.0141020374082916,-0.0027774392211125,316.7345169067383,329.5669171142578,317.25320755004884,0,1,-4.702821552844682,-5.319620782942671,1,48.50791897028157,34.10702667009111,0.2967471908781278,-0.1206603060512108,-0.0996468589067686,0.4854306406471627,-0.0093868900640821,0,,
2026-04-06 04:00:00,318.0899963378906,320.7799987792969,317.20001220703125,319.69000244140625,477000,0.0041777143832162,0.0400820103456149,-0.026676814042402,-0.0224219715929817,-0.0092907582022464,316.70579223632814,328.8888256835937,317.480115814209,0,1,-3.995155768987672,-5.054727780151671,1,49.600512592682726,33.99259362387906,0.291036972437264,-0.2652353201818624,-0.0958854406392495,0.4851653529128487,0.00364034909674,1,,
2026-04-07 04:00:00,318.4200134277344,321.0199890136719,315.2099914550781,320.2099914550781,470100,0.0016265413672647,0.0637499273861665,-0.0001701855661104,-0.0391604284284181,-0.0136553202909783,316.4486419677734,328.359892578125,317.7020520019531,0,1,-3.353707318789816,-4.7145236878793,1,50.0467883164528,34.05872318637087,0.277916180317542,-0.5668133772887296,-0.094414860907703,0.485740732510791,0.0170119506975137,1,,
2026-04-08 04:00:00,333.3599853515625,334.9800109863281,328.6000061035156,331.04998779296875,718400,0.0338527735772147,0.0549376704646131,0.0175101843916336,-0.0183824254659535,0.0126411106201964,316.7449890136719,328.0665539550781,317.9816253662109,0,1,-1.9482000522926344,-4.161258960761967,1,58.33034262627648,32.07051429953612,0.2970530101338801,-0.186278216059656,-0.063758292239121,0.4897116655236287,0.018131397863343,1,,
2026-04-09 04:00:00,329.2699890136719,334.0899963378906,328.75,332.7200012207031,307200,0.0050445959502005,0.0523785341813569,0.02336639748773,-0.0113791556610279,0.0287672742637978,317.1423309326172,327.8008178710937,318.25579956054685,0,1,-0.6915969911174784,-3.4673265668330693,1,59.44607919570312,30.22432033318957,0.2973063818728311,-0.0690033495755771,-0.0590353311117415,0.4893589068592401,0.0164813290653416,1,,
2026-04-10 04:00:00,333.57000732421875,334.1300048828125,330.7300109863281,331.8699951171875,248300,-0.0025547189841219,0.0424362683353751,0.0218516585954722,-0.0212602231476967,0.0144374780957405,317.91804656982424,327.5508715820313,318.5023599243164,0,1,0.2329957692505218,-2.7272620996163512,1,58.58622655490144,28.504637522088096,0.2974972544894004,-0.2350962781040639,-0.0614392314147383,0.4884319671283663,0.0143741129215111,1,,
2026-04-13 04:00:00,330.6700134277344,339.239990234375,330.4200134277344,338.8999938964844,684500,0.0211829899741748,0.060089434478324,0.071262546493011,-0.0098690557326277,0.0398260519939477,319.1087448120117,327.4749151611328,318.8015058898925,0,1,1.5155342075539693,-1.8787028381822877,1,63.312673306862855,26.700861902376573,0.287998855038667,-0.040955480061342,-0.0415577080636428,0.4939513277304226,0.0371400540087913,1,,
2026-04-14 04:00:00,343.1400146484375,346.7699890136719,342.1199951171875,345.8800048828125,377400,0.0205960788198189,0.0801661850434032,0.097731962037975,0.0042469049340121,0.0927122379128222,320.4719955444336,327.66792053222656,319.1131346130371,0,1,3.059910963452694,-0.8909800778552912,1,67.30279495928507,25.87746238299776,0.2925559876704189,0.1901428362015685,-0.0218175550746738,0.4980560348172658,0.0440295998780733,1,,
2026-04-15 04:00:00,346.3099975585937,348.3500061035156,344.92999267578125,347.9800109863281,461800,0.0060714874345717,0.0511403830769721,0.0921645925395791,0.0119596916856092,0.065240586058425,321.82099609375,327.8403448486328,319.4332208251953,0,1,4.402543826463386,0.1677247030084443,1,68.41578008139413,25.277017857486264,0.2916386417650357,0.3130763565554286,-0.015878532651591,0.4971569131247909,0.0410904165058227,1,,
2026-04-16 04:00:00,348.6400146484375,349.4200134277344,345.79998779296875,348.6700134277344,382600,0.0019828795322194,0.0479382428123134,0.0861994187779886,0.0095053377289489,0.0581443088532982,323.47599639892576,328.04516357421875,319.7525228881836,0,1,5.459335650911953,1.226046892589146,1,68.7916728508862,24.833671648615532,0.2915201600281149,0.2740878052435099,-0.0139271383367681,0.4969216241096792,0.0355831362550114,1,,
2026-04-17 04:00:00,354.1499938964844,358.6700134277344,353.6099853515625,356.3500061035156,573900,0.0220265362090652,0.0737638573733787,0.1292264722020912,0.0236818674987357,0.066407950955494,325.4029968261719,328.53434326171873,320.1133631896973,0,1,6.837740790631585,2.348385672197634,1,72.68789610933501,25.305330659849204,0.2873210807077518,0.494814464356725,0.0,0.5018024597303259,0.0489058409148825,1,,
2026-04-20 04:00:00,355.1700134277344,359.04998779296875,354.92999267578125,358.7099914550781,338300,0.0066226611790121,0.0584538150350177,0.1286932261750004,0.0267754408486879,0.096814507554066,327.86099700927736,329.196484375,320.4695640563965,0,1,8.028025805173286,3.4843136987927643,1,73.77152259032634,25.77618338198394,0.2873020506534898,0.5424087500131611,0.0,0.5061378348054733,0.0479223799700936,1,,
2026-04-21 04:00:00,360.239990234375,363.1300048828125,354.3599853515625,355.3900146484375,460000,-0.0092553229230482,0.0274951128465696,0.1480860237866563,0.0285449118318408,0.0995409853401396,329.80599822998045,329.51670837402344,320.79162979125977,1,1,8.604256361276839,4.50830223128958,1,69.5886622224901,26.56388992565193,0.2691445773901587,0.570063610937893,-0.0092553229230482,0.5047579906007873,0.057570365274447,1,,
2026-04-22 04:00:00,359.760009765625,361.010009765625,356.010009765625,358.5400085449219,363600,0.0088634845286816,0.0303465636680166,0.1328636595407233,0.0227767871895556,0.0881307397441752,331.8799987792969,329.8343518066406,321.15061737060546,1,1,9.20894640852731,5.448431066737126,1,71.25406906210725,27.295331716200792,0.2632212778345089,0.4818105436235103,-0.0004738728059029,0.5041267663108192,0.0439338138993563,1,,
2026-04-23 04:00:00,358.6600036621094,359.9800109863281,350.75,355.9599914550781,497800,-0.0071958973290437,0.0209079580881557,0.1226896934208661,0.0066896317267544,0.0845688907055803,333.61599884033205,330.1299859619141,321.4900793457031,1,1,9.371947829735744,6.23313441933685,1,67.97081240483872,27.02421568194961,0.2668871377526386,0.2293128023793819,-0.0076663601948885,0.5024489876796776,0.0351025945236596,1,,
2026-04-24 04:00:00,358.1300048828125,360.1700134277344,354.239990234375,358.20001220703125,281400,0.0062929003419638,0.0051915422248602,0.1150542370073239,0.0332991321166151,0.1143217930240547,335.84199981689454,330.5146075439453,321.8217613220215,1,1,9.571543785770077,6.900816292623496,1,69.29374044651432,26.793059409579254,0.2655033363920687,0.6497942039127471,-0.0014217034936165,0.501722849234,0.0258424091850206,1,,
2026-04-27 04:00:00,358.3099975585937,358.9599914550781,355.9599914550781,357.8299865722656,660000,-0.0010330140205349,-0.0024532488745095,0.1407485173659695,0.0350375320476266,0.0964312648299885,338.36499938964846,331.05078125,322.150048828125,1,1,9.589327247288397,7.438518483556476,1,68.78830076553493,26.578414299521068,0.2453573814458915,0.6770286579740704,-0.0024532488745095,0.5003425690717479,0.0289658532765846,1,,
2026-04-28 04:00:00,354.8500061035156,356.8099975585937,349.5799865722656,351.5,253100,-0.0176899276466514,-0.0109457623683817,0.1435729107715524,0.0158759726514958,0.0624871028306017,340.88899993896484,331.38757690429685,322.46960189819333,1,1,8.989023882345293,7.74861956331424,1,60.639617415582784,25.247437582086228,0.2421767127947225,0.3742074419989455,-0.0200997787260716,0.493894812058905,0.0188820627166537,1,,
2026-04-29 04:00:00,353.1300048828125,353.1300048828125,348.25,351.3299865722656,350000,-0.0004836797375088,-0.020109393096511,0.1671317500324165,0.0202187513403664,0.0556392026776697,342.76499938964844,331.7107757568359,322.7749543762207,1,1,8.402699389851477,7.879435528621688,1,60.43255136111734,23.79617885118213,0.222971825526949,0.4424367433020528,-0.0205737366078823,0.4937322270643624,0.0365555526576082,1,,
2026-04-30 04:00:00,353.8900146484375,360.19000244140625,350.8999938964844,359.8800048828125,311100,0.0243361473182655,0.0110125112985599,0.1468086029209976,0.0501380201223169,0.0873585413844164,344.9509994506836,332.1615875244141,323.1443284606934,1,1,8.529623833441576,8.009473189585666,1,66.6079385360832,23.383555908406183,0.1940503971588489,0.8931337672369187,0.0,0.5007653387291632,0.037786387849559,1,,
2026-05-01 04:00:00,360.55999755859375,363.0299987792969,358.2099914550781,362.4599914550781,256300,0.0071690189431494,0.0118927389806584,0.1464447977501008,0.0780128950324463,0.0982320879799643,347.1559997558594,332.648603515625,323.5078713989258,1,1,8.73767326556964,8.155113204782461,1,68.21976517920143,23.330018250198577,0.1940354212647533,1.3169510407481333,0.0,0.5029625743089133,0.0423873622883728,1,,
2026-05-04 04:00:00,362.5299987792969,365.6799926757813,358.5899963378906,361.5199890136719,364400,-0.0025933964122016,0.0103121666150833,0.1355698129413096,0.065303136866734,0.1070949647838128,349.2474990844727,333.1396124267578,323.8465885925293,1,1,8.72611438355699,8.269313440537367,1,66.95172478617118,23.5761460639537,0.1966169412681808,1.1298492678519896,-0.0025933964122016,0.5035027145814865,0.0372289518235409,1,,
2026-05-05 04:00:00,365.2699890136719,368.5400085449219,364.4500122070313,368.2099914550781,183500,0.0185052075810758,0.0475390937555566,0.1517719936286239,0.0879975046989787,0.1162614679153715,351.64749908447266,333.8481964111328,324.2292172241211,1,1,9.151290788889412,8.445708910207776,1,71.07280584169318,24.111070473720307,0.2010257217221784,1.4546998408001102,0.0,0.5087389385008645,0.0485887655548444,1,,
2026-05-06 04:00:00,371.3999938964844,374.5400085449219,368.260009765625,374.1400146484375,427500,0.016105003478926,0.0649247970511053,0.1684208008260266,0.1272977879904242,0.1417657041887492,353.80200042724607,334.5840081787109,324.6529039001465,1,1,9.853168275285157,8.727200783223253,1,74.14989112769223,25.18326692264176,0.2025572021885492,2.028334441239886,0.0,0.509845612655868,0.0496249923708869,1,,
2026-05-07 04:00:00,375.3800048828125,375.7000122070313,365.0299987792969,366.5799865722656,275800,-0.0202064141235353,0.0186172657512184,0.1073251777357457,0.1258497583312658,0.1442257151593493,355.49499969482423,335.1406280517578,325.03605072021486,1,1,9.687706308119571,8.919301888202517,1,64.7007138859106,25.548281094298726,0.2005503481087542,2.0048275003162046,-0.0202064141235353,0.5010798245016126,0.0232139844286296,1,,
2026-05-08 04:00:00,369.80999755859375,370.1199951171875,366.5799865722656,368.989990234375,187500,0.0065742914244837,0.0180157781085921,0.1090105460465327,0.0872511018801314,0.1315951851258772,357.3509994506836,335.7092584228516,325.405641784668,1,1,9.63992065665525,9.063425641893064,1,66.18027375422014,25.88722282512305,0.2006301776073551,1.5191811360551182,-0.0137649655541435,0.5002440181624316,0.0222436153723109,1,,
2026-05-11 04:00:00,369.5899963378906,374.7300109863281,369.5899963378906,372.80999755859375,336700,0.0103526042042287,0.0312292788449242,0.1233615664078031,0.0879949541387354,0.1683279502288217,359.04649963378904,336.46245727539065,325.8112205505371,1,1,9.797355039273045,9.21021152136906,1,68.43844168201346,26.67523647666605,0.1994729918970111,1.5301044348930082,-0.0035548645901816,0.504274318563893,0.0324351240330735,1,,
2026-05-12 04:00:00,370.1700134277344,370.2099914550781,361.760009765625,368.5799865722656,234300,-0.0113462917143559,0.0010048481186655,0.0875774364423473,0.08031490921516,0.150970011249891,360.1814987182617,337.06587463378906,326.1895219421387,1,1,9.471613522024086,9.262491921500065,1,63.39095238375462,25.95840556584622,0.1993431736317513,1.405978298192679,-0.0148608217738922,0.4993090983626144,0.0108467582358962,1,,
2026-05-13 04:00:00,369.6199951171875,371.0199890136719,364.1000061035156,369.2799987792969,241000,0.0018992138274822,-0.0129898318246107,0.0676535028511189,0.0894213678998039,0.1392455271644603,361.24649810791016,337.8238507080078,326.5717218017578,1,1,9.164305745571935,9.24285468631444,0,63.865895278490825,25.38943317511046,0.1901345942813453,1.548908158415142,-0.0129898318246107,0.4974741011084765,-0.001168410114743,0,,
2026-05-14 04:00:00,370.4299926757813,373.6199951171875,367.5499877929688,372.239990234375,253000,0.0080155748073622,0.0154400236495004,0.0697165885456565,0.124519747843302,0.1512822233554867,362.4249969482422,338.5722467041016,326.9785354614258,1,1,9.055225686413962,9.205328886334344,0,65.88153091108128,25.172335558384155,0.190624413779605,2.1193501111701525,-0.0050783779859736,0.4975339812304062,0.0007584488833622,1,,
2026-05-15 04:00:00,365.7300109863281,365.760009765625,361.7099914550781,362.25,253400,-0.0268374986472704,-0.0182660516890821,0.0389479623979198,0.0824411785143113,0.1249658820032875,362.7199966430664,339.2482055664062,327.3306169128418,1,1,8.069648348588942,8.978192778785264,0,54.77589353148899,23.975451848030616,0.2173688833829643,1.435862798420831,-0.0317795856709152,0.4900767189893185,-0.0137746171393215,0,,
2026-05-18 04:00:00,363.7200012207031,363.7200012207031,354.20001220703125,357.5799865722656,434800,-0.0128916864809782,-0.0408519382153491,0.0034516078228794,0.0668614126822431,0.1535953478050522,362.66349639892576,339.9945153808593,327.6730976867676,1,1,6.832973883424245,8.549148999713061,0,50.49107737336653,22.71676718170999,0.2101898168616882,1.1879498337798275,-0.0442615796969286,0.4840993362938254,-0.0352790686717922,0,,
2026-05-19 04:00:00,353.79998779296875,356.239990234375,349.2900085449219,353.2300109863281,492300,-0.0121650420864881,-0.0416462535817253,-0.0152769105943241,0.0471056559209939,0.1345599442141871,362.5554962158203,340.5520556640625,328.0222235107422,1,1,5.439194140232644,7.927158027816978,0,46.81738137908642,22.13344274952154,0.2130664105784776,0.8759907172222402,-0.0558881778035892,0.4814168977539448,-0.048842302138961,0,,
2026-05-20 04:00:00,355.69000244140625,363.4599914550781,353.5400085449219,363.1700134277344,349700,0.0281403112200195,-0.016545670959055,0.0218914388660949,0.0741204975610971,0.1875656010629096,362.78699645996096,341.3129949951172,328.385231628418,1,1,5.078151013226318,7.357356624898847,0,54.89364782375608,20.59576678572042,0.2325213313718927,1.2692518057865123,-0.0293205773004824,0.4899426825331998,-0.0293513096245461,0,,
2026-05-21 04:00:00,361.1400146484375,369.8800048828125,359.9700012207031,368.05999755859375,382100,0.0134647243716679,-0.0112292950393357,0.0265520968003187,0.0922648788451321,0.2020658574282092,363.3919967651367,342.1787316894531,328.766014251709,1,1,5.127496003780152,6.9113845006751085,0,58.25240082881831,19.83158335607673,0.2349818862194874,1.5329363220956602,-0.0162506464205837,0.4955568882982308,-0.0169994505058765,0,,
2026-05-22 04:00:00,370.7000122070313,374.2999877929688,370.3999938964844,372.3399963378906,302400,0.0116285355857383,0.0278536820921755,0.0460164211597349,0.1188746617126539,0.2120560106303928,364.0989959716797,343.29841796875,329.17397552490235,1,1,5.449148010069393,6.618937202553965,0,60.99039661361248,19.5843630713708,0.2354005695124907,1.923356648638336,-0.0048110820550383,0.4993562429900514,-0.006155340672311,0,0.540824,
