Date,open,high,low,close,volume,ret_1d,ret_5d,ret_21d,ret_63d,ret_126d,sma20,sma50,sma200,trend_sma,above_sma200,macd,macd_signal,macd_bullish,rsi,adx,vol_21,sharpe_63,drawdown,rs_ratio,rs_mom_21,rs_positive,score,score_pct
2024-05-23 04:00:00,82.71179698305562,82.72932626934953,82.2911877084962,82.32623291015625,3400200,,,,,,,,,0,0,0.0,0.0,0,,0.0,,,0.0,0.1603350073318663,,0,,
2024-05-24 04:00:00,82.44017231909498,82.63295440021938,82.34378127853279,82.61542510986328,2073200,0.0035127588070575,,,,,,,,0,0,0.0230694632244876,0.0046138926448975,1,99.99999996542093,0.0,,,0.0,0.1598406194664662,,0,,
2024-05-28 04:00:00,82.67675063155977,82.67675063155977,82.28242857457546,82.3087158203125,3250100,-0.0037124942363113,,,,,,,,0,0,0.0164140912199854,0.0069739323599151,1,92.45711733956765,7.142857142857142,,,-0.0037124942363113,0.1591360569825717,,0,,
2024-05-29 04:00:00,82.06335847350621,82.15974949723822,81.98449005160535,82.03707122802734,4331700,-0.0033003138194767,,,,,,,,0,0,-0.010656940831609,0.0034477577216102,0,86.2517954691971,13.775510204081632,,,-0.0070005556597552,0.1597293368102104,,0,,
2024-05-30 04:00:00,82.1860320471244,82.37881408357408,82.12469291602348,82.32623291015625,4046400,0.0035247684711361,,,,,,,,0,0,-0.0086779634847431,0.0010226134803396,0,87.23400259049917,14.2301300166782,,,-0.0035004625264889,0.1613627979921303,,0,,
2024-05-31 04:00:00,82.44015828729107,82.67675018310547,82.41387104169661,82.67675018310547,4956400,0.0042576619937382,0.0042576619937382,,,,,,,0,0,0.0209329033725396,0.0050046714587796,1,88.32303415854813,14.941829274345638,,,0.0,0.1605871666209847,,0,,
2024-06-03 04:00:00,82.98606925559861,82.98606925559861,82.69525949305356,82.9067611694336,5434800,0.0027820516144951,0.0035264124003826,,,,,,,0,0,0.0622422036273775,0.0164521778924991,1,88.98695596349876,17.184225013777937,,,0.0,0.1609027476951313,,0,,
2024-06-04 04:00:00,82.81864130767576,83.00370023756139,82.80101280579892,82.87151336669922,3640000,-0.0004251499182598,0.0068376421716427,,,,,,,0,0,0.091085936616011,0.0313789296372015,1,88.15972779323965,19.333964448954266,,,-0.0004251499182598,0.1606547123218946,,0,,
2024-06-05 04:00:00,83.05656913117004,83.16231996849015,82.8715102083373,83.14469146728516,2707700,0.0032964053567738,0.0135014600433396,,,,,,,0,0,0.1344382717778813,0.0519907980653375,1,89.01225099969383,21.87908517583218,,,0.0,0.1592910943722844,,0,,
2024-06-06 04:00:00,83.09181708456043,83.10943886196891,82.95081597208019,83.02131652832031,1741300,-0.0014838582811192,0.0084430392791399,,,,,,,0,0,0.1570298409841228,0.0729986066490946,1,86.00055233451225,24.24241156507596,,,-0.0014838582811192,0.1590577420163955,,0,,
2024-06-07 04:00:00,82.83625295280636,82.86268897908414,82.65119404555918,82.77456665039062,2627100,-0.0029721267771695,0.0011831194025953,,,,,,,0,0,0.1532565235645933,0.0890501900321943,1,80.15899460460865,23.7576889400458,,,-0.004451574843358,0.158778003477202,,0,,
2024-06-10 04:00:00,82.70408080757834,82.88033221961554,82.6423944941913,82.85388946533203,2482100,0.0009582993684091,-0.0006377248773897,,,,,,,0,0,0.1548814535752143,0.1022164427407983,1,80.61484523500596,23.39672143449276,,,-0.0034975414163097,0.1584406117085005,,0,,
2024-06-11 04:00:00,82.52783384243037,82.99488830566406,82.52783384243037,82.99488830566406,2745100,0.0017017769623359,0.0014887496795059,,,,,,,0,0,0.1656372868171587,0.1149006115560704,1,81.43149876171573,22.250919518103235,,,-0.0018017164893808,0.1583289698759008,,0,,
2024-06-12 04:00:00,83.38264216823448,83.57650864858661,83.27689131442978,83.28570556640625,4927000,0.0035040382206568,0.0016960084478343,,,,,,,0,0,0.1953757150081685,0.13099563224649,1,83.02036133592267,23.45859985122041,,,0.0,0.1575894656486786,,0,,
2024-06-13 04:00:00,83.48838842416461,83.48838842416461,83.18877108238017,83.30332946777344,4640300,0.0002116077572655,0.0033968738541616,,,,,,,0,0,0.2178544447254751,0.148367394742287,1,83.11465574889715,24.05280952903279,,,0.0,0.1573060718539892,,0,,
2024-06-14 04:00:00,83.01248736268634,83.13585995228803,82.88911477308467,82.96842956542969,3429200,-0.0040202463032802,0.0023420589546288,,,,,,,0,0,0.2062676516420936,0.1599474461222483,1,74.632904852432,23.073645254904218,,,-0.0040202463032802,0.1565783947795942,,0,,
2024-06-17 04:00:00,82.82744089175456,83.14468666207694,82.7745688378018,83.05656433105469,1905000,0.0010622686977037,0.0024461720147423,,,,,,,0,0,0.2018697448985023,0.1683319058774991,1,75.34594371779664,21.669814999911733,,,-0.0029622481873814,0.1555070789040306,,0,,
2024-06-18 04:00:00,83.0389523356839,83.36500567120368,83.0389523356839,83.33856964111328,3148600,0.00339534042047,0.0041409940113836,,,,,,,0,0,0.2186197316436988,0.1783894710307391,1,77.52302682188062,21.159819160680534,,,0.0,0.1556396261327286,,0,,
2024-06-20 04:00:00,83.27687853345061,83.28569278407431,83.09181961017268,83.25044250488281,4863400,-0.0010574591885843,-0.0004233987247105,,,,,,,0,0,0.222221462737437,0.1871558693720787,1,75.28566626565748,20.68625159568014,,,-0.0010574591885843,0.1558985468368765,,0,,
2024-06-21 04:00:00,83.26806907866978,83.3826341734664,83.17994673726723,83.33856964111328,3041400,0.0010585785922434,0.0004230343920823,,,,82.86998329162597,,,0,0,0.2295409784476305,0.195632891187189,1,76.03064901188291,20.58501182775109,,,0.0,0.1562730761078363,,0,,
2024-06-24 04:00:00,83.32974030604267,83.48836318117559,83.28568250496836,83.31211853027344,4145700,-0.0003173933864446,0.0041424065351594,,,,82.91927757263184,,,0,0,0.230549730023128,0.2026162589543768,1,75.29699065599485,20.84358248287588,,,-0.0003173933864446,0.1567329744015063,,0,,
2024-06-25 04:00:00,83.31214087742102,83.39144897460938,83.23282605692839,83.39144897460938,2807200,0.0009522077428281,0.0040320069371022,0.0129389627922804,,,82.95807876586915,,,0,0,0.2350410696372904,0.2091012210909595,1,76.04362327456603,20.800950259756185,0.0416431751879924,,0.0,0.156280386666235,-0.0252884303503281,0,,
2024-06-26 04:00:00,83.197554807447,83.22399083104511,83.10061823871929,83.17111206054688,4143100,-0.0026422003307507,-0.0020093647069723,0.0067261888436043,,,83.00119857788086,,,0,0,0.2183046608669343,0.2109419090461545,1,69.7389237068462,20.08233480581724,0.041706124978059,,-0.0026422003307507,0.1556732122106107,-0.0260722666726761,0,,
2024-06-27 04:00:00,83.17114046062507,83.28570556640625,83.1358901760235,83.28570556640625,2321700,0.0013778041800853,0.000423578067124,0.0118698212741723,,,83.06363029479981,,,0,0,0.211845649780713,0.2111226571930662,1,71.0817830742747,19.658751749221853,0.0391501700823086,,-0.0012680365853257,0.1556422900804107,-0.0219545901061483,0,,
2024-06-28 04:00:00,83.33855430187822,83.49717717652827,83.07418060302734,83.07418060302734,3428800,-0.0025397511126353,-0.0031724691127349,0.0126419600246001,,,83.10102767944336,,,0,0,0.1874971893179235,0.2063975636180377,0,65.31973494098546,20.02343763577943,0.0382830881782824,,-0.0038045672006327,0.1558603419523569,-0.0242221932120746,0,,
2024-07-01 04:00:00,83.22840694815258,83.26385128170232,82.99797821044922,82.99797821044922,3874300,-0.0009172813023851,-0.0037706437594677,0.0081595534806755,,,83.11708908081054,,,0,0,0.1602052167346528,0.1971590942413607,0,63.32811355146816,19.954140511189483,0.0370824783539665,,-0.0047183586446609,0.1553975477418403,-0.0369679400984411,0,,
2024-07-02 04:00:00,83.00683382162993,83.29043579101562,83.00683382162993,83.29043579101562,2668400,0.0035236711408179,-0.0012113134480311,0.0074227108171405,,,83.13627281188965,,,0,0,0.1603268661036594,0.1897926486138205,0,67.43231119335275,19.987547959111577,0.0361943378503339,,-0.0012113134480311,0.1549026454206041,-0.0353983529318822,0,,
2024-07-03 04:00:00,83.1663443136962,83.61833722628903,83.1663443136962,83.48539733886719,1475500,0.0023407435199491,0.0037787793205352,0.006979360443849,,,83.16696701049804,,,0,0,0.1741475767928477,0.1866636342496259,0,69.85439819102281,21.06099626220112,0.0358520930328834,,0.0,0.1545754371666398,-0.0393238190094803,0,,
2024-07-05 04:00:00,83.47654966454013,83.8399115214259,83.47654966454013,83.83104705810547,2237000,0.004140241650109,0.0065478402084784,0.0115785708794817,,,83.20128479003907,,,0,0,0.210564378134805,0.1914437830266617,1,73.60269759629155,22.60430121878433,0.0380550185708355,,0.0,0.1543255033937865,-0.0393963478358896,0,,
2024-07-08 04:00:00,83.78673956691706,83.84877728791562,83.67152858837817,83.74242401123047,2792600,-0.0010571625905325,0.0080439361947648,0.0071890644296936,,,83.23734016418457,,,0,0,0.2296268212801067,0.1990803906773507,1,71.15961006444346,24.058042654050624,0.0370734084289903,,-0.0010571625905325,0.1539846844238239,-0.0333126592504836,0,,
2024-07-09 04:00:00,83.74242802082847,83.76901465087161,83.61835257289061,83.68925476074219,2743500,-0.000634914156308,0.0083288360174289,0.0080453823229125,,,83.28307456970215,,,0,0,0.237703532294816,0.2068050190008438,1,69.66557070364956,25.085508213681937,0.0366604281244722,,-0.0016914055393463,0.153737428065471,-0.0334489468005652,0,,
2024-07-10 04:00:00,83.75128895720749,83.88422886342872,83.70697340126559,83.8487777709961,2095600,0.0019061349119424,0.0067035545519464,0.0129775505215574,,,83.33281898498535,,,0,0,0.2540480499215363,0.2162536251849823,1,71.59267949360002,26.34131562163924,0.0348849041508413,,0.0,0.1525212109739728,-0.0394059149643333,0,,
2024-07-11 04:00:00,84.14125826341292,84.21215369851275,84.07922053169705,84.15011596679688,2858300,0.0035938293176291,0.0079620945592628,0.0156447272400799,,,83.390580368042,,,0,0,0.287996823796405,0.2306022649072668,1,74.84378611739464,28.219115625912004,0.0363732057788991,,0.0,0.1544006835795873,-0.0254980594012463,0,,
2024-07-12 04:00:00,84.18554787857796,84.42484104752066,84.15896125127412,84.40711212158203,2333100,0.0030540202093904,0.0068717388568138,0.0170157927162555,,,83.44665069580078,,,0,0,0.33181396868072,0.2508446056619575,1,77.23653158338897,30.329041111402027,0.0371168287528546,,0.0,0.1539015030069152,-0.027963719289375,0,,
2024-07-15 04:00:00,84.37166103130889,84.44256321185517,84.29190114939739,84.40711212158203,3067700,0.0,0.0079372924560008,0.013464574113281,,,83.50183982849121,,,0,0,0.3623622848301835,0.2731481414956027,1,77.23653158338897,32.317283766023806,0.0358718666594816,,0.0,0.1534793990344597,-0.0260808461866456,0,,
2024-07-16 04:00:00,84.46030972353337,84.77049837600357,84.42485862587884,84.74391174316406,3884000,0.003990180603465,0.0126020596722604,0.017293213663782,,,83.59061393737792,,,0,0,0.4090338723118947,0.3003252876588611,1,80.11169961178098,34.64421432177191,0.0376480518563,,0.0,0.153183419383175,-0.0262078406906045,0,,
2024-07-17 04:00:00,84.41598697611019,84.66413787696533,84.40712251204968,84.64641571044922,2542200,-0.0011504783141275,0.0095128153403929,0.0202243932277428,,,83.67010650634765,,,0,0,0.4331611149107743,0.3268924531092438,1,77.07677194128559,36.69560440507916,0.0341497316094162,,-0.0011504783141275,0.1551829990842408,-0.0089118022784533,0,,
2024-07-18 04:00:00,84.6109730942532,84.69073299397543,84.37167987187529,84.45144653320312,3201300,-0.0023033364804604,0.0035808692946441,0.0167943643393264,,,83.72575035095215,,,0,0,0.4315748194468369,0.3478289263767624,1,71.26272512926266,38.37192997418521,0.0359600941115607,,-0.003451164855917,0.156024632824348,0.0033281695210596,1,,
2024-07-19 04:00:00,84.81481070132826,84.81481070132826,84.2564711036802,84.38054656982422,2366100,-0.0008395352156701,-0.0003147312008441,0.0125029375137835,,,83.78225555419922,,,0,0,0.4197579262702504,0.3622147263554601,1,69.21798237578025,40.12417161362541,0.0350845176602799,,-0.0042878026971554,0.1569357399242616,0.0083276593740191,1,,
2024-07-22 04:00:00,84.54891346088209,84.68185335425406,84.51346237187597,84.67298889160156,2443200,0.003465755244135,0.003149933261981,0.0170875534581731,,,83.84897651672364,,,0,0,0.4290448427406801,0.3755807496325041,1,72.69777376063303,41.75125313596274,0.0358911445327593,,-0.0008369079277039,0.1558726237070092,-0.0001662820494053,0,,
2024-07-23 04:00:00,84.66415763652604,84.84141315108103,84.61984882909216,84.7084732055664,2395300,0.0004190747773209,-0.0004181838773864,0.0164378098922555,,,83.91879425048828,,,0,0,0.4342621745054202,0.3873170346070874,1,73.09520922557073,43.50857618682896,0.0359036077726806,,-0.0004181838773864,0.1561829573920735,-0.0005766746134863,0,,
2024-07-24 04:00:00,84.60208973728227,84.71730070946691,84.3893899572475,84.40711212158203,3663100,-0.0035576262040876,-0.0028270965386859,0.0131432690780837,,,83.96957740783691,,,0,0,0.4093607704761268,0.3917257817808953,1,64.5068564492912,43.63855271789564,0.0387890869369637,,-0.0039743223395537,0.1592359816777875,0.0159698830819683,1,,
2024-07-25 04:00:00,84.46028721347919,84.73502469507282,84.41597166282048,84.44255828857422,2813900,0.0004199428946358,-0.0001052468014909,0.0126045215293582,,,84.03314971923828,,,0,0,0.3880136579001316,0.3909833570047425,0,65.02735111458162,43.79970086763573,0.0387763041096547,,-0.0035560484333454,0.1601372294579737,0.0246789944279808,1,,
2024-07-26 04:00:00,84.76161323331493,84.77047769596741,84.61095117624183,84.67298889160156,2366000,0.0027288444085251,0.003465755244135,0.0180576740390503,,,84.10251388549804,,,0,0,0.3852488325290863,0.3898364521096114,0,68.28355697245152,44.03370059754862,0.0375634997607583,,-0.0008369079277039,0.1587957523738969,0.0200583010971835,1,,
2024-07-29 04:00:00,84.79706564634434,84.81478781032219,84.5134636914711,84.59322357177734,3218600,-0.0009420397327219,-0.0009420397327219,0.0156991886720412,,,84.17846603393555,,,0,0,0.3723293132634637,0.3863350243403819,0,65.99300643979362,43.61312644598996,0.0380137845249494,,-0.0017781592599054,0.158552966268687,0.0187010624604184,1,,
2024-07-30 04:00:00,84.68184119370939,84.69069889348603,84.47799915159747,84.6109390258789,3269900,0.0002094193051589,-0.0011514099593178,0.0184986287158823,,,84.25911407470703,,,0,0,0.3593773123054689,0.3809434819333993,0,66.26367905720343,42.99332610979796,0.036168963870487,,-0.0015691123356231,0.1593937328642889,0.0226702371345495,1,,
2024-07-31 04:00:00,84.88570765580627,84.98319648198364,84.72618110038925,84.93888092041016,2624200,0.0038758805694254,0.0063000473000682,0.0233849396311751,,,84.34153633117675,,,0,0,0.3712948722319851,0.3790137599931165,0,70.88367815076684,43.212817622085694,0.0369772625862308,,0.0,0.1574521858047149,0.0132218178004193,1,,
2024-08-01 04:00:00,84.98789734117831,85.07700984834118,84.71163973047037,84.73837280273438,6243300,-0.0023606164279896,0.0035031448614954,0.0173841930104889,,,84.40418510437011,,,0,0,0.3604057616791181,0.3752921603303168,0,65.02073371000415,43.63155937634821,0.0377360284127171,,-0.0023606164279896,0.1593368751895086,0.0286259137593443,1,,
2024-08-02 04:00:00,84.55123803850965,84.72055656840304,84.3640997259769,84.47103881835938,5903700,-0.0031548161185173,-0.0023850589885368,0.0118061542606244,,,84.43618469238281,,,0,0,0.3264414311627206,0.3655220144967976,0,58.11848345288623,42.08180309272475,0.0397030705534383,,-0.0055079852357503,0.1618475177740394,0.047045512150549,1,,
2024-08-05 04:00:00,83.49970791589568,84.1145959009028,83.38386231243996,83.93637084960938,6754700,-0.0063296009641803,-0.0077648385347395,0.0012563816771953,,,84.44588203430176,83.59798309326172,,1,0,0.2534594945767878,0.3431095105127957,0,47.303075755360496,40.610521879906734,0.0441324336480057,,-0.0118027228512718,0.1656473707803291,0.0733635539010879,1,,
2024-08-06 04:00:00,84.2928005762297,84.58687795874187,83.87397112704816,84.26606750488281,5942700,0.0039279355532795,-0.0040759684854769,0.0062530252716606,,,84.47472267150879,83.63677978515625,,1,0,0.2196920752269875,0.3184260234556341,0,53.09903660742688,37.89112140078483,0.0458814423072101,,-0.0079211476327052,0.1647788403199557,0.0700988928640609,1,,
2024-08-07 04:00:00,84.82749384573428,84.82749384573428,84.35519142913621,84.39083099365234,4326700,0.0014805899036678,-0.0064522857002478,0.0083831100529676,,,84.5018253326416,83.67228790283202,,1,0,0.2006851494818136,0.2948778486608699,0,55.11107841445956,35.580544087736534,0.0459230255385907,,-0.0064522857002478,0.1661332641321357,0.0806299170126989,1,,
2024-08-08 04:00:00,84.64925781392975,84.78292997017948,84.53341223789909,84.72055053710938,2213900,0.003907054114467,-0.0002103210745678,0.010396964503099,,,84.53034706115723,83.72052459716797,,1,0,0.2098090869147029,0.2778640963116365,0,59.99542787878269,33.43500801133454,0.0472528508897623,,-0.0025704410151737,0.1630138923256389,0.0687948993104745,1,,
2024-08-09 04:00:00,84.79183313600005,84.85421256162194,84.57796179084608,84.70272064208984,8261000,-0.0002104553724744,0.0027427367648296,0.0065668914290148,,,84.54512748718261,83.77383758544921,,1,0,0.2131441563900296,0.2649201083273151,0,59.61765461046121,31.620617026857243,0.0459304325292806,,-0.0027803554245269,0.1622640597754794,0.0509283768283244,1,,
2024-08-12 04:00:00,84.79184873641516,84.80966851893679,84.62253020764051,84.7294692993164,2907800,0.000315794546194,0.00944880558546,0.0038190760189737,,,84.56124534606934,83.82190231323243,,1,0,0.2154619053430053,0.2550284677304532,0,60.02432889803503,29.93582539841404,0.0448400235762872,,-0.0024654388994125,0.162230056780208,0.0541161301908696,1,,
2024-08-13 04:00:00,84.86312847287144,85.17502561061825,84.8363886049094,85.1482925415039,3076100,0.004943064622628,0.0104695171228914,0.0087810185811625,,,84.58146438598632,83.8713331604004,,1,0,0.2482328002773357,0.2536693342398297,0,65.82727183276714,29.26144614799848,0.0477571824428686,,0.0,0.1603941826611159,0.0450534968872509,1,,
2024-08-14 04:00:00,85.09481975274655,85.37107733138754,85.08591326225803,85.3443374633789,4581100,0.0023023940471789,0.011298697482885,0.0070851782489647,,,84.61636047363281,83.9200846862793,,1,0,0.2867180501871047,0.2602790774292847,1,68.1573537769397,29.04760972127977,0.0465092968079203,,0.0,0.1602579226023028,0.0461832177895935,1,,
2024-08-15 04:00:00,85.43347383799306,85.4602069124982,85.28197508438224,85.424560546875,2902800,0.0009399930432469,0.0083097903082824,0.0091928858404068,,,84.6650161743164,83.97114562988281,,1,0,0.3200024315612637,0.2722237482556805,1,69.08625928776864,29.029854140669254,0.0462279043923937,,0.0,0.1577054534625043,0.0162547082679729,1,,
2024-08-16 04:00:00,85.37997024416346,85.73642697360107,85.37997024416346,85.7096939086914,2343300,0.003337838204739,0.0118883225824175,0.0148990624452309,,,84.73147354125976,84.02244567871094,,1,0,0.3651788682635555,0.2908147722572555,1,72.19135880305168,29.536184761137555,0.0461402502007519,,0.0,0.1578778897727666,0.0118779766686263,1,,
2024-08-19 04:00:00,85.63844175114747,85.87013975481334,85.59388888815201,85.8434066772461,1739400,0.0015600658741954,0.0131469887294417,0.0173364616240234,,,84.789994430542,84.07888748168945,,1,0,0.4070784754989063,0.3140675129055856,1,73.53388770564136,30.238446152808592,0.0458738376271607,,0.0,0.1566266068205027,-0.0019698069025458,0,,
2024-08-20 04:00:00,85.92358915280433,85.92358915280433,85.62060526766481,85.7899169921875,2452200,-0.0006231076692903,0.0075353765945551,0.0131910791765699,,,84.84406661987305,84.13919448852539,,1,0,0.4309997487356298,0.3374539600715945,1,72.03567542953454,30.9833454620938,0.0450855263869501,,-0.0006231076692903,0.156783960179755,0.0058466743618745,1,,
2024-08-21 04:00:00,85.85228910811581,86.01269432741124,85.78990967832581,85.9324951171875,2269400,0.0016619450163704,0.0068915838037992,0.0144498167101974,,,84.92033576965332,84.2007666015625,,1,0,0.4562035625394998,0.3612038805651755,1,73.58083203032561,31.832034010456542,0.0452183079041495,,0.0,0.1565066829911458,0.0020727331872687,1,,
2024-08-22 04:00:00,85.98598020054168,85.98598020054168,85.75428900962044,85.86122131347656,2865400,-0.0008294162017958,0.0051116536486244,0.0172273302017489,,,84.99126892089843,84.25809326171876,,1,0,0.4650655797531726,0.381976220402775,1,71.45531577331867,32.45991334019402,0.0429205438526494,,-0.0008294162017958,0.1576139013027359,-0.0101866447392136,0,,
2024-08-23 04:00:00,86.02161170442452,86.31568908691406,85.98596534301532,86.31568908691406,3216100,0.0052930504188644,0.0070703225106396,0.0221823075508749,0.0484591124327473,,85.07340393066406,84.31869293212891,,1,0,0.502962702462554,0.4061735168147308,1,76.18024099073843,33.616803674769024,0.045589011674964,4.57832811232773,0.0,0.1567822991849227,-0.0209503454281468,0,,
2024-08-26 04:00:00,86.40481192823296,86.40481192823296,86.1642074584961,86.1642074584961,2693900,-0.0017549721263933,0.0037370462527908,0.0176115026340168,0.0429554449900073,,85.151953125,84.37591049194336,,1,0,0.5148384071335812,0.4279064948785009,1,71.9076961747822,34.83003338314615,0.046150080790118,4.079549812168368,-0.0017549721263933,0.1568811207267777,-0.0120571968613562,0,,
2024-08-27 04:00:00,86.0929052750709,86.29786335663177,86.0305258417026,86.19984436035156,2205000,0.0004135928700166,0.0047782697843312,0.0189923107400087,0.0472748056054446,,85.23139839172363,84.4405387878418,,1,0,0.5211184595778775,0.4465488878183763,1,72.30127231699996,35.33610083369095,0.0457291078423181,4.584127728768364,-0.0013421051003352,0.1567307987887223,-0.0114924843277725,0,,
2024-08-28 04:00:00,86.21766878379609,86.26222843810756,86.10182320097445,86.20875549316406,2742700,0.0001033775974728,0.0032148534218612,0.0188842776794671,0.0508512091264357,,85.29489212036133,84.50358261108398,,1,0,0.5208109162805101,0.4614012935108031,1,72.40538016799448,35.806020609196835,0.045750763534408,5.021403352855345,-0.0012388662464632,0.157662252581884,-0.0108629131854202,0,,
2024-08-29 04:00:00,86.24441096568128,86.31570370056984,86.17311823079272,86.26223754882812,3434900,0.0006203784680351,0.0046705163194391,0.0155801043535996,0.0478098474755586,,85.37108535766602,84.56205596923829,,1,0,0.518901171228336,0.4729012690543097,1,73.05984102097437,36.35050781287191,0.0444497739229514,4.7755817904604765,-0.0006192563443723,0.1577459586904228,0.0018657910921113,1,,
2024-08-30 04:00:00,86.36914942437875,86.36914942437875,86.19092442816033,86.28003692626953,2420700,0.0002063403170051,-0.0004130438049174,0.0181932231236496,0.0435828299392975,,85.46153526306152,84.62264785766601,,1,0,0.5129114219237891,0.4809032996282056,1,73.28691362035745,36.96636338497227,0.043061240950622,4.435625167240277,-0.0004130438049174,0.1562866328203315,-0.0191433550177844,0,,
2024-09-03 04:00:00,86.16087483126921,86.25943027119887,85.92790883020359,85.95478820800781,3764800,-0.0037696868226848,-0.0024304668570085,0.0175651845934912,0.0367645170982506,,85.56245613098145,84.67497222900391,,1,0,0.4764276872862467,0.4800081771598139,0,62.86043979982099,36.22993776283044,0.0438298239449642,3.68456268326844,-0.0041811735818136,0.1589688484854094,-0.0177863048394045,0,,
2024-09-04 04:00:00,85.95478829362938,86.3938340823363,85.95478829362938,86.32215118408203,3089700,0.0042739093857715,0.0014188752269572,0.0284236774871684,0.0416384071823816,,85.6652603149414,84.73517288208008,,1,0,0.4717194979859869,0.4783504413250485,0,68.33936229747789,35.88668178854746,0.0368282318862475,4.095964614746396,0.0,0.1599757175029663,-0.0342393196501991,0,,
2024-09-05 04:00:00,86.38488894975683,86.62681021458576,86.37592687741258,86.57305145263672,5246000,0.0029065571827517,0.0042257420071623,0.0273773775858263,0.0412336605602838,,85.77437133789063,84.79880493164063,,1,0,0.4826698611484374,0.4792143252897264,1,71.43842895644093,36.09803838639069,0.0360856984228099,4.066895731356925,0.0,0.1608318818644763,-0.0239530661085822,0,,
2024-09-06 04:00:00,86.60887081551664,86.72535038204971,86.28630465397957,86.45654296875,4007300,-0.0013457823414074,0.0022524968681909,0.0244779195888358,0.0413776435267423,,85.86117095947266,84.86451354980468,,1,0,0.4764545701975748,0.4786623742712961,0,68.10470611323453,36.499508586976006,0.037207846597507,4.083681940037039,-0.0013457823414074,0.1633648756014296,-0.016663661820936,0,,
2024-09-09 04:00:00,86.56408384709412,86.68952550766245,86.47448363755358,86.64472198486328,2301900,0.0021765734512575,0.0042267605762082,0.022711979980714,0.0467553681171026,,85.95827102661133,84.93169387817383,,1,0,0.4811667900234795,0.4791632574217328,1,70.49928150546879,36.87230234466238,0.0360602323615946,4.666612484600408,0.0,0.1619077002545313,-0.0067858760705982,0,,
2024-09-10 04:00:00,86.75222975616839,86.75222975616839,86.37590484639398,86.45654296875,2480100,-0.0021718462683295,0.0058374265262333,0.0207056197648114,0.0434820082275726,,86.04462471008301,84.99934112548829,,1,0,0.464363886436189,0.4762033832246241,0,65.22570363512493,36.69524109771128,0.0375488381747859,4.302297532025848,-0.0021718462683295,0.1608554099615378,-0.0086812188471723,0,,
2024-09-11 04:00:00,86.4027900126212,86.62679392670182,86.24150692104087,86.59991455078125,5823400,0.0016583080598431,0.003217753066729,0.0220754982526478,0.0434367262696968,,86.11720581054688,85.07137985229492,,1,0,0.4573443715205911,0.4724315808838175,0,67.23658479543326,35.85370484469305,0.0375380409135527,4.298406111503177,-0.0005171397986579,0.1594859994665264,-0.0169146049020942,0,,
2024-09-12 04:00:00,86.53720321885667,86.78808653637236,86.51032383998823,86.698486328125,3656100,0.0011382433557247,0.0014488905425369,0.0182058117708641,0.0409767887359451,,86.18491325378417,85.13954086303711,,1,0,0.454496125588264,0.4688444898247068,0,68.58177558456406,35.520369136172846,0.0347689305723212,4.102080759076165,0.0,0.1583338423612594,-0.0128454802142649,0,,
2024-09-13 04:00:00,86.8060079954951,87.01209463677299,86.8060079954951,86.95833587646484,1794600,0.0029971636108663,0.005803989964024,0.0189116051639455,0.0438758742542861,,86.26160202026367,85.20899963378906,,1,0,0.4678138897471768,0.4686383698092008,0,71.86158367360771,35.75681872497082,0.0352121175949498,4.355306677041914,0.0,0.1579832894646527,-0.0141935768336075,0,,
2024-09-16 04:00:00,86.98520643635388,87.22712766926779,86.94040291660147,87.13752746582031,2507200,0.0020606602868991,0.0056876572475255,0.0200523936907508,0.0502492083100456,,86.33299369812012,85.27512924194336,,1,0,0.4872113087974838,0.4723529576068574,1,73.88608956100576,36.42642191778549,0.0354434469877143,5.108737342190953,0.0,0.1580753950525055,0.0023457755066738,1,,
2024-09-17 04:00:00,87.22711799490826,87.28088357985946,87.11063842695101,87.19127655029297,2793300,0.0006168304981311,0.0084982993341353,0.0172860568511645,0.0497818836179853,,86.40038719177247,85.3441062927246,,1,0,0.5011441275122337,0.4781111915879327,1,74.47922167847173,37.1539441865074,0.0343690518758841,5.062892760980592,0.0,0.1581083026173932,0.0014594370684726,1,,
2024-09-18 04:00:00,87.1912860532166,87.64825597679558,87.11064792108594,87.28984832763672,5362600,0.0011305233877025,0.0079669105960942,0.0168497699052061,0.0474123650494495,,86.47538375854492,85.4161181640625,,1,0,0.5142123850681912,0.4853314302839844,1,75.5748976142914,38.46131534010595,0.0342844082520058,4.873558369523866,0.0,0.1587578808258722,0.0136073560465497,1,,
2024-09-19 04:00:00,87.71098573544329,87.71994780750074,87.4511403342411,87.47801971435547,3615800,0.0021557075687939,0.0089913148342659,0.0196771693149171,0.0507814382995586,,86.55265998840332,85.48870300292968,,1,0,0.5336019010674278,0.4949855244406731,1,77.55586263815091,39.78235744769923,0.0341840934899247,5.220239346427053,0.0,0.156430757522045,-0.0022527984195899,0,,
2024-09-20 04:00:00,87.55865129819927,87.59449274488895,87.33464738343149,87.57656860351562,4114600,0.0011265560135214,0.0071095280379911,0.0191321511622126,0.0508527921783723,,86.63842735290527,85.55723205566406,,1,0,0.5505736338081988,0.5061031463141783,1,78.53761342713868,40.38563090153887,0.0340899405641602,5.227073767972236,0.0,0.1568781365142188,0.0023734035887403,1,,
2024-09-23 04:00:00,87.46907169202944,87.56763398461598,87.4153060913086,87.4153060913086,5527400,-0.0018413887958674,0.0031878185388865,0.0180999612404546,0.0492507888818618,,86.693408203125,85.6173959350586,,1,0,0.5447319860209632,0.5138289142555352,1,72.91688238952587,40.94581339438996,0.0349090960317855,5.027435101427271,-0.0018413887958674,0.1561989661205385,-0.0089772232683951,0,,
2024-09-24 04:00:00,87.46009826660156,87.50490178871017,87.31673246470012,87.46009826660156,2437400,0.0005124065486448,0.0030831262821748,0.0132584144527323,0.0487897661213561,,86.75820274353028,85.67845565795898,,1,0,0.5375205895042399,0.5185672493052762,1,73.4845159699326,40.91810856369973,0.0309590395537404,4.981450598552887,-0.0013299257869003,0.1558331131142888,-0.0060541660351238,0,,
2024-09-25 04:00:00,87.37945905643731,87.43322465372488,87.34362443965645,87.36154174804688,2368300,-0.0011268740889618,0.0008213259821583,0.0138959589470781,0.0503832350401838,,86.81628761291503,85.73080825805664,,1,0,0.5178829857445635,0.5184303965931336,0,70.00768922111129,40.892382649487374,0.0304213606056357,5.197191373016633,-0.0024553012169526,0.1560015629240412,-0.0056065242182218,0,,
2024-09-26 04:00:00,87.51385660059788,87.51385660059788,87.32569411355648,87.39737701416016,5016400,0.0004101949827834,-0.0009218624342278,0.0138925152672249,0.049368272980236,,86.87571868896484,85.78582748413086,,1,0,0.49945425205307,0.5146351676851209,0,70.55323939842818,41.06717099427552,0.0304217084244372,5.096937372727268,-0.0020461133864095,0.1554492537903222,-0.008176727282094,0,,
2024-09-27 04:00:00,87.52281376380951,87.65721748588946,87.49593438660497,87.62137603759766,3013800,0.0025629948070546,0.0005116372426612,0.0163860449713324,0.0547365667835983,,86.94367561340331,85.84922607421875,,1,0,0.4971928671039904,0.5111467075688948,0,73.76554591993764,41.56226945109746,0.0310425621162081,5.700197259470663,0.0,0.1560740164818337,-0.0100736610954194,0,,
2024-09-30 04:00:00,87.6482554148022,87.684096863094,87.48697231551769,87.62137603759766,3398900,0.0,0.0023573668674661,0.0157558918872258,0.0557049451906572,,87.01074256896973,85.91404266357422,,1,0,0.4897551111797327,0.5068683882910624,0,73.76554591993764,42.08266798861728,0.0311559517346672,5.81823637684109,0.0,0.1554510883936369,-0.0145478864614816,0,,
2024-10-01 04:00:00,87.61957788961877,87.7186752249561,87.49345525794723,87.58354187011719,4639200,-0.0004317915238426,0.001411427679161,0.0151078394294332,0.0515438061805009,,87.0921802520752,85.97225372314453,,1,0,0.4753284444750392,0.5005603995278578,0,72.22221978683257,42.64673667501079,0.0313730270102528,5.440028810067776,-0.0004317915238426,0.1567885455551664,0.0032114885692877,1,,
2024-10-02 04:00:00,87.54750625871561,87.58354227838517,87.38534760678661,87.57453155517578,2503200,-0.0001028768048084,0.0024380271097226,0.0188441316759253,0.0489802330305837,,87.15479927062988,86.02957489013671,,1,0,0.4578898805432914,0.4920262957309446,0,71.8367491575115,42.4277789621578,0.0270389490191478,5.189184984101518,-0.0005346239073188,0.156706272789407,-0.0142328243398585,0,,
2024-10-03 04:00:00,87.48444803711035,87.53849863194259,87.32228937944542,87.42138671875,2653200,-0.0017487371465902,0.0002747188234946,0.0127341072898408,0.0428282812471132,,87.19721603393555,86.08986038208008,,1,0,0.4267923875993347,0.4789795141046226,0,65.44333345526383,41.80837265095396,0.0255521013549723,4.591334120400868,-0.0022824261372229,0.1567187442385308,-0.0203591727249176,0,,
2024-10-04 04:00:00,87.41238118923737,87.41238118923737,87.2322079469786,87.3403091430664,2728400,-0.0009274341065353,-0.0032077434439131,0.0088625464570744,0.042963708948208,,87.24140434265136,86.14781539916993,,1,0,0.3910967972029766,0.4614029707242934,0,62.28295867961948,40.656808208647455,0.0246340393988058,4.608477129556668,-0.0032077434439131,0.1551633864216495,-0.0352448493241115,0,,
2024-10-07 04:00:00,87.20518959865284,87.2141934502654,86.90789753937842,86.91690826416016,2147600,-0.0048477144523578,-0.0080399076720184,0.0053248172966684,0.0385671196696093,,87.25501365661621,86.19269378662109,,1,0,0.3248976543050048,0.4341019074404357,0,48.98049628997494,37.885627407610514,0.0301653757936038,3.9811578971681008,-0.0080399076720184,0.155819864675316,-0.0461850253815974,0,,
2024-10-08 04:00:00,87.03400746870733,87.1060795100854,86.94392085356883,87.0970687866211,3399100,0.0020727902781976,-0.005554389250637,0.0052207080984902,0.0387398731618555,,87.28703994750977,86.24277069091796,,1,0,0.2837014711561352,0.4040218201835757,0,53.52870266183214,35.31238809236193,0.0300840930370053,3.996037293278063,-0.0059837824362811,0.1546799546690745,-0.0446411478521049,0,,
2024-10-09 04:00:00,87.03400619282465,87.1150820833103,86.96193415250313,87.0069808959961,5893100,-0.0010343389494048,-0.0064807729953098,0.0063666428051032,0.0339496255753997,,87.30739326477051,86.29069152832031,,1,0,0.2410056956915554,0.3714185952851717,0,51.07671457533159,32.96547377669533,0.0291747431202803,3.5444207612352567,-0.0070119321264474,0.153457048848202,-0.0459938594238442,0,,
2024-10-10 04:00:00,87.02500350977465,87.03401423393936,86.85384098965734,86.99797821044922,2306400,-0.0001034708416975,-0.0048433057881244,0.0045965825917131,0.030694878947348,,87.32236785888672,86.3318734741211,,1,0,0.2040899229541253,0.3379528608189624,0,50.826156012501485,30.967663501586284,0.0287798395175111,3.239199091578043,-0.0071146774376259,0.1537101727107764,-0.0362152588632854,0,,
2024-10-11 04:00:00,87.03400833405865,87.21418156612705,87.01598688695087,87.1961669921875,3369400,0.0022780849143282,-0.001650350820751,0.0057403616272946,0.0330428894023533,,87.33425941467286,86.38102935791015,,1,0,0.1886514292050094,0.3080925744961718,0,55.94923889495554,29.26486119452013,0.0294999392621918,3.4673278397549767,-0.0048528003626386,0.1531432746579011,-0.0327824274706559,0,,
2024-10-14 04:00:00,87.28626490754817,87.28626490754817,87.01599815129094,87.25022888183594,1618200,0.0006200030518919,0.0038349341265424,0.0033566995323572,0.0295751882007506,,87.33989448547364,86.43661315917969,,1,0,0.1787184987558134,0.2822177593481002,0,57.25738177464585,27.998102507826754,0.0278377907883814,3.1656469238501987,-0.0042358060617817,0.1519951716940697,-0.0379034883428146,0,,
2024-10-15 04:00:00,87.31329020854007,87.37635153524421,87.22320358084404,87.25022888183594,1357900,0.0,0.0017584988490264,0.0012933740409357,0.0307610564432356,,87.34284210205078,86.50289031982422,,1,0,0.168899610241425,0.2595541295267651,0,57.25738177464585,27.200765331783668,0.0269676557294116,3.3016831604999317,-0.0042358060617817,0.1531853813823815,-0.030934692072095,0,,
2024-10-16 04:00:00,87.35832499213976,87.47543690478504,87.3042743975601,87.4303970336914,2918500,0.0020649590741987,0.004866461671638,0.0027424817350909,0.0352741204890678,,87.34986953735351,86.56617691040039,,1,0,0.1736543551688498,0.2423741746551821,0,61.65817273724447,26.85433469991725,0.0277962746909439,3.806737805377847,-0.0021795937537468,0.1528373955261606,-0.033337320077287,0,,
2024-10-17 04:00:00,87.46641761082736,87.50245362807216,87.11507503414991,87.21417236328125,3056800,-0.0024731063536956,0.0024850480123694,-0.0008669503476672,0.0335815055560493,,87.3366771697998,86.62264373779297,,1,0,0.1581519240089761,0.2255297245259409,0,54.41689390396221,25.483862473288404,0.0289444100569065,3.589405627666517,-0.0046473097402816,0.1524463187623243,-0.0397558976645104,0,,
2024-10-18 04:00:00,87.37632880101681,87.46641540527344,87.30426364151191,87.46641540527344,2896300,0.0028922253706828,0.0030993152842389,-0.0001326539983406,0.0329907630548866,,87.3311695098877,86.67756103515624,,1,0,0.1643257955496579,0.2132889387306843,0,60.277703404966935,24.2112811199902,0.0297495543209121,3.543471830807705,-0.001768525436735,0.152301403685566,-0.026397326854964,0,,
2024-10-21 04:00:00,87.36734157886335,87.36734157886335,87.015992071012,87.1150894165039,3355100,-0.0040166958613963,-0.0015488723303528,-0.0052694367268597,0.0284105724004402,,87.31615867614747,86.72580841064453,,1,0,0.1392642109512252,0.1984839931747925,0,50.532324454922765,23.27973892329957,0.0324939644132949,2.9730249741702264,-0.0057781176693288,0.1519391705146633,-0.0314828191441949,0,,
2024-10-22 04:00:00,87.05201593010212,87.11507724358803,86.87184271247601,86.96192932128906,2365900,-0.0017581350859042,-0.0033042842894696,-0.0051864689411024,0.0302677953965184,,87.29125022888184,86.77045761108398,,1,0,0.105824110454364,0.1799520166307068,0,46.96733700866408,22.961072737055805,0.0324438168530046,3.214119097870233,-0.0075260940438282,0.1517526355702396,-0.0284658129354559,0,,
2024-10-23 04:00:00,86.8898618961848,86.8898618961848,86.61960205540304,86.67365264892578,4278100,-0.0033149755831453,-0.0086553922942156,-0.0089920504694436,0.0264214444181927,,87.25685577392578,86.80096481323243,,1,0,0.0554221990451822,0.1550460531136019,0,41.09126870611093,23.47471251915007,0.0339893826154291,2.757617217357522,-0.0108161208089817,0.1526443555729452,-0.0204626441557698,0,,
2024-10-24 04:00:00,86.82680516049258,86.99797454656986,86.7637438403328,86.94392395019531,4286100,0.0031182636592492,-0.0030986754304134,-0.0047803391457534,0.0268200649146919,,87.23418312072754,86.83295654296874,,1,0,0.0368620338082479,0.1314092492525311,0,47.69796848670384,23.38885771546457,0.0360104551672993,2.7908965721598213,-0.0077315846661852,0.1527899144809785,-0.0205872837609099,0,,
2024-10-25 04:00:00,87.06102974777372,87.14211250980516,86.79977376171136,86.80878448486328,5020600,-0.001554329034073,-0.0075186677922381,-0.0067346704146682,0.0261907611453775,,87.19355354309081,86.86064102172851,,1,0,0.0111201574416384,0.1073514308903525,0,44.98149343881668,22.610700040841195,0.0362158028155921,2.719062337580956,-0.0092738962737323,0.1526051019901242,-0.0182963361408882,0,,
2024-10-28 04:00:00,87.00698456031654,87.12409647589516,86.96193781492642,87.06103515625,4230400,0.0029058196458298,-0.0006204925072792,-0.0063950248978881,0.0289572029170095,,87.16553649902343,86.88766784667969,,1,0,0.0109478559266449,0.088070715897611,0,50.63315361406983,21.888125057262343,0.0365772467943173,2.975769531782613,-0.0063950248978881,0.1525768648175917,-0.0224070075408677,0,,
2024-10-29 04:00:00,86.92591504477953,87.11509903255539,86.7997923862623,87.08807373046875,3368400,0.0003105703277042,0.0014505704986562,-0.006086440675162,0.0253028152333727,,87.14076309204101,86.91256118774415,,1,0,0.012845023270799,0.0730255773722486,0,51.21167483239,21.8076721374633,0.0366254453482894,2.649774237595649,-0.006086440675162,0.1523776763790258,-0.0197709263175345,0,,
2024-10-30 04:00:00,87.11509609717393,87.25022947622313,86.88087223820243,86.91690826416016,4051400,-0.0019654294667067,0.0028065693298942,-0.0076114026873407,0.0257089602900126,,87.10788192749024,86.9351010131836,,1,0,0.0005308006779785,0.0585266220333946,0,47.42297865329983,21.05873494291524,0.0370836848451525,2.699092139185074,-0.0080399076720184,0.1525396566020568,-0.0270994857313388,0,,
2024-10-31 04:00:00,86.95291036657395,86.97093181053106,86.71868658046763,86.75472259521484,3915200,-0.0018659852517117,-0.0021761308483022,-0.009361271426778,0.0270351094150285,,87.07454872131348,86.95154556274414,,1,0,-0.0220610316474108,0.0424090912972335,0,44.09421166813492,20.944508557012743,0.037430286346868,2.8659309218857416,-0.0098908905745892,0.1552993457143987,-0.0089781158722284,0,,
2024-11-01 04:00:00,87.00929579598261,87.09988191297899,86.70129470466166,86.72846984863281,3066800,-0.0003026088470655,-0.0009251901948296,-0.0079261711135563,0.0332644712984566,,87.0439567565918,86.96889053344727,,1,0,-0.0416040136051947,0.0256064703167478,0,43.56119437562599,20.216869595388435,0.0371297051021261,3.766914510932934,-0.0101905063506615,0.1545998697015386,-0.0135202368248129,0,,
2024-11-04 05:00:00,87.10893483576977,87.10893483576977,86.89151988081909,86.94587707519531,3260200,0.0025067573190433,-0.0013227281394944,-0.0045160370021704,0.0318017637426502,,87.04540519714355,86.98149429321289,,1,0,-0.039098320272501,0.0126655121988981,0,49.05353752226767,19.497872704630897,0.0383723825621121,3.651234042572743,-0.0077092941579973,0.1553219800056872,0.0010221070040756,1,,
2024-11-05 05:00:00,86.9549452553505,87.19953539237574,86.9549452553505,87.16329956054688,5746200,0.0025006646969991,0.0008637902626131,0.0028347913116959,0.0328527226743753,,87.04871673583985,87.00147613525391,,1,0,-0.0193453614764251,0.0062633374638334,0,53.88659745109614,18.391659342673677,0.0355263456038958,3.750257656994869,-0.005227907820738,0.1538500611970709,-0.012641542734937,0,,
2024-11-06 05:00:00,87.29010007045605,87.40786131150901,87.09080649999986,87.3625717163086,6357600,0.0022861933493385,0.0051274655420781,0.0030483566598316,0.0311851276042163,,87.06649627685547,87.02473068237305,,1,0,0.0122474176579174,0.0074601535026502,1,57.83471465726975,17.692583132598017,0.0356802030881535,3.614953921307456,-0.0029536664794902,0.1504604720071303,-0.0272787942753887,0,,
2024-11-07 05:00:00,87.34445483082372,87.77021713295741,87.30821900603821,87.7430419921875,5837100,0.0043550718391669,0.0113921106241561,0.008459793554626,0.0358940223767367,,87.10374946594239,87.05541641235351,,1,0,0.067210928529505,0.0194103085080212,1,64.14651239656713,18.2520442661041,0.0382248116327728,4.051270880636247,0.0,0.1499562987075912,-0.022812573074266,0,,
2024-11-08 05:00:00,87.86987759879446,87.95140303379227,87.77023079294513,87.93328857421875,5349200,0.0021682241430402,0.0138918480596821,0.0107509436771853,0.0378123373295835,,87.14060554504394,87.08883743286133,,1,0,0.1246839372828958,0.0404650342629961,1,66.8210088111721,19.253794051926025,0.03865246045434,4.245775892733769,0.0,0.1496332647846949,-0.0265233449041307,0,,
2024-11-11 05:00:00,88.01481940150737,88.02387317549889,87.82457956723971,87.87893676757812,1937600,-0.0006181027404058,0.0107315001443466,0.0078302728083425,0.0320692775459146,,87.17204093933105,87.1208154296875,,1,0,0.1639559916194031,0.0651632257342775,1,65.32183902678747,20.365786400717525,0.0382855603646115,3.7242821562953874,-0.0006181027404058,0.1493984253386866,-0.0244532404545998,0,,
2024-11-12 05:00:00,87.78833934600729,87.78833934600729,87.38975218080685,87.45316314697266,4133000,-0.0048450019568574,0.0033255233324942,0.0023258880548215,0.0247096145599423,,87.18218765258788,87.1507829284668,,1,0,0.158891403582686,0.0839088613039592,1,54.925885906687405,19.516724728450946,0.0423123589509366,2.768388354689536,-0.0054601099882765,0.149137847675936,-0.0187987814763276,0,,
2024-11-13 05:00:00,87.6162254708099,87.6705757557055,87.46222838942082,87.5165786743164,2530300,0.0007251370340621,0.0017628482653637,0.0030527116764493,0.0244896563008183,,87.18649673461914,87.17467147827148,,1,0,0.1581714817627215,0.0987613853957117,1,56.04787170578471,18.72831031848912,0.0423622721408399,2.745024075384196,-0.0047389322821769,0.1491735291073079,-0.0261895243454022,0,,
2024-11-14 05:00:00,87.60716176877796,87.63433691028976,87.32634275811985,87.33540344238281,3238800,-0.0020701818407209,-0.0046458219426787,-0.0010865053177328,0.0189676273424019,,87.19255828857422,87.1899185180664,,1,0,0.1413521913875683,0.107279546594083,1,52.06075861872718,17.483786204841152,0.0424270450846088,2.1463695301632644,-0.0067993036713428,0.1498281414703647,-0.0196892523942597,0,,
2024-11-15 05:00:00,87.24480359116517,87.33539660414733,87.09080652713796,87.29010009765625,4064300,-0.0005187282927758,-0.0073145049729332,0.0008705894044229,0.0168527028039489,,87.18374252319336,87.20658966064452,,0,0,0.1229498914700144,0.1104136155692693,1,51.082203760546506,16.93685049612204,0.0415508108022128,1.9139367634396407,-0.0073145049729332,0.1516934025359221,-0.004938894113777,0,,
2024-11-18 05:00:00,87.28104625885697,87.44410401922502,87.23575666009073,87.43504333496094,2567900,0.0016604773868116,-0.0050511925717898,-0.0003586756147161,0.0191762202418641,,87.19974021911621,87.22239608764649,,0,0,0.1186934202487179,0.112069576505159,1,54.05757379608684,16.02272449975148,0.0406975314589355,2.169285717420589,-0.0056661731562248,0.1513252486293655,-0.0064093634896225,0,,
2024-11-19 05:00:00,87.35351784477335,87.64339753951238,87.35351784477335,87.57998657226562,3117600,0.0016577247723137,0.0014501868283463,0.0053365858759439,0.0191719262059295,,87.23064308166504,87.2448649597168,,0,0,0.1255683700426715,0.1147693352126615,1,56.88192163468917,15.272592829469644,0.0383445396266936,2.168848129151029,-0.0040178413395164,0.1510240225268221,-0.0060231208630492,0,,
2024-11-20 05:00:00,87.55281753841,87.56187822329935,87.44411005357058,87.52564239501953,3447800,-0.000620509084016,0.000103565756802,0.0064822972320195,0.0193850152150318,,87.27324256896972,87.26337951660156,,1,0,0.1251886001004436,0.1168531881902179,1,55.50417409294171,14.576041992779366,0.037790012558855,2.194052304496001,-0.0046358573164831,0.1508792088948042,-0.0057555947687715,0,,
2024-11-21 05:00:00,87.6162216356403,87.73398288485187,87.55281066894531,87.55281066894531,3638000,0.0003104035935339,0.0024893367179088,0.0101433133732182,0.014332522802263,0.0634861765689303,87.30368690490722,87.28046600341797,,1,0,0.1256316785488991,0.1186088862619542,1,56.07694589360601,14.50290777007062,0.0354201920035507,1.7008514303932158,-0.0043268927097194,0.1501201461197842,-0.0165365397474838,0,,
2024-11-22 05:00:00,87.59810026728344,87.67057191815687,87.52563552768703,87.55281066894531,2484200,0.0,0.0030096261889396,0.0070032118529501,0.016115777669261,0.0597634830604116,87.34088821411133,87.29235549926757,,1,0,0.124547119742985,0.1197965329581603,1,56.07694589360601,14.319426771873465,0.0341203533725844,1.922010122245436,-0.0043268927097194,0.1496562725807,-0.0205094813419026,0,,
2024-11-25 05:00:00,87.82457270300766,87.96951601087774,87.82457270300766,87.9061050415039,3732400,0.0040352145163502,0.005387561881091,0.012640662614415,0.0197942431777424,0.0680048177815217,87.38314170837403,87.30772705078125,,1,0,0.1504610806576494,0.1259294424980581,1,63.21771650864603,15.057542647080265,0.0356798185551816,2.2961347629571414,-0.000309138133642,0.1497522011516619,-0.0186946622442996,0,,
2024-11-26 05:00:00,87.87892460731396,87.87892460731396,87.66150965860086,87.7430419921875,3404800,-0.0018549684261339,0.0018617885923895,0.0078336632997011,0.0177973396118111,0.0695535649767413,87.41589012145997,87.31876235961914,,1,0,0.1560415067204417,0.1319518553425349,1,58.49114534965345,15.046627871872744,0.0356158247897493,2.0523176077492,-0.0021635331182988,0.1486980072810804,-0.0254223177357105,0,,
2024-11-27 05:00:00,87.81552423765689,88.00575715727685,87.80646355254802,87.99669647216797,1980700,0.0028908785724919,0.0053818979702255,0.0104333774164226,0.0201068158283983,0.0688779671019317,87.46987953186036,87.33289932250976,,1,0,0.1788699300248311,0.1413354702789941,1,63.11145027258696,15.410179351487518,0.0366640909973,2.288809984671128,0.0,0.1495811148869399,-0.018352829354936,0,,
2024-11-29 05:00:00,88.14163360243563,88.21409834438738,88.02386543811923,88.19598388671875,982900,0.0022647147283967,0.0073461173074773,0.0147160736397939,0.0222061444188588,0.0667567809739708,87.54194259643555,87.34725860595704,,1,0,0.2106146146289091,0.1551912991489771,1,66.2865348603397,16.307319238399096,0.0360069424768748,2.508315973500566,0.0,0.1489943111099929,-0.02324212320284,0,,
2024-12-02 05:00:00,88.37267537658424,88.37267537658424,88.01747296607137,88.15409088134766,3129200,-0.0004749990138428,0.0068676288951579,0.0161301684135637,0.0255867383212857,0.0632919394980378,87.61322364807128,87.35880905151367,,1,0,0.2297437475554318,0.1701017888302681,1,65.01959984622562,17.52326530047191,0.0350689422337924,2.9627192490539302,-0.0004749990138428,0.1486570916737342,-0.0427706505143933,0,,
2024-12-03 05:00:00,88.15407451136524,88.26337021302551,88.11764261081181,88.17228698730469,2005200,0.0002064124962903,0.0030280257062362,0.0166475569232544,0.0214329204942684,0.0639637603472982,87.67454414367675,87.37394866943359,,1,0,0.243564338812888,0.1847942988267921,1,65.32956292201405,18.652358072396662,0.0349177696770824,2.556552674346234,-0.0002686845632846,0.1486188342357262,-0.0386871960329527,0,,
2024-12-04 05:00:00,88.25426714698705,88.36355590820312,88.15408115008894,88.36355590820312,2434900,0.0021692634662633,0.0070719444177793,0.0163053025709514,0.0206820069932036,0.0627684624095505,87.73455696105957,87.39201782226563,,1,0,0.2668746950114951,0.2012103780637327,1,68.49024523169422,19.947043328003275,0.0347276077452558,2.48300513858912,0.0,0.1480220693440276,-0.0469985681446518,0,,
2024-12-05 05:00:00,88.30891529791279,88.34534720276528,88.2269487235012,88.29070281982422,1608400,-0.0008244698578516,0.0033411066488073,0.01293438023757,0.0212148183132556,0.0634702810296485,87.78096351623535,87.41060104370118,,1,0,0.2762848451538531,0.2162252714817568,1,66.0213965165796,21.14925106535227,0.0345528247984153,2.5527701353490966,-0.0008244698578516,0.1481438302714006,-0.0370895590243607,0,,
2024-12-06 05:00:00,88.40910184736298,88.59125442407972,88.35445746408304,88.4455337524414,2373800,0.0017536493387435,0.0028294923955174,0.0123961785334056,0.0207838599550556,0.068510985095251,87.81608810424805,87.4315641784668,,1,0,0.2928601101732511,0.2315522392200557,1,68.61102430602926,22.845016684686566,0.034276311303957,2.5081089624169723,0.0,0.1481228355398731,-0.0155365488096201,0,,
2024-12-09 05:00:00,88.48195613311442,88.59124488791021,88.29979662733037,88.3180160522461,1596000,-0.0014417652852006,0.0018595299351344,0.0065529305458749,0.0215307369410888,0.0659489448494796,87.83532447814942,87.44549697875976,,1,0,0.2923366396153426,0.2437091192991131,1,64.26676550767347,24.111250962370622,0.03206189169087,2.6117929011862984,-0.0014417652852006,0.1486749126138178,-0.0085450634939456,0,,
2024-12-10 05:00:00,88.13585654646204,88.33622852848718,88.13585654646204,88.3180160522461,2227700,0.0,0.0016527762851652,0.0043752199453181,0.0198395288306822,0.064138019283517,87.8572784423828,87.45942977905274,,1,0,0.2885950414333393,0.2526863037259583,1,64.26676550767347,24.40544980392568,0.0313530248802607,2.4173652140642203,-0.0014417652852006,0.1491385869332755,-0.0033059350280912,0,,
2024-12-11 05:00:00,88.5001904264587,88.5001904264587,88.33625030517578,88.33625030517578,3612800,0.0002064613059118,-0.0003090143073883,0.0052039038524915,0.0188903410706893,0.0606411953218379,87.90143280029297,87.47448394775391,,1,0,0.2838293417645161,0.2589149113336699,1,64.63808219437064,25.121538871912172,0.0312084712967472,2.30647517689875,-0.0012356016480323,0.1480250464156805,-0.009192726897172,0,,
2024-12-12 05:00:00,88.32714337383264,88.64591388666234,88.09944915771484,88.09944915771484,3723800,-0.0026806791848517,-0.002166181217287,0.0073900815875127,0.0131225289645733,0.0575741656496073,87.93057632446289,87.48498229980468,,1,0,0.2579708890440315,0.2587261068757422,0,56.43625136113448,24.649023376030357,0.0274289394738476,1.608350935065859,-0.0039129685812655,0.1483928467153585,-0.0049953849555104,0,,
2024-12-13 05:00:00,88.17229505649694,88.17229505649694,87.82620239257812,87.82620239257812,3253200,-0.00310157177768,-0.0070024040060269,0.0035378864547932,0.0079033103966363,0.0585496537971417,87.95511627197266,87.49307861328126,,1,0,0.2129741156020372,0.2495757086210012,0,48.74941457579428,23.12410187080985,0.0298680050942316,0.965044941447866,-0.0070024040060269,0.1479619841284857,-0.0081217156024422,0,,
2024-12-16 05:00:00,87.96282869218504,88.07211746560552,87.9172870708093,87.97193145751953,3640800,0.0016592891525697,-0.0039186183091095,0.0072883159640597,0.0089533602226397,0.0591809589772183,87.98920783996581,87.50571105957032,,1,0,0.1869182884208413,0.2370442245809693,0,52.4677908284895,21.70810333024795,0.0291286605816204,1.0864856263008875,-0.0053547338664661,0.1475773430158349,-0.0150225347017002,0,,
2024-12-17 05:00:00,87.84442271809013,87.95371843951706,87.81710052490234,87.81710052490234,3090600,-0.0017600037881623,-0.0056717253142034,0.0060373447465005,0.0060402464589768,0.0537389938785279,88.0083106994629,87.52371490478515,,1,0,0.1520228703530648,0.2200399537353884,0,48.44609249640744,20.30357250191461,0.0299008820091035,0.7361126101661817,-0.0071053133027388,0.147927058503962,-0.0248286607657058,0,,
2024-12-18 05:00:00,87.89906125133963,87.92638344054815,86.90631103515625,86.90631103515625,5433100,-0.0103714365915306,-0.0161874571886344,-0.0060471440241544,-0.0065354552042448,0.0439141032800998,87.97462692260743,87.51989974975587,,1,0,0.0502951291480968,0.1860909888179301,0,32.61087265696166,21.35191894418115,0.0470662709207954,-0.6492511152377088,-0.0174030575878871,0.1508899006337411,-0.0028769025629732,0,,
2024-12-19 05:00:00,87.1535702718669,87.27262448966536,86.77810932055988,86.78726196289062,6862100,-0.0013698553171526,-0.0148943859169329,-0.0090514356121862,-0.0090127605272869,0.0413817076130378,87.93770790100098,87.51550537109375,,1,0,-0.0394760485481811,0.1409775813447079,0,31.17642613955222,22.55061363852873,0.0466587591764204,-0.9038125982985828,-0.0187490732340682,0.1507294931259046,-0.0019502155749105,0,,
2024-12-20 05:00:00,86.80557927219553,87.42830128744961,86.80557927219553,87.34587860107422,4355300,0.0064366201392833,-0.0054690260812699,-0.0020538414689263,-0.0007942257865213,0.0484174468488041,87.92736129760742,87.52246337890625,,1,0,-0.0647977118049851,0.0998225227147693,0,43.69232558991289,23.07526133167878,0.0523505127542016,-0.0568103773951013,-0.0124331337571562,0.1498992265876938,-0.0064951447869381,0,,
2024-12-23 05:00:00,87.48325543927938,87.48325543927938,87.12610672513983,87.1718978881836,2839700,-0.0019918594406179,-0.0090941912503338,-0.0043506630781052,-0.0032952212966815,0.0453337717482913,87.90831565856934,87.52197799682617,,1,0,-0.0977769896093718,0.060302620249941,0,41.180505985729205,23.356744663372897,0.0527332333712899,-0.2986079497599523,-0.0144002281429236,0.148710124121168,-0.0093926234090598,0,,
2024-12-24 05:00:00,87.19020357723787,87.42830503093433,87.10778787408333,87.40083312988281,1843700,0.0026262505147345,-0.0047401632772137,-0.001735838494519,0.0004497560488259,0.0508556512537283,87.88305206298828,87.52499008178711,,1,0,-0.104238547074317,0.0273943867850894,0,45.61136256306562,23.65928293133729,0.0536372189800316,0.0636977935140001,-0.0118117962347619,0.1474616590485407,-0.0146643604996633,0,,
2024-12-26 05:00:00,87.31840495791113,87.63892209463926,87.2451419018734,87.6114501953125,1527600,0.0024097832696479,0.008113785428897,-0.0033519269913311,0.002449423409099,0.0519386201928397,87.87647247314453,87.53221450805664,,1,0,-0.0913117558564664,0.0036531582567782,0,49.38864906619472,23.128589185176335,0.0523469606372695,0.2540086952583547,-0.0094304768340649,0.1478071617934983,-0.0129883857679911,0,,
2024-12-27 05:00:00,87.50156917531105,87.5748252501057,87.32757115082975,87.38251495361328,1587600,-0.0026130744461922,0.0068587598831864,-0.0041088960490601,-0.0027260594935405,0.0518612921525336,87.8457633972168,87.53125686645508,,1,0,-0.0984059785323694,-0.0167586691010512,0,45.67536991410459,22.635802135169737,0.052721757858572,-0.2396063528924183,-0.0120189087422266,0.1489892836578592,0.001958845193051,1,,
2024-12-30 05:00:00,87.31841788219181,87.54735972613398,87.27263370545374,87.44662475585938,1844200,0.0007336685408989,0.001153416238965,-0.0062510496230113,-0.0019943909767325,0.0535994567738769,87.80829544067383,87.53590591430664,,1,0,-0.0977285222897705,-0.0329526397387951,0,46.87981363245752,22.335185122246976,0.0516517396240106,-0.1695363307676914,-0.0112940580965679,0.1508196719585776,0.0082801700774448,1,,
2024-12-31 05:00:00,87.47409075323668,87.65724840807447,87.3275716161166,87.42830657958984,1825000,-0.0002094783683266,0.0029414145799044,-0.0087042206832788,-0.001772425357695,0.0496800232736993,87.77200622558594,87.53514373779296,,1,0,-0.0975453153942567,-0.0458711748698874,0,46.56215164116989,21.60358568674136,0.0508119833098208,-0.1483756580846065,-0.0115011706040326,0.1513386561885204,0.015734460336521,1,,
2025-01-02 05:00:00,87.68473052978516,87.73967433926545,87.51989211459332,87.68473052978516,3681500,0.0029329625635821,0.0032482230401678,-0.0053243173047322,0.0012583450079883,0.0503002120702962,87.74762840270996,87.5465365600586,,1,0,-0.0758346778919474,-0.0518638754742994,0,51.5149253112131,20.5926336965502,0.052112950265639,0.1395601914083169,-0.0086019405432696,0.1521563816853543,0.0235393412599529,1,,
2025-01-03 05:00:00,87.84956187273892,87.89535303478675,87.78545843792217,87.86787414550781,1540400,0.002088660301698,0.0029268314772059,-0.0034524775550021,0.0051073020403376,0.0481543202556484,87.7228443145752,87.56465545654297,,1,0,-0.043350959188416,-0.0501612922171227,1,54.74133240915754,19.18589198472856,0.0527245404743488,0.5011832589726744,-0.0065312467733018,0.1505912866032882,0.0132718869563563,1,,
2025-01-06 05:00:00,88.01441146816444,88.0693552802092,87.88620458222584,87.96862030029297,2800100,0.0011465641540198,0.006707352689389,-0.0044694399614297,0.0071938279517349,0.0504666104302848,87.70674018859863,87.5905548095703,,1,0,-0.0093699939057785,-0.0420030325548539,1,56.45782750912181,18.48502521337636,0.0522724931448797,0.6966771042828566,-0.0053921711127135,0.1499004072115964,0.0126895798436865,1,,
2025-01-07 05:00:00,88.01439031370714,88.10596564068848,87.65724164775523,87.7030258178711,3764900,-0.0030191957258762,0.0029320864324673,-0.0066561595183176,0.009044472121831,0.0479604110301115,87.66961479187012,87.60573684692383,,1,0,-0.0038269741891383,-0.0343678208817108,1,50.969655041426,17.339581580879397,0.053144186294712,0.8840114499252043,-0.008395086818613,0.1511565197084223,0.0203362464133833,1,,
2025-01-08 05:00:00,87.51989131023488,87.82209623310095,87.51989131023488,87.79462432861328,3348200,0.0010444167676997,0.0041899215866656,-0.0073594380203528,0.0080089439485171,0.0470590825830985,87.64344520568848,87.62545364379883,,1,0,0.0078664634735758,-0.0259209640106534,1,52.67817144771671,16.730773098832106,0.0528527288224034,0.7880921667731285,-0.0073594380203528,0.1510936673787739,0.0200565417754312,1,,
2025-01-10 05:00:00,87.4557836398375,87.59315014238108,87.27263296094644,87.30925750732422,3055400,-0.0055284344001785,-0.0042820799036771,-0.0114218886475566,0.0034741650407275,0.0375417372184472,87.59300727844239,87.63041809082031,,0,0,-0.021780378386083,-0.0250928468857393,1,43.9406704218259,16.89706207329453,0.0557371263380348,0.3436162067670904,-0.0128471862502138,0.1525879742990616,0.0263195828835496,1,,
2025-01-13 05:00:00,87.13526990559625,87.30010831781965,87.11695064493207,87.27263641357422,4508500,-0.0004194411313934,-0.0067742361781495,-0.0118365389690531,0.0031570642074072,0.0339488488584305,87.53982658386231,87.63410934448243,,0,0,-0.047681092411338,-0.0296104959908591,0,43.35634454933695,17.460664189241463,0.0557047587021847,0.3141740041735252,-0.0132612387432713,0.1522878431395938,0.0211163071279949,1,,
2025-01-14 05:00:00,87.40998202969965,87.44661355844985,87.29093480132377,87.34587860107422,3827800,0.0008392342721597,-0.0070791345492624,-0.0112113849148013,0.0017169517199091,0.0348165741680526,87.50214805603028,87.6426887512207,,0,0,-0.0615876187284385,-0.036005920538375,0,44.933556801879256,17.387465847979705,0.0558575179862583,0.1813163091371019,-0.0124331337571562,0.1522062233240908,0.0282464151145664,1,,
2025-01-15 05:00:00,87.95944600505005,88.16090892854146,87.86786369184995,88.1517562866211,2864800,0.0092262817485353,0.0051164764791793,0.0005937282174444,0.0103326652129027,0.0402134439319403,87.51842575073242,87.67062942504883,,0,0,-0.0074946531072868,-0.0303036670521573,1,58.594706359194,17.13413814604133,0.064624292642024,0.9052904738256335,-0.0033215636036817,0.1508662666417081,0.016668053623192,1,,
2025-01-16 05:00:00,88.04187287576546,88.2891339739851,87.95029753769356,88.25250244140625,2611500,0.0011428717819028,0.005215331989794,0.0048539050672211,0.0114873459063093,0.042601765245352,87.53245429992675,87.7011100769043,,0,0,0.0430080149617424,-0.0156413306493774,1,59.93293936035446,17.193466052952207,0.0636935710097792,1.0025338298283843,-0.0021824879430932,0.1513297050098034,0.0227607172285098,1,,
2025-01-17 05:00:00,88.37154341746577,88.39901531826477,88.26164882751976,88.32575225830078,3528800,0.0008300027179757,0.0116424624375175,0.0040219737695779,0.010240777292414,0.0458761321935963,87.55788688659668,87.72870758056641,,0,0,0.0879288028027218,0.0050726960410424,1,60.92188455739678,17.496434497195207,0.0635250127829191,0.8992723676409378,-0.0013542966960422,0.1499498355310025,0.0160762652767978,1,,
2025-01-21 05:00:00,88.53638504765607,88.61880075306786,88.48144124404821,88.5821762084961,2929100,0.0029031618032011,0.0150051591052677,0.0087121492171879,0.0156855681610619,0.0497938187114617,87.64168014526368,87.75708511352539,,0,0,0.1425765864224644,0.0325734741173268,1,64.24859206260072,18.24641696157069,0.0637666650507238,1.3615852082248927,0.0,0.1490211023757551,0.0073958333442005,1,,
2025-01-22 05:00:00,88.5730201878903,88.6188043638456,88.43565368652344,88.43565368652344,1906900,-0.0016540858245318,0.012476548440556,0.0175976017524035,0.0110812621822793,0.0444376045321708,87.7240997314453,87.77854675292969,,0,0,0.172078590794257,0.0604744974527128,1,61.05043175792689,18.77468097751862,0.0510614907351017,0.973958131029804,-0.0016540858245318,0.1479429521063288,-0.019530455749755,0,,
2025-01-23 05:00:00,88.38070736012772,88.5730176618566,88.32575656909783,88.56385803222656,2916300,0.0014496907113681,0.004674912480082,0.0204707007590077,0.016630512870118,0.0455135676605114,87.78499870300293,87.79496307373047,,0,0,0.2034588144944109,0.0890713608610525,1,62.795510422811184,18.857940320302127,0.0504573626708327,1.4687677510887154,-0.0002067930260193,0.1473531518344577,-0.0224000042820199,0,,
2025-01-24 05:00:00,88.59131497291236,88.76531297274639,88.56384307541207,88.6554183959961,1795900,0.0010338344083453,0.0045654904217289,0.0149925768209717,0.0194739133310886,0.0503311411518818,87.85917472839355,87.80940567016602,,1,0,0.2330298015175316,0.1178630489923483,1,64.03483169541235,19.38575156825984,0.0463893842060661,1.7196661011289058,0.0,0.1479373609137805,-0.0130878972398538,0,,
2025-01-27 05:00:00,88.50891045531183,88.77448380926046,88.49059119683263,88.75616455078125,1766500,0.0011363789896647,0.0048730102090923,0.0181740526589178,0.0240270467230767,0.0510833204207965,87.92694129943848,87.82695022583007,,1,0,0.2615790737661854,0.1466062539471157,1,65.4005568727294,19.593553912308487,0.0453451376236752,2.138370298959861,0.0,0.1502305400508261,0.0102240243469857,1,,
2025-01-28 05:00:00,88.66459374868171,88.73785681284173,88.57301841185686,88.70122528076172,2537900,-0.0006189910334407,0.0013439393494398,0.0148784869012226,0.0202118934909476,0.0475740427011157,87.98143005371094,87.85191146850586,,1,0,0.2765831592726329,0.1726016350122191,1,63.973888426255854,19.78651323178223,0.045147231082571,1.8176759138753575,-0.0006189910334407,0.1488585051225904,0.0094726051711508,1,,
2025-01-29 05:00:00,88.64627946407752,88.74701442832365,88.5180725980825,88.62796020507812,2532100,-0.0008259759146695,0.0021745360670522,0.0116024789853326,0.0209561247863347,0.047695742790524,88.04370231628418,87.8741390991211,,1,0,0.279342044623192,0.1939497169344137,1,62.03056039208233,19.734096631170267,0.0450010842070129,1.8872989045364457,-0.0014444556764253,0.1494053236380278,0.0108124790783972,1,,
2025-01-30 05:00:00,88.73787126228925,88.86607815207041,88.69208009304535,88.8111343383789,2657100,0.002066775912217,0.0027920679117474,0.0163490303011306,0.0201019799384187,0.0496412799675387,88.11192779541015,87.90365371704101,,1,0,0.292932360934671,0.2137462457344652,1,64.9012537032302,20.02230619932619,0.0437549239416031,1.8186277649235831,0.0,0.148914873161836,-0.0004994352224289,0,,
2025-01-31 05:00:00,88.88436036169425,88.9209918873481,88.56384324565947,88.60963439941406,1906900,-0.0022688589720868,-0.0005164263776583,0.0132996516080714,0.0174715159466545,0.0432164097198723,88.17099418640137,87.93004440307617,,1,0,0.2841677149258572,0.2278305395727436,1,59.566096646566265,19.730294330166604,0.0450098748972038,1.575078366659741,-0.0022688589720868,0.1493719717245032,-0.0095988819977805,0,,
2025-02-03 05:00:00,88.29286831828645,88.6335921889289,88.27445403977534,88.4954605102539,3205900,-0.0012885042347146,-0.0029373062913076,0.0122060459868633,0.0181616244482163,0.0443375012199702,88.2115306854248,87.95125274658203,,1,0,0.2649545599155516,0.2352553436413052,1,56.720890598867,18.355031166900837,0.0454177606209844,1.6401073465227824,-0.0035544397724079,0.1501902018506036,-0.0075886384010583,0,,
2025-02-04 05:00:00,88.49546147186044,88.7625141800222,88.4586258887689,88.75330352783203,2385800,0.0029136298753793,0.0005871198160507,0.0121865345492953,0.0230371427955833,0.0506950638867,88.25580215454102,87.97471908569337,,1,0,0.2674507668234867,0.2416944282777415,1,61.22528545871194,17.50539364012212,0.0454051980087778,2.0657907762054597,-0.0006511662189397,0.1496240887174601,-0.0166426997004357,0,,
2025-02-05 05:00:00,88.8361908478242,89.06640798715175,88.79935526245144,88.99273681640625,2153500,0.0026977394537108,0.0041158186477954,0.0128017512866611,0.026107539677862,0.060240464480606,88.30700798034668,88.00406097412109,,1,0,0.2854587038960545,0.2504472834014041,1,64.88055663271663,17.601136956490365,0.0457080592933031,2.323491435900523,0.0,0.1494218890205645,-0.0077653734761187,0,,
2025-02-06 05:00:00,89.02955972774227,89.04797400497247,88.87301378144574,88.88221740722656,1935700,-0.0012418924637377,0.0008003846519606,0.0103854886414598,0.0222706400483672,0.0547806494242331,88.36596755981445,88.03064910888672,,1,0,0.2874980327346179,0.2578574332680469,1,61.97629773191428,17.690041464546596,0.0461018409855303,1.9925845325437328,-0.0012418924637377,0.1487194469470793,-0.0078782992420431,0,,
2025-02-07 05:00:00,88.84538021955132,88.84538021955132,88.6243667602539,88.6243667602539,2258200,-0.0029010375134013,0.0001662613883885,0.0105052355239843,0.0167624127020584,0.0501658262722877,88.40745468139649,88.05208023071289,,1,0,0.2652501842572263,0.2593359834658828,1,55.71055445429676,16.82503371718531,0.0459900000383891,1.501012245956031,-0.0041393272005141,0.1496578817149342,-0.0099144780283308,0,,
2025-02-10 05:00:00,88.83619124362191,88.90986241469565,88.79014500528343,88.82698059082031,1692700,0.0022862090638628,0.0037461817663291,0.0117587639345997,0.0167624286435508,0.048470294723973,88.48334083557128,88.07049774169921,,1,0,0.260959666273024,0.2596607200273111,1,59.201008619839406,16.225702900311962,0.0463741994218157,1.5010135480912183,-0.0018625815040153,0.1489882385242996,-0.0139345936265891,0,,
2025-02-11 05:00:00,88.75330242079117,88.7993486554985,88.68884190760231,88.72567749023438,2457100,-0.0011404541718308,-0.000311267710604,0.0162230217430419,0.0111990133432389,0.0474950133555152,88.5559928894043,88.09015045166015,,1,0,0.2465430909820156,0.257037194218252,0,56.79110140640596,15.292300769079311,0.0413313380441383,1.0280064837420622,-0.0030009114869994,0.1487051987536715,-0.0254461438604604,0,,
2025-02-12 05:00:00,88.42179045060111,88.65200757604866,88.39416551965446,88.52308654785156,4031500,-0.0022833406079667,-0.005277399991907,0.0143280893721557,0.0067073344258585,0.0447732917473349,88.61485328674317,88.10067825317383,,1,0,0.2162773446695496,0.2488852243085115,0,52.21351920901782,14.949030607056107,0.0424950544645298,0.6246739779251886,-0.005277399991907,0.1488451729764678,-0.0226063360814052,0,,
2025-02-13 05:00:00,88.5507027798573,88.97430137237893,88.5507027798573,88.9190444946289,2115700,0.0044729342617679,0.0004143358309076,0.0180107627142849,0.0118356885655279,0.0442845280929975,88.65321769714356,88.11513946533204,,1,0,0.2216865551970528,0.2434454904862198,0,59.14484680744864,14.195980508987642,0.0444832223582784,1.0640486082972105,-0.0008280711933758,0.1479489663525058,-0.0279703213088735,0,,
2025-02-14 05:00:00,89.02034562332196,89.1768915635463,89.02034562332196,89.02955627441406,2240200,0.0012428358898057,0.0045719876933651,0.0099578275552314,0.0180255701533875,0.0431805896040433,88.69207038879395,88.13264877319335,,1,0,0.2322139526564939,0.2411991829202746,0,60.851595720264726,14.067669032919468,0.0325460487097755,1.644208944114281,0.0,0.1481401240442025,-0.0180699281435786,0,,
2025-02-18 05:00:00,88.95589815312405,89.05719425297686,88.9282732214677,88.97431945800781,2369700,-0.0006204323453662,0.0016587175001052,0.0081789977239545,0.0166567387090876,0.041554312815984,88.7244987487793,88.14868942260742,,1,0,0.2334092450534939,0.2396411953469185,0,59.51333168953377,13.632870015702766,0.0326624006045018,1.5210581974878672,-0.0006204323453662,0.1476148503194352,-0.0245480865116832,0,,
2025-02-19 05:00:00,88.91906785243216,89.04798889160156,88.81777174656054,89.04798889160156,3102200,0.0008279853562522,0.0036326733194307,0.0081769655489449,0.0196092922425048,0.0389488613326109,88.74778938293457,88.1623780822754,,1,0,0.2375625572175437,0.2392254677210435,0,60.75303922102815,12.85614709011478,0.032662058914298,1.7939977720789968,0.0,0.147389978212187,-0.0170714246517875,0,,
2025-02-20 05:00:00,89.06640280681555,89.13086332105128,88.97431736157435,89.11244201660156,2834100,0.000723802140871,0.0066576470809276,0.0059861456424075,0.0208768453341965,0.0380813794080467,88.78162879943848,88.17881286621093,,1,0,0.2432508709390362,0.240030548364642,1,61.85357058684854,12.395993903200544,0.0313970798350909,1.9084870475354463,0.0,0.1481128477970822,-0.0060948051262075,0,,
2025-02-21 05:00:00,89.07560534093523,89.17689440350094,88.95588794993019,88.98351287841797,2720800,-0.0014468141066045,0.0007250233530451,0.0061950035879931,0.0177099419682893,0.0372257719578081,88.80261154174805,88.18957244873047,,1,0,0.2346504917952074,0.2389545370507551,0,58.33002159196594,12.115705776920606,0.0312435282104145,1.6226268731413045,-0.0014468141066045,0.1504722610525811,0.017096515313784,1,,
2025-02-24 05:00:00,89.0387889449548,89.16770998945351,88.919071528156,89.06641387939453,2541900,0.0009316445068856,0.0004139929089039,0.0056745026507889,0.0169722257938735,0.0364695422602736,88.82316131591797,88.20454040527343,,1,0,0.2318514085918082,0.2375339113589658,0,59.91137899217249,11.71141216740694,0.0310534548063796,1.5588524314619658,-0.0005165175161337,0.1513009239194673,0.0267912293416341,1,,
2025-02-25 05:00:00,89.28740692138672,89.31503185166225,89.14927524434007,89.28740692138672,3911000,0.0024812163459442,0.0035188520157962,0.0071285944708729,0.0201285529378467,0.0399037604578353,88.84972343444824,88.22392822265626,,1,0,0.2446452879663923,0.2389561866804511,1,63.84979046403665,11.831544500872996,0.0318946458732695,1.834498975912351,0.0,0.1524344144385402,0.0303983625027668,1,,
2025-02-26 05:00:00,89.30583214821014,89.41633187416613,89.28741084343798,89.37029266357422,1585300,0.000928302714183,0.0036194390910389,0.006919272772784,0.0207586938756445,0.0353887411312257,88.88317680358887,88.24460906982422,,1,0,0.2584929701811944,0.2428635433805998,1,65.22952797255454,12.265148938328489,0.0318372951813493,1.8899764534870327,0.0,0.1524989616376671,0.0150996034899,1,,
2025-02-27 05:00:00,89.38871128791628,89.3979219407501,89.14928349392417,89.18611907958984,4080500,-0.0020607919980488,0.0008267876103602,0.0054665964003688,0.018655122527367,0.035071542003672,88.91108474731445,88.26634246826171,,1,0,0.2517045951862684,0.2446317537417335,1,59.77062193511314,12.069701790448896,0.0327574513817742,1.6927967267330442,-0.0020607919980488,0.1546532412161299,0.0389278132866333,1,,
2025-02-28 05:00:00,89.28741108207464,89.45316769712089,89.18611498256476,89.43475341796875,3046600,0.002787814302773,0.0050710578280646,0.0091031454523353,0.0173895587313657,0.0375280150633905,88.94226570129395,88.29851348876953,,1,0,0.263351717608657,0.2483757465151182,1,64.13435772472761,12.080022915596963,0.0336261146829805,1.592978023110273,0.0,0.1527013876629533,0.0220612220814235,1,,
2025-03-03 05:00:00,89.4514250003564,89.46993993883288,89.11809959518612,89.23846435546875,2491100,-0.0021947738993884,0.0019317099294824,0.00481167164763,0.0170432017095372,0.0351438649702458,88.97370719909668,88.32384414672852,,1,0,0.2538174100466221,0.249464079221419,1,58.71915633793345,11.786124111420367,0.0342530723124689,1.5594413128640332,-0.0021947738993884,0.1550832984451077,0.0414224929471487,1,,
2025-03-04 05:00:00,89.08105243595057,89.22920018306566,88.87735281570401,89.13660430908203,4355700,-0.0011414365668707,-0.0016889572393726,0.0059470949546256,0.0129539844404795,0.0333212636482667,89.00576438903809,88.35023422241211,,1,0,0.2353294171162048,0.2466371468003762,0,56.07326409921815,11.34795165901932,0.0334291408216138,1.1990352811561062,-0.0033337052710743,0.1567618540613207,0.0494730186091882,1,,
2025-03-05 05:00:00,89.11809314404893,89.27549483396463,88.97920639126944,89.17364501953125,2859900,0.0004155499386175,-0.0022003692522662,0.0076634948885176,0.011085098093222,0.033537399801236,89.02678146362305,88.39558090209961,,1,0,0.2211175201596376,0.2415332214722285,0,56.83496516401103,10.7489861477718,0.0329363716552576,1.0345521053450124,-0.0029195406534775,0.1551593567765379,0.0330857463716387,1,,
2025-03-06 05:00:00,89.03477992112643,89.04403385917416,88.80330431658616,88.85885620117188,3210900,-0.0035300656184955,-0.0036694373720412,0.0011892816283367,0.0079946978385019,0.0337859944013394,89.02008743286133,88.43701278686524,,1,0,0.1823516265478133,0.2296969024873454,0,49.05057793839677,10.846634198112843,0.0341952567700038,0.7433783246091552,-0.0064393001018904,0.1574057596015704,0.0520081422103404,1,,
2025-03-07 05:00:00,88.93292010651375,89.07179980238759,88.87736116409016,88.98847198486328,2866200,0.0014586704041965,-0.0049900225141762,-4.792336650760731e-05,0.0092567066756032,0.0308880254280887,89.02540016174316,88.46986465454101,,1,0,0.1602411271002779,0.2158057474099319,0,51.967768963550846,10.81091808995027,0.0332466496010473,0.8553132117676526,-0.0049900225141762,0.156756779494914,0.0490884603482695,1,,
2025-03-10 04:00:00,88.87734957180125,88.90512550735319,88.61809808788556,88.6458740234375,2660200,-0.0038499139695763,-0.0066405258798577,-0.002659062641363,0.0031949610032404,0.023943046202256,89.02647552490234,88.49934417724609,,1,0,0.1137622246034197,0.1953970428486295,0,44.68496533562247,11.65485537968871,0.0356169637298852,0.3072322819506825,-0.0088207253263667,0.1604263236872205,0.0787178609150354,1,,
2025-03-11 04:00:00,88.66440195258134,88.70143889048514,88.19218982439985,88.24774169921875,11627200,-0.0044912674008209,-0.0099719146444163,-0.0042496784440108,-0.0004865871403599,0.0207179083151194,88.99751358032226,88.51628234863281,,1,0,0.0442908509191681,0.1651758044627373,0,38.017308464812494,13.51648564194939,0.0375524307633214,-0.0202123936702652,-0.0132723764910779,0.161044544989467,0.0760846214315789,1,,
2025-03-12 04:00:00,88.54401584537389,88.55327684437331,88.29402538496932,88.33106231689453,5348300,0.0009441671375542,-0.0094487861570777,-0.005582968942851,-0.0012942590845489,0.0194627011709478,88.97778282165527,88.53067459106445,86.54094062805176,1,1,-0.0039963680891617,0.1313413699523575,0,40.03394225756696,15.245142314048596,0.0367111970617278,-0.0913797153918585,-0.0123407406952438,0.1603457150046218,0.0762306917164459,1,,
2025-03-13 04:00:00,88.3218199237312,88.3218199237312,87.78479489379492,87.83109283447266,5638500,-0.0056601773974844,-0.0115662457366366,-0.0100825903060608,-0.0055132943371982,0.0158987373138375,88.94318313598633,88.53964614868164,86.56846492767335,1,1,-0.0816662976126707,0.0887398364393518,0,33.079117084268546,17.79739706541069,0.041142074509038,-0.4491963343292915,-0.0179310673111767,0.1615922396851397,0.0866616704693385,1,,
2025-03-14 04:00:00,87.96072402496532,88.35886232153602,87.96072402496532,88.26627349853516,4565800,0.0049547449544165,-0.0081156409388731,-0.0029010855736213,-0.0005858663500811,0.0192420391682577,88.91054458618164,88.55603912353516,86.5967191696167,1,1,-0.1068728697914735,0.0496172951931867,0,42.45062076333179,19.99045301970561,0.0446349842322065,-0.0253615899400725,-0.0130651662220475,0.1591064307111671,0.0689391367519964,1,,
2025-03-17 04:00:00,88.29403445534591,88.51624900565261,88.23848258378753,88.49773406982422,3428000,0.0026222991196394,-0.0016711432454725,-0.0047381348641249,0.0018280577236475,0.0207529314282335,88.88395347595215,88.57742767333984,86.62766426086426,1,1,-0.1069395930789767,0.018305917538754,0,46.72399914447973,21.286311602726062,0.0426439251193985,0.1753417425018846,-0.01047712787629,0.1583029471520638,0.0699834615599033,1,,
2025-03-18 04:00:00,88.44217477400119,88.49773370940649,88.29403409575778,88.34033203125,3055800,-0.0017785996469698,0.0010492090817102,-0.0077415217148749,0.002734215433106,0.0158926242188954,88.85225410461426,88.59053970336915,86.65918056488037,1,1,-0.1183294723149401,-0.0090211604319847,0,44.31414322556408,22.489608858387907,0.0426200337622374,0.2511306338385994,-0.0122370929073178,0.1597480000706377,0.0783574072273056,1,,
2025-03-19 04:00:00,88.35885395295897,89.01624371729967,88.35885395295897,88.86810302734375,4234500,0.0059742926470669,0.0060798624669828,-0.0011937875030805,0.0118632094566537,0.0198602784799264,88.84325981140137,88.61054428100586,86.6918899154663,1,1,-0.0838032928562597,-0.0239775869168397,0,53.056803101662005,21.529226669984933,0.0479183080916439,0.9867124844440924,-0.0063359082344286,0.1589710616689998,0.076931361072345,1,,
2025-03-20 04:00:00,88.71069058816086,88.95142714642344,88.69217565171301,88.75698852539062,2674300,-0.0012503305254409,0.010541775822634,-0.0032679049783501,0.0089239494332369,0.017957208989761,88.82548713684082,88.62631164550781,86.72229110717774,1,1,-0.0646616789876759,-0.032114405331007,0,51.23307939007061,20.637443209325028,0.0479779192746199,0.7493803898552134,-0.0075783167803977,0.1592327301037721,0.0803497770692107,1,,
2025-03-21 04:00:00,88.76624800225817,88.76624800225817,88.46069857556178,88.66439819335938,3032800,-0.0010431892019946,0.0045104962410227,-0.0050278481108027,0.0096484359355131,0.0157469613254839,88.8095314025879,88.64553909301758,86.75107929229736,1,1,-0.056313926187272,-0.03695430950226,0,49.70003667246063,20.448064174785284,0.0479621921096921,0.8094188798424015,-0.0086136003641578,0.1590141582479733,0.0736013830874826,1,,
2025-03-24 04:00:00,88.83105665746093,89.02549526592561,88.80328072254783,89.00697326660156,5012700,0.0038637274962955,0.0057542625484123,0.000263648707774,0.0241715728860649,0.017478145450007,88.80655937194824,88.66978607177734,86.78175659179688,1,1,-0.0218039838065493,-0.0339242443631178,1,55.05834454579805,19.37884966826343,0.0497665482842097,2.1669055154776444,-0.0047831534724311,0.1568201409465792,0.042186379400386,1,,
2025-03-25 04:00:00,89.02550901424374,89.0995828948333,88.86810731604643,88.91439819335938,1918000,-0.0010400878700245,0.0064983473449737,-0.0017067677861264,0.0245097746185183,0.0152761133620169,88.78790893554688,88.70188888549805,86.81060512542724,1,1,-0.0019027073417419,-0.0275199369588426,1,53.40277729423333,18.14797478612186,0.0497787814612267,2.1988796951412986,-0.0058182664425485,0.156281369083168,0.0329174801758094,1,,
2025-03-26 04:00:00,88.87735687207322,88.90513280990665,88.34959286101696,88.48847961425781,4132700,-0.0047902093221766,-0.004271762310141,-0.0089478162114431,0.0130813385987229,0.0122767232757641,88.74381828308105,88.72620574951172,86.83794094085694,1,1,-0.0202652667652643,-0.026069002920127,1,46.478242810387954,18.34927913809778,0.0514169785180251,1.2043452985665162,-0.0105806050505733,0.157411952490055,0.0326536371058232,1,,
2025-03-27 04:00:00,88.46069460031914,88.56254440464102,88.32180786132812,88.32180786132812,3350100,-0.0018835418311654,-0.0049030580159669,-0.0117319164008224,0.0131912921595389,0.0098526026360026,88.70060272216797,88.7457243347168,86.86567714691162,0,1,-0.0477166965556818,-0.0303985416472379,0,44.07005458579208,18.59817162446188,0.0514085389660944,1.2147964133916962,-0.0124442178695269,0.1575338312501401,0.0330157632445766,1,,
2025-03-28 04:00:00,88.39589557760554,88.41441051580392,88.00701829877269,88.15515899658203,3376900,-0.001886837110578,-0.0057434461537402,-0.0115596473268198,0.0086306484696576,0.0090842862048379,88.63662300109863,88.74579238891602,86.89218349456787,0,1,-0.0819743735329865,-0.0407137080243877,0,41.74125929078984,19.48872760397997,0.0513479120761831,0.8054138149988026,-0.0143075747680165,0.1604681614380665,0.0375997307021203,1,,
2025-03-31 04:00:00,87.84034899362088,88.27551711726468,87.82182699274115,88.23848724365234,3886900,0.0009452452700304,-0.0086339979301103,-0.013375853665361,0.0071570216785818,0.0096239756641198,88.58662414550781,88.74551208496094,86.91840148925782,0,1,-0.1012329853753186,-0.0528175634945738,0,43.35315891045863,20.658469017398787,0.050223830200258,0.6750818490244136,-0.013375853665361,0.1595488106230838,0.0448419170573897,1,,
2025-04-01 04:00:00,88.13793216800778,88.50106061107331,88.13793216800778,88.4731216430664,3196500,0.0026590936307211,-0.0049629369287675,-0.0085763769909095,0.0124808342954201,0.0097207513050614,88.55345001220704,88.74845947265625,86.94433856964112,0,1,-0.0964507150948321,-0.0615441938146255,0,47.737936546472056,20.93265689441711,0.0511323929433261,1.1600349222130866,-0.010752327681927,0.1595224995339376,0.0286246238849579,1,,
2025-04-02 04:00:00,88.2962217012183,88.6407241821289,88.2962217012183,88.6407241821289,2812800,0.001894389346164,0.0017205015673764,-0.0055631480556928,0.0136551802840112,0.0116335555389344,88.52680397033691,88.74963043212891,86.97102554321289,0,1,-0.0782347655755728,-0.064882308166815,0,50.67499511985211,20.717295947577377,0.051660308237054,1.2631146561305988,-0.0088783074307701,0.1588196351376326,0.0131267972596633,1,,
2025-04-03 04:00:00,87.72823427853962,87.93307739445297,87.28130319802608,87.43028259277344,8935500,-0.0136555922858706,-0.0100940559318537,-0.0195501981148799,2.260152644950608e-05,-0.0017498638907641,88.45537528991699,88.7295230102539,86.99333480834962,0,1,-0.1596308889996436,-0.0838320243333807,0,35.26215108913517,22.23271934420847,0.0693181328127476,0.0272663124671167,-0.0224126611701775,0.1647709208303273,0.0619464030624463,1,,
2025-04-04 04:00:00,86.35951775457957,86.5550478857274,85.73568251181334,86.08018493652344,27966300,-0.0154419912210325,-0.023537749618704,-0.0312706170599098,-0.0182990308981639,-0.0170637123843573,88.3099609375,88.67984954833985,87.00845291137695,0,0,-0.3292837230754912,-0.1329223640818028,0,25.82667855298301,24.984779369513404,0.0853699702948549,-1.2026664377468477,-0.0375085562741802,0.1723142895280299,0.0947140051558241,1,,
2025-04-07 04:00:00,84.86977525221441,87.0299271928486,84.83253039589124,85.29808044433594,39352700,-0.0090857668668373,-0.0333234044595197,-0.0414704450836628,-0.0292461121446541,-0.0242881788325448,88.14257125854492,88.61270278930664,87.01825046539307,0,0,-0.5208401910521445,-0.2105059294758712,0,22.13212294688175,28.01523535893888,0.0885248235660927,-1.875705620180967,-0.0462535291431988,0.171053361132245,0.0912023179054588,1,,
2025-04-08 04:00:00,86.61092246129675,86.61092246129675,84.56250521795452,84.94425964355469,14542700,-0.0041480511511879,-0.0398862607532767,-0.0417573228383322,-0.0343799942117337,-0.0274334900233397,87.97739715576172,88.53646469116211,87.02671955108643,0,0,-0.6932095652722126,-0.3070466566351395,0,20.69013931939696,30.949672671144462,0.0886093092658864,-2.203711415155045,-0.0502097182895777,0.1730543448837044,0.0787153934980422,1,,
2025-04-09 04:00:00,84.47870886228753,87.32787268139145,84.1807571367847,87.2347640991211,16541400,0.0269647939151849,-0.0158613334444223,-0.0114787934579704,-0.0053391740408411,0.0036570080702238,87.92258224487304,88.5071354675293,87.04620052337647,0,1,-0.6376386675331105,-0.3731650588147337,0,45.462403894943535,32.11784319051539,0.1332735619260047,-0.2168322328402339,-0.0245988190806109,0.160830432186648,-0.0013295253361916,0,,
2025-04-10 04:00:00,86.52712654107064,86.58299026998002,85.3539385078671,85.81948852539062,10429700,-0.0162237565303936,-0.0184237545575078,-0.0284336418653433,-0.022497229395615,-0.0146684644963243,87.82200202941894,88.45096603393554,87.05873737335205,0,0,-0.6997331533338809,-0.4384786777185632,0,37.639366864568494,33.20257295850267,0.1437597411982034,-0.9769248836527706,-0.0404234903593054,0.1654719552423061,0.031969923471522,1,,
2025-04-11 04:00:00,85.61464385783512,86.53643799081647,85.24220953342623,86.02433013916016,6063400,0.0023868892403027,-0.0006488693931648,-0.0205708780000898,-0.0147169659306319,-0.0112939300584461,87.7099048614502,88.39522994995117,87.07190177917481,0,0,-0.7240678707023278,-0.4955965163153161,0,39.26828915516316,34.295502386143745,0.1434105818645196,-0.6250797683902841,-0.0381330875131969,0.1629592839572548,0.0084598386332088,1,,
2025-04-14 04:00:00,86.86232672175973,86.86232672175973,86.30366809832532,86.52713012695312,3731300,0.0058448579254217,0.0144088785610978,-0.0197033736969862,-0.0085422684275083,-0.0054121727100037,87.61137466430664,88.35357986450195,87.08868186950684,0,0,-0.6947726460166024,-0.5354317422555734,0,43.19085174129034,34.60252374285483,0.1439047058366907,-0.3394101363759342,-0.0325111120665475,0.162336857047061,0.0203035560627855,1,,
2025-04-15 04:00:00,86.64816524277553,86.93681107836147,86.55505666189238,86.77851867675781,4907900,0.0029053147774096,0.0215936785004671,-0.0194266600284924,-0.0064955546089089,-0.0047897554426573,87.53328399658203,88.31924102783204,87.10614593505859,0,0,-0.6438491224634078,-0.5571152182971404,0,45.1000933460933,34.72764150560412,0.1439955037245749,-0.2465781447261971,-0.0297002523034547,0.1632657730669093,0.0313501801711764,1,,
2025-04-16 04:00:00,86.78782084978745,86.96473210402792,86.50849514194975,86.70402526855469,2983700,-0.0008584314337123,-0.0060840289539082,-0.0185227599338938,-0.0164231670366178,-0.0062601969104399,87.42508010864258,88.27825546264648,87.12429515838623,0,0,-0.6025569571149987,-0.5662035660607121,0,44.62152490629568,34.89274627474304,0.1439596132535587,-0.7122464473129064,-0.0305331881070006,0.1668339928904998,0.044357317880217,1,,
2025-04-17 04:00:00,87.11371589899514,87.28131418732339,86.98336246404311,87.2626953125,2019200,0.0064434153110528,0.0168167721796941,-0.018065061142914,-0.0112156267700558,0.0001428813519899,87.35036544799804,88.24365463256837,87.14561874389648,0,1,-0.5187725282553401,-0.5567173584996377,1,48.9929129504141,34.33106852767053,0.1442487365756721,-0.4652785972456805,-0.0242865108076918,0.1676697605428059,0.0547187568761284,1,,
2025-04-21 04:00:00,86.78782783664728,87.02060283044916,86.52712098018581,86.73196411132812,2340500,-0.0060819941358819,0.00822597480298,-0.0228153799233871,-0.0180444333189686,-0.0079884450495419,87.25374374389648,88.20064956665038,87.16282638549805,0,0,-0.489555051284924,-0.5432848970566949,1,45.33201744293091,34.34022350973382,0.1453932249295781,-0.7704944884657683,-0.0302207945272603,0.1707134351174842,0.0721001580908031,1,,
2025-04-22 04:00:00,87.03922719581745,87.29993404744984,86.94611151703822,87.05784606933594,2619500,0.0037573455339892,0.0061335206842541,-0.0181194724913134,-0.017208090886956,-0.0017924414084232,87.1562873840332,88.16931915283203,87.1806886291504,0,0,-0.4350886091304318,-0.5216456394714424,1,47.90603703601939,33.74450945031237,0.1463475391728545,-0.7311467754404833,-0.0265769989606217,0.1670096477291474,0.0502816200096198,1,,
2025-04-23 04:00:00,88.24035277701053,88.42657705803643,87.52340883031826,87.56065368652344,2494800,0.0057755577456746,0.0090130025459296,-0.0162495086283406,-0.0098941994944889,0.0010774224691083,87.0886001586914,88.1439926147461,87.19933666229248,0,1,-0.3473471865940922,-0.4867859488959724,1,51.68592304236997,31.40857739298627,0.1472671078754277,-0.3959859913450154,-0.0209549382071508,0.1654111174834524,0.0547823543903056,1,,
2025-04-24 04:00:00,87.84926941102088,88.41724088771741,87.77477971813947,88.3148193359375,3289500,0.0086130655455594,0.018578077112263,-0.0067433269482181,-0.0028119675658037,0.0137717808415209,87.0799171447754,88.13577545166015,87.22219863891601,0,1,-0.2144841719859442,-0.4323255935139668,1,56.75445576896942,29.239497625469177,0.1507732176946787,-0.0773629928725299,-0.0125223589178727,0.1633964785995162,0.0455275606944658,1,,
2025-04-25 04:00:00,88.20310888589827,88.62210105751866,88.20310888589827,88.4731216430664,2518600,0.0017924772797954,0.0138710628434257,-0.0001735589904849,-0.0020562392714162,0.0173776310343127,87.08748283386231,88.13477615356446,87.24611797332764,0,1,-0.0953168491802642,-0.3649238446472263,1,57.756244786015,27.53141062124838,0.1500142164179792,-0.0443411388719613,-0.010752327681927,0.1625151480973518,0.032419365407587,1,,
2025-04-28 04:00:00,88.51036136705316,88.5382932297118,88.19379078528321,88.48242950439453,3655400,0.0001052055263255,0.0201824714913585,0.0018185955083549,-0.0030841243284019,0.0208688199953364,87.10384635925293,88.12604385375977,87.26928623199463,0,1,-0.0001233982245025,-0.2919637553626815,1,57.81811878514191,25.92940692651168,0.1498519944380785,-0.0891990825287766,-0.0106482533598945,0.1624702771169579,0.0313357824642723,1,,
2025-04-29 04:00:00,88.33346774805882,88.75245994541815,88.26829102616448,88.70590209960938,10706400,0.0025256154975237,0.0189305858654125,0.0062474290704721,5.2725526990871074e-05,0.0202656847006743,87.12721710205078,88.11957077026368,87.29206516265869,0,1,0.0922866452847586,-0.2151136752331935,1,59.35729152526909,24.7792516052646,0.1498837164388864,0.0474849930937661,-0.008149531256078,0.1618609970523598,0.0086798253423676,1,,
2025-04-30 04:00:00,88.27757970010455,88.28689268819646,88.02618585145134,88.1844711303711,3607300,-0.0058781992730625,0.0071244036857123,-0.0006121604638585,-0.0050039408972161,0.0158473206792533,87.11278457641602,88.10377380371094,87.31095195770264,0,1,0.1220403439891413,-0.1476828713887265,1,54.3719642524452,23.26300681843644,0.151392159815542,-0.1705396627360275,-0.0139798259604353,0.1608457023241906,0.0081284949479853,1,,
2025-05-01 04:00:00,88.38017995955748,88.47381152217694,88.19291683431855,88.29591369628906,3304100,0.0012637436556512,-0.0002140709768824,-0.0020029579999705,-0.0058013068510847,0.0141840553333969,87.09554405212403,88.08873229980469,87.33039596557617,0,1,0.1528508785003879,-0.0875761214109036,1,55.23728082856882,22.167510731376044,0.1511619711496074,-0.2052686181380237,-0.0127337492211486,0.1599156613720351,0.002464616836159,1,,
2025-05-02 04:00:00,88.57681770024814,88.62363705829729,88.35210049760065,88.5487289428711,2085900,0.0028632723304913,0.0008545793163003,-0.0010378439493431,-0.0006873457604895,0.0167721612137496,87.1514663696289,88.07745803833008,87.34942005157471,0,1,0.1954158938305568,-0.0309777183626115,1,57.21938779154701,21.39803875975733,0.1513563334619078,0.015952854570905,-0.0099069370824658,0.1580277590001649,-0.0049860090459311,0,,
2025-05-05 04:00:00,88.39889835475302,88.66106955134681,88.37080246057855,88.5112533569336,10392700,-0.0004232199195278,0.0003257579239235,0.0123638027020342,0.0001784593988056,0.0183433249596023,87.27301979064941,88.06801284790039,87.36874423980713,0,1,0.2235480853810543,0.0199274423861216,1,56.817759236676096,20.747039620832098,0.143033042446814,0.0532421507426443,-0.0103259641888788,0.158871896743066,-0.0358013662698151,0,,
2025-05-06 04:00:00,88.39890421798866,88.52998982498008,88.29590736340543,88.46444702148438,2333500,-0.0005288179036451,-0.0027219730864567,0.0276981524461072,-0.0032546000527977,0.0197075660566268,87.43133811950683,88.05597351074219,87.38880924224854,0,1,0.2393075809431195,0.0638034700975212,1,56.286354538216486,19.972792628419292,0.1307270489638417,-0.0952729391878137,-0.0108493215377885,0.160126286855992,-0.0707312359608769,0,,
2025-05-07 04:00:00,88.54871235847862,88.6329857584572,88.35208395003494,88.48316955566406,2732700,0.0002116390799926,0.0033871998262753,0.0373406892011674,-0.005725942127091,0.0202321072894946,87.6082836151123,88.03988876342774,87.40932235717773,0,1,0.2504211476463354,0.101127005607284,1,56.46176551885377,19.44942780149476,0.1252420640877239,-0.2029651012887506,-0.0106399785982246,0.1594894353839881,-0.0676042006524303,0,,
2025-05-08 04:00:00,88.72661235049526,88.82024390018886,88.4550758558433,88.5112533569336,2892300,0.0003173914475551,0.0024388406170781,0.0419921690806044,-0.0041736588162888,0.018004031178896,87.67210807800294,88.02270797729493,87.42851367950439,0,1,0.2585148590091393,0.1326045762876551,1,56.74216709599088,19.313890850194248,0.1235238818738153,-0.1355671562293859,-0.0103259641888788,0.1584361063679877,-0.0844719531632699,0,,
2025-05-09 04:00:00,88.67042727254734,88.73597007137556,88.52998352050781,88.52998352050781,2810800,0.0002116133583454,-0.000211696120171,0.0148475144601183,-0.0010649806954493,0.0156795803606721,87.8076328277588,88.00958526611328,87.4476212310791,0,1,0.2634041916838328,0.1587644993668906,1,56.9413446815396,19.18803510970092,0.0837196929447006,-0.0009086230976203,-0.0101165359424936,0.1586717997495995,-0.0134217909365771,0,,
2025-05-12 04:00:00,89.41015081021212,89.57869049805053,89.16671015060301,89.55996704101562,5212100,0.0116342902093642,0.0118483655389327,0.0435854207464583,0.0082518447133963,0.0251525943151331,87.98441467285156,88.01208953857422,87.47338550567628,0,1,0.346397035823486,0.1962910066582097,1,66.16687277997826,20.40617217706561,0.066559569966933,0.3924243666038904,0.0,0.1553828515250567,-0.0609716837060125,0,,
2025-05-13 04:00:00,89.5693233186142,89.85958330701793,89.5037733665175,89.70040893554688,6494800,0.0015681324945879,0.0139712840092962,0.0427330127469749,0.0109859002814578,0.0223079448685361,88.14307861328125,88.02132843017579,87.49967475891113,1,1,0.4186757168547785,0.2407679486975235,1,67.19885188661755,21.879991169610108,0.0665665364003734,0.5063567138462638,0.0,0.1546054905117571,-0.0512630716252342,0,,
2025-05-14 04:00:00,89.44758876597965,89.66294777308401,89.32586845808662,89.3726806640625,3307400,-0.0036535872620141,0.0100528847787131,0.0328862234646447,0.0095974298834653,0.0163691374811809,88.27278671264648,88.02604995727539,87.52317321777343,1,1,0.4443895140474438,0.2814922617675076,1,62.41457105314872,22.75671893582484,0.067780165082381,0.4478408543831467,-0.0036535872620141,0.1538440202291141,-0.052316134317451,0,,
2025-05-15 04:00:00,89.20413919822593,89.5318603515625,89.20413919822593,89.5318603515625,3230100,0.0017810776885873,0.0115308162060836,0.0317283783681607,0.0068918403297801,0.0188090985710946,88.41417846679687,88.03321426391602,87.54786640167237,1,1,0.4721694782121233,0.3196277050564307,1,63.7640103770392,23.23807878193576,0.067608721531411,0.3360193348547919,-0.0018790168961825,0.1533689060171227,-0.060618137309959,0,,
2025-05-16 04:00:00,89.72848421001464,89.72848421001464,89.50375992020763,89.64421081542969,2957700,0.0012548657363538,0.0125858748710121,0.0339106003183606,0.0069039380486306,0.0250539556216484,88.53325424194335,88.04892135620118,87.57303276062012,1,1,0.4975159888124523,0.355205361807635,1,64.72662568385644,23.971920270831564,0.067075228223209,0.3365242407400286,-0.0006265090737498,0.1525948318530964,-0.0853492791888592,0,,
2025-05-19 04:00:00,89.22287513114539,89.59740851190796,89.21350983212805,89.58804321289062,2499700,-0.000626561403443,0.000313490198831,0.0266476744966819,0.00689776284462,0.0236693957870879,88.67605819702149,88.06091278076173,87.59627857208253,1,1,0.5072240617148651,0.3856091017890811,1,63.81393449231936,23.861472842396047,0.0650813491436226,0.3362652572861644,-0.0012526779307883,0.1523325982786269,-0.0914724409131805,0,,
2025-05-20 04:00:00,89.41950490143132,89.59740986730158,89.41013960227231,89.55059051513672,3371800,-0.0004180546466999,-0.0016702088896585,0.0324981272209012,0.0056441659131345,0.0253641362544951,88.80069541931152,88.0790071105957,87.62033966064453,1,1,0.5060620909575846,0.4096996996227818,1,63.17425427709383,23.758916829817384,0.0597700310591712,0.2837697998459189,-0.0016702088896585,0.1527826054675504,-0.1050346719201913,0,,
2025-05-21 04:00:00,89.28842671252664,89.4195123371325,88.93262389482943,88.95134735107422,4321300,-0.0066916718317029,-0.0047143412266216,0.0217499210838529,-0.0018077684987841,0.0190313363320633,88.87023010253907,88.09307922363281,87.6427412033081,1,1,0.451581752166021,0.4180761101314297,1,53.86968089523115,22.467714746190538,0.0655466053616585,-0.0284549064431486,-0.0083507042315814,0.1543613294797871,-0.0757340574113005,0,,
2025-05-22 04:00:00,88.91387264618939,89.19477443004192,88.87641859876712,89.10114288330078,3929200,0.0016840164504237,-0.004810773132273,0.0175933953427582,0.0013219303338083,0.0190552836115958,88.90954627990723,88.10848083496094,87.66856506347656,1,1,0.4157009963996358,0.417601087385071,0,55.62896646849045,21.14010628571917,0.0633109752858397,0.1021551662095085,-0.0066807505044563,0.1545602797352651,-0.0655992046560764,0,,
2025-05-23 04:00:00,88.84833880645891,89.11987531992386,88.82025005396768,89.0636978149414,3067300,-0.0004202535135651,-0.0064757444480548,0.0084796468433601,-3.0494822176208025e-05,0.0169412134066897,88.93907508850097,88.13313293457031,87.69255321502686,1,1,0.3798648888913476,0.4100538476863263,0,55.06364524289976,19.77369727532777,0.0567244798458568,0.0457655150659323,-0.0070981964091486,0.1555571406824423,-0.0479773981928217,0,,
2025-05-27 04:00:00,89.47567567852602,89.64421533255927,89.35395537313575,89.63485717773438,4232700,0.0064129311583236,0.0005225470181606,0.0131309431960007,0.0038913691003881,0.0240982496671726,88.99669647216797,88.1605046081543,87.71877334594727,1,1,0.393021792133112,0.4066474365756835,0,61.49190846847623,19.577846140209665,0.0602911633351172,0.2082173092568814,-0.0007307854957451,0.1533661172442717,-0.0562964804216256,0,,
2025-05-28 04:00:00,89.62549726532988,89.65358601875182,89.43822700313356,89.58804321289062,4053800,-0.0005222741053843,0.0004182294894814,0.0124952910390099,0.0024364981116946,0.0232457705057687,89.04080352783203,88.18231079101562,87.74311080932617,1,1,0.395116579048576,0.404341265070262,0,60.72513494438385,19.41341759737296,0.0603988403286516,0.148166885645205,-0.0012526779307883,0.1541780017358819,-0.0510387224557183,0,,
2025-05-29 04:00:00,89.78467519916201,89.78467519916201,89.61613552830138,89.70040893554688,4426600,0.0012542491009568,0.008421025726752,0.011211281463783,0.0057664786994271,0.0245291755934833,89.11660041809083,88.20951232910156,87.76809925079345,1,1,0.4012186882221584,0.4037167497006413,0,61.9515274047097,19.511486837293177,0.0600472374932104,0.285642882453798,0.0,0.1537644285114626,-0.0500217389509716,0,,
2025-05-30 04:00:00,89.74721348441304,89.83148688446495,89.62549317725998,89.80339813232422,3634000,0.0011481463462597,0.0078815515300765,0.0183584136889556,0.004121940300239,0.0215831777545429,89.19197463989258,88.22821823120117,87.7934688949585,1,1,0.4096429126655181,0.4049019822936167,1,63.08918332172015,19.693407458357488,0.0553358528233318,0.2179887730904153,0.0,0.1541133416960629,-0.0418560181021081,0,,
2025-06-02 04:00:00,89.73371806054922,89.81845789005766,89.58305989638757,89.79962921142578,3986000,-4.196857776905816e-05,0.0082629782339995,0.0170304089078123,0.006288374189427,0.0234387499286996,89.25451965332032,88.24907104492188,87.81672557830811,1,1,0.4112741385518461,0.4061764135452626,1,63.01492806866501,19.727777152163384,0.0554043256213311,0.3076717407141561,-4.196857776905816e-05,0.153243651298977,-0.0417220553372568,0,,
2025-06-03 04:00:00,89.90321401310352,90.05386500875376,89.83730285554829,90.00678253173828,3547200,0.0023068393726299,0.0041493383903812,0.0164661153951501,0.0097622994436594,0.0228427445592354,89.32929611206055,88.27591873168946,87.8400378036499,1,1,0.4243903309543668,0.4098191970270834,1,65.42377607886583,20.241053397561416,0.0551775949149143,0.450622723798104,0.0,0.1527262405948848,-0.0335480199100622,0,,
2025-06-04 04:00:00,90.10094177901918,90.25159276512758,90.08210591589504,90.21392822265624,2736400,0.002301445347687,0.0069862560596205,0.0192368179315727,0.0116658145228574,0.0228802293144025,89.41677017211914,88.30005783081054,87.86398464202881,1,1,0.446354635605573,0.4171262847427814,1,67.68993055206906,21.08804054365045,0.0552338667697848,0.528404489770455,0.0,0.1531188355026976,-0.0362119503720186,0,,
2025-06-05 04:00:00,90.3174954450939,90.3174954450939,89.98793970910916,90.02560424804688,2813300,-0.0020875265972739,0.0036253492749811,0.017647284068631,0.0131303518496068,0.0212300228836594,89.49389190673828,88.3222819519043,87.88556419372559,1,1,0.4434534787611284,0.4223917235464508,1,63.60824315691019,21.543250334074788,0.0560052522775915,0.5893572674252058,-0.0020875265972739,0.1535412251427615,-0.0411241766890698,0,,
2025-06-06 04:00:00,90.17626723980888,90.17626723980888,89.99736963572938,90.0350341796875,3378300,0.0001047472185207,0.0025793684000907,0.0175385288729645,0.0117606491209585,0.0211262206757891,89.57008094787598,88.35321304321289,87.9065223312378,1,1,0.436879136990953,0.4252892062353512,1,63.72619274515477,21.96594513946881,0.056021567594443,0.5332761466648193,-0.0019829980413579,0.1519964595769936,-0.0469810165730057,0,,
2025-06-09 04:00:00,90.02562046220291,90.1856893936854,90.02562046220291,90.1291961669922,2462700,0.0010458371917401,0.0036700257947668,0.0182795153011112,0.0167331210831371,0.0199815437557007,89.6500415802002,88.38936080932618,87.92821872711181,1,1,0.4342611173606769,0.4270835884604164,1,64.94787839200876,22.37947188717686,0.0559937226276777,0.7394000982130023,-0.0009392347427207,0.1520184115344331,-0.0405065169845102,0,,
2025-06-10 04:00:00,90.08210362770744,90.37400202850152,90.08210362770744,90.32691955566406,8874800,0.002193777344974,0.003556809997212,0.0202974852552637,0.0235606919385191,0.0230626404684439,89.68838920593262,88.43279602050781,87.95019084930419,1,1,0.4430339236713507,0.4302736555026033,1,67.42855668647508,23.177945669623615,0.0561214244907436,1.0227635699045583,0.0,0.1514929916195067,-0.0452431253784334,0,,
2025-06-11 04:00:00,90.42107879906148,90.46816127267036,90.27983856201172,90.27983856201172,5528100,-0.0005212288195362,0.0007306004810345,0.00803787166052,0.0220621850796474,0.0207393718116339,89.71736068725586,88.473623046875,87.97228393554687,1,1,0.4411026365445138,0.4324394517109854,1,66.22667600851466,24.116139744585368,0.0406688310213426,0.9612607112710536,-0.0005212288195362,0.1518470840208044,-0.0227551976910538,0,,
2025-06-12 04:00:00,90.27043314309292,90.41166620470298,90.27043314309292,90.39283752441406,3882300,0.0012516522426513,0.0040792092364674,0.0077193470696963,0.0291667176994974,0.0234926186627717,89.76836853027343,88.51201736450196,87.99266967773437,1,1,0.443576871419765,0.4346669356527414,1,67.71412987175887,24.9440899422379,0.0405674168968096,1.261069854278203,0.0,0.1514353056204318,-0.0205049955265611,0,,
2025-06-13 04:00:00,90.09153813895502,90.30810749657604,90.08212020589896,90.11036682128906,5845100,-0.0031249235101034,0.0008367036486176,0.0082540453273345,0.0208923890140724,0.020294282516295,89.79729385375977,88.54141021728516,88.01240047454834,1,1,0.4179270919824773,0.4313189669186886,0,60.53665388145601,24.86599601318094,0.0399433872543159,0.9215065024732711,-0.0031249235101034,0.1526689145589961,-0.0076382927875123,0,,
2025-06-16 04:00:00,90.3551617931098,90.42107294162642,90.13859966960226,90.31749725341795,4509600,0.0022986304399323,0.0020892351694434,0.0087749422247065,0.020562822344784,0.0224284700946388,89.83095817565918,88.59915451049805,88.03298873901367,1,1,0.4095916343939478,0.4269735004137405,0,63.58476468722631,25.084083531314853,0.0402091075751912,0.9080931538269946,-0.0008334761144738,0.1515777195907931,-0.0116789411416268,0,,
2025-06-17 04:00:00,90.2986669338841,90.36457808120248,90.1291801002402,90.1950912475586,3902700,-0.0013552856266145,-0.0014594575875492,0.006145186924152,0.0209956106532684,0.0237872326090502,89.86131057739257,88.68145263671875,88.05292041778564,1,1,0.3886287126318706,0.4193045428573665,0,60.60560924019369,25.242965665792912,0.0405408284911207,0.9263529886783924,-0.0021876321428903,0.1526769334896584,0.0005380368100604,1,,
2025-06-18 04:00:00,90.20451954811917,90.52465739081812,90.20451954811917,90.33634185791016,3852300,0.0015660565159125,0.0006258683754694,0.0083526620091627,0.0165215502587541,0.0285807583266761,89.90059814453124,88.78221786499023,88.07329093933106,1,1,0.3790438087992527,0.4112523960457438,0,62.77315661213335,25.80776752990945,0.0406243306782055,0.7448755399128356,-0.0006250015825496,0.1529390722910564,0.0039812490516322,1,,
2025-06-20 04:00:00,90.41165725395123,90.64705524503334,90.39282857552637,90.6093978881836,3987200,0.0030226598139531,0.0023957690642362,0.0118235666225774,0.0208705747408617,0.0299807721277287,89.98350067138672,88.89552062988281,88.09493774414062,1,1,0.388996928623996,0.4068013025613943,0,66.59909969492662,26.628591578251932,0.0414913187771536,0.9260353171905358,0.0,0.1537624558625867,0.0064133635634617,1,,
2025-06-23 04:00:00,90.57172981072846,90.79770986188532,90.55289394926254,90.78829193115234,3594400,0.0019743431381094,0.0075232754429661,0.0206511158603146,0.023954301625791,0.0338338591059204,90.0678581237793,88.96659118652343,88.11910526275635,1,1,0.4066326934115807,0.4067675807314316,0,68.85732367623251,27.731237851655244,0.0322241591554498,1.0544225057845342,0.0,0.1525591672705887,-0.0116749591058321,0,,
2025-06-24 04:00:00,90.91069958369307,91.10843301795418,90.85419918549276,91.0331039428711,5622100,0.0026965152280251,0.0079232342703789,0.0216827865171234,0.0227637296484701,0.0474855376848919,90.16632843017578,89.07086349487305,88.14266002655029,1,1,0.4353450605655808,0.4124830766982615,1,71.67918765154567,29.35290089004016,0.0326920221660541,1.006281633768872,0.0,0.1512990969547469,-0.0210997468826018,0,,
2025-06-25 04:00:00,91.0896098313572,91.16493891692144,90.96720545514803,91.06136322021484,2386300,0.0003104285816892,0.0096044248159645,0.0224296256980507,0.0241464270183389,0.049248025120919,90.2376537322998,89.17160415649414,88.16510158538819,1,1,0.4551336089721758,0.4210131831530443,1,71.99464039537152,30.95613369118425,0.0323818071207997,1.064386012963184,0.0,0.151261318370256,-0.0276157191713611,0,,
2025-06-26 04:00:00,91.19319491950463,91.35326385498048,91.1178658261827,91.35326385498048,3703100,0.0032055377214124,0.011257064168813,0.0191711877650313,0.032374657731842,0.0458795001903729,90.3259147644043,89.26812683105469,88.18958518981934,1,1,0.488736270366374,0.4345578005957103,1,75.082083733563,32.75427626828345,0.027189633760234,1.4121561079380975,0.0,0.1505681495239554,-0.018243714912987,0,,
2025-06-27 04:00:00,91.33442443483928,91.40975351930436,91.23084873964402,91.2779312133789,3664300,-0.0008246299959371,0.0073781896886713,0.0188628743288046,0.0334699144371242,0.0471027180165581,90.4047908782959,89.3581150817871,88.21275123596192,1,1,0.5034840562270375,0.4483430517219758,1,72.84995134590538,34.512385192317424,0.0274090561927256,1.4589162454419144,-0.0008246299959371,0.1497002261973509,-0.0290428951479192,0,,
2025-06-30 04:00:00,91.43801019211634,91.60749705892512,91.37209903190058,91.58866119384766,4183000,0.0034042180441442,0.008815776193942,0.0210506538454864,0.038948397760802,0.0479151961599895,90.49405403137207,89.45580780029297,88.2384118270874,1,1,0.5340884560558266,0.465492132588746,1,76.01710982490299,36.43764831708276,0.0287466243409104,1.6852367407527151,0.0,0.1494950866293035,-0.0277654716600518,0,,
2025-07-01 04:00:00,91.4845098345511,91.66440614746664,91.45609830988754,91.52238464355467,4003100,-0.0007236327011344,0.0053747557700618,0.0191416644245192,0.037216157058932,0.0446395355803781,90.58019180297852,89.54100158691406,88.26302417755127,1,1,0.546692765800799,0.4817322592311566,1,74.0333548275385,38.30502537476981,0.0293452388863512,1.6130218643017042,-0.0007236327011344,0.1494352613154025,-0.0303548046468704,0,,
2025-07-02 04:00:00,91.5129189355318,91.70228576660156,91.408765011279,91.70228576660156,3310000,0.00196565161351,0.0070383587914972,0.0211877996811784,0.0364988152736693,0.0494351852344994,90.66496696472169,89.64040802001954,88.28804317474365,1,1,0.564688907003017,0.4983235887855287,1,75.87380544255058,39.74567487409174,0.0293530932236911,1.58417140223547,0.0,0.149053299157248,-0.0273443767895719,0,,
2025-07-03 04:00:00,91.6644036064566,91.7780280303176,91.61706551442526,91.75909423828124,1623300,0.0006194880662435,0.0044424289420572,0.0194686628857669,0.035179880184023,0.0493154480743169,90.74222526550292,89.73443298339843,88.31204696655273,1,1,0.5768849765461113,0.5140358663376452,1,76.44163422177867,41.20715136498434,0.0289866174025512,1.5300966032961998,0.0,0.1479793389332714,-0.0310811137832225,0,,
2025-07-07 04:00:00,91.73067217417166,91.73067217417166,91.41821768624796,91.42768096923828,5591600,-0.0036117757241842,0.0016405910373813,0.01345416135285,0.0457209819975492,0.0457446168879827,90.8123291015625,89.81177352905273,88.33349773406982,1,1,0.5534285881841896,0.5219144107069541,1,66.59452864918154,41.3570142326882,0.0324652325930634,2.052740800736553,-0.0036117757241842,0.1485518965331041,-0.0298261082942542,0,,
2025-07-08 04:00:00,91.41822563162036,91.43715942312672,91.23832210484656,91.2856674194336,5351700,-0.0015532883290835,-0.0033082018064743,0.0139967199544128,0.060472482566676,0.0410668638415356,90.8748607635498,89.87119049072265,88.35396968841553,1,1,0.517415481213277,0.5210146248082187,0,62.857874552591326,40.54213823721095,0.0319486303768825,2.87450266700064,-0.005159453924188,0.1484024350263728,-0.033468471491032,0,,
2025-07-09 04:00:00,91.39928970832275,91.5413184361159,91.36141489931916,91.52238464355467,3079400,0.0025931477614489,0.0,0.016519685669234,0.0729712106860436,0.0415909743303342,90.94452018737792,89.93217575073243,88.37513236999511,1,1,0.502187036579457,0.5172491071624663,0,66.25661325229188,40.06028611740544,0.0325568557060477,3.544405273020147,-0.0025796853891328,0.1479003612036808,-0.0269486433086156,0,,
2025-07-10 04:00:00,91.5413233638421,91.5413233638421,91.43716943944588,91.47504425048828,5878500,-0.0005172548033004,-0.0024780354624055,0.0149324318947934,0.0768831776783769,0.0398599402630808,91.00192642211914,89.9920280456543,88.39511749267578,1,1,0.4807565481849423,0.5099505953669615,0,64.97607897636107,39.61286523878344,0.0328465580483638,3.7550380487901966,-0.0030956058377747,0.1474081368959813,-0.0303270807260578,0,,
2025-07-11 04:00:00,91.36140974594686,91.38981404512708,91.21938102616508,91.31407165527344,4637200,-0.0017597432888258,-0.0048499016550027,0.0109286589697221,0.0467624071467334,0.0411735604755671,91.05363807678222,90.04419143676758,88.41380500793457,1,1,0.4456464536913671,0.4970897670318426,0,60.68147729645151,38.07414732396362,0.0334431470799536,3.058311180813179,-0.0048499016550027,0.1476678369825137,-0.0252497135088617,0,,
2025-07-14 04:00:00,91.26672615097377,91.40875487046029,91.22885134418529,91.39928436279295,3874900,0.0009331826516423,-0.0003105909079644,0.012399731973516,0.0650178174360884,0.0410578672868113,91.10396041870118,90.108487701416,88.43372489929199,1,1,0.4198575477370809,0.4816433231728904,0,62.10918859773161,36.70905655120323,0.0332516402381612,5.108360085696004,-0.0039212448474471,0.1475241301511035,-0.0284691266715966,0,,
2025-07-15 04:00:00,91.45610328633498,91.46557379507148,91.10577392578124,91.10577392578124,5614500,-0.0032112990715187,-0.0019706652614566,0.0078870895182885,0.0590698442917358,0.0434835494751348,91.1537307739258,90.16468490600586,88.45195327758789,1,1,0.3714539250456141,0.4596054435474351,0,54.73652683675744,34.83986444968878,0.035639462534565,4.598696691649369,-0.0071199516290281,0.1476814681190797,-0.0247883905669985,0,,
2025-07-16 04:00:00,91.20044723467184,91.36140974594686,90.98266890115563,91.31407165527344,6758900,0.0022863285225136,-0.0022760878564576,0.0133581171228791,0.0553230128087789,0.0463081603556394,91.20355949401856,90.2199917602539,88.47171592712402,1,1,0.3459141087648305,0.4368671765909142,0,58.50137791081845,32.54470330560657,0.0338241720639703,4.39609384677515,-0.0048499016550027,0.1475259091626237,-0.0336873122549449,0,,
2025-07-17 04:00:00,91.20043937150828,91.46555577283998,91.20043937150828,91.42768096923828,3659900,0.0012441599843859,-0.0005177727066226,0.012292011510298,0.0535750363497005,0.0467314821665079,91.26518898010254,90.2783203125,88.49186744689942,1,1,0.3310250913253441,0.4156987595378002,0,60.43437857046557,30.834913992206943,0.0333645101752014,4.27590076654167,-0.0036117757241842,0.146811017085616,-0.0314472504141472,0,,
2025-07-18 04:00:00,91.550793673179,91.6076022776781,91.48451455996953,91.5602569580078,3330100,0.0014500639999184,0.0026960280959078,0.0151356985348818,0.0560092991578136,0.038666282045523,91.32638473510742,90.34023651123049,88.51156185150147,1,1,0.3261634033606384,0.3977916883023679,0,62.622370430679446,29.78116918834961,0.0327189582214001,4.473575274252644,-0.0021669490302191,0.1471316635850019,-0.0363202860963414,0,,
2025-07-21 04:00:00,91.65496056189674,91.80645260328332,91.65496056189674,91.68336486816406,3413900,0.0013445561889666,0.0031081261450964,0.0149111972274971,0.050659328592052,0.0388755257000863,91.38008308410645,90.40424041748048,88.5318717956543,1,1,0.328458000741378,0.3839249507901699,0,64.58107464742096,29.460652586282716,0.0326555233077859,4.169165113252448,-0.0008253064259823,0.1470506565707836,-0.0385017094197264,0,,
2025-07-22 04:00:00,91.7969668268402,91.8632459384022,91.70228341373468,91.8537826538086,3233000,0.0018587645194914,0.0082103328449492,0.0137335066188237,0.0590534135247549,0.0399433948231813,91.43335762023926,90.47109100341795,88.55322299957275,1,1,0.3401072322934624,0.3751614070908284,0,67.1475577296919,29.337306314074727,0.0318547118696084,5.052133838747341,0.0,0.1473029069503962,-0.0420099228771635,0,,
2025-07-23 04:00:00,91.90111818767942,91.93899299664255,91.81590528542324,91.92005920410156,2253700,0.0007215440494461,0.0066362997273392,0.0124660046893212,0.0558503725315371,0.037681203357988,91.4777053833008,90.53889251708983,88.57495063781738,1,1,0.3506452754725444,0.3702581807671717,0,68.11520335578425,29.45406293862443,0.0314928368174503,4.824801533269564,0.0,0.1461656961226767,-0.041908141361129,0,,
2025-07-24 04:00:00,91.79696175819215,91.89165238995062,91.77802796616906,91.7874984741211,2159000,-0.0014421305983509,0.0039355422894722,0.0082870351396941,0.0482733352212081,0.0379015097177761,91.51401214599608,90.58344314575196,88.59678119659424,1,1,0.3443309744266827,0.3650727394990739,0,64.05153819194969,29.342061547972328,0.0312706125732163,4.270987173496858,-0.0014421305983509,0.1459065891898562,-0.0356413744260716,0,,
2025-07-25 04:00:00,91.86323824489028,91.97686266542972,91.77802534739628,91.8821792602539,2646700,0.0010315215874361,0.003515961105196,0.0090138782356472,0.040393672898165,0.037468119634308,91.54045791625975,90.62707855224608,88.61949054718018,1,1,0.3430127559833664,0.3606607427959324,0,65.62878756010697,29.516209404437827,0.031345742535549,3.844737839647275,-0.000412096599759,0.1454427082452735,-0.0384672709961431,0,,
2025-07-28 04:00:00,92.0810190771044,92.0810190771044,91.81590264586532,91.84430694580078,3914800,-0.0004121834588386,0.0017554119863307,0.0053752112414922,0.0381040618905139,0.035969471550638,91.56877670288084,90.67651107788086,88.64412754058839,1,1,0.3350498331898137,0.3555385608747087,0,64.41140384112362,30.001306889851488,0.029774259180378,3.633317535107219,-0.0008241101991958,0.1454192599179752,-0.0341964062270755,0,,
2025-07-29 04:00:00,91.88218411939263,91.9579337370916,91.84430931054318,91.86324310302734,4625900,0.0002061767120495,0.0001029946611388,0.0064124140618411,0.0382088694622122,0.035006904229941,91.58250579833984,90.72313873291016,88.6679584121704,1,1,0.3265034209429842,0.3497315328883639,0,64.7633549578222,30.45175455487846,0.0295154343923743,3.64345539835151,-0.0006181033994774,0.14583390056682,-0.0258271194956904,0,,
2025-07-30 04:00:00,91.83484399312668,91.9105936151072,91.59813184234874,91.70228576660156,4811700,-0.0017521408017923,-0.0023691611970837,0.001240596502589,0.0337788534479643,0.0338333599828044,91.59150085449218,90.7643002319336,88.69143493652344,1,1,0.3032467757248298,0.3404345814556571,0,59.38724346249692,29.371451833909266,0.0280649845123655,3.224429004497743,-0.0023691611970837,0.1457619415726046,-0.0249716906479731,0,,
2025-07-31 04:00:00,91.78750339947447,91.86324579551226,91.69281276263489,91.74015808105467,4112000,0.0004129920441624,-0.0005157607937181,0.0023794554561504,0.0403210100951547,0.0351153052465065,91.59339447021485,90.80734252929688,88.71514583587647,1,1,0.284591106969259,0.3292658865583775,0,60.22391824850189,28.3683135930093,0.0279407517441365,4.034817630857752,-0.001957147597647,0.1463712116667653,-0.0205041944027534,0,,
2025-08-01 04:00:00,91.78680694732115,91.8248936304447,91.56781033543386,91.73919677734376,5545100,-1.0478548664094587e-05,-0.0015561503227426,0.0004025091679409,0.0389970830688557,0.0329695421725912,91.59239959716795,90.85111465454102,88.73786098480224,1,1,0.2666549535801863,0.3167436999627392,0,60.190022738198216,26.752208748692425,0.0271177043783968,3.905499112062761,-0.0019676056382449,0.1488087076144599,-0.0016409669840989,0,,
2025-08-04 04:00:00,91.83441801408136,92.0915013319385,91.83441801408136,92.08197784423828,4039900,0.003736473382544,0.002587758635685,0.0035188185829142,0.0399017461181936,0.0391869740616734,91.62511444091795,90.9137272644043,88.76201972961425,1,1,0.2769079674740027,0.3087765534649919,0,67.26501816938985,26.330729741970423,0.0299833647340176,3.969887730492621,0.0,0.1471284175683294,-0.0057502714302954,0,,
2025-08-05 04:00:00,92.07245385091552,92.08197733856343,91.91059088236408,92.01532745361328,3428100,-0.0007238158018036,0.0016555517250285,0.0064274460223125,0.0395890235849336,0.0397745480170876,91.66159744262696,90.97201095581056,88.78584522247314,1,1,0.2764684689366987,0.3023149365593333,0,64.8516379975153,25.939356378585707,0.0269060453072528,3.9358884468251114,-0.0007238158018036,0.1477711038407296,-0.0052560264163337,0,,
2025-08-06 04:00:00,92.05340952943212,92.16766958260656,91.9581964505996,92.13909912109376,3844600,0.0013451201110259,0.0047633856761648,0.0093490218758973,0.0415381797245277,0.0381483895098055,91.6924331665039,91.0335189819336,88.80938873291015,1,1,0.2828470179849773,0.2984213528444621,0,67.20479069456522,25.894695653960536,0.0262470098324487,4.129383797878254,0.0,0.1468450874194051,-0.0104940839191147,0,,
2025-08-07 04:00:00,92.21527198007414,92.24383517713676,92.0153223363435,92.07244873046876,5105700,-0.0007233670750069,0.0036220849883483,0.0060101590343868,0.0405645411757851,0.0346063288335094,91.72230339050292,91.08227081298828,88.83368011474609,1,1,0.2793042885799508,0.2945979399915599,0,64.69308349128116,26.12639320654234,0.0253243547781864,4.026253399944707,-0.0007233670750069,0.1468618795524539,-0.0070214950306761,0,,
2025-08-08 04:00:00,92.1295936468428,92.1295936468428,92.0058100920558,92.0915069580078,2676200,0.0002069916441,0.003840345163683,0.0067391353846348,0.0404496995047212,0.0361072174434782,91.76117515563963,91.13234008789064,88.85680557250977,1,1,0.2748660054756584,0.2906515530883796,0,65.09480340313657,26.278448784129083,0.0251584238419712,4.014708213745459,-0.000516525161847,0.1457557377726978,-0.0112096873217356,0,,
2025-08-11 04:00:00,92.09149570470532,92.16766907306716,92.0248458234618,92.07244873046876,4523500,-0.0002069488074261,-0.0001034851117732,0.0083051501422293,0.0400142987617335,0.038906703610561,91.79483337402344,91.17978088378906,88.88159236907958,1,1,0.2667360275648889,0.2858684479836815,0,64.30684112302492,26.566413135418102,0.0240926706483713,3.969865357004217,-0.0007233670750069,0.1460143229092307,-0.0111975234896872,0,,
2025-08-12 04:00:00,92.14862799086691,92.2628880507155,92.09150159308896,92.25336456298828,4989500,0.0019649290858889,0.0025869288950257,0.0093444954864767,0.0300736770117295,0.0385736850377875,91.8522129058838,91.22878021240234,88.90804954528808,1,1,0.2717586921655339,0.283046496820052,0,68.23739676611605,27.190269092934564,0.024641893370242,3.610333104540089,0.0,0.1447601119902295,-0.0187360410669287,0,,
2025-08-13 04:00:00,92.35810315205414,92.53901310135868,92.3295399525414,92.51996612548828,3622300,0.0028898844368756,0.0041336089459043,0.0155225309963242,0.0314330472224198,0.0427642678262054,91.91250762939453,91.2831869506836,88.9372811126709,1,1,0.2938642242068994,0.2852100422974215,1,72.96245363252892,28.614177534601957,0.0221786101938277,3.73852776134306,0.0,0.1446831801248638,-0.0203023983469495,0,,
2025-08-14 04:00:00,92.36762462283689,92.36762462283689,92.18671467748312,92.25336456298828,3696200,-0.0028815570699453,0.0019649290858889,0.0102863982591954,0.0322322646867201,0.0421390414705016,91.95379180908203,91.3281185913086,88.96382831573486,1,1,0.2865671320830927,0.2854814602545558,1,62.88756183127163,28.96537166048053,0.024704330553834,3.872945977711305,-0.0028815570699453,0.1442528429846005,-0.022186382016566,0,,
2025-08-15 04:00:00,92.31048458363448,92.31048458363448,92.2247949928873,92.28192138671876,2417900,0.0003095477749321,0.0020676654666731,0.0093433455647629,0.0307160046083894,0.0378195347374992,91.98987503051758,91.36947845458984,88.99119400024414,1,1,0.279862352032012,0.284357638610047,0,63.469436202742926,29.29148049165349,0.0245558705263615,3.705388414261155,-0.0025729012745924,0.144636131238166,-0.0148141869092951,0,,
2025-08-18 04:00:00,92.22479047824064,92.3485667469137,92.22479047824064,92.23431396484376,2616000,-0.0005158910993573,0.0017580203047367,0.0073618950976197,0.0288931446420661,0.0359965591713355,92.01742248535156,91.41365264892578,89.01706039428711,1,1,0.2676222616198345,0.2810105632120045,0,61.73176391640717,29.726184210402916,0.024485355293325,3.487203169925183,-0.0030874650370826,0.1445929688889646,-0.0172545775272271,0,,
2025-08-19 04:00:00,92.25335567660636,92.30096584636368,92.19622928433114,92.22479248046876,3010700,-0.0001032314760711,-0.0003097131758268,0.0059054073013489,0.0294319328005898,0.0365327101377273,92.03597297668458,91.4574478149414,89.0427439880371,1,1,0.2542230722399949,0.2756530650176026,0,61.3698767646358,29.917642369134494,0.0242573166405279,3.5567460208838466,-0.0031903777895807,0.1453666893742341,-0.0114516129055084,0,,
2025-08-20 04:00:00,92.20575262838024,92.24383931426934,92.12006303334918,92.15814971923828,2974300,-0.0007226122112944,-0.0039106845949257,0.0033136040415104,0.0291182803943745,0.0349267947131599,92.0478775024414,91.49802688598632,89.0689501953125,1,1,0.2355117711492056,0.2676248062439232,0,58.77286253790832,29.53472788185349,0.0237861198969779,3.515408721866827,-0.0039106845949257,0.1456486462631886,-0.0112303329340585,0,,
2025-08-21 04:00:00,92.13910047306152,92.13910047306152,91.97723751024192,91.99628448486328,2822800,-0.0017563854620359,-0.0027866742784158,0.0008292562191727,0.0342314897352962,0.032361838627702,92.05831680297852,91.53141418457032,89.09515800476075,1,1,0.2052556986504328,0.2551509847252252,0,52.91568023245868,28.22789425735776,0.0245827053527409,4.535003390915146,-0.0056602013873925,0.1459784707809093,-0.0012809116416089,0,,
2025-08-22 04:00:00,92.17718438729686,92.79608028662484,92.13909770349136,92.76751708984376,5337000,0.0083833016659209,0.0052620892134447,0.0106770380717913,0.0411484531836474,0.0425247789059086,92.102583694458,91.58116775512696,89.1253532409668,1,1,0.2407345311509772,0.2522676940103756,0,68.84642970858795,29.20971085161853,0.0373583985409196,4.817211840168916,0.0,0.1449758881126779,-0.0063787460343366,0,,
2025-08-25 04:00:00,92.72942501112853,92.7770351791885,92.6437354257706,92.65325164794922,2940100,-0.0012317397886577,0.0045421022296012,0.0083919688660329,0.0403032202914623,0.0402714964297501,92.14303092956544,91.62637603759764,89.15389011383057,1,1,0.2566727318347261,0.2531487015752457,1,65.32011511750588,30.121397689146395,0.0377794598229721,4.700609508248531,-0.0012317397886577,0.1454373945468601,-3.6534649812014486e-05,0,,
2025-08-26 04:00:00,92.7198954457512,92.87224216212162,92.69133225250457,92.85319519042967,2947600,0.0021579765299568,0.0068138153858572,0.0109847662656352,0.0359049828830959,0.0399360715244252,92.19252853393554,91.68123260498048,89.18233959197998,1,1,0.2821847929462535,0.2589559198494473,1,68.37277155221476,31.19590426933167,0.0381301228002916,4.453190485570494,0.0,0.1451435238206818,-0.0018961456511943,0,,
2025-08-27 04:00:00,92.79607545410224,93.01507205850614,92.7770357453371,92.99602508544922,2558400,0.0015382334956446,0.0090917121140512,0.0123311777829508,0.0380405883457026,0.0405697722790694,92.25721549987792,91.73480316162107,89.21050685882568,1,1,0.3103509316768225,0.2692349222149223,1,70.37863674219207,32.51327175895573,0.0382695719927494,4.715074768115185,0.0,0.1450363212663196,-0.0054690939308379,0,,
2025-08-28 04:00:00,92.98651448930164,93.03411739624056,92.91034112104867,93.00555419921876,3687500,0.0001024679685051,0.0109707660478564,0.0142119514439831,0.0368464904775045,0.0428254436794188,92.32048530578614,91.7910124206543,89.23681941986084,1,1,0.3296418137558703,0.2813163005231119,1,70.5130026945452,33.77820443814329,0.0373702319778911,4.572104390804989,0.0,0.1445393029838704,-0.0083879137142616,0,,
2025-08-29 04:00:00,92.9769810835255,92.9865045696142,92.8341578493605,92.84368133544922,4222100,-0.0017404644826136,0.0008210227889542,0.0120287917252066,0.0338548792846922,0.0381163673762146,92.3757095336914,91.84115921020508,89.261371383667,1,1,0.3280862158389794,0.2906702835862855,1,65.10996639682247,34.44286678030446,0.038293512723598,4.167477347132931,-0.0017404644826136,0.1451533998071874,-0.0083200230817953,0,,
2025-09-02 04:00:00,92.57467521629376,92.74699652256432,92.50766178073944,92.70870208740234,4715600,-0.0014538334338466,0.0005984726759922,0.0105680597183734,0.0323951546517791,0.038887241695581,92.40704574584962,91.88314529418945,89.28552021026611,1,1,0.3123609929449316,0.2950084254580147,1,60.91823337185598,33.221664703509866,0.0388920270370893,3.963568146448993,-0.003191767571005,0.1460244553137718,-0.018710278083334,0,,
2025-09-03 04:00:00,92.74700045737664,92.99591064453124,92.74700045737664,92.99591064453124,2730300,0.0030979676196751,0.0015370010025919,0.0099252081861114,0.0332100318299781,0.0432965375488954,92.45607490539552,91.92729766845704,89.3132339477539,1,1,0.3193922161129165,0.2998851835889951,1,65.94251294467202,32.84739742826349,0.0382813739914818,4.034409663441265,-0.0001036879439143,0.1456872734699606,-0.0097951444200061,0,,
2025-09-04 04:00:00,93.05333930293648,93.26395503215352,93.00547673969749,93.25438690185548,2824100,0.0027794368110685,0.0027782027905909,0.0134657940424853,0.0337027634102697,0.0457617481199792,92.5118392944336,91.97172332763672,89.3419229888916,1,1,0.3418804004770805,0.3082842269666122,1,69.71582962879128,33.167836544157964,0.0388209307745564,4.078120452386047,0.0,0.1448813486821019,-0.0195556173265263,0,,
2025-09-05 04:00:00,93.49372284384778,93.58945527548512,93.31182611099538,93.3501205444336,3907400,0.0010265859415157,0.0037047932048956,0.0131434042104996,0.0369285640919077,0.0505438009813419,92.57572288513184,92.0174984741211,89.37199657440186,1,1,0.3632401471734567,0.3192754110079811,1,70.99749535631645,34.11516486870085,0.0387636701796331,4.518152695806239,0.0,0.1454513719061772,-0.0094910598489909,0,,
2025-09-08 04:00:00,93.43627667133872,93.4554275398376,93.34054424059318,93.35968780517578,4116600,0.0001024879313105,0.0055577984662436,0.0139807194492596,0.0369262216178327,0.0491211470746011,92.63913192749024,92.057626953125,89.40234451293945,1,1,0.3765987028816937,0.3307400693827237,1,71.12899624370054,34.994826884347816,0.0385064752311745,4.517853328463268,0.0,0.1451097692529025,-0.0119303273585412,0,,
2025-09-09 04:00:00,93.3596880072956,93.4267014393542,93.14907958076591,93.24481201171876,3018800,-0.0012304646272676,0.005782735732952,0.0125234681438848,0.0345683305435668,0.0518798876873314,92.69775009155272,92.0969645690918,89.43139335632324,1,1,0.3736092037120073,0.3393138962485804,1,67.18967570188917,34.86920577822969,0.0390397752777701,4.210928200695087,-0.0012304646272676,0.1445969476372332,-0.0079502196837809,0,,
2025-09-10 04:00:00,93.3501292640208,93.45543713983332,93.30225939177257,93.33097839355467,4428200,0.0009240876781979,0.00360303745295,0.0136689061759409,0.033257625220346,0.0576018898212884,92.75163078308104,92.13181091308594,89.46014831542969,1,1,0.3738830202501759,0.3462277210488995,1,68.59466212382515,34.8210129009496,0.03894326381324,4.07485662619946,-0.0003075140062702,0.1443133789458067,-0.011649158312239,0,,
2025-09-11 04:00:00,93.42670823120676,93.65647484689646,93.42670823120676,93.59902954101562,4214400,0.0028720490460374,0.0036957257519998,0.0145866222267541,0.0367655838986022,0.0596388980947817,92.80558395385742,92.17334381103517,89.49051525115966,1,1,0.3912197712356544,0.3552261310862505,1,72.53477974972202,35.2350047197206,0.0394527668209807,4.458815625688096,0.0,0.1435350533031398,-0.0084626812610669,0,,
2025-09-12 04:00:00,93.63732931858668,93.65648018961171,93.48415886997265,93.52245330810548,2843100,-0.0008181306289781,0.0018460904245951,0.010835360458925,0.034622386788623,0.0647989258696668,92.86903839111328,92.20974716186524,89.52036346435547,1,1,0.3942357054652206,0.3630280459620446,1,69.83911753752827,35.61943754208864,0.0389385305312491,4.192802309017752,-0.0008181306289781,0.1434656283358384,-0.0084152960141925,0,,
2025-09-15 04:00:00,93.6564837813517,93.80965423583984,93.6564837813517,93.80965423583984,2914700,0.0030709302159577,0.00481970796221,0.0168697334804408,0.0410528504659999,0.0628029316021445,92.94542503356934,92.2507583618164,89.55164768218994,1,1,0.415016517624295,0.3734257402944947,1,73.77554434146181,36.31316911142552,0.0378381339494252,5.027141547695731,0.0,0.1431440955125109,-0.0076861394836289,0,,
2025-09-16 04:00:00,93.8287866736427,93.85750567172212,93.70432794341032,93.74262237548828,4549200,-0.0007145518326189,0.0053387459637641,0.0158286798412905,0.0379231624682858,0.0592657920656576,93.02084045410156,92.2970571899414,89.58083026885987,1,1,0.4212209768362669,0.3829847876028491,1,71.43222001353946,37.05893558999889,0.0381701133710716,4.661639153459618,-0.0007145518326189,0.1432390354292706,-0.0096593831495316,0,,
2025-09-17 04:00:00,93.7713568549246,93.85752116730444,93.47458408721934,93.62776184082033,6119100,-0.0012252754590956,0.0031799028829868,0.0151076949139308,0.0380582861637124,0.0598529537754048,93.09098892211914,92.34389907836912,89.61025386810303,1,1,0.4121191175919563,0.3888116536006706,1,67.47717771442925,36.50858841614886,0.0385440198085866,4.682401041934005,-0.0019389517688896,0.1432414964449152,-0.0093467369432546,0,,
2025-09-18 04:00:00,93.771357834934,93.90538471877692,93.66604995421208,93.83837127685548,3508500,0.0022494336283849,0.0025570963397112,0.0174961499287562,0.0387665622375286,0.0559285962026492,93.175,92.39021881103515,89.63946224212647,1,1,0.4170922698609729,0.3944677768527311,1,70.6825258860436,36.12830673445014,0.0387740568275757,4.750965145430859,0.0,0.1428960348003375,-0.0169960159685287,0,,
2025-09-19 04:00:00,93.9245311194708,93.94367468600112,93.82879867898504,93.90538024902344,4084600,0.0007140892500174,0.004094492043065,0.0189590452402541,0.0363757230227623,0.0580054800097236,93.270454788208,92.43882553100586,89.66800922393799,1,1,0.4215808710440001,0.3998903956909849,1,71.64022605445243,35.88252092826124,0.0383668682041729,4.516498176366354,0.0,0.1422933143552898,-0.0230371650817519,0,,
2025-09-22 04:00:00,93.82880020375464,94.01068965245824,93.82880020375464,94.0011215209961,2430600,0.0010195504423575,0.00204101898377,0.0217925870306499,0.0353881488626324,0.0601901488802574,93.33213500976562,92.49256652832032,89.69724437713623,1,1,0.4279307213470957,0.4054984608222071,1,72.99747142111826,35.84435514199291,0.0371326712905865,4.412158697847972,0.0,0.1417676855170854,-0.0288452484897148,0,,
2025-09-23 04:00:00,94.02983648705654,94.04898005307624,93.87665874323156,93.94367218017578,5978700,-0.0006111559084694,0.0021447000264425,0.012678522905738,0.0319726353517644,0.0554641814275314,93.39665603637695,92.54345428466796,89.72610130310059,1,1,0.4234461185123166,0.409087992360229,1,70.80766161853172,35.91857560870546,0.0261318468984861,4.02199080567939,-0.0006111559084694,0.1424565017414482,-0.0173779681851065,0,,
2025-09-24 04:00:00,93.95324978915554,93.95324978915554,93.78092847532344,93.80007934570312,4449100,-0.0015284992713213,0.0018404531038107,0.0123776303298179,0.0300755010537807,0.0549481439633545,93.44400024414062,92.5973403930664,89.75328392028808,1,1,0.4036522449543582,0.4080008428790549,0,65.51728181483347,35.39994047109489,0.0264128596931776,3.7569141524888936,-0.0021387210284301,0.1426927531191107,-0.0188716350172584,0,,
2025-09-25 04:00:00,93.62775463964512,93.63732277057132,93.5032958984375,93.5032958984375,3963400,-0.0031639999596569,-0.003570771464366,0.0070013821998753,0.0235353610011144,0.0566719679899627,93.46936378479003,92.64112487792968,89.77934688568115,1,1,0.3598691659466766,0.3983745074925792,0,56.17521567002567,33.466115150719034,0.0287553217929924,2.9228149873464577,-0.0052959540748394,0.1429005445574154,-0.0154535263043324,0,,
2025-09-26 04:00:00,93.5894640273593,93.73306634020224,93.56074502557412,93.67562103271484,3098500,0.0018429845987943,-0.002446709823221,0.007307795646547,0.0262680122945697,0.0606171148556267,93.50286712646484,92.6860836791992,89.80549732208252,1,1,0.3352118450602575,0.3857419750061149,0,59.76284804044006,32.03341580487859,0.0289349669624544,3.2521072554364694,-0.0034627298378407,0.1423483736769917,-0.0185329272409785,0,,
2025-09-29 04:00:00,93.80964976787644,93.8766632080078,93.75221176316872,93.8766632080078,3484900,0.0021461525749879,-0.0013240088094108,0.0093662041615611,0.0249812802626034,0.0649026588636474,93.55451622009278,92.73241180419922,89.83329055786133,1,1,0.3281109056989919,0.3742157611446904,0,63.51535497949564,31.211341452045897,0.0295751262525362,3.1323027731841844,-0.0013240088094108,0.1422540888881777,-0.0158103301214044,0,,
2025-09-30 04:00:00,93.80965423583984,93.84794867544126,93.71392178879506,93.80965423583984,6957400,-0.0007137979757491,-0.0014265776632501,0.0104042933939738,0.0249913679718161,0.0631376077063048,93.60956382751463,92.77493759155271,89.8607487487793,1,1,0.3134628909757992,0.3620651871109122,0,61.458027837232834,30.249512153807878,0.0288231951322735,3.1336837182045385,-0.0020368617103518,0.1416190879725478,-0.0243488050526851,0,,
2025-10-01 04:00:00,93.83660742575712,94.00988007031631,93.7884732795086,93.9906234741211,3689400,0.0019291110254631,0.0020313855782116,0.0138274116437333,0.0249539876611555,0.0623635939208107,93.65929946899412,92.817674407959,89.88902061462403,1,1,0.3128505919988527,0.3522222680885003,0,64.77632849877637,29.914671051506893,0.0283197147220182,3.129788921645804,-0.0001116800172714,0.1414104210891599,-0.0315976814616254,0,,
2025-10-02 04:00:00,93.99062377042368,94.01950132056798,93.84622867546254,93.94248962402344,3352600,-0.0005121133185259,0.0046970935234516,0.0101787161707618,0.0237948663711995,0.0598118471031561,93.69370460510254,92.85812301635742,89.91823581695557,1,1,0.3049658843367524,0.3427709913381507,0,63.21732026534321,29.635879867704976,0.0271332348279653,2.9823200132619228,-0.0006237361429731,0.141175409571874,-0.0309695129205432,0,,
2025-10-03 04:00:00,93.95211145151248,93.9713680464422,93.82697296142578,93.82697296142578,2630100,-0.0012296529830109,0.0016157024318854,0.0061400442230445,0.0262425117508422,0.0731633271557223,93.71754722595216,92.89891250610351,89.9482396697998,1,1,0.2860980077066699,0.3314363946118546,0,59.51529493783582,29.261270219897455,0.0264037066990721,3.375540469774564,-0.0018526221469752,0.1410038950639592,-0.0267629591621944,0,,
2025-10-06 04:00:00,93.90398436420072,93.93286191226748,93.83660097063192,93.84622192382812,3428300,0.0002051538251186,-0.0003242689198722,0.0053144160553963,0.0280499072502746,0.0902186373441398,93.74187393188475,92.938193359375,89.97761112213135,1,1,0.2695906368894896,0.3190672430673816,0,59.93631382878668,28.913418404076197,0.0262690751144375,3.63379830647369,-0.0016478483943765,0.1405288539137463,-0.0338430495905265,0,,
2025-10-07 04:00:00,93.85585873350637,93.9039928808092,93.74034118652344,93.74034118652344,3080700,-0.0011282365462791,-0.0007388690415823,0.004077277787625,0.0242340335821327,0.0989736310384707,93.766650390625,92.97611404418946,90.00722732543946,1,1,0.2451389270125474,0.3042815798564148,0,56.45828934959409,27.97401254153313,0.0267007723977781,3.1635610954405164,-0.0027742257778744,0.1408926625796857,-0.0290614938947845,0,,
2025-10-08 04:00:00,93.8366030101626,93.8366030101626,93.5959469787236,93.6055679321289,3025500,-0.0014377295056603,-0.0040967442044705,0.0038689114453338,0.0232907641542818,0.1019646097913975,93.7803798675537,93.01096054077148,90.04072360992431,1,1,0.2124368556528395,0.2859126350156997,0,52.29821659446132,26.268418845689396,0.0268494454782606,3.0260562073344115,-0.0042079666972785,0.1398561276223019,-0.0327864459962543,0,,
2025-10-09 04:00:00,93.56706471159448,93.60557055901404,93.1723926279631,93.31678771972656,8213500,-0.0030850751593295,-0.0066604782010893,-0.0001520467702403,0.0219321735210069,0.0697201818955426,93.76626777648926,93.04325057983398,90.07337123870848,1,1,0.1613580437046948,0.2610017167534987,0,44.698243312699226,25.89501825176993,0.0289677172132906,2.808190149574517,-0.007280059963079,0.1398297489113572,-0.0310687066383031,0,,
2025-10-10 04:00:00,93.3745475342816,93.3745475342816,92.71996278357064,92.7392120361328,7701800,-0.0061894081194532,-0.0115932646120874,-0.0091861796975795,0.0146601549747507,0.080631143690572,93.72710571289062,93.06323165893556,90.1003379058838,1,1,0.0734257798836495,0.2234865293795289,0,34.04270490219598,26.77436679416609,0.0341661905657066,1.744945002066726,-0.0134244088202866,0.1428245221320591,-0.0049502275209395,0,,
2025-10-13 04:00:00,92.99911999071456,93.29753112792967,92.97986339488423,93.29753112792967,4094200,0.0060203130858966,-0.0058467009608954,-0.0024050072706585,0.0240572809790731,0.0845481851123255,93.70149955749513,93.09439834594728,90.13096607208251,1,1,0.0482344946984341,0.1884361224433099,0,47.156654496770514,27.5909047263911,0.0407780208319832,2.743296770422808,-0.0074849148784811,0.1415129846648808,-0.0136105330148248,0,,
2025-10-14 04:00:00,92.9317362978805,93.49968102099628,92.9028587484664,93.35529327392578,6901300,0.0006191176261343,-0.0041076009295879,-0.0048434349920082,0.0223538561105709,0.0789135515872805,93.682133102417,93.11986465454102,90.16073837280274,1,1,0.0325558584681289,0.1572600696482737,0,48.30187983732038,27.34963748280135,0.0392218584504574,2.567717494955017,-0.0068704312950783,0.141773796487497,-0.0095728644629572,0,,
2025-10-15 04:00:00,93.64407290607892,93.74996214646475,93.48042856884234,93.70182800292967,7376100,0.0037119987185629,0.0010283583864429,-0.0004351742198464,0.024873725436135,0.0797813725302292,93.68583641052246,93.15359466552736,90.19119026184082,1,1,0.0475448157755522,0.1353170188737294,0,54.65155069635707,26.07033940602377,0.0414637391532806,2.803584127674976,-0.0031839356086785,0.141671095395417,-0.0109463180141824,0,,
2025-10-16 04:00:00,93.74997242890277,93.74997242890277,93.30716616792218,93.41305541992188,7403300,-0.0030818244335507,0.0010316225252464,-0.0022931918554613,0.020235837288703,0.0773785315109283,93.66457061767578,93.17907379150392,90.22134296417236,1,1,0.0357104900553935,0.1153957131100622,0,49.2257630237909,25.409281611211995,0.0426275708420718,2.251029736999661,-0.0062559477116755,0.1422029289457126,-0.0072504652979666,0,,
2025-10-17 04:00:00,93.3071568033011,93.624824527418,93.3071568033011,93.6055679321289,5945500,0.0020608737327092,0.0093418509492895,-0.0024808971165934,0.0209656688182078,0.0726871041160737,93.64958000183104,93.2097361755371,90.2521376800537,1,1,0.0413887487691511,0.10059432024188,0,52.60399689336976,24.795470399127023,0.0425011136740928,2.323653164184151,-0.0042079666972785,0.1416917065419925,-0.0084280033384253,0,,
2025-10-20 04:00:00,93.63444373645126,93.83660126202444,93.63444373645126,93.8077163696289,3115500,0.0021595770632636,0.0054683680857499,-0.0010400243216687,0.0212722182948585,0.0815818289231686,93.6399097442627,93.24406036376952,90.2840347290039,1,1,0.0614916615930951,0.092773788512123,0,55.920490540386574,23.361833483446038,0.0431464203045615,2.3533628796266486,-0.0020574770623772,0.140536058878371,-0.0123495294552716,0,,
2025-10-21 04:00:00,93.79810391990635,93.8654873197932,93.6633371201327,93.73072052001952,4900900,-0.0008207837541424,0.0040214885833216,-0.0028765720727723,0.0196982174684801,0.0766487427838389,93.62926216125489,93.27722579956054,90.31426467895508,1,1,0.0703989282345389,0.0882988164566062,0,54.360218751027205,21.91856897754385,0.0430446009299797,2.1783263128500714,-0.0028765720727723,0.1404228149336731,-0.0094864395825258,0,,
2025-10-22 04:00:00,93.69219999777754,93.7307058408596,93.4996707823673,93.63443756103516,6877900,-0.0010272294766345,-0.0007192009305561,-0.003291702484735,0.0201219024117407,0.0693665889733592,93.62098007202148,93.30484725952148,90.34309749603273,1,1,0.0688945970718606,0.0844179725796571,0,52.39161693098473,21.15760605069119,0.0431268081231417,2.2287443153992426,-0.003900846649782,0.1410116621591723,-0.0101423210917966,0,,
2025-10-23 04:00:00,93.66332862884678,93.8077163696289,93.63444373645126,93.8077163696289,3572600,0.0018505884491568,0.0042249014116164,8.141809664818922e-05,0.0209565894592134,0.0621967759770551,93.63620109558106,93.33060226440428,90.3722929763794,1,1,0.0807536773641572,0.0836851135365571,0,55.51396351282785,20.127513853065192,0.0433572751288805,2.313030249100545,-0.0020574770623772,0.1404398238381871,-0.0157886734376975,0,,
2025-10-24 04:00:00,94.0965118429297,94.10614014093753,93.9521167497704,94.08688354492188,4028600,0.0029759510848017,0.0051419549437696,0.006241359097312,0.024417154135035,0.0634516087779006,93.6567642211914,93.36727264404296,90.40421226501464,1,1,0.1113944559371873,0.0892269820166831,1,60.058838567687694,19.315649747821773,0.0429131246575085,2.662153926376121,0.0,0.1397159275320823,-0.0222855485624378,0,,
2025-10-27 04:00:00,94.21203466730306,94.41418487136168,94.16390051880532,94.3564224243164,3414100,0.0028647869845306,0.0058492635352664,0.0072676474849715,0.0271401186924447,0.0663859814069656,93.68075218200684,93.40876266479492,90.43702125549316,1,1,0.1556329884354284,0.1025081833004322,1,63.894285098841344,19.467481916413565,0.043517825413715,2.926832960518018,0.0,0.1384824083290694,-0.0271584792158902,0,,
2025-10-28 04:00:00,94.35641595742352,94.35641595742352,94.24090575972954,94.2505340576172,3366700,-0.0011222168452194,0.0055458182196161,0.0039825749747943,0.027788274520238,0.0625057840207934,93.7027961730957,93.4490870666504,90.47172763824464,1,1,0.1800722767992368,0.1180210020001931,1,61.39983973867341,19.608468930105943,0.0432888582070549,3.0058690988915497,-0.0011222168452194,0.137960577886758,-0.0301819865775154,0,,
2025-10-29 04:00:00,94.27941395363544,94.2986632056504,93.91361206719463,93.97137451171876,5685600,-0.0029618882130448,0.0035984298027527,0.0017239193257481,0.0243210441025483,0.0656227032624867,93.7018337249756,93.4840187072754,90.50522132873536,1,1,0.1748986241146184,0.1293965264230782,1,55.27328683696493,18.471094722296638,0.0445638223644601,2.59391526491303,-0.0040807811774179,0.1374859199063012,-0.0291851058033065,0,,
2025-10-30 04:00:00,93.86547939060648,93.96174033313616,93.74033355550264,93.74996185302734,5222100,-0.0023561713324072,-0.0006156691457448,-0.0025604854207612,0.0219182764436429,0.0617701083596975,93.69220733642578,93.51585494995118,90.53724174499511,1,1,0.1511894975388514,0.1337551206462328,1,50.9324066841365,17.458384994599104,0.0448022094567872,2.318107931692685,-0.006427337490201,0.1386872823529751,-0.0192569876760908,0,,
2025-10-31 04:00:00,93.88472864141674,93.97136863066086,93.71145600716764,93.74996185302734,3228600,0.0,-0.0035809634584577,-0.0020494216383516,0.0181141201333723,0.0587386512742822,93.68835678100588,93.55092849731446,90.56523277282714,1,1,0.1308910137824739,0.1331822992734811,0,50.9324066841365,16.611134661747283,0.0447806054887345,1.9545085315284585,-0.006427337490201,0.1382338365790999,-0.0208362986280303,0,,
2025-11-03 05:00:00,93.79158421999593,93.81093939855884,93.48184967041016,93.48184967041016,4404500,-0.0028598644449318,-0.0092688206211691,-0.0036782950586875,0.0159378035962125,0.0561577892636087,93.67013816833496,93.5652151489258,90.59137950897215,1,1,0.0921081414137745,0.1249674677015398,0,45.87296300716396,16.5287627674118,0.0456492281326902,1.7021369679470302,-0.0092688206211691,0.1375803113509104,-0.0242800648272574,0,,
2025-11-04 05:00:00,93.2689049445841,93.55928431299682,93.25922366306256,93.46248626708984,5333100,-0.0002071354320499,-0.0083612023890029,-0.0040889835400059,0.0143629269074665,0.056497716471247,93.65624542236328,93.5813998413086,90.61706317901611,1,1,0.0591283757157157,0.1117996493043749,0,45.521262742718015,17.046154339663644,0.0456286995369086,1.5391291408702197,-0.0094740361520552,0.1392018482621147,-0.0094429408244239,0,,
2025-11-05 05:00:00,93.51088858044784,93.62704180883088,93.4721708376535,93.5496063232422,3326700,0.0009321392960099,-0.0044882624168061,-0.0020347148395983,0.016043426813787,0.0572587622371605,93.65344734191896,93.59532806396484,90.64190032958984,1,1,0.0395654483722154,0.097352809117943,0,47.47255931497986,17.25050825434462,0.0456537578214927,1.7167753490855242,-0.0085507279774342,0.1388504329844943,-0.0144949322257027,0,,
2025-11-06 05:00:00,93.65607988027136,93.6754350596742,93.44313598356784,93.5979995727539,5003100,0.0005173004079193,-0.0016209316491421,-8.085373062949319e-05,0.0163586487452425,0.0574700506760119,93.66750793457032,93.60736755371094,90.667712059021,1,1,0.0276479104046387,0.0834118293752822,0,48.57442020335249,17.23937351860849,0.0454299807392229,1.749719343176116,-0.0080378508645856,0.1404289695774245,0.0040959374813356,1,,
2025-11-07 05:00:00,93.53991368025588,93.68510335193672,93.37536883185588,93.65606689453124,3894500,0.0006203906284576,-0.0010015466314888,0.0036357785463392,0.0171996963901581,0.0579022289418587,93.71335067749024,93.6203778076172,90.69317310333253,1,1,0.0226278831313067,0.0712550401264871,0,49.931595581366,17.431346667660687,0.0440518656294802,1.838246866030533,-0.0074224468434772,0.14037788729981,0.0039200412839213,1,,
2025-11-10 05:00:00,93.8303044506628,94.06260352285042,93.7915867078558,93.9754867553711,3900700,0.0034105624059523,0.0052805660853028,0.0133306580042606,0.0186673104069499,0.0493023820825357,93.7472484588623,93.64301391601562,90.7197734451294,1,1,0.0439177323359416,0.065787578568378,0,56.70098631607927,16.219929128809238,0.0388129377590121,1.9727739754982616,-0.0040371991556893,0.1386924377440097,-0.0289311970127142,0,,
2025-11-11 05:00:00,94.00453674965492,94.14971906385937,94.00453674965492,94.14004516601562,1769000,0.0017510780345613,0.0072495278692834,0.0090304001392136,0.0175105883451143,0.0494940467178783,93.7864860534668,93.6716407775879,90.74669284820556,1,1,0.0732244933045365,0.0672749615156097,1,59.72228400074659,15.383366945332986,0.0338472606352661,1.8647487617014888,-0.0022931905718907,0.1386179817137095,-0.020457507542697,0,,
2025-11-12 05:00:00,94.16906578484152,94.20778352366668,93.8883677168492,93.91740417480467,11206100,-0.002364997709724,0.0039315809656281,0.006021200096598,0.0180377119002552,0.0508513728912871,93.79726486206054,93.69007064819336,90.77277374267578,1,1,0.0775906287439625,0.0693380949612803,1,54.21077113681492,14.373397228680853,0.0351894978393536,1.9280125337223104,-0.0046527648911643,0.1382132488453805,-0.0251142857871513,0,,
2025-11-13 05:00:00,93.79158481720776,93.79158481720776,93.44313252362326,93.50120544433594,4900200,-0.0044315399698876,-0.001034147405498,-0.0021410741163712,0.0132125993834437,0.0443344422553837,93.80167236328126,93.69500701904298,90.79713996887207,1,1,0.0469261281107549,0.0648557015911752,0,45.71713370002169,14.74136296692276,0.036489645992627,1.3785693552783371,-0.0090636859474663,0.1399226304425602,-0.0123417197274908,0,,
2025-11-14 05:00:00,93.39473451368524,93.7335055292768,93.33666159234222,93.53024291992188,4951800,0.0003105572323687,-0.0013434684882833,0.0012545087993665,0.0140503994594904,0.0433495043254184,93.7979061126709,93.69860946655274,90.8207355117798,1,1,0.0246828435803507,0.0568211299890103,0,46.34871757106328,15.344606318371945,0.0348517428314885,1.4652208054067526,-0.0087559435083204,0.1399889846794046,-0.0155689076358838,0,,
2025-11-17 05:00:00,93.51089710000404,93.57865130990348,93.28827190481728,93.36570739746094,4918100,-0.0017591691983716,-0.0064887065655481,-0.0025624601182046,0.0123710217860755,0.0421670576685477,93.7758056640625,93.69872985839844,90.84451587677002,1,1,-0.0061508579840108,0.0442267323944061,0,43.27614382825642,16.02429381573402,0.0346025269398445,1.2869681033494578,-0.0104997095205694,0.1410568801691682,-0.0044803354290615,0,,
2025-11-18 05:00:00,93.23987865663749,93.46249646334007,93.23019737405978,93.31731414794922,5667600,-0.0005183193150961,-0.008739437256648,-0.0052277386195754,0.0125779915530244,0.0420625214322378,93.75513534545898,93.70017990112304,90.8686251449585,1,1,-0.0340986513873957,0.0285616556380457,0,42.3861271937351,16.802419342461565,0.0336089566076307,1.308625484029028,-0.0110125866334181,0.1421776992856572,0.0116812753992696,1,,
2025-11-19 05:00:00,93.3947296142578,93.5883183163362,93.35601187384214,93.3947296142578,5138100,0.000829593811346,-0.0055652577404508,-0.0035846401681074,0.0152011044492195,0.0499529506354343,93.74314994812012,93.7014549255371,90.89183227539064,1,1,-0.049430889346766,0.0129631466410833,0,44.35756608270523,16.98047735544119,0.033740202679902,1.5829929866208556,-0.0101921287957901,0.1417480479967511,0.0094374483498562,1,,
2025-11-20 05:00:00,93.71415249306376,93.83030572305988,93.37538146972656,93.37538146972656,7773700,-0.0002071652716502,-0.0013456936090977,-0.0027666753606516,0.0065525563144488,0.0479706370548345,93.721533203125,93.69698196411132,90.91374549865722,1,1,-0.0624234532451168,-0.0021141733361566,0,43.95276771752034,16.20308421568647,0.0335966089954757,0.7664354038063804,-0.0103971826123095,0.1439122415625498,0.0205697837963452,1,,
2025-11-21 05:00:00,93.52055850353672,93.74317626674768,93.40440528926136,93.65606689453124,5874100,0.0030059895915464,0.0013452758239609,-0.0016165991558746,0.0108233141173756,0.0515627488219943,93.69999237060549,93.69965423583984,90.93761474609374,1,1,-0.0495005739417848,-0.0115914534572823,0,50.94646138248999,15.4812191573428,0.0346758182898548,1.2395187747210723,-0.0074224468434772,0.1429211706142134,0.0176683985226671,1,,
2025-11-24 05:00:00,93.76254864023998,93.96581124800292,93.72383089809644,93.92709350585938,5947500,0.0028938500229072,0.006012765543655,-0.0016983242832802,0.0115655504716587,0.0478857942464732,93.67852592468262,93.70200302124024,90.96412837982176,0,1,-0.0171913453908558,-0.012711431843997,0,56.58043328363727,14.740080966602084,0.0345858567434452,1.315639064926832,-0.0045500762685379,0.1412556901736748,0.0110206664965875,1,,
2025-11-25 05:00:00,93.93677280270065,94.34329800963674,93.8883737798803,94.2948989868164,8260300,0.0039158614115328,0.0104759212992058,-0.0006520323250847,0.0139669829992596,0.0525388835956686,93.68074417114258,93.7130485534668,90.99146797180175,0,1,0.0376586736970665,-0.0026374107357843,1,62.82111016788985,15.14746044741878,0.0358803892395438,1.5541431238428012,-0.0006520323250847,0.1404874173301939,0.0144784382747018,1,,
2025-11-26 05:00:00,94.29491191981478,94.49817455116128,94.23683899218864,94.44010162353516,5126800,0.0015398779603024,0.0111930514023113,0.0020113155624357,0.0154243199416195,0.0528391424769749,93.7041805267334,93.72929534912107,91.02004009246826,0,1,0.091786293020462,0.0162473300154649,1,64.96214955091537,15.904522485444163,0.0360427524235497,1.7088554349590324,0.0,0.1397390517816178,0.0128911745811881,1,,
2025-11-28 05:00:00,94.51752471923828,94.6046340992516,94.44977051767655,94.51752471923828,1931200,0.0008198116517468,0.0122317385110979,0.0058118784614713,0.0180286192847241,0.0524938552989704,93.74255867004396,93.74287841796875,91.0500122833252,0,1,0.1393241757029386,0.0408626991529596,1,66.08369651472547,16.856908547563563,0.0343377034035691,2.00325382739416,0.0,0.1390943778507462,0.0116990739527453,1,,
2025-12-01 05:00:00,94.23335972905332,94.41825954448647,94.22362581514606,94.35987091064452,5179800,-0.0016679849484216,0.0075147722881194,0.0065056992617589,0.0178102894988811,0.0507824112333696,93.7730541229248,93.75196823120118,91.07721641540527,1,1,0.1624048434927942,0.0651711280209266,1,61.74928109080773,16.844698608867603,0.0337501801454738,1.977011554123742,-0.0016679849484216,0.1394992425405197,0.0058546117118223,1,,
2025-12-02 05:00:00,94.42799528244502,94.56424038057531,94.36960664747518,94.50585174560548,4015000,0.0015470648015107,0.0061617816344972,0.0080628288016069,0.0162366397684503,0.0499858909219506,93.82425422668456,93.76206283569336,91.10459789276123,1,1,0.1902824151370907,0.0901933854441594,1,64.0974917522964,17.2097444646651,0.0339951646818683,1.823150732489771,-0.0001235006277139,0.1394567538157365,0.0088467286078455,1,,
2025-12-03 05:00:00,94.5642422016239,94.74914944899054,94.4961196512469,94.6518325805664,3997600,0.0015446750890504,0.0037852905892596,0.0125156157508785,0.0149853076636667,0.0491931173527553,93.8837215423584,93.77622604370116,91.13298545837402,1,1,0.2216005516628598,0.1164748186878995,1,66.32389579356109,17.991469976790203,0.0320678436349612,1.697597155067175,0.0,0.1391901858964952,0.0117013439624991,1,,
2025-12-04 05:00:00,94.67128873019762,94.71021696077824,94.49611540498528,94.68102264404295,8274600,0.0003083940657113,0.0025510457566868,0.0130377055610404,0.0142571010283363,0.0517121593893337,93.94029235839844,93.79384490966795,91.16115062713624,1,1,0.2459407428744526,0.1423680035252101,1,66.76767182127483,18.71733997257626,0.0319550120685084,1.6181179911704389,0.0,0.1391313984587732,-0.0005060981892197,0,,
2025-12-05 05:00:00,94.64209441346236,94.77833950809408,94.60316618288176,94.68102264404295,3637500,0.0,0.001729815981643,0.0120942926995477,0.0141531625686726,0.0516020070041092,93.99444351196288,93.81739944458008,91.18899353027344,1,1,0.2622079497453597,0.1663359927692401,1,66.76767182127483,19.55979708757578,0.0320030097680806,1.6064370652273514,0.0,0.1388676143091338,0.0001237397987905,1,,
2025-12-08 05:00:00,94.68102169262832,94.68102169262832,94.39879759235552,94.47665405273438,8986700,-0.0021584958168112,0.0012376356703629,0.0093875348190266,0.0132108373049302,0.048235844439211,94.03547286987305,93.83342010498046,91.216459236145,1,1,0.2556618800413162,0.1842011702236553,1,60.31397681727243,19.4483311565322,0.0333762266363276,1.4929404070868673,-0.0021584958168112,0.1389854199164797,-0.0102795716958451,0,,
2025-12-09 05:00:00,94.46691950385984,94.52530813635106,94.34040832519533,94.34040832519533,7049400,-0.001442109999609,-0.0017506156217236,0.0073069631616577,0.0108155935897737,0.044432919768264,94.05371894836426,93.84269500732422,91.24282920837402,1,1,0.2367510622069346,0.1947111486203112,1,56.40002963256224,19.103324070455805,0.0340002197087513,1.2227798731332344,-0.0035974930280187,0.1389048827030098,-0.0104931383790829,0,,
2025-12-10 05:00:00,94.32094849177416,94.75888554697664,94.30148808756134,94.67129516601562,6958500,0.0035073713024402,0.000205622912083,0.0074041479822903,0.0114559481039291,0.0486427166236842,94.08028144836426,93.85992782592774,91.26974864959716,1,1,0.2456324080464753,0.204895400505544,1,62.72621332655774,19.45306279737677,0.0341115305045556,1.286130857746688,-0.0001027394693855,0.1384736791500537,-0.0015772928756202,0,,
2025-12-11 05:00:00,94.67129397297816,94.71995612009896,94.60317142188975,94.66156005859376,5288200,-0.0001028306141243,-0.0002055595187471,0.0055397773780376,0.0121800349562639,0.0472241236262416,94.11748924255372,93.87334655761718,91.29620498657226,1,1,0.2490149079492596,0.2137193019942871,1,62.43916262672965,19.777820186660524,0.0337572121035598,1.3677805686411757,-0.0002055595187471,0.1381379998560668,-0.0034626233314664,0,,
2025-12-12 05:00:00,94.6420999100931,94.6420999100931,94.44746617068692,94.46692657470705,4152500,-0.0020560984180511,-0.0022612352861968,0.0058511242376286,0.007006446662886,0.0483469317360354,94.16577529907228,93.88383529663086,91.32260902404784,1,1,0.233300920179019,0.2176356256312335,1,56.83880255104971,19.38590689471335,0.0334696846166841,0.8006575413398406,-0.0022612352861968,0.1393522985286197,0.0082412481636504,1,,
2025-12-15 05:00:00,94.62263556118138,94.62263556118138,94.49611695352093,94.56423950195312,4423200,0.0010301269531525,0.0009270591777081,0.0113692016329141,0.0087646057433068,0.0470201497791664,94.21747512817385,93.8985806274414,91.34825645446776,1,1,0.2260935459492685,0.2193272096948405,1,58.8272163772195,19.021987409333832,0.0288047513718915,0.9961610995799832,-0.00123343769246,0.1397069180032992,-0.0015416551173941,0,,
2025-12-16 05:00:00,94.54477266475354,94.6031612952074,94.4474558057303,94.57396697998048,4883200,0.0001028663486175,0.002475701122472,0.0111592146825942,0.0101060318067713,0.0485489362209654,94.2778881072998,93.91313552856444,91.37493396759034,1,1,0.2186461593047965,0.2191909996168317,0,59.03040033455494,18.458784983450705,0.0288345701694203,1.14857114825958,-0.0011306982230742,0.1401040952263063,0.000822282890081,1,,
2025-12-17 05:00:00,94.56424344441012,94.5739773588208,94.38907010902408,94.46692657470705,4450400,-0.0011318168063744,-0.0021587176023122,0.0117946857357185,0.0066982758683769,0.0457245072342411,94.33536872863768,93.92766723632812,91.40158557891846,1,1,0.2017807823472281,0.215708956162911,0,55.768999289532736,17.662500194175685,0.0282836115138379,0.7718221259797425,-0.0022612352861968,0.1415025635090054,0.0031596001506815,1,,
2025-12-18 05:00:00,94.76133736761558,94.80046350674402,94.62439961194004,94.73199462890624,4284400,0.0028059349849767,0.0007440672884417,0.0151598928223986,0.0088026306660038,0.0454985557437443,94.40223197937011,93.95019577026368,91.42937732696534,1,1,0.2074127017912559,0.21404970528858,0,61.44911472336043,17.75559623082327,0.0290213012801001,0.9971933007600112,0.0,0.1408361101953961,-0.0094360022493092,0,,
2025-12-19 05:00:00,94.77112085544,94.8395897333409,94.67330923880267,94.70265197753906,2493600,-0.000309743835566,0.0024953220283461,0.0140042416599233,0.0074630009216036,0.0431152515718118,94.46859550476074,93.97791305541992,91.45859630584717,1,1,0.2071207724512618,0.2126639187211164,0,60.52255315236606,17.974352738106475,0.0292338581556108,0.8494281114786754,-0.000309743835566,0.139527883711555,-0.0156627503275876,0,,
2025-12-22 05:00:00,94.82003793149828,94.82981387015543,94.6537499611952,94.79069519042967,4116300,0.0009296805427527,0.0023947285958121,0.0151572470005059,0.0090162859359954,0.0412771957102187,94.52532691955568,94.01894271850584,91.487607421875,1,1,0.211555092401781,0.2124421534572493,0,62.35667362622953,18.072574203138224,0.029071768766588,1.0216686536185144,0.0,0.1387929350359473,-0.0355724187950851,0,,
2025-12-23 05:00:00,94.7613396118333,94.89827737075191,94.67331139362054,94.86893463134766,2883200,0.0008253915720399,0.0031189095771948,0.01295023138418,0.0113950360500787,0.0418132485225914,94.57241897583008,94.0503707885742,91.51872272491455,1,1,0.2188597133775403,0.2137256654413075,1,63.95913844931617,18.41619889513741,0.0278659636938463,1.289945821422487,0.0,0.138275511576628,-0.0325050446873639,0,,
2025-12-24 05:00:00,94.89828202475728,95.0939127346267,94.8885060861752,95.0841293334961,1189700,0.0022683368690148,0.0065335327523432,0.0123184459824101,0.0169067134999785,0.0408399801066572,94.61188049316408,94.08494750976564,91.55290466308594,1,1,0.2392551081780425,0.2188315539886545,1,67.9947739254479,19.38976712090343,0.0272997415351098,1.9225949120446493,0.0,0.1381033717927385,-0.0223163992690172,0,,
2025-12-26 05:00:00,95.11346973402476,95.15259587503591,95.0254415136609,95.03522491455078,1496000,-0.0005143278829823,0.0032009279107063,0.0078511768472002,0.0145139564258784,0.0411632215062862,94.64163665771484,94.11161544799803,91.58642547607424,1,1,0.2486066449500015,0.2247865721809239,1,66.18112946810317,20.473210628986884,0.0246756701866695,1.6600662456762325,-0.0005143278829823,0.1380463413520509,-0.0173757623603089,0,,
2025-12-29 05:00:00,94.9667484822072,95.09391030601186,94.94718914299406,95.06456756591795,1969900,0.0003087555313681,0.0038215992986629,0.0066122963830776,0.0126538834819687,0.0379512739542455,94.66898880004882,94.14464569091795,91.62259284973145,1,1,0.2554409477157264,0.2309174472878844,1,66.75412381299502,20.99479955141933,0.0243083212536565,1.4595908873244177,-0.0002057311531931,0.1385828215755082,-0.008274209616912,0,,
2025-12-30 05:00:00,95.08412160967056,95.1917166257215,95.05477887121084,95.17215728759766,3102000,0.0011317541796538,0.0040242567733219,0.0069260443531919,0.0145241240132112,0.0398784697127099,94.70960311889648,94.17597747802736,91.65712226867676,1,1,0.2664671063389221,0.238027379098092,1,68.83890311696356,21.806912684507164,0.0244137354649531,1.6713536154116353,0.0,0.138909285493611,-0.0013306961790635,0,,
2025-12-31 05:00:00,95.20150775941774,95.2210670991304,95.0645699937834,95.0841293334961,2906500,-0.0009249338946426,0.0022683368690148,0.0076754918787185,0.0116342015719905,0.0368785089556209,94.73851699829102,94.20150573730469,91.69005424499512,1,1,0.2650469994476907,0.2434313031680118,1,65.23449376327179,22.658220704097097,0.0237749166405762,1.3477589656264073,-0.0009249338946426,0.1398167009628664,0.002275699972023,1,,
2026-01-02 05:00:00,95.191716633066,95.191716633066,95.02543614008276,95.11346435546876,4176800,0.0003085164914302,0.0003085164914302,0.0064293649402671,0.0124648041171977,0.0365562688367091,94.76159858703612,94.22916061401368,91.72391990661622,1,1,0.2632540171751998,0.2473958459694494,1,65.87572416261736,23.18051379026169,0.0233830748651658,1.4433258793892518,-0.0006167027605723,0.1396039371571354,0.0010554049006006,1,,
2026-01-05 05:00:00,95.19171869563873,95.41669213296846,95.18193529509008,95.36778259277344,4074200,0.0026738405443229,0.0034993096351554,0.0075640375118741,0.0164218196827166,0.0430952812295528,94.79593658447266,94.26382751464844,91.75641830444336,1,1,0.2791367079184965,0.2537440183592588,1,70.88877192596507,24.40629383005672,0.0244398741257211,1.8805763443641972,0.0,0.1390511195420523,-0.0009991103435003,0,,
2026-01-06 05:00:00,95.40691375732422,95.44603989903132,95.30910213433071,95.40691375732422,2812900,0.0004103184900279,0.003601196535911,0.0076667012354765,0.0166303107520178,0.0451466966764297,94.83223114013671,94.29581146240234,91.78966793060304,1,1,0.2915209407679526,0.2612994028409976,1,71.58057678726098,25.631368114669893,0.0244397112475392,1.90398517803914,0.0,0.1382857639911165,-0.0060779556377938,0,,
2026-01-07 05:00:00,95.47538272904208,95.50472546971277,95.32866156314026,95.37757110595705,2263700,-0.0003075526731931,0.002158339415788,0.0073567906478237,0.0174655852401461,0.0421228804015201,94.87727699279785,94.32162521362304,91.82323379516602,1,1,0.2955607870136418,0.2681516796755264,1,70.23278064139737,26.94445161891653,0.0245206547616644,2.0032640162572912,-0.0003075526731931,0.1386902820975516,-0.0012769875284778,0,,
2026-01-08 05:00:00,95.27976172809684,95.47538497887672,95.27976172809684,95.45581817626952,4207700,0.0008203927758396,0.0039090523873839,0.010364085533645,0.0197664549771461,0.0435175949724668,94.93304748535157,94.34361312866211,91.85547801971435,1,1,0.3015996261539868,0.2748412689712185,1,71.75981887203005,27.78974801448566,0.0227908375447953,2.272625472020522,0.0,0.1388181571828707,-0.0012034552524251,0,,
2026-01-09 05:00:00,95.51450850196206,95.59276078514732,95.48516576140467,95.55363464355467,3106900,0.0010247302799766,0.0046278441340423,0.0128600918725865,0.0239704663918178,0.0464283643411096,94.97716445922852,94.36967514038086,91.88867420196532,1,1,0.3106969006353637,0.2820123953040476,1,73.58415445994376,28.95033822976667,0.0217303383614495,2.800051445364584,0.0,0.1380474532767946,-0.006172781039299,0,,
2026-01-12 05:00:00,95.38734918927172,95.57319650109606,95.38734918927172,95.54385375976562,2747000,-0.0001023601438661,0.0018462332058617,0.0092167176145618,0.030242242327227,0.0453457532612788,95.0212791442871,94.4011247253418,91.92395107269289,1,1,0.3135034480249601,0.2883106058482301,1,73.07580581098304,29.29157534703528,0.0191041685307313,3.8182812413563902,-0.0001023601438661,0.1378168876630598,-0.0047430781865926,0,,
2026-01-13 05:00:00,95.61232255371944,95.61232255371944,95.50472752724336,95.5731964111328,2683600,0.0003071118676136,0.0017428784483222,0.0096304809679319,0.0243914844872232,0.0490355582621022,95.0765926361084,94.43758941650393,91.96020801544188,1,1,0.3144703453991013,0.2935425537584044,1,73.66361910324721,29.75003409879577,0.019010582948364,3.310540719449641,0.0,0.1381354111807137,-1.8739777293497184e-05,0,,
2026-01-14 05:00:00,95.54385357994956,95.62210586504924,95.47538469612452,95.6025390625,3743800,0.0003070175788719,0.0023587092220354,0.0120212706072837,0.0240719696737525,0.0469639271307085,95.12850761413574,94.47464096069336,91.99744491577148,1,1,0.3139849027625416,0.2976310235592318,1,74.26860425519446,29.947089479782637,0.0166957065845296,3.26825475079261,0.0,0.1388603527714234,-0.0035302306627925,0,,
2026-01-15 05:00:00,95.67100794632503,95.67100794632503,95.56341291995015,95.6025390625,3245500,0.0,0.0015370554570026,0.0109798330321837,0.0202846742702917,0.0456629551247875,95.17993621826172,94.51705474853516,92.03426517486572,1,1,0.3100263946824668,0.3001100977838788,1,74.26860425519446,30.325873107516497,0.0167191106773173,2.8369715608750803,0.0,0.1384832332369944,-0.008758941817583,0,,
2026-01-16 05:00:00,95.70034547174708,95.72969567397128,95.60253385197773,95.6807861328125,2861200,0.0008184622613562,0.001330681870262,0.011703211657245,0.0242763787427404,0.0450034688816403,95.240629196167,94.5614207458496,92.07030349731446,1,1,0.3096338666710778,0.3020148515613186,1,75.97540489647784,30.908274521010835,0.0166775138011875,3.487923210376028,0.0,0.1387128003848763,-0.009930436645572,0,,
2026-01-20 05:00:00,95.22106878282392,95.52429452284602,95.22106878282392,95.45581817626952,3367000,-0.0023512344080316,-0.0009214154551213,0.0104681250615306,0.0197664549771461,0.0411465407441147,95.27682037353516,94.59954498291016,92.10437896728516,1,1,0.2878515776311303,0.299182196775281,0,63.03028728036568,28.889401217214672,0.0186496627875776,2.816550871516101,-0.0023512344080316,0.141262300456995,-0.0016979413379678,0,,
2026-01-21 05:00:00,95.5634203443994,95.7786104138676,95.54386100287924,95.7199249267578,3689500,0.002766795733714,0.0015352475498864,0.0104286867570093,0.0203843418338236,0.0420901802979682,95.32768402099607,94.64198348999024,92.14582717895507,1,1,0.2885736665689222,0.2970604907340092,0,69.58264929801993,28.104305589054835,0.0185889928859048,2.8839829601667444,0.0,0.1400369666637467,-0.0056742800588619,0,,
2026-01-22 05:00:00,95.81772874249528,95.88619762605396,95.73947645770002,95.77860260009766,3226400,0.0006130142014293,0.0018416198913142,0.0113613568373331,0.0218485686306095,0.0419771639553505,95.3770793914795,94.68443420410156,92.19431926727296,1,1,0.290531657010888,0.295754723989385,0,70.82006109820473,27.76601590610392,0.0183591888425052,3.09787354658046,0.0,0.1393947206236835,-0.0009543833413742,0,,
2026-01-23 05:00:00,95.79816706303892,95.81772640248576,95.63187909627284,95.72969818115234,4119700,-0.0005105985848373,0.0013300809779666,0.0099060671391455,0.0223770300190184,0.0429492008450664,95.42011756896972,94.7195184326172,92.24647735595704,1,1,0.2848535858229439,0.2935744963560968,0,68.32527032983239,26.861888669907355,0.0186484250250533,3.1810927624932703,-0.0005105985848373,0.1392730203768775,0.0034590041690947,1,,
2026-01-26 05:00:00,95.82751214373184,95.8764142248174,95.72970051901208,95.77860260009766,1966800,0.0005108594289389,0.0010223208988833,0.0095886811872072,0.021009851926284,0.0424067362269153,95.4548412322998,94.75228958129884,92.30064907073977,1,1,0.2810599670494156,0.2910715904947605,0,69.48299277994568,26.25179464474052,0.0186047119897432,3.0070044615474547,0.0,0.1386401343219443,0.0026369292809615,1,,
2026-01-27 05:00:00,95.77860528466508,95.82751482967016,95.7394791411708,95.76882934570312,3218500,-0.0001020400604019,0.0032791209107401,0.0072009915535486,0.0178765172934887,0.0427301651066764,95.49152145385742,94.7893180847168,92.34331939697266,1,1,0.2741051631919902,0.2876783050342065,0,68.94068861653145,25.68527876422846,0.0174715106335666,2.61221356895951,-0.0001020400604019,0.1380758567083599,-0.0001992354279366,0,,
2026-01-28 05:00:00,95.7786080934991,95.7786080934991,95.6123275756836,95.6123275756836,5057100,-0.0016341618780219,-0.0011240852012424,0.006072513235505,0.0133102243503833,0.0408115841115204,95.5189094543457,94.83154052734376,92.39228359222412,1,1,0.2530480655449452,0.2807522571363542,0,60.76237273920096,24.42541722293552,0.0185600700886491,1.9703612758380693,-0.0017360351884471,0.137864097172431,-0.0013201666761678,0,,
2026-01-29 05:00:00,95.68078630953848,95.71012904926866,95.48516306963846,95.62210083007812,3679200,0.0001022175136025,-0.0016339951280451,0.0058647851500883,0.014552350139708,0.0427450093605428,95.54140663146973,94.87337768554688,92.44027244567872,1,1,0.2344462336587014,0.2714910524408236,0,61.07293207525292,22.76594002435319,0.0185710849702228,2.162368349278239,-0.0016339951280451,0.1381523363692343,-0.0031063388764915,0,,
2026-01-30 05:00:00,95.57319111230174,95.72969567397128,95.5242890336912,95.6807861328125,4831000,0.0006137211191235,-0.0005109391261977,0.0053443029948121,0.0181907695825025,0.0429542321943263,95.57123947143556,94.9196792602539,92.486040725708,1,1,0.2218818455481823,0.2615692110622954,0,62.96828673180072,21.155601287025146,0.0183568851269225,2.7753126797161087,-0.0010212768262403,0.1386506600976194,-0.0018618294311472,0,,
2026-02-02 05:00:00,95.66110953840642,95.81851521697332,95.63159785005408,95.79883575439452,4192400,0.0012337860750657,0.0002112492116985,0.0075165690205951,0.021854663840602,0.044251956847886,95.60550804138184,94.9693096923828,92.5311423110962,1,1,0.2189264475188821,0.2530406583536128,0,66.50160476071807,20.115979199408223,0.0181310834340675,3.3896171216005127,0.0,0.1381350062125051,-0.0120278531733336,0,,
2026-02-03 05:00:00,95.79883932861412,95.85787021303705,95.52338688636084,95.7103042602539,5756200,-0.0009241395622759,-0.0006111078714134,0.0062750306576424,0.0209103275188506,0.0394032198369276,95.62263412475586,95.01562118530272,92.57617370605467,1,1,0.2070537350286514,0.2438432736886205,0,61.74366227437429,18.79695872398382,0.0186677302116298,3.2305366187750795,-0.0009241395622759,0.1391842078425305,-0.0030065721866604,0,,
2026-02-04 05:00:00,95.67095223343826,95.72997561197135,95.47420263465048,95.5332260131836,6130100,-0.0018501481991823,-0.00082731551993,0.0017347936159595,0.0219441137504874,0.0382316583217481,95.62894973754882,95.05877807617188,92.6175263595581,1,1,0.1812662655332246,0.2313278720575413,0,53.49880326398076,17.82857994146291,0.0179803062982339,3.445524843254256,-0.0027725779663114,0.1396029220515992,0.003968342803454,1,,
2026-02-05 05:00:00,95.5037111397784,95.58241397887596,95.38565688113206,95.4840316772461,4256000,-0.0005149447788009,-0.001443904198229,0.0008083053615803,0.0216294846295788,0.0363030742438261,95.63427276611328,95.09533737182618,92.6612866973877,1,1,0.1550723607479511,0.2160767697956233,0,51.44359093911744,17.376717110754075,0.0180537070527328,3.3921819748860798,-0.0032860950205648,0.1412957061798578,0.021766103045391,1,,
2026-02-06 05:00:00,95.68078575157982,95.83818391928548,95.61192264592442,95.81851196289062,4339700,0.003502997095631,0.0014394303772435,0.0046231084711072,0.0242535028080039,0.0406860389190693,95.65240745544432,95.1331657409668,92.70509002685549,1,1,0.1594650523123704,0.2047544262989727,0,62.10346813751525,16.67212538315271,0.0216077064443573,3.688295253160268,0.0,0.1391216557517967,0.0031103379971619,1,,
2026-02-09 05:00:00,95.7988397372522,95.98575711194256,95.78900751106988,95.95624542236328,4766600,0.0014374410189754,0.0016431271500243,0.0052425012498418,0.0251954727705083,0.0419662854047739,95.67253799438475,95.16639266967772,92.74706798553468,1,1,0.172076638740279,0.198218868787234,0,65.46557479033461,16.650809164234012,0.0219269089918737,3.8170715577038505,0.0,0.1386530730874082,-0.0011892111148328,0,,
2026-02-10 05:00:00,96.01526561496918,96.09396845491274,95.8086762892543,95.90705108642578,3191500,-0.0005126746645928,0.0020556493649512,0.0036986185213097,0.0240345795689822,0.0416476634305922,95.69069786071778,95.19573165893554,92.78502914428712,1,1,0.1760721894709576,0.1937895329239787,0,63.30528353626362,17.051163725119537,0.0218891506975244,3.635735148278364,-0.0005126746645928,0.1389484184408809,0.0065264888464098,1,,
2026-02-11 05:00:00,96.00542381757388,96.0349430110544,95.74965085153542,95.897216796875,3284500,-0.0001025397970157,0.0038100962239167,0.0036984381852323,0.0204492693558095,0.0394983126214196,95.70689888000489,95.22332550048829,92.82214962005617,1,1,0.1764115843018174,0.1903139431995465,0,62.85872595350411,17.076426714064784,0.0218891795669637,3.1873942475487302,-0.0006151618920525,0.1389662800821779,0.0083399969235131,1,,
2026-02-12 05:00:00,95.99559078437494,96.03494220316884,95.75948227161156,95.78900146484376,5057000,-0.0011284512277395,0.0031939349673517,0.0022580081216769,0.0175159922211658,0.0353332958955212,95.71622200012207,95.25190811157226,92.8586824798584,1,1,0.166034541408365,0.1854580628413102,0,58.00955461370361,17.099885203799655,0.0223416402988423,2.736418123731168,-0.0017429189395997,0.1409875625340923,0.0206475032650919,1,,
2026-02-13 05:00:00,95.85786537775006,95.99559159192948,95.81851395862512,95.897216796875,5124200,0.0011297260685085,0.000821394867986,0.0030823212151547,0.0210803592738293,0.0394983126214196,95.73095588684082,95.27973541259766,92.89463905334472,1,1,0.1646448101705999,0.1812954123071681,0,61.23045533830884,17.121668087124892,0.0226139311166084,3.3527722602443166,-0.0006151618920525,0.1410474739594788,0.0157505086542282,1,,
2026-02-17 05:00:00,95.84802146135196,95.8873728787586,95.74964667059304,95.80867004394533,3970700,-0.0009233506027315,-0.0015379444846803,0.0021561245492713,0.0246784476055026,0.0382171134305633,95.73735008239746,95.30287216186524,92.9327600479126,1,1,0.1546161366290022,0.1759595571715349,0,57.35379672592202,16.683511367580596,0.0229140468177458,4.218069407342708,-0.0015379444846803,0.1406902387064734,0.0159369868675869,1,,
2026-02-18 05:00:00,95.8677006626566,96.03494607565354,95.84802870522424,95.94640350341795,2987300,0.0014375886797035,0.0004103182878254,0.0027760784723984,0.0258329339052902,0.0402462964053604,95.76187934875487,95.32817977905272,92.97101249694823,1,1,0.1559841910300861,0.1719644839432452,0,61.44305195903208,16.98881771720741,0.0232552631459861,4.394677399724673,-0.0001025667365579,0.140186268827778,0.0106224403141845,1,,
2026-02-19 05:00:00,95.92672829286788,95.9759119375388,95.85786518591598,95.96607971191406,2319600,0.000205074997891,0.0007180908616453,0.0053455257667196,0.0278514712407549,0.0405670441843242,95.7741870880127,95.35388092041016,93.00809925079346,1,1,0.1568480429790071,0.1689411957503976,0,62.00357468974632,17.272316470432308,0.0214287036599288,4.818019871820618,0.0,0.1405858032957152,-0.0047889433988494,0,,
2026-02-20 05:00:00,95.95623978901804,96.06445431479985,95.90704863892964,96.03494262695312,3551500,0.0007175755771808,0.0025675302837311,0.0032910358050988,0.0291224463950523,0.0420667398328371,95.78700408935546,95.38504669189452,93.04571769714356,1,1,0.1612307459280941,0.1673991057859369,0,63.97733791696495,17.94379718565333,0.0194899744213901,5.0511133927055765,0.0,0.139676562250191,-0.0025736376768366,0,,
2026-02-23 05:00:00,96.03493962919411,96.06445131611964,95.86769422742373,95.91688537597656,2880600,-0.0012293155777179,0.0002051006250078,0.0014437752496376,0.0270053328719497,0.0426169482068414,95.79636344909667,95.41657623291016,93.082979888916,1,1,0.1534094276943136,0.1646011701676122,0,58.37850827392803,18.26463597150288,0.0199856636076595,4.642066681504598,-0.0012293155777179,0.140944080034239,0.0111149073912077,1,,
2026-02-24 05:00:00,95.85786119208248,95.9070448347042,95.64143214910364,95.80867004394533,4108700,-0.0011282198291474,0.0,0.0008249463258886,0.0260592089255096,0.0327825196739528,95.79786682128906,95.43932373046874,93.11960739135742,1,1,0.1369007965776774,0.1590610954496253,0,53.736348800520894,17.061985247007026,0.0203231950758699,4.448097702661397,-0.0023561484686542,0.1397691585780977,0.0035623425116908,1,,
2026-02-25 05:00:00,95.91689062438417,95.97591400146484,95.86769947313964,95.97591400146484,2226400,0.0017456035809995,0.0003075727382093,0.00206007809689,0.024769854039953,0.0358612600682446,95.80822105407717,95.46561080932617,93.15693069458008,1,1,0.1357479591621739,0.154398468192135,0,59.14356631423402,16.32015819162661,0.0211181661875487,4.312685970739673,-0.0006146577888589,0.1388415467028795,0.0014527711035494,1,,
2026-02-26 05:00:00,96.04477523669884,96.04477523669884,95.76932280834,95.897216796875,5252700,-0.0008199682744218,-0.0007175755771808,0.0013405974788354,0.0209750266667489,0.0327831648679664,95.82246551513671,95.49421661376954,93.19376686096192,1,1,0.1270199139928678,0.1489227573522816,0,55.83648006688186,15.254459294055886,0.0213493879343236,3.7343433859267896,-0.0014341220633943,0.1395025647418406,0.0103327842208806,1,,
2026-02-27 05:00:00,95.7791663738085,95.82835752606286,95.6512798856696,95.67095184326172,4561900,-0.0023594527679833,-0.0037901910881055,0.0006131454914295,0.0145930784298067,0.0287638827074021,95.8249080657959,95.51635086059572,93.22432178497314,1,1,0.1006845556489679,0.1392751170116188,0,47.5960222628534,14.89252354203334,0.0222071794548257,2.678132062678685,-0.0037901910881055,0.1398449425082363,0.0143681014595682,1,,
2026-03-02 05:00:00,95.34949442834728,95.77480885836356,95.34949442834728,95.6264419555664,6697400,-0.00046523931076,-0.0030280739337152,4.539876713227642e-05,0.0125618282026034,0.0281799058014715,95.8221908569336,95.53740036010744,93.25395195007324,1,1,0.0753533914819257,0.1264907719056802,0,46.15305121887269,15.820365659392431,0.0222708761075923,2.321950862709208,-0.004253667052976,0.1397004504315729,0.0112058478562464,1,,
2026-03-03 05:00:00,95.15166757451654,95.6066614134819,95.07254510127622,95.4088363647461,8192900,-0.0022755797075606,-0.0041732515336643,-0.0028422610124556,0.0094301204793019,0.0276287518159563,95.80269088745118,95.5562385559082,93.28413272857668,1,1,0.0372894591319692,0.108650509350938,0,39.80017778144788,17.521486549366617,0.0234884859505046,1.7078570225747598,-0.0065195672021082,0.1406220411906296,0.014218331824906,1,,
2026-03-04 05:00:00,95.5176431445553,95.79459068070842,95.49786441179624,95.7451400756836,4650500,0.003524869642596,-0.002404498338799,-0.0005605045018353,0.0146807022060349,0.0327524592612527,95.80443267822264,95.57650146484374,93.31519912719726,1,1,0.0338699852672448,0.0936944045341994,0,51.02102757018402,18.039614071186964,0.0263380981719921,2.566333119285455,-0.0030176781840258,0.1401290618143734,0.0144355558850932,1,,
2026-03-05 05:00:00,95.63633887095152,95.63633887095152,95.27036816910211,95.3297119140625,10917500,-0.0043388955438647,-0.0059178451864203,-0.0039765033570106,0.0087175572013753,0.0250957408057652,95.7942569732666,95.58904266357422,93.34362663269044,1,1,-0.0023346408844844,0.0744885954504626,0,40.88358384454162,19.17539256557164,0.0301821363235003,1.4338597747070392,-0.0073434803374651,0.140303324209335,0.0080405412665112,1,,
2026-03-06 05:00:00,95.3198162884933,95.3198162884933,94.80547873212164,94.86483001708984,12683000,-0.004876568780484,-0.0084259831290541,-0.0069964767650734,0.0022503255427426,0.0172693550270106,95.7632968902588,95.59052536010742,93.37001056671144,1,1,-0.0677580788999279,0.0460392605803845,0,32.985324347135375,21.22771470855682,0.0338767976847925,0.3557281685004246,-0.0121842381309954,0.1414734368443521,0.0133988226411301,1,,
2026-03-09 04:00:00,94.65711741872605,95.39894438140024,94.63733868673988,95.37916564941406,15327600,0.0054217736144317,-0.0025858570192044,-0.0010982572267842,0.0073736318628052,0.0217358595055554,95.74132957458497,95.60072998046876,93.3991534423828,1,1,-0.0772139633260593,0.0213886157990957,0,45.524578383770034,23.41655591457846,0.0392838385769456,1.050539620905076,-0.0068285246973741,0.1410052641504496,-0.0020555616108989,0,,
2026-03-10 04:00:00,95.30003253824016,95.64621693367673,95.26046752929688,95.26046752929688,9012700,-0.0012444868783344,-0.0015550848443639,-0.0058239730732811,0.0061199685963719,0.0203597480755042,95.70654067993163,95.60425674438476,93.43069904327392,1,1,-0.0932112844860597,-0.0015313642579353,0,43.50161032126798,24.28240152574473,0.0372650688068403,0.8709592869047196,-0.0080645135663244,0.1410564806146104,0.0139074312504274,1,,
2026-03-11 04:00:00,95.1912332107246,95.27036323073968,95.01319443881768,95.06265258789062,11885100,-0.0020765690798799,-0.0071281684611196,-0.0093125031157628,0.0062025750279974,0.0194953535424942,95.66432075500488,95.60480529785156,93.46050659179689,1,1,-0.1204626706411318,-0.0253176255345746,0,40.28851035070769,25.56432348311975,0.0372180081048854,0.8832696987470058,-0.0101243361266882,0.1409404703419504,0.0164972705155999,1,,
2026-03-12 04:00:00,94.9340709039842,94.9340709039842,94.39995459423324,94.42962646484376,15827100,-0.0066590412303253,-0.0094418144264417,-0.0154047549668756,0.0009457044042135,0.0117715263484794,95.59094123840332,95.59210647583008,93.4873362350464,0,1,-0.1909384881778635,-0.0584417980632324,0,32.114018253436925,27.65032643735909,0.0430038900173281,0.1359834958362475,-0.0167159589853164,0.1421606440500578,0.0231181156663808,1,,
2026-03-13 04:00:00,94.63733528585604,94.7955877748208,94.1526771339434,94.21202087402344,9139200,-0.002304420751906,-0.006881466429116,-0.0175729388103209,-0.0048512518096093,0.0065491206053498,95.5120922088623,95.5729037475586,93.51022205352784,0,1,-0.2613374979011098,-0.0990209380308079,0,29.870377211646,29.86561594504542,0.0432711530484921,-0.6145136891274229,-0.0189818591344487,0.1426404064314748,0.0264389774780193,1,,
2026-03-16 04:00:00,94.61755152446914,94.82526214996072,94.5680933795292,94.60765838623048,9701500,0.0041994376995275,-0.0080888447485419,-0.0123327632666351,-0.0005694145789475,0.0116036848878402,95.44761428833009,95.56337432861328,93.53532012939452,0,1,-0.2819543849110602,-0.1356076274068583,0,38.30935994802314,31.79790234081205,0.0466299066779043,-0.0553080010537595,-0.0148621345697775,0.1417963732263011,0.0057367520770716,1,,
2026-03-17 04:00:00,94.81537487861785,95.00330678551416,94.7758098694684,94.9835205078125,7336500,0.0039728509086185,-0.0029072607836949,-0.0095278707722857,0.0054685163563241,0.0125132778873859,95.40635681152344,95.56077545166016,93.56173568725586,0,1,-0.2649107580842695,-0.1614682535423406,0,45.071748933065365,32.84780706914396,0.0489317954892355,0.682357925545934,-0.0109483287059884,0.1419862065693517,0.0066554372334421,1,,
2026-03-18 04:00:00,94.8450486545051,94.91428553534422,94.49886425030957,94.5384292602539,6817100,-0.0046859838967748,-0.0055145034707719,-0.0132580984905519,-0.0002729387116647,0.0084892748314422,95.33595809936524,95.54418838500976,93.58541084289551,0,1,-0.2840444176909216,-0.1859834863720568,0,39.54379522342708,34.2053081744303,0.0510781063498112,-0.0153107848765707,-0.0155830089107504,0.1433207078254307,0.0186968843264621,1,,
2026-03-19 04:00:00,94.01420571093952,94.79559012891065,94.01420571093952,94.7461395263672,12000400,0.0021970987643711,0.0033518406603172,-0.0125097339058466,0.0018205067618994,0.0119449366679111,95.27496109008788,95.53097290039062,93.6101433944702,0,1,-0.2792287233031487,-0.2046325337582752,0,43.05388084978741,36.01171166557617,0.0515313139740699,0.2288371806366879,-0.0134201475560022,0.1439904390439192,0.0271365394624683,1,,
2026-03-20 04:00:00,94.5977740557169,94.61756033403648,93.80648894052418,93.91529083251952,13185800,-0.0087692089408715,-0.0031495985199244,-0.0213699349348324,-0.0058394589745786,0.0008197025866645,95.1689785003662,95.50172729492188,93.62968593597412,0,1,-0.338552177940997,-0.2314164625948195,0,34.440162211920764,37.88657424977765,0.0586613880484481,-0.5891093391346073,-0.0220716724189379,0.1448036291717872,0.030001790914834,1,,
2026-03-23 04:00:00,94.35049529176533,94.80548157682094,94.162563385192,94.45929718017578,10876900,0.0057925215674026,-0.0015681733232316,-0.0164070014900505,-0.0028786203626207,0.0058986708715031,95.09609909057616,95.481796875,93.65091278076171,0,1,-0.337776005802155,-0.2526883712362867,0,42.54546756779803,38.90480020511285,0.0630288903935071,-0.2695357551762725,-0.0164070014900505,0.1441290495230563,0.0318771252752481,1,,
2026-03-24 04:00:00,94.27136032175676,94.47907094883334,94.02408468767705,94.1922378540039,11737000,-0.002827242358817,-0.0083307362116937,-0.0179806455892761,-0.0053896497392302,0.0020331282214023,95.0152774810791,95.45456893920898,93.67174594879152,0,1,-0.3546224723874189,-0.2730751914665131,0,39.93525183459669,40.01148279158085,0.0634143257061017,-0.5170917545623458,-0.0191878572792737,0.1442056384307504,0.0231407973695596,1,,
2026-03-25 04:00:00,94.52852964601766,94.70656840544464,94.42962090105902,94.50875091552734,6863100,0.0033602881589247,-0.0003139288959927,-0.0135678652863225,-0.0029743876689153,0.0060150803373726,94.94191932678224,95.43386688232422,93.6941145324707,0,1,-0.3385310840647406,-0.2861663699861587,0,44.29709008564408,40.18994279094278,0.0650565150057646,-0.2719578599671335,-0.0158920458499596,0.143888355807767,0.0294714318349973,1,,
2026-03-26 04:00:00,94.25158964766538,94.390063410886,93.74714519807368,93.91529083251952,8017500,-0.0062794193898326,-0.0087692089408715,-0.021470211462783,-0.0100522241820667,0.0012282664110738,94.84282302856444,95.40070877075196,93.71304500579834,0,1,-0.3694075119827573,-0.3028145983854784,0,38.63228635553823,41.17367545894126,0.0672477194974103,-0.927221711651618,-0.0220716724189379,0.1455847818486908,0.0485678480681421,1,,
2026-03-27 04:00:00,93.65812798644166,93.75703673758969,93.46030293789164,93.62845611572266,6037000,-0.0030541854713347,-0.0030541854713347,-0.0236582536692168,-0.0153093184738311,0.0013385647648302,94.7406982421875,95.3612271118164,93.72955268859864,0,0,-0.4122700752301398,-0.3247056937544107,0,36.22128003806608,42.35911949021839,0.0676065402283206,-1.4235190344460498,-0.0250584469090426,0.1476579856965071,0.0584607241433785,1,,
2026-03-30 04:00:00,93.98452482664666,94.06365484498563,93.6680122995446,93.72736358642578,7247800,0.0010563825871579,-0.0077486665219822,-0.0203153435749247,-0.0137618586087521,0.0005523588009399,94.64574432373048,95.32372360229492,93.74679031372072,0,0,-0.4332635664336379,-0.3464172682902561,0,37.66590677279386,42.4802074350928,0.0678594199153273,-1.2742020688374018,-0.0240285356288607,0.1483098373838007,0.0605305756771712,1,,
2026-03-31 04:00:00,94.09332830868114,94.72635337360494,94.09332830868114,94.6769027709961,7848800,0.0101308641173369,0.0051454868047982,-0.0099296718057493,-0.0040779104649379,0.0085243716131575,94.60914764404296,95.3036459350586,93.7682106399536,0,1,-0.369027266283382,-0.3509392678888813,0,49.49348282599383,40.86099239283291,0.078016176797337,-0.3205241477300874,-0.0141411013409183,0.1455806176174929,0.0420912543070157,1,,
2026-04-01 04:00:00,94.90067802372408,95.02997535931463,94.80122378795028,94.95040893554688,9431100,0.0028888372617377,0.0046731970927675,-0.0048048739159406,-0.0023299708483089,0.0121603123793543,94.56941108703612,95.29353775024414,93.7924108505249,0,1,-0.2926760861868587,-0.3392866315484769,1,52.30097476756008,38.70130352547718,0.0785541896668418,-0.1715278448306837,-0.0112931154196562,0.1449093619905337,0.0304882560628756,1,,
2026-04-02 04:00:00,94.58241490421103,95.26866199406524,94.58241490421103,95.19904327392578,6299800,0.0026185704850167,0.0136692590740692,-0.0057036503505675,0.0012085501674694,0.0128568122557184,94.5628776550293,95.2831201171875,93.81681858062744,0,1,-0.2096873672526698,-0.3133667786893154,1,54.76273692001681,36.21424566046198,0.0780713925614315,0.1241260715553059,-0.0087041167533612,0.145158106206176,0.0358886609721573,1,,
2026-04-06 04:00:00,95.12942866628572,95.40790355888218,95.12942866628572,95.38801574707033,4402300,0.0019850249187987,0.0187930005934615,0.000611601900784,0.0028865670434994,0.0153873516534654,94.58903694152832,95.27530838012696,93.842783203125,0,1,-0.1272033888368327,-0.2761341007188189,1,56.59625789733002,33.63117611379214,0.0769750206334357,0.2627172516460379,-0.006736369723214,0.144761988082708,0.0317787472142891,1,,
2026-04-07 04:00:00,95.34823352416348,95.4178522480344,94.92057348099294,95.39795684814452,5015100,0.0001042175056933,0.0178239651452298,0.0056198575484573,0.000316398835652,0.0167434143629956,94.58997650146485,95.2686735534668,93.86809127807618,0,1,-0.0603365556465718,-0.2329745917043695,1,56.69569335496063,31.634008352346243,0.0748712659292134,0.0499820115457936,-0.0066328542651706,0.1447133902002284,0.0229014960556936,1,,
2026-04-08 04:00:00,96.37262260435652,96.37262260435652,95.80572513677266,95.95491027832033,3341100,0.0058382113053256,0.0134986197258213,0.0060363772841391,0.0057437820742214,0.0224696137070254,94.62469863891602,95.27219970703123,93.89481884002686,0,1,0.0371689184127745,-0.1789458896809406,1,61.954492260518144,30.605695934513392,0.0752447525792865,0.4885714784221563,-0.0008333669646024,0.1419430317482846,0.0066505857315681,1,,
2026-04-09 04:00:00,95.94496410164112,96.23338668977874,95.736107935308,96.04441833496094,3177900,0.0009328137182451,0.0115219029773392,0.0082295502635756,0.0069916566470651,0.0245793552623503,94.67378692626951,95.2777114868164,93.9210994720459,0,1,0.1202787625113614,-0.1191009592424802,1,62.73765777021533,29.51066563413911,0.0750604060259744,0.5888666351327688,0.0,0.1412604934896938,0.0014463204681869,1,,
2026-04-10 04:00:00,96.17370494025631,96.17370494025631,95.7162094116211,95.7162094116211,5009100,-0.0034172618152071,0.0054324720071736,0.0068750114365494,0.002727871808408,0.0225482471408384,94.7381160736084,95.27978912353517,93.94451499938964,0,1,0.1578407061682014,-0.0637126261603439,1,58.02126161798194,28.45164546490981,0.0757584313286589,0.2431372148289505,-0.0034172618152071,0.1408709950789025,-0.0004929404796176,0,,
2026-04-13 04:00:00,95.59687151695177,96.07425487715842,95.59687151695177,96.05436706542967,4602600,0.003532919407144,0.0069856922081934,0.0172058353020256,0.0052403283636763,0.0293364078704179,94.83023338317872,95.2884344482422,93.96948001861573,0,1,0.2124463642525285,-0.0084808280777694,1,61.253256771013845,27.20576145975768,0.0720344815079352,0.440439561292491,0.0,0.1400005399845672,-0.0151948106307817,0,,
2026-04-14 04:00:00,96.1538203413271,96.44224292968477,96.10408943069343,96.34278869628906,3358700,0.0030026914930678,0.0099041098925056,0.0226167298238384,0.0083619710225659,0.0388570981037907,94.91698989868163,95.30167449951172,93.99442764282226,0,1,0.2758155271592102,0.0483784429696265,1,63.81239888117456,26.660240223386158,0.0714755973373018,0.6828450316906348,0.0,0.1387305037698519,-0.0274109052227159,0,,
2026-04-15 04:00:00,96.32289478381236,96.32289478381236,96.17370963748006,96.28311157226562,4964400,-0.0006194249183668,0.0034203699737025,0.0177094879485886,0.0074279734045823,0.0320006371898751,94.98196945190428,95.31136001586914,94.0194535446167,0,1,0.3175599665268436,0.1022147476810699,1,62.8868827208514,26.153684789612598,0.0707674128079482,0.6093876773930559,-0.0006194249183668,0.1375590925456867,-0.029882856551287,0,,
2026-04-16 04:00:00,96.3527277388398,96.3527277388398,96.10408836417405,96.18365478515624,3653500,-0.0010329619128972,0.0014497089222791,0.0126351841975054,0.0060784549066874,0.030296744962617,95.0642307281494,95.32082702636718,94.04242851257324,0,1,0.3387129321135518,0.1495143845675663,1,61.29140861117377,25.506795770427686,0.0701017173028555,0.5030597460223505,-0.0016517469889155,0.1370801505950288,-0.0345530463335999,0,,
2026-04-17 04:00:00,96.45218913972236,96.7107686249832,96.37262271908604,96.55164337158205,2504600,0.0038258952339436,0.0087282390840219,0.0212951931514113,0.0099276056722883,0.0304136581899263,95.15450592041016,95.34119537353516,94.06757480621336,0,1,0.3807810068366706,0.1957677090213871,1,64.84525203036826,25.51431222955765,0.0681781122565085,0.7963592579942488,0.0,0.1359614180020273,-0.0513484055100204,0,,
2026-04-20 04:00:00,96.56158191579212,96.581477314564,96.38256885407353,96.46212768554688,2368600,-0.0009271275237715,0.0042451023579119,0.0181114309011198,0.0081661280630556,0.0326407508235164,95.28184776306152,95.36075729370116,94.0913740158081,0,1,0.4022600874991298,0.2370661847169357,1,63.32226282039804,25.52129179874976,0.068353024101524,0.6597446883214749,-0.0009271275237715,0.1361075342491707,-0.0547460292995155,0,,
2026-04-21 04:00:00,96.53174483334256,96.53174483334256,96.15381572941725,96.2234344482422,6234000,-0.0024744761807741,-0.0012388498367336,0.0245768670390302,0.0080415870571157,0.027966995702771,95.37005462646484,95.3688557434082,94.1136957168579,1,1,0.3954632105408677,0.2687455898817221,1,59.32138249110956,24.893235076575703,0.060162631941689,0.6498150061412165,-0.0033993095495715,0.1366654813553154,-0.0562012696989602,0,,
2026-04-22 04:00:00,96.32288975123706,96.45218707897648,96.28310654176887,96.382568359375,2452300,0.001653795793564,0.001032961912897,0.0203608457464032,0.0069227324731422,0.0274481896521225,95.4795711517334,95.37738220214844,94.1384701538086,1,1,0.3983257618401126,0.2946616242734002,1,61.086628744412096,24.31003954884266,0.0578128103588826,0.5650589847364331,-0.0017511355198415,0.1355191369379783,-0.0597375242088212,0,,
2026-04-23 04:00:00,96.3427906823322,96.44224491777808,95.95491385258303,96.21349334716795,2688800,-0.0017542073746844,0.000310224872182,0.0214588329061355,0.0045405835464742,0.0264883574283221,95.56480827331544,95.38351104736329,94.16310928344728,1,1,0.3825417111795275,0.3122376416546257,1,58.1970061064763,22.8906541065651,0.0570399053958116,0.3788789770976148,-0.0035022710396829,0.135808443347237,-0.0582306987083994,0,,
2026-04-24 04:00:00,95.9847493978574,96.422349551546,95.9847493978574,96.36267852783205,1556900,0.0015505640162736,-0.0019571375188588,0.0196164650822838,0.0066121627740003,0.0291371533579032,95.68717765808104,95.39282028198242,94.18731075286864,1,1,0.3777166521544757,0.3253334437545957,1,59.99520593807486,21.57265333873594,0.0564448193398707,0.5390513584440977,-0.0019571375188588,0.1349730764466312,-0.0619597000124628,0,,
2026-04-27 04:00:00,96.35272526137037,96.4422393796416,96.32288975123706,96.382568359375,2257200,0.0002064059638733,-0.0008247726655089,0.0262713079519225,0.006305852694459,0.0274481896521225,95.82488327026368,95.40469161987303,94.21184837341308,1,1,0.3712185252106224,0.334510460045801,1,60.24076653056619,20.398936551668587,0.0501221928003967,0.515377220078217,-0.0017511355198415,0.1347687552086244,-0.0742936624468596,0,,
2026-04-28 04:00:00,96.223439560301,96.303005982577,96.18365634916296,96.2731704711914,2192700,-0.0011350381095437,0.0005168805627693,0.0282469076730256,0.0052662346290954,0.0232368938570026,95.95217361450196,95.41221069335936,94.23664386749267,1,1,0.3531700925053656,0.338242386537714,1,58.12732851970848,18.9687503912843,0.0484637673225945,0.4343404550463773,-0.0028841860238352,0.1352740240005235,-0.0838692308957633,0,,
2026-04-29 04:00:00,96.37262463307437,96.37262463307437,95.78583175406688,95.97480010986328,3112300,-0.0030992057274918,-0.0042307261204256,0.0239784459675445,0.0037910648487535,0.0171517491228005,96.0170684814453,95.41553329467772,94.25952144622802,1,1,0.3112032278866934,0.3328345548075099,0,52.69711066111946,18.62993845586185,0.0508409298436152,0.3184911414682606,-0.0059744530654829,0.1348756257973241,-0.0905820667290675,0,,
2026-04-30 04:00:00,96.02452652695442,96.34278461305507,95.98474331770792,96.3030014038086,4095300,0.0034196611357315,0.0009303066911587,0.0171752411118231,0.0071207447631844,0.0217767184739416,96.0846981048584,95.42266525268556,94.28550758361816,1,1,0.3009580300199843,0.3264592498500048,0,57.41025970806445,18.315327372969584,0.0400460898350401,0.5706438156425386,-0.0025752225347065,0.1340035691461014,-0.0795232817448936,0,,
2026-05-01 04:00:00,96.38999938964844,96.62000274658205,96.37000274658205,96.4000015258789,2796500,0.0010072388259592,0.0003873179805404,0.0152668388328482,0.0075168215284946,0.0258443278794147,96.14474601745606,95.43134368896484,94.31093723297118,1,1,0.2972393459303646,0.3206152690660768,0,58.71939997570175,17.19914209229555,0.0393421724065775,0.6006250650021568,-0.0015705775728699,0.1337681235829537,-0.076884186463452,0,,
2026-05-04 04:00:00,96.33999633789062,96.36000061035156,95.91999816894533,96.0999984741211,3643700,-0.0031120648029997,-0.0029317530136809,0.0094639102370273,0.0031436991624687,0.0250670674914825,96.1803451538086,95.4326448059082,94.3342988204956,1,1,0.2670066366495121,0.3098935425827638,0,53.26597724498021,17.20576372336844,0.0408459098259499,0.2651938380410797,-0.0046777546366847,0.1338421430997742,-0.0779561224801946,0,,
2026-05-05 04:00:00,96.11000061035156,96.33999633789062,96.11000061035156,96.22000122070312,1926200,0.0012487278718775,-0.0005522748469595,0.0087221174181764,0.0053254136468239,0.026347097309203,96.22144737243651,95.43870712280274,94.35759754180908,1,1,0.2498500990582215,0.2978848538778554,0,55.06374914203524,17.211912380793272,0.0405764134601441,0.4307900605878613,-0.0034348680073997,0.1329427837906577,-0.0816457721297492,0,,
2026-05-06 04:00:00,96.4499969482422,96.62000274658205,96.26000213623048,96.54000091552734,1566000,0.0033257086963678,0.0058890542623384,0.0119713682044653,0.0105384790649152,0.0327138503987602,96.25070190429688,95.45333374023436,94.38188072204588,1,1,0.2590881139335579,0.2901255058889959,0,59.53402655516732,16.39899186109121,0.0417805094275579,0.8216255775778437,-0.0001205826814349,0.1315563531979475,-0.0909178962919506,0,,
2026-05-07 04:00:00,96.52999877929688,96.5999984741211,96.19000244140624,96.1999969482422,2647800,-0.0035218972867282,-0.0010695871786433,0.0025541858067605,0.0074982723123402,0.0292899407076472,96.25848083496092,95.45781539916992,94.40361179351808,1,1,0.2362504801756983,0.2793505007463364,0,53.44983206347792,15.816547514358977,0.0394251796424593,0.5878368512037572,-0.0036420552883447,0.1314962064312755,-0.0735987190659348,0,,
2026-05-08 04:00:00,96.31999969482422,96.52999877929688,96.31999969482422,96.5199966430664,6326100,0.0033264002596213,0.0012447626067235,0.0049516496257686,0.0073209723862905,0.0317520344186228,96.2986701965332,95.47027099609376,94.4266114807129,1,1,0.2411924751927046,0.2717188956356101,0,57.81905677808331,15.275706335250472,0.0408883485942123,0.5750402392239456,-0.00032776996238,0.1308532812044121,-0.073673905762201,0,,
2026-05-11 04:00:00,96.5,96.54000091552734,96.30999755859376,96.31999969482422,3337700,-0.0020720778615624,0.0022892947366941,0.0063081299073031,0.0037908347795376,0.0290818194245112,96.31195182800292,95.483251953125,94.4492739868164,1,1,0.2263616039053175,0.2626474372895516,0,54.38341337876299,14.740793656895464,0.0396188015121935,0.3103258873725938,-0.0023991686590598,0.1302854068513759,-0.0751438450590739,0,,
2026-05-12 04:00:00,96.13999938964844,96.27999877929688,95.9499969482422,96.18000030517578,2056300,-0.0014534820399917,-0.0004157234984396,0.0013079388640448,0.0028459765539452,0.0269489579728647,96.30381240844729,95.4943231201172,94.470763092041,1,1,0.2009943135070102,0.2503168125330433,0,52.05178073957,15.171848051934395,0.0382372615398721,0.2393461546788278,-0.0038491635504948,0.1302934260742276,-0.0693362604987788,0,,
2026-05-13 04:00:00,96.11000061035156,96.25,96.04000091552734,96.18000030517578,3258800,0.0,-0.0037290305255597,-0.0016896790441311,0.0029488187222341,0.0234583892663762,96.29865684509278,95.50974639892578,94.4924415588379,1,1,0.1788291223002716,0.236019274486489,0,52.05178073957,15.57211284732769,0.0367150346486485,0.2470386878459183,-0.0038491635504948,0.1295685099507014,-0.0660416676230767,0,,
2026-05-14 04:00:00,96.22000122070312,96.37000274658205,96.11000061035156,96.12000274658205,1494700,-0.0006238049324533,-0.0008315405841768,-0.001694054367584,0.0034555249211962,0.021032044090002,96.29547424316408,95.51724365234377,94.51372535705566,1,1,0.1546391630077295,0.2197432521907371,0,50.96573342809299,15.498283399893726,0.0367158516482478,0.285071176912396,-0.0044705673557395,0.1284734818853653,-0.0660487830515738,0,,
2026-05-15 04:00:00,95.91000366210938,96.0199966430664,95.70999908447266,95.72000122070312,3634500,-0.0041614805914385,-0.0082883904909537,-0.0048205026674101,-0.0018479741340903,0.0191934291810638,96.25389213562012,95.52504943847656,94.53381393432618,1,1,0.1020156924034836,0.1961977402332864,0,44.32555049688222,16.384371944267997,0.0392527505470108,-0.1106784283783276,-0.0086134437678944,0.1294966021805265,-0.0553220023583582,0,,
2026-05-18 04:00:00,95.83999633789062,95.94000244140624,95.63999938964844,95.7699966430664,2912900,0.0005223090443553,-0.0057101645919893,-0.008095633603122,-0.0004036524133064,0.0242648336772637,96.21928558349607,95.54315277099607,94.55396312713624,1,1,0.063612144370424,0.169680621060714,0,45.28508538151919,17.354599712023983,0.0365283976568481,-0.0034421789369379,-0.008095633603122,0.1296554436846277,-0.0463806159869967,0,,
2026-05-19 04:00:00,95.62000274658205,95.6500015258789,95.38999938964844,95.54000091552734,2057100,-0.0024015426083416,-0.0066541836932599,-0.0095594695259629,-0.0042357250824532,0.0214877876167409,96.18511390686037,95.54636947631836,94.57296714782714,1,1,0.0144517322403174,0.1386348432966347,0,41.72262025050616,18.75170268399416,0.037156061349432,-0.2876379653257799,-0.0104777342024243,0.1302113903734596,-0.043319746465446,0,,
2026-05-20 04:00:00,95.6999969482422,96.16000366210938,95.58999633789062,96.12000274658205,3132700,0.0060707748115631,-0.0006238049324533,-0.0010749117639923,0.0016039316717955,0.0295000747693794,96.1719856262207,95.56356018066408,94.59315727233889,1,1,0.0220390000602321,0.1153156746493542,0,51.98146809947617,18.29922192989441,0.0426835683795561,0.1429548845953805,-0.0044705673557395,0.1296728536210213,-0.0511660125508505,0,,
2026-05-21 04:00:00,96.02999877929688,96.30999755859376,95.9000015258789,96.1999969482422,2138400,0.0008322326193754,0.0008322326193754,-0.0018942368339061,0.0017186902680852,0.0308911891283396,96.17131080627442,95.58630706787108,94.614080619812,1,1,0.0341135878001779,0.0990752572795189,0,53.204990538322114,17.448418690262653,0.0423645886832461,0.1512152511609971,-0.0036420552883447,0.1295239131070768,-0.0442389463684771,0,,
2026-05-22 04:00:00,96.33999633789062,96.45999908447266,96.16000366210938,96.25,1339000,0.0005197822592937,0.005536970043229,0.0003794338149671,0.0034729508023294,0.0305720718667439,96.1656768798828,95.6227145385742,94.63463512420654,1,1,0.0471738234882082,0.0886949705212568,0,53.99410362007833,16.243435335621268,0.0419674410441657,0.2777318064949695,-0.0031241661047772,0.1290837376067873,-0.0495161094163769,0,0.44399,
