Date,open,high,low,close,volume,ret_1d,ret_5d,ret_21d,ret_63d,ret_126d,ret_252d,sma20,sma50,sma200,trend_sma,above_sma200,macd,macd_signal,macd_bullish,rsi,adx,vol_21,sharpe_63,drawdown,calmar_63,rs_ratio,rs_mom_21,rs_mom_63,rs_mom_126d,rs_positive,score,score_pct
2024-10-01,247.1300048828125,249.42999267578125,245.73196411132807,248.9499969482422,10399.0,,,,,,,,,,0,0,0.0,0.0,0,,0.0,,,0.0,,,,,,0,,
2024-10-02,247.57000732421875,248.6199951171875,247.0,247.2749938964844,6884.0,-0.0067282710274787,,,,,,,,,0,0,-0.1336184770633224,-0.0267236954126644,0,0.0,0.0,,,-0.0067282710274787,,0.4447164968398905,,,,0,,
2024-10-03,247.9600067138672,247.9600067138672,246.77999877929688,247.6750030517578,5022.0,0.0016176692554721,,,,,,,,,0,0,-0.2048730381359575,-0.0623535639573231,0,1.803870459875057,7.142857142857142,,,-0.0051214858891902,,0.4462517460630965,,,,0,,
2024-10-04,248.5399932861328,249.08999633789065,245.9900054931641,248.28500366210932,4959.0,0.0024629074506321,,,,,,,,,0,0,-0.2097035083712342,-0.0918235528401053,0,4.629179045357887,11.588269702148526,,,-0.0026711921843127,,0.4433222049645442,,,,0,,
2024-10-07,245.1199951171875,248.2100067138672,245.1199951171875,247.1450042724609,9895.0,-0.0045914951480511,,,,,,,,,0,0,-0.3020384035033601,-0.1338665229727562,0,4.375790447924132,10.795858642930671,,,-0.0072504225664101,,0.4453125335079439,,,,0,,
2024-10-08,245.83999633789065,247.6699981689453,243.88999938964844,243.7400054931641,7616.0,-0.0137773320133269,-0.0209278631008028,,,,,,,,0,0,-0.6425623589666998,-0.2356056901715449,0,3.720695508994666,12.801992256505962,,,-0.0209278631008028,,0.4350626610266859,,,,0,,
2024-10-09,244.0599975585937,244.8800048828125,243.6000061035156,244.08999633789065,4846.0,0.0014359187529286,-0.0128803867645713,,,,,,,,0,0,-0.8741124862151537,-0.3633070493802667,0,5.2902159686431816,15.054295839296612,,,-0.0195219950589593,,0.4326904059564398,,,,0,,
2024-10-10,244.0200042724609,245.6000061035156,244.0200042724609,244.8800048828125,4175.0,0.0032365461787637,-0.0112849425033063,,,,,,,,0,0,-0.982544383054659,-0.4871545161151452,0,8.900247716421276,15.160137726683248,,,-0.0163486327187055,,0.4348517958370301,,,,0,,
2024-10-11,246.4600067138672,248.3099975585937,246.3999938964844,248.33999633789065,8133.0,0.0141293343110391,0.0002214901221184,,,,,,,,0,0,-0.7802903470331444,-0.5457816822987451,0,22.782497290015755,16.545472844587874,,,-0.0024502937048774,,0.438370885588803,,,,0,,
2024-10-14,248.7700042724609,248.8800048828125,247.0599975585937,247.33999633789065,9976.0,-0.0040267375966269,0.0007889783813503,,,,,,,,0,0,-0.6927090897851542,-0.575167163796027,0,21.75085612189756,18.25414561194208,,,-0.0064671646117202,,0.4330639110459754,,,,0,,
2024-10-15,247.32000732421875,248.7100067138672,247.16000366210932,248.7400054931641,14675.0,0.0056602618905228,0.0205136616366419,,,,,,,,0,0,-0.5045155329475506,-0.5610368376263317,1,26.75166927569927,19.84077032448527,,,-0.0008435085665887,,0.4389255621471805,,,,0,,
2024-10-16,249.97000122070312,250.8500061035156,249.19000244140625,249.8249969482422,14269.0,0.004361949952228,0.0234954348658051,,,,,,,,0,0,-0.2647689488896674,-0.5017832598789989,1,30.460789535714625,22.514499450490952,,,0.0,,0.438932341626487,,,,0,,
2024-10-17,250.4600067138672,251.8600006103516,248.0399932861328,251.5449981689453,16852.0,0.0068848243438965,0.0272173846505856,,,,,,,,0,0,0.0632920784355803,-0.388768192216083,1,35.99404457316781,23.419682242869023,,,0.0,,0.4419163073487852,,,,0,,
2024-10-18,252.77999877929688,254.0,252.4199981689453,253.80499267578125,11415.0,0.0089844541663994,0.0220061062192129,,,,,,,,0,0,0.4998831336837668,-0.2110379270361131,1,42.47140430664263,25.276925571602916,,,0.0,,0.4441782228453168,,,,0,,
2024-10-21,254.94000244140625,255.8000030517578,253.94000244140625,254.3800048828125,8793.0,0.0022655669652873,0.0284628796359505,,,,,,,,0,0,0.8821148985139189,0.0075926380738932,1,44.023566917414655,27.600963347347896,,,0.0,,0.4459167718575356,,,,0,,
2024-10-22,255.3600006103516,257.07147216796875,254.97000122070312,256.0249938964844,13591.0,0.0064666600444074,0.0292875622836652,,,,,,,,0,0,1.3027558333203046,0.2666252771231756,1,48.31943848850467,30.09671659025116,,,0.0,,0.4490389001296039,,,,0,,
2024-10-23,256.8500061035156,257.44000244140625,252.9499969482422,253.72000122070312,24977.0,-0.0090029986553312,0.0155909309318149,,,,,,,,0,0,1.4335975393505294,0.5000197295686464,1,43.30445117758889,30.54614505939421,,,-0.0090029986553312,,0.4490997906263707,,,,0,,
2024-10-24,255.3300018310547,256.1600036621094,254.3600006103516,255.1000061035156,26524.0,0.0054390859064046,0.0141326918064283,,,,,,,,0,0,1.6298574131957082,0.7259872662940587,1,46.86044984865367,30.96347149502703,,,-0.0036128808320283,,0.4505681045799264,,,,0,,
2024-10-25,255.1000061035156,256.0299987792969,253.8000030517578,255.8099975585937,10193.0,0.002783188702826,0.0078997850344644,,,,,,,,0,0,1.821685892958783,0.9451269916270036,1,48.6450944531633,30.8718047573177,,,-0.0008397474583188,,0.4519781365136074,,,,0,,
2024-10-28,255.7899932861328,256.3699951171875,254.8699951171875,256.3699951171875,20313.0,0.0021891152180848,0.007822903515124,,,,,250.15199966430663,,,0,0,1.995891078154329,1.155279808932469,1,50.06944841709752,30.943190387167736,,,0.0,,0.4515715578570797,,,,0,,
2024-10-29,257.010009765625,258.9802551269531,256.5199890136719,258.3500061035156,15948.0,0.0077232555448738,0.0090811923150413,,,,,250.62200012207032,,,0,0,2.2675810189900574,1.3777400509439863,1,54.83888222676149,32.00631964635162,,,0.0,,0.454323970876427,,,,0,,
2024-10-30,259.8299865722656,260.239990234375,258.8999938964844,260.1199951171875,14347.0,0.0068511282053644,0.0252246329248486,0.0448684406743238,,,,251.26425018310547,,,0,0,2.5957978339093586,1.6213516075370609,1,58.64206311898011,33.36583549900664,0.1038180641038452,,0.0,,0.4588246427394478,,,,0,,
2024-10-31,259.9100036621094,259.9100036621094,255.1000061035156,256.1099853515625,14948.0,-0.0154159996959035,0.00395915023082,0.0357294173416364,,,,251.6859992980957,,,0,0,2.503479199520939,1.7977771259338369,1,48.6467639302474,32.059073454777334,0.1167024127015985,,-0.0154159996959035,,0.4607841522367782,0.0361301087570684,,,0,,
2024-11-01,256.70001220703125,257.7099914550781,256.0599975585937,256.2099914550781,8008.0,0.0003904810793626,0.001563636684656,0.034460435240357,,,,252.0822486877441,,,0,0,2.4105978024939816,1.920341261245866,1,48.88077509435841,30.8456515565644,0.1167905719103142,,-0.0150315382727416,,0.4590268454100754,0.0286275615942859,,,0,,
2024-11-04,255.4600067138672,256.5799865722656,255.1000061035156,255.6499938964844,7611.0,-0.0021856975811651,-0.0028084457402044,0.0296634517822029,,,,252.5074981689453,,,0,0,2.26568410724326,1.9894098304453447,1,47.57346722338186,29.18282004867231,0.1174862080966873,,-0.0171843814570629,,0.4590121096749512,0.0353916508911658,,,0,,
2024-11-05,255.4600067138672,260.2391052246094,255.1199951171875,255.6699981689453,9593.0,7.824867177186334e-05,-0.0103735547561647,0.0344938952805462,,,,253.1039978027344,,,0,0,2.1279237568329563,2.017112615722867,1,47.62735194408151,29.033093743623425,0.1155741009213192,,-0.0171074774403151,,0.4535637188199777,0.0185289761485831,,,0,,
2024-11-06,254.57000732421875,255.1199951171875,247.75,249.3699951171875,17136.0,-0.0246411510809915,-0.0413270805850852,0.023098340433004,,,,253.3679977416992,,,0,0,1.493177668971441,1.9123256263725816,0,35.31635853541479,27.87640863159449,0.1378217213999016,,-0.0413270805850852,,0.4316541305244937,-0.0078345737465691,,,0,,
2024-11-07,248.6000061035156,252.1199951171875,248.41000366210932,251.35499572753903,17667.0,0.0079600619529975,-0.0185662016164511,0.0297636097285671,,,,253.69174728393557,,,0,0,1.1372008377807106,1.7573006686542076,0,40.5321858772402,26.802343884710474,0.1398458272323872,,-0.0336959847538814,,0.4317516680550962,-0.0021695371295986,,,0,,
2024-11-08,250.97000122070312,252.1199951171875,250.4499969482422,250.94000244140625,8296.0,-0.0016510246193102,-0.0205690222451604,0.0247468043031677,,,,253.8217475891113,,,0,0,0.8122371798311576,1.5682879708895978,0,39.80944931631181,25.804998048318176,0.140077138953764,,-0.0352913764727911,,0.4291797703699845,-0.0130435829433055,,,0,,
2024-11-11,249.27999877929688,249.72999572753903,244.0,244.3300018310547,13110.0,-0.0263409601739164,-0.0442792581094811,-0.0161471956429442,,,,253.67124786376957,,,0,0,0.0210862631778638,1.2588476293472513,0,30.485195351476094,26.47032764189504,0.1615298081552034,,-0.060702727904555,,0.4174769697435518,-0.0476626448793179,,,0,,
2024-11-12,242.6999969482422,259.68829345703125,241.97000122070312,242.6649932861328,21224.0,-0.0068145890084885,-0.0508663706181859,-0.0189011204050125,,,,253.367497253418,,,0,0,-0.7318228148567982,0.8607135405064414,0,28.66396910148451,24.949622489662183,0.1625333805718513,,-0.0671036527706798,,0.4159239906961115,-0.0395782698873845,,,0,,
2024-11-13,243.27999877929688,244.19000244140625,242.3600006103516,242.3650054931641,15213.0,-0.0012362219573014,-0.0280907477290182,-0.025629170455957,,,,252.99449768066407,,,0,0,-1.3372996336694314,0.4211109056712668,0,28.33551265278419,23.537539134017397,0.160795061552463,,-0.068256919719011,,0.4152080981984091,-0.0540352761246074,,,0,,
2024-11-14,238.72999572753903,240.63999938964844,226.41000366210932,240.63999938964844,40671.0,-0.0071173893277439,-0.0426289372402421,-0.0367657266918596,,,,252.4492477416992,,,0,0,-1.9340435012969124,-0.049919975722369,0,26.45805109501489,24.164683378394717,0.1607214471028815,,-0.0748884979748022,,0.4149209148402227,-0.054704163965883,,,0,,
2024-11-15,239.47999572753903,240.4900054931641,239.1699981689453,239.6300048828125,22767.0,-0.0041971181407814,-0.0450705246216557,-0.0473672439240089,,,,251.7404983520508,,,0,0,-2.460106851108236,-0.5319573507995424,0,25.39700197222196,24.747031605316508,0.1577925253917627,,-0.0787713002421978,,0.4185404305187458,-0.0528966151312215,,,0,,
2024-11-18,241.07000732421875,244.0,241.07000732421875,243.8699951171875,10514.0,0.0176939037181445,-0.0018827270921287,-0.0391442164074566,,,,251.21499786376955,,,0,0,-2.505996501339496,-0.9267651809075332,0,36.84692728485023,24.499545235196205,0.1681569843231627,,-0.0624711683262917,,0.4242078708450372,-0.0449602231112401,,,0,,
2024-11-19,244.4600067138672,246.4199981689453,242.11561584472656,245.03500366210932,33672.0,0.004777170493492,0.0097665936230941,-0.0367363827397054,,,,250.6654983520508,,,0,0,-2.420456411739565,-1.2255034270739396,0,39.59040378146942,23.764567212018974,0.1691528583707887,,-0.0579924332548221,,0.4246819925746697,-0.0476204992120145,,,0,,
2024-11-20,244.6999969482422,247.38999938964844,244.6999969482422,247.40499877929688,11408.0,0.0096720675893948,0.020795053625326,-0.0336685687830646,,,,250.3497482299805,,,0,0,-2.1367948346222363,-1.407761708583599,0,44.84008983352154,22.88178403487262,0.1714577975024726,,-0.0488812723995414,,0.4286442203592399,-0.045418514441572,,,0,,
2024-11-21,248.72000122070312,249.5399932861328,248.52999877929688,249.1150054931641,15368.0,0.0069117710729549,0.0352186092296018,-0.0181499121290532,,,,250.05049819946288,,,0,0,-1.7537911279725336,-1.476967592461386,0,48.32914694456044,21.621495532873656,0.1716320349494395,,-0.0423073574911667,,0.4293023077982184,-0.0440825919792575,,,0,,
2024-11-22,251.82000732421875,252.88999938964844,251.1000061035156,252.34500122070312,10593.0,0.0129658818469995,0.0530609526303214,-0.0107997052798757,,,,249.87724838256835,,,0,0,-1.1760672983097038,-1.4167875336310496,1,54.21965080306919,20.34195214333992,0.176985237314603,,-0.0298900278426563,,0.4335249184366085,-0.037825993384968,,,0,,
2024-11-25,249.1100006103516,250.77999877929688,245.2100067138672,245.75,12658.0,-0.026134859770553,0.007709045476911,-0.0393260531433665,,,,249.34624862670896,,,0,0,-1.2361291553728506,-1.3806558579794097,1,43.352442336010725,19.651090511166032,0.197477440638297,,-0.0552437159270037,,0.4207675473866255,-0.0690533160911918,,,0,,
2024-11-26,243.9900054931641,251.6708831787109,243.9199981689453,245.3999938964844,8097.0,-0.0014242364334307,0.0014895432445167,-0.0427897235621846,,,,248.69874801635743,,,0,0,-1.297019938761224,-1.3639286741357726,1,42.86145128669808,19.21161635580752,0.1969458054373146,,-0.0565892722474931,,0.4179858088107714,-0.0743752534054371,,,0,,
2024-11-27,247.0500030517578,248.02999877929688,246.2400054931641,246.509994506836,57605.0,0.0045232299835336,-0.0036175674577186,-0.0458293451401569,,,,248.01824798583985,,,0,0,-1.2413984817438577,-1.3394226356573895,1,44.9892939302619,18.80353321154604,0.195258605910087,,-0.0523220085569355,,0.4211525569397287,-0.0730126871199596,,,0,,
2024-11-28,246.19000244140625,247.27999877929688,246.19000244140625,246.6199951171875,12376.0,0.0004462318478064,-0.0100154961401754,-0.0518991244556884,,,,247.5437484741211,,,0,0,-1.1748984484202651,-1.3065177982099647,1,45.20706062647404,18.43338138775463,0.1927795599718489,,-0.0518991244556884,,0.4213404886234204,-0.0816960350957293,,,0,,
2024-11-29,248.3999938964844,248.6300048828125,247.75,248.44500732421875,4753.0,0.007400098301697,-0.0154550075397507,-0.0299284622457106,,,,247.1554992675781,,,0,0,-0.9638231072391932,-1.2379788600158106,1,48.82652662222126,17.767568113536775,0.1896412176868534,,-0.0448830847767355,,0.4218378866626817,-0.0845217123571637,,,0,,
2024-12-02,245.47000122070312,247.4600067138672,245.3500061035156,246.7449951171875,17641.0,-0.0068426096597414,0.0040488102428788,-0.0369423389155771,,,,246.7102493286133,,,0,0,-0.9230804592139066,-1.1749991798554298,1,45.79206872912792,17.60776274754731,0.1904452030908118,,-0.0514185770070246,,0.4182018624381141,-0.0889381163219112,,,0,,
2024-12-03,246.7899932861328,257.167236328125,246.3800048828125,246.83999633789065,6578.0,0.0003850178223798,0.0058679807547741,-0.0344611686639078,,,,246.26874923706052,,,0,0,-0.8730617007424257,-1.114611684032829,1,45.994058165864494,17.18198790945459,0.1905744584450271,,-0.0510533562531939,,0.4181689938852931,-0.0889804755229248,,,0,,
2024-12-04,246.6100006103516,248.02999877929688,245.92999267578125,247.81500244140625,10804.0,0.0039499518634773,0.0052939351898533,-0.0307231813814482,,,,246.19099960327148,,,0,0,-0.7461455290015238,-1.040918453026568,1,48.13026209723227,16.694055484593605,0.1914737161190637,,-0.0473050626893857,,0.417229942021268,-0.0801073262500761,,,0,,
2024-12-05,247.41000366210932,247.7100067138672,245.9600067138672,246.26499938964844,16345.0,-0.0062546780319496,-0.0014394442241812,-0.0124513605820135,,,,245.9364997863769,,,0,0,-0.7618536660512518,-0.9851054956315048,1,45.07764529880976,16.240975375794118,0.1730818975019878,,-0.053263862784932,,0.4153036896182666,-0.0378785693220635,,,0,,
2024-12-06,246.3500061035156,246.58999633789065,245.0,246.3500061035156,4779.0,0.0003451839038346,-0.0084324545027753,-0.0199120356034168,,,,245.7069999694824,,,0,0,-0.7586973556130658,-0.9398238676278172,1,45.2826126898936,15.600207596701148,0.1703589381155662,,-0.0529370647091868,,0.4146609866247587,-0.0395845174318041,,,0,,
2024-12-09,247.5,249.7899932861328,247.07000732421875,249.1000061035156,9651.0,0.0111629792241387,0.0095443110617485,-0.0073324153980602,,,,245.94550018310548,249.20109924316407,,0,0,-0.5282051197357305,-0.8575001180493999,1,51.57825711557475,15.608529158058207,0.1753587766396359,,-0.0423650208385835,,0.4214602413047619,-0.0179867030045888,,,0,,
2024-12-10,248.759994506836,258.983154296875,248.509994506836,250.91000366210932,10125.0,0.0072661481904645,0.0164884434637868,0.0269307976169232,,,,246.3577507019043,249.2402993774414,,0,0,-0.1972133334512875,-0.7254427611297775,1,55.22946920843079,16.939824827183653,0.1491408651984707,,-0.0354067031676244,,0.4258465764589605,0.0200480680899597,,,0,,
2024-12-11,250.91000366210932,253.5,250.8699951171875,253.4949951171875,17967.0,0.0103024646978973,0.0229202938475212,0.044629436180293,,,,246.91425018310548,249.36469940185543,,0,0,0.2705683055920644,-0.5262405477854091,1,59.88211968792065,18.176027948514424,0.1491812293759571,,-0.0254690147791805,,0.4269334971470347,0.02646999619449,,,0,,
2024-12-12,253.5200042724609,253.77999877929688,249.8099975585937,250.0449981689453,12801.0,-0.0136097241156469,0.0153493139043929,0.0316877127543804,,,,247.3845001220703,249.4120993041992,,0,0,0.3587670604745767,-0.3492390261334119,1,52.10012028120043,19.05006756873077,0.1585556887231297,,-0.0387321126301853,,0.4233040738474815,0.0194985976530828,,,0,,
2024-12-13,250.2700042724609,250.5800018310547,247.91000366210932,248.3000030517578,16543.0,-0.0069787243494807,0.0079155546983133,0.031831797213838,,,,247.8180000305176,249.4123992919922,,0,0,0.2845782458579435,-0.2224755717351408,1,48.655908832795646,19.37495968920846,0.1584610515865311,,-0.045440536242147,,0.4204334038164215,0.0132856377662271,,,0,,
2024-12-16,247.72999572753903,248.5,247.69000244140625,247.34500122070312,19177.0,-0.0038461611732466,-0.0070453827370969,0.032195452074808,,,,247.99175033569333,249.41639923095704,,0,0,0.1470275670187959,-0.1485749439843534,1,46.8312506964403,19.619496476982626,0.1583055106347203,,-0.0491119257892076,,0.4170356870334076,-0.0035952165564345,,,0,,
2024-12-17,247.66000366210932,248.0599975585937,245.8800048828125,246.2700042724609,14690.0,-0.0043461438191063,-0.0184926839182424,0.0098413466327422,,,,248.05350036621093,249.46699920654297,,0,0,-0.0481703289915458,-0.1284940209857919,1,44.79485682099841,19.37078901186142,0.1480796657028535,,-0.0532446221156008,,0.4169410011553771,-0.0171304452111749,,,0,,
2024-12-18,246.8099975585937,247.259994506836,246.1100006103516,246.2100067138672,5179.0,-0.0002436251169564,-0.028738194219387,0.0047952457167226,,,,247.99375076293944,249.5093994140625,,0,0,-0.2053403339131705,-0.1438632835712676,0,44.67808672877823,19.13984636567744,0.1472750954925015,,-0.0534752755052669,,0.4296443208711527,0.0116848097711852,,,0,,
2024-12-19,244.1199951171875,244.8000030517578,241.67999267578125,241.9600067138672,14389.0,-0.0172616867069059,-0.0323341459108709,-0.022008415724401,,,,247.6360008239746,249.4509994506836,,0,0,-0.6651705049040686,-0.2481247278378278,0,37.2671986617444,17.81855884845702,0.1549611895372034,,-0.0698138887598356,,0.4223575807863109,-0.0146663346298248,,,0,,
2024-12-20,243.32000732421875,245.5599975585937,242.72000122070312,244.7949981689453,23267.0,0.0117167770557664,-0.014116008214796,-0.0173414175339081,,,,247.2585006713867,249.38009948730468,,0,0,-0.7917028532251322,-0.3568403529152887,0,43.94642981332538,16.762387213479247,0.158901440413558,,-0.0589151054740643,,0.4222348302568547,-0.0164627056807845,,,0,,
2024-12-23,245.3300018310547,245.47999572753903,243.33999633789065,243.78500366210932,12660.0,-0.0041258788553306,-0.0143928421477061,-0.0339218035514289,,,,247.16025085449215,249.30899963378903,,0,0,-0.9623849915920744,-0.4779492806506459,0,42.22170618834075,15.781656409571315,0.1511048175985622,,-0.0627979077414599,,0.4179897200344004,-0.035834614670436,,,0,,
2024-12-24,244.0,253.24595642089844,243.9499969482422,243.9949951171875,5412.0,0.0008613797072161,-0.0092378654152149,-0.0071414237347405,,,,247.09000091552736,249.21409942626957,,0,0,-1.0683915082369424,-0.5960377261679053,0,42.72500771438681,16.407607909534637,0.1220084906540223,,-0.0619906208776279,,0.4137509399045838,-0.0166757334913816,,,0,,
2024-12-27,245.7899932861328,245.7899932861328,243.9900054931641,244.42999267578125,7856.0,0.0017828134482218,-0.0072296575669021,-0.0039527353090005,,,,246.98600082397465,249.10619934082035,,0,0,-1.104568985170772,-0.6977439779684786,0,43.81679966539407,16.98884858807201,0.1221461835846989,,-0.0603183251419703,,0.4188702094047202,0.0021158627286057,,,0,,
2024-12-30,244.2899932861328,244.5,242.3800048828125,242.3000030517578,7021.0,-0.0087141091021866,0.0014051757664756,-0.0170783803857551,,,,246.77000122070316,248.92129943847652,,0,0,-1.2902391837142773,-0.8162430191176384,0,39.81465186478109,17.078068122955273,0.1243385263807052,,-0.0685068137780087,,0.4200131415345706,-0.0027054695178335,,,0,,
2024-12-31,244.1199951171875,244.1499938964844,243.5,243.57000732421875,8299.0,0.0052414538029934,-0.0050041498146997,-0.0123671553538043,-0.0216107237998559,,,246.52625122070316,248.7165997314453,,0,0,-1.3196928254114368,-0.916932980376398,0,43.14894207690765,17.160914833918305,0.1260375618451598,-0.523440435230591,-0.063624435274623,,0.4237561864681786,0.0057333627077964,,,0,,
2025-01-02,244.02999877929688,248.4199981689453,244.02999877929688,247.94000244140625,12039.0,0.0179414336157184,0.0170437012813791,-0.0020326626332782,0.002689348140072,,,246.58600158691405,248.5877996826172,,0,0,-0.9791262068468428,-0.929371625670487,0,52.83214809498397,18.02493703283754,0.1390469647186497,0.1458323825328458,-0.0468245152407218,,0.4324215602691323,0.0250894335029556,-0.0276466842541814,,0,,
2025-01-03,247.7700042724609,248.02999877929688,246.44000244140625,246.47999572753903,11913.0,-0.005888548437085,0.0101846376363499,-0.0010739808097125,-0.004824900815562,,,246.5680015563965,248.3968997192383,,0,0,-0.817610147176282,-0.907019329971646,1,49.78140024444224,18.8272433604054,0.1384988094650896,-0.0535662829182464,-0.0524373352517689,,0.4245666208421505,0.0152193449520523,-0.0485939280064572,,0,,
2025-01-06,245.1699981689453,246.9199981689453,244.0,246.22000122070312,10102.0,-0.0010548300525098,0.0073231951829093,-0.0025117287570318,-0.0083170647076876,,,246.4882514953613,248.2468997192383,,0,0,-0.7024890337668808,-0.8661132707306931,1,49.23616208825049,18.81522426911107,0.1385362268138302,-0.1468852352403306,-0.0534368528271816,,0.4216896253987899,0.0084191596339697,-0.0487965171234415,,0,,
2025-01-07,246.4199981689453,258.46905517578125,246.38999938964844,247.3500061035156,5723.0,0.00458941140935,0.020841943822341,-0.0018763849375931,0.0008294799713155,,,246.5425018310547,248.09189971923828,,0,0,-0.5141460165548892,-0.7957198198955324,1,51.71165823851196,20.516609270292165,0.138788290712271,0.0965975901261166,-0.0490926851198765,,0.4284683822674264,0.0269358430790318,-0.0378254595886351,,0,,
2025-01-08,247.6000061035156,248.8300018310547,247.0,248.8300018310547,7510.0,0.005983406876973,0.0215954113752367,0.0104156191410205,0.0208828925214468,,,246.66650161743163,247.9522998046875,,0,0,-0.2426622724790945,-0.6851083104122448,1,54.81926409962991,22.09646677138889,0.1383721722415335,0.6298669941463834,-0.0434030197526588,,0.4304032445116029,0.0363578635846346,-0.0107097596104602,,0,,
2025-01-09,248.4900054931641,249.9199981689453,248.3099975585937,249.03500366210932,10218.0,0.0008238629970105,0.0044163959422476,0.0108991170776164,0.0202589512000048,,,246.6632514953613,247.80559997558595,,0,0,-0.0108425289454885,-0.5502551541188936,1,55.24886938316912,23.691545072565287,0.138374064427776,0.6134470052469989,-0.042614914897581,,0.4307578378185493,0.0388193047164024,-0.0044663993268321,,0,,
2025-01-10,249.7700042724609,251.8500061035156,248.6300048828125,250.875,13010.0,0.0073885048721389,0.0178310789867071,0.0071256276715898,0.0244813582066711,,,246.6615013122559,247.65609985351563,,0,0,0.3176865224746166,-0.3766668188001915,1,59.01571307129392,25.39595731148492,0.135311153087515,0.7224915312351328,-0.0355412705317886,,0.4406684189755822,0.045575301744609,0.0133761046734459,,1,,
2025-01-13,250.6199951171875,250.9499969482422,248.3699951171875,248.8999938964844,8227.0,-0.00787247076638,0.010884544969923,-0.0080108793443395,0.0022549632232087,,,246.4317512512207,247.4316998291016,,0,0,0.4139103747600643,-0.2185513800881403,1,53.78269412635902,26.893315447156542,0.1357551681010804,0.1340604403255781,-0.0431339436849071,,0.4365224086664414,0.0250696678044319,-0.0042166963708798,,0,,
2025-01-14,249.19000244140625,262.98028564453125,248.4199981689453,249.3000030517578,7138.0,0.0016071079352446,0.0078835532651093,-0.0165486188928124,0.0079243419701098,,,246.3945014953613,247.29550018310547,,0,0,0.5164920677148359,-0.0715426905275451,1,54.65960631674915,29.384913037907207,0.1303955128170263,0.2873152590828637,-0.0415961566528368,,0.4366231792808413,0.0226959987880022,0.0082188059177437,,1,,
2025-01-15,250.5200042724609,251.38999938964844,249.8699951171875,250.35499572753903,8894.0,0.0042318197467579,0.0061286576588934,0.0012397670853798,0.0064926839218042,,,246.4972511291504,247.1784002685547,,0,0,0.6751353503745747,0.0777929176528788,1,56.978096695875465,31.69853937217568,0.122664146493034,0.2488252809750175,-0.0375403643431917,,0.4306376000211653,0.0173244875888582,-0.0188823865383261,,0,,
2025-01-16,251.8600006103516,253.8500061035156,251.8500061035156,253.8500061035156,10888.0,0.0139602182325939,0.0193346411974246,0.0223520055720696,0.0161113147380815,,,246.822501373291,247.1424005126953,,0,0,1.070538916919503,0.2763421175062037,1,63.61578337340509,34.021127470002845,0.1287603744174124,0.5019040922141166,-0.0241042177893597,,0.4374907564860277,0.0405708787997591,-0.0032842992045594,,0,,
2025-01-17,253.0399932861328,253.47000122070312,252.2400054931641,253.4199981689453,14754.0,-0.0016939449447754,0.0101444869713813,0.0245608236198859,0.0074539347379138,,,247.18000106811525,247.0974005126953,,1,0,1.3338255350511474,0.4878388010151924,1,62.34135322454047,36.17781641798521,0.1279351368199238,0.2732153807092954,-0.0257573315162632,,0.4324082886756279,0.0368615975087736,-0.0215154284081509,,0,,
2025-01-20,252.38999938964844,253.0200042724609,252.1499938964844,252.52999877929688,10623.0,-0.0035119540528727,0.0145841903247381,0.0254192325424666,-0.0050235177923119,,,247.49600067138672,247.1606005859375,,1,0,1.4539068311646588,0.6810524070450857,1,59.676622579982656,38.14878021003442,0.1275124868981922,-0.0630130771648428,-0.0291788270043262,,0.4308896906337178,0.0334548279964976,-0.0299171177877098,,0,,
2025-01-21,254.4499969482422,256.1600036621094,253.5500030517578,255.77999877929688,11343.0,0.0128697581107597,0.0259927623273783,0.0388692246637702,0.0055035532259279,,,248.1870002746582,247.24910064697264,,1,0,1.7906781391605762,0.902977553468184,1,65.47937540565223,40.21731361563825,0.1335555225195617,0.2204955131656013,-0.016684593339068,,0.4324765054300797,0.0065919283028914,-0.0301407510900931,,0,,
2025-01-22,256.54998779296875,257.82000732421875,256.54998779296875,257.4599914550781,7343.0,0.0065681158956876,0.0283796842435348,0.0640601103947753,0.0056049119922017,,,248.82024993896485,247.3795004272461,,1,0,2.1681402248133,1.156010087737207,1,68.03970928372814,42.255158131550495,0.1147776616217793,0.2231731693980176,-0.0102260637861038,,0.4328835777555247,0.024922003174697,-0.0359775564420284,,0,,
2025-01-23,256.9200134277344,257.0199890136719,255.3800048828125,256.67498779296875,8156.0,-0.003049031648268,0.0111285468644077,0.048530360966871,0.0116466441669893,,,249.46474914550785,247.6264001464844,,1,0,2.3765431026371857,1.400116690717203,1,65.59168499030949,43.70820002638643,0.1119889425776837,0.3843948552482426,-0.0132439158422509,,0.4292209857370083,0.0165456636438632,-0.0442636699109498,,0,,
2025-01-24,258.6700134277344,259.8999938964844,258.5199890136719,258.9849853515625,51523.0,0.0089996987180416,0.0219595423519307,0.0623499454893485,0.0152292401218934,,,250.21424865722656,247.95279998779296,,1,0,2.6970119078555683,1.6594957341448755,1,69.11335407582321,45.29280320220773,0.1117547910371729,0.4777501181351047,-0.0043634083766366,,0.4343518788550916,0.0391448833223566,-0.0359906206409207,,0,,
2025-01-27,256.6499938964844,258.5799865722656,255.5,255.759994506836,19992.0,-0.0124524239903279,0.0127905426806815,0.048218199656095,-0.0001954694978107,,,250.7807487487793,248.2206997680664,,1,0,2.6600920507366936,1.8596149974632392,1,59.89639844011087,45.692077933799965,0.123704553515801,0.0699264487525368,-0.0167614973558156,,0.4350977195737667,0.0515933079792052,-0.0373478617130688,,0,,
2025-01-28,255.66000366210932,272.38720703125,255.2899932861328,257.17999267578125,15477.0,0.0055520730350473,0.0054734299130729,0.0521621747823393,0.0031594865780744,,,251.52474822998047,248.55149963378904,,1,0,2.714128004639349,2.030517598898461,1,62.28158804757837,47.14409390387283,0.1242041288396415,0.1581640554348648,-0.0113024853782645,,0.4337861645294801,0.0356099688873976,-0.0393855481332786,,0,,
2025-01-29,257.4100036621094,258.0899963378906,256.5,256.8099975585937,15756.0,-0.0014386621343985,-0.0025246404026151,0.0598844173507351,-0.0059609386821724,,,252.1867477416992,248.8950994873047,,1,0,2.696018352284426,2.1636177495756543,1,61.259227830319205,48.49239444751191,0.1183824398535254,-0.0830729237888336,-0.0127248870549248,,0.435112694505868,0.0359501917395472,-0.0422854121773476,,0,,
2025-01-30,258.3999938964844,260.9800109863281,258.3999938964844,260.4349975585937,24053.0,0.014115494079131,0.0146489137798566,0.0692408331372498,0.0012109889563247,,,252.8114974975586,249.2263995361328,,1,0,2.940279811524505,2.3189501619654247,1,66.97846630702504,49.91333253582313,0.1245207231927751,0.1073953255618148,0.0,,0.4388989239950169,0.0357345521089529,-0.043427743168856,,0,,
2025-01-31,260.8099975585937,262.489990234375,260.4599914550781,261.8399963378906,17472.0,0.0053948155680605,0.0110238475116715,0.0560619253029541,0.0223732431926171,,,253.57949752807616,249.56249938964845,,1,0,3.2102249621377155,2.497205121999883,1,68.8951508976493,51.31788527602841,0.1128743300103194,0.6624917516727867,0.0,,0.443627625864999,0.0259146782341106,-0.0372333256004931,,0,,
2025-02-03,260.2799987792969,263.92999267578125,260.0,263.2300109863281,21042.0,0.0053086414141396,0.0292071341880346,0.067956895282101,0.0273994760757829,,,254.42999801635744,249.87899963378905,,1,0,3.4960210496771253,2.696968307535332,1,70.70669887518221,52.70309329265032,0.1088251475142243,0.7914998208871276,0.0,,0.4490043584888295,0.0575592532408824,-0.0218342064771663,,0,,
2025-02-04,262.42999267578125,272.7672424316406,260.3181457519531,265.0799865722656,13085.0,0.007027981266291,0.0307177623511469,0.076598104370315,0.0368863403126054,,,255.3164970397949,250.1982992553711,,1,0,3.827671067571345,2.9231088595425345,1,72.96354904087255,54.40279214989308,0.1084840131344736,1.032638818877527,0.0,,0.4491468158820617,0.065112321550016,-0.0214924477697888,,0,,
2025-02-05,267.0,268.67999267578125,266.7799987792969,267.6849975585937,24919.0,0.0098272639138599,0.0423464822373933,0.0822114047030504,0.0469941701243683,,,256.2592468261719,250.5050991821289,,1,0,4.251697786283103,3.188826644890648,1,75.79184205352375,55.9810839459042,0.1106170232215613,1.2809603800170086,0.0,,0.451729275820173,0.0542884714845268,-0.0040445100074965,,0,,
2025-02-06,266.5199890136719,267.739990234375,264.739990234375,265.92999267578125,12281.0,-0.0065562317605352,0.0210992960573637,0.068721579869363,0.0664073380232117,,,257.10399627685547,250.90869903564453,,1,0,4.395459666003433,3.4301532491132054,1,70.44521752295722,56.813157295075534,0.1158908048298286,1.855189879596163,-0.0065562317605352,,0.447213249838415,0.0390564094048293,0.036045338648829,,1,,
2025-02-07,267.2900085449219,269.1400146484375,266.2200012207031,267.4700012207031,19541.0,0.0057910299226737,0.021501699364322,0.0740257284618766,0.0641125331387177,,,257.9337463378906,251.3500991821289,,1,0,4.580852593402028,3.66029311797097,1,72.29230357904876,57.66858848157407,0.1158875170817406,1.7994895791026757,-0.0008031691721666,,0.4539584103789661,0.0538598964975529,0.0514340626034039,,1,,
2025-02-10,270.0799865722656,271.510009765625,269.8900146484375,270.9200134277344,15409.0,0.0128986884184609,0.0292140034207788,0.0799004023028775,0.0796206694506325,,,259.0347473144531,251.8382995605469,,1,0,4.949114663082582,3.918057426993293,1,75.92266571870067,58.59952781495164,0.1197650898696845,2.17630502597,0.0,,0.4567122526270387,0.0364079497431502,0.0641513979871863,,1,,
2025-02-11,271.6400146484375,282.1236572265625,268.7900085449219,271.17498779296875,16356.0,0.0009411425978036,0.0229930644690201,0.0894937502720403,0.1098718362899877,,,260.12849655151365,252.3293994140625,,1,0,5.201578744952599,4.174761690585155,1,76.17115807595569,59.94136151286874,0.1127246354491042,3.1692780629850854,0.0,,0.4567946561494995,0.0464403363506331,0.094179294321552,,1,,
2025-02-12,269.7900085449219,270.19000244140625,267.4599914550781,270.1499938964844,21656.0,-0.0037798246247803,0.0092085711204308,0.0836341379442255,0.1132631461924269,,,261.1182464599609,252.7634991455078,,1,0,5.258335093764231,4.39147637122097,1,72.91338135226928,60.808943860459806,0.1157383635085327,3.2752387955328635,-0.0037798246247803,,0.4565388232639015,0.0456128875609929,0.0976496510812348,,1,,
2025-02-13,271.7300109863281,272.4443054199219,271.239990234375,272.1849975585937,33073.0,0.0075328658452202,0.0235212463997562,0.0871961902242695,0.123037531778781,,,262.03499603271484,253.27229919433597,,1,0,5.405214746434353,4.594224046263647,1,75.1827881179858,61.717624697361856,0.1164357383659075,3.527918052232204,0.0,,0.4551722849756305,0.0569729279404755,0.0962509810156073,,1,,
2025-02-14,273.4700012207031,274.1700134277344,269.95001220703125,269.989990234375,27435.0,-0.0080643949663176,0.0094215762596587,0.0635807907929606,0.121966385136174,,,262.86349563598634,253.73529907226563,,1,0,5.283593209170533,4.732097878845024,1,68.51476374734939,62.63868358791803,0.1177210314408204,3.492635793254244,-0.0080643949663176,,0.4515238095140882,0.0320762274859827,0.0882165573358975,,1,,
2025-02-17,270.70001220703125,271.1199951171875,270.1499938964844,270.3550109863281,19841.0,0.0013519788331273,-0.0020854953986518,0.0668258738053217,0.1282185263842115,,,263.7547462463379,254.18609924316405,,1,0,5.157212256094908,4.817120754295001,1,69.00703909178527,63.49395255772019,0.1166700744656981,3.6729872498110105,-0.0067233190244867,,0.4521342601472043,0.0456188560399539,0.0802642401519531,,1,,
2025-02-18,271.5400085449219,273.4102478027344,271.3399963378906,273.135009765625,7042.0,0.0102827714165707,0.007227886275974,0.0815943099272584,0.12000252279652,,,264.6224967956543,254.7234994506836,,1,0,5.221190474613877,4.897934698358776,1,72.52973899382057,64.3954680477175,0.1165898250481677,3.5239553240106503,0.0,,0.4554463829363678,0.0569906703187397,0.07363963339271,,1,,
2025-02-19,273.79998779296875,274.8800048828125,272.760009765625,273.0150146484375,6929.0,-0.0004393252893155,0.0106052963786145,0.0673821876276263,0.1141878122233961,,,265.40024795532224,255.256799621582,,1,0,5.202242853283394,4.9587963293437,1,72.14854695645724,65.29963761925129,0.1125434993256534,3.366432962157301,-0.0004393252893155,,0.4541767233462158,0.0501766399877747,0.0694513336737727,,1,,
2025-02-20,275.0,275.5299987792969,273.0,274.6700134277344,6509.0,0.0060619331923119,0.0091298781763522,0.0668454227602157,0.1102039764069595,,,266.29999923706055,255.7681997680664,,1,0,5.260135726620433,5.019064208799047,1,74.16528791434379,66.16933766788891,0.1123623966098897,3.273502547650301,0.0,,0.4588388755627416,0.059959072464226,0.0704422310376566,,1,,
2025-02-21,273.3299865722656,273.8699951171875,272.5199890136719,273.70001220703125,19782.0,-0.0035315148115298,0.0137413315561647,0.0663291135628481,0.098689385110291,,,267.035750579834,256.2239999389648,,1,0,5.1681698094737385,5.048885328933985,1,70.92373478444964,66.7943487636842,0.1127075182442098,2.9537716808612284,-0.0035315148115298,,0.4651748598785917,0.0837654153369213,0.083560119358208,,1,,
2025-02-24,274.489990234375,275.7200012207031,273.4100036621094,274.25,6545.0,0.0020094547622917,0.0144069421885759,0.0589416974413239,0.0868057566955271,,,267.9602508544922,256.6391000366211,,1,0,5.081093888533246,5.055327040853838,1,71.6795541180202,67.47576114443584,0.110669667175904,2.660123174967703,-0.001529156468494,,0.4682402880233327,0.0780206344624721,0.0800769877586642,,1,,
2025-02-25,273.45001220703125,284.423583984375,269.6000061035156,269.989990234375,10073.0,-0.015533308170009,-0.0115145236560803,0.055638082707101,0.0986367863046795,,,268.6007507324219,257.0379998779297,,1,0,4.61513797044131,4.9672892267713324,0,58.9067400063151,68.48420651576123,0.1163712899515252,3.1818753880256545,-0.0170387117798379,,0.4632709228090904,0.0647514385111531,0.1010139106175183,,1,,
2025-02-26,271.7200012207031,272.04998779296875,269.7699890136719,271.4700012207031,14767.0,0.0054817253967205,-0.0056590786031452,0.055564231090623,0.106234751314687,,,269.33375091552733,257.50139984130857,,1,0,4.3155421820086985,4.836939817818806,0,61.47518842191422,69.4206200748491,0.1163491130052165,3.407972417236664,-0.0116503879222081,,0.4655753782162829,0.0732831433692311,0.113854509895708,,1,,
2025-02-27,269.7300109863281,269.8399963378906,267.5,268.0299987792969,13131.0,-0.0126717590376018,-0.0241745160513653,0.0436898926341184,0.0872987089854653,,,269.7135009765625,257.9150997924805,,1,0,3.757220019882197,4.620995858231485,0,53.15848288924852,69.4730676843005,0.127262164510394,2.7651988077956866,-0.0241745160513653,,0.4671321212487397,0.0735888130757349,0.1091755553928433,,1,,
2025-02-28,266.6300048828125,267.09722900390625,264.20001220703125,265.6300048828125,14352.0,-0.0089541988113822,-0.0294848628582247,0.0199474240133568,0.0770821918011632,,,269.9030014038086,258.3022998046875,,1,0,3.085518299751584,4.313900346535505,0,48.253716834566696,68.43074836196253,0.1248154412330646,2.4284135274196017,-0.0329122514398547,,0.4558357237549305,0.0385892943317076,0.0818702120088457,,1,,
2025-03-03,266.8900146484375,269.4599914550781,266.8900146484375,269.4150085449219,10210.0,0.0142491570701104,-0.0176298685691089,0.0289299278680714,0.0844050015194608,,,270.2122512817383,258.7663998413086,,1,0,2.826031280674954,4.016326533363395,0,55.2641138545666,67.67151135108098,0.1323136038467043,2.603008665396166,-0.0191320662100418,,0.4705754392653126,0.0607442184146442,0.1155362146065448,,1,,
2025-03-04,270.4200134277344,282.9197692871094,270.30352783203125,271.260009765625,15734.0,0.0068481753509863,0.0047039504321901,0.0305056355436383,0.0993536449920473,,,270.52125244140626,259.35239990234373,,1,0,2.737703584979613,3.7606019436866394,0,58.234393141139705,67.82329681483942,0.1329935296295401,3.0467674239444134,-0.0124149106032884,,0.4794735755311099,0.0678595128671528,0.1465122913030134,,1,,
2025-03-05,271.9700012207031,272.8999938964844,270.0,272.8599853515625,12896.0,0.0058983098441967,0.0051202126371574,0.0293496271819673,0.1054123699550457,,,270.7800018310547,259.9136996459961,,1,0,2.764935453213525,3.561468645592016,0,60.67295585596425,67.88109019449955,0.1324546680713946,3.213375884378519,-0.0065898277485179,,0.4771729570489283,0.0623986192840468,0.1411007607604224,,1,,
2025-03-06,271.3800048828125,272.25,269.739990234375,272.04998779296875,7638.0,-0.0029685465149832,0.0149982801625949,0.0163064432978528,0.0977946658305832,,,271.08600158691405,260.47899932861327,,1,0,2.690146536720192,3.387204223817652,0,58.80117009656465,67.85905238417307,0.1295969499068381,2.990455427351579,-0.0095388120533039,,0.4843542939940297,0.0722225012196113,0.1608809560684407,,1,,
2025-03-07,271.94000244140625,273.1600036621094,271.54998779296875,271.8399963378906,7990.0,-0.0007718855522902,0.0233783508674698,0.0222239078888508,0.1038515299032674,,,271.30450134277345,261.03589935302733,,1,0,2.584142836079934,3.2265919462701085,0,58.29902998971877,67.89218756246582,0.1269813147903167,3.184556723224412,-0.0103033347343841,,0.4812828882247728,0.0761820862835966,0.1588697626721114,,1,,
2025-03-10,271.2699890136719,271.8800048828125,270.07000732421875,270.82501220703125,20806.0,-0.0037337556817715,0.0052335750325294,0.0125435038360048,0.0993505398706233,,,271.2997512817383,261.56379974365234,,1,0,2.390675187406316,3.0594085944973504,0,55.81787139144623,67.4546502319773,0.1268132742889501,3.045516361011289,-0.01399862028155,,0.4926067855709145,0.0851363788142718,0.1879747588038505,,1,,
2025-03-11,270.6300048828125,277.4176025390625,270.6300048828125,271.9649963378906,10983.0,0.004209301502728,0.0025989329310824,0.0038571639537992,0.0917904041514687,,,271.3392517089844,262.157099609375,,1,0,2.3027927131304864,2.908085418223977,0,57.980909077855934,67.41884442057248,0.1195821496615251,2.857882935354598,-0.0098482431922094,,0.4988270070488166,0.0922128849828993,0.1835683610500049,,1,,
2025-03-12,271.69000244140625,273.75,271.29998779296875,273.9750061035156,15808.0,0.0073906928931684,0.0040864209184665,0.0103255035921105,0.0919253999631957,,,271.53050231933594,262.7651995849609,,1,0,2.368038930108014,2.8000761206007847,0,61.55481751966292,67.38559616712516,0.1221385208778452,2.8613047197953128,-0.0025303356400119,,0.4998612488384044,0.094279983596853,0.1738059584625468,,1,,
2025-03-13,273.7900085449219,277.989990234375,273.69000244140625,277.989990234375,12889.0,0.014654563523734,0.0218342316042543,0.0290209014067004,0.0966291074341083,,,271.820751953125,263.3661993408203,,1,0,2.712455196810197,2.782551935842667,0,67.50098708298708,67.60850596727029,0.1303818354479641,2.963446736234515,0.0,,0.5140387598841497,0.125947528863302,0.2040253653536026,,1,,
2025-03-14,278.5,280.0899963378906,277.9200134277344,278.5899963378906,13376.0,0.0021583730515251,0.024830783147929,0.0235317847667857,0.1141594448118439,,,272.2507522583008,264.00839935302736,,1,0,2.99924956562586,2.825891461799306,1,68.29029078708959,67.9297519007675,0.1285099074390173,3.564108114896384,0.0,,0.5047228281879326,0.1088610727143786,0.1923410601755433,,1,,
2025-03-17,278.4200134277344,279.7699890136719,278.2200012207031,279.42498779296875,5006.0,0.0029972054490621,0.0317547316470285,0.0349457309524821,0.1253523333011115,,,272.7042510986328,264.67249908447263,,1,0,3.2563755311643376,2.911988275672312,1,69.4039452110875,68.22805169615776,0.1241673082563118,3.927169728161887,0.0,,0.5023617514554789,0.1125919406024245,0.194866409032596,,1,,
2025-03-18,281.2900085449219,284.07000732421875,274.66278076171875,282.8699951171875,16190.0,0.0123289164345288,0.0400970673657887,0.0462909271968043,0.1436252753084175,,,273.1910003662109,265.3828988647461,,1,0,3.695533204886658,3.0686972615151813,1,73.5338641408728,68.73238322236296,0.129524245125864,4.413682595614329,0.0,,0.514112022491379,0.1370782261092007,0.2327770463686838,,1,,
2025-03-19,283.0,283.4800109863281,282.20001220703125,283.135009765625,14848.0,0.0009368779050875,0.0334337200768177,0.0366119305195657,0.1496934456231156,,,273.69700012207034,266.0689990234375,,1,0,4.018629038534357,3.2586836169190168,1,73.82654982798921,69.20069106812493,0.12616826659258,4.610318490183179,0.0,,0.5090497124329421,0.117694050287503,0.2209154557175339,,1,,
2025-03-20,283.6499938964844,283.7099914550781,282.1499938964844,283.3450012207031,4207.0,0.000741665452294,0.0192633230491978,0.0378366976833401,0.1508265037740417,,,274.1307495117188,266.75519897460936,,1,0,4.242721912725699,3.4554912760803536,1,74.07123586726557,69.64795301512137,0.1259769645842054,4.644895171380065,0.0,,0.5109047201787095,0.1249029153553742,0.1891341171292386,,1,,
2025-03-21,282.739990234375,283.19000244140625,280.0799865722656,281.0950012207031,6123.0,-0.0079408494602218,0.0089917258901655,0.0233916608252511,0.1617415829927444,,,274.50049896240233,267.35959899902343,,1,0,4.190455966149386,3.60248421409416,1,66.85894378704143,69.26395222632306,0.129302919627134,5.145918969151102,-0.0079408494602218,,0.5066805281184525,0.1042667810068089,0.1996482392364216,,1,,
2025-03-24,281.79998779296875,282.739990234375,280.3800048828125,280.7300109863281,9398.0,-0.0012984586449064,0.004670388298724,0.0256850510257897,0.1467963524017033,,,274.8244995117187,267.99619934082034,,1,0,4.072636348669107,3.69651464100915,1,65.74068745352484,68.90738006529605,0.1285168556286167,4.757495092427339,-0.0092289972404988,,0.4971198916242698,0.0686731689541768,0.1773540598767296,,1,,
2025-03-25,280.9599914550781,284.9800720214844,280.6700134277344,281.9800109863281,8837.0,0.0044526767751271,-0.0031462655856824,0.0281860017733022,0.1566749666733307,,,275.4240005493164,268.64979949951174,,1,0,4.033630821028737,3.7639378770130674,1,67.73125699744685,68.76540888074027,0.1289791198514734,5.079030256334746,-0.0048174142070421,,0.4981359635999666,0.0638468673911807,0.191742140354481,,1,,
2025-03-26,282.6099853515625,282.6099853515625,281.1600036621094,281.510009765625,11061.0,-0.0016667891424613,-0.0057393114378372,0.0426683208560791,0.153753213792027,,,275.9260009765625,269.27289978027346,,1,0,3.919610657026226,3.7950724330157,1,66.17435216897417,68.63357849508132,0.1141983327538754,4.981567273302165,-0.0064761737358084,,0.503314354257459,0.0864363150736098,0.2164669749717778,,1,,
2025-03-27,283.1700134277344,285.17999267578125,282.82000732421875,284.57000732421875,16556.0,0.0108699422842597,0.0043233729137202,0.0482558148031444,0.1642188595966631,,,276.7530014038086,269.8872998046875,,1,0,4.029713061333439,3.842000558679248,1,70.86929867078527,68.72325401068416,0.1177293748213388,5.237832463016979,0.0,9.58846866760382,0.5101402296289991,0.0957199489016225,0.2178957065339828,,1,,
2025-03-28,287.1000061035156,287.6099853515625,285.9800109863281,287.6099853515625,20254.0,0.0106827070636443,0.0231771611112503,0.0730514743179486,0.1869995118824905,,,277.8520004272461,270.5710995483398,,1,0,4.312558342543582,3.936112115452115,1,74.63581220949686,68.98663824052377,0.1077496938778438,5.952883094579512,0.0,10.0,0.526186305516445,0.1264185903333758,0.2527853380824165,,1,,
2025-03-31,290.7200012207031,291.5641784667969,289.0,290.8699951171875,14307.0,0.0113348281758718,0.0361200574717079,0.0950193493596858,0.1941946314022449,0.1683872210597401,,278.9247497558593,271.33789947509763,,1,0,4.74507256590573,4.097904205542838,1,77.93115987761661,69.48340188353208,0.1011974594244742,6.101318126911065,0.0,10.0,0.5286022374130955,0.1596331964918271,0.2474206968369301,,1,,
2025-04-01,292.07000732421875,292.5909729003906,284.7992553710937,291.510009765625,8350.0,0.002200346062438,0.033796717526048,0.0820110258149149,0.1757280265192999,0.1788899685006504,,279.9372497558594,272.05249969482423,,1,0,5.0809173844733095,4.294506841328932,1,78.52115298999283,68.33969573791616,0.0947505389352246,5.765369555505884,0.0,10.0,0.528273254016579,0.1226111903361282,0.2216626148053071,0.1878876942286471,1,,
2025-04-02,290.5899963378906,292.1099853515625,290.1199951171875,291.3299865722656,19014.0,-0.0006175540713133,0.0348832242761683,0.0739879675739212,0.1819619913264853,0.1762591419505708,,280.8607498168945,272.729899597168,,1,0,5.271780649869697,4.489961603037085,1,77.89037798582575,67.27768288841567,0.095230119036793,6.010160558730737,-0.0006175540713133,10.0,0.5246269583587047,0.0941728285601111,0.2356764112027438,0.1756300406374802,1,,
2025-04-03,291.5,292.0599975585937,284.7699890136719,289.8800048828125,32972.0,-0.0049771110297066,0.0186597231680285,0.062376385124117,0.1773211089499347,0.1675292531050716,,281.7522506713867,273.39399993896484,,1,0,5.245572068900572,4.641083696209782,1,72.81654010377054,64.5518089952798,0.0990422594025229,5.829131369761835,-0.0055915914658403,10.0,0.5490746968663142,0.1506827634618304,0.3020825360525687,0.2385454432859453,1,,
2025-04-04,289.1600036621094,292.260009765625,282.1300048828125,282.1400146484375,18824.0,-0.0267006696012165,-0.0190187092998135,0.0370888708260017,0.1406509306102961,0.1415970777114998,,282.2672515869141,273.8571005249024,,1,0,4.547824562904509,4.622431869548728,0,52.97796002987966,61.30334579840261,0.1417038544006968,4.197900672407672,-0.0321429618307824,10.0,0.567645678966789,0.1719637587723872,0.3248251270323505,0.2747130077277799,1,,
2025-04-07,282.239990234375,283.5299987792969,278.1000061035156,278.3299865722656,18483.0,-0.0135040330274293,-0.043112073281638,0.0238743022432508,0.1185547744409061,0.1419134335749066,,282.64250030517576,274.3085003662109,,1,0,3.6453953648037896,4.427024568599741,0,46.29206510229341,57.32271641517535,0.1511359503933883,3.490029422755348,-0.0452129352400494,10.0,0.5609793842936276,0.1655917923091299,0.3033809374048632,0.2894220408844008,1,,
2025-04-08,280.6300048828125,287.0590209960937,279.4599914550781,280.3900146484375,11316.0,0.0074013874737028,-0.0381461862188815,0.0353180172077101,0.1259060394131206,0.1487157149213815,,283.0637512207031,274.77270080566404,,1,0,3.061153698695307,4.153850394618854,0,49.96858364122913,54.27784158097862,0.1515078685911664,3.678088955431861,-0.0381461862188815,10.0,0.574123745837162,0.1654807904681461,0.3328225175069328,0.3268695999119531,1,,
2025-04-09,283.0899963378906,287.7699890136719,282.8900146484375,287.7699890136719,12244.0,0.0263203893850771,-0.0122198116317513,0.0581140694155546,0.1470652277575361,0.1751469424846852,,283.7535003662109,275.39190063476565,,1,0,3.157245462945866,3.9545294082842566,0,60.42124408515775,51.5755198680291,0.1738414164911694,3.999026295780288,-0.0128298193086409,10.0,0.5332348970122572,0.0689776004050104,0.2100592510165884,0.226245130219258,1,,
2025-04-10,291.1700134277344,295.3800048828125,289.5799865722656,295.6000061035156,8577.0,0.0272092900190219,0.0197323069006276,0.0789305575992194,0.1876256060755605,0.190303658140202,,284.63400115966795,276.09520080566404,,1,0,3.821167775859635,3.927857081799333,0,68.04849316539733,50.20808278823558,0.1930064643715537,4.759956041632854,0.0,10.0,0.572845461814328,0.1460089437729508,0.3122933678579025,0.3067598251761265,1,,
2025-04-11,297.8699951171875,302.1199951171875,297.8699951171875,301.989990234375,10236.0,0.0216169959368055,0.0703550526523921,0.0863340438256983,0.2113517309972838,0.220950896359791,,285.8040008544922,276.89820068359376,,1,0,4.807531082446303,4.103791881928727,1,72.67622553865692,49.68313775659785,0.1993895353292876,5.139346043935582,0.0,10.0,0.5749694985655988,0.1185333547516556,0.3168551873783398,0.3276781645851765,1,,
2025-04-14,301.20001220703125,301.37042236328125,297.92999267578125,298.9100036621094,79158.0,-0.0101989690779989,0.0739410702500802,0.072938754410885,0.1939446336729493,0.2016965387995219,,286.7782516479492,277.6118005371094,,1,0,5.279839233324083,4.339001352207798,1,67.59438276339756,49.19568879864853,0.2053538996154071,4.687982736131081,-0.0101989690779989,10.0,0.5636373816639689,0.1167265480888841,0.3088438669458189,0.2841297711318304,1,,
2025-04-15,300.7900085449219,301.1700134277344,268.5810241699219,300.3450012207031,15767.0,0.0048007679268435,0.0711686776623834,0.0748680838924626,0.1831593224316396,0.2022215746606313,,287.652001953125,278.3171008300781,,1,0,5.704184863519913,4.612038054470221,1,68.6927823369292,47.08979649279512,0.205400204598749,4.496779775796732,-0.0054471640347919,10.0,0.5679339016381939,0.1305277521481971,0.2981620599253327,0.2938985073045308,1,,
2025-04-16,306.9100036621094,309.3099975585937,306.79998779296875,309.17999267578125,22104.0,0.0294161428329746,0.0743997097664419,0.0930109167205734,0.2200299696540242,0.2291239934261244,,288.9542510986328,279.1470007324219,,1,0,6.676430076032602,5.024916458782698,1,74.43765497560655,44.145071887107456,0.2224512144129703,5.02375691158747,0.0,10.0,0.5979312750350129,0.1630369430721481,0.3827932782379024,0.3530418884567026,1,,
2025-04-17,310.3299865722656,315.95001220703125,306.3299865722656,307.17999267578125,12002.0,-0.0064687238740486,0.0391745139822847,0.0849240895008367,0.2164099083699229,0.2102992515524822,,290.1460006713868,279.97200073242186,,1,0,7.202531822861204,5.4604395315984,1,71.25029479236409,41.270620306397895,0.2253380033389565,4.931721608277976,-0.0064687238740486,10.0,0.5932169986868181,0.165341977803324,0.3767259035934751,0.3355382325742779,1,,
2025-04-22,323.8800048828125,324.25,300.1248779296875,318.0350036621094,15335.0,0.0353376236901772,0.0531309445564132,0.1224302609608614,0.2433927796540886,0.2502358579976496,,291.99300079345704,280.98330078125,,1,0,8.398566468740512,6.048064919026823,1,77.00535767994077,39.35975807413464,0.2496249971147447,5.128295762178077,0.0,10.0,0.6132013111602549,0.2002263571684424,0.4178835230608697,0.3751474487175479,1,,
2025-04-23,307.9200134277344,311.1300048828125,304.0,305.0799865722656,53677.0,-0.0407345636193164,0.0206416072883623,0.0853269721887746,0.1849607577785392,0.1916023585401005,,293.2104995727539,281.66650024414065,,1,0,8.206471834057368,6.4797463020329324,1,61.24749201584616,37.58538600131876,0.2939971340572826,3.595087277310561,-0.0407345636193164,10.0,0.5792471131398852,0.1432196048482603,0.3381129312949376,0.2899708977834656,1,,
2025-04-24,309.8699951171875,311.6600036621094,308.3999938964844,309.8099975585937,41850.0,0.0155041667579451,0.0315137468558546,0.1035870246650678,0.207012807217831,0.2210704558884959,,294.6019989013672,282.43920043945315,,1,0,8.339772106829685,6.851751462992283,1,64.13335709431809,35.98730138935164,0.2958867724698779,3.9511002924797487,-0.0258619523285373,10.0,0.5761016087153759,0.1588786094095819,0.3422027996281709,0.2827919779518768,1,,
2025-04-25,308.010009765625,308.3999938964844,304.54998779296875,304.9649963378906,5991.0,-0.0156386212804082,-0.0136328237199703,0.0815128181290727,0.1775392921868113,0.1954723208204887,,295.77474822998045,283.13550048828125,,1,0,7.962673680634168,7.073935906520661,1,59.26491199404579,34.0121388447843,0.3043097265140325,3.392490228522932,-0.0410961283309077,10.0,0.5630240799433792,0.13026185837793,0.2962395406863549,0.2495870751177511,1,,
2025-04-28,306.07000732421875,310.3299865722656,305.0199890136719,310.2699890136719,9840.0,0.0173954150131496,0.0100592369671419,0.1021632561911081,0.2131294795026239,0.2128923496924861,,297.05974731445315,283.89720031738284,,1,0,7.999673774638666,7.259083480144262,1,62.61162501973113,32.38246440478373,0.307057223780496,3.998855478490095,-0.0244155975255079,10.0,0.5725997103357947,0.1376582159683337,0.3160255376579051,0.2668747978665904,1,,
2025-04-29,309.2200012207031,309.57000732421875,289.97430419921875,308.7200012207031,6483.0,-0.0049956097845494,-0.0292892365121633,0.0848648602274153,0.2004044249658905,0.2041970866348312,,298.11524810791013,284.6718005371094,,1,0,7.813852328910968,7.370037249897603,1,61.03383697482838,30.919079997000456,0.3080364509704048,3.7747634164913393,-0.0292892365121633,10.0,0.5661728187222689,0.1098376207930507,0.3051887427907853,0.2537831687385854,1,,
2025-04-30,308.1600036621094,309.2699890136719,304.8800048828125,308.1849975585937,5443.0,-0.0017329737626132,0.0101776947783907,0.0715378924757468,0.2000506229835474,0.1928971948044398,,298.98099822998046,285.4284002685547,,1,0,7.536540621133668,7.403337924144816,1,60.467430305506944,29.560223046915983,0.3076784273994799,3.768328144246934,-0.0309714527963741,10.0,0.5649674091885332,0.0737022291639175,0.2984392694635891,0.2435342297670673,1,,
2025-05-01,301.739990234375,301.739990234375,298.65753173828125,299.6400146484375,4751.0,-0.0277267971440808,-0.0328265162205837,0.0301509941845898,0.150536669254766,0.1519299564550802,,299.3874984741211,285.95850036621096,,1,0,6.551736052450849,7.233017549806023,0,52.14401970237655,28.868487771649143,0.3244049828454886,2.8154060257226865,-0.0578395107515123,10.0,0.5454371528176668,0.0318479836312441,0.2427397812983915,0.1887703972504448,1,,
2025-05-02,303.2699890136719,308.0,302.1499938964844,302.1499938964844,6607.0,0.0083766490633494,-0.0092305755585382,0.0364995498419211,0.1539489693032834,0.1797665502253755,,299.92849884033205,286.54119995117185,,1,0,5.905728127515545,6.967559665347928,0,54.14088641914719,27.460932552000266,0.3252499323342582,2.869348586644067,-0.0499473629717241,10.0,0.5419612164286621,0.0259107617279703,0.2216579510167546,0.1761715627541165,1,,
2025-05-06,313.510009765625,316.8599853515625,289.8572692871094,316.8599853515625,9302.0,0.0486844009671492,0.0212395544887851,0.0876325814574672,0.2037380698510849,0.2367198622974791,,301.27749786376955,287.38499938964844,,1,0,6.505741429153545,6.875196018109051,0,63.70050243657526,27.185258422430287,0.3630661655575619,3.384420495236455,-0.0036946194507421,10.0,0.5764421535748473,0.0987657885104618,0.2838230691455263,0.2557918111736534,1,,
2025-05-07,316.1300048828125,316.3399963378906,314.0,315.3450012207031,5415.0,-0.0047812415606169,0.0214595749345822,0.0878466810713114,0.1896220657712095,0.2335028701326311,,302.9377471923828,288.21789916992185,,1,0,6.780844382343787,6.856325690955998,0,62.26100380194668,26.929275302115308,0.3630040288864584,3.1708702290021864,-0.0084581961432905,10.0,0.5712835560275267,0.0404477920544565,0.2719305488242312,0.2445936479368275,1,,
2025-05-08,310.4100036621094,313.20001220703125,310.260009765625,311.510009765625,3721.0,-0.0121612565293023,0.0107890138500306,0.1040972339701058,0.1637185968834074,0.2184065866022375,,304.5967483520508,288.9630993652344,,1,0,6.613181059995441,6.807696764763888,0,58.64804554822215,26.981388038687072,0.3506604749533862,2.76560213932852,-0.0205165903795191,10.0,0.5604309882502072,-0.0127098487382371,0.2406346416947897,0.2356168824708082,1,,
2025-05-09,309.9599914550781,311.42999267578125,309.489990234375,311.4200134277344,10592.0,-0.0002889035185685,0.0393138372827746,0.1188877535726005,0.1710601361442296,0.2488271224506679,,306.14824829101565,289.7916998291016,,1,0,6.399277825389447,6.726012976889001,0,58.56216218394577,27.08991626873732,0.3448335195676889,2.883557527919604,-0.0207995665829381,10.0,0.5609839456271765,8.13101813834649e-06,0.254399206262043,0.2996144504525808,1,,
2025-05-12,305.3900146484375,305.3900146484375,299.0,301.8500061035156,7018.0,-0.030730225777347,-0.0009928439484646,0.076536218602454,0.1285377976068569,0.2008912145542218,,306.8522491455078,290.3992999267578,,1,0,5.395344190357207,6.459879219582643,0,50.15180917202071,27.93552617374495,0.3668995943342867,2.1543064024308816,-0.0508906169831205,8.889272797402695,0.5263502363542222,-0.083211171510209,0.1594679695763827,0.2191041177102159,1,,
2025-05-13,304.0799865722656,310.6727600097656,301.0,302.6650085449219,2987.0,0.0027000245980672,-0.0447988937160714,0.0517601560270495,0.1171747879218794,0.2061249924295878,,307.20549926757815,291.0920001220703,,1,0,4.612315534984191,6.090366482662953,0,50.7998389595523,27.993360373800225,0.3576151480294513,1.9911818336809453,-0.0483279983027185,8.10344252202924,0.5243089272210841,-0.0167392828961228,0.1480071406125518,0.2216534035821196,1,,
2025-05-14,300.8099975585937,302.2808837890625,296.010009765625,296.8399963378906,9509.0,-0.0192457404806565,-0.0586817765024956,0.004194824792868,0.0946437160514084,0.2149142312172727,,306.947999572754,291.71619995117186,,1,0,3.48159620688051,5.568612427506465,0,46.17907860627398,28.40022584454197,0.3535972082383254,1.624206697855548,-0.0666436306700912,5.680585823897408,0.5135618925086624,-0.1034896377077013,0.1242729869864855,0.2301562235256562,1,,
2025-05-15,293.4800109863281,299.6600036621094,291.9800109863281,299.7250061035156,11629.0,0.0097190735790908,-0.037831861874924,-0.0075001960465693,0.1094762645760554,0.2351390369277608,,306.9887496948242,292.32239990234376,,1,0,2.786171914520025,5.012124324909177,0,48.66943927799021,29.047606776273383,0.3469562976583537,1.8465907877100605,-0.0575722714410609,6.57084635461889,0.5160327402213015,-0.1025041475962278,0.1303151318699782,0.2406900101089213,1,,
2025-05-16,299.6499938964844,299.6499938964844,294.0,296.17498779296875,25774.0,-0.0118442513579291,-0.048953262402653,-0.0091499643224798,0.0881385471262452,0.2220204281980071,,306.7802490234375,292.8206994628906,,1,0,1.9263802314644067,4.394975506220224,0,45.85760037639558,29.64874621288112,0.347604011607442,1.5167146731316277,-0.0687346223447951,5.129208191812478,0.5067111518449859,-0.1009979672585333,0.1132293607729537,0.2203787788427278,1,,
2025-05-19,300.4700012207031,302.3599853515625,299.7699890136719,301.29998779296875,15836.0,0.0173039595213302,-0.001822157692315,0.0031796319844985,0.1159672531985869,0.2520777450015639,,306.38624877929686,293.3894995117187,,1,0,1.6396331267175697,3.843907030319693,0,50.319954548780174,29.78963682005321,0.3525384675064146,1.9262623794879188,-0.0526200439462332,6.748695145112763,0.5149160352385596,-0.0933521775099274,0.1403961970304323,0.2409980235314068,1,,
2025-05-20,299.07000732421875,305.9800109863281,293.8843994140625,305.2900085449219,6751.0,0.0132426847447959,0.0086729550026936,-0.0125816166084801,0.1292189755652815,0.2740057685773509,,306.291749572754,294.05429992675784,,1,0,1.7145806900862226,3.418041762272999,0,53.53106486153015,30.36207707244584,0.3399855184951547,2.1126968628529164,-0.0400741898546745,7.519876939402117,0.5234950334723076,-0.1244896272708706,0.1578309356647069,0.2507633559402598,1,,
2025-05-21,309.2099914550781,309.32000732421875,306.94000244140625,308.5599975585937,7938.0,0.0107110908386989,0.0394825541210499,0.0044924959818883,0.1296977191732637,0.2652642954715298,,305.8179992675781,294.78869995117185,,1,0,2.0146147343850203,3.1373563566954035,0,56.03889252125193,30.37820518017184,0.3413181341161756,2.1191911374302745,-0.0297923373037963,7.547737344592632,0.5381708217125859,-0.0927926493948855,0.181633759484211,0.268648836337078,1,,
2025-05-22,310.0,310.3299865722656,305.7099914550781,306.9800109863281,5708.0,-0.0051205165438386,0.0242055375263112,-0.0347603016915912,0.1244070637713001,0.2528006464318777,,305.9130004882812,295.5117999267578,,1,0,2.10068675495819,2.930022436347961,0,54.50819782681645,30.49405067031985,0.3171019634341538,2.039402546598608,-0.0347603016915912,7.239848527354255,0.5352038480156408,-0.1271971565048237,0.1784043974610705,0.2602461544717804,1,,
2025-05-23,310.4200134277344,313.1000061035156,309.67999267578125,312.92498779296875,18242.0,0.0193660062345408,0.0565544042892256,0.0257145718040892,0.1392761222378549,0.2648288811339678,,306.06875,296.3309997558593,,1,0,2.6184258125756514,2.867703111593499,0,59.04159266449884,30.15827848372758,0.2906314486907214,2.2355948220848267,-0.0160674636763243,8.10515092883304,0.5493181313148737,-0.0516687630306476,0.1971917824991704,0.2815246426383608,1,,
2025-05-27,308.3099975585937,308.3999938964844,301.2738952636719,307.1300048828125,6807.0,-0.0185187605215797,0.0193495430668577,-0.0086504396142811,0.1221409981176553,0.232884403228935,,306.17700042724607,296.9940997314453,,1,0,2.5319443769919303,2.800551364673185,0,53.45012512108109,30.55252106114206,0.2936625612973522,1.9672507590755108,-0.034288674685893,7.107975210935598,0.5281646020353787,-0.0832092914770534,0.1354108908061519,0.2302859603625233,1,,
2025-05-28,308.1199951171875,309.8500061035156,307.1300048828125,307.0249938964844,5929.0,-0.0003419105416554,0.0056830728258412,0.0067548655856599,0.1195077261494417,0.2166874414443329,,306.01475067138665,297.5747998046875,,1,0,2.42695725473925,2.7258325426863985,0,53.35152400397816,30.68459300831525,0.2882954462233862,1.9293266334860832,-0.034618861568214,6.95473238369356,0.5310564114301496,-0.0567785102840441,0.1341536066279003,0.2249732111022875,1,,
2025-05-29,304.8399963378906,309.0199890136719,304.8399963378906,308.9849853515625,6417.0,0.0063838172593171,0.0013773262779732,-0.0041415660798981,0.1444312623713806,0.2573142842383011,,306.02799987792963,298.1826995849609,,1,0,2.473397349051993,2.6753455039595178,0,55.01939525507449,30.99770480673704,0.2826208073058059,2.3016714607466606,-0.0284560447948739,8.405153457408279,0.5323451289791337,-0.0703014350689318,0.1491011042765315,0.2651763005144127,1,,
2025-05-30,307.6099853515625,308.0400085449219,305.29998779296875,306.2550048828125,7019.0,-0.0088353175661394,-0.0023617371736556,-0.0079845696039901,0.1281357185165716,0.2479829360223953,,305.93150024414064,298.7192999267578,,1,0,2.2638189542223017,2.593040194012075,0,52.2188511227902,31.28845147670012,0.2837784514519941,2.063100817191532,-0.0370399441685743,7.456836974378385,0.5282326004597747,-0.0670117268224164,0.134580188676525,0.2637572599956705,1,,
2025-06-02,311.760009765625,314.6400146484375,311.6600036621094,314.31500244140625,15763.0,0.0263179292749122,0.0044420059204639,0.0198906660978754,0.1726859078196754,0.2750598736177814,,306.6652496337891,299.3482000732422,,1,0,2.716783618739669,2.617788878957594,1,58.87459827883118,30.434509158790647,0.2981784099539918,2.659853835367921,-0.0116968295246373,10.0,0.5390978432995981,-0.0457894835493107,0.154058603074606,0.2800535920211651,1,,
2025-06-03,313.3299865722656,313.5199890136719,302.415283203125,312.0899963378906,10508.0,-0.0070789051945759,0.0161494851568495,0.0415497966920754,0.174904907582164,0.2654691530165405,,307.16224975585936,299.9272998046875,,1,0,2.863216602696525,2.66687442370538,1,56.533461514759765,30.502762897542,0.2811125911523783,2.6931444323419083,-0.0186929339719312,10.0,0.532246495309349,-0.0241836432303453,0.1676278702445421,0.2632218115289,1,,
2025-06-04,312.7200012207031,315.1400146484375,311.8299865722656,314.20001220703125,5936.0,0.0067609211890795,0.0233694925598337,0.0398809152869787,0.1662305448534133,0.2646662357638072,,307.0292510986328,300.5444000244141,,1,0,3.113634404728714,2.756226419910047,1,58.22977021988277,30.30868447676777,0.2807126388303758,2.583749103252685,-0.0120583942362285,9.673759100774754,0.5359887468302305,-0.011020105161377,0.1390070583943874,0.2706036223314108,1,,
2025-06-05,313.6000061035156,316.82000732421875,312.5,312.5,5825.0,-0.0054106051590828,0.0113760047092195,-0.0137599746043193,0.1520312200460631,0.2664897209022749,,306.88700103759766,301.1725,,1,0,3.13873416582004,2.832727969092046,1,56.32262516852824,29.85714444585368,0.2242558484804,2.3844929445175373,-0.0174037561852465,8.847431738970764,0.5356776484420831,-0.0707174256427296,0.1172203762193073,0.2809068934296128,1,,
2025-06-06,313.17999267578125,313.20001220703125,309.54998779296875,310.510009765625,3851.0,-0.00636796875,0.0138936664380087,-0.0153323865492138,0.1379829452294108,0.2579404244544661,,306.83700103759764,301.7680999755859,,1,0,2.963884510761148,2.8589592774258663,1,54.08939067690004,29.72682108578214,0.2246987119654999,2.1843604092102216,-0.0236608983597264,8.0298947064259,0.5268561820471083,-0.0777676401003877,0.1041199511922161,0.2599121162761983,1,,
2025-06-09,309.739990234375,309.79998779296875,308.7200012207031,310.29998779296875,2837.0,-0.0006763774630479,-0.0127738562182884,-0.0038843758939453,0.1405991608759358,0.2521436746604417,,306.7809997558594,302.3344995117188,,1,0,2.7763636890556995,2.842440159751833,0,53.84672452688918,29.68738519166217,0.2207665163578061,2.2221933299465344,-0.0243212721243683,8.182144943844532,0.526025725617214,-0.0613907213453958,0.0860350205209452,0.2607573729461634,1,,
2025-06-10,309.9200134277344,311.760009765625,288.3412170410156,309.94000244140625,6539.0,-0.0011601204180603,-0.006889018942333,-0.0047524594519086,0.1401559984431364,0.2585629432098435,,307.1854995727539,302.9030993652344,,1,0,2.569089413930385,2.787770010587544,0,53.40446271589644,31.146132364738467,0.2207968816530209,2.215828885729628,-0.0254531769380439,8.156355179266697,0.52245325160739,-0.0686841295907486,0.0855429610939946,0.2580029136933788,1,,
2025-06-11,310.79998779296875,312.5799865722656,309.9599914550781,311.1650085449219,10166.0,0.003952397541028,-0.0096594638580395,0.0308597059899073,0.1489522552187789,0.2631012820603349,,307.6104995727539,303.43499938964845,,1,0,2.475138951204656,2.725243798710966,0,54.76598086194781,32.36508661229084,0.1909061949745208,2.34083706322317,-0.0216013804709572,8.668251889412002,0.5260184310267586,-0.000630388863814,0.0678261981655838,0.2685505702101922,1,,
2025-06-12,314.3299865722656,316.489990234375,311.5,315.6650085449219,5797.0,0.014461780330131,0.01012802734375,0.0429517771561971,0.1606824878034602,0.2672220024504721,,308.55175018310547,303.9960998535156,,1,0,2.732298686092406,2.7266547761872544,1,59.45300053078563,32.85138390636333,0.1961017083614514,2.4929945313151114,-0.0074519945600247,9.350890837147697,0.5315132333227411,0.0137405749313499,0.0655261760330585,0.261123069823326,1,,
2025-06-13,318.3999938964844,320.739990234375,317.9700012207031,319.1400146484375,8166.0,0.0110085248901481,0.0277930005841888,0.0751247088858031,0.1648508350716386,0.2719302139830615,,309.5225006103516,304.56150024414063,,1,0,3.1798482679961357,2.8172934745490306,1,62.669770459958976,32.64060517475518,0.1821620995841828,2.546513590386096,0.0,9.593467117916603,0.543440110941482,0.0581784179641322,0.0871819173907713,0.2761406125660237,1,,
2025-06-16,318.4200134277344,318.760009765625,315.6400146484375,317.17999267578125,2824.0,-0.0061415738631691,0.0221721081323498,0.0582366710044781,0.1409763078460664,0.2512278300766963,,310.5727508544922,305.07489990234376,,1,0,3.337899911064937,2.921414761852212,1,59.78859518152522,32.634392580630966,0.1836386913364271,2.2222706150340152,-0.0061415738631691,8.204092949476394,0.5350122802061361,0.0367797205593878,0.0408014374766472,0.2531513310183748,1,,
2025-06-17,315.20001220703125,316.5599975585937,283.6581115722656,314.9200134277344,7772.0,-0.007125226370621,0.0160676613121908,0.0632903736215182,0.1304067538942803,0.2594533613304099,,311.25375213623045,305.5467004394531,,1,0,3.2434075556642483,2.985813320614619,1,56.55974979025841,34.35698127254274,0.1795922355023764,2.0689870351027086,-0.0132230401297431,7.5889995030680675,0.5357784663067985,0.0573646629958222,0.0615300842055481,0.265705906009877,1,,
2025-06-18,315.19000244140625,316.20001220703125,314.6700134277344,315.55499267578125,22142.0,0.002016319131755,0.0141082191451664,0.0473116676413789,0.1293012667484909,0.2708618155353153,,311.7670013427734,306.0602001953125,,1,0,3.183066789246766,3.0252640143410487,1,57.25817787978605,35.95652791503225,0.1718790717687244,2.0534934505839466,-0.0112333828667817,7.524665861216625,0.5369397242006743,0.0427714179689726,0.068830822898068,0.2771100472195691,1,,
2025-06-19,312.8299865722656,314.8599853515625,312.20001220703125,313.69000244140625,9315.0,-0.0059101908626468,-0.0062566519888268,0.0275148012099071,0.1089546712490683,0.2682285912117716,,312.02350158691405,306.6911999511719,,1,0,2.9507428448470705,3.0103597804422533,0,54.48724538689293,37.538000362294994,0.169243090796515,1.767003692111654,-0.0170771822926527,6.340599096856978,0.5337663079489113,0.0196205767387609,0.0382295775972869,0.2799055921229896,1,,
2025-06-20,311.6099853515625,314.2099914550781,311.6099853515625,313.7950134277344,2806.0,0.0003347603860843,-0.0167481386707057,0.0169659577085865,0.1082875752012768,0.2741909610744439,,312.3642517089844,307.40050048828124,,1,0,2.7434729061799885,2.9569824055898004,0,54.62041092239734,39.030292010187146,0.1657912566814134,1.7573669491027748,-0.0167481386707057,6.301777552542697,0.5352019081155184,-0.0055166751471581,0.0513745417074984,0.2836394277186238,1,,
2025-06-23,312.7799987792969,315.5899963378906,312.3699951171875,315.614990234375,4348.0,0.0057998907846243,-0.0049341146274821,0.0281287997231567,0.1138893888180372,0.2818934309244658,,312.4987518310547,308.105,,1,0,2.6950006150911463,2.9045860474900698,0,56.97027677425166,40.19395646762762,0.1651481179664023,1.8368015358147043,-0.0110453852612172,6.627774170695916,0.533040937691958,-0.0040412832077013,0.0433274867875668,0.2406563098778007,1,,
2025-06-24,309.67999267578125,310.25,285.9263000488281,308.5350036621094,5190.0,-0.0224323520470559,-0.0202750206191331,-0.0140288705028688,0.0976182512041956,0.2751487646756898,,312.56900177001955,308.5203002929687,,1,0,2.061526237503585,2.735974085492773,0,46.81448043836876,42.19424178328885,0.1711341145665845,1.5822120748259665,-0.0332299633375982,5.68087800482784,0.5153899076699339,-0.0617642522807825,0.017189094642779,0.2202691063586994,1,,
2025-06-25,310.3299865722656,310.6303100585937,308.510009765625,309.5400085449219,10628.0,0.0032573447773631,-0.019061603430371,0.0078468518991783,0.102625285616495,0.2644866556108829,,312.6947525024414,308.7991003417969,,1,0,1.6218925563985636,2.5131577796739317,0,48.22540180986036,43.998260292576646,0.1585991632546419,1.6537145155771955,-0.0300808600077646,5.972261545419534,0.5167791338557403,-0.0215566664932911,0.0395462796051806,0.2239140327229094,1,,
2025-06-26,311.6099853515625,311.67999267578125,308.45001220703125,309.4649963378906,5214.0,-0.0002423344477628,-0.0134687305002805,0.0079472436769396,0.097471396129902,0.2694176905434879,,312.7187530517578,308.9486004638672,,1,0,1.2529832278334538,2.261122869305836,0,48.12278733305679,45.517491754406514,0.1585935134687984,1.5805464505568796,-0.0303159048269293,5.67233179803597,0.5126430444373758,-0.0346730904597988,0.0291227333448649,0.2264489289238631,1,,
2025-06-27,306.94000244140625,306.94000244140625,303.82000732421875,304.7749938964844,13913.0,-0.0151551952463323,-0.0287449422242883,-0.0136252298806299,0.0826435413441566,0.2491034652170018,,312.6447525024414,309.0659002685547,,1,0,0.5755414425739218,1.924006583959453,0,42.09219267593242,47.07288020281202,0.1657841616908038,1.3584751881413784,-0.0450116566165403,4.809427237956102,0.5023779135490014,-0.0562928329739763,-0.0018605483839996,0.2142036793073052,0,,
2025-06-30,306.67999267578125,306.989990234375,305.0299987792969,306.19000244140625,4543.0,0.0046427973858067,-0.0298622945189319,-0.0002122494012175,0.0759742578653246,0.2526695234473339,,312.2385025024414,309.18280029296875,,1,0,0.1511015067936796,1.5694255685262983,0,44.35779846790263,48.50907286238888,0.1639134386863382,1.2650211178025277,-0.0405778392324036,4.421309387497929,0.5023086735715602,-0.0490767265512395,-0.0153517711456209,0.1991988503680386,0,,
2025-07-01,310.29998779296875,312.3399963378906,277.4407958984375,311.260009765625,5771.0,0.0165583699134297,0.0088320808698254,-0.0097195254825634,0.0822294969528045,0.2846058846278125,,312.19700317382814,309.22440063476563,,1,0,0.2212861697890957,1.2997976887788578,0,51.6561191801703,50.51574356409156,0.1467921124646478,1.3503720925085032,-0.0246913721912718,4.785331992990751,0.5107914382444433,-0.0525069899777428,-0.029257445719519,0.2161320390552608,0,,
2025-07-02,310.3999938964844,311.9200134277344,309.9200134277344,311.2550048828125,8352.0,-1.6079427666459978e-05,0.0055404674373191,-0.0026754829211959,0.0700828896339484,0.2778872419562623,,312.0497528076172,309.30590087890624,,1,0,0.2733531239937292,1.094508775821832,0,51.64891723401583,52.37908064424405,0.144782929652886,1.178292318050073,-0.0247070545958051,4.07846218637405,0.5084781387689302,-0.0446566708280611,-0.0380704000472071,0.1999308918811824,0,,
2025-07-03,313.1499938964844,313.17999267578125,308.5799865722656,310.1099853515625,5956.0,-0.003678718456852,0.0020842066834843,-0.0130172714722039,0.0638056154603128,0.2507460768653029,,311.9302520751953,309.1474005126953,,1,0,0.2196905970287161,0.919545140063209,0,49.933675655737794,54.135920772538,0.1430669824251614,1.0863075600578638,-0.0282948827549012,3.7131572526820182,0.5026460224188483,-0.0622078814314047,-0.0485113175858917,0.162398151715676,0,,
2025-07-04,311.3399963378906,311.3999938964844,310.2099914550781,310.364990234375,4897.0,0.0008223046495048,0.0183413877445248,-0.0068320312499999,0.0653382917634799,0.2591893687691189,,311.9230010986328,309.2531005859375,,1,0,0.1954859799781729,0.7747333080462018,0,50.32930147506837,55.76727232023953,0.1420436326282741,1.1087386061061708,-0.0274958451190427,3.802351096986501,0.5030593505801384,-0.0608916536966006,-0.0411103688724661,0.1848772981311941,0,,
2025-07-07,308.29998779296875,309.20001220703125,307.2699890136719,309.1099853515625,4333.0,-0.0040436419129128,0.0095365063747143,-0.0045087899585564,0.0663377264552067,0.2554219146253962,,311.8635009765625,309.23910034179687,,1,0,0.0741801385890994,0.6346226741547814,0,48.30617438405947,57.346109570264616,0.1410145788798974,1.123579910599251,-0.0314283036802013,3.860513033790884,0.5047868181222412,-0.0418887823221816,-0.0806591143187498,0.197057711924657,0,,
2025-07-08,310.7099914550781,311.0299987792969,276.9519348144531,307.0249938964844,3131.0,-0.0067451442977708,-0.0136060391192865,-0.010554283033583,0.0882008150423292,0.2412572723689154,,311.7177505493164,309.2803002929688,,1,0,-0.1880295129166711,0.4700922367404909,0,45.065119836457725,59.289193771542735,0.1428403539698399,1.4658255334074088,-0.037961459534615,5.132831862903943,0.5016567655982342,-0.0463265555888665,-0.1162501817835831,0.1708139651833811,0,,
2025-07-09,306.70001220703125,308.3099975585937,305.9200134277344,308.1700134277344,5065.0,0.0037294016904567,-0.0099114597570555,-0.0057107472405292,0.1072109664609246,0.2384761128481971,,311.56800079345703,309.23830078125,,1,0,-0.2999810492056554,0.3160775795512616,0,47.16176667003515,61.093486244158136,0.1435436808639454,1.7518832135468525,-0.0343736313755189,6.23912448472571,0.5005261958390281,-0.0419694120017448,-0.1077636543287963,0.1629238446076231,0,,
2025-07-10,309.7799987792969,310.0400085449219,308.70001220703125,309.25,2746.0,0.0035045154466948,-0.002773162401035,-0.0061543184237742,0.1029280068612576,0.2417933039629656,,311.2472503662109,309.24890075683595,,1,0,-0.2981210043600413,0.193237862769001,0,49.13372258245232,62.51078364500789,0.1433874094096716,1.6911986653045452,-0.0309895788509387,5.989878358256805,0.5008676892301454,-0.0478134230915072,-0.127596284142886,0.1627593168510814,0,,
2025-07-11,310.3699951171875,313.5899963378906,310.2300109863281,313.3999938964844,10883.0,0.013419543723474,0.0097788209289244,-0.0071753744860041,0.0890642035698685,0.2492276787104508,,310.96024932861326,309.35320068359374,,1,0,0.0377873302596754,0.1621477562671359,0,55.93860928649213,63.29080938053074,0.1420790558127727,1.5081236224398875,-0.0179859011358268,5.183076615654728,0.5093797480811254,-0.0416423973176525,-0.0447366612065216,0.1559252402640418,0,,
2025-07-14,313.5299987792969,314.2799987792969,311.3500061035156,311.70001220703125,3084.0,-0.005424319472114,0.0083789815218133,-0.0233126593341863,0.0544655134339799,0.2523102444778078,,310.6862503051758,309.59440063476563,,1,0,0.1649216761135221,0.1627025402364132,1,52.821289123842206,63.90849589143549,0.1369016619651648,0.9992187940797616,-0.0233126593341863,3.169611558001907,0.5056518946946728,-0.0695351989777551,-0.1172978955036816,0.1583641175247319,0,,
2025-07-15,312.739990234375,313.5199890136719,303.5740661621094,309.9100036621094,4897.0,-0.0057427285043959,0.009396660933076,-0.022920704904307,0.0262260792868918,0.2431207375387323,,310.43574981689454,309.7496008300781,,1,0,0.1198562035994541,0.1541332729090214,0,49.68177534022365,64.67163399128518,0.1367229759719932,0.5525631477391791,-0.0289215095653104,1.5262223522333611,0.5049056507336972,-0.0562727821141583,-0.1218566341461466,0.1563876465865221,0,,
2025-07-16,310.989990234375,313.9100036621094,309.69000244140625,313.19500732421875,3728.0,0.010599863261242,0.0163059145196899,-0.0054776007556327,0.0477903164400521,0.2510036255280818,,310.31775054931643,309.6763012695312,275.5076499176025,1,1,0.3452341887369812,0.1923534560746133,1,54.97120842458076,65.31687710612447,0.1405623700518895,0.9034705305309888,-0.0186282103507694,2.7811495715094914,0.5085573106116241,-0.0508067371255397,-0.0977225302014879,0.1809403326291738,0,,
2025-07-17,310.489990234375,310.6600036621094,308.5,310.7349853515625,3650.0,-0.0078546014946836,0.0048018928102262,-0.015274698344485,0.0345934977729975,0.22408894181728,,310.16999969482424,309.58410095214845,275.81657485961915,1,1,0.321637020427886,0.2182101689452679,1,50.67518198047774,65.94688410382275,0.1427224886857102,0.6887696636985166,-0.0263364946765886,2.013162888952023,0.5014939175510391,-0.0660144985592232,-0.1169854166048373,0.1462960305243739,0,,
2025-07-18,311.1700134277344,312.8699951171875,311.1700134277344,312.29998779296875,2287.0,0.0050364539404392,-0.0035099110559617,-0.0044311729338493,0.0100911934507328,0.2323415280934948,,310.0952484130859,309.5999005126953,276.1416998291016,1,1,0.4243273309483015,0.2594336013458747,1,53.18190372767463,66.13625061508948,0.1427192191652128,0.2873389334943407,-0.0214326832785405,0.5872553360622692,0.5043889736592577,-0.055037820582084,-0.1564432323267881,0.1664646281506092,0,,
2025-07-21,313.3399963378906,316.7099914550781,313.260009765625,316.6050109863281,5298.0,0.0137848970913609,0.0157362803567648,0.008954882768527,0.0306823964296876,0.2537322793995289,,310.1447494506836,309.7036004638672,276.4863498687744,1,1,0.8433677169409179,0.3762204244648833,1,59.30813504678215,65.63557595472999,0.1507040184370207,0.6352485017987762,-0.0079432335205659,1.7855569922904857,0.5103741929313865,-0.0463894369725845,-0.1396500874702133,0.1844660107341378,0,,
2025-07-22,315.29998779296875,319.3900146484375,286.4755249023437,318.9849853515625,4308.0,0.0075171721313569,0.0292826355465034,0.0106775508814866,0.0029870350071981,0.247106837414613,,310.66724853515626,310.04630004882813,276.8398497772217,1,1,1.351920188470103,0.5713603772659275,1,62.24909100799758,66.03704241028241,0.1515844515664427,0.162775617322325,-0.0004857720428627,0.1738300088632722,0.5141372116011195,-0.0354639292296963,-0.1615523283400903,0.188821138595336,0,,
2025-07-23,318.8399963378906,319.5799865722656,317.32000732421875,317.82000732421875,3078.0,-0.0036521406362114,0.0147671574956245,0.0300938420338128,0.0417596083410582,0.2344442549228946,,311.0812484741211,310.3494000244141,277.19322479248046,1,1,1.6420195165356404,0.7854922051198701,1,59.96451612063339,66.38216819603744,0.1278038505281421,0.8975251900183033,-0.0041361385712564,2.430193509804927,0.5079381507357557,-0.0144584843887755,-0.123106288812714,0.1733828143109155,0,,
2025-07-24,314.3299865722656,314.45001220703125,312.4100036621094,314.0299987792969,6084.0,-0.011925015598705,0.0106039344877963,0.0145053631531557,0.0136212557824415,0.2234538373976278,,311.3094985961914,310.69320007324217,277.5446747589111,1,1,1.5482559777723282,0.9380449596503616,1,53.13262696443779,66.82586749101173,0.1356686471049102,0.3646437012228354,-0.0160118306529809,0.792686730381423,0.5017149259061126,-0.0291501861486398,-0.1291207691211537,0.1688965418236157,0,,
2025-07-25,312.7799987792969,312.8599853515625,310.0,310.1050109863281,5853.0,-0.0124987670229788,-0.007028424247316,0.0020681326030769,0.0168544413626492,0.1973860591391893,,311.5759994506836,310.90080017089844,277.8747498321533,1,1,1.1440461336865155,0.9792451944575924,1,47.142428227808274,67.29729255110632,0.1431994365046608,0.4278702481157302,-0.0283104695350167,0.9808414311833048,0.493360056887164,-0.0376148428413281,-0.1237318714027666,0.1358533965309696,0,,
2025-07-28,311.0299987792969,311.17999267578125,307.6099853515625,308.7799987792969,5389.0,-0.0042727855406685,-0.0247153770013107,0.0131408578886651,-0.0048022376869628,0.2073037433969908,,311.70549926757815,311.152900390625,278.1942498016357,1,1,0.7086209671473966,0.9251203489955532,0,45.28627923127918,67.79464466357803,0.1331671636788567,0.0026779160395387,-0.0324622905108065,-0.2794654289878336,0.491375376662248,-0.0219009167999186,-0.141851859523145,0.1293448679611843,0,,
2025-07-29,308.7799987792969,310.2300109863281,303.5367126464844,309.67498779296875,5009.0,0.0028984682207722,-0.0291863190624253,0.0113817738129102,0.0030933744768384,0.2041177253759638,,311.6262481689453,311.320400390625,278.50092475891114,1,1,0.4307955760248774,0.8262553944014182,0,46.80968623127333,68.35665305563673,0.1326451169578758,0.1598782550300521,-0.0296579132074533,0.1800184167344725,0.4941028617505507,-0.0163361937644113,-0.1272932125819191,0.1390470746951901,0,,
2025-07-30,309.67999267578125,310.32000732421875,307.1700134277344,306.5899963378906,5296.0,-0.0099620297947361,-0.0353344998034438,-0.0150035766922028,-0.0051754667921491,0.1938398008353983,,311.3929977416992,311.3464001464844,278.7971747589111,1,1,-0.0378794256987475,0.6534284303813851,0,42.42478064070158,68.86227127949407,0.1238989544662058,-0.0039708620128054,-0.0393244899871672,-0.3011854351163955,0.4897973879464398,-0.041101022307967,-0.133051960200785,0.1256793794597834,0,,
2025-07-31,307.19000244140625,308.3699951171875,306.5,306.9200134277344,11459.0,0.0010764118000772,-0.0226411023762078,-0.0139274594370305,0.0242958163910063,0.1784898969220998,,311.23349914550784,311.3136004638672,279.088074798584,0,1,-0.3783171158855793,0.4470793211279922,0,43.03948399125005,69.34980222859178,0.1240316267145116,0.5902574269529374,-0.0382904075321441,1.413891021836614,0.4921708987556886,-0.032070680664311,-0.0976579130827643,0.1213764077518597,0,,
2025-08-01,306.4599914550781,312.1700134277344,305.9800109863281,311.8699951171875,4982.0,0.0161279208682774,0.0056915692050432,0.0056754372602021,0.0321694569487007,0.1910708809922827,,311.3087493896484,311.4114001464844,279.39829978942873,0,1,-0.24586016156411,0.3084914245895718,0,51.41783727345686,69.06147537678095,0.1362867565443483,0.7429390074303205,-0.0227800313265592,1.8720962335706712,0.5084421137997,0.0115311593493958,-0.0618477883894378,0.1461011085779961,0,,
2025-08-04,312.8500061035156,315.1400146484375,312.3699951171875,314.17999267578125,5778.0,0.0074069246633545,0.0174881595888083,0.0122919870521649,-0.0084579713427928,0.1935568877520557,,311.5622497558594,311.43650024414063,279.7114747619629,1,1,0.0449917892202051,0.2557914975156984,0,54.76195239065111,68.23463782547456,0.138492877565687,-0.1156765121173992,-0.0155418366390694,-0.4922102452565825,0.5045392630596621,0.0029418248121559,-0.1247356565949839,0.1236845556638717,0,,
2025-08-05,313.4599914550781,315.45001220703125,284.7140808105469,315.2650146484375,4254.0,0.0034535043540342,0.0180512701245536,0.019912101156728,-0.0002536478205013,0.1893203207270064,,311.97425079345703,311.5992004394531,280.01877487182617,1,1,0.3589089816509272,0.2764149943427442,1,56.284095679215966,68.44454143310764,0.1377462409631175,0.0778603837112506,-0.0121420060855379,-0.0147609930180395,0.508861554599869,0.0080721927184734,-0.109266231749632,0.132951490706966,0,,
2025-08-06,314.2300109863281,314.5599975585937,312.8599853515625,314.3900146484375,2259.0,-0.0027754427524276,0.0254412029215413,0.0239883426377862,0.0092453044606155,0.1744775296180747,,312.2852508544922,311.7465008544922,280.3188249206543,1,1,0.5309647992914961,0.3273249553324946,1,54.68607412114369,68.6394519259098,0.1356127615257687,0.3015842523272952,-0.0148837493951755,0.5380289660012906,0.5035919413807681,0.0038575693885563,-0.1014202427437203,0.1148091751778357,0,,
2025-08-07,315.44000244140625,315.8800048828125,313.9100036621094,315.2250061035156,3524.0,0.0026559095905505,0.0270591434655227,0.0228931835297974,0.012218202144109,0.1853683856105479,,312.584001159668,311.8713012695313,280.6148249816895,1,1,0.7263244898788912,0.4071248622417739,1,55.97075954395209,68.60635595824294,0.1354077348055583,0.3713794145709448,-0.0122673696973869,0.7110362556466931,0.5053527021096617,0.0096428644709452,-0.0991672648587463,0.1300038679360535,0,,
2025-08-08,316.1400146484375,316.7799987792969,315.0299987792969,315.9200134277344,8577.0,0.0022047975597168,0.012986239054594,0.0215683538487772,0.0466125792271596,0.1811418551086507,,312.71000213623046,312.06460144042967,280.9258250427246,1,1,0.9265490540673228,0.5110097006068837,1,57.06194730092066,68.42314392961381,0.1351931876111272,1.2431998607367083,-0.010089619204443,2.712611348936819,0.5025482116933746,0.0033552223458699,-0.0452208871904625,0.1070357993232145,0,,
2025-08-11,313.3099975585937,313.4100036621094,311.3869934082031,311.8599853515625,42199.0,-0.012851443098272,-0.0073843254768067,-0.0049138754783465,0.0303800457504022,0.151114609090142,,312.718000793457,312.0155010986328,281.20962493896485,1,1,0.7489843042175721,0.5586046213290213,1,49.36525668647917,68.38019713054115,0.135539432208041,0.8329559556280282,-0.0228113961356259,1.7679617444499522,0.4970727316734908,-0.0241607885943564,-0.0519468468560114,0.0883717894895441,0,,
2025-08-12,311.4100036621094,312.6499938964844,299.52203369140625,312.0,10959.0,0.0004489663791897,-0.0103564128486581,0.0009624247071555,0.0510712971605513,0.1505485905588,,312.82250061035154,312.013701171875,281.4905749511719,1,1,0.6125004487494721,0.5693837868131115,1,49.61764256208162,68.69734465744192,0.1342074036896632,1.3745082924327938,-0.0223726713063634,2.972085702606122,0.4920574308035093,-0.0268850251206359,-0.0418731646931733,0.0771961190423144,0,,
2025-08-13,312.4700012207031,313.760009765625,312.20001220703125,312.4649963378906,53467.0,0.0014903728778545,-0.0061230262440094,0.0082443052679477,0.0425055967134586,0.1566352152412797,,312.7860000610352,311.9790008544922,281.7710499572754,1,1,0.5356823160207682,0.5626434926546429,0,50.500075503563416,68.80162661433786,0.1325825748844469,1.1680208816441635,-0.020915642051029,2.473606179918858,0.4911096320745097,-0.02732395377065,-0.0482975327032612,0.0757236998234969,0,,
2025-08-14,313.2099914550781,313.2799987792969,310.57000732421875,310.9150085449219,3914.0,-0.0049605165734872,-0.0136727654061125,-0.0072798056353964,0.0497679458410467,0.1422929674071793,,312.7950012207031,311.94730102539063,282.03387496948244,1,1,0.3457467776514704,0.5192641496540084,0,47.51278703565072,68.94916714627698,0.1284272955092634,1.3638832742442335,-0.025772406235477,3.7831930203113817,0.4886280064609,-0.0391879218622496,-0.0356872851885011,0.0735012270948365,0,,
2025-08-15,311.5400085449219,315.1000061035156,310.54998779296875,311.260009765625,2367.0,0.0011096319290526,-0.014750580729433,0.0016896211846519,0.0330568283311716,0.1528575911107814,,312.7430023193359,311.9623010253906,282.2895750427246,1,1,0.2205182135988366,0.4595149624429741,0,48.24662612145048,68.74676935806217,0.1255191642813313,0.9579273519159064,-0.0246913721912718,2.93762378393189,0.4903182112390974,-0.0222848292288695,-0.0477705534807554,0.08591883951094,0,,
2025-08-18,311.79998779296875,312.3299865722656,310.3800048828125,310.44500732421875,1109.0,-0.0026183975320823,-0.0045372221311067,-0.0059397391650867,0.016885579727508,0.148286492607004,,312.4350021362305,311.96520141601565,282.5612501525879,1,1,0.0548771984186942,0.3785874096381181,0,46.58948977662962,68.56557937228544,0.1245308305398944,0.5338926585982493,-0.0272451178953447,1.500551720088377,0.4891407905812578,-0.0302310000303474,-0.0656247732918886,0.0818485430013753,0,,
2025-08-19,310.6499938964844,311.1000061035156,303.8606872558594,309.7300109863281,2954.0,-0.0023031336340477,-0.0072756058130508,-0.0217147542250898,0.0037918506513867,0.1339813642055809,,311.9722534179688,311.96100158691405,282.82885025024416,1,1,-0.1325606518068411,0.2763577973491262,0,45.1251575634914,68.64665933845951,0.113675202834245,0.1760399720420716,-0.0294855023820042,0.3369661041597147,0.4906762532552665,-0.0385950934607074,-0.088251845958836,0.07735239896245,0,,
2025-08-20,309.4200134277344,311.6000061035156,309.239990234375,311.010009765625,3267.0,0.0041326275591466,-0.0046564786114225,-0.0250011002152594,0.0131278866215049,0.1391681522209091,,311.6317535400391,311.9579016113281,283.1056503295898,0,1,-0.1757948409364189,0.1859272696920172,0,48.2603593061522,68.61939914088023,0.111046542532194,0.4348993324588844,-0.0254747274225968,1.1666210558902546,0.4940166412528716,-0.0391346315618521,-0.0769561110509159,0.0877189777871687,0,,
2025-08-21,310.6400146484375,311.4100036621094,310.07000732421875,311.2449951171875,6038.0,0.0007555555904441,0.0010613401193142,-0.0206878486423413,-0.0053686753737056,0.1331597185765456,,311.4925033569336,311.86950134277345,283.38352531433105,0,1,-0.1889191509168881,0.1109579855702361,0,48.83826028178357,68.5940861002709,0.1108605348317961,-0.088622846095037,-0.0247384194048718,-0.4770920037460296,0.4963812737340201,-0.0227525280095524,-0.0963683056558527,0.0818204388746151,0,,
2025-08-22,310.0,314.239990234375,309.3500061035156,314.3550109863281,11210.0,0.0099921795303716,0.0099434592417884,0.0010349718443927,0.0235242600483542,0.148538534768295,,311.7050033569336,311.77380126953125,283.70845039367674,0,1,0.0510436288408868,0.0989751142243662,0,55.86452240923305,67.93823909322762,0.1095663127261816,0.760275047834996,-0.0149934306024912,2.0905038173998043,0.4937586946436824,-0.0158580716889394,-0.0651423954939556,0.0614475055091132,0,,
2025-08-26,314.32000732421875,314.79998779296875,283.35955810546875,314.8500061035156,5474.0,0.0015746372727902,0.0141893046284247,0.0153012526372773,0.0254865641644455,0.1480401316445418,,312.00850372314454,311.7272015380859,284.02592544555665,1,1,0.2779537519156747,0.134770841762628,1,56.87956706682662,68.32149101922941,0.099615794677843,0.8174378001443834,-0.0134424025443745,2.2648856783873947,0.4946511347148654,0.0026169078945048,-0.0685525603904182,0.0564044730175303,0,,
2025-08-27,314.45001220703125,315.5287170410156,314.1000061035156,315.3500061035156,8661.0,0.0015880577745188,0.0181448194164031,0.0212773086022153,0.0205997736256051,0.1680062873062966,,312.29225463867186,311.7358013916016,284.3479754638672,1,1,0.4924508141320416,0.2063068362365107,1,57.93202016086144,68.550746442164,0.0979532296211737,0.6768815665352443,-0.0118756920817244,1.8306167893647345,0.4943104062559078,0.0059730904987476,-0.071447488955453,0.0670007158200352,0,,
2025-08-28,316.0400085449219,317.6700134277344,315.9200134277344,317.1050109863281,11602.0,0.0055652603419846,0.0195974439063755,0.0239929716194149,0.0354280123770298,0.1681033247151462,,312.81800537109376,311.7668017578125,284.7118505096436,1,1,0.7948924824274286,0.3240239654746943,1,61.485373052644896,68.3794751733493,0.0990269435402455,1.1163285464704438,-0.0063765230579159,3.148341115292581,0.4953072851838971,0.0024375965544487,-0.0623310928693521,0.0638605655684012,0,,
2025-08-29,317.3900146484375,320.7900085449219,317.0,320.6700134277344,68982.0,0.0112423402907371,0.0302816702546437,0.0459245808996529,0.0202186053384862,0.1963959813758857,,313.50550537109376,311.9064019775391,285.1018756103516,1,1,1.3071772608060996,0.5206546245409753,1,67.49214545819127,67.66392901093607,0.0962553733355391,0.7080399452832976,0.0,1.796743938203599,0.5038807253010227,0.0287533941608584,-0.0653260227921258,0.0786685444667054,0,,
2025-09-01,323.989990234375,324.07000732421875,322.70001220703125,323.5050048828125,12348.0,0.0088408374227888,0.0291071991115239,0.0540368523702776,0.0365760155047174,0.2178782476984579,,314.087255859375,312.1006018066406,285.5075756072998,1,1,1.9197965364559195,0.8004830069239642,1,71.32245643860843,66.42925799642074,0.0988783206655159,1.2205188476814302,0.0,3.250359411123558,0.508335452873886,0.0328433764756608,-0.0449247531852051,0.1151724763616395,0,,
2025-09-02,324.5299987792969,327.0,283.48712158203125,327.0,14830.0,0.010803527192581,0.0385897845353375,0.0485138202446415,0.0407383427615357,0.2137408445286241,,314.72825622558594,312.32830200195315,285.9393756103516,1,1,2.6566939095018824,1.171725187439548,1,75.20170070897977,66.67780225404711,0.0910620633901956,1.3393434039778485,0.0,3.6202482408576375,0.5176632778148327,0.0181361137578099,-0.0341900256745543,0.1000643778243846,0,,
2025-09-03,329.1099853515625,331.9100036621094,328.67999267578125,331.760009765625,8144.0,0.014556604787844,0.0520374293467515,0.0559552406253491,0.06163203125,0.2230332442009177,,315.5530059814453,312.7928021240234,286.4000256347656,1,1,3.5834753208612824,1.6540752141238948,1,79.30723480088766,66.29693731542645,0.0991489013672667,1.940681068393664,0.0,5.476984029992591,0.5223676373157797,0.0353359501657046,-0.0248470533818482,0.0894607418920976,0,,
2025-09-04,329.2799987792969,331.1099853515625,329.0899963378906,330.07000732421875,15098.0,-0.0050940510961527,0.0408854981432305,0.0469604681391329,0.062993130473822,0.2096680533752313,,316.3370056152344,313.2034020996094,286.8310256958008,1,1,4.133933778072162,2.1500469269135483,1,74.5858603971458,65.9432770152787,0.1025988646222677,1.9849211715049584,-0.0050940510961527,5.597939295637975,0.5153993151539417,0.0128478178297699,-0.0217457197686298,0.0801100681426369,0,,
2025-09-05,330.8299865722656,334.6498413085937,330.0,334.1000061035156,12667.0,0.0122095273422959,0.0418810369333388,0.0626928036411034,0.0767000297996343,0.2280831505045579,,317.2807556152344,313.6961022949219,287.27635070800784,1,1,4.839575676764412,2.6879526768837207,1,77.95600276436156,65.14886763116125,0.1064868026714468,2.3549231114198075,0.0,6.816014818796883,0.5232074304151292,0.0389511575196745,-0.0053577136342104,0.0802163558842701,0,,
2025-09-08,334.7900085449219,339.2799987792969,334.6199951171875,338.44000244140625,11770.0,0.0129901115193213,0.0461662024796303,0.0736457955060427,0.0919532805559291,0.2449970828455037,,318.406755065918,314.3694024658203,287.73152572631835,1,1,5.683487690708262,3.287059679648629,1,80.89435392247246,63.81525629606169,0.1120353700180329,2.750119630208941,0.0,8.171508205974495,0.528705156967241,0.0462102107302313,0.0119664397544014,0.0985330455387405,1,,
2025-09-09,339.5299987792969,343.760009765625,300.78924560546875,338.7850036621094,8880.0,0.0010193866511476,0.0360397665507932,0.0723758839659751,0.0887631782453459,0.2509369090441555,,319.7530059814453,315.02130249023435,288.1798757171631,1,1,6.307424691424444,3.891132682003793,1,81.10991149947465,63.71527500149219,0.1122714779777491,2.6626315715988067,0.0,7.888016991183382,0.5280233722242559,0.050691973303498,0.0038115417240869,0.0718962622739651,1,,
2025-09-10,339.04998779296875,340.3999938964844,338.9200134277344,339.19000244140625,9536.0,0.0011954448246498,0.0223956850044411,0.0876355363739096,0.0745251873336367,0.2471825676418848,,321.1125061035156,315.57990234375,288.6141007232666,1,1,6.756692333166825,4.464244612236399,1,81.37555709625384,63.622435227963365,0.0961002505432091,2.305534564472547,0.0,6.622745552598259,0.5271307395524317,0.0604700398224318,-0.0082453145012257,0.0567405776023774,0,,
2025-09-11,338.17999267578125,338.7300109863281,336.6700134277344,338.45001220703125,7843.0,-0.0021816392849103,0.0253885681729968,0.0847756801507411,0.0605063504175917,0.2353317078827077,,322.41175689697263,316.1238024902344,289.0776007843017,1,1,6.972652747936024,4.965926239376325,1,79.18444074220511,63.59650242018607,0.0977517420488856,1.9152589696207711,-0.0021816392849103,5.376949424335019,0.5216457249465105,0.0601317900934545,-0.0401044853998978,0.0435810460577403,0,,
2025-09-12,339.7200012207031,340.0899963378906,338.7300109863281,339.1849975585937,13620.0,0.002171621583848,0.0152199681597806,0.0855135824295942,0.0693770268962259,0.2201338518434596,,323.82525634765625,316.705302734375,289.5465258026123,1,1,7.121023383017359,5.396945668104532,1,79.76716824304906,63.40444646704285,0.0975684284896535,2.191236613844688,-1.47553960214708e-05,6.1652498003462375,0.5229535792237161,0.0648408116425929,-0.0225391106495235,0.0173426987131779,0,,
2025-09-15,338.4800109863281,341.1600036621094,338.2446594238281,341.3099975585937,7961.0,0.00626501766085,0.0084800706077419,0.0977597998755992,0.0837990061146594,0.2251337163759192,,325.3277557373047,317.3242028808594,290.0205258178711,1,1,7.325632588474036,5.782683052178434,1,81.38936509499862,63.08752468455511,0.0922819945524768,2.630797597548193,0.0,7.446871519738215,0.5234430768291835,0.0712506649392585,-0.0230233020797657,0.0370901564101247,0,,
2025-09-16,343.6000061035156,344.5400085449219,310.6475524902344,342.7550048828125,11122.0,0.0042337093391784,0.0117183499204192,0.1011854852182998,0.0861973755394771,0.2266440721356177,,326.9432556152344,317.9971032714844,290.5012008666992,1,1,7.5177271931031555,6.129691880363378,1,82.421473128881,63.52855633796973,0.0914808155317423,2.6987606252189607,0.0,7.660004703430733,0.5263839294292655,0.0735557386274219,-0.0196591801568096,0.0478184851935636,0,,
2025-09-17,342.0799865722656,343.1000061035156,340.6499938964844,342.9549865722656,10338.0,0.0005834537398556,0.0110999266009019,0.1047205736315626,0.0932926899266601,0.212412035536629,,328.60450439453126,318.715703125,290.97375076293946,1,1,7.59850951448567,6.423455407187837,1,82.56557725285853,63.93808573042617,0.0889271056595736,2.925690600908705,0.0,8.290535983971289,0.5273462014899593,0.0781071864059854,-0.0120279350032834,0.0257418197194603,0,,
2025-09-18,338.5799865722656,341.7900085449219,338.0,338.67498779296875,11500.0,-0.0124797683278328,0.0006647232318606,0.093452283537091,0.0792873477926192,0.1961607576304991,,329.9877532958984,319.3258026123047,291.4334007263184,1,1,7.233783401955634,6.585521006141397,1,69.44449006859287,64.37803983121485,0.1047108265618932,2.454175865724335,-0.0124797683278328,7.045939081241032,0.5183431033994749,0.0563851418540426,-0.0314998965071041,0.0182563524535082,0,,
2025-09-19,339.5,342.010009765625,339.239990234375,341.67999267578125,8555.0,0.0088728279061738,0.0073558533990187,0.0986141344237407,0.0825848050564721,0.2058797268480476,,331.50950317382814,319.97440246582033,291.9076007080078,1,1,7.105308536329289,6.689478512178976,1,72.72217199626797,64.75711505741506,0.1059051782449504,2.538653838424993,-0.0037176712583407,7.338970487271567,0.520364989876833,0.0533349414245227,-0.0237804395850181,0.0185167005206263,0,,
2025-09-22,345.75,347.29998779296875,345.20001220703125,347.2550048828125,14945.0,0.0163164725080093,0.0174182044673281,0.1156966708880469,0.1254962994834361,0.2353652799758026,,333.15450286865234,320.65150268554686,292.40480072021484,1,1,7.368409731783231,6.825264756099828,1,77.5365396447379,64.39320676020996,0.1124698314858705,3.925749937337636,0.0,10.0,0.526365232187493,0.0604050959213651,0.0212951871082969,0.038850326737716,1,,
2025-09-23,349.3099975585937,352.67999267578125,304.3623352050781,351.7200012207031,13810.0,0.0128579754794244,0.0261556978313293,0.1188623973803937,0.1362666909329748,0.2528763846264812,,334.99800262451174,321.4519024658203,292.9320757293701,1,1,7.846754709799256,7.029562746839714,1,80.50429666329903,65.00419132349325,0.1144134341799863,4.173903290946865,0.0,10.0,0.5360512574121714,0.0856543150070685,0.0372927664718967,0.0783138362472257,1,,
2025-09-24,350.9800109863281,351.70001220703125,349.1600036621094,349.0799865722656,9990.0,-0.0075060122804357,0.0178594866376418,0.1087183732100547,0.1280112151718806,0.2379600431648711,,336.6845016479492,322.23530212402346,293.44572563171386,1,1,7.921505250992936,7.207951247670359,1,74.25743962485659,65.57153413225629,0.1222798909250028,3.896823467560901,-0.0075060122804357,10.0,0.5337257830735251,0.0789943570657807,0.0411255723937258,0.0714459948170682,1,,
2025-09-25,348.1199951171875,349.82000732421875,346.54998779296875,347.1400146484375,13988.0,-0.0055573851221817,0.0249945439154881,0.1008086504824312,0.1390042542871552,0.2331355994675061,,338.1862518310547,322.9142022705078,293.93592567443847,1,1,7.73504133064273,7.313369264264834,1,69.96133931401522,66.1443996144282,0.1271663954998306,4.33658587076613,-0.0130216836016433,10.0,0.5332196431509556,0.0787141771700923,0.0613914918832232,0.0594167216582091,1,,
2025-09-26,348.3099975585937,353.0,348.2900085449219,351.5400085449219,6003.0,0.0126749833232,0.0288574575055577,0.1085917799011961,0.1481106690026365,0.2353375250273732,,339.72975158691406,323.730302734375,294.43907569885255,1,1,7.851799409510761,7.421055293314019,1,73.68056338462988,66.30041115917346,0.1301852778331423,4.535898093502111,-0.0005117499009341,10.0,0.5369022245953493,0.0839780488914248,0.0688691094617557,0.0524600755086752,1,,
2025-09-29,355.2300109863281,356.44000244140625,354.1600036621094,356.0799865722656,20140.0,0.0129145414945384,0.025413547869328,0.1104249591847514,0.143995294610411,0.2380654522026009,,341.3585006713867,324.60590270996096,294.95200065612795,1,1,8.215960830639801,7.580036400779176,1,76.86367917462921,66.03508991011509,0.1313270236142984,4.472686972962004,0.0,10.0,0.5423119386506728,0.0762704573124741,0.0617091400642177,0.0306462425288716,1,,
2025-09-30,358.8699951171875,358.9200134277344,327.9760437011719,357.1099853515625,57324.0,0.0028926050835149,0.0153246449225308,0.1038777761133036,0.1473228695102089,0.227730571548598,0.4344647107017529,342.86399993896487,325.41600219726564,295.48732559204103,1,1,8.4898084469026,7.761990810003861,1,77.5277138329075,66.3727450578905,0.1307690549372611,4.5707214563646295,0.0,10.0,0.5418396315310106,0.0659095848375475,0.0656104760823177,0.0250422589633689,1,,
2025-10-01,359.0899963378906,364.760009765625,356.8254089355469,359.3800048828125,21564.0,0.0063566397590792,0.0295061839886217,0.0990214216599769,0.1588791779000409,0.2328221770900944,0.4533616975166445,344.24499969482423,326.2239025878906,296.0427256011963,1,1,8.788695647927284,7.967331777588546,1,78.96089557180375,66.07796270763541,0.1290713630510825,4.912599144065093,0.0,10.0,0.5434321582207274,0.0497792320032255,0.0811428599506405,0.0286951953158558,1,,
2025-10-02,359.6000061035156,362.55999755859375,356.4700012207031,356.94500732421875,13275.0,-0.0067755510198397,0.0282450661463247,0.0759133012335813,0.1500814156089849,0.2252257706938005,0.4411830137320167,345.58874969482423,327.00640258789065,296.5907256317139,1,1,8.728465636672126,8.119558549405262,1,73.54278689079513,65.81302214980282,0.1293610864676797,4.612243308660781,-0.0067755510198397,10.0,0.5391291738192568,0.0320876243206937,0.071700929915172,0.0276429093653942,1,,
2025-10-03,359.1300048828125,361.8599853515625,358.9700012207031,361.6000061035156,12078.0,0.0130412211511019,0.0286169349549532,0.095525185808009,0.1698101751460867,0.2474127225494453,0.4563908442719178,346.96374969482423,327.957802734375,297.1673756408691,1,1,8.953146121511054,8.28627606382642,1,76.81768752200684,65.5670059175297,0.1293962196162298,5.118412971247935,0.0,10.0,0.546168082224994,0.0596988900962396,0.081977703492114,-0.0052936597841947,1,,
2025-10-06,365.9700012207031,368.3200073242188,365.55999755859375,367.7099914550781,116629.0,0.0168970830985366,0.032661214674732,0.1005985774844582,0.1976549100724161,0.3032890492802507,0.4878309700717331,348.4272491455078,329.10990234375,297.7748755645752,1,1,9.51455392404216,8.531931635869569,1,80.26983965992038,64.59322459495658,0.1339077510933759,5.795041893104086,0.0,10.0,0.5534120641240556,0.0577297491454988,0.1031687441992381,-0.0250748228518904,1,,
2025-10-07,367.9500122070313,371.2799987792969,324.31793212890625,370.6799926757813,12142.0,0.0080770207220925,0.0379995180220447,0.0952605779512034,0.2028425107062061,0.3318004187793035,0.5208007890447732,350.0219985961914,330.3479022216797,298.4184754943848,1,1,10.08289855133438,8.842125018962532,1,81.69664588599562,64.74110749779568,0.1310848806890764,5.9135241731631405,0.0,10.0,0.5599580484701523,0.0591121366815943,0.1187387455945219,-0.0018206298699574,1,,
2025-10-08,375.1000061035156,376.760009765625,374.9700012207031,376.2699890136719,23718.0,0.0150803832101613,0.0469975621942764,0.110645350137601,0.2167178302786478,0.341952171461783,0.5415215480310227,351.87599792480466,331.67980224609374,299.0758504486084,1,1,10.859203610482382,9.245540737266502,1,84.03656247787664,64.37833390884643,0.1355243793166803,6.167608582239899,0.0,10.0,0.5650331276481313,0.0700911311330307,0.1281085600003684,-0.0158339003654606,1,,
2025-10-09,374.6600036621094,377.4522399902344,372.6499938964844,373.1499938964844,35238.0,-0.0082919053028014,0.0453991125796764,0.1001208502922919,0.1906509290479927,0.2966953057733763,0.5238075239138269,353.61099700927736,333.0110021972656,299.72267539978026,1,1,11.094779717441156,9.615388533301433,1,78.03985040017398,64.0956198106642,0.1427135875373937,5.4809125036714335,-0.0082919053028014,10.0,0.5619759817981865,0.0661036051043819,0.1032554472673783,0.0538994820987281,1,,
2025-10-10,369.0700073242188,373.8200073242188,368.1499938964844,373.5199890136719,42908.0,0.0009915452853797,0.0329645539517604,0.1036193693064138,0.1983316470503688,0.2635993954711544,0.5040669828530628,355.32774658203124,334.3430017089844,300.3703003692627,1,1,11.182426936316176,9.928796213904382,1,78.23817065879487,63.9398873171251,0.141231389110895,5.725513658983789,-0.0073085818170316,10.0,0.5781595790902933,0.1083376158207327,0.1433944679262058,0.0092767031079101,1,,
2025-10-13,378.5799865722656,381.4299926757813,378.3299865722656,380.80999755859375,16338.0,0.0195170506514847,0.0356259182723786,0.1227206400625351,0.2287760738881654,0.2610020526277921,0.539621586467439,357.30274658203126,335.7218017578125,301.05220039367674,1,1,11.70520048817707,10.28407706875892,1,81.73766177650084,63.050888700740856,0.1497745964417434,6.365927410082107,0.0,10.0,0.5805357774577387,0.1101095785968209,0.1497906125909671,0.0096809985677959,1,,
2025-10-14,382.3800048828125,385.5199890136719,344.9888610839844,385.1400146484375,30137.0,0.0113705446747822,0.0390094481989045,0.1284170326195013,0.2297131360390476,0.2884815159408427,0.5483637780132717,359.4219970703125,337.1410021972656,301.76640045166016,1,1,12.326802776851366,10.69262221037741,1,83.44096075945716,63.0324717944659,0.1511115371479898,6.38053340938056,0.0,10.0,0.5878549692905869,0.1230542446976008,0.1559266911011352,0.0429666101192984,1,,
2025-10-15,390.5899963378906,392.30999755859375,387.8999938964844,389.8399963378906,27376.0,0.0122033066175772,0.0360645486497348,0.1373721485735166,0.254573880365706,0.2979739791021982,0.56045232102477,361.76624755859376,338.6325018310547,302.4977503967285,1,1,13.04826404631774,11.163750577565477,1,85.0688302278101,62.45018288389642,0.15257702520389,7.035876085114708,0.0,10.0,0.5923987529752621,0.1254119281672856,0.1812680717408128,0.0430769342462209,1,,
2025-10-16,392.9800109863281,397.510009765625,392.9800109863281,397.2900085449219,53201.0,0.0191104357608653,0.0646925232300397,0.1584319345104698,0.2721422480755748,0.2849796815977559,0.5793993577168637,364.6969985961914,340.2905017089844,303.24450042724607,1,1,14.059116281972592,11.7428237184469,1,87.21443560172611,61.48310068265308,0.1574169867124987,7.266925156897333,0.0,10.0,0.6078594310483101,0.1526762292605303,0.2051402048668738,0.0166041758105324,1,,
2025-10-17,405.25,405.6000061035156,392.6700134277344,396.05999755859375,47977.0,-0.0030960028187797,0.0603448522378726,0.1694397632951398,0.2509593462363004,0.2893417768149455,0.5604893874744761,367.415998840332,341.9072015380859,303.99240043640134,1,1,14.592756145391434,12.312810203835806,1,85.0416133755618,59.93990950756192,0.1456460043435805,6.805021134593153,-0.0030960028187797,10.0,0.6025571489605384,0.1624677650937349,0.1806183723743741,0.0157449134033518,1,,
2025-10-20,394.1799926757813,404.989990234375,394.0700073242188,404.6499938964844,22962.0,0.0216886239227425,0.0626033888047343,0.1842952545379357,0.2685549868452523,0.2723442049995148,0.5907303488059059,370.2857482910157,343.68180114746093,304.7845503997803,1,1,15.529792713253414,12.956206705719328,1,87.40210505712034,58.506946273548685,0.1536885602675456,6.987618270615608,0.0,10.0,0.6092888679597978,0.1708875112908969,0.1850705496736138,-0.0063803568734291,1,,
2025-10-21,403.8500061035156,403.9400024414063,371.1184387207031,383.9700012207031,54512.0,-0.0511058766531737,-0.0030378911129304,0.1057292071291551,0.2081366571394058,0.2585879707640228,0.4997363943926087,371.8982482910157,345.12400146484373,305.4676503753662,1,1,14.437274452248175,13.2524202550251,1,62.02564269823306,57.890821301378935,0.2535014746704032,4.398613723959524,-0.0511058766531737,10.0,0.5781592339103379,0.0983993595237986,0.1382473103720718,-0.0018780917588874,1,,
2025-10-22,386.3999938964844,386.5799865722656,373.0700073242188,374.9200134277344,78512.0,-0.0235695178378451,-0.0382720681569689,0.0659615948098251,0.1938987195017363,0.2101611193383989,0.4776919896890712,373.19024963378905,346.3824017333984,306.0981004333496,1,1,12.694849159403248,13.140906035900729,0,54.56002052304468,57.318705255792736,0.2700011610381614,4.008116572818987,-0.0734708536196231,10.0,0.5674826185228373,0.0586349918520912,0.1310857804318783,-0.0149608854794862,1,,
2025-10-23,382.5199890136719,386.2000122070313,379.0833740234375,385.2300109863281,29725.0,0.0274991923326093,-0.0303556527957086,0.1035579976068861,0.2422566464213378,0.2631941882258075,0.5101136878452595,375.0947494506836,347.8377020263672,306.7790754699707,1,1,12.007480439946391,12.914220916709862,0,60.40672816666001,56.78745464203413,0.279594200837323,4.790171700349182,-0.0479920504215407,10.0,0.5796506579975721,0.0860458242425219,0.1749039061955182,0.0295308471635262,1,,
2025-10-24,381.8139343261719,381.8139343261719,381.8139343261719,381.8139343261719,0.0,-0.0088676285926162,-0.0359694574565417,0.0998845371163852,0.2365241784947238,0.2305860954839156,0.4925684608503884,376.6084457397461,349.2556805419922,307.43377014160154,1,1,11.059598770160676,12.543296487400024,0,57.75507257997862,56.29415050068685,0.2813767015744519,4.6653131488072415,-0.0564341033356207,10.0,0.5698533745444144,0.068702891695773,0.1597108882729161,-0.0047962577378352,1,,
2025-10-27,378.3800048828125,378.6099853515625,369.6600036621094,370.9800109863281,77909.0,-0.0283748767811827,-0.0832076693883987,0.0552995447712236,0.1979656918057084,0.2016714483008681,0.4470492571361639,377.3534469604492,350.45008056640626,308.0441702270508,1,1,9.326676525752305,11.89997249507048,0,50.2250690918554,56.21536962505909,0.3018934738521136,3.77783231403638,-0.0832076693883987,9.516704074174788,0.5472278149705672,0.0192317891455935,0.1075180035019442,-0.0334615211561313,1,,
2025-10-28,366.0499877929688,372.7674865722656,361.5799865722656,368.5700073242188,45951.0,-0.0064963167576113,-0.0401072840261614,0.0350764469303257,0.202159273709702,0.1959375383097432,0.4266305346110202,377.926448059082,351.6125805664062,308.6405202484131,1,1,7.670435996252706,11.054065195306926,0,48.70387310740193,56.36787760139774,0.3011387909341476,3.864153261848733,-0.0891634427690004,9.069155124784304,0.5422327073306934,-0.0001460991623687,0.1070551225356626,-0.0402407315680275,1,,
2025-10-29,372.2699890136719,374.8599853515625,371.5799865722656,371.9299926757813,28033.0,0.0091162744791841,-0.0079750897387861,0.0414998401952524,0.2118140766449361,0.2412560889511381,0.4298400724950879,378.55394744873047,352.8565802001953,309.24839523315427,1,1,6.553432293250864,10.153938614895711,0,50.93508120167379,56.29137251788013,0.3021889171171262,4.021446014833892,-0.0808600067076075,9.502283439464527,0.546913065455441,0.0093633496503293,0.111225931557823,0.0027059261184352,1,,
2025-10-30,368.7900085449219,373.1400146484375,368.5299987792969,371.9500122070313,42813.0,5.382607384252225e-05,-0.0344729081342733,0.0349769245740805,0.1926444288661635,0.2310111524756812,0.4523057806451984,379.3041976928711,354.07538024902345,309.8388952636719,1,1,5.605200952443056,9.244191082405182,0,50.94877130090791,56.31414879047836,0.3018622463446001,3.725975015776505,-0.0808105330104569,8.642305530942677,0.5530247879885113,0.0176519361665887,0.0876848572901154,0.0204139544020405,1,,
2025-10-31,373.9200134277344,375.2699890136719,369.6000061035156,370.5199890136719,28220.0,-0.0038446649991329,-0.0295797096364008,0.0380310171340281,0.1793239469453766,0.1693492587982434,0.4461574543186228,379.7501968383789,355.2608801269531,310.4243952178955,1,1,4.684331801599853,8.332219226244117,0,49.87818902592174,56.09345676004155,0.3009810218686284,3.4902669536727573,-0.0843445085817633,8.04472959658324,0.549097493169748,0.018489667846899,0.0883146929732936,-0.0474369548366986,1,,
2025-11-03,374.4299926757813,375.2000122070313,371.510009765625,371.8200073242188,28007.0,0.0035086320552033,0.0022642630681297,0.0282632772350603,0.1793887366121092,0.1790895872295437,0.4544103899911413,379.955697631836,356.4101800537109,311.0208452606201,1,1,4.013175587944716,7.468410498584237,0,50.88851261402064,55.88852844606451,0.2983558954669388,3.4913834846602883,-0.0811318103730504,8.04763615400847,0.5499918565187214,0.0070010943849923,0.0808280789677542,-0.0372699323902461,1,,
2025-11-04,371.489990234375,371.9599914550781,354.3681335449219,369.2900085449219,29527.0,-0.0068043642877205,0.0019534992169607,0.0042969109530894,0.1746238472550585,0.1854836023496311,0.4444010294117384,379.886198425293,357.49898010253906,311.58839530944823,1,1,3.2397834884367853,6.622685096554748,0,48.82580042187669,56.2592282326239,0.294210967247944,3.397673263095798,-0.0873841242676705,7.833876379655599,0.5528021799809046,-0.0011020434549368,0.0977184791027632,-0.0136123955121065,1,,
2025-11-05,369.6700134277344,370.8299865722656,368.1400146484375,370.2300109863281,22112.0,0.0025454315569219,-0.0045707034198102,-0.0012139357352549,0.1744944208669461,0.1888446311182268,0.4846614197203009,379.5841995239258,358.5965802001953,312.1522454071045,1,1,2.671914847527887,5.832531046749375,0,49.64252602169471,56.60344946300047,0.2930066861125409,3.3954092671195624,-0.0850611230182334,7.828070126153138,0.5522953745063156,-0.0136843715074221,0.0928909100528909,-0.0154880922860405,1,,
2025-11-06,372.510009765625,373.739990234375,369.9500122070313,369.9500122070313,41852.0,-0.0007562833130433,-0.005377066633585,-0.0167963882083908,0.1710242988187771,0.2256087617243964,0.4718227944355064,379.4242004394532,359.6534802246094,312.7186205291748,1,1,2.174218262170598,5.10086848983362,0,49.389670131215865,56.55490889968895,0.2879003912503911,3.332782245700947,-0.0857530760233493,7.672395471316522,0.557863180581491,-0.0126894277800739,0.1100689796541676,0.0598706755515947,1,,
2025-11-07,372.8900146484375,373.5499877929688,370.75,373.5499877929688,81409.0,0.0097309784218169,0.0081776931586412,0.0010719386386897,0.1978131383924186,0.2342027563372133,0.4886027901437979,379.425700378418,360.71107971191407,313.29144554138185,1,1,2.046685163550478,4.490031824576992,0,52.72385273274183,56.5098355194711,0.2886394403541283,3.835090796236843,-0.07685655893392,8.874181257583205,0.5627377058646343,0.0013554388285608,0.1321033523003159,0.073294152833194,1,,
2025-11-10,379.1600036621094,381.8200073242188,379.0400085449219,380.9200134277344,42614.0,0.0197296904714403,0.0244742238832258,0.0198115887548702,0.2208974789350459,0.2832502968843058,0.5590390478985332,379.4312011718751,361.8593798828125,313.9172456359863,1,1,2.511364294600924,4.094298318581778,0,58.71965928550048,55.40539369585344,0.2964708390245996,4.173195223106387,-0.058643224580946,9.90977790122304,0.5650235398050943,-0.0227204387167083,0.148287790070428,0.100205346321649,1,,
2025-11-11,384.1000061035156,385.5799865722656,350.4597473144531,382.1700134277344,22245.0,0.0032815288142824,0.0348777507779383,0.0035713764813418,0.2230810423784772,0.2750688319136936,0.5748872890664845,379.2827011108399,362.9627801513672,314.5421957397461,1,1,2.946524704459818,3.8647435957573855,0,59.65426591087054,55.483241131529866,0.2890054333295608,4.210412937437915,-0.0555541351978884,10.0,0.5655829209584248,-0.0257569939354899,0.151642900118514,0.0960213894875614,1,,
2025-11-12,382.9100036621094,390.1099853515625,382.5899963378906,390.1099853515625,24074.0,0.0207760202131335,0.053696280083487,0.0129043218416597,0.254715837544389,0.3171604673932016,0.6095969983693275,379.2962005615235,364.1297796630859,315.2086956787109,1,1,3.887271792096613,3.869249235025232,1,65.06482497913692,55.07695666119036,0.2953008356441656,4.679259199462404,-0.0359323088205493,10.0,0.5770123714982938,-0.0184443414765682,0.1808827244217044,0.1387402258610928,1,,
2025-11-13,392.510009765625,394.8399963378906,389.3599853515625,391.4200134277344,78880.0,0.0033580993190709,0.0580348709616693,0.0040529886740361,0.2575338981787891,0.2991039803715143,0.6265791822661217,379.0027008056641,365.3567797851563,315.86362075805664,1,1,4.6845286241893405,4.032305112858054,1,65.87789263690891,54.20825046417488,0.2925656200840761,4.726179315371685,-0.0326948737632613,10.0,0.5887192639138191,-0.0062111694917708,0.2006881458187113,0.1433306085351695,1,,
2025-11-14,388.9299926757813,389.0700073242188,375.30999755859375,381.5350036621094,101770.0,-0.0252542267296458,0.0213760303308216,-0.0396561819928855,0.2289938464484517,0.2497461200272737,0.5921837661719092,378.2764511108399,366.30547973632815,316.46209579467774,1,1,4.467227316187234,4.11928955352389,1,55.400390232827895,53.92394101881448,0.2970630280147305,4.105519474003225,-0.0571234167379924,10.0,0.573945610466683,-0.055792209266441,0.1733750722049771,0.0963725991051722,1,,
2025-11-17,380.3200073242188,380.6400146484375,376.9800109863281,378.4200134277344,47534.0,-0.008164362914218,-0.006563057628565,-0.0445386664636578,0.2217738030056064,0.2264065867963804,0.551728466004566,376.9649520874024,367.1050799560547,317.0380458068848,1,1,3.997579180780349,4.094947478975183,0,52.56335072726684,53.65993939097982,0.2978687923080233,3.97296504029166,-0.0648214033470615,9.949091056586411,0.574613055805377,-0.0463758387123399,0.1710635108042282,0.0677149942407195,1,,
2025-11-18,373.3200073242188,384.2173767089844,373.0899963378906,377.75,35581.0,-0.0017705549494207,-0.0115655683921683,-0.0664771884399578,0.2145911325640928,0.2305361472438793,0.5416164807249244,376.6539520263672,367.8843798828125,317.6013958740234,1,1,3.5306164174282912,3.982081266665805,0,51.94714498144482,53.5552575701759,0.2851792280586671,3.854705818358218,-0.0664771884399578,9.626866153177668,0.5784532641750377,-0.0506091698146611,0.1709185802082031,0.0808092399181199,1,,
2025-11-19,380.1099853515625,384.3299865722656,379.4100036621094,379.4100036621094,25767.0,0.0043944504622353,-0.0274281153808724,-0.0118759214107788,0.219007565147375,0.2124631092520075,0.5335583578914285,376.878451538086,368.68877990722655,318.160020904541,1,1,3.256949400184737,3.837054893369591,0,53.40460263174794,53.444679411847325,0.2262074104605587,3.9256674611486977,-0.0623748686891906,9.824993656610705,0.5787593640721844,0.0010380015169655,0.1659572886754499,0.0535959602987048,1,,
2025-11-20,377.8399963378906,381.739990234375,375.9299926757813,377.9649963378906,66413.0,-0.0038085641134165,-0.0343748828068748,0.0081216867627771,0.2023507917115055,0.2306352044050716,0.5172309495754654,376.5152008056641,369.47907958984376,318.7201959228516,1,1,2.8901504474188187,3.6476740041794367,0,51.92813093879059,53.47683041300342,0.2106030551372521,3.6595473862760985,-0.0659458741161385,9.07774689718075,0.585479156969865,0.0317129333297869,0.1857596905556711,0.1085164638327031,1,,
2025-11-21,374.9400024414063,379.6900024414063,374.2099914550781,378.8999938964844,50603.0,0.0024737675913191,-0.0069063381874093,-0.0164317859702483,0.2034301621449248,0.2341014621898605,0.5015157505144916,376.36950378417976,370.2733795166016,319.2773458862305,1,1,2.6444228629183044,3.4470237759272107,0,52.83673651467529,53.574214973017305,0.1866083289942463,3.677185746481552,-0.0636352412909889,9.126169003761142,0.5811386592774964,0.0025670656271912,0.1748454991667722,0.0943068321357309,1,,
2025-11-24,377.5899963378906,381.0,377.3999938964844,381.0,28356.0,0.0055423756593919,0.0068177857426092,-0.0021317564734988,0.2081813623778219,0.2330696249414805,0.5503560528992879,376.87050323486335,371.0671795654297,319.8277458190918,1,1,2.5892872324599807,3.275476467233765,0,54.89864208047826,53.48170139381916,0.1853556056540724,3.752689101638665,-0.0584455560440078,9.339314664360074,0.5758833779478221,0.0105816753445191,0.1650237799154958,0.0817857562671433,1,,
2025-11-25,384.4599914550781,385.8900146484375,360.8764953613281,385.05999755859375,75423.0,0.0106561615711122,0.0193514164357213,0.0379534911728289,0.2142980533826868,0.2573182198473318,0.5691116835195247,377.6950027465821,371.9132794189453,320.3971708679199,1,1,2.8404567034991715,3.1884725144868464,0,58.661434203250174,54.02115722345047,0.1573673555438978,3.841612798497624,-0.048412199761214,9.61371820052014,0.5765966481329223,0.053668385193349,0.1641190537281198,0.0915582408792101,1,,
2025-11-26,386.6700134277344,388.1400146484375,382.8399963378906,387.1799926757813,157611.0,0.0055056228396328,0.0204791358653571,0.0504924030218008,0.2074094129884567,0.2318215473916436,0.570646226536849,378.457502746582,372.7977795410157,320.9823208618164,1,1,3.1739884442485504,3.185575700439187,0,60.51393431775814,54.22072792740482,0.1548453832607218,3.741923481023117,-0.0431731162343034,9.304683906976722,0.5757961386832501,0.0618985739864033,0.1427230885628032,0.068073534034261,1,,
2025-11-27,386.9200134277344,387.3800048828125,385.8299865722656,386.4100036621094,29086.0,-0.001988710750136,0.0223433582634438,0.0389320874128873,0.1944483016640925,0.2381364612653418,0.5668234989563488,379.1805023193359,373.7524798583984,321.553445892334,1,1,3.3377080526424834,3.2160021708798463,1,59.47150617578063,54.40604358107673,0.1535437608598008,3.5347111171396977,-0.0450759681440674,8.723229853283136,0.5746510467123639,0.0507173498110236,0.1304563619624819,0.0796708889146724,1,,
2025-11-28,388.3500061035156,391.3500061035156,386.5779113769531,391.4450073242188,14474.0,0.0130302104355253,0.0331090357081444,0.0524129438832667,0.1970795331015866,0.2458465694338982,0.5755800913052207,380.2267532348633,374.7477801513672,322.1607209777832,1,1,3.8295945558813287,3.3387206478801428,1,63.85606693398621,54.008165720628966,0.1581267361272321,3.570907626671018,-0.0326331070590442,8.841270671485276,0.5789785896269024,0.0469306298778966,0.1184463230053611,0.080206614506197,1,,
2025-12-01,394.80999755859375,396.4599914550781,392.4400024414063,394.260009765625,57178.0,0.0071913101169651,0.0348031752378608,0.0640721727730515,0.1883891914644977,0.26163203125,0.5978439991391828,381.3487533569336,375.68788024902346,322.7802459716797,1,1,4.3958922155009645,3.5501549614043078,1,66.06640722656644,52.93826190469745,0.1571809013681196,3.448276651120556,-0.0256764717350206,8.451409474678112,0.5858167640540617,0.0668720424716313,0.1214645054665319,0.0935994170333571,1,,
2025-12-02,391.8200073242188,393.0,364.4783630371094,388.4450073242188,34300.0,-0.0147491561339508,0.0087908632085573,0.0447124944126617,0.1768564204703999,0.2509902905140471,0.5736712570376561,382.3065032958984,376.42238037109377,323.35679595947266,1,1,4.325602241637853,3.705244417451017,1,58.154793775272665,53.16276971796054,0.1687479203172466,3.224044720012783,-0.0400469215783827,7.934032817922414,0.5761093617681897,0.0474870762901546,0.1177922531699813,0.0934850560730016,1,,
2025-12-03,391.2200012207031,394.30999755859375,390.2999877929688,392.6700134277344,30858.0,0.0108767161988239,0.0141795052838651,0.0633106890027555,0.1753068130925796,0.2654528806804939,0.584528820124915,383.4285034179687,377.2941809082032,323.9550709533692,1,1,4.558274660781819,3.8758504661171775,1,61.739828791666106,53.216116067937534,0.1680549452762503,3.2020672275175226,-0.0296057843802035,7.864515207208481,0.5803658263645441,0.0498616817766377,0.1092461471811738,0.1033031239747259,1,,
2025-12-04,389.9500122070313,392.3200073242188,389.0799865722656,391.8399963378906,27949.0,-0.0021137776286971,0.0140524122675909,0.0583690805993588,0.1577827488218668,0.2642446707470987,0.591131493752828,384.5230026245117,378.1881805419922,324.5409208679199,1,1,4.622409527180196,4.025162278329781,1,60.640680888814245,53.31096230069443,0.1689795893560271,2.924710087906891,-0.0316569819641977,7.078360536332467,0.5787159854049669,0.0478378275796138,0.0945911492987852,0.1076895083425701,1,,
2025-12-05,392.8599853515625,395.7000122070313,390.3399963378906,391.8999938964844,35862.0,0.0001531174947797,0.0011623256492034,0.0593322907559992,0.1567808186909884,0.2594603606912538,0.5908259962932945,385.4405029296875,378.9953802490234,325.1319207763672,1,1,4.62476674026135,4.145083170716095,1,60.69515222902861,52.96361866468264,0.1687704471592863,2.907615764661285,-0.0315087117071887,7.033412512853814,0.5777071819028874,0.0355714483625033,0.0940939592680196,0.0982641440438412,1,,
2025-12-08,391.1600036621094,391.9299926757813,388.3800048828125,390.0499877929688,17887.0,-0.0047206076354372,-0.0106782881052504,0.0441707951792109,0.1499454140319138,0.2356453114360988,0.5658369258765905,385.8970016479492,379.6747802734375,325.710920715332,1,1,4.426330830682446,4.201332702709365,1,58.0283842707176,52.72960689900024,0.1687198849476822,2.78746272309197,-0.0360805790775582,6.726766450784755,0.5767126656375821,0.0248338784256076,0.0940600165477896,0.0850391476281369,1,,
2025-12-09,389.1000061035156,392.3900146484375,383.9893493652344,391.8999938964844,28622.0,0.0047429974654877,0.0088944033444142,0.0288248978307701,0.1579257785836851,0.2279876415002324,0.5619145836219457,386.38350067138674,380.3705804443359,326.3204707336426,1,1,4.367997418834932,4.234665645934479,1,59.92462512959705,52.709306292711545,0.1565531196418036,2.922385504899917,-0.0315087117071887,7.08477705670073,0.5799486157225592,0.0264149630343069,0.111767216691035,0.0671803645811643,1,,
2025-12-10,390.6900024414063,391.1000061035156,389.5,390.5499877929688,29406.0,-0.0034447719432018,-0.0053990005915125,0.0219273466541063,0.1514365039848257,0.2313197452910775,0.5406615330311453,386.405500793457,380.9939801025391,326.9158706665039,1,1,4.164824060339583,4.2206973288155,0,57.86997280151888,52.6904557297292,0.1572672012734893,2.8100934565599807,-0.0348449433243351,6.793658885842591,0.5741429562143577,0.0151348899316607,0.09788512599269,0.0731397716574746,1,,
2025-12-11,392.0400085449219,396.2300109863281,391.0799865722656,395.8349914550781,62414.0,0.0135322079818138,0.0101954755883126,0.0146753641754551,0.1597521147534624,0.2569381893091769,0.5830550275100019,386.6262496948242,381.7717797851562,327.5548956298828,1,1,4.379776005386589,4.252513064129717,1,63.19084802559918,51.92005365169403,0.1475374796287792,2.9344963426725936,-0.0217842643627007,7.166709118138083,0.5805614742380207,0.006150826074164,0.1091205518560654,0.0835849343478065,1,,
2025-12-12,398.6499938964844,404.760009765625,397.4299926757813,398.8599853515625,101180.0,0.0076420578316347,0.0177596110320852,0.0190076431163419,0.1636882895055966,0.2639951660070023,0.6063631914995211,387.49249877929685,382.5169793701172,328.2210455322266,1,1,4.739583726092974,4.349927196522368,1,65.8494477750329,50.08796911935677,0.1492336309886141,2.9962386056878074,-0.0143086831391453,7.343291566077754,0.5913563750606973,0.004479403526473,0.1234316665060015,0.1013459209802951,1,,
2025-12-15,403.5,404.4500122070313,399.0,399.0,94123.0,0.0003510370896546,0.0229458081967219,0.0457756068781509,0.1634179866806657,0.2719563801671643,0.6131314481022272,388.5214981079101,383.1427795410156,328.868970489502,1,1,4.978641271523543,4.475670011522603,1,65.97195671410847,48.38674776790074,0.1150511145841238,2.99168006281762,-0.0139626689279765,7.331165393456626,0.5924590798037853,0.0322564873735138,0.123472735993654,0.1099596789471615,1,,
2025-12-16,398.5799865722656,402.7200012207031,380.23736572265625,399.9400024414063,38099.0,0.0023558958431235,0.0205154597349792,0.0568679991809724,0.1808961891389768,0.2745263159942175,0.6239899114913423,389.6309982299805,383.7279797363281,329.5123704528809,1,1,5.184186366300423,4.617373282478168,1,66.83221083736579,47.962437049248656,0.1087572127591423,3.309273482510095,-0.0116396676785394,8.11526263761487,0.5954819246177421,0.036318125043496,0.1488180718762608,0.1126304215066678,1,,
2025-12-17,401.4400024414063,404.2900085449219,400.4599914550781,402.2200012207031,54537.0,0.0057008520412529,0.0298809724554915,0.0647782957530196,0.1771833582376831,0.2744008163934655,0.6336460348995598,390.7714981079101,384.2469799804687,330.15917053222654,1,1,5.468027168063259,4.787504059595186,1,68.88679906936586,47.37117697949767,0.1079994702259896,3.252649927002443,-0.006005171660531,7.948699715330741,0.6055398304444645,0.0468258508456276,0.1636828807176129,0.1360099902765876,1,,
2025-12-18,402.7799987792969,406.5899963378906,400.6700134277344,405.989990234375,78298.0,0.0093729526185428,0.0256546262925554,0.070056103728717,0.1691407885435192,0.3158636310808773,0.6779218836544483,392.1727478027344,384.9037799072266,330.8288705444336,1,1,5.9288357270244205,5.015770393081033,1,71.9778097324933,46.52603839334055,0.1101559162165769,3.1398795707248777,0.0,7.587898497460312,0.6066345541494942,0.0481636960155225,0.1524973859470433,0.1770400334226087,1,,
2025-12-19,401.9100036621094,404.5199890136719,401.7799987792969,403.9800109863281,36288.0,-0.0049508098632838,0.0128366490066751,0.06882916381278,0.1485841282390763,0.3050978866523508,0.6502788619378621,393.42674865722654,385.5129803466797,331.4895706176758,1,1,6.061962769363163,5.22500886833746,1,68.09363718583114,45.7412668490518,0.1111450913611549,2.8014499725467488,-0.0049508098632838,6.665697216621711,0.5982094140586623,0.0217433138946954,0.1159556213832315,0.1575726937644768,1,,
2025-12-22,410.1400146484375,412.7200012207031,409.760009765625,412.3599853515625,29883.0,0.0207435371487179,0.0334836725603069,0.0883082396254126,0.1812765016999815,0.3324931421365844,0.6914903671560588,394.9947479248047,386.1439801025391,332.19724548339843,1,1,6.765670369910879,5.533141168652144,1,74.31649615800964,43.95436837744968,0.126590592202039,3.314482174474328,0.0,8.132324004864381,0.6068378486624403,0.0442221300797549,0.1369843239872925,0.1837434551139631,1,,
2025-12-23,417.0799865722656,417.6300048828125,391.9485168457031,414.7900085449219,42837.0,0.0058929655632993,0.0371305846198548,0.0886876864696111,0.1948781213395873,0.3609712635604338,0.6999939213740995,396.4812484741211,386.73697998046873,332.9113705444336,1,1,7.433754580979439,5.913263851117603,1,75.79098724174196,43.44809519471715,0.1266478519028716,3.545073282178254,0.0,8.742512180733248,0.6076367594551626,0.0551385622910225,0.1395618433418053,0.2095212449977548,1,,
2025-12-24,416.8900146484375,418.0799865722656,416.6199951171875,417.7000122070313,4640.0,0.0070156069388405,0.0384864276747742,0.0847660490712769,0.1882004951184812,0.3641856653597435,0.7088738073198744,398.0072494506836,387.29418029785154,333.6299955749512,1,1,8.104604274025007,6.351531935699084,1,77.4598208696499,42.92412458696788,0.1248833376201458,3.4487282339913814,0.0,8.442944285809453,0.6097547980255399,0.0575066643206945,0.1356905784569952,0.213904577219435,1,,
2025-12-29,416.4100036621094,416.8599853515625,400.0,403.3999938964844,83867.0,-0.0342351397956368,-0.0063794586078229,0.0418926636901031,0.1328915106398862,0.2960225574761104,0.6648782039441985,398.8567489624023,387.4163800048828,334.2570455932617,1,1,7.397096398800272,6.5606448283193215,1,56.75512732261942,43.25784017111519,0.181524702730233,2.397583956616738,-0.0342351397956368,5.961703871625118,0.5910457708869444,0.0264844294346393,0.0898631004833239,0.1571176152018718,1,,
2025-12-30,406.25,409.25,404.4599914550781,406.1400146484375,42516.0,0.0067923172865893,0.0053468082661705,0.0510597831302026,0.137296718960705,0.3048465350825418,0.6674467398928146,399.5914993286133,387.6179803466797,334.8947956848144,1,1,6.977060871087076,6.643928036872873,1,59.01566698842283,43.56771892782341,0.1816305773529028,2.466813219713724,-0.0276753584408901,6.159327838536803,0.5957878675091015,0.0367820104351388,0.0995649502891768,0.1717079301610797,1,,
2025-12-31,402.75,402.760009765625,398.9100036621094,400.3699951171875,18979.0,-0.0142069712984194,-0.0290765124170638,0.0228001063392704,0.1140575148240123,0.291058056912614,0.6147857996887931,399.8969985961914,387.5323803710937,335.49952072143554,1,1,6.108176083393403,6.536777646176978,0,52.76107145608908,44.099077564293054,0.1860676812495274,2.0689955741013404,-0.0414891467162664,5.116783791832106,0.5917074779442302,0.0219850760380109,0.0888341239899435,0.177185238822338,1,,
2026-01-02,407.3299865722656,409.1199951171875,401.1600036621094,401.1600036621094,20195.0,0.0019731961799251,-0.0328600125413492,0.0175011254643508,0.1238706115245631,0.2925427038635049,0.627556031385017,400.5327484130859,387.87618041992187,336.09097076416015,1,1,5.4208376740159,6.313589651744763,0,53.48790835948272,43.79055953223694,0.1848031798194612,2.2345631020959478,-0.0395978167621502,5.557013391981945,0.5917902075486818,0.0101967780049205,0.0976779523103299,0.1763824822383624,1,,
2026-01-05,411.05999755859375,414.0499877929688,408.7900085449219,413.2699890136719,45604.0,0.0301874195857334,-0.0106057530856946,0.0639086131147843,0.1428926494413958,0.3369674504162143,0.6784582363933582,401.5627471923828,388.6431799316407,336.7416456604004,1,1,5.786587464810339,6.208189214357879,0,62.909013103130825,42.9206270144383,0.2016732821729411,2.4776007948322256,-0.0106057530856946,6.41036931027146,0.6056213355677439,0.0512263395772223,0.1088552320753486,0.1997566375061008,1,,
2026-01-06,414.3900146484375,417.1300048828125,386.4894104003906,416.9800109863281,41418.0,0.0089772353940114,0.0336639000875356,0.0619094830959574,0.1339915168915642,0.3581305081856489,0.6857893701115279,402.8197479248047,389.27817993164064,337.40982070922854,1,1,6.30315572077501,6.227182515641306,1,65.23243352944587,43.19527871609288,0.2008479055547657,2.3535151351710906,-0.0017237280336642,6.011051730625765,0.6074455599252052,0.0466597658416425,0.0976370037878993,0.2108788350553112,1,,
2026-01-07,414.7000122070313,415.8699951171875,411.2999877929688,414.3699951171875,23946.0,-0.0062593309040567,0.0202638995713684,0.0574979557724089,0.117864474222163,0.3446149108026597,0.6652734480086033,403.94324798583983,389.9293011474609,338.0761956787109,1,1,6.427837211291489,6.267313454771343,1,62.27688791976845,43.45031243905784,0.2026676400206355,2.095548978635944,-0.0079722695535696,5.287569453563177,0.6055954422084191,0.046446715627948,0.0815014515157905,0.2099175772274299,1,,
2026-01-08,411.9100036621094,418.0700073242188,409.80999755859375,414.5199890136719,42243.0,0.0003619805928321,0.0353422935511007,0.0577187942574,0.1016557289096211,0.3404041681929568,0.6645049206660625,405.166748046875,390.8001007080078,338.74514556884765,1,1,6.464235758722907,6.3066979155616565,1,62.38237047289843,43.427919006390944,0.2026352909525394,1.8467927625633564,-0.0076131747675968,4.5604218786829245,0.6058761595981366,0.0487599576007771,0.072284313877327,0.2096531132391343,1,,
2026-01-09,415.4700012207031,419.6300048828125,414.6700134277344,418.5499877929688,19174.0,0.0097220855112103,0.0433492471136447,0.0730675577283372,0.1216668756239585,0.3355137075440255,0.668360688761211,406.4992477416992,391.7997003173828,339.42799545288085,1,1,6.740568018919646,6.393471936233254,1,65.19810689507702,43.217655781853466,0.2020987206414466,2.172955202022085,0.0,5.458150637036855,0.6077472694447678,0.0538129395387485,0.0814470531287194,0.1931123522955138,1,,
2026-01-12,426.2799987792969,430.1000061035156,425.6199951171875,429.5400085449219,32693.0,0.0262573672738681,0.0393689838695539,0.0960449482894854,0.1499786388385213,0.3780557963521069,0.725753391233767,408.44874877929686,392.9519006347657,340.1681454467773,1,1,7.756948875139358,6.666167324014475,1,71.46978664858148,41.83710372933183,0.2170346532037133,2.5660645395461463,0.0,6.728256963288016,0.622727216418036,0.073762743001255,0.0770853566032196,0.2315334382244462,1,,
2026-01-13,425.7999877929688,430.7000122070313,394.94476318359375,428.1000061035156,23533.0,-0.0033524291399171,0.0266679332922559,0.0961465100095,0.1241826865053499,0.3813687878570941,0.7172081863738955,410.06199951171874,394.0749005126953,340.8857954406738,1,1,8.349988395368598,7.0029315382853,1,69.69744571881708,42.03119653997271,0.2169924764203764,2.1884278384467217,-0.0033524291399171,5.571013523459384,0.6218829228891617,0.0831499649313474,0.0712223897939399,0.2316814477823341,1,,
2026-01-14,430.4400024414063,431.3200073242188,427.8999938964844,429.4400024414063,20028.0,0.0031301011884747,0.036368481071987,0.0848965142338658,0.1150230724101899,0.3711585191294284,0.7153242786046308,411.59100036621095,395.25330078125,341.59494552612307,1,1,8.826358229962636,7.367616876620768,1,70.43224413492162,42.15076428883573,0.21449644867374,2.0496167222906565,-0.0002328213938774,5.160100090759512,0.6269109416862237,0.0798355893474263,0.0664381087783758,0.2327242743443405,1,,
2026-01-15,427.80999755859375,429.7200012207031,426.1700134277344,428.5700073242188,27162.0,-0.0020258828060765,0.0338946701797859,0.074487346597251,0.0993484797613204,0.3792138881282998,0.688280468858667,413.0695007324219,396.38830078125,342.2834455871582,1,1,9.02959586048189,7.700012673392993,1,69.25800423512001,42.3315482665225,0.2150276883147233,1.8035149725992112,-0.0022582325310952,4.456915370900782,0.6239417204612752,0.0551027210913779,0.0532461746882344,0.244166077842358,1,,
2026-01-16,428.239990234375,429.3999938964844,422.239990234375,426.7699890136719,48168.0,-0.00420005665302,0.0196392341666225,0.0695989699590773,0.0742026726942384,0.3665386029300395,0.6840422701335545,414.4110000610352,397.537900390625,342.9597454833984,1,1,8.942335040697174,7.948477146853829,1,66.77738830797927,42.660288490868695,0.2164445962319864,1.4034091807758051,-0.0064488044795489,3.328838380691849,0.6218421976371916,0.0495951852795262,0.0230032896993421,0.232862394127751,1,,
2026-01-19,433.6900024414063,434.281005859375,433.2000122070313,434.1600036621094,14153.0,0.0173161535222214,0.0107556805542698,0.0855628369550667,0.0961975618299575,0.37129858529263,0.7192413010762784,416.0080001831055,398.8165002441406,343.6738955688477,1,1,9.3615781875709,8.231097354997244,1,71.3192429018283,42.4235481180558,0.2217631502206209,1.75519220210785,0.0,4.315560670814008,0.6326101125980728,0.062349815242779,0.0498757067099415,0.2395025480512871,1,,
2026-01-20,438.25,441.2999877929688,399.8421630859375,440.6900024414063,31006.0,0.0150405351119791,0.0294090076112878,0.0956441775743375,0.0890646462091422,0.3815383879454677,0.722925969757555,417.743000793457,400.2313000488281,344.4279455566406,1,1,10.104271972357992,8.605732278469393,1,74.62087437476292,43.39689369703508,0.2249968324329292,1.6513805799050287,0.0,3.995567840061834,0.6554681055206818,0.0824525036438481,0.0757920257356992,0.2748894472730956,1,,
2026-01-21,451.1600036621094,453.30999755859375,447.5299987792969,450.0899963378906,64713.0,0.0213301727845167,0.0480858647985451,0.1086233827539862,0.1722009399353627,0.4161789250691787,0.7481939379945282,420.0485000610352,401.76210021972656,345.2676954650879,1,1,11.320863231698697,9.148758469115254,1,78.46413216830624,43.2252977877921,0.2319939527770625,3.3144820267855453,0.0,7.725181280330846,0.6618113949018188,0.09095565093499,0.1446870621190388,0.3029369696747046,1,,
2026-01-22,449.2200012207031,453.4200134277344,447.2200012207031,453.2300109863281,58330.0,0.0069764151036146,0.0575401993622333,0.1219119725249642,0.208871211869003,0.4432697918929149,0.7657739652914624,422.0920013427734,403.2083001708984,346.1421955871582,1,1,12.395505834400012,9.798107942172209,1,79.57672688186253,43.07723175548152,0.2291945078645714,4.079031498050849,0.0,9.370262302494446,0.6629655943974531,0.1082500188344419,0.1682570932712597,0.3213989860878004,1,,
2026-01-23,459.5,463.25,455.4100036621094,462.9800109863281,60914.0,0.0215122559487661,0.0848466923748385,0.1227568809607191,0.2018274739315659,0.4929781673432549,0.7876712441759894,424.5015014648437,404.82450012207033,347.05514556884765,1,1,13.87398074153748,10.613282502045262,1,82.58522714635771,42.095909299249165,0.2298493418519892,4.011493937258199,0.0,9.054270110591952,0.6769819094022522,0.1155894624806606,0.1679136391234594,0.3721862967051754,1,,
2026-01-26,472.9500122070313,474.0499877929688,469.7900085449219,472.0799865722656,63539.0,0.0196552234869729,0.0873410323159753,0.1381180280313796,0.2364137191729158,0.5288554583798959,0.8457929180149706,427.2205001831055,406.4639001464844,347.9766955566406,1,1,15.6001459634831,11.61065519433283,1,84.8311627300157,40.35225933755282,0.2349364000351967,4.585972034956623,0.0,10.0,0.6868004513695325,0.1302812752562105,0.2052231013260468,0.3977103534058686,1,,
2026-01-27,472.5799865722656,473.80999755859375,424.02728271484375,473.239990234375,61803.0,0.0024572184695481,0.0738614164438562,0.132966187225811,0.2756482188249638,0.5281828009653675,0.8401119982570877,430.7125,408.1002996826172,348.8648954772949,1,1,16.86731107664599,12.661986370795464,1,85.09504724256595,40.446286203142776,0.2352879969271782,5.572200210642151,0.0,10.0,0.6857558189927366,0.124641940027856,0.2531450343576198,0.3878806865501265,1,,
2026-01-28,487.6900024414063,493.5899963378906,486.989990234375,490.7999877929688,118543.0,0.0371059038140397,0.0904485587022834,0.2166583917175566,0.3316330087630499,0.6008349706624534,0.911140502546004,434.94549865722655,410.2855993652344,349.8089454650879,1,1,19.068681713266585,13.943325439289689,1,88.38819441497299,39.3250916555615,0.2097135497503191,6.182025515077231,0.0,10.0,0.7112730604344434,0.203414516217723,0.3117487212010925,0.4521781412852741,1,,
2026-01-29,515.0399780273438,519.989990234375,473.364990234375,490.5700073242188,105313.0,-0.0004685828738182,0.0823864162406868,0.2078839553617131,0.3189848008623988,0.5983643485657726,0.8836562363852363,439.45549926757815,412.5285992431641,350.7672454833984,1,1,20.557749363103028,15.266210224052358,1,88.11361073486484,36.978487832136366,0.2123707407206311,5.977218457895331,-0.0004685828738182,10.0,0.712353329422443,0.1956492709404842,0.3024982843100152,0.4473698693348629,1,,
2026-01-30,481.0199890136719,481.3200073242188,461.3699951171875,462.8599853515625,119097.0,-0.0564853569499668,-0.0002592458246953,0.1560806029335049,0.2444144916277881,0.4841440106402008,0.7677207142726439,442.5404983520508,414.2307989501953,351.5798204040527,1,1,19.279635377399984,16.068895254721884,1,62.79931022569812,35.24637494150969,0.3023280755864224,4.014569432903486,-0.0569274717528968,10.0,0.6741264022672913,0.139289982626904,0.2189804451971433,0.3258665715736961,1,,
2026-02-02,425.55999755859375,446.4299926757813,424.7999877929688,433.05999755859375,251082.0,-0.0643822942921591,-0.0826554612005326,0.0795193778175185,0.1687898369839748,0.3783818437015847,0.6451771435024041,443.5299987792969,415.303798828125,352.1992204284668,1,1,15.681346073180464,15.9913854184136,0,47.12094372620329,34.76052388882324,0.3909227479105292,2.514334373200506,-0.1176446448053523,5.738972211434529,0.6276045870541194,0.0605187092462853,0.1429747810924748,0.243916247960874,1,,
2026-02-03,455.5700073242188,463.4656982421875,454.2300109863281,462.6600036621094,80796.0,0.0683508203722065,-0.022356493091435,0.119510286160178,0.2443117490949864,0.4675272617167398,0.7453599935805786,445.8139984130859,416.99769897460936,352.97662048339845,1,1,15.04472279097348,15.802052892925577,0,58.26628522810804,33.54921738468716,0.442193652429987,3.1318927042689086,-0.0573349324179884,8.30676991006401,0.6762195950936796,0.116571618897397,0.2295083774038779,0.3288871776241937,1,,
2026-02-04,472.5899963378906,472.7799987792969,454.30999755859375,457.5,43316.0,-0.0111529062838071,-0.0678483875737493,0.0971748955491309,0.238863736938466,0.4551988889074398,0.7090983961469772,447.9704986572266,418.5696990966797,353.6739454650879,1,1,13.96286981003368,15.4342162763472,0,56.04851432015761,32.03302385562172,0.4458332623810548,3.064656161050608,-0.0678483875737493,8.121533696009273,0.6719325141550204,0.1061608784131296,0.2155026490275977,0.3342797192359543,1,,
2026-02-05,457.1199951171875,459.25,446.5,450.9400024414063,29691.0,-0.0143387924778004,-0.0807835870337277,0.0882544772911864,0.2179995923076549,0.4305337257835557,0.6957094530934955,449.79149932861327,419.9684991455078,354.4032455444336,1,1,12.432838526161332,14.833940726310026,0,53.27238408499435,30.877583288089124,0.4492251146154162,2.8141502275834984,-0.0812143161021764,7.412138222969365,0.6706740499322673,0.1074621821566665,0.214339429389152,0.3271405240982186,1,,
2026-02-06,449.7200012207031,460.6099853515625,449.0,458.885009765625,35256.0,0.017618768087116,-0.0085878574768529,0.1070274580907841,0.240397336461835,0.4525354211868992,0.7156503819917195,451.8082504272461,421.4449993896485,355.14862060546875,1,1,11.726201055815352,14.21239279221109,0,56.10793256041806,29.742585538145203,0.4512341493424532,3.04942128436917,-0.0650264442158183,8.17367714969908,0.6696435442359708,0.1052482155431395,0.2003723628757237,0.3324961240625168,1,,
2026-02-09,464.989990234375,472.0,463.4299926757813,471.010009765625,43512.0,0.0264227415190416,0.0876322274534178,0.1253375307673045,0.2609022223464001,0.5103252481547169,0.7385574576285887,453.8817504882812,423.1215997314453,355.9788456726074,1,1,12.006172256475224,13.77114868506392,0,60.08840536829771,28.168088698341077,0.4569956016788605,3.2384706353692336,-0.0403218796241936,8.870857574734549,0.6840390867929612,0.1255321433494765,0.2155558080863799,0.3761348052427102,1,,
2026-02-10,467.7000122070313,471.6600036621094,442.1649169921875,466.5899963378906,39596.0,-0.0093841178235973,0.0084943428104311,0.0862550334216283,0.224902813951016,0.4954807574932391,0.720623277741653,455.80625,424.7251995849609,356.7604457092285,1,1,11.736106772654692,13.364140302582074,0,58.02267839254386,27.45124794016115,0.4537919336741394,2.856925042683699,-0.0493276121785286,7.646852574784186,0.6794116235521218,0.0910260634827202,0.2024483507120531,0.3807567593129746,1,,
2026-02-11,469.760009765625,475.0799865722656,466.7000122070313,472.0199890136719,40659.0,0.0116376105754505,0.0317376809042009,0.1025928107544484,0.2351047241515915,0.5106331734619103,0.7472515257377341,457.9352493286133,426.33669921875,357.5769456481934,1,1,11.823934008496906,13.05609904376504,0,59.84884590965152,26.62359504290402,0.4535614412001968,2.9638543959303614,-0.0382640571442287,7.993724638830386,0.6874772706240946,0.1054770043052359,0.215519855972861,0.3998448120842244,1,,
2026-02-12,470.4599914550781,472.30999755859375,453.760009765625,458.760009765625,61794.0,-0.028091986688434,0.0173415693482079,0.0682749794093044,0.1759760759576454,0.4755158070773611,0.685471329722598,459.4447494506836,427.62669921875,358.3298207092285,1,1,10.70022271185104,12.584923777382242,0,53.70463719647999,26.291122961354706,0.46789832896208,2.2795505337684783,-0.0652811304487216,5.983309349923137,0.6786489941421645,0.0825285523279897,0.1761428830025897,0.3888868119892961,1,,
2026-02-13,462.1000061035156,467.7000122070313,458.75,466.4299926757813,52813.0,0.0167189439944315,0.0164419903670636,0.0883402587781205,0.1916355236697562,0.4985220652887514,0.7275825384151433,461.42774963378906,429.1863989257813,359.16377059936525,1,1,10.30973275190621,12.129885572287035,0,56.48731122960015,25.98239888563034,0.4695781687744909,2.444565638272353,-0.0496536180181556,6.515741496739821,0.6895095686958957,0.1050864945946341,0.1712026613704134,0.4062491518587818,1,,
2026-02-16,465.30999755859375,466.010009765625,462.3699951171875,463.2799987792969,7889.0,-0.006753411971674,-0.0164115641410138,0.0855496185427775,0.2142529370374142,0.4923093876509412,0.7135987126302052,462.8837493896484,430.5985986328125,359.9694206237793,1,1,9.6350219282765,11.630912843484928,0,55.02452407565407,25.69572652960057,0.4702542442061492,2.72835104978222,-0.0560716986514688,7.284749329977083,0.6848530265200812,0.1013292908109344,0.1932368050749928,0.4001143223125059,1,,
2026-02-17,457.05999755859375,459.0372924804688,440.2558898925781,453.7650146484375,11974.0,-0.0205383011481836,-0.0274866194948716,0.0451561885502147,0.1991041661307153,0.4650340572533904,0.661321318851837,463.5375,431.83709899902345,360.6539457702637,1,1,8.237571444301182,10.95224456364818,0,50.74944119567357,26.17699179918849,0.4753458903499415,2.539709928993476,-0.0754583823668584,6.769680550811269,0.6697067238429465,0.0586405599691115,0.1654916592597888,0.3648647543058134,1,,
2026-02-18,458.1400146484375,465.1300048828125,456.2340087890625,464.2550048828125,19245.0,0.0231176708114051,-0.0164505408914673,0.0534729680974312,0.2290006747394108,0.4927333214537752,0.7004742595590776,464.2457504272461,433.28419921875,361.3984957885742,1,1,7.885635711230236,10.33892279316459,0,54.908846910427336,26.261888734703582,0.4788340646280937,2.84381488291279,-0.0540851335989714,7.786182700407553,0.6817543125944527,0.04010295367902,0.1785814945080102,0.3800229702089814,1,,
2026-02-19,465.6799926757813,467.1000061035156,462.5400085449219,464.739990234375,14102.0,0.0010446529309575,0.0130350953471405,0.0325490324505821,0.2249017836869105,0.4931645408768574,0.6919939109284967,464.8212493896484,434.7779992675781,362.164645690918,1,1,7.558726082752457,9.782883451082164,0,55.09765792968548,26.22109017735197,0.4741398600279358,2.7998633138574167,-0.0530969808613494,7.646817545085845,0.684271172074209,0.033936824517387,0.1823068697491774,0.3785193122351094,1,,
2026-02-20,465.3800048828125,470.5899963378906,465.2699890136719,470.5899963378906,21031.0,0.0125876968335894,0.0089188168158838,0.0383028151948352,0.2450623758746053,0.4970017333630399,0.7193641773823836,465.2017486572266,436.35179931640624,362.9604956054688,1,1,7.683128130433488,9.362932386952428,0,57.41406338868919,25.963481654032613,0.4752859280010763,3.0117411633093742,-0.0411776527256215,8.33229174423582,0.6879097825693219,0.0376251624257208,0.1749517884284464,0.3932104690647469,1,,
2026-02-23,477.2300109863281,484.5299987792969,476.2999877929688,484.4549865722656,14214.0,0.0294629939910999,0.045706673823094,0.0463842392249018,0.2785827246664429,0.5386850156610372,0.7664721479389813,465.82049865722655,438.2298992919922,363.8735205078125,1,1,8.799076213490594,9.25016115226006,0,62.36901183928941,24.890074858658178,0.4801255276490345,3.3169747616234906,-0.0129278756693442,9.472006988182724,0.7154836798670661,0.0568726725634505,0.2311755007945861,0.4464409957929165,1,,
2026-02-24,481.1400146484375,481.2900085449219,440.2640686035156,477.8500061035156,10820.0,-0.0136338373054701,0.053078114613438,0.0122225463806369,0.2541994910853429,0.5153004498330607,0.7698804525630742,466.0509994506836,439.8701995849609,364.7494454956055,1,1,9.04622711053264,9.209374343914575,0,58.85584183309317,25.226682403264373,0.4790725226507395,3.051106993694538,-0.0263854564212332,8.642960035787503,0.7006363193706824,0.0201453973618686,0.216628828335732,0.4174015163418556,1,,
2026-02-25,482.0,483.5899963378906,479.9599914550781,483.5899963378906,15851.0,0.0120121171100948,0.0416473516746656,0.0218705230265721,0.2558821986288091,0.5250153090729319,0.781375452769588,465.6904998779297,441.5647998046875,365.6831954956055,1,1,9.594663904854372,9.286432256102536,1,60.91623903179547,25.407780099510187,0.4805762392108803,3.067118551580005,-0.0146902845036734,8.700173266183837,0.7031192372829314,0.0253201180497435,0.2194299768472498,0.4195616707351237,1,,
2026-02-26,481.8399963378906,482.2999877929688,477.6300048828125,481.2650146484375,12210.0,-0.0048077538970194,0.0355575693103764,-0.019427411128122,0.2430007328695871,0.5008107852182897,0.7955639922407494,465.2252502441406,443.21010009765627,366.5908955383301,1,1,9.729541327972242,9.375054070476478,1,59.61401939139806,25.654665356567467,0.4630270897329178,2.931307460126546,-0.019427411128122,8.262194443787443,0.7036472093211071,-0.0107214114206412,0.2220422508046531,0.3964558951937331,1,,
2026-02-27,481.2699890136719,488.3999938964844,480.5350036621094,485.8299865722656,17523.0,0.0094853600093138,0.0323848580568475,-0.0096622718086808,0.2572914312981726,0.5017696148109185,0.8289725469327094,466.3737503051758,444.92789978027344,367.53917053222654,1,1,10.088493863336057,9.517742029048394,1,61.36058521015776,25.50430412024508,0.4643249584042297,3.07748023655945,-0.0101263271074074,8.74808816007458,0.7137489762067489,0.0019592058135495,0.242056340609102,0.4040904921573989,1,,
2026-03-02,502.3200073242188,500.1400146484375,489.7000122070313,493.3599853515625,55192.0,0.0154992466241621,0.018381478209779,0.0658946570566776,0.2603557999730252,0.5087461325735856,0.8312268051291596,469.3887496948242,446.7506994628906,368.49947052001954,1,1,10.855439554481393,9.785281534134995,1,64.1172356327433,24.66973736079142,0.4188195065632268,3.105646037701294,0.0,8.85227883283552,0.7243996614238748,0.0745754193686811,0.2511683063974483,0.3993645917510713,1,,
2026-03-03,495.010009765625,495.6300048828125,459.6213684082031,475.1099853515625,47746.0,-0.0369912448148693,-0.0057340603054414,0.0970996814067992,0.2050676548047574,0.4320893759534443,0.751492915458009,470.01124877929686,448.1330993652344,369.3485704040528,1,1,9.876773762022822,9.80357997971256,1,54.05216365765891,24.993533098240267,0.3710030097211513,2.462231394003405,-0.0369912448148693,6.972443326077064,0.703806823421765,0.1214175898957772,0.2014112033106903,0.3473400209827746,1,,
2026-03-04,480.0400085449219,482.9800109863281,477.0,478.0650024414063,8755.0,0.0062196484623602,-0.0114249548963455,0.0332965863860312,0.2307147560848566,0.4483745624661259,0.7520524375366009,471.0394989013672,449.614799194336,370.1960954284668,1,1,9.233184846186475,9.689500953007345,0,55.2763873604764,25.29420056872848,0.2903030212814836,2.7374616189738603,-0.0310016688914427,7.844462661958705,0.7032228448258835,0.0399326637798229,0.2206412384404901,0.3644233202285918,1,,
2026-03-05,479.4700012207031,480.6405944824219,470.3900146484375,470.3800048828125,7078.0,-0.0160752147079323,-0.0226174964610225,0.0281530161372951,0.1979015172987728,0.4079018146951865,0.7290204961919491,472.0114990234375,450.77519958496094,371.0130953979492,1,1,8.010678798094261,9.353736522024729,0,51.43800483396023,25.79343148664153,0.2935361409614168,2.388577980036387,-0.0465785251156409,6.728789651513299,0.6957978149471956,0.0355174073131239,0.1988952197715126,0.3298699034054768,1,,
2026-03-06,475.2200012207031,479.6419982910156,470.010009765625,477.6300048828125,7277.0,0.0154130701236039,-0.0168782947040948,0.0591874801457079,0.2189414285083435,0.4112693577512429,0.757026233509545,472.94874877929686,452.0319995117188,371.83662048339846,1,1,7.539932705736078,8.990975758766997,0,54.63820944829237,26.269998324130626,0.2914115884271358,2.598501927999108,-0.0318833730658982,7.444161310852245,0.715905696651555,0.0674420707404077,0.2370587899876086,0.3540736026827011,1,,
2026-03-09,473.8299865722656,475.8800048828125,470.1300048828125,474.3200073242188,4793.0,-0.0069300452751199,-0.038592465122148,0.0336358722340421,0.2103087897712616,0.4000619927004993,0.7513892216189637,473.11424865722654,453.1643994140625,372.67257049560544,1,1,6.821143993878252,8.557009405789248,0,52.92344801553589,26.71252467322764,0.2881820195137654,2.506878497265536,-0.038592465122148,7.150645571346141,0.7047705599823556,0.0524562896913505,0.219944259063803,0.3347336444854067,1,,
2026-03-10,481.5199890136719,486.0899963378906,479.0220031738281,485.9849853515625,9328.0,0.0245930549991961,0.0228894368362999,0.0317933276904009,0.245955648150191,0.432780983677473,0.7869394660913362,474.0839981079101,454.8160992431641,373.5673704528809,1,1,7.110796167750664,8.267766758181532,0,57.93393637851217,26.39250215384605,0.286270331107587,2.8460211220980325,-0.0149485167402554,8.362663624785226,0.7232654511624155,0.0573452089607373,0.2541175081750852,0.3720798217469063,1,,
2026-03-11,482.7200012207031,482.7200012207031,478.8299865722656,479.9500122070313,13017.0,-0.0124180238617155,0.0039429988725352,0.0286333097023061,0.224674712125166,0.4180824195492831,0.7518021772602586,474.4804992675781,456.292299194336,374.4221955871582,1,1,6.775274558340527,7.969268318213331,0,54.69079594010364,26.10401595659918,0.2879314714782944,2.6244108891817564,-0.0271809095643932,7.639096953573085,0.7151815279371416,0.0526483550546375,0.2331808518002849,0.3710100432826824,1,,
2026-03-12,481.3900146484375,482.0799865722656,474.8999938964844,476.7850036621094,16080.0,-0.0065944545565647,0.0136166476312966,0.0100949425010461,0.2208040419011712,0.4056783380572293,0.71511572506668,475.3817489624024,457.8205993652344,375.2748455810547,1,1,6.182711082332105,7.611956871037086,0,53.014646203221325,26.020745750092,0.2867697132075432,2.583662803542732,-0.0335961208480294,7.507491465635786,0.7214200743968199,0.0493729832579219,0.2565164591647029,0.3795107310819285,1,,
2026-03-13,472.3800048828125,475.6099853515625,467.2000122070313,468.739990234375,15784.0,-0.0168734615517306,-0.0186127641847347,0.0217542511472363,0.184180278027721,0.3733555816919924,0.6825442277039233,475.497248840332,459.17219909667966,376.0469705200196,1,1,5.0062262498300925,7.090810746795688,0,48.911246087288085,26.29527287723586,0.275001847511629,2.203392219762915,-0.0499026995463436,6.262257943857901,0.713284454348495,0.0510358970620901,0.2286114149835232,0.3626781706031865,1,,
2026-03-16,463.7699890136719,467.8320007324219,458.8599853515625,461.9400024414063,18342.0,-0.0145069504088367,-0.0261005327450802,-0.0096262897002338,0.1581507782342315,0.3477264981129684,0.6531807197703678,475.4302490234375,460.1455993652344,376.7962205505371,1,1,3.484978693874268,6.369644336211405,0,45.6919997668012,26.9064022627876,0.2740258624700655,1.9269024266426404,-0.0636857139675944,5.377236791745763,0.6958552415515524,0.0092031686632843,0.1767104759463011,0.3219538109874233,1,,
2026-03-17,466.3999938964844,466.7000122070313,462.0,464.6400146484375,14037.0,0.0058449413187022,-0.0439210497165545,0.0029356239697897,0.1645113149083645,0.3548134094575443,0.6425920835327417,475.9739990234375,461.0987994384766,377.5484205627441,1,1,2.4687888053657048,5.589473230042265,0,47.178611552152645,27.473879549371365,0.2737733173813617,1.9925545020679296,-0.0582130119098724,5.593499476009896,0.6980861247090453,0.019322537356964,0.1782858065745947,0.3237719788948492,1,,
2026-03-18,463.8200073242188,464.0799865722656,449.9299926757813,452.739990234375,37256.0,-0.0256112776319242,-0.0566934499022764,-0.0022589322247698,0.1320197716423834,0.3367978343624653,0.599025110349817,475.3982482910157,461.8661993408203,378.249620513916,1,1,0.6952045940977314,4.610619502853359,0,41.7536682390887,28.496980883104253,0.2791455374397792,1.6341018979841089,-0.0823333799319824,4.488764337674571,0.6898329210717647,0.0300522549830903,0.1584447697796862,0.3308422867934382,1,,
2026-03-19,439.7799987792969,440.0,419.6400146484375,426.2099914550781,50321.0,-0.0585987528196102,-0.1060750900690513,-0.0819485261927067,0.059643951473242,0.2473952253315197,0.504208613594332,473.4717483520508,462.0999993896484,378.82812042236327,1,1,-2.818631423837872,3.124769317515113,0,32.72043573913207,30.376967450738668,0.3324607603055345,0.8230410697217773,-0.1361074993721553,1.7528483501511665,0.6510139065517239,-0.0450901526764746,0.0750967546988305,0.2510716885580919,1,,
2026-03-20,436.9400024414063,439.7099914550781,422.0899963378906,425.7300109863281,39690.0,-0.0011261595888715,-0.0917565817811734,-0.0839393640912493,0.048621939522591,0.2259866812574766,0.5145413797382477,471.2287490844727,462.2435998535156,379.40527053833006,1,1,-5.577804735410268,1.3842545069300367,0,32.58309105552955,32.12266926354205,0.3321428507368011,0.706948588105817,-0.1370803801954916,1.418786245494248,0.6597386870660427,-0.0358519926154448,0.087538918700404,0.2533857609178898,1,,
2026-03-23,391.9100036621094,418.3800048828125,391.1900024414063,406.8900146484375,32926.0,-0.0442533902983307,-0.1191712938953614,-0.1353619545361427,0.0072033357665506,0.1568577653709133,0.4493997746049798,467.3505004882812,461.790599975586,379.8900205993653,1,1,-9.178891171882412,-0.7283746288324531,0,27.672986522009097,34.41907147596727,0.3541108679607302,0.2612195806309106,-0.1752674989267877,0.1643963839627718,0.6239910726921876,-0.0929172858080312,0.0430980489902437,0.1640511314245438,1,,
2026-03-24,408.4200134277344,412.3999938964844,404.2000122070313,410.1099853515625,19195.0,0.0079136144589517,-0.1173597356614545,-0.1534611125519154,-0.0054563975165575,0.174830987529738,0.4543938200337427,463.9634994506836,461.43079956054686,380.3847454833984,1,1,-11.638788680870448,-2.9104574392400524,0,29.624955573701527,36.55144495893355,0.3336912470479664,0.1232818865406768,-0.1687408838815273,-0.1245273093267251,0.6310474098733058,-0.1180128525215952,0.0398946131396169,0.1823438737385745,1,,
2026-03-25,421.6199951171875,425.9500122070313,420.4400024414063,423.0700073242188,29953.0,0.0316013324121977,-0.0655342659145188,-0.1146384808613562,0.0199619050814243,0.2187301649816388,0.502859552583766,460.9375,461.3033996582032,380.9217704772949,0,1,-12.399575133901408,-4.808280978172324,0,36.9952401451735,37.40282425218448,0.359341367597176,0.3969222467607098,-0.1424719882323977,0.4555757386227872,0.647381611022743,-0.076009060443474,0.0654088992298913,0.2140993291191786,1,,
2026-03-26,413.6600036621094,415.7300109863281,408.0400085449219,408.3550109863281,25565.0,-0.0347814689841955,-0.0418924493247875,-0.1555759753537061,-0.0223725184285399,0.1616174576446427,0.4349896351553226,457.2919998168945,460.8990997314453,381.3678454589844,0,1,-14.028173058428024,-6.652259394223464,0,32.7955298725099,38.512098792656346,0.3670314487688413,-0.049891276371376,-0.1722980721767714,-0.510591377243776,0.6362269211033519,-0.0951365182925045,0.0434143743739809,0.1849958744031303,1,,
2026-03-27,413.1700134277344,422.6000061035156,409.5130004882813,419.3900146484375,9785.0,0.0270230641604121,-0.0148920587562106,-0.1285674173619279,0.0396381283933691,0.1777972097943876,0.4581900351470502,453.9700012207031,460.75150024414063,381.87889556884767,0,1,-14.263989680855502,-8.174605451549873,0,38.43935618004145,39.00550046332256,0.3863159971198641,0.5993653712977366,-0.1499310298755073,0.9046315743299526,0.6647550715092282,-0.0552722121209048,0.1247099704506351,0.2257798955398369,1,,
2026-03-30,420.9100036621094,425.30999755859375,419.7257995605469,422.0199890136719,16983.0,0.006270951318283,0.0371844326981261,-0.1313422376597214,0.0390997532685382,0.1817647400651867,0.4508886997562118,450.4030014038086,460.5086999511719,382.41439544677735,0,1,-14.076395180050897,-9.354963397250078,0,39.73827132682251,39.251319396295344,0.3848243047262108,0.5938864778170063,-0.1446002887466736,0.8923446385815599,0.6711677471032832,-0.0596585501667065,0.1265213404048215,0.2386833816619242,1,,
2026-03-31,423.2699890136719,429.4500122070313,421.3599853515625,428.8399963378906,9671.0,0.016160389322217,0.0456707021416999,-0.1307766963867077,0.0711092278839977,0.1932772845215131,0.4710986997759678,448.089501953125,460.2716998291016,382.9808204650879,0,1,-13.224958503356902,-10.128962418471442,0,43.09157003174505,39.1485143957467,0.3853048598751022,0.9160627401880352,-0.1307766963867077,1.6228731117599728,0.6627493310830785,-0.0851054102090782,0.1200624561745766,0.2195622232828695,1,,
2026-04-01,439.3200073242188,443.9599914550781,437.7099914550781,443.9599914550781,22564.0,0.0352578939611645,0.0493771332621324,-0.0655637533558353,0.1066905658646331,0.2437770030267501,0.5239076371046754,446.3842514038086,460.1490997314453,383.6321704101563,0,1,-11.201013251546216,-10.343372585086398,0,49.76553509986452,37.9763626533117,0.3941362120395115,1.2490876590714528,-0.1001297133193372,2.434919570532049,0.6809856383214768,-0.0324253535783245,0.150721369896033,0.2631214769872152,1,,
2026-04-02,427.2200012207031,435.6600036621094,426.0,433.9100036621094,8994.0,-0.0226371474601346,0.0625803332596715,-0.092361914287396,0.0499431732212103,0.1999723350056954,0.4968607573934696,444.5607513427734,459.76269958496096,384.2327453613281,0,1,-10.289362712939408,-10.332570610657,1,45.9114041435465,37.36701055224596,0.3983521307875741,0.6999837700603284,-0.120500209693921,1.1398159612827488,0.6649712313046507,-0.0543947253742926,0.0979983568136166,0.2175212227629144,1,,
2026-04-07,432.3200073242188,435.9100036621094,428.4800109863281,431.5299987792969,14892.0,-0.0054850196186438,0.0289467648413994,-0.0825928094311629,0.0348937296983422,0.1735607103621916,0.5294888224805963,442.2557510375976,459.1336993408203,384.8123204040528,0,1,-9.647706837583598,-10.19559785604232,1,45.022159800183765,36.782766205268,0.3960910466988744,0.5486740196975779,-0.1253242832983431,0.7963536854715803,0.657923143400829,-0.0544334442171838,0.0830981190838551,0.188848574239512,1,,
2026-04-08,447.3800048828125,447.6099853515625,439.989990234375,441.9100036621094,80819.0,0.0240539589650203,0.0471305036875708,-0.0747859239485323,0.0664623618250479,0.1921603873792834,0.5877197031638264,440.6352508544922,458.5302996826172,385.4791954040528,0,1,-8.207005043304605,-9.79787929349478,1,49.60652528160019,35.398384253993484,0.4024513708945798,0.8606217718223945,-0.1042848695011017,1.5168211378400485,0.6570148902129352,-0.0822605640855559,0.0849072572557767,0.1733287734821378,1,,
2026-04-09,437.510009765625,445.0799865722656,437.510009765625,445.0799865722656,15340.0,0.007173367617584,0.0378695792674599,-0.0616461888607754,0.0737238212113959,0.1828739989042642,0.5873603313952602,438.59000091552736,457.967099609375,386.15689529418944,0,1,-6.731846823691171,-9.184672799534058,1,50.95164232580519,34.23324963012277,0.4038492947640392,0.931104896865351,-0.0978595755894007,1.682544034022602,0.6579322250069427,-0.0664589834407747,0.08591865612163,0.164413541105971,1,,
2026-04-10,440.8800048828125,445.1300048828125,439.8999938964844,443.3800048828125,15289.0,-0.0038194970359043,-0.0013063937819367,-0.0876672772882674,0.059323898731364,0.1882085277637994,0.5407444202312133,436.7615005493164,457.0186999511719,386.8264703369141,0,1,-5.634990953651879,-8.474736430357623,1,50.17812121062484,33.14757138734606,0.3914457757227866,0.7906915812760184,-0.1013052982664065,1.353905294724311,0.6558532950445023,-0.0932052761673738,0.079154655262678,0.1670486218039624,1,,
2026-04-13,438.9200134277344,439.9400024414063,436.4599914550781,436.7699890136719,7460.0,-0.0149082407784439,0.0065911947810026,-0.0899677510055636,0.0168319139659232,0.1693349803501007,0.4775709742736616,434.7607498168945,455.94269958496096,387.4864453125,0,1,-5.23870923359641,-7.82753099100538,1,47.178924413363234,32.32313489882486,0.3922094694263342,0.3640995196185491,-0.1147032552661628,0.3841422753079994,0.6398231090206603,-0.1053696382984665,0.0274532606764177,0.1066548616688003,1,,
2026-04-14,443.9500122070313,447.0,442.0899963378906,446.6400146484375,189060.0,0.0225977651464892,0.0350149836903193,-0.0632255393565927,0.0433076577449027,0.1728684055352689,0.4789894668422596,433.65575103759767,455.61830017089846,388.1886953735352,0,1,-4.081179240083372,-7.078260640820979,1,51.81064296127923,30.98780667615989,0.4028428870736159,0.6317162389497794,-0.0946975273437161,0.9883785182165152,0.6464052878783649,-0.1039821169118074,0.0394324463442032,0.1134633092021988,1,,
2026-04-15,446.9100036621094,448.30999755859375,444.4100036621094,445.4100036621094,15799.0,-0.0027539202623757,0.007920164673792,-0.0497717008540286,0.0371879683539309,0.1564885151408828,0.4901140751568988,432.8292510986328,455.8653002929688,388.8594453430176,0,1,-3.2258938909117774,-6.307787290839139,1,51.20801640337623,29.64284762542377,0.3995817703936209,0.5704451495990297,-0.0971906581667432,0.8487133909121877,0.6395782004161957,-0.1033336048233682,0.020205834493653,0.0879863807020762,1,,
2026-04-16,448.1199951171875,448.3500061035156,443.2900085449219,445.8200073242188,9424.0,0.0009205084276024,0.0016626691252787,-0.0348962961250194,0.0402501334792431,0.1435974028119166,0.4843596714187228,431.88825073242185,455.52850036621095,389.5322703552246,0,1,-2.4863293634904267,-5.543495705369397,1,51.41089285147736,28.467821743826573,0.3971236142354001,0.6011594270011007,-0.0963596145590673,0.9185989120114348,0.6385977020216901,-0.082283693663347,0.0234893437636769,0.0779862361532641,1,,
2026-04-17,444.3699951171875,454.0499877929688,444.0,452.4800109863281,26469.0,0.0149387724926977,0.0205241688919211,-0.0261708059546056,0.0602432753813733,0.1389161601207644,0.4634841247985186,431.87525177001953,455.4281005859375,390.2441204833984,0,1,-1.3472818847614008,-4.704252941247797,1,54.70547459457004,26.886675089291987,0.4004462149225408,0.7984316117394938,-0.0828603364257516,1.3748875454008906,0.6403979046483886,-0.0826376832582089,0.0298398968125723,0.0535296023028926,1,,
2026-04-20,445.1900024414063,448.1799926757813,444.2200012207031,446.0799865722656,5671.0,-0.0141443251827004,0.0213155614918001,-0.014710438233348,0.0274552764179381,0.1262939688986688,0.4521778670757665,432.8687515258789,455.3309002685547,390.9226954650879,0,1,-0.9500553873374996,-3.953413430465738,1,51.11847672571815,25.41846748150987,0.3934594274933684,0.4721769518545451,-0.0958326580652982,0.6265913890570631,0.6326049772957848,-0.0829591369560432,-8.117641791871577e-06,0.0498671841950286,0,,
2026-04-21,443.5199890136719,445.2699890136719,439.2294921875,440.3349914550781,14606.0,-0.0128788452522444,-0.0141165658843224,0.0331409405766798,-0.0008055798506011,0.0881873176741541,0.3845488275966762,433.5990005493164,454.95989990234375,391.57882049560544,0,1,-1.0863014128084956,-3.379991026934289,1,48.07142358332214,24.443030726407247,0.3359339252589809,0.1823504747989757,-0.1074772893442085,-0.0183851508140256,0.628572945825155,-0.0344707854943278,-0.0410319883896749,0.0316501398260071,0,,
2026-04-22,442.6799926757813,443.0,439.239990234375,439.239990234375,26139.0,-0.0024867458683778,-0.0138524356817432,0.0317336783863253,-0.0241063036099348,0.1439435081854301,0.4397535386357778,435.2164993286133,454.3244995117187,392.2398954772949,0,1,-1.268017895808498,-2.9575964007091318,1,47.490368523609774,23.537268025240525,0.3361146243456025,-0.0654681301148026,-0.1096967665073652,-0.5501602691609225,0.620723972166687,-0.0591366182766391,-0.0620832809039609,0.0736211336943726,0,,
2026-04-23,437.5700073242188,440.0,435.0,439.3500061035156,7438.0,0.0002504686995414,-0.0145125860535862,0.0797758369251806,-0.0306246377035063,0.1718499689753161,0.4181272701518366,436.6785003662109,453.7796997070312,392.89579544067385,0,1,-1.3871618186170735,-2.64350948429072,1,47.55895319627837,23.036800757449303,0.2918907264039925,-0.1358648342347979,-0.1094737734142747,-0.6989233685322496,0.6232982885320573,-0.0011102469096894,-0.059833128899318,0.0983566160220179,0,,
2026-04-24,433.8599853515625,439.45361328125,433.8599853515625,438.3949890136719,8209.0,-0.0021737045102457,-0.0311284954708901,0.0689693123123114,-0.0531016920585416,0.1380084015033569,0.4375255989311817,437.4447494506836,453.10719970703127,393.54152038574216,0,1,-1.54088378446761,-2.422984344326098,1,46.98524626100965,22.663936016700195,0.2922006383467418,-0.3861770024590549,-0.1114095142894964,-1.2119004916119815,0.6171608925236516,-0.0220055056599347,-0.0883642768702935,0.0647117949553619,0,,
2026-04-27,437.4400024414063,438.0299987792969,433.4200134277344,434.2300109863281,7327.0,-0.009500514676763,-0.0265646878197656,0.026378621667588,-0.0801770391936398,0.137281727951235,0.399523081064711,438.7384994506836,452.6165997314453,394.1456704711914,0,1,-1.9760102523782732,-2.333589525936533,1,44.46599171798464,22.355054101748525,0.2763754031217069,-0.6965522404177101,-0.119851581240621,-1.8298210367316448,0.6102461279259981,-0.0573625856287109,-0.1114651618106529,0.0708827133188021,0,,
2026-04-28,429.8800048828125,430.489990234375,422.8999938964844,424.4299926757813,17560.0,-0.0225687263952268,-0.0361202245743383,0.0393652122711221,-0.1031400527550941,0.1440777942384152,0.374805619971339,438.9904983520508,451.7765997314453,394.7093203735352,0,1,-3.0761705098176435,-2.482105722712755,0,39.14723105571311,22.889340880766284,0.2589259556371927,-0.9553753839310436,-0.139715410090793,-2.3538888459709315,0.5993902715480112,-0.0578986024223215,-0.1259421284555519,0.0953212814671153,0,,
2026-04-29,425.6000061035156,425.6260070800781,418.9100036621094,421.7999877929688,9165.0,-0.0061965575670839,-0.039704951345847,0.0057463770246211,-0.1405868005626476,0.1444229845374405,0.368658406912796,438.9794982910156,450.94699951171873,395.26877029418944,0,1,-4.112864314590581,-2.8082574410883203,0,37.83913971619659,23.65796517612688,0.2435348335793947,-1.4412523147015124,-0.1450462130762406,-3.2085081682180085,0.5957682414918097,-0.1037778167841488,-0.1623916683588208,0.0987316578976975,0,,
2026-04-30,426.0199890136719,431.2799987792969,425.9299926757813,429.2699890136719,8425.0,0.017709818484797,-0.0229430225328568,0.0171792810500384,-0.1249567185016136,0.154168788393129,0.4326190362703292,439.0009979248047,450.45709899902346,395.8491452026367,0,1,-4.282321023634836,-3.103070157597624,0,43.60334173928466,23.640267710434703,0.2501524793886062,-1.2389816017827109,-0.129905136696931,-2.851794410155081,0.6003459358449356,-0.1055202839588315,-0.1572357269226495,0.0976990197610261,0,,
2026-05-01,426.5299987792969,432.3900146484375,423.7000122070313,430.4049987792969,1839.0,0.0026440463919523,-0.0182255510090372,0.003649385446252,-0.0701183675396235,0.1571581789321972,0.4244746234439847,438.3232482910156,449.7800988769531,396.4474952697754,0,1,-4.275742782766258,-3.337604682631351,0,44.44628605086694,23.79625569268994,0.244091337448608,-0.6358083742104205,-0.1276045655129583,-1.6002594418011675,0.6002710932548199,-0.0942712951911327,-0.1095570634291634,0.0854325272437699,0,,
2026-05-05,422.2099914550781,425.4800109863281,421.5409851074219,424.9200134277344,5505.0,-0.0127437770637396,-0.0214402443936259,-0.0428866978867628,-0.018796435082319,0.1468207546882314,0.3410339994691254,437.8737487792969,448.9836993408203,397.0105953979492,0,1,-4.659411165882602,-3.601965979281601,0,41.23847576747328,24.10967252358656,0.211958255634869,-0.0623261702067783,-0.1387221784414855,-0.4289770821559167,0.5900666941899884,-0.1335108099424673,-0.0598113742927345,0.0746118886533964,0,,
2026-05-06,433.4100036621094,438.0799865722656,432.4500122070313,435.6600036621094,8536.0,0.0252753221664894,0.0264590419624435,0.0040330943864634,-0.0583581891373491,0.1716959686954755,0.3815345160876686,438.0802490234375,448.2850994873047,397.6058703613281,0,1,-4.0501559924665,-3.691603981918581,0,49.00014664848084,22.874953223569296,0.2180753638422951,-0.6253515909916458,-0.1169531040267418,-1.3318656216673626,0.5966872145395379,-0.1026871743475908,-0.1176132444714556,0.0849019080325728,0,,
2026-05-07,439.989990234375,442.130615234375,438.8699951171875,440.489990234375,31660.0,0.0110865962715542,0.0443101066436724,0.0207633107325655,-0.0371803492144808,0.1928023505699372,0.4140476274447566,438.0092483520508,447.4057995605469,398.21339538574216,0,1,-3.1413656201510207,-3.581556309565069,1,52.06653870885938,21.312235421328023,0.2201006724633115,-0.3371667338213432,-0.1071631196022372,-0.8485395049494775,0.6051579127694066,-0.0801996877001119,-0.0993769463137014,0.0947097075310203,0,,
2026-05-08,438.5,440.3299865722656,436.55999755859375,437.5150146484375,11799.0,-0.0067537870369189,0.0192070860898292,-0.0099454390650824,-0.0297711174885471,0.1817383833440613,0.4049033324249205,437.63099975585936,446.5990997314453,398.81187042236326,0,1,-2.630871322540997,-3.3914193121602554,1,50.06964286012029,20.09035364163255,0.2049151284241111,-0.23978110448966,-0.1131931497511508,-0.6794441103766057,0.5961489665927688,-0.0926400977007386,-0.1111196763122487,0.0794024250622287,0,,
2026-05-11,434.2900085449219,440.489990234375,432.3699951171875,439.2950134277344,13302.0,0.0040684290131784,0.0206549986028301,-0.0129976033950292,-0.0426904255336129,0.1874442463375194,0.4553420723704864,437.4267501831055,445.7132000732422,399.43819549560544,0,1,-2.0589357585716925,-3.124922601442542,1,51.27379206334685,19.36318136682539,0.2037488086572722,-0.4184893525756659,-0.109585239032513,-0.974291885732634,0.5972141631524144,-0.0922861953659248,-0.1081610981051041,0.0705387699720669,0,,
2026-05-12,436.1300048828125,436.989990234375,432.2999877929688,432.7900085449219,10218.0,-0.0148078277330198,0.018521121313402,-0.0238846953431957,-0.0811447749055724,0.1585865953361653,0.4299307694192429,437.227751159668,444.7436999511719,400.0516204833984,0,1,-2.106292207554304,-2.9211965226648955,1,46.82907785118256,18.694837162112687,0.209450070997755,-0.9690379762337112,-0.1227703474238576,-1.851906950373506,0.5892633924527618,-0.1015317039570901,-0.1385530391026985,0.0471368566770753,0,,
2026-05-13,436.3699951171875,437.0,433.5199890136719,435.7900085449219,2425.0,0.0069317681572322,0.0002984090385156,-0.0022436991858415,-0.0660108189946367,0.1440459760132741,0.4680973383683293,436.6852508544922,443.742900390625,400.6866705322266,0,1,-1.8800752692067704,-2.7129722719732707,1,49.023773966850335,18.07293710647804,0.2048801190316901,-0.7532833708650623,-0.1166895948515502,-1.5065159110771071,0.5900468047032293,-0.0777969779703966,-0.1315326611306301,0.0442871192707596,0,,
2026-05-14,435.9700012207031,437.4200134277344,433.5199890136719,435.1499938964844,3840.0,-0.0014686308448752,-0.0121228551301456,-0.025725462061426,-0.0781110884609583,0.1386293497848389,0.4518307950128031,436.17225036621096,442.5787005615234,401.3140455627441,0,1,-1.732469716596654,-2.5168717608979474,1,48.56324049162097,17.43739441610563,0.1876281435876227,-0.9300125895563768,-0.1179868517581504,-1.7826713770593583,0.5845655375721339,-0.0956671479424337,-0.1496947425745973,0.0335629240386921,0,,
2026-05-15,423.9800109863281,425.8200073242188,418.9299926757813,421.80999755859375,13709.0,-0.0306560876134678,-0.0358959499994838,-0.0529849035932715,-0.0805432283121376,0.0812591663821769,0.4241918289651318,434.9717498779297,441.51270080566405,401.8901455688476,0,1,-2.6612403480119724,-2.5457454783207525,0,40.10623140289663,18.25241221422004,0.2136765487527891,-0.9609495431149728,-0.1450259241068833,-1.8381782990998805,0.5735443757473845,-0.1032458964765227,-0.1548733134536445,-0.0060102623829436,0,,
2026-05-18,421.8699951171875,424.7300109863281,420.6900024414063,421.3699951171875,4924.0,-0.0010431294752446,-0.0408040559593003,-0.0548427881327682,-0.0966061322516953,0.0765162246742976,0.3985065124088955,433.4162490844727,440.37880065917966,402.4623954772949,0,1,-3.3936820306516893,-2.7153327887869403,0,39.85966898174973,19.00921445532628,0.213388265547021,-1.2047817130307377,-0.1459177727660174,-2.204770029540505,0.5733494537516847,-0.1021742609837785,-0.1684677344854119,-0.0261071976139452,0,,
2026-05-19,421.8599853515625,423.010009765625,414.5899963378906,417.8699951171875,10051.0,-0.0083062392684761,-0.0344740246612826,-0.0764896018140045,-0.0980184851100001,0.0952337036086385,0.3687640716079972,432.0057495117188,439.3286004638672,402.9923954772949,0,1,-4.208060191914683,-3.013878269412489,0,37.86552437751149,20.19500122623278,0.2043209720428629,-1.2249629483044149,-0.1530119841003759,-2.237003110200575,0.5723997645650305,-0.1061810783417422,-0.1642005767667486,-0.0026933665376334,0,,
2026-05-20,415.1600036621094,421.0400085449219,414.6199951171875,421.0400085449219,4184.0,0.007586123590533,-0.0338465768163189,-0.0561333814138448,-0.0721188391504134,0.1126261656489435,0.3645320581938651,431.0410003662109,438.19680053710937,403.5266955566406,0,1,-4.545272093917845,-3.32015703431356,0,40.756480827031375,21.29608894207453,0.2041956123826706,-0.8558535836618667,-0.1465866283320611,-1.6459147200905926,0.5708909815071502,-0.097555343387346,-0.1475507693408938,-0.0064775317243879,0,,
2026-05-21,419.510009765625,421.4700012207031,416.8299865722656,418.3599853515625,3939.0,-0.0063652459124283,-0.0385844163631448,-0.0499052006539376,-0.0988573500523378,0.1075049248221375,0.3628248432442555,429.9970001220703,437.0776000976563,404.04217041015625,0,1,-4.971462504428473,-3.6504181283365424,0,39.10014127547681,22.24384369957897,0.2013180750919896,-1.2679753140469578,-0.1520188143076822,-2.256147901950232,0.5661344022122027,-0.0993338068837603,-0.1695917550447936,-0.021296209608919,0,,
2026-05-22,420.0499877929688,420.8999938964844,416.7300109863281,419.3599853515625,13055.0,0.0023902859618842,-0.005808331289471,-0.045260006658785,-0.0976460081688401,0.1052950141109914,0.3401294294497541,428.9974990844727,435.7451000976562,404.5670202636719,0,1,-5.168945447085832,-3.9541235920864,0,40.07868483499782,23.132907576343342,0.2019865638065458,-1.249430918753786,-0.1499918967835798,-2.228502345524221,0.5652652478311173,-0.0893452272223135,-0.1739163201663938,-0.0233155903450472,0,,
2026-05-26,420.6799926757813,421.1000061035156,418.0,418.2099914550781,3784.0,-0.002742259482674,-0.0074993561447832,-0.048116568464225,-0.1113070938405644,0.1064781011657745,0.3616709041978785,427.98824920654295,434.5102996826172,405.0819451904297,0,1,-5.356500593934754,-4.234598992456071,0,39.29669673927256,23.918692831343723,0.2018089197872342,-1.4646565970983003,-0.1523228395649748,-2.5402791609082613,0.5599975497894151,-0.1015576970245226,-0.1859433257398355,-0.0435226546959065,0,,
2026-05-27,416.4599914550781,417.4700012207031,409.0,412.010009765625,16510.0,-0.0148250443942803,-0.014023465240473,-0.0601854033674277,-0.1495391291546425,0.0873845774676531,0.3419428970155342,426.8772491455078,433.2147998046875,405.5623951721191,0,1,-5.936988201662416,-4.57507683429734,0,35.29801765712128,25.43357113193406,0.2064397288445432,-2.1113676299320563,-0.1648896911004415,-3.4128205168668964,0.5517911666454001,-0.1059200715245357,-0.2287858099741414,-0.0504999833750223,0,,
2026-05-28,407.4299926757813,415.8800048828125,406.3900146484375,415.8800048828125,9463.0,0.0093929638248084,-0.01225537611008,-0.0422587238082293,-0.129685048507206,0.091548569246227,0.3459553848858547,426.4497497558594,432.15760009765626,406.0824952697754,0,1,-6.015410640514858,-4.863143595540844,0,39.44038227971741,27.03442264166233,0.2091515769586997,-1.7903446499682152,-0.1570455301792234,-2.95970557524496,0.5539183603092126,-0.0923033593154009,-0.2094067278631132,-0.0381414336299867,0,,
2026-05-29,419.8500061035156,426.2699890136719,418.7799987792969,424.9700012207031,7895.0,0.0218572574568762,0.0157998281398399,0.0012723147615403,-0.1212183782979434,0.1036461951777691,0.3876344694621938,426.6082504272461,431.4182000732422,406.6473452758789,0,1,-5.28317312103178,-4.947149500639031,0,47.88084201828701,26.670932721074102,0.2106385017104149,-1.63823904547421,-0.1386208573079259,-2.766477047279976,0.5646187978330316,-0.0580114082018335,-0.1969800171946766,-0.0207733609598256,0,,
2026-06-01,417.760009765625,418.7200012207031,412.9599914550781,415.4400024414063,6338.0,-0.0224251094240121,-0.0093475368348984,-0.0150782018388396,-0.1367749788650566,0.0729893339020995,0.3217313816220131,425.9167510986328,430.4341998291016,407.1622203063965,0,1,-5.409503478519923,-5.03962029621521,0,41.37071030693333,26.86628065950265,0.2238798688376894,-1.8631089338138247,-0.1579373788383574,-3.1215137917647136,0.5504582266569341,-0.0760530885658136,-0.217707084793206,-0.0440050051121557,0,,
2026-06-02,420.9500122070313,421.510009765625,416.7999877929688,418.2099914550781,3642.0,0.0066676030170265,0.0,-0.0257646652262045,-0.1391844821977229,0.0822959744613025,0.3400301078612417,425.3070007324219,429.7435998535156,407.6986952209473,0,1,-5.225865706475361,-5.07686937826724,0,43.76409003320562,26.613034544579403,0.2155980608733969,-1.9042437062110595,-0.1523228395649748,-3.176504097350076,0.5533769797780177,-0.0782364854370389,-0.2246896342759543,-0.037020844312487,0,,
2026-06-03,414.0499877929688,414.6799926757813,412.0799865722656,412.0799865722656,5927.0,-0.0146577198251155,0.0001698424916434,-0.0425762067332028,-0.1647478538847809,0.052714886796233,0.3115212303070813,424.6649993896484,429.46099975585935,408.20279510498045,0,1,-5.511439172516873,-5.163783337117167,0,39.883826267191566,26.810070303301945,0.2200425298302892,-2.3266590242265317,-0.1647478538847809,-3.7599179494105983,0.5491189923728667,-0.0852149994506544,-0.2419668014566403,-0.0515728867854637,0,,
2026-06-04,414.6199951171875,418.7699890136719,413.7900085449219,415.0,2278.0,0.0070860355340802,-0.0021160067146303,-0.0233456017938807,-0.1265180425687823,0.0526048539559065,0.328,423.63199920654296,429.2463995361328,408.7255700683594,0,1,-5.43943509985246,-5.218913689664226,0,42.499154992894766,26.35923952535276,0.2185351331926849,-1.7686413406639074,-0.1588292274974917,-2.887427350108884,0.5509283124563166,-0.0663287423591986,-0.2172165797174065,-0.0595552291066314,0,,
2026-06-05,413.1499938964844,415.0,403.4400024414063,403.4599914550781,8674.0,-0.0278072495058357,-0.0506153603874124,-0.0739108753072614,-0.1560562070122924,0.0386540793361953,0.299346168452387,421.7804992675781,429.1777990722656,409.1942199707031,0,0,-6.241604270438472,-5.423451805819076,0,35.85950471195065,26.83487885978024,0.2153545448739336,-2.2169535946973458,-0.1822198730454856,-3.561554946098497,0.549798463159954,-0.0785817933366778,-0.2181732046886462,-0.0456699723251894,0,,
2026-06-08,399.05999755859375,403.1600036621094,396.7300109863281,402.0799865722656,11886.0,-0.0034204255986709,-0.0321587131490184,-0.0871983575419551,-0.1452017891950205,0.023964073707561,0.2957782867865668,420.0087478637696,429.0171990966797,409.64956985473634,0,0,-6.909040856045806,-5.720569615864422,0,35.152247821313594,27.75047200069233,0.2086816280119898,-2.0501213433477967,-0.1850170291258052,-3.313832627299099,0.5466801130425005,-0.0966322979390484,-0.2143118283807943,-0.0580422068147146,0,,
2026-06-09,402.0,404.1499938964844,396.4200134277344,396.4200134277344,13617.0,-0.0140767343154344,-0.0521029589741026,-0.0939282078209927,-0.1700269887253066,0.0116884879865462,0.2790217793931813,417.86499786376953,428.48419921875,410.07544494628905,0,0,-7.804733578737171,-6.137402408438972,0,32.335363104188616,28.44609824371772,0.2113129166363894,-2.4743697430528826,-0.1964893278784047,-3.6903071281249096,0.5405714558231645,-0.0932275553327756,-0.2449124816976126,-0.0659123482741023,0,,
2026-06-10,390.0,390.2099914550781,381.8800048828125,383.0549926757813,26164.0,-0.0337142936765211,-0.0704353398424367,-0.1280233534023593,-0.1924123234086008,-0.0225695365104786,0.2310349240971319,415.3782470703125,427.97819885253904,410.4189448547363,0,0,-9.483699805175547,-6.806661887786287,0,26.86158113014741,29.97094179090254,0.2313637198697117,-2.786702919203225,-0.223579122650531,-3.633906802017701,0.5307134837574846,-0.1113514774062017,-0.2469698453766693,-0.0813451859653398,0,,
2026-06-11,380.0,381.3599853515625,376.1900024414063,378.6199951171875,20228.0,-0.0115779656795848,-0.0876626623682228,-0.125164658051739,-0.2209224430189071,-0.0293039175323551,0.199436063130534,412.5197463989258,427.16279846191406,410.7377947998047,0,0,-11.04484181284073,-7.654297872797176,0,25.32929029053137,31.661572075682127,0.2301522018287417,-3.342212165120116,-0.2325684969213963,-4.17235005629005,0.5158018900870541,-0.1246666657162089,-0.2868429022040673,-0.1056171975747893,0,,
2026-06-12,387.9700012207031,392.1700134277344,387.5799865722656,391.489990234375,28085.0,0.033991852736684,-0.0296683722654464,-0.1016545066245601,-0.1843109068085577,-0.0010461946121328,0.2267029274459291,410.3367462158203,426.5521984863281,411.118494720459,0,0,-11.11542535009238,-8.346523368256218,0,36.62684916771392,31.744543365840663,0.2659762835381092,-2.609092419297105,-0.2064820782832562,-3.4809031254997573,0.5304660814328783,-0.1009762662816516,-0.2582777089294429,-0.0853222732983515,0,,
2026-06-15,399.7099914550781,405.0,399.6300048828125,403.8800048828125,7871.0,0.0316483561713032,0.0044767667396032,-0.071860253825743,-0.152909588639167,0.0341313980450306,0.2733464096383131,409.4402465820313,426.05299865722657,411.55236968994143,0,0,-10.0556770913675,-8.688354112878475,0,45.21969296861659,30.421122648760395,0.2946457011526374,-2.0362774167612265,-0.1813685404684525,-2.8878565801090463,0.5377713950839189,-0.0800494375405097,-0.2545655240692461,-0.0633493117641931,0,,
2026-06-16,401.3299865722656,403.80999755859375,400.2999877929688,401.6499938964844,4769.0,-0.005521469147687,0.0131930283325703,-0.0477940394461819,-0.1431283819081553,0.0146904709460637,0.2754032032602214,408.4542465209961,425.2067987060547,411.9572695922852,0,0,-9.288687997642056,-8.808420889831192,0,44.06168230645405,29.192231982900143,0.2777069049976136,-1.8949414303921703,-0.1858885888155819,-2.7031283202860794,0.5380094911108213,-0.0619566438782661,-0.2457294031422114,-0.0732945347140857,0,,
2026-06-17,401.80999755859375,404.8500061035156,400.6300048828125,404.2999877929688,126152.0,0.0065977690445762,0.0554619976854584,-0.040510732899886,-0.1247781407624439,0.0136388774035864,0.2812346411148978,407.7757461547852,424.6145983886719,412.36124450683593,0,0,-8.370521097737083,-8.72084093141237,1,45.83673931127635,27.940430459378963,0.2793588835098279,-1.6181011160439391,-0.1805172697480331,-2.3565649352763804,0.54840761009049,-0.0435019925422252,-0.2118941162709324,-0.0726275504610887,0,,
2026-06-18,399.7699890136719,399.7699890136719,393.0,393.0849914550781,10919.0,-0.0277392942777766,0.0382045230691356,-0.0593127143650471,-0.1540009920314339,-0.014824582819353,0.2531001574667715,406.377995300293,423.8456982421875,412.6916694641113,0,0,-8.450412595161936,-8.666755264162283,1,40.04521971424308,27.393777672176384,0.2928301038734032,-2.0373005857745192,-0.2032491423580483,-2.90846886803658,0.5277085944097326,-0.0780768492965033,-0.2440637684502383,-0.1092910676894296,0,,
2026-06-19,385.0799865722656,387.55999755859375,384.5790100097656,385.1749877929688,12255.0,-0.0201228839412793,-0.0161306868602836,-0.0851819780165298,-0.1492357730679568,-0.0369180741068797,0.2274732590091746,404.71874542236327,422.7109979248047,412.958744354248,0,0,-9.047702093595774,-8.742944630048981,0,36.538568472551226,27.47795198633187,0.2962241353046146,-1.9750737240874523,-0.2192820673964921,-2.818472752934792,0.5170895756096099,-0.0942411207048757,-0.2504133105067974,-0.1316452200601297,0,,
2026-06-22,389.510009765625,390.9299926757813,388.3299865722656,388.3299865722656,16449.0,0.0081910790661012,-0.0385015799805656,-0.0717802845175588,-0.0888763887338501,-0.0345333762773668,0.2303914534727664,403.16724548339846,421.5759979248047,413.25004425048826,0,0,-9.160875420873822,-8.826530788213951,0,38.83907328198732,27.162381883345883,0.2990778790628404,-1.1796312729064091,-0.2128871450822136,-1.678523016807305,0.5229708489548964,-0.0762425902553213,-0.1966825229203521,-0.1363559873988183,0,,
2026-06-23,381.5899963378906,384.2699890136719,379.7300109863281,383.5499877929688,31472.0,-0.012309115815364,-0.0450641264249102,-0.0853920231053353,-0.0990769316347629,-0.0552723046902011,0.2431328155330205,401.43424530029296,420.3793975830078,413.4972941589356,0,0,-9.526456985370372,-8.966516027645236,0,36.67017333831765,27.448627842518167,0.2998433527712703,-1.3341442589240644,-0.2225758083731586,-1.8711708762335657,0.5241451829617032,-0.0727447247591973,-0.2055260768583152,-0.1359786886908242,0,,
2026-06-24,379.2099914550781,379.6000061035156,367.9800109863281,371.9200134277344,18839.0,-0.0303219260471259,-0.0800889818028274,-0.1106859687074596,-0.085944604098771,-0.079360356172867,0.2015248535271641,399.4297454833985,419.08239807128905,413.6646942138672,0,0,-10.63206491848041,-9.299625805812273,0,31.98944892115981,28.374544435288623,0.3132246632252876,-1.1672376921021974,-0.2461488072189143,-1.6231532154415116,0.508487775757061,-0.0919821417999492,-0.1851040856030066,-0.1499836615623755,0,,
2026-06-25,369.0199890136719,374.1400146484375,368.6799926757813,373.6099853515625,21010.0,0.0045439123005315,-0.0495440083617164,-0.0932016783667626,-0.0890005152366889,-0.0939712905629367,0.207277041903747,397.3162445068359,417.6217974853516,413.8388191223145,0,0,-11.242306251996524,-9.688161895049122,0,33.3213510601785,29.23432412857548,0.3130558000971706,-1.217779996105934,-0.2427233735112659,-1.6808672748828062,0.5100609367409468,-0.075626853829776,-0.1917232702954112,-0.1594773828540919,0,,
2026-06-26,374.0199890136719,379.6400146484375,373.6919860839844,378.8699951171875,20732.0,0.0140788789696704,-0.0163691643424422,-0.0889920393649456,-0.1044744638992068,-0.0865980681495712,0.2431137813290194,395.0112442016601,416.29099731445314,414.0372190856934,0,0,-11.172696190091813,-9.98506875405766,0,37.42871193652142,29.351319894183952,0.3160752729983061,-1.5071695381809462,-0.2320617675403706,-1.973108885516999,0.5210096165185254,-0.0594108196238821,-0.1952047947493802,-0.1425640262684426,0,,
2026-06-29,376.8699951171875,377.0400085449219,371.989990234375,373.0499877929688,4710.0,-0.0153614891631059,-0.0393479754529677,-0.1221733611280724,-0.0864566914658023,-0.106894955971253,0.2183610987244992,392.8917434692384,414.8355969238281,414.2102189636231,0,0,-11.455108307738442,-10.279076664793816,0,34.869295758091525,29.56927662324553,0.3033971651445108,-1.2510263546801146,-0.2438584423762341,-1.6328245178472875,0.5046914360308531,-0.1061377375889284,-0.2067430357149748,-0.172304280892737,0,,
2026-06-30,373.5799865722656,376.510009765625,370.0,373.7650146484375,7480.0,0.0019167052107385,-0.0255115981122465,-0.1003152983536934,-0.1087889515878105,-0.073463013625259,0.2008128346775997,390.6694946289063,413.2612969970703,414.38311904907226,0,0,-11.488789638703508,-10.521019259575755,0,35.453270118388986,29.90261452366706,0.2984829099941894,-1.67466338508461,-0.2424091419126807,-2.05459247181279,0.5017517327032629,-0.0884835426104493,-0.2452081161801297,-0.1510780426525744,0,,
2026-07-01,368.6199951171875,381.55999755859375,367.9200134277344,378.2799987792969,19245.0,0.0120797398202348,0.0171004117066646,-0.0954783326358436,-0.1036443566016916,-0.068597072103956,0.2153378832308874,388.97949523925786,411.9052972412109,414.5679690551758,0,0,-11.02408209396424,-10.621631826453454,0,39.16261409342887,29.550512092731893,0.3016865250946668,-1.5776179129902763,-0.2332576414567975,-1.9574314460401143,0.508500511885776,-0.0810956536541209,-0.2423644996643066,-0.1465074406235572,0,,
2026-07-02,377.9200134277344,384.2200012207031,376.5499877929688,383.2900085449219,17469.0,0.0132441836253363,0.0259094338291054,-0.0698650236980021,-0.1062167432654278,-0.0426605059833875,0.2359808669507928,387.393995666504,410.7643975830078,414.7706440734863,0,0,-10.13470552240682,-10.524246565644129,1,43.0720612763151,28.88730798118871,0.3054203918219959,-1.6278597680697957,-0.2231027648669278,-2.006013643007404,0.5159131220604243,-0.0604711743240792,-0.2215561783860143,-0.1280943011691153,0,,
2026-07-03,387.0799865722656,388.260009765625,385.8800048828125,386.5700073242188,13057.0,0.0085574857318841,0.0203236263263593,-0.0685060064476655,-0.1292683693022962,-0.0363695189069234,0.2455335475573352,386.549496459961,409.7109979248047,414.9887191772461,0,0,-9.060752972297848,-10.231547846974872,1,45.53949916540458,27.772925650663534,0.3060906263921146,-2.1309063786731923,-0.2164544778621363,-2.441367570287095,0.5203280412413482,-0.055543108827602,-0.2359192147959602,-0.1207559121387709,0,,
2026-07-06,385.1099853515625,386.3900146484375,383.4500122070313,384.9700012207031,8693.0,-0.0041389814864083,0.031952858377654,-0.0458285595250494,-0.1127883709256825,-0.0684782068509516,0.2454143167936233,385.6939971923829,408.6233978271485,415.2201942443848,0,0,-8.2437165270822,-9.833981582996335,1,44.52567206883581,26.962549362597528,0.2928049993776166,-1.8563420744704215,-0.219697558272023,-2.1301256646902087,0.5136912282804992,-0.0656735827741846,-0.2274985682122599,-0.1517946972608952,0,,
2026-07-07,382.989990234375,387.5299987792969,382.4599914550781,384.3699951171875,13307.0,-0.0015585788544901,0.0283733898388671,-0.0440459412219342,-0.1092855741095975,-0.0782052256941636,0.2519176052708611,385.09149627685554,407.54289794921874,415.4336442565918,0,0,-7.55750650530382,-9.378686567457834,1,44.12892139850111,26.06056967908168,0.2927677765316419,-1.7923253982259306,-0.2209137211578073,-2.063971704535449,0.5153394364841766,-0.0573290957739438,-0.2167178770754773,-0.1516286059484403,0,,
2026-07-08,382.6499938964844,382.6600036621094,373.5700073242188,373.5700073242188,23721.0,-0.0280978950754883,-0.0124510718787066,-0.0576408993732124,-0.1546468642292703,-0.0984626982497371,0.2122204985782001,384.6172470092774,406.3296978759765,415.5652192687989,0,0,-7.795289628360365,-9.06200717963834,1,37.629331328062165,26.02558019071862,0.3038849288337895,-2.6555866711534537,-0.2428044056754679,-2.920666836084436,0.502411638182776,-0.0705916252686333,-0.2353116410802396,-0.1703840498689417,0,,
2026-07-09,381.0799865722656,383.1499938964844,380.5499877929688,382.8299865722656,10259.0,0.0247878016609885,-0.0012001929672067,-0.0005873989578988,-0.1398625008493675,-0.076449877644769,0.2379304335400667,384.8277465820313,405.4976977539063,415.7207691955566,0,0,-7.1540639342914005,-8.680418530568954,1,45.09616938326042,25.923800615622017,0.2960014150269509,-2.3127823980047557,-0.224035191464777,-2.6414487605579464,0.5105434369431957,-0.0380055292198037,-0.2240181928498664,-0.157346878804693,0,,
2026-07-10,381.5,381.5400085449219,378.0,380.5299987792969,10778.0,-0.006007856943397,-0.0156246176125509,0.0050446455198918,-0.1417520082352996,-0.0908373912854541,0.2141991263247613,384.2797470092774,404.6722979736328,415.8780192565918,0,0,-6.753626146818476,-8.295060053818858,1,43.69688180118484,26.05278899724197,0.2938446611106029,-2.3472899504390643,-0.228697077027567,-2.677134072291438,0.505298269751935,-0.0203636716673263,-0.2295559486094394,-0.1685717153224385,0,,
2026-07-13,376.2999877929688,378.0899963378906,371.4299926757813,372.6099853515625,9839.0,-0.0208131118522613,-0.0321064390210878,-0.0482260220025281,-0.1468965480137442,-0.1325371841058795,0.1954121615628132,382.7162460327149,403.5390979003906,416.0053691101074,0,0,-6.9947243799644525,-8.034992919047978,1,39.187658784693085,26.70558855291585,0.275677927030456,-2.4280561746597447,-0.2447502910353683,-2.774294055409777,0.4985987827341023,-0.0600741495341173,-0.2207240162092953,-0.1993303494874173,0,,
2026-07-14,373.2200012207031,380.3500061035156,372.4500122070313,378.9249877929688,13522.0,0.0169480225696261,-0.0141660571672838,-0.0617881964646516,-0.1516098527552867,-0.1148680626242648,0.2226936314263206,381.5799957275391,402.5094976806641,416.1422940063477,0,0,-6.60014616981033,-7.748023569200448,1,44.137632512606295,26.95599334103766,0.2570016728440085,-2.5398882993526084,-0.2319503019221322,-2.863309716448815,0.5052550683537728,-0.0604649615568935,-0.2183617958755817,-0.187539889330866,0,,
2026-07-15,374.0400085449219,377.739990234375,373.0,375.489990234375,5362.0,-0.0090651122761811,0.0051395531560698,-0.0651313433577481,-0.1569789920586878,-0.1256287534936673,0.1989015835289758,380.13949584960943,401.52089721679687,416.2393440246582,0,0,-6.489805255761951,-7.4963799065127485,1,42.12887009270416,27.188512072865056,0.2577479780896999,-2.638441597663855,-0.2389127586688951,-2.9647114951393463,0.4986982187508055,-0.0730679904528268,-0.2202701430000502,-0.2045150505597495,0,,
2026-07-16,373.9100036621094,374.7000122070313,368.75,372.6300048828125,15088.0,-0.0076166753467311,-0.0266436330674627,-0.0783328811930947,-0.1641693984993802,-0.1305271052229443,0.1991890918276311,379.1167465209961,400.2602972412109,416.31694412231445,0,0,-6.557544906637645,-7.308612906537728,1,40.47709491618212,27.77517336539222,0.255721593851465,-2.775532580821613,-0.2447097130966534,-3.10050979751012,0.4975960788075697,-0.092652855919589,-0.2207988265033426,-0.202495902278019,0,,
2026-07-17,370.9400024414063,372.2200012207031,367.55999755859375,372.0,5701.0,-0.0016906982115157,-0.0224161007191555,-0.0536397774359892,-0.1778642349545909,-0.1283360836600843,0.1911623904596751,378.4579971313477,398.89049743652345,416.3800440979004,0,0,-6.586144225962528,-7.164119170422689,1,40.10408146971917,28.421141570764668,0.2403964333286844,-3.0770184975356334,-0.2459866810338962,-3.359151024150416,0.5017204212383427,-0.0492472047010318,-0.2165489337229905,-0.1931708347475847,0,,
2026-07-20,371.3299865722656,374.1799926757813,371.0,372.5700073242188,5750.0,0.0015322777532764,-0.0001072918840485,-0.0327253348951235,-0.1647910273063507,-0.1418601340943045,0.1767659840996875,377.66999816894537,397.5915972900391,416.4581690979004,0,0,-6.488024655684399,-7.028900267475031,1,40.6371111399035,28.65498001049133,0.2319643896320047,-2.8310744658463607,-0.2448313231995703,-3.1122499039126765,0.5033017031425546,-0.0266643790890589,-0.2043981296289616,-0.2044045880399542,0,,
2026-07-21,378.4800109863281,378.4800109863281,375.7200012207031,378.4299926757813,10320.0,0.015728548289887,-0.0013063142657088,-0.025493766226683,-0.1405861445958064,-0.1412784710810475,0.186356756756757,377.413998413086,396.374296875,416.54231903076175,0,0,-5.869749526644512,-6.797070119308927,1,45.961371117116265,28.107450337734136,0.2373318312554729,-2.343573709508554,-0.2329536161995048,-2.655115525169678,0.5069889476650303,-0.030559832009383,-0.1934286210815453,-0.2265238485367714,0,,
2026-07-22,381.5799865722656,385.9500122070313,381.3500061035156,385.6499938964844,21496.0,0.019078829269457,0.0270579880325643,0.0054751822978784,-0.1220061868895303,-0.1431713723160156,0.2134226449220044,378.1004974365234,395.4314965820312,416.6320190429688,0,0,-4.7424996896866105,-6.386156033384465,1,51.708374750205465,26.45824515739575,0.2435162494670975,-1.962857650459818,-0.2183192692012208,-2.304213704049525,0.5172631596354453,-0.0131299944175213,-0.1666776492779927,-0.2184130348614162,0,,
2026-07-23,382.0700073242188,382.0899963378906,374.9500122070313,375.3999938964844,12003.0,-0.026578504245358,0.0074336177370981,0.0093567980832152,-0.1455559606660479,-0.1717229998085707,0.1954271736959718,378.1899978637695,394.2236962890625,416.6556190490722,0,0,-4.622944977657596,-6.033513822239091,1,44.476669924137774,25.66342855531082,0.2378503315119494,-2.3484236578502564,-0.2390951738232707,-2.748975669377157,0.5098108622711994,0.0026020025991158,-0.1820756263074849,-0.2310146007885232,0,,
2026-07-24,374.4200134277344,378.0899963378906,374.2300109863281,377.9299926757813,7038.0,0.0067394747480857,0.0159408405262937,0.0115628797237679,-0.1379235571873858,-0.1837012749845443,0.2187161744782106,378.1429977416992,393.07929626464846,416.6639190673829,0,0,-4.274770357888656,-5.681765129369005,1,46.46681181808781,25.00390351117085,0.2384356432007968,-2.202430582286063,-0.233967074961556,-2.60482979334636,0.5127258078405915,0.0052246131936157,-0.1692185716045801,-0.2426299717620109,0,,
2026-07-27,380.2200012207031,380.7999877929688,377.2699890136719,378.1700134277344,10558.0,0.0006350931564169,0.0150307485665166,-0.0018475511348863,-0.1291020798660523,-0.1989280965422913,0.2247231521560908,378.3989990234375,392.20649658203126,416.68901916503904,0,0,-3.934121688593166,-5.332236441213837,1,46.66213658518612,23.97571110981884,0.2333939220583653,-2.046227502294766,-0.233480572693274,-2.43822702137232,0.5129403251326075,-0.0154877974035072,-0.1594533719109324,-0.2531450378202791,0,,
2026-07-28,375.55999755859375,375.8699951171875,372.2000122070313,374.1099853515625,8092.0,-0.0107359862813335,-0.0114156050202922,0.0028414357144597,-0.1185590278551729,-0.2094708962226918,0.2080729800550484,378.41624755859374,391.2612963867188,416.6919691467285,0,0,-3.946275293499639,-5.055044211670998,1,43.75398683202818,23.60525374397456,0.2300806768673526,-1.8807703244699776,-0.2417099147492147,-2.2391105212560456,0.5062211233510429,0.0030309357579356,-0.155439873851048,-0.2618055737469366,0,,
2026-07-29,374.9800109863281,375.3900146484375,370.989990234375,372.010009765625,14349.0,-0.0056132572456307,-0.0353688171832841,-0.0046954766070421,-0.1180416772600337,-0.2420333760836446,0.2133794781602576,378.1027481079101,390.3440966796875,416.6479692077637,0,0,-4.0783449703701535,-4.859704363410829,1,42.286011487056754,23.39455650965167,0.2308646746955741,-1.8717774204467443,-0.2459663920645387,-2.229339817314637,0.5112463490414129,0.0189229368217549,-0.1418704230335494,-0.2812235167051804,0,,
2026-07-30,374.260009765625,382.0499877929688,374.260009765625,380.1300048828125,9599.0,0.0218273565335063,0.0125999229175064,0.0048905734098698,-0.1144733743063839,-0.2251258755988648,0.2385311750688936,377.9447479248047,389.5258966064453,416.62291915893553,0,0,-3.4875925999332367,-4.585282010715311,1,49.36081014258107,22.16575244983416,0.2396584996211042,-1.796052467537102,-0.2295078316658851,-2.1619487056372835,0.5137914102817515,0.0104049027922392,-0.1441744174404479,-0.278740775033199,0,,
2026-07-31,378.2099914550781,378.3200073242188,373.2099914550781,374.7900085449219,11347.0,-0.0140478159295445,-0.0083083750739867,-0.0221764194487312,-0.1292154840025295,-0.1902734727430534,0.2017507756848866,377.3557479858399,388.6544970703125,416.5476692199707,0,0,-3.4109903925003664,-4.350423687072322,1,45.41779106351176,21.15838589788565,0.239792011742644,-2.0518447965830804,-0.2403315638217985,-2.440368776409737,0.5029525704063298,-0.0251215778391783,-0.1621242867465177,-0.2539194894091851,0,,
2026-08-03,376.8299865722656,377.05999755859375,372.7699890136719,373.9949951171875,6240.0,-0.0021212236441972,-0.0110400564886266,-0.032529715106647,-0.1198461279800549,-0.1363898830979295,0.1903845051748169,376.806997680664,387.747197265625,416.431194152832,0,0,-3.3755226072084383,-4.155443471099545,1,44.843457916793,20.28156363544148,0.2372927056840958,-1.8914355909373128,-0.24194299047037,-2.2634187454686603,0.494837726428896,-0.0489889315817764,-0.1613867867797851,-0.2115453955625321,0,,
2026-08-04,376.80999755859375,379.36962890625,375.2489929199219,378.1900024414063,4296.0,0.0112167472265354,0.0109059294047169,-0.0176117587287271,-0.1319147976348911,-0.182574678061848,0.1995939443618206,376.497998046875,386.9467974853516,416.3418441772461,0,0,-2.974622503327339,-3.919279277545104,1,48.54123062154187,19.093957381438223,0.2410466163229098,-2.152980430199053,-0.2334400566111729,-2.491348121160891,0.4915264885829293,-0.0431479816615962,-0.1762409573963484,-0.273125931059664,0,,
2026-08-05,387.3299865722656,395.5670471191406,385.0,394.8150024414063,32562.0,0.0439593852102839,0.0613020942370583,0.0271743566274842,-0.1036913183172812,-0.1370163881062157,0.2558127931731642,377.5602478027344,386.6028973388673,416.2926692199707,0,0,-1.3004173221860924,-3.395506886473302,1,59.98931418160405,19.43934330775754,0.2863954659888988,-1.5292285237079577,-0.19974255277297,-1.95831836687082,0.5141602438852626,-0.0022881862233536,-0.1503701215236663,-0.2348037443435255,0,,
2026-08-06,394.6600036621094,397.2799987792969,392.489990234375,394.1499938964844,15911.0,-0.001684354801134,0.0368820898997277,0.0550900398018419,-0.0991166458293981,-0.1259369500098874,0.2503766714720941,378.1262481689453,386.1682971191407,416.3435691833496,0,0,-0.0269476502636507,-2.721795039231372,1,59.41986456167812,19.919896608991596,0.2659679470082761,-1.4534854958497605,-0.2010904702463501,-1.8719209200949205,0.5141156729583622,0.0232957079137732,-0.1376053607930579,-0.2334343739551518,0,,
2026-08-07,398.5199890136719,405.3699951171875,397.3399963378906,403.3500061035156,19201.0,0.0233413988316524,0.0762026652457321,0.0536008678812742,-0.0818243008126743,-0.1210216121256038,0.2767472428453177,379.2672485351562,385.73589721679696,416.4857191467285,0,0,1.7049962020913654,-1.8364367909668249,1,64.4478411762741,21.05247756837996,0.2644968507876207,-1.1416922775081877,-0.1824428042819622,-1.545337003504156,0.5229180365746643,0.0242380936391224,-0.1244044953414627,-0.2191098666212229,0,,
2026-08-10,404.260009765625,404.4500122070313,400.3399963378906,403.3200073242188,7351.0,-7.437406431853866e-05,0.0784101728362505,0.0598901758548078,-0.0680930720184225,-0.1437124499224311,0.2932727065626987,380.80274963378906,385.4934973144532,416.576169128418,0,0,3.0401090475869523,-0.8611276232560693,1,64.41981272653254,22.104159887812006,0.262851478512917,-0.9266767916457046,-0.1825036093334207,-1.2860084696995353,0.5230347181178715,0.0351009481481972,-0.1123923107784088,-0.2353730536509839,0,,
2026-08-11,404.8599853515625,407.9800109863281,404.1700134277344,405.8900146484375,9236.0,0.006372129518863,0.0732436395150948,0.0893159888495067,-0.0686110128965984,-0.1300927627378791,0.3009295341296074,382.1510009765625,385.2470977783204,416.6965495300293,0,0,4.256507342171233,0.162399369829391,1,65.7923659749288,23.36418094257148,0.2484191984446005,-0.9353039756774896,-0.1772944164508901,-1.2957903217498823,0.5280548037838001,0.0590776032147002,-0.1050628533623003,-0.2227763178042099,0,,
2026-08-12,408.4599914550781,411.75,407.4299926757813,409.7799987792969,8902.0,0.0095838379621846,0.0379038188654228,0.0814277547808119,-0.0583017246306629,-0.1318588019215691,0.3114428930662447,383.8655014038086,385.201098022461,416.89054946899415,0,0,5.47133086725961,1.224185669315435,1,67.81611911898707,24.819777563323346,0.2449422309037777,-0.7669970464195605,-0.1694097394475709,-1.1010886930294137,0.5317836853100464,0.0525053950328682,-0.0902924460468632,-0.2264708841540447,0,,
2026-08-13,406.1700134277344,407.5400085449219,404.0,404.3299865722656,21969.0,-0.0132998492441466,0.0258277123770673,0.0768062986709423,-0.0414404852599539,-0.1186459631064333,0.300451813067901,385.4505004882813,384.98769775390633,417.0693493652344,1,0,5.926005522910373,2.1645496400344224,1,62.25875021787367,25.544652073616952,0.2481729511741553,-0.5182996333230719,-0.1804564646965747,-0.7826466548365032,0.521075232177662,0.044870850918435,-0.091482273714828,-0.2321874243159839,0,,
2026-08-14,402.0199890136719,407.6099853515625,401.6900024414063,406.5799865722656,7082.0,0.0055647616420304,0.0080078850127029,0.0911090927852951,-0.0350998142162652,-0.1283150891737741,0.3062390728523572,387.1794998168945,385.0500976562501,417.2425993347168,1,0,6.3941864579880985,3.010477003625158,1,63.58547449221617,25.809026480081,0.2448139811398006,-0.4168243418925071,-0.1758959002673442,-0.6628964890111743,0.5250142890379986,0.0551013390140322,-0.0843031494970601,-0.2385685233767174,0,,
2026-08-17,408.2300109863281,410.4700012207031,406.0499877929688,410.0499877929688,6037.0,0.0085346090198821,0.0166864533039143,0.1022849134219592,-0.0187139718467358,-0.1148981417859277,0.3208458120401525,389.05349884033205,385.2094976806641,417.4330992126465,1,0,6.964935875350363,3.8013687779702,1,65.59423171227913,26.32491941859833,0.2442372748765227,-0.1595600967179926,-0.1688624939844442,-0.3534328175135031,0.532010085153967,0.0603715986701587,-0.0705620126202459,-0.2231762662169275,0,,
2026-08-18,407.9500122070313,410.0499877929688,403.7799987792969,404.1700134277344,11002.0,-0.0143396525796342,-0.0042376041750938,0.0848162908508536,-0.0400674396133725,-0.1092966615311401,0.3049107257661736,390.3404998779297,385.36449768066416,417.6013493347168,1,0,6.863673949557324,4.4138298122876245,1,59.59503173065206,26.38840375636632,0.2529147043162612,-0.4923418305559928,-0.1807807170666109,-0.756715260078605,0.5279479269107943,0.0489690847743047,-0.0752211122393042,-0.211672948598611,0,,
2026-08-19,403.2000122070313,416.4500122070313,403.1700134277344,415.9400024414063,14855.0,0.0291213811580219,0.0150324654215912,0.0991200763459612,-0.0057844511781465,-0.1040699657155056,0.3373846158676881,391.8550003051758,386.02219787597664,417.8219493103027,1,0,7.645035678877832,5.060070985605666,1,66.24924210905482,27.05678227755237,0.2647172841405024,0.0461696028784888,-0.1569239200763061,-0.1092453752952621,0.5421851120691775,0.0694219559740805,-0.0423031881642272,-0.2047206712842594,0,,
2026-08-20,416.7200012207031,420.6499938964844,412.80999755859375,419.5400085449219,10943.0,0.0086551091080082,0.0376178430435008,0.0878776486057308,0.0004292808080115,-0.0972586449181146,0.3479413809913956,394.06200103759767,386.8405981445313,418.0731993103028,1,1,8.457270732285394,5.739510934941611,1,67.9859024406498,28.028543670599845,0.2599746696045574,0.138944239261419,-0.1496270046182147,0.0081074144346567,0.5515103756259584,0.0662084962993492,-0.0243334828347141,-0.1940178132096622,0,,
2026-08-21,422.9599914550781,427.0899963378906,422.8900146484375,426.8399963378906,15836.0,0.0173999800836326,0.0498303173661598,0.1370271797489446,0.0206355779611724,-0.0929684020919706,0.3578278742833678,396.5075012207032,387.54759826660165,418.3562492370605,1,1,9.57959328203208,6.507527404359705,1,71.21981662817122,29.406286610491414,0.2382140967799649,0.4340961796826951,-0.1348305314349126,0.389724347111746,0.5588203824689479,0.0961327500544257,-0.0021020936982846,-0.1876545491448442,0,,
2026-08-24,431.510009765625,433.9299926757813,429.4200134277344,433.2900085449219,11580.0,0.0151110773647493,0.0566760674156801,0.1464821976080443,0.0516492276277513,-0.1056134820478549,0.3761791333822171,399.2635009765625,388.1357983398438,418.67294921875,1,1,10.864267555106435,7.378875434509052,1,73.7435651098922,31.11349734029229,0.2401923911985117,0.8751833702190676,-0.1217568886618063,0.9754493697208618,0.5689365441903709,0.1096311819889033,0.0310722218501715,-0.2048224715676576,1,,
2026-08-25,430.1300048828125,430.8399963378906,426.1900024414063,430.2349853515625,10022.0,-0.0070507584599487,0.0644901181628323,0.1376760982498612,0.0345171210450354,-0.099644281979225,0.3643094245266485,402.0697509765625,388.7074981689454,418.956374206543,1,1,11.503263866960936,8.20375312099943,1,70.58629624417625,32.100172369658054,0.2440573567474342,0.6333233578131411,-0.1279491687089659,0.6518917225756856,0.563125395194041,0.0978380283290449,0.0166216459762928,-0.1962657663824148,1,,
2026-08-26,429.8500061035156,430.1600036621094,425.3200073242188,426.0249938964844,7692.0,-0.0097853303390423,0.0242462648359933,0.1387693741885445,0.0024825109366564,-0.1190367933111354,0.3434823769304997,404.7705001831055,389.1419982910157,419.18189910888674,1,1,11.53697090271578,8.8703966773427,1,66.36927401325704,32.85479239861456,0.2432434507147712,0.1690265210783195,-0.1364824741655852,0.0468848004066865,0.5574912598387715,0.1012801207273503,-0.012623628582001,-0.2071170432015359,0,,
2026-08-27,426.4800109863281,427.0499877929688,423.5899963378906,426.1600036621094,10216.0,0.0003169057392389,0.0157791747684503,0.1455605829816249,0.0258039696651866,-0.1145003466054604,0.3289674301215821,407.0720001220704,389.80349853515634,419.40184906005857,1,1,11.442674106873142,9.38485216324879,1,66.43852010251273,33.22591025120845,0.2404296542515852,0.5148005419396073,-0.1362088205057149,0.4873347986462106,0.5540374109455907,0.0836994963082105,0.0065021905665645,-0.2126204671796581,1,,
2026-08-28,427.6499938964844,428.0299987792969,420.2699890136719,422.7300109863281,18563.0,-0.0080486029808203,-0.0096288665233447,0.1120669390900843,0.0108080142120075,-0.1298807758473994,0.3067186120952261,409.4690002441406,390.5545989990235,419.5649491882325,1,1,10.964776356998186,9.700837001998668,1,62.89536361691834,32.95267088239362,0.2388578194279033,0.2924059570799945,-0.1431611327677989,0.204120586797937,0.5508282813629953,0.0720854228779996,-0.0046057181779494,-0.2282604953209221,0,,
2026-09-01,410.8999938964844,411.2000122070313,401.5299987792969,404.3699951171875,16405.0,-0.0434320142691132,-0.0667451657259621,0.0789241599238637,-0.0187099391048102,-0.1803753706757588,0.2366054896550076,410.9877502441406,390.87539916992193,419.6296990966797,1,0,9.000783676144806,9.560826336827896,0,48.10639885362546,31.04827954574854,0.28574490778767,-0.1350947246743744,-0.1803753706757588,-0.3533566549889065,0.5321406563552,0.0580334760498182,-0.0309192292626766,-0.2654046037111224,0,,
2026-09-02,400.4200134277344,407.4500122070313,398.885986328125,405.2799987792969,9741.0,0.0022504233081033,-0.0580031550708827,0.0836508618312033,-0.0234216896884412,-0.1469764659241884,0.2216059405882304,412.3422500610352,391.3099993896485,419.7484240722656,1,0,7.432062823152819,9.135073634092882,0,48.74963563546084,29.54915207010743,0.285008035605912,-0.204972402397301,-0.1785308683060319,-0.4423429641397391,0.530982274115481,0.0730432336827469,-0.0362044169629003,-0.2455567970569627,0,,
2026-09-03,409.7699890136719,417.9800109863281,409.760009765625,417.6000061035156,13901.0,0.0303987548394359,-0.0197758063814815,0.1042068891501573,0.0350468818418439,-0.1264786086182946,0.2651861630472791,413.4815002441407,392.2235992431641,419.9443240356445,1,0,7.10110475823177,8.72827985892066,0,56.59402414365548,27.87657537294314,0.2985633314200593,0.6320725055642127,-0.1535592295635026,0.661896806080012,0.5414552937784731,0.1015790732651835,-0.0151749594451913,-0.2300373946006598,0,,
2026-09-04,413.7200012207031,416.0299987792969,405.05999755859375,411.6700134277344,26248.0,-0.0142001738244977,-0.0340012908528687,0.0426909081015214,0.0238510425182407,-0.1248139607245949,0.2321760128917354,414.3575012207031,392.9847998046876,420.1139241027832,1,0,6.2878350094907205,8.240190889034672,0,52.433936542612734,25.94805381263944,0.2692282711831063,0.4746526229662371,-0.1655788356358426,0.4504517387807515,0.5358317545228868,0.0421493316438916,-0.0198440701624175,-0.2299030795841874,0,,
2026-09-07,407.2999877929688,410.010009765625,406.3999938964844,409.1300048828125,3468.0,-0.0061700110818679,-0.0321718490527408,0.0380058638038753,0.0320619318514681,-0.1434164505992595,0.208870115623063,414.646501159668,393.5900000000001,420.26252410888674,1,0,5.376379852227046,7.667428681673147,0,50.71433303438939,24.157283792357436,0.2704746064705872,0.5902669908806759,-0.1707272234669147,0.6055229216969683,0.5325256666594638,0.0358090497322622,-0.0148838586962547,-0.256151097623331,0,,
2026-09-08,408.2200012207031,408.9500122070313,406.8299865722656,408.2099914550781,4505.0,-0.0022487068089711,0.0094962444895987,0.0120490523813583,0.065669418909227,-0.1393785099685908,0.2049234382942477,414.89100036621096,394.2932000732423,420.4137490844727,1,0,4.527616138173016,7.039466172973121,0,50.073758425859225,22.494425916381285,0.2592268531195422,1.0760207045142909,-0.172592014805999,1.24417381136878,0.5342624374690605,0.0216944149960993,0.0066871368830674,-0.2419342296556256,1,,
2026-09-09,408.0799865722656,410.75,406.6799926757813,408.0799865722656,4235.0,-0.0003184755041126,0.0069087736907873,0.0118019913755986,0.0778088633326401,-0.1603033038622381,0.2031014582829866,415.00049896240233,394.9794995117188,420.5596490478516,1,0,3.800662797328812,6.391705497844259,0,49.97769338067055,21.045702328475205,0.259237396975642,1.248601891405921,-0.1728555239811906,1.7397546551624046,0.5365861889608539,0.0259093141880657,0.0402951196442724,-0.258106151623218,1,,
2026-09-10,409.0199890136719,410.3399963378906,401.2300109863281,405.05999755859375,6569.0,-0.007400483025494,-0.0300287556552703,-0.0020449310401554,0.0346624630583651,-0.156037113748698,0.1968089317450427,414.7644989013672,395.5150994873048,420.6799490356445,1,0,2.9468892580003967,5.702742249875487,0,47.68891860592731,20.047320318235016,0.2598209335151737,0.6510996503908807,-0.1789767926355989,0.7787523402167691,0.5358270872682003,0.0147187061432023,0.0101062179524107,-0.2507817017957223,1,,
2026-09-11,403.6099853515625,407.8800048828125,398.3699951171875,405.489990234375,19117.0,0.0010615530498516,-0.0150120800441644,-0.0104690530472484,0.0039862962565568,-0.1495328353033941,0.1954832706429687,414.8224990844727,395.9590991210938,420.78209899902345,1,0,2.278696991830998,5.01793319826659,0,48.05369096626735,19.44424503294324,0.2575399055674902,0.1874682356437048,-0.1781052329458222,0.0895590579747287,0.5318621429050054,0.0001475366716323,-0.0109884092626223,-0.2627566631692416,0,,
2026-09-14,400.75,400.75,395.1400146484375,397.2149963378906,11361.0,-0.0204073937600811,-0.0291227932508512,-0.0175969887731869,-0.0110419460375661,-0.1525899120762475,0.1637953742321878,414.35424957275393,396.17199890136726,420.832274017334,1,0,1.0691030024707402,4.22816715910742,0,41.98599291326767,19.238060980757425,0.2631500373284937,-0.0472409904502324,-0.1948779630864471,-0.2480764653920549,0.5233431987350927,0.0043524743019398,-0.0272602855861283,-0.2662910350217743,0,,
2026-09-15,397.9599914550781,398.2999877929688,395.4299926757813,397.1499938964844,10484.0,-0.0001636454867151,-0.0270938923350945,-0.0231934502120535,-0.0176848728972649,-0.140256328099968,0.1586993282046149,413.70924987792966,396.41559875488286,420.8859739685059,1,0,0.104046514028198,3.4033430300915755,0,41.941192228604805,19.0466043608706,0.2621743497823076,-0.1530327682052411,-0.1950097176740428,-0.3973213366860704,0.5256686680120275,0.0012464022174099,-0.0414635786595128,-0.2445718065729575,0,,
2026-09-16,401.5799865722656,404.25,400.9400024414063,402.9800109863281,14002.0,0.014679635350475,-0.0124974900846659,-0.0172417437315234,0.0251727228114757,-0.1327048935050577,0.1750230402362567,413.6497497558594,396.78779907226567,420.9436489868164,1,0,-0.1881650012487057,2.6850414238235194,0,47.365853790408494,17.978672107454397,0.2658249542289283,0.5195268673103641,-0.1831927538688219,0.5655488695669558,0.5357478764788616,0.0070257903547314,0.0152343209003849,-0.2325475933185816,1,,
2026-09-17,399.5199890136719,406.0899963378906,399.2300109863281,403.989990234375,8476.0,0.0025062762928982,-0.0026416020606032,-0.0004454145220537,0.0488479341538117,-0.1076776981303618,0.1928545206926624,413.0522491455078,397.3961987304688,420.99229888916017,1,0,-0.3343931714790074,2.081154504763014,0,48.26762069834288,16.731371850557508,0.2612956962175501,0.8922442592738415,-0.1811456092319758,1.097453547169526,0.5310689486707936,0.005911609082853,0.0270347222620046,-0.230148442545053,1,,
2026-09-18,407.1199951171875,407.6799926757813,402.7300109863281,403.8200073242188,6172.0,-0.0004207602026415,-0.0041184318981362,-0.0291388061885076,0.0398888092281553,-0.0525327528207869,0.181866120289349,412.26624908447263,397.8159991455079,421.06917388916014,1,0,-0.4587085435924223,1.5731818950919267,0,48.118199034248825,15.721988054852872,0.2390590000237532,0.7545231815137943,-0.1814901505713694,0.896171269842567,0.530163197665553,-0.0221730809939515,0.0137528673443838,-0.1856346042226505,1,,
2026-09-21,403.3299865722656,405.0,400.8356018066406,403.6700134277344,7763.0,-0.0003714375062253,0.0162506882906121,-0.0378271316059436,0.0524573752447252,-0.0518168721708984,0.1624598861115338,411.1077499389648,398.2787994384767,421.12417388916015,1,0,-0.5628445044424666,1.145976615185048,0,47.97706091452072,14.693666104588608,0.2363531910091992,0.9530478484387692,-0.181794175828662,1.1785459003496943,0.5218746133519514,-0.0537356386819934,-0.0043319478716218,-0.2089676964787279,0,,
2026-09-22,400.3299865722656,403.4599914550781,398.0,401.5700073242188,11231.0,-0.0052022841272838,0.0111293302169519,-0.0592024862488936,0.0797214261830669,-0.013074804327197,0.1417320764542899,409.52174987792966,398.8579998779298,421.1728239440918,1,0,-0.8055401799821311,0.7556732561516123,0,45.94514271082632,14.148232952169144,0.2260490649272871,1.4073067649289814,-0.1860507150005999,1.8065526579234092,0.5192402244548167,-0.0708280500422345,0.0211459335118664,-0.1678723507780761,1,,
2026-09-23,401.5700073242188,401.6499938964844,396.760009765625,397.010009765625,7334.0,-0.0113554236507313,-0.0148146336243603,-0.083731445599525,0.062632224328917,-0.0319425911434653,0.1373038416324019,407.8605010986328,399.2197003173829,421.1983740234375,1,0,-1.35026690845541,0.3344852232302078,0,41.80487652870335,13.818539060668533,0.2180709952217557,1.1340512213936844,-0.1952934539619779,1.419297380270566,0.5170680390044388,-0.0911674697566561,0.0137377747613141,-0.1806193466379181,1,,
2026-09-24,396.5,397.1000061035156,393.6499938964844,393.6499938964844,5145.0,-0.0084633026535633,-0.0255946844917911,-0.0850349058089338,0.0390107397518384,-0.0695393502692534,0.1339804611552759,406.2417510986328,399.582900390625,421.2163740539551,1,0,-2.0296949056983067,-0.1383508025554951,0,39.015019854379375,13.945981526379205,0.2183693863468861,0.759369850613266,-0.2021039290084013,0.8840152385684639,0.5131129560919678,-0.0888122601624812,-0.0151564581078644,-0.2074026395631714,0,,
2026-09-25,396.510009765625,399.7799987792969,395.0,396.9100036621094,4833.0,0.0082814932457035,-0.0171115931275824,-0.068341037853402,0.0639592994233848,-0.0280271014590339,0.1290606873026512,404.7792510986328,400.068500366211,421.2414241027832,1,0,-2.278822102796596,-0.5664450626037153,0,42.99028476266088,13.58029004725196,0.2214233361742827,1.164791403012826,-0.1954961580857109,1.4493699862682248,0.5145653934332548,-0.0769982769199484,0.0195643450581517,-0.1912234827459207,1,,
2026-09-28,386.0,386.1600036621094,381.3900146484375,382.1499938964844,9286.0,-0.0371872959346981,-0.053310919353445,-0.1032710939258376,0.0224338258516083,-0.0887956781307022,0.073213907850246,402.7502502441406,400.2715002441407,421.1994241333008,1,0,-3.62547442253549,-1.1782509345900702,0,32.622013002462296,14.821666319886097,0.2500307467701997,0.4793591151766286,-0.2254134805355793,0.5083688245434599,0.4991444746126239,-0.0990780320037946,-0.0051963110851495,-0.2491302496130037,0,,
2026-09-29,383.6900024414063,386.5820007324219,383.2900085449219,384.885009765625,10864.0,0.007156917212673,-0.0415494116947899,-0.0895252294304865,0.0174606402866721,-0.0879934131433851,0.0777772270543455,401.7760009765625,400.5178002929688,421.14467422485353,1,0,-4.421050051886198,-1.826810758049296,0,35.71585282919321,15.899156010212812,0.2532663027566718,0.4013767793150852,-0.2198698289417199,0.3956723760372475,0.5036443386778628,-0.0856599856644585,-0.0095499868621646,-0.2495999087388221,0,,
2026-09-30,388.3699951171875,390.7200012207031,384.8599853515625,385.4299926757813,5910.0,0.0014159629404328,-0.0291680733608705,-0.0468382982667082,0.0055831983175962,-0.1012265740901318,0.0724859130698249,400.7835006713867,400.6578002929688,421.0775242614746,1,0,-4.9505075344489455,-2.451550113329226,0,36.343091826067386,16.17344251021102,0.2099812769669075,0.2117357688189296,-0.2187651935307878,0.1265198359247285,0.5053957885318285,-0.050259019873722,-0.0203858616477755,-0.2374254264340027,0,0.455796,0.654
