Date,open,high,low,close,volume,ret_1d,ret_5d,ret_21d,ret_63d,ret_126d,sma20,sma50,sma200,trend_sma,above_sma200,macd,macd_signal,macd_bullish,rsi,adx,vol_21,sharpe_63,drawdown,rs_ratio,rs_mom_21,rs_positive,score,score_pct
2024-05-23 04:00:00,70.72636387471124,70.78144447063892,70.59783781478336,70.61619567871094,3169300,,,,,,,,,0,0,0.0,0.0,0,,0.0,,,0.0,0.1375290620927607,,0,,
2024-05-24 04:00:00,70.60700925787151,70.68044770629506,70.60700925787151,70.67127227783203,1544800,0.0007799428812573,,,,,,,,0,0,0.0043935748586676,0.0008787149717335,1,99.99999981843467,0.0,,,0.0,0.1367316405166449,,0,,
2024-05-28 04:00:00,70.71718144067498,70.74472173863882,70.60702024881962,70.61619567871094,2530100,-0.0007793350444373,,,,,,,,0,0,0.0033921902754912,0.001381410032485,1,92.85714285714286,7.142857142857142,,,-0.0007793350444373,0.1365296515104956,,0,,
2024-05-29 04:00:00,70.60700561844317,70.60700561844317,70.51519530539431,70.55191802978516,2022300,-0.0009102394756329,,,,,,,,0,0,-0.0025585894720734,0.0005934101315733,0,85.20772338190595,8.147986481734282,,,-0.0016888651385481,0.1373673012565552,,0,,
2024-05-30 04:00:00,70.5794418338221,70.68042755126953,70.5794418338221,70.68042755126953,1444700,0.0018214887004224,,,,,,,,0,0,0.0030597482170264,0.0010866777486639,1,87.43613942058126,9.019722714385685,,,0.0,0.1385365245726781,,0,,
2024-05-31 04:00:00,70.7171490456696,70.81813476137283,70.7171490456696,70.80895233154297,2172800,0.0018183927959436,0.0027296380239603,,,,,,,0,0,0.0176793998389257,0.0044052221667163,1,89.19009774501706,12.157223549802112,,,0.0,0.1375357522052972,,0,,
2024-06-03 04:00:00,70.89001960342007,70.96371154000067,70.85317363512976,70.95449829101562,2807200,0.002055473985707,0.0040076540870828,,,,,,,0,0,0.0405425720950347,0.01163269215238,1,90.76276276090042,16.13880785542213,,,0.0,0.1377061680246746,,0,,
2024-06-04 04:00:00,70.95449656652927,71.0834539385862,70.95449656652927,71.0466079711914,2604200,0.0012981513842575,0.0060950931771905,,,,,,,0,0,0.0653410710323072,0.0223743679283654,1,91.59603776672952,20.339689654888343,,,0.0,0.1377309512202625,,0,,
2024-06-05 04:00:00,71.04661809117471,71.11109678638762,70.99135264603528,71.10189056396484,3072800,0.0007781172719161,0.0077952882010592,,,,,,,0,0,0.0884354742268271,0.0355865891880578,1,92.05904402205609,24.333163601234208,,,0.0,0.1362191669575375,,0,,
2024-06-06 04:00:00,71.07424810421195,71.12951354178,71.07424810421195,71.12030029296875,3285100,0.000258920386756,0.0062234023892986,,,,,,,0,0,0.1069901505621402,0.0498673014628743,1,92.21290271628996,28.102167501897465,,,0.0,0.1362569542808036,,0,,
2024-06-07 04:00:00,70.93608361138374,70.94528983334065,70.8716049194336,70.8716049194336,2558300,-0.0034968268203409,0.0008848116774453,,,,,,,0,0,0.1004690819894165,0.0599876575681827,1,71.93603949884518,27.83224132178968,,,-0.0034968268203409,0.1359457826860839,,0,,
2024-06-10 04:00:00,70.86240081183102,70.89003353656739,70.84398133789054,70.85318756103516,3297100,-0.0002598693569783,-0.0014278267399615,,,,,,,0,0,0.0927458448936562,0.0665392950332774,1,70.69624489590072,27.209391304486303,,,-0.003755787459182,0.1354918128934818,,0,,
2024-06-11 04:00:00,70.95449829101562,70.96371154000067,70.88080635443502,70.95449829101562,1795900,0.0014298683442179,-0.0012964683720457,,,,,,,0,0,0.0937197105875071,0.0719753781441233,1,73.4109282631227,27.251876393922373,,,-0.0023312893965594,0.1353595727619189,,0,,
2024-06-12 04:00:00,71.24007040520374,71.29534289058486,71.12032623757385,71.1295394897461,2029700,0.0024669499883227,0.0003888634403663,,,,,,,0,0,0.1073780803536408,0.0790559185860268,1,77.32026744542615,29.057458038139995,,,0.0,0.1345881150167861,,0,,
2024-06-13 04:00:00,71.23085573301184,71.30454768634559,71.22164248193225,71.24927520751953,1220300,0.0016833472932957,0.0018134753933756,,,,,,,0,0,0.1264069677095562,0.0885261284107327,1,79.53665143846577,30.768429305254767,,,0.0,0.1345437807675675,,0,,
2024-06-14 04:00:00,71.20321749627806,71.2769024162571,71.20321749627806,71.23085021972656,1958600,-0.0002585989505058,0.0050689595741673,,,,,,,0,0,0.1384053052988321,0.0985019637883526,1,78.269100017916,32.12354864795544,,,-0.0002585989505058,0.1344271820571819,,0,,
2024-06-17 04:00:00,71.18480494747492,71.18480494747492,71.11111298540162,71.1295394897461,2454100,-0.0014222872486844,0.0039003457462358,,,,,,,0,0,0.138146676171786,0.1064309062650393,1,71.51981760527676,32.27801563763841,,,-0.0016805183972005,0.1331760862365808,,0,,
2024-06-18 04:00:00,71.18479650526537,71.27690793310683,71.18479650526537,71.24927520751953,1731500,0.0016833472932957,0.0041544500152039,,,,,,,0,0,0.1459212926476425,0.1143289835415599,1,74.33648964163213,32.89095419251651,,,0.0,0.1330621656128786,,0,,
2024-06-20 04:00:00,71.13873268888884,71.21241760253906,71.13873268888884,71.21241760253906,2060000,-0.0005173049813225,0.0011651715080331,,,,,,,0,0,0.1474093878636466,0.1209450644059773,1,71.97669879437359,32.94577181427485,,,-0.0005173049813225,0.1333556117643831,,0,,
2024-06-21 04:00:00,71.27690699097143,71.28612024192923,71.1847955643475,71.22164154052734,5405500,0.0001295271007335,-0.0003878448856033,,,,70.96350440979003,,,0,0,0.1476312080819326,0.1262822931411684,1,72.21441834625575,33.380289181530486,,,-0.0003878448856033,0.1335519235661995,,0,,
2024-06-24 04:00:00,71.22163696936008,71.2769024162571,71.2124237189936,71.23085021972656,1340600,0.0001292960819216,0.0,,,,70.99423713684082,,,0,0,0.146857187413218,0.1303972719955783,1,72.46554209812618,33.78376959398215,,,-0.0002585989505058,0.1340047909120105,,0,,
2024-06-25 04:00:00,71.24926357318934,71.24926357318934,71.16636540996396,71.21241760253906,2244500,-0.0002587729492297,0.0011651715080331,0.008443132883295,,,71.02129440307617,,,0,0,0.1431067665733394,0.1329391709111305,1,71.08071851425662,33.6080682460055,0.0225670510303513,,-0.0005173049813225,0.1334561792031068,-0.0296147070857416,0,,
2024-06-26 04:00:00,71.07424905143809,71.14793395996094,71.07424905143809,71.14793395996094,4053700,-0.0009055112120758,-0.0014223477679377,0.0067447729008611,,,71.04788131713867,,,0,0,0.1333935620450006,0.1330300491379046,1,66.30686957539056,32.44462296080456,0.0229626483725905,,-0.0014223477679377,0.1331691483014043,-0.026054629358498,0,,
2024-06-27 04:00:00,71.16637820485415,71.24006313175208,71.16637820485415,71.2032241821289,1431300,0.0007771163418333,-0.000129098557803,0.0083129443292133,,,71.08044662475587,,,0,0,0.1286739629772739,0.1321588319057784,0,68.274351826265,31.972711532190797,0.0226536946868346,,-0.0006463367557985,0.133062844307409,-0.0253923390613804,0,,
2024-06-28 04:00:00,71.31375660371576,71.3413893303469,71.16637971913242,71.18479919433594,3025200,-0.0002587662006124,-0.000517291449544,0.0089704317362937,,,71.10566520690918,,,0,0,0.1220401018555179,0.1301350858957264,0,66.87294740839567,32.1106094063184,0.022290137808946,,-0.0009049357063044,0.1335539762619668,-0.0277600634190692,0,,
2024-07-01 04:00:00,71.10716247558594,71.19958004149457,71.08867473179923,71.10716247558594,1486600,-0.0010906361980181,-0.0017364350384571,0.006037526074766,,,71.12057571411133,,,0,0,0.1092586194027944,0.12595979259714,0,61.17492697077137,31.45040323858307,0.0222761839808979,,-0.0019945849486844,0.1331343266014216,-0.0389947559888613,0,,
2024-07-02 04:00:00,71.25502243907933,71.26426631009937,71.19957331497432,71.23654174804688,2778100,0.0018194970514449,0.0003387631865339,0.0060386349808119,,,71.13467788696289,,,0,0,0.1083203785959341,0.1224319097968988,0,66.32448544453399,31.216409189659608,0.0222771404061822,,-0.0001787170386725,0.1324849445508372,-0.0367235978534571,0,,
2024-07-03 04:00:00,71.32896619838279,71.4213837644915,71.29199776173765,71.41213989257812,1171700,0.002465000970321,0.0037134730119623,0.0064497898313016,,,71.15295448303223,,,0,0,0.1203586985691629,0.1220172675513516,0,71.79284327510373,31.781606375045,0.0227272397553432,,0.0,0.1322214793815376,-0.0398289250351824,0,,
2024-07-05 04:00:00,71.49530989983955,71.596971322593,71.49530989983955,71.57848358154297,1469500,0.002329347492108,0.005270258527257,0.0074862914013746,,,71.17678413391113,,,0,0,0.1416884036671177,0.1259514947745049,1,75.80152654941924,32.980752960288626,0.0235592784311545,,0.0,0.1317696383346404,-0.0432823038888956,0,,
2024-07-08 04:00:00,71.62469588316081,71.62469588316081,71.5692467620252,71.57848358154297,1821800,0.0,0.0055304558229105,0.0067029584417219,,,71.19969329833984,,,0,0,0.1567850284171754,0.132118201503039,1,75.80152654941924,34.18863654781816,0.0235379155437784,,0.0,0.1316177445180591,-0.0337795520428692,0,,
2024-07-09 04:00:00,71.5877373817962,71.59698125360342,71.5230443811622,71.56001281738281,2401300,-0.0002580491124698,0.006368561563012,0.0061826584337065,,,71.2341136932373,,,0,0,0.1653526930784608,0.1387650998181233,1,74.43916669755833,34.838299348596514,0.0236225767855801,,-0.0002580491124698,0.1314559719085615,-0.0352347694661371,0,,
2024-07-10 04:00:00,71.64321597805161,71.64321597805161,71.5600422506014,71.60625457763672,1679800,0.000646195527828,0.0051899323088628,0.0103659238285667,,,71.27176704406739,,,0,0,0.1738696910746142,0.1457860180694215,1,75.62050106374812,35.62527626111164,0.019187512272225,,0.0,0.1302520197887673,-0.0418826004368533,0,,
2024-07-11 04:00:00,71.78181285543882,71.83726903254805,71.77257603509386,71.80030059814453,1421500,0.0027099032291575,0.0054355002685859,0.0133672608066293,,,71.31405715942383,,,0,0,0.194040586398998,0.1554369317353368,1,79.83263405833942,37.01393224169991,0.0204385621490467,,0.0,0.1317409266130808,-0.0276834902441658,0,,
2024-07-12 04:00:00,71.84652199993484,71.92970275878906,71.82804130408361,71.92970275878906,2840800,0.0018022509594879,0.0049067702984513,0.0137440823522378,,,71.35406532287598,,,0,0,0.2179553851644158,0.1679406224211526,1,82.05876681951037,38.5609919825761,0.0206609245505689,,0.0,0.1311511299843708,-0.0310908396922189,0,,
2024-07-15 04:00:00,71.90195636917986,71.96664936154077,71.8742247573046,71.88346862792969,1799100,-0.000642768273552,0.0042608481086257,0.0105993816857521,,,71.38577499389649,,,0,0,0.2305200360355428,0.1804565051440307,1,78.71552247872249,40.09612515687445,0.0200153545273808,,-0.000642768273552,0.1307073691804006,-0.0288342387134368,0,,
2024-07-16 04:00:00,71.92045658394933,71.9574250254783,71.86500744716051,71.94818115234375,5287000,0.0009002420952863,0.0054243748663309,0.0098093060285679,,,71.42164154052735,,,0,0,0.2428993794230365,0.1929450799998318,1,79.94701689563502,41.41994806952951,0.0196132449770185,,0.0,0.1300538077675552,-0.033371836099723,0,,
2024-07-17 04:00:00,71.92044428451973,71.96665659128028,71.8649951572135,71.95741271972656,3330100,0.0001283085581171,0.0049040149378167,0.010200109892817,,,71.46303520202636,,,0,0,0.2505666324161666,0.2044693904830988,1,80.12369264529895,42.67728445850043,0.0194785547256436,,0.0,0.1319201411951954,-0.0186498059664753,0,,
2024-07-18 04:00:00,71.92044937057547,71.98514237401037,71.87423706054688,71.87423706054688,1391500,-0.0011559011926075,0.001029751432604,0.0104695964031671,,,71.49428329467773,,,0,0,0.2470831839444258,0.2129921491753642,1,73.81354516010327,43.90356976075972,0.0191694612161562,,-0.0011559011926075,0.1327881361742357,-0.0029130609954692,0,,
2024-07-19 04:00:00,71.88349316971775,71.88349316971775,71.81880015526994,71.83728790283203,682100,-0.0005140806946405,-0.0012847940755008,0.008252893711548,,,71.52552680969238,,,0,0,0.2385907124870954,0.2181118618377104,1,71.13347862559404,44.34709195425116,0.0189659164113958,,-0.00166938766076,0.1336070891840297,0.0040952555419582,1,,
2024-07-22 04:00:00,71.89271651612634,71.89271651612634,71.80029895773295,71.84650421142578,1319100,0.0001282942168727,-0.0005142269454919,0.0089041578735014,,,71.5567699432373,,,0,0,0.22995328838428,0.2204801471470244,1,71.41229988069641,44.52932209842121,0.0187059281843733,,-0.00154130761667,0.1322606330803849,-0.0082109681738244,0,,
2024-07-23 04:00:00,71.84652537482945,71.92970613759098,71.84652537482945,71.8650131225586,1339900,0.0002576174211392,-0.0011559434644922,0.0090333719936117,,,71.5884780883789,,,0,0,0.2220420198085122,0.2207925216793219,1,71.99727879040294,44.86571154212534,0.0186858696847734,,-0.0012840872632242,0.1325025686068416,-0.0078572807589533,0,,
2024-07-24 04:00:00,71.9943862462178,71.9943862462178,71.86500023934799,71.87423706054688,2870700,0.0001283508843523,-0.0011559011926075,0.0090324183810195,,,71.6215690612793,,,0,0,0.2140491517917127,0.2194438477018001,0,72.30146393089434,45.45594521150166,0.0186860609751401,,-0.0011559011926075,0.1355924211598733,0.0118475633375316,1,,
2024-07-25 04:00:00,71.88346691007055,71.95740377128962,71.87422303966638,71.9019546508789,3436300,0.0003856401328987,0.0003856401328987,0.0096828203781591,,,71.65927009582519,,,0,0,0.207558716513958,0.2170668214642317,0,73.24208312955855,46.00401933306538,0.0185198341462714,,-0.0007707068215982,0.1363551749706117,0.0217224544027514,1,,
2024-07-26 04:00:00,72.06831236199365,72.06831236199365,71.90195794213956,72.04058074951172,2126900,0.0019279879011067,0.0028299070387325,0.0125463487113079,,,71.70113792419434,,,0,0,0.2111667683495284,0.215886810841291,0,77.3795334603555,46.95571215374644,0.0184892585875401,,0.0,0.1351049298167135,0.0145362611385622,1,,
2024-07-29 04:00:00,72.10527038574219,72.10527038574219,72.0313405755887,72.10527038574219,1437500,0.0008979610596893,0.0036016529566271,0.0126686145743339,,,71.74716148376464,,,0,0,0.2167475575114394,0.2160589601753207,1,79.01054155952168,47.97105848997546,0.0185090218864555,,0.0,0.1351468122451281,0.0156615315760471,1,,
2024-07-30 04:00:00,72.10527399920767,72.14224243164062,72.05906874692212,72.14224243164062,2377100,0.0005127509501128,0.0038576394414517,0.0134501080025646,,,71.79891548156738,,,0,0,0.2215992500317725,0.2171670181466111,1,79.90245169436491,49.042964518386725,0.0182489589427506,,0.0,0.1359046649377408,0.0176010384832201,1,,
2024-07-31 04:00:00,72.16996152400927,72.29935455322266,72.10526853490606,72.29935455322266,3929400,0.0021778103408818,0.0059147409428175,0.0167661320763017,,,71.85205612182617,,,0,0,0.2354082467476104,0.220815263866811,1,83.17443081316203,50.50264880439267,0.0178582567428091,,0.0,0.1340221496129879,0.0066686258475188,1,,
2024-08-01 04:00:00,72.39860441395018,72.46351898080667,72.3244143160693,72.43569946289062,5979100,0.0018858385460081,0.0074232309066328,0.0168334633520672,,,71.90323410034179,,,0,0,0.2544210632164834,0.2275364237367454,1,85.39641446648263,52.217759832043576,0.0179077296285706,,0.0,0.1362036619094689,0.0280689807527889,1,,
2024-08-02 04:00:00,72.64897547992966,72.83445069483692,72.64897547992966,72.79735565185547,3028800,0.0049927893517494,0.0105048417776514,0.019397482856011,,,71.96417770385742,,,0,0,0.2952678255158787,0.2410827040925721,1,89.3964512738393,54.33184300195852,0.0224430203944092,,0.0,0.1394806016071625,0.0549012328373519,1,,
2024-08-05 04:00:00,72.92719520894968,72.92719520894968,72.6304418977547,72.68608093261719,4686600,-0.0015285544130262,0.0080550359740394,0.0154738867834833,,,72.01955757141113,71.45106552124024,,1,0,0.3150287833266958,0.2558719199393969,1,81.95802186764094,56.38793754291992,0.0233432307650494,,-0.0015285544130262,0.1434450739539877,0.0886048999367863,1,,
2024-08-06 04:00:00,72.63042234507935,72.6953368933291,72.5469638152533,72.57478332519531,3474500,-0.0015312093593965,0.005995667433883,0.0139189836638178,,,72.07029609680175,71.49023727416993,,1,0,0.318042502007188,0.2683060363529551,1,75.21664040309737,57.44818151106341,0.0245215497491236,,-0.003057423235599,0.141917013418299,0.0782513705728089,1,,
2024-08-07 04:00:00,72.61188329051866,72.61188329051866,72.48205418520973,72.5191421508789,1967000,-0.0007666736539478,0.0030399662488611,0.0134031464743269,,,72.11594047546387,71.52719467163087,,1,0,0.3123406494380987,0.2771129589699839,1,72.0269565388276,57.80218585971549,0.024822821616785,,-0.0038217528437033,0.142762450087665,0.0860096199126505,1,,
2024-08-08 04:00:00,72.40788114872524,72.53771028459657,72.40788114872524,72.52843475341797,3381000,0.0001281399953647,0.0012802429080547,0.0128784864006734,,,72.15234718322753,71.565439453125,,1,0,0.3050552386598752,0.2827014149079622,1,72.2386948031092,57.43889220832142,0.0248847687144713,,-0.0036941025677303,0.1395545825655696,0.0714197199543507,1,,
2024-08-09 04:00:00,72.68606136496338,72.68606136496338,72.53768828688759,72.57478332519531,1476800,0.0006390400114786,-0.003057423235599,0.0107866223483581,,,72.18460121154786,71.6058967590332,,1,0,0.299568204731429,0.2860747728726556,1,73.32330895068048,57.48610525980035,0.0236889193789497,,-0.003057423235599,0.1390307051580133,0.0553341982051063,1,,
2024-08-12 04:00:00,72.54696903887033,72.67679814471794,72.54696903887033,72.64897155761719,2723000,0.0010222315385972,-0.0005105430712986,0.009999607550724,,,72.22287635803222,71.64526763916015,,1,0,0.2977735134452786,0.2884145209871802,1,75.00654502709392,57.52994595045935,0.0233046342610154,,-0.0020383170914601,0.1390997356442906,0.0606064595925861,1,,
2024-08-13 04:00:00,72.815901782097,72.85299682617188,72.7695382833706,72.85299682617188,2075500,0.0028083710502753,0.0038334733943321,0.0134874988192414,,,72.26811714172364,71.68614852905273,,1,0,0.3092495059297846,0.2925815179757011,1,78.9417622773096,57.97641655459896,0.0242657035653471,,0.0,0.1372334844489217,0.0499292068185825,1,,
2024-08-14 04:00:00,72.88081359863281,72.92718417077097,72.82517457219178,72.88081359863281,2757100,0.0003818205656975,0.0049872549099028,0.0129625576540191,,,72.31428718566895,71.72467483520508,,1,0,0.3169354590307023,0.2974523061867014,1,79.41758610764725,58.54082672353139,0.0242619100591231,,0.0,0.1368541306287984,0.0522885333230489,1,,
2024-08-15 04:00:00,72.86227844802143,72.86227844802143,72.67681028729626,72.71390533447266,7737800,-0.0022901536895478,0.0025572119636285,0.0105130602415157,,,72.35627059936523,71.75802078247071,,1,0,0.3060307976920882,0.2991680044877787,1,69.29926253612548,57.75095948412314,0.0262386119000674,,-0.0022901536895478,0.1342398257392773,0.0175840059225649,1,,
2024-08-16 04:00:00,72.75098507933966,72.81589963576819,72.71389711151421,72.79735565185547,1354600,0.0011476528044938,0.0030667997403843,0.0128435254280467,,,72.4042739868164,71.79193008422851,,1,0,0.300656734523514,0.2994657504949258,1,71.27014255935359,57.01751133324406,0.0256134676455935,,-0.0011451291863584,0.1340932672516179,0.0098286723120328,1,,
2024-08-19 04:00:00,72.80665313441463,72.87156771041653,72.7881020697523,72.83447265625,3675600,0.0005098674816161,0.0025533891899032,0.0138811581356854,,,72.45367240905762,71.82621353149415,,1,0,0.2959808992346069,0.2987687802428621,0,72.12722231956253,56.50914517056127,0.025291277781945,,-0.0006358455688766,0.132890987006123,-0.0053597618380886,0,,
2024-08-20 04:00:00,72.89010126462597,72.94574737548828,72.88082573362273,72.94574737548828,5277400,0.0015277754500049,0.0012731192038359,0.0152998837748279,,,72.5077091217041,71.86769638061523,,1,0,0.2978211095972511,0.2985792461137398,0,74.57595146110197,56.25885248930235,0.0253864980826719,,0.0,0.1333107782520867,0.0079399678290028,1,,
2024-08-21 04:00:00,73.00135837589637,73.11263640457175,72.96426334128644,73.04772186279297,4069700,0.0013979497225489,0.0022901536895478,0.0164573648406267,,,72.5663833618164,71.91158706665038,,1,0,0.3040036140299236,0.2996641196969766,1,76.6044446949602,56.46464416878785,0.025429536114456,,0.0,0.1330399708889508,0.0040557876557374,1,,
2024-08-22 04:00:00,73.00135713352749,73.00135713352749,72.90862308615806,72.95498657226562,2883200,-0.001269516531967,0.0033154764096912,0.0150366745570924,,,72.61903495788575,71.95159683227538,,1,0,0.2979853408906052,0.2993283639357023,0,71.05248486786431,56.14680467948147,0.0263253410198037,,-0.001269516531967,0.1339221580736901,-0.0123182628637762,0,,
2024-08-23 04:00:00,73.02920160048079,73.18685024240612,73.00138208427711,73.17758178710938,2335000,0.0030511309137621,0.0052230761934854,0.0177412024808545,0.0362719356909597,,72.67588500976562,71.99255767822265,,1,0,0.3076312085223662,0.3009889328530351,1,75.6200134919923,56.32631877029947,0.0275016782569372,6.2121410472734135,0.0,0.1329184722121983,-0.0252040508118163,0,,
2024-08-26 04:00:00,73.2425061813183,73.2425061813183,73.14049655810757,73.14976501464844,1815800,-0.0003801269703317,0.0043288891495993,0.0153966591273522,0.0350707247362498,,72.72810974121094,72.03056747436523,,1,0,0.3094637416726158,0.3026838946169513,1,74.04763612376905,56.61948272810699,0.0275125737390081,5.991220567498476,-0.0003801269703317,0.1331854311075303,-0.0142074660916312,0,,
2024-08-27 04:00:00,73.14973720690156,73.21465175379872,73.09409818817684,73.20538330078125,7083600,0.0007603344470303,0.0035593017363506,0.01525703889818,0.0366656345217262,,72.78126678466796,72.07005813598633,,1,0,0.3118096210496759,0.3045090399034962,1,75.15980461914118,56.46737877025444,0.0275060718967773,6.300650421886211,0.0,0.1331039317472759,-0.0151160095004451,0,,
2024-08-28 04:00:00,73.20540437605764,73.23322389342903,73.16830932784346,73.19612884521484,8462800,-0.0001264176915566,0.0020316442270524,0.0146084509997432,0.037478935927913,,72.82610549926758,72.1113899230957,,1,0,0.3093559275699959,0.3054784174367961,1,74.58704155446961,56.37721187879151,0.0276562565380167,6.480830006273748,-0.0001264176915566,0.1338642054161828,-0.0150139034778001,0,,
2024-08-29 04:00:00,73.17758178710938,73.18685024240612,73.1219356795453,73.17758178710938,1818800,-0.0002533885110876,0.0030511309137621,0.0121470964618393,0.0353302084092301,,72.86319961547852,72.1499560546875,,1,0,0.3024285570738527,0.3048684453642075,0,73.38012662392653,55.844109935370014,0.0272907509268022,6.13766022164745,-0.0003797741698536,0.1338183508622719,-0.0015206348450942,0,,
2024-08-30 04:00:00,73.17758178710938,73.22394528906327,73.14048674045223,73.17758178710938,2048600,0.0,0.0,0.0102419432644371,0.0334509885766416,,72.88221092224121,72.1892593383789,,1,0,0.2935546507640652,0.302605686444179,0,73.38012662392651,55.47220719499399,0.0269302575236189,5.8481901153826,-0.0003797741698536,0.1325529867447179,-0.0268030617794812,0,,
2024-09-03 04:00:00,73.2734146118164,73.31063370601689,73.19897642341546,73.2734146118164,4352800,0.0013095926698676,0.0016903621924582,0.0065395089656501,0.0326817379680408,,72.91157760620118,72.23029479980468,,1,0,0.2909015916573736,0.300264867486818,0,75.73319477788424,55.40283655532971,0.0216746840741607,5.756012276594024,0.0,0.1355153013975606,-0.028429044353923,0,,
2024-09-04 04:00:00,73.33853332130562,73.43157749099358,73.27340169264255,73.41297149658203,6112100,0.0019046046305466,0.002835695770458,0.0100004093581369,0.0333071992170288,,72.9534870147705,72.2739372253418,,1,0,0.296640609185772,0.2995400158266088,0,78.6876745492496,55.68038810427541,0.0212615250593336,5.833304495572252,0.0,0.1360519166462403,-0.0515399874248654,0,,
2024-09-05 04:00:00,73.50603485107422,73.53394739938416,73.39437755901746,73.50603485107422,5728300,0.0012676690861985,0.0042339125135253,0.012831612899292,0.0338126633207671,,73.00283164978028,72.3198095703125,,1,0,0.3051803280158225,0.3006680782644516,1,80.40127060097389,56.192619333353946,0.0201139010388755,5.908741159710376,0.0,0.1365564962148614,-0.0377721956960688,0,,
2024-09-06 04:00:00,73.54324391254222,73.72003282613615,73.46880572799573,73.6083755493164,3016100,0.0013922761369122,0.0058869636258316,0.0150199432333508,0.0349840375546564,,73.0568286895752,72.36901840209961,,1,0,0.3165570827650583,0.3038458791645729,1,82.10522587350525,57.05638164299047,0.0196394246140003,6.093848545268823,0.0,0.1390874849019104,-0.0257418192493749,0,,
2024-09-09 04:00:00,73.60837001785316,73.66419510265993,73.56184438130387,73.6269760131836,2941500,0.0002526949376124,0.0061411461693501,0.0151463527856412,0.0388783504604177,,73.10943832397462,72.4174934387207,,1,0,0.323346804170356,0.3077460641657296,1,82.40465100028723,57.858446644795805,0.0195975512573727,7.248369660167574,0.0,0.1375822490915133,-0.0141330613283844,0,,
2024-09-10 04:00:00,73.5990700083131,73.73863983154297,73.5990700083131,73.73863983154297,3961500,0.0015166155722514,0.0063491680057659,0.0160366514789662,0.040724381920322,,73.1639217376709,72.46857025146484,,1,0,0.3338891776285777,0.3129746868582992,1,84.12225922592815,58.74718749271678,0.0197885165345529,7.584424213802446,0.0,0.1371933081385907,-0.0132157642251351,0,,
2024-09-11 04:00:00,73.65489538006386,73.77585209629983,73.61767629072615,73.68280792236328,2685000,-0.0007571594662884,0.0036755960190741,0.0142305712328794,0.0384515386206756,,73.20541229248047,72.52008316040039,,1,0,0.3338900395472848,0.3171577573960963,1,79.92134607145223,59.6426201718058,0.0204391678770706,7.129646905000456,-0.0007571594662884,0.1356973346552148,-0.0244601542434019,0,,
2024-09-12 04:00:00,73.87818962491717,73.87818962491717,73.58974350876134,73.70140075683594,2592700,0.0002523361282897,0.0026578213089243,0.0116454225306388,0.0361574289042121,,73.24644165039062,72.56938034057617,,1,0,0.3315688892187722,0.3200399837606316,1,80.27461550382105,60.65711663920817,0.0189386560983038,6.8188371339125,-0.0005050143966868,0.1345978351520496,-0.0192055846097317,0,,
2024-09-13 04:00:00,73.81306457519531,73.85028366119981,73.78515203539564,73.81306457519531,3865600,0.0015150840718454,0.0027807844467613,0.0127914457939035,0.0359833747109501,,73.30139961242676,72.61739883422851,,1,0,0.3348794163322992,0.3230078702749651,1,82.28993195862472,61.59914907322465,0.0192150791192495,6.797653064970573,0.0,0.1341013707610452,-0.0201145544902819,0,,
2024-09-16 04:00:00,73.81307008617922,73.89680771183019,73.79445699237989,73.85958862304688,2819900,0.0006302955732744,0.0031593394494653,0.015756041204282,0.0369044928596447,,73.35451126098633,72.6630209350586,,1,0,0.3373681645680051,0.3258799291335731,1,83.06621742483179,62.557832306491214,0.0160752699407566,6.990602979624854,0.0,0.1339880071141948,-0.0018758861142413,0,,
2024-09-17 04:00:00,73.84098262806287,73.87820171684619,73.81307008617922,73.85958862304688,5991600,0.0,0.0016402362693455,0.0145916422606255,0.0383813694406716,,73.40576705932617,72.70864303588867,,1,0,0.3354733870937849,0.3277986207256155,1,83.06621742483179,63.44803816595302,0.0162043329622615,7.394269228814035,0.0,0.1339332861180552,-0.001193058658661,0,,
2024-09-18 04:00:00,73.82236402258533,73.98984636019816,73.74793294939114,73.81306457519531,3342500,-0.000629898551006,0.001767802510584,0.0134358344785974,0.0359833747109501,,73.44913291931152,72.75370407104492,,1,0,0.3264544962287488,0.3275297958262422,0,79.04775305604969,64.4729733249755,0.0168332670826608,6.93246496332252,-0.000629898551006,0.1342470772324629,0.010204531224359,1,,
2024-09-19 04:00:00,73.81307902324308,73.9154297550857,73.8037724752166,73.86890411376953,3608400,0.0007564993933741,0.0022727296254008,0.0126553880314543,0.0373036978755199,,73.49019203186035,72.79895706176758,,1,0,0.3201225706084472,0.3260483507826832,0,80.28078497882294,65.42469882978207,0.0165278555861134,7.222483547565395,0.0,0.1320945094911253,-0.009123559076832,0,,
2024-09-20 04:00:00,73.83168262081021,73.97125244140625,73.8130766241782,73.97125244140625,4092700,0.0013855400843512,0.0021430876379584,0.0126428388875421,0.038606396053288,,73.54100532531739,72.84237609863281,,1,0,0.3196780787161799,0.3247742963693826,0,82.3330308064568,66.40447265352593,0.0165203565573756,7.454539671805932,0.0,0.132506587363196,-0.0040091975531172,0,,
2024-09-23 04:00:00,73.94334070628258,73.98055979876992,73.86890252130793,73.9154281616211,2035800,-0.0007546753359269,0.0007560228755023,0.0131648518419518,0.0376884163759576,,73.57789764404296,72.88209060668946,,1,0,0.311233556154292,0.3220661483263645,0,77.58982887507611,67.33028691002174,0.0158701387378436,7.224231591067381,-0.0007546753359269,0.1320765517651299,-0.0137811870351181,0,,
2024-09-24 04:00:00,73.91542445079054,74.00846862792969,73.87820536017175,74.00846862792969,2262100,0.0012587421682135,0.0020157166815895,0.0113543905186366,0.039263531832276,,73.62083282470704,72.92459060668945,,1,0,0.3084926875716718,0.3193514561754259,0,79.68993945340968,68.23944299863015,0.0134447172729476,7.531133187759136,0.0,0.1318654910922221,-0.0079220073963469,0,,
2024-09-25 04:00:00,73.9712561605678,73.9712561605678,73.87821197509766,73.87821197509766,3360600,-0.001760023619552,0.0008825998524417,0.0099582952905363,0.0383746633693284,,73.65447425842285,72.96319122314453,,1,0,0.2924388531277913,0.313968935565899,0,69.82447795376056,69.08365936662368,0.0153473296607496,7.248972888474622,-0.001760023619552,0.1319243720238776,-0.009468446159359,0,,
2024-09-26 04:00:00,73.89681193223835,73.91542502710071,73.79446120694257,73.83168029785156,1629100,-0.0006298430349367,-0.0005039172621356,0.0085553407253811,0.0369148468473758,,73.68625183105469,73.00067657470703,,1,0,0.272816497437006,0.3057384479401204,0,66.65017286203334,68.52228535807451,0.0157684853421743,6.93172917332222,-0.0023887581158706,0.1313206556814672,-0.013397621260314,0,,
2024-09-27 04:00:00,73.91542182549514,73.98985290527344,73.88750928322635,73.98985290527344,3031000,0.0021423406156242,0.000251455305315,0.0108437983344318,0.0394052345821702,,73.72686538696288,73.04298889160157,,1,0,0.266951594881732,0.2979810773284427,0,71.40841416770313,68.25304237866595,0.0167320102614914,7.333826981860821,-0.0002515350337788,0.1317931085317695,-0.0154716257267896,0,,
2024-09-30 04:00:00,73.96193643767928,73.96193643767928,73.83167318146134,73.89680480957031,1912700,-0.0012575791415918,-0.0002519548694226,0.0098284611884733,0.0392315237574298,,73.76282653808593,73.08417922973632,,1,0,0.2518917622266912,0.2887632143080924,0,65.48895742775153,67.1971202869783,0.0176489821993903,7.2824224501872,-0.0015087978501588,0.1311019983027588,-0.020298804625898,0,,
2024-10-01 04:00:00,73.91642114490753,74.02844657457052,73.91642114490753,74.00043487548828,2048900,0.0014023619314125,-0.0001085517994136,0.0112446061797009,0.0387988111104113,,73.79917755126954,73.12725784301757,,1,0,0.2454889725305662,0.2801083659525872,0,68.60991537916364,66.48501615584364,0.0178494383673952,7.231082409802374,-0.0001085517994136,0.1324726264153071,-0.0006062506125612,0,,
2024-10-02 04:00:00,73.91641288515218,74.00042660634486,73.8884083114213,73.99109649658203,3774600,-0.0001261935679427,0.0015279812337962,0.0097945740425462,0.0361137001059386,,73.82808380126953,73.16977951049805,,1,0,0.2369300048213745,0.2714726937263447,0,68.01302806420556,65.42694884805982,0.0177552643675933,6.834965133472823,-0.0002347316688173,0.132400011118249,-0.0229884761881784,0,,
2024-10-03 04:00:00,73.94442988812644,73.94442988812644,73.82307434082031,73.82307434082031,1938200,-0.002270842894854,-0.0001165618471167,0.0055862449901973,0.0313584564378244,,73.84393577575683,73.20875625610351,,1,0,0.2141207270417595,0.2600023003894277,0,58.20183373163339,63.56134273312132,0.0193123826041607,5.826096886495405,-0.002505041524929,0.1323413092225751,-0.0272734667407406,0,,
2024-10-04 04:00:00,73.61767523914146,73.72970064057826,73.50564983770465,73.5429916381836,2171800,-0.0037939723472318,-0.0060394939244161,0.0005027721490384,0.0274455109740154,,73.84066658020019,73.24157699584961,,1,0,0.1714673083198619,0.2422953019755145,0,46.230056857449775,59.18859862750936,0.0235084216071092,4.743689755936547,-0.0062895098138867,0.1306519262654283,-0.0432390264330064,0,,
2024-10-07 04:00:00,73.42165553191384,73.48700191946645,73.41231829877145,73.44032287597656,2898700,-0.001396037337074,-0.0061772891909208,-0.0022830645573376,0.0262759882868131,,73.83133392333984,73.26957183837891,,1,0,0.1279052435802441,0.2194172902964604,0,42.75807969759166,55.73146937863548,0.0234492751943016,4.495535504768516,-0.0076767667604287,0.131659796154001,-0.0534029985023286,0,,
2024-10-08 04:00:00,73.42163902792859,73.505652740659,73.40296456584151,73.49632263183594,1851000,0.0007625205563699,-0.0068122875831818,-0.0017745314071334,0.0263952927764148,,73.8192180633545,73.29739288330079,,1,0,0.096785028156745,0.1948908378685173,0,45.17660614008428,52.37668284328511,0.0236139581125433,4.514484416583469,-0.00692009989652,0.1305257227529377,-0.0512895114389496,0,,
2024-10-09 04:00:00,73.4776734648282,73.4776734648282,73.40298983521062,73.44966888427734,9104400,-0.0006347766240264,-0.0073174697759709,-0.0039188537776908,0.0229716069764676,,73.8075611114502,73.32354141235352,,1,0,0.0675784632401246,0.1694283629428388,0,43.52663325832273,49.261523917602624,0.0229436151123668,4.003010832078055,-0.0075504838028963,0.1295455756513614,-0.0557442093276424,0,,
2024-10-10 04:00:00,73.4869854007924,73.52432720274606,73.38429722597492,73.49632263183594,4446800,0.0006351798213291,-0.0044261460512448,-0.0025309199769345,0.0217798741404564,,73.7973072052002,73.34748077392578,,1,0,0.0476473684441458,0.1450721640431002,0,45.66379405155162,45.97779166548796,0.023013720568773,3.828412018268112,-0.00692009989652,0.1298551147708115,-0.043053313458569,0,,
2024-10-11 04:00:00,73.56169128417969,73.5896958635715,73.50567500317341,73.56169128417969,1446400,0.0008894139189956,0.0002542682256942,-0.0018956148895622,0.0233464340032965,,73.78473854064941,73.37000061035157,,1,0,0.0367034417289318,0.1233984195802665,0,48.59896284071403,42.97956377282381,0.023248096145931,4.111482161692807,-0.0060368408106933,0.1291969577201961,-0.0401260349080087,0,,
2024-10-14 04:00:00,73.49634145816434,73.54301338089624,73.44966241321013,73.53367614746094,1403000,-0.0003808386706407,0.0012711446223081,-0.003785080992671,0.0220366237161722,,73.76844291687011,73.38472702026367,,1,0,0.0254760416100481,0.1038139439862229,0,47.416782455160686,40.07804625333556,0.0225156368593437,3.880023882724784,-0.0064153804189047,0.1281001078686713,-0.044751689399712,0,,
2024-10-15 04:00:00,73.58969116210938,73.59902127316215,73.54301211795678,73.58969116210938,1722400,0.0007617600204852,0.0012703836998912,-0.0036541966448657,0.0226839512523959,,73.75494804382325,73.40279922485351,,1,0,0.0208577544619572,0.0872227060813697,0,50.03393071136015,37.49864878231501,0.0225797350259812,3.99055983142428,-0.0056585073787389,0.1292015372676165,-0.0357231214171198,0,,
2024-10-16 04:00:00,73.71104722743648,73.71104722743648,73.62703349403388,73.66437530517578,1927000,0.0010148723535459,0.0029231775195164,-0.002643032834469,0.0249065356077573,,73.74751358032226,73.42459106445312,,1,0,0.022959452531154,0.0743700553713266,0,53.36656176510526,35.90925151192005,0.0229485812177335,4.409783909181668,-0.004649377687894,0.1287729765383425,-0.0385289551931409,0,,
2024-10-17 04:00:00,73.7110261792287,73.7110261792287,73.5336544075088,73.5429916381836,2033500,-0.0016477933395799,0.0006349842369859,-0.0036588771725714,0.0237439884654153,,73.73121795654296,73.44506805419923,,1,0,0.0146614083235334,0.062428325961768,0,47.78771019607599,33.64816493212528,0.0234951329927827,4.151565170176192,-0.0062895098138867,0.1285497441334624,-0.042439159320653,0,,
2024-10-18 04:00:00,73.6083585064371,73.63636308403979,73.5150075403541,73.58969116210938,1459800,0.0006349962502958,0.0003806312421708,-0.0037798442390606,0.0242626550841478,,73.71213989257812,73.46629318237305,,1,0,0.0117183282082322,0.0522863264110608,0,49.95526869994997,31.39890052761304,0.0234382360108959,4.240881627377458,-0.0056585073787389,0.1281384906422369,-0.0299483972810709,0,,
2024-10-21 04:00:00,73.52434079522355,73.53367090577147,73.40297813588263,73.41231536865234,1686600,-0.0024103347990181,-0.0016504108752188,-0.0075561390987214,0.0215306750651389,,73.68698425292969,73.48304382324218,,1,0,-0.0048706819380157,0.0408549247412455,0,42.70372555819797,29.841732244398816,0.023928446295527,3.6609423567247537,-0.0080552032805116,0.1280398881225363,-0.0337092617774285,0,,
2024-10-22 04:00:00,73.41232185273503,73.44032643129587,73.34697546201895,73.40298461914062,3563800,-0.0001271006024651,-0.0025371290464781,-0.0069328360157771,0.0212697570244249,,73.65671005249024,73.49812408447265,,1,0,-0.018556596606956,0.0289726204716052,0,42.35541635169149,28.772515499655,0.0238967684601824,3.614870258013511,-0.0081812800617868,0.1280916426488413,-0.0301712080080267,0,,
2024-10-23 04:00:00,73.33763592533764,73.35631039194003,73.26295942559469,73.30963134765625,1761200,-0.0012717912216887,-0.0048156786241639,-0.0094426664033108,0.0195777250230864,,73.62828102111817,73.50725677490234,,1,0,-0.0365146927582031,0.0158751578256435,0,38.933855300152,28.303436744658264,0.0233789643198519,3.3001446451272125,-0.0094426664033108,0.1291084555958409,-0.0209079378808293,0,,
2024-10-24 04:00:00,73.30963834630856,73.42166378995101,73.30963834630856,73.37498474121094,2905100,0.0008914707706653,-0.0022844718882149,-0.0068115784130826,0.0185229488410012,,73.60544624328614,73.5171401977539,,1,0,-0.0449549282312347,0.0037091406142678,0,42.43946411356843,27.28038767679817,0.0233120540518557,3.150940821690518,-0.0085596134937412,0.1289446937094163,-0.0225862611187714,0,,
2024-10-25 04:00:00,73.38430084385885,73.47765179223505,73.30961723626957,73.31895446777344,1473000,-0.0007636154697014,-0.0036790029970303,-0.0069445233808804,0.0168321133190181,,73.57190132141113,73.52924118041992,,1,0,-0.0555249928990519,-0.008137686088396,0,40.30326158673119,25.854442765611697,0.0233387297738948,2.8592860075707085,-0.0093166927101642,0.1288907314079337,-0.0185037476467339,0,,
2024-10-28 04:00:00,73.32829639603017,73.37496831209724,73.2442755515554,73.29095458984375,2036900,-0.0003818913967464,-0.0016531392341893,-0.0094458670748334,0.0159228784618332,,73.5416088104248,73.53911315917969,,1,0,-0.0654072276400512,-0.0195915943987271,0,39.2402872241938,24.98349381769668,0.0215369855276534,2.7032177839539884,-0.0096950261421184,0.1284444189152748,-0.0254086852780126,0,,
2024-10-29 04:00:00,73.19761710387998,73.34697723388672,73.18827987006,73.34697723388672,1835200,0.0007643868790696,-0.0007630123699261,-0.0074404783413908,0.0144900696159446,,73.50893592834473,73.54936325073243,,0,0,-0.0679352949050411,-0.0292603344999899,0,42.50756064532001,24.54118295671544,0.021721000854438,2.494615966756632,-0.008938050013824,0.1283349176070856,-0.0211063197471873,0,,
2024-10-30 04:00:00,73.3376354035057,73.40298179170469,73.0575825064624,73.23494720458984,2122500,-0.0015273980404078,-0.0010187494015927,-0.0103443671944148,0.0110338927852651,,73.47112846374512,73.55514724731445,,0,0,-0.078078651425173,-0.0390239978850265,0,38.09588690355561,24.884219769207245,0.0210969587969235,1.904380103697259,-0.0104517960941556,0.1285277389746307,-0.0297788875137796,0,,
2024-10-31 04:00:00,73.10426673984487,73.24429677306037,73.10426673984487,73.20695495605469,1947000,-0.0003822252845619,-0.0022900145839741,-0.0105977824043135,0.0056265684451242,,73.44032249450683,73.55833190917969,,0,0,-0.0873689403035626,-0.0486929863687337,0,37.06088532235589,25.20275395223535,0.02105929690089,1.0769126592664322,-0.0108300264379814,0.1310475454071569,-0.0102149969601151,0,,
2024-11-01 04:00:00,73.27625815980778,73.36993642484141,73.10763442386984,73.11700439453125,2457800,-0.001228716063623,-0.0027544047062338,-0.0095643530507729,0.0059285554591057,,73.41902313232421,73.561572265625,,0,0,-0.1008275425913183,-0.0591198976132506,0,33.87591938544728,24.32945640193537,0.0202531173114035,1.1385245608681376,-0.0120454354741507,0.1303364324551098,-0.0151492892071473,0,,
2024-11-04 05:00:00,73.12637919044417,73.35121563996789,73.12637919044417,73.25753021240234,2906500,0.0019219307332782,-0.0004560505130334,-0.003881558520024,0.0094074946686062,,73.40988349914551,73.56317123413086,,0,0,-0.0990129629855545,-0.0670985106877114,0,42.22881752371314,23.518537248085394,0.0179318784970576,1.7933818205476462,-0.0101466552335059,0.1308688235219717,0.0016601152600141,1,,
2024-11-05 05:00:00,73.31373703687603,73.3230998611283,73.16384608251082,73.30436706542969,2962200,0.0006393452371591,-0.0005809396660091,-0.0018512420047018,0.0108278296083135,,73.4002857208252,73.56626327514648,,0,0,-0.0927266577767369,-0.0722241401055165,0,44.73462073939069,22.765540890938983,0.0175820234441189,2.0671158158917144,-0.0095137972120433,0.1293879442483485,-0.0172554718449897,0,,
2024-11-06 05:00:00,73.08890124902149,73.27626494362812,73.07953842468676,73.18258666992188,5243100,-0.0016612979605855,-0.0007149665107519,-0.0042687300626679,0.0090192476747621,,73.38693161010742,73.5658073425293,,0,0,-0.0964594512544891,-0.077071202335311,0,39.88985761471184,22.662339774981124,0.0181024259021283,1.6995523650973514,-0.0111592899207231,0.1260389468480316,-0.0343746489984874,0,,
2024-11-07 05:00:00,73.2949943052441,73.47298801998195,73.2949943052441,73.44488525390625,6022100,0.0035841666155833,0.0032501051026421,-6.512800457458834e-05,0.0119890392894754,,73.38435974121094,73.57078247070312,,0,0,-0.0773606479775708,-0.077129091463763,0,51.95828185238416,21.20326034816946,0.0222574360619571,2.145779548235241,-0.0076151200595272,0.12552017519319,-0.0310732376457585,0,,
2024-11-08 05:00:00,73.47297645836557,73.51044918963444,73.38866102621242,73.4167709350586,4423100,-0.0003827947821072,0.0040998197752992,-0.0010823901649589,0.0105686200503536,,73.37711372375489,73.5755662536621,,0,0,-0.0637583329766329,-0.074454939766337,1,50.78142405150512,20.115808350065212,0.0221693240251433,1.8971841220371533,-0.0079949998134104,0.1249309710018487,-0.0379202912234432,0,,
2024-11-11 05:00:00,73.34184001918784,73.37931275788908,73.29499730901276,73.3605728149414,3019800,-0.0007654670642883,0.0014065803507203,-0.0027340109468301,0.0069671257310197,,73.3684585571289,73.57922607421875,,0,0,-0.0568576988060272,-0.070935491574275,1,48.4205240102494,18.95946476440643,0.0220258802718035,1.2897150462687108,-0.0087543469686626,0.1247165073182798,-0.0346792252772671,0,,
2024-11-12 05:00:00,73.42615484369857,73.42615484369857,73.16385279668232,73.19195556640625,2259700,-0.0022984723546326,-0.0015334897977238,-0.0046471303892031,0.0042691890006463,,73.34857177734375,73.57759689331054,,0,0,-0.0642542166602879,-0.0695992365914776,1,42.0966253734206,18.7334305898812,0.0232683409518639,0.7773765539281039,-0.0110326976988049,0.1248175502337303,-0.0256249404435029,0,,
2024-11-13 05:00:00,73.23877716064453,73.35119535431656,73.1638316981965,73.23877716064453,2754100,0.0006397095674783,0.0007678123072649,-0.0047685211871839,0.0072183143479578,,73.3272918701172,73.5741130065918,,0,0,-0.0655819115452089,-0.0687957715822239,1,44.273078649382406,18.5236704383327,0.0232071656234125,1.3342791351777872,-0.0104000458535995,0.1248367683249402,-0.0337826393941078,0,,
2024-11-14 05:00:00,73.26689820218887,73.30437094276225,73.10764441514789,73.15447998046875,3111100,-0.0011509910930227,-0.0039540571468461,-0.0069218712925297,0.0049057321576513,,73.30786628723145,73.56708190917969,,0,0,-0.0725993175055919,-0.0695564807668975,0,41.26571219268074,18.676712416360505,0.0229587969139435,0.9095242507998144,-0.0115390665864778,0.1255000629299734,-0.0254161524906164,0,,
2024-11-15 05:00:00,73.17324241712862,73.3043934758528,73.06082416085216,73.22008514404297,4186800,0.0008968030883649,-0.0026790308060484,-0.0043907174150497,0.0052943678141654,,73.28938598632813,73.55931610107422,,0,0,-0.072036482146629,-0.0700524810428438,0,44.4294534324022,19.09839281387953,0.0228097648907428,0.9785730424548053,-0.0106526117686645,0.1272424096083441,-0.0101698726351483,0,,
2024-11-18 05:00:00,73.1170283694153,73.3137549346501,73.1170283694153,73.28565216064453,1802700,0.0008954785626453,-0.0010212659392105,-0.0041315433814647,0.0046596929551847,,73.28305282592774,73.55248962402344,,0,0,-0.0655441684225621,-0.0691508185187874,1,47.474616569088965,19.396415425950423,0.0229485658005533,0.8680029825694341,-0.009766672391494,0.1268366676698426,-0.0101594998182784,0,,
2024-11-19 05:00:00,73.33246112599404,73.3699338601363,73.31372833251953,73.31372833251953,2724200,0.0003831059838759,0.0016637452185956,-0.0013429223099385,0.0036415436777919,,73.27859001159668,73.54399139404296,,0,0,-0.0574709611282315,-0.0668148470406763,1,48.76921204133842,19.11304720434187,0.0215501359588793,0.6858275025663427,-0.0093873080782538,0.1264231219699899,-0.0126270506500221,0,,
2024-11-20 05:00:00,73.28562271655125,73.31372547926591,73.22941004392894,73.27625274658203,3141800,-0.0005111673732854,0.0005116904922553,-0.0017265220646838,0.00440362186892,,73.27692108154297,73.53586029052734,,0,0,-0.0534803644211194,-0.0641479505167649,1,47.10048444077948,19.41311313798548,0.021605502872051,0.8319940808128424,-0.0098936769659266,0.1263157029488896,-0.013864602430155,0,,
2024-11-21 05:00:00,73.2856285706673,73.35120407130408,73.19194315787745,73.22941589355469,2260300,-0.0006391818805108,0.0010243516611141,-0.0010942007568031,0.0007083331421924,0.0370059614473337,73.26964263916015,73.52642059326172,,0,0,-0.0534806388730402,-0.06201448818802,1,45.02683613690625,19.31544584298365,0.0212749427001099,0.147854899925805,-0.0105265349873892,0.1255609103832703,-0.0274772492335882,0,,
2024-11-22 05:00:00,73.31373133562685,73.31373133562685,73.22005307003053,73.22941589355469,2011000,0.0,0.0001274342892849,-0.0019839029359891,0.0010888740229075,0.0361977863602873,73.26516571044922,73.5147476196289,,0,0,-0.0528713879294144,-0.0601858681362989,1,45.02683613690625,19.22475478333909,0.0209995460767007,0.221962263381555,-0.0105265349873892,0.1251729383160156,-0.0292509546914792,0,,
2024-11-25 05:00:00,73.39803014987334,73.48234558105469,73.38866018036593,73.48234558105469,2038800,0.0034539356133558,0.0026839280897574,0.0022284975892974,0.0037833594714677,0.040587713268839,73.27473526000976,73.50720275878906,,0,0,-0.0316148044216788,-0.0544716553933748,1,56.90861889519341,18.09951837290356,0.024150292530469,0.7092486072057116,-0.0071089573481114,0.1251806457737441,-0.0287847356723219,0,,
2024-11-26 05:00:00,73.43552027888737,73.463623046875,73.3512119749245,73.463623046875,9241300,-0.0002547895556631,0.0020445654281229,0.0023559313423811,0.0036544856385207,0.0412703877995292,73.28056755065919,73.49928344726563,,0,0,-0.0160940388225867,-0.0467961320792172,1,55.944702533592576,16.8674922028346,0.0241218622950817,0.6853087080973967,-0.0073619356156907,0.124498709374785,-0.0307191980298692,0,,
2024-11-27 05:00:00,73.53855788607373,73.57603062036677,73.47298238785923,73.54792785644531,9145300,0.0011475721734621,0.0037075464380369,0.0027397260273973,0.0050609224887119,0.0405699343442111,73.29621658325195,73.49398071289062,,0,0,0.0029746830093557,-0.0368419690615026,1,59.28857719055713,16.458939894039233,0.0242881583088786,0.9401031904337344,-0.0062228117946838,0.1250203999563832,-0.0258270914300204,0,,
2024-11-29 05:00:00,73.62287209827545,73.71655751513846,73.61350927434422,73.67908477783203,1587100,0.001783285066069,0.0061405499250597,0.0060645578401448,0.0068532326222756,0.040533468605078,73.31982307434082,73.49018432617187,,0,0,0.0283433256605576,-0.0238049101170906,1,63.88164971602045,16.955812478858608,0.0241464139766366,1.253177116248449,-0.0044506237759572,0.1244701046917329,-0.0315701055295046,0,,
2024-12-02 05:00:00,73.38109630858061,73.83232835655943,73.38109630858061,73.68191528320312,5536300,3.841667387205483e-05,0.0061792024984357,0.0064879126229679,0.0055750189007957,0.0384389581757194,73.34806861877442,73.48439758300782,,0,0,0.0481218372754739,-0.0094195606385776,1,63.97610692740167,15.81207346732404,0.024042812985989,1.0282951719636029,-0.0044123780802475,0.124252194372854,-0.0518540886301238,0,,
2024-12-03 05:00:00,73.63488972632976,73.77590013816017,73.63488972632976,73.67249298095703,6338600,-0.0001278780852788,0.0025876610007311,0.0075972558097214,0.0035350903128485,0.0369600334871778,73.36881675720215,73.47953887939452,,0,0,0.0623177885065473,0.0049279091904473,1,63.38188307083578,14.750030099470514,0.0234507687329818,0.6657685474938994,-0.0045396919190658,0.1241787005439254,-0.0472449014845119,0,,
2024-12-04 05:00:00,73.71010948720419,73.82291209927823,73.64429840070932,73.78530883789062,4789100,0.0015313158598115,0.0043788446264128,0.0072044283223586,0.0037993341279014,0.0377404630543785,73.39286384582519,73.47507568359374,,0,0,0.0817293538303687,0.0202881981184315,1,67.2983924884791,13.948142444630154,0.0231605164048144,0.7125143668686195,-0.0030153277614887,0.1236013420817849,-0.055532564934892,0,,
2024-12-05 05:00:00,73.72889390215816,73.76649715659434,73.59728609767527,73.73829650878906,4113800,-0.0006371502653035,0.0025883618735706,0.0059195578753454,0.0017650295703863,0.0368108149858183,73.42064933776855,73.47227737426758,,0,0,0.0922561852659384,0.0346817955479329,1,64.21610304148501,13.036536073869636,0.0233757812589414,0.3388986568022398,-0.003650556809909,0.1237262186430088,-0.0437577522251423,0,,
2024-12-06 05:00:00,73.9075381311947,73.92633618014275,73.82292898070246,73.88873291015625,2694200,0.0020401393643432,0.0028454225911787,0.0096491019567173,0.0035551765283119,0.0425717463877459,73.44284172058106,73.47341842651367,,0,0,0.1114529748442976,0.0500360314072059,1,69.09404616282406,13.052601953041089,0.0230121658337702,0.6603151900481873,-0.0016178650902155,0.1237440509289546,-0.0182078315986253,0,,
2024-12-09 05:00:00,73.7759046088881,73.93571307167261,73.76650200163962,73.83230590820312,4805800,-0.000763675322755,0.0020410792040619,0.0052749848128637,0.0012702441606482,0.0420463559893005,73.46361846923828,73.47026748657227,,0,0,0.120721775926853,0.0641731803111353,1,65.48801364468333,12.6509883013824,0.0203451734993399,0.2445636444189583,-0.0023803048893256,0.124289595620355,-0.0098038388724446,0,,
2024-12-10 05:00:00,73.83230590820312,73.86050655786065,73.78530004404867,73.83230590820312,4540700,0.0,0.002169234686919,0.0056599461928406,0.0020289398579567,0.0405584943379395,73.48720512390136,73.46897750854492,,1,0,0.126607910382674,0.076660126325443,1,65.48801364468333,12.278061339127904,0.0202377692973773,0.3850825013639424,-0.0023803048893256,0.1246772191051246,-0.0020311368325175,0,,
2024-12-11 05:00:00,73.8417085154516,73.93571307167261,73.81350069370617,73.83230590820312,6556600,0.0,0.0006369434654769,0.0064303354671413,0.0017761555414541,0.0379978056633791,73.51922264099122,73.46561492919922,,1,0,0.1297767289975411,0.0872834468598627,1,65.48801364468333,12.419207912937482,0.0199156456010108,0.3385393725593767,-0.0023803048893256,0.1237208007931756,-0.0079837588985968,0,,
2024-12-12 05:00:00,73.81351510104811,73.82291771013183,73.72891313556248,73.74771118164062,1704900,-0.0011457684481327,0.0001276768422557,0.0075931242844049,-0.0008853906003064,0.0350661247689072,73.54466934204102,73.4607472229004,,1,0,0.1240321872863035,0.0946331949451508,1,59.65801838712697,11.881296394785483,0.0183554338258788,-0.1537249104610066,-0.0035233460592192,0.1242190831567463,-0.0047947350021158,0,,
2024-12-13 05:00:00,73.82290967286721,73.82290967286721,73.63490054419745,73.66310119628906,1537200,-0.0011472896445988,-0.0030536687392046,0.0057937072694946,-0.0026602832539538,0.0341460332013405,73.57010040283203,73.45754776000976,,1,0,0.1113684912476031,0.0979802542056413,1,54.43800521596866,11.3528538243101,0.0190443546518496,-0.4817819451817186,-0.0046665934053699,0.1241012170985253,-0.0058921040354104,0,,
2024-12-16 05:00:00,73.66310119628906,73.71010706450076,73.64429598016898,73.66310119628906,5997900,0.0,-0.0022917435644558,0.0069527008592789,-0.0026602832539538,0.0356189808723308,73.59225120544434,73.45994995117188,,1,0,0.1001776354765695,0.0984197304598269,1,54.43800521596866,10.862157151725814,0.0183630136710035,-0.4817819451817186,-0.0046665934053699,0.1235735726818927,-0.0153505122077562,0,,
2024-12-17 05:00:00,73.63489532470703,73.68189401749878,73.62549271731348,73.63489532470703,1862500,-0.0003829036671544,-0.0026737697145953,0.0056652512742647,-0.0024137901808259,0.0334827282135739,73.60971336364746,73.46384140014648,,1,0,0.0880182044701882,0.0963394252618992,0,52.65667879380504,10.5450401386423,0.0184009143337084,-0.436559532235195,-0.0050477102167963,0.1240372706855908,-0.0251892347262113,0,,
2024-12-18 05:00:00,73.63490247413796,73.72890704093666,73.3340835571289,73.3340835571289,9856600,-0.0040851795368437,-0.0067480264221148,0.000660857822186,-0.0072401311899377,0.0297934830190935,73.61073112487793,73.46059661865235,,1,0,0.0534921479550263,0.0877699698005246,0,38.27290811792508,11.942368970033948,0.0236163608825313,-1.251404363803085,-0.0091122689511545,0.1273253052534397,0.0038524946498044,1,,
2024-12-19 05:00:00,73.42809654554847,73.46569981099849,73.29648870251818,73.35289001464844,2708900,0.0002564490698908,-0.0053536734993678,0.0005341657424826,-0.0083594965118054,0.0299241695083416,73.61456298828125,73.45866104125976,,1,0,0.02733245187828,0.0756824662160757,0,39.38765743538925,13.409480912818328,0.0235967370731881,-1.4596120418096934,-0.0088581567141607,0.1273970955320999,0.0077040777583488,1,,
2024-12-20 05:00:00,73.55970843620953,73.55970843620953,73.39989992832062,73.4281005859375,3086900,0.0010253252635858,-0.0031902079404091,0.0020722653474192,-0.0065930427219879,0.0308468923146789,73.62449722290039,73.45729660034179,,1,0,0.0125251862585571,0.063051010224572,0,43.76176682655753,13.978675044854528,0.0237553809632724,-1.143695571100961,-0.0078419139424426,0.1260141499157004,-0.0023872964813499,0,,
2024-12-23 05:00:00,73.39989347498711,73.45629478526205,73.36229021077406,73.38108825683594,1699000,-0.0006402498325084,-0.003828415242818,0.0020711944978739,-0.0084771429908628,0.0304535462677446,73.63208084106445,73.45368453979492,,1,0,-0.0029689562066863,0.0498470169383203,0,41.73436450577122,14.702933975719535,0.0237557997569733,-1.4846627044063347,-0.0084771429908628,0.125183815050328,-0.0030032860688187,0,,
2024-12-24 05:00:00,73.45658111572266,73.45658111572266,73.36223811587496,73.45658111572266,906800,0.0010287781318054,-0.0024215992729814,0.0031021034292855,-0.0057071069819221,0.0324485480781624,73.63079261779785,73.45214263916016,,1,0,-0.009052184993834,0.0380671765518894,0,46.0561740557416,15.372927567229407,0.023967823024019,-1.0001750706488268,-0.0074570859583865,0.1239350680765561,-0.0098892800321924,0,,
2024-12-26 05:00:00,73.2395755926614,73.50374603271484,73.2395755926614,73.50374603271484,1456300,0.0006420788481549,0.0023135555441116,0.0002912325605686,-0.0044416470519669,0.0323092370747353,73.63279876708984,73.45042373657226,,1,0,-0.0099526451098199,0.0284632122195475,0,48.6203181861837,16.626497047818972,0.0208595785438151,-0.7747494881516448,-0.0068197951473943,0.1240063948041688,-0.0093804514453268,0,,
2024-12-27 05:00:00,73.58863329008345,73.58863329008345,73.45655170360044,73.46598815917969,2563500,-0.0005136863843422,0.0015418362454249,3.219433246814951e-05,-0.0070802241864764,0.0320460125007315,73.62870178222656,73.44645599365235,,1,0,-0.01355673744726,0.020059222286186,0,46.7062863298961,17.032367960862388,0.0209209101632575,-1.2680471366712505,-0.0073299782958253,0.1252612586830397,0.0061249575363804,1,,
2024-12-30 05:00:00,73.48486760171035,73.60751275552806,73.46600188493376,73.59808349609375,1697700,0.0017980475077508,0.0023149572003065,0.0006819449726216,-0.0040424117693093,0.0350305220147555,73.62465171813965,73.44755783081055,,1,0,-0.0056884440267879,0.0149096890235912,0,53.5897899036032,17.24529438757655,0.0214833465313651,-0.71162303359764,-0.0055451104372812,0.1269350037485812,0.0153143310441012,1,,
2024-12-31 05:00:00,73.65468784433148,73.68299001845033,73.55090840729034,73.59808349609375,2486500,0.0,0.0029571003157968,-0.0010993795862492,-0.005437148850159,0.0331507073490358,73.62046012878417,73.44772567749024,,1,0,0.0005409988983871,0.0120359509985504,0,53.5897899036032,16.802156667971797,0.0205196213465292,-0.9703956308121212,-0.0055451104372812,0.1273984992973611,0.0235268911589712,1,,
2025-01-02 05:00:00,73.60750690278304,73.69242061629586,73.56033901563805,73.616943359375,2584600,0.0002562548151441,0.0021830888562552,-0.0008817892908782,-0.005056731889685,0.0308743509172733,73.61768264770508,73.45181823730469,,1,0,0.0069199418633729,0.0110127491715149,0,54.56159036383822,16.311680927068824,0.0205455190616484,-0.9011351425384092,-0.0052902765833873,0.1277450208790146,0.0281107832645546,1,,
2025-01-03 05:00:00,73.61693173773715,73.68297252764043,73.56032740293612,73.57919311523438,1924300,-0.0005127928764487,0.0010264386047202,-0.00126641385336,-0.0033035907507726,0.0279512701804052,73.60737686157226,73.45534240722657,,1,0,0.0088274139772579,0.0105756821326635,0,52.20522076736615,15.856324128325747,0.0206091470492527,-0.5963737502716714,-0.0058003566436897,0.1261028177279303,0.0154947440710599,1,,
2025-01-06 05:00:00,73.58862957033664,73.61693173773715,73.5414544927316,73.57919311523438,4316400,0.0,0.0015409165369069,-0.002793452055735,0.0004922491762218,0.0279512701804052,73.59942169189453,73.46073364257812,,1,0,0.0102212748758603,0.0105048006813029,0,52.20522076736615,15.578830507158209,0.0197860140222835,0.106398035279335,-0.0058003566436897,0.1253805290995165,0.0143945606719573,1,,
2025-01-07 05:00:00,73.56036089610724,73.58866307639418,73.46601789584763,73.53205871582031,3574100,-0.0006405941329126,-0.0008970991789064,-0.0027968884925917,0.0012491208678191,0.0275579310399238,73.58158798217774,73.4638751220703,,1,0,0.0074368403004143,0.0098912086051251,0,49.13256833970235,15.878441978784233,0.0197871244283856,0.256245680009039,-0.0064372351021675,0.1267328005941376,0.0243002815741408,1,,
2025-01-08 05:00:00,73.52261097992822,73.60751750776653,73.52261097992822,73.56978607177734,9211100,0.0005130735711187,-0.0003844858856671,-0.0043165828647613,0.000999552594072,0.0274212288538528,73.56846199035644,73.46889175415039,,1,0,0.0081801425720584,0.0095489953985118,0,51.588687495987976,15.957314466999158,0.0183276052633337,0.2073529035379404,-0.0059274643062509,0.1266128501971039,0.0231833308075266,1,,
2025-01-10 05:00:00,73.53202860046693,73.53202860046693,73.33390622169071,73.39051055908203,2738500,-0.0024368089438292,-0.0030758245311489,-0.0059837674536453,-0.00080542671048,0.0221476783201461,73.54637222290039,73.47088287353516,,1,0,-0.0056318995961817,0.0065128163995731,0,41.36718238603252,17.22082970182812,0.0198251031968381,-0.144761118235169,-0.0083498291520445,0.1282625515800091,0.0319653140701301,1,,
2025-01-13 05:00:00,73.33391239632962,73.36221456740829,73.29617376892232,73.30560302734375,2759600,-0.0011569279337541,-0.0037183078028886,-0.0071337725996832,-0.0025949543822424,0.0191284019783686,73.52003707885743,73.4700553894043,,1,0,-0.0231623693584452,0.0005777792479694,0,37.57039674176156,18.59046696082155,0.020019667270473,-0.4875674129791987,-0.0094970969352105,0.1279158351786093,0.0259760050531276,1,,
2025-01-14 05:00:00,73.34335725079826,73.3905323445657,73.34335725079826,73.38109588623047,4346900,0.001029837499032,-0.0026922995566649,-0.0061112817271838,-0.0024550196548847,0.0208340983940622,73.50170631408692,73.47297836303711,,1,0,-0.0306108869036307,-0.0056599539823505,0,42.61367457459665,19.546595919879973,0.0205509177459275,-0.4600602327367326,-0.0084770399027342,0.1278716389946235,0.0335500431199669,1,,
2025-01-15 05:00:00,73.62637617425797,73.67354405906994,73.58863754766416,73.65467834472656,2286500,0.003728241656683,0.0016675669231585,-0.0012615013459187,0.0016455344490458,0.0237184201886835,73.50128517150878,73.48193283081055,,1,0,-0.0142735363036905,-0.0073826704466185,0,56.36932932176657,18.30386598729164,0.0245445078973482,0.3071120516256135,-0.0047804026993419,0.1260554032037439,0.0147829141894442,1,,
2025-01-16 05:00:00,73.588645508659,73.75846574774914,73.588645508659,73.73016357421875,4489000,0.0010248531551368,0.0021799370503121,0.0009103930847411,0.0019088599216965,0.0246361116595039,73.50463829040527,73.4941960144043,,1,0,0.0047106573885713,-0.0049640048795806,1,59.27029462121369,17.688867229100083,0.0244842565719043,0.3538433254888076,-0.0037604487549943,0.1264277472376521,0.0187470372452498,1,,
2025-01-17 05:00:00,73.76789999542142,73.76789999542142,73.7018591931926,73.71128845214844,4766500,-0.000256002715243,0.0043708361015988,0.0006541573063965,0.00063684985827,0.0255592471896992,73.50845794677734,73.50327117919922,,1,0,0.0180249229664752,-0.0003662193103694,1,58.22775359786554,17.1767619913536,0.0245061652202018,0.1258059935154516,-0.0040154887851455,0.1251389787494368,0.0126678061787031,1,,
2025-01-21 05:00:00,73.76792321867121,73.79622540026386,73.7301845772444,73.78678894042969,2711700,0.001024273077661,0.0065641082429463,0.0020627939382931,0.0033150310697929,0.0271377315946919,73.53109321594238,73.51291961669922,,1,0,0.0342737463680151,0.0065617738253074,1,61.16993130636837,16.884724477882497,0.0246899021702221,0.6127403268718721,-0.0029953286645406,0.1241309380657931,0.0007551551213968,1,,
2025-01-22 05:00:00,73.8245054465129,73.8245054465129,73.71128955617883,73.7207260131836,8317100,-0.0008953218888468,0.004628305462754,0.0052723431902368,0.0017806142274134,0.026086471740399,73.54948501586914,73.52368240356445,,1,0,0.0413437449066265,0.0135181680415712,1,57.36274827292814,16.79943211093606,0.019882854499938,0.3336877189609861,-0.0038879687700699,0.1233265122104277,-0.0314061139303962,0,,
2025-01-23 05:00:00,73.69242892353554,73.76790618896484,73.68299246587983,73.76790618896484,3610700,0.0006399852298364,0.0015372797327053,0.0056578026337275,0.0048437488795556,0.0264787131279173,73.56647529602051,73.53014282226563,,1,0,0.0501754245088079,0.0208496193350186,1,59.31050403738613,16.461934920086268,0.0199284722696934,0.9092717801487122,-0.0032504717828205,0.1227355461097598,-0.0365907040727275,0,,
2025-01-24 05:00:00,73.80565167973309,73.87169249364321,73.76791304351174,73.83395385742188,1821300,0.0008953442203962,0.0014077045020881,0.0055272200730478,0.0058712767677959,0.0272659144224951,73.5891185760498,73.53848648071289,,1,0,0.0617917917719523,0.0290380538224053,1,61.932219024116286,16.838722577759814,0.0198713574821486,1.0964887873825342,-0.0023580378535484,0.123205106660352,-0.0222914907351876,0,,
2025-01-27 05:00:00,73.93770524387105,74.00374603271484,73.91883233396932,74.00374603271484,2683100,0.0022996489612467,0.0039676091234825,0.0084852622204183,0.009468260476811,0.0292313524999594,73.61647682189941,73.55134994506835,,1,0,0.0837334292035194,0.0399771288986282,1,67.69483855476832,17.92020817472865,0.0207761942294885,1.737804560046465,-6.381155160206653e-05,0.1252603009278629,0.0006109885491518,1,,
2025-01-28 05:00:00,73.93772878262396,74.01319885253906,73.92829232466892,74.01319885253906,2266900,0.0001277343422594,0.0030684342734057,0.0075775067170567,0.0086979794759627,0.0273820405458171,73.64194946289062,73.56777481079102,,1,0,0.1007240147646229,0.0521265060718271,1,67.98540057617552,18.972973627657066,0.0206685608682723,1.601661425298082,0.0,0.1242090411452248,0.0022106178091534,1,,
2025-01-29 05:00:00,74.03206821638506,74.03206821638506,73.89055014548309,73.9754638671875,12647500,-0.0005098412977223,0.0034554441848326,0.0064176026384112,0.0089541565912893,0.0259369872887282,73.66742324829102,73.58250854492188,,1,0,0.1098776768170495,0.0636767402208716,1,65.45450647225177,19.56034413365921,0.0208550751522468,1.651071217725015,-0.0005098412977223,0.1247047556411787,0.0056316518040282,1,,
2025-01-30 05:00:00,73.98489777910008,74.06037504804837,73.98489777910008,74.02263641357422,7351000,0.0006376782776436,0.0034531307416649,0.0075769518431907,0.0099832486536048,0.0260650891704037,73.68865089416504,73.59987167358399,,1,0,0.1195602342414758,0.0748534390249924,1,67.10320669716785,20.273154212687917,0.0206657665102871,1.8390403371803712,0.0,0.1241181254439691,-0.0091259919554474,0,,
2025-01-31 05:00:00,74.03205871582031,74.07922660146251,73.96601791759552,74.03205871582031,3586700,0.0001272894712023,0.0026831132297342,0.0058965559850425,0.0093402824188517,0.0239656933772782,73.71034965515136,73.61611114501953,,1,0,0.1265354103601197,0.0851898332920179,1,67.43749447969736,20.72594870941321,0.0200009557438686,1.7245543689314202,0.0,0.1247980807121551,-0.0168347813709339,0,,
2025-02-03 05:00:00,73.94779240241574,74.06141517277864,73.91938851576897,73.9761962890625,3257500,-0.0007545707593009,-0.0003722749878116,0.0051375358570147,0.0101215213878955,0.0212670939549783,73.72831230163574,73.6299220275879,,1,0,0.1261020309924987,0.093372272832114,1,63.32869517507662,20.633628896372198,0.0203029413066056,1.883362699115327,-0.0007545707593009,0.1255487980721422,-0.0145190189477942,0,,
2025-02-04 05:00:00,73.95726955320417,74.08035548121701,73.95726955320417,74.07089233398438,3153100,0.0012800880509165,0.0007795026068291,0.0061663654302153,0.0118013019179434,0.0174942711960506,73.75289726257324,73.64506530761719,,1,0,0.1318795290202814,0.1010737240697475,1,66.99926766565301,20.68717890746677,0.0206175435103028,2.1837191672386087,0.0,0.1248718563189716,-0.022491401545616,0,,
2025-02-05 05:00:00,74.16557541264584,74.19397930229502,74.11823078071279,74.1561050415039,2662800,0.0011504209661106,0.0024419066116398,0.0078406938407984,0.0142114772832566,0.0202242862735919,73.78174285888672,73.66266235351563,,1,0,0.1417007531003378,0.1091991298758656,1,69.9172470963282,21.496198415437355,0.0206029355327216,2.6377950964714456,0.0,0.1245106701299489,-0.0126257892303126,0,,
2025-02-06 05:00:00,74.17504280266877,74.17504280266877,74.0898311288473,74.1087646484375,1769500,-0.0006383883436152,0.0011635391420277,0.0071973000896292,0.0116197534037401,0.0211365608405424,73.81057815551758,73.68024932861329,,1,0,0.1440041793218682,0.1161601397650661,1,66.40433518363768,21.91628716517076,0.0208654858673922,2.182791311722121,-0.0006383883436152,0.1240002197734413,-0.0110089607691766,0,,
2025-02-07 05:00:00,74.09927984681646,74.12768372978995,73.99512746006374,74.0140609741211,1654300,-0.0012779011330935,-0.0002431074052432,0.0065549947426819,0.0096814683367765,0.0206141272345989,73.83279190063476,73.6959422302246,,1,0,0.1366130756545658,0.120250726942966,1,59.9185321117674,21.28743402601069,0.0213548389484979,1.8071833314909316,-0.0019154736795212,0.1249858151781355,-0.0137847929487234,0,,
2025-02-10 05:00:00,74.02353474295285,74.09928325021122,74.02353474295285,74.06140899658203,1582900,0.0006397165867915,0.0011518936062426,0.0066824025330867,0.0120086261862257,0.0211361826347951,73.86633682250977,73.70752349853515,,1,0,0.1330425309758709,0.122809087749547,1,61.92103065752952,20.7034989682192,0.0213743586510794,2.267918249347443,-0.0012769824530141,0.1242221413586157,-0.0188820394988857,0,,
2025-02-11 05:00:00,74.0235366821289,74.0330070517281,73.98566242750753,74.0235366821289,1457300,-0.0005113636773352,-0.0006393287614511,0.0086254492334845,0.0078787164854599,0.0199622140164301,73.90223350524903,73.71872177124024,,1,0,0.1257077881974311,0.1233888278391238,1,59.3661412980495,19.76234289922092,0.0191750221104168,1.5764943471590278,-0.0017876931279063,0.1240642511405702,-0.0327320826517322,0,,
2025-02-12 05:00:00,73.91939010911453,73.95726436671856,73.87204548116551,73.90991973876953,2146100,-0.0015348759117963,-0.003319825152583,0.0082437997433888,0.0067171137797268,0.0173567244534535,73.92867469787598,73.72596160888672,,1,0,0.109465167596511,0.1206040957906013,0,52.38329231404276,18.86973628796521,0.0196040078134245,1.3299530558599195,-0.003319825152583,0.1242741889964183,-0.0284690802910064,0,,
2025-02-13 05:00:00,74.09928325021122,74.09928325021122,73.96672697439669,74.06140899658203,2350400,0.002049647169797,-0.0006390020408533,0.0092709587140304,0.0095533084700489,0.0165869933023268,73.94901123046876,73.73360809326172,,1,0,0.1075766145569474,0.1179985995438705,0,59.26349204215683,18.200127325130207,0.0203272105057203,1.8586714371397912,-0.0012769824530141,0.1232279200696579,-0.0363154719957942,0,,
2025-02-14 05:00:00,74.12768929570893,74.2697159450154,74.12768929570893,74.20343780517578,4398200,0.0019177168044468,0.0025586601864868,0.007450435909595,0.0138195820967212,0.0181477695052485,73.9726749420166,73.74403854370117,,1,0,0.1162009681082736,0.1176390732567511,0,64.44984917192565,18.66449987241421,0.0173930785083554,2.719998996772905,0.0,0.1234703051544255,-0.0205076338151095,0,,
2025-02-18 05:00:00,74.22238548681491,74.22238548681491,74.13717381523271,74.14663696289062,1966900,-0.0007654745381782,0.0011507743028833,0.0056486160952653,0.0123958896836133,0.0197036814599302,73.99444236755372,73.75352142333985,,1,0,0.1171025913851764,0.1175317768824362,0,61.09957882745727,19.095702952035072,0.0176272701343042,2.43343307279005,-0.0007654745381782,0.1230146369796943,-0.0269965283138519,0,,
2025-02-19 05:00:00,74.12768929570893,74.20343780517578,74.12768929570893,74.20343780517578,11229700,0.0007660609383213,0.0024303232608218,0.0066767161904492,0.0143389417160382,0.0193150168811726,74.01527481079101,73.76188400268555,,1,0,0.1210056102444241,0.1182265435548338,1,63.16182604138901,19.400554190258624,0.0175993741603652,2.832146036009112,0.0,0.1228196528355928,-0.0185340006528891,0,,
2025-02-20 05:00:00,74.18450504095983,74.25078318792454,74.18450504095983,74.23184967041016,2506000,0.0003828914949866,0.0043557066869841,0.0060317129444376,0.0138181282414078,0.0191856543089867,74.04083099365235,73.77175506591797,,1,0,0.1249510232697161,0.1195714394978103,1,64.18461424143564,19.98209927894732,0.0174141107680432,2.736144812138154,0.0,0.1233799725730897,-0.0060497850447679,0,,
2025-02-21 05:00:00,74.27918353776701,74.3928063087696,74.25077965096034,74.33599853515625,3614900,0.0014030212800639,0.0037075926895597,0.0083459910834657,0.0143322238875533,0.019058700605419,74.06923561096191,73.78070037841798,,1,0,0.1349263870924204,0.1226424290167323,1,67.72237649428256,21.297203098033886,0.0172674039153935,2.823681202421385,0.0,0.1257031135419418,0.0192708063247499,1,,
2025-02-24 05:00:00,74.32653149981924,74.44015427591981,74.31706112920014,74.4117431640625,2466300,0.001018949504935,0.0028072197872237,0.0087278737917326,0.0149769334682154,0.0186730163033914,74.09812507629394,73.79228912353516,,1,0,0.1472465270133511,0.1275632486160561,1,70.04019773516208,22.74290342750432,0.0173842637135913,2.940689712131071,0.0,0.1264064215468286,0.0299088206588982,1,,
2025-02-25 05:00:00,74.41173007466874,74.57269745177362,74.41173007466874,74.55375671386719,3155200,0.0019084830399898,0.0054907379168163,0.0097489409524957,0.0174340788372908,0.0219144737970433,74.12562561035156,73.80671813964844,,1,0,0.1665497514143084,0.1353605491757065,1,73.83402790050877,24.64205780198689,0.0180778142865558,3.3820814747423915,0.0,0.1272806394621549,0.0330792522507863,1,,
2025-02-26 05:00:00,74.55376240278689,74.62004054296695,74.48748426260683,74.59163665771484,2715600,0.0005080890020476,0.0052315480794609,0.0079440657604024,0.0186020979074892,0.0193236075321439,74.15454750061035,73.82190475463867,,1,0,0.1827971193127098,0.1448478632031072,1,74.75240936368685,26.58210551885241,0.0168044876608953,3.619949970602273,0.0,0.1272810641369371,0.0161325112114965,1,,
2025-02-27 05:00:00,74.60110168770305,74.60110168770305,74.51588281427094,74.58216094970703,1967400,-0.0001270344563063,0.0047191506186665,0.0076873058588042,0.018472700343789,0.019581688810234,74.18488235473633,73.83859375,,1,0,0.1926874836163818,0.1544157872857621,1,74.05222665195518,28.383578398798964,0.0168752060534251,3.5934903606665585,-0.0001270344563063,0.1293292392001268,0.0412224263845293,1,,
2025-02-28 05:00:00,74.66739155604601,74.70526581421447,74.60111341019525,74.68632507324219,7306400,0.0013966359007135,0.0047127440942393,0.0096094187030841,0.0163846088834964,0.0202299572201698,74.21806678771972,73.85905822753907,,1,0,0.2065498645509222,0.1648426027387942,1,76.64227519316198,30.437460800862937,0.0169217442425377,3.3377346712823583,0.0,0.127519853644989,0.0225741030431136,1,,
2025-03-03 05:00:00,74.6758830477668,74.77087699637947,74.63788401880699,74.7613754272461,7878100,0.0010048741041992,0.0046986167547873,0.0099799068158616,0.0176652379306563,0.0213842809274957,74.25453262329101,73.8810237121582,,1,0,0.2210437825307138,0.1760828386971781,1,78.32131146429711,32.55846995450584,0.0170189328603445,3.590543938753387,0.0,0.1299242516250205,0.0467790353768471,1,,
2025-03-04 05:00:00,74.80887473558039,74.89436711358573,74.7423782479406,74.78987884521484,8723300,0.0003812586085509,0.0031671392798338,0.0102363778954668,0.0168862811634018,0.0220326638122043,74.29521675109864,73.90412338256836,,1,0,0.2321541757428207,0.1872971061063066,1,78.94047724356987,34.88113453205288,0.0169765157834032,3.4476842185701444,0.0,0.1315307012609954,0.0539481097018545,1,,
2025-03-05 05:00:00,74.89435047809495,74.89435047809495,74.67586517333984,74.67586517333984,4709100,-0.0015244532232892,0.0011291951671674,0.0094580273030446,0.0135286750441248,0.0204746228235488,74.32546539306641,73.93095901489258,,1,0,0.2291181604090866,0.1956613169668626,1,70.29226832722759,36.24664552985839,0.0178710915149606,2.757828863760762,-0.0015244532232892,0.1299336727178654,0.034925660086396,1,,
2025-03-06 05:00:00,74.69486105948603,74.74236164620947,74.61887026732929,74.67586517333984,6332900,0.0,0.0012563892281962,0.0081674841532575,0.0134897401393052,0.0191399645963445,74.3514533996582,73.9574185180664,,1,0,0.2241284827497764,0.2013547501234454,1,70.29226832722759,36.87316643588707,0.0176700033083965,2.7497547934395654,-0.0015244532232892,0.1322818349785184,0.0593406623236134,1,,
2025-03-07 05:00:00,74.82785567368072,74.82785567368072,74.59986879698305,74.64736938476562,5457900,-0.0003815930154685,-0.0005215906451195,0.0066247322858552,0.0132325697741839,0.0168144384162554,74.37838363647461,73.98180389404297,,1,0,0.2153918520734521,0.2041621705134467,1,68.12880127151354,37.79304516529124,0.0176340501735552,2.69449446207135,-0.0019054645180553,0.1314943493412662,0.0560890018825588,1,,
2025-03-10 04:00:00,74.84686313514531,74.84686313514531,74.7043686111313,74.75186920166016,2342100,0.0013999129206534,-0.0001271542361495,0.008677847435097,0.013099631606789,0.0169487356121174,74.41527404785157,74.00921951293945,,1,0,0.2144284732380441,0.2062154310583662,1,71.58295155373077,38.71970716965532,0.017659041101386,2.6723411149705725,-0.0005082190818005,0.1352817341684694,0.0909797935490785,1,,
2025-03-11 04:00:00,74.75187549629382,74.78987452240219,74.61888252870115,74.63787841796875,5812300,-0.0015249221846732,-0.0020323662719212,0.0084283639572995,0.012199656783127,0.0139862191084842,74.4440975189209,74.03284545898437,,1,0,0.2021367780356229,0.2053997004538176,0,63.49858871881673,38.62060853915893,0.0179748224410771,2.461139796362272,-0.0020323662719212,0.1362076988999057,0.0897852584773417,1,,
2025-03-12 04:00:00,74.60937962398857,74.63787708116614,74.50488411595545,74.52388000488281,8657200,-0.0015273533425956,-0.0020352649159703,0.0062444262749865,0.0085959938641639,0.0121817306680993,74.4691146850586,74.05324813842773,73.08938415527344,1,1,0.1811090889780189,0.2005415781586579,0,56.61264609777911,37.41573466400662,0.0191409820437123,1.7459150791638784,-0.0035566154730981,0.1352818117979551,0.0890313942295624,1,,
2025-03-13 04:00:00,74.48588954530783,74.60938094445392,74.44789051920753,74.59037780761719,6706600,0.0008923019403983,-0.0011447790464056,0.0076575796144733,0.0102674823722366,0.0115507687424127,74.50313758850098,74.07573593139648,73.10925506591796,1,1,0.1678751506014038,0.1940082926472071,0,59.37980741210433,35.79630551059318,0.0190110739321192,2.084886310844423,-0.0026674871075876,0.1372318824679687,0.1061355806071731,1,,
2025-03-14 04:00:00,74.63788007294482,74.64738164157589,74.50488710240325,74.56188201904297,3549300,-0.0003820303558149,-0.0011452160528526,0.00882103894278,0.0098815295264778,0.011930518413548,74.52816123962403,74.09501190185547,73.12870811462402,1,1,0.1533204049146519,0.185870715100696,0,57.68207114177456,34.53427135507893,0.0179500359283884,2.004468791033428,-0.0030484984023538,0.1344032601008578,0.0815058314702132,1,,
2025-03-17 04:00:00,74.59038879245827,74.666386855851,74.56189133057954,74.58089447021484,4206500,0.0002549888851655,-0.0022872301826202,0.0070142531808541,0.0101390380918409,0.0119332021419868,74.54703407287597,74.11466812133789,73.14853160858155,1,1,0.14168653582432,0.1770338792454208,0,58.53392767464609,33.484788942124645,0.016944095464406,2.0563647584107256,-0.0027942868503973,0.1334087729020872,0.0826180692384834,1,,
2025-03-18 04:00:00,74.66638480930332,74.69488227040094,74.57139085645322,74.6568832397461,2923600,0.001018877154411,0.0002546270363008,0.0061108413300317,0.0123281393217231,0.0114318335027421,74.57254638671876,74.13546691894531,73.16905643463134,1,1,0.1370188019318448,0.1690308637827056,0,61.84023857466198,32.69745364684699,0.0161527812214493,2.5092479764581133,-0.001778256731021,0.1350038823132074,0.0934117490384163,1,,
2025-03-19 04:00:00,74.59037416298042,74.86586165306683,74.58087984259913,74.83736419677734,5841700,0.002417472431198,0.0042064931653316,0.0093156920148977,0.0159409932709626,0.0132383024595585,74.60424270629883,74.16063034057618,73.18984111785889,1,1,0.1461976189367249,0.1644642148135095,0,68.30445227841862,32.93230165636745,0.0172561515357182,3.1873503860540984,0.0,0.1338722616400598,0.0882628679557677,1,,
2025-03-20 04:00:00,74.9513612695081,74.9513612695081,74.83736419677734,74.83736419677734,3882800,0.0,0.0033112366020879,0.0085430865516764,0.0159409932709626,0.0132383024595585,74.63451843261718,74.18579376220703,73.20998317718505,1,1,0.1517229300495302,0.1619159578607136,0,68.30445227841862,33.542962153057644,0.0172790370208446,3.1873503860540984,0.0,0.13426050176786,0.0931516143233361,1,,
2025-03-21 04:00:00,74.9133775280211,74.95137656001671,74.85638260381484,74.88488006591797,3281200,0.0006349217352936,0.0043319460041595,0.0087971726207451,0.0169754399147155,0.0145206745837083,74.66196250915527,74.21285018920898,73.22963508605957,1,1,0.1581132809662335,0.1611554224818176,0,69.86322736324684,34.11007315983644,0.0172968866626967,3.396572319219494,0.0,0.1343014379143919,0.088518947715217,1,,
2025-03-24 04:00:00,74.95137523973818,74.95137523973818,74.75188576095599,74.77088165283203,2125300,-0.0015223154926012,0.002547397479834,0.0058502357706287,0.0195925008674011,0.0122105174008444,74.67991943359375,74.23687210083008,73.24825645446778,1,1,0.1522242149030432,0.1593691809660627,0,61.98680079441482,33.540237177192616,0.0181449578232732,4.276002485828923,-0.0015223154926012,0.1317377703022843,0.0480072178827057,1,,
2025-03-25 04:00:00,74.78987085215246,74.87536322102093,74.78036928419836,74.83736419677734,6033400,0.0008891501942427,0.002417472431198,0.0057198100006397,0.0202374327968872,0.0117087615362083,74.69409980773926,74.26580917358399,73.26693382263184,1,1,0.1511789761665198,0.1577311400061542,0,64.50040821738226,33.01110376473764,0.0180836798547444,4.406259873723792,-0.0006345188654746,0.1315387155836536,0.0406015293686936,1,,
2025-03-26 04:00:00,74.81836531776578,74.82785963776756,74.76136315989251,74.79936218261719,1407500,-0.0005077946633748,-0.0005077946633748,0.0032943406150895,0.0186748885745016,0.0119587215143137,74.70448608398438,74.29568435668945,73.28532913208008,1,1,0.1456057198881808,0.1553060559825595,0,61.97761553950188,32.318188671808514,0.0172467312418956,4.066186973653478,-0.0011419913235556,0.1330604274805414,0.045409797144404,1,,
2025-03-27 04:00:00,74.7898848015789,74.85638129451456,74.77088166212634,74.8183822631836,14403200,0.0002542813202066,-0.0002536424658655,0.0030398261203095,0.01958670878956,0.0109435264675676,74.7162971496582,74.32443008422851,73.30506301879883,1,1,0.1410971555000628,0.1524642758860602,0,62.76264922853643,31.865924904397847,0.0172040234741327,4.285518067483881,-0.0008880003904104,0.1334486688438826,0.0484565771724692,1,,
2025-03-28 04:00:00,74.8943634341422,75.00836051345574,74.85637165527758,74.98936462402344,6015700,0.0022852988218642,0.0013952690852077,0.0054597998922423,0.0208665239386249,0.0150403294722443,74.73144912719727,74.35112380981445,73.32574390411376,1,1,0.1495964782202321,0.1518907163528946,0,68.96580956641705,32.32800267201165,0.0186886903709536,4.470633500522243,0.0,0.1365025666744289,0.0554656280255541,1,,
2025-03-31 04:00:00,75.10335445576375,75.10335445576375,74.94186402908282,74.98936462402344,6960800,0.0,0.0029220328336616,0.0040574971453484,0.0202114677345475,0.0156800484765016,74.74284858703614,74.37630783081055,73.34591823577881,1,1,0.1545506885768333,0.1524227107976823,1,68.96580956641705,33.20179507615548,0.018239223547581,4.331865378549765,0.0,0.135592351012391,0.0633038474924501,1,,
2025-04-01 04:00:00,75.04561667243455,75.1218939792095,75.01701450094502,75.06468963623047,4431500,0.0010044759358169,0.0030375928106634,0.0040570977627283,0.0217611103737807,0.0145268126473112,74.75658912658692,74.40337585449218,73.36559398651123,1,1,0.162679763891802,0.1544741214165063,1,71.400015398047,34.095460597087026,0.018239000411818,4.666925196900024,0.0,0.1353462838534946,0.0417322567623696,1,,
2025-04-02 04:00:00,75.1218939792095,75.13143046110747,75.00747801904707,75.06468963623047,2798500,0.0,0.0035471887175388,0.0036744382429656,0.0199272327548387,0.0158042669053115,74.77603034973144,74.42893386840821,73.38467105865479,1,1,0.1671947970999099,0.157018256553187,1,71.400015398047,34.96942088610328,0.0182373527204945,4.331134482387644,0.0,0.1344951401260024,0.0225379993916754,1,,
2025-04-03 04:00:00,75.31257586377698,75.35071451508406,75.20769639123348,75.28397369384766,12196300,0.0029212677582477,0.006222955062384,0.0081433073335843,0.0229067132956442,0.0173450172356288,74.80643577575684,74.46019882202148,73.40493667602539,1,1,0.1863196078039379,0.1628785268033372,1,77.38813511415233,36.62375602832414,0.0194768489925159,4.783310686768502,0.0,0.1418799971197311,0.091941712659856,1,,
2025-04-04 04:00:00,75.37933000007806,75.44607083310363,75.03608935188795,75.16004180908203,5363500,-0.0016461921267547,0.0022760185516215,0.0064837097584111,0.0209611860977996,0.015798459109928,74.83206939697266,74.48804153442383,73.42508918762206,1,1,0.1892938292824482,0.1681615872991594,1,68.64094424352575,36.39427318009157,0.0206862571421597,4.2876864198469375,-0.0016461921267547,0.1504544861975089,0.1373782819231497,1,,
2025-04-07 04:00:00,75.03608058857832,75.07421924216811,74.57843129390959,74.64517211914062,9945300,-0.0068503113828655,-0.0045898842670357,-2.9435272041244964e-05,0.0144875060295481,0.0111360544878544,74.82673454284668,74.50426589965821,73.44206867218017,1,1,0.1483946391716131,0.1642081976736501,0,45.58738951725044,34.360858699620415,0.0322887554622108,2.4002976724115426,-0.008485226580956,0.1496904445769601,0.1383792940673796,1,,
2025-04-08 04:00:00,74.68330035805577,74.78817982225104,74.4544684684279,74.49260711669922,11232500,-0.002043869658414,-0.0076211934306743,-0.0034683023679517,0.0124140257971343,0.0129123857673283,74.8194709777832,74.51404312133789,73.45846961975097,1,1,0.1024895796117277,0.1518644740612657,0,41.17447972846359,33.017836719512914,0.0326104279479323,2.025448876271697,-0.0105117535422165,0.1517615125183766,0.1218182073966065,1,,
2025-04-09 04:00:00,74.13031521036449,74.88353729248047,74.09217655471502,74.88353729248047,10140300,0.0052479056769865,-0.0024132830579581,0.0032913432123036,0.0183794470094087,0.0196515260280263,74.83745384216309,74.53144989013671,73.47677909851075,1,1,0.0965414178580346,0.1407998628206195,0,53.57547974278437,33.01873146788899,0.0371687919005207,2.7678389859331025,-0.0053190125563192,0.1380590689452584,0.0135922569744986,1,,
2025-04-10 04:00:00,74.54030455997004,74.73099058420698,74.38774992121604,74.44496154785156,7476400,-0.0058567712008036,-0.0111446315175663,-0.0010589687094402,0.0118958545729679,0.0129072976993369,74.8301830291748,74.54083984375,73.49284965515136,1,1,0.0557948907831047,0.1237988684131165,0,42.6999904134598,33.01956230566678,0.0423135861300226,1.6366966958067657,-0.0111446315175663,0.1435402792177759,0.0610463986995901,1,,
2025-04-11 04:00:00,74.37821849504704,74.37821849504704,73.96823700837243,74.31147766113281,4999200,-0.0017930546801739,-0.0112900968057562,-0.0037390901438213,0.0125488580885313,0.0117333241925607,74.81766281127929,74.54661666870118,73.50834495544433,1,1,0.012586847088329,0.101556464148159,0,40.03617438422996,34.06049893110916,0.0425840983970023,1.73739465065833,-0.012917703264039,0.1407711489264678,0.0257904095961463,1,,
2025-04-14 04:00:00,74.31146730604573,74.65470791097653,74.31146730604573,74.6070327758789,8126600,0.0039772471769954,-0.0005109418623999,0.0006055474407742,0.0177534826096403,0.0151124587499,74.8189697265625,74.55811614990235,73.52564044952392,1,1,0.0021679975398285,0.0816787708264929,0,47.801019391064656,33.61755278391378,0.0449298917341358,2.3784451371872786,-0.0089918329858837,0.1399731066623061,0.0414413054956299,1,,
2025-04-15 04:00:00,74.64515746540663,74.77863908966468,74.6356209853302,74.69282531738281,4483100,0.0011499256613196,0.0026877593419429,0.0015007978646952,0.017875577017629,0.0153766724698238,74.82076683044434,74.57244873046875,73.54308845520019,1,1,0.0008242241669194,0.0655078614945782,0,49.83182115583133,32.6525555233749,0.0450923548693468,2.393509752933525,-0.0078522472640568,0.1405276404068084,0.0533613146261822,1,,
2025-04-16 04:00:00,74.80726734330732,74.88354466211302,74.72146081530501,74.87400817871094,5414800,0.0024257063587866,-0.0001272524524624,0.0029083043591251,0.0165546827626825,0.0182274585125075,74.82259902954101,74.58851104736328,73.56153450012206,1,1,0.0142153510699643,0.0552493594096554,0,53.90998460048306,31.307177340688035,0.0457222440635363,2.256709956707091,-0.0054455881513892,0.1440709491458581,0.0671615265968066,1,,
2025-04-17 04:00:00,74.84539229866786,74.9693374633789,74.84539229866786,74.9693374633789,2774500,0.0012731959592764,0.0070438066542661,0.0017634675942694,0.0168068783397281,0.0187478202378963,74.82919769287109,74.60477569580078,73.58084537506103,1,1,0.0321495917103078,0.0506294058697859,0,55.9394431102155,29.69944121999344,0.0451733148077132,2.288240411012871,-0.0041793254929429,0.1440488494599242,0.0760171501937123,1,,
2025-04-21 04:00:00,74.95027717155318,75.0170179995428,74.83586120605469,74.83586120605469,3531400,-0.0017804113233549,0.0070565619393696,-2.0083426758632505e-05,0.0152564522683156,0.0159030181960504,74.82674674987793,74.61931762695312,73.59884197235107,1,1,0.0351865791865861,0.047540840533146,0,52.4565855595025,28.006734258665823,0.0456355612012212,2.061489236242395,-0.0059522958978663,0.1472984940990417,0.09710966486424,1,,
2025-04-22 04:00:00,74.86446337887814,74.94074068921047,74.81679551557394,74.83586120605469,2215000,0.0,0.0030671160835893,-0.00065458954892,0.0142176164688769,0.0175797793790024,74.82999572753906,74.6357536315918,73.61596057891846,1,1,0.0371649986715851,0.0454656721608338,0,52.4565855595025,26.508458373901288,0.0455777459528271,1.9255848737351315,-0.0059522958978663,0.143563273368491,0.0689630401425998,1,,
2025-04-23 04:00:00,75.03606848309437,75.09328009135137,74.80724387267603,74.8263168334961,5882500,-0.0001275374186222,0.0017872066767599,0.0007414006554242,0.0149970148166309,0.0168043329419955,74.829443359375,74.65105178833008,73.63219974517823,1,1,0.0375301352301278,0.0438785647746926,0,52.18712594558272,24.771922745451143,0.0452562332916354,2.03491722158254,-0.0060790741760349,0.1413546237538336,0.0729999713027067,1,,
2025-04-24 04:00:00,74.87399748394303,75.13143157958984,74.8644610019031,75.13143157958984,3699800,0.0040776395124819,0.0034380876240054,0.0039294192943417,0.0184839920375694,0.0234172727328469,74.84604682922364,74.6732096862793,73.64996448516845,1,1,0.0617281548976507,0.0474484827992842,1,59.3720062714088,23.31797275002322,0.0473119466043745,2.421248292768376,-0.0020262229366125,0.1390051119908702,0.0567619683230697,1,,
2025-04-25 04:00:00,75.23630566704873,75.28397352542298,75.13142619473987,75.26490783691406,4734400,0.0017765701320735,0.0039425501616516,0.0062239254548759,0.0193807036564159,0.0253657698993334,74.86837310791016,74.7003094482422,73.66848896026612,1,1,0.0906309412055037,0.0560849744805281,1,62.05808906752283,22.5756735997177,0.0475480109824945,2.526910651529996,-0.0002532525316892,0.1382531332131015,0.039025169472866,1,,
2025-04-28 04:00:00,75.23630790676819,75.4174574127093,75.23630790676819,75.39839172363281,4400900,0.0017735208951292,0.0075168576737461,0.0077522320438438,0.0188456093871443,0.0284923050024767,74.88882446289062,74.7270491027832,73.6874496459961,1,1,0.1228910303734949,0.0694461856591215,1,64.58012109381826,22.367793011567187,0.0478201686534088,2.4678846466668936,0.0,0.1384455384659523,0.0374441323795848,1,,
2025-04-29 04:00:00,75.39839258174348,75.47466988732583,75.36025392895232,75.45559692382812,2663900,0.0007587058409017,0.0082812665984699,0.0062173123101156,0.0194883898230482,0.0283558789137112,74.91213607788086,74.75209228515625,73.70572612762452,1,1,0.15132893922015,0.0858227363713272,1,65.63437917902887,22.372694153587748,0.047340619537844,2.5497820396140227,0.0,0.1376832794931666,0.0086497481146545,1,,
2025-04-30 04:00:00,75.49374389648438,75.5032803792842,75.39840089110119,75.49374389648438,4122600,0.0005055552432347,0.0089196834914839,0.0067260107481874,0.0205241028568976,0.0296620354790635,74.93358879089355,74.77903442382812,73.72354633331298,1,1,0.1749278691640654,0.1036437629298748,1,66.35357644471978,22.478286550762224,0.0473327219360289,2.6869210330589275,0.0,0.1376982149176893,0.0155308458742327,1,,
2025-05-01 04:00:00,75.56263577283494,75.64874898539414,75.29471826682251,75.35212707519531,4919400,-0.0018758749265799,0.0029374589431545,0.0038291963952397,0.0179605959208619,0.0281231496695117,74.9479606628418,74.80200820922852,73.74088962554931,1,1,0.1801265109356649,0.1189403125310328,1,61.23049727245427,23.07018782639405,0.0478593285025663,2.3327348316542533,-0.0018758749265799,0.1364727395932246,0.0083227681444828,1,,
2025-05-02 04:00:00,75.3617038201381,75.3617038201381,75.16076567415946,75.22774505615234,6176500,-0.0016506769466354,-0.0004937597325203,0.0021721986823906,0.0161509265184938,0.0256420631523544,74.94514923095703,74.82192611694336,73.75728744506836,1,1,0.1722245847540335,0.129597166975633,1,57.06323741915429,22.84828921423584,0.0482800526801233,2.0848842940578023,-0.0035234554097193,0.1342545749417736,-0.0017886533595441,0,,
2025-05-05 04:00:00,75.24686533534606,75.30427413807995,75.15118156405498,75.26600646972656,5961000,0.0005086077423384,-0.0017558100495232,-0.0002386593485906,0.0174354758066246,0.027733470735805,74.95044746398926,74.84052627563477,73.77383041381836,1,1,0.1671231361532079,0.137102360811148,1,58.00994814767617,22.58804837520603,0.0472202802118457,2.2527337264461784,-0.003016639724082,0.1350975617745531,-0.0478040279311139,0,,
2025-05-06 04:00:00,75.32343292236328,75.33300349179612,75.22774912865142,75.32343292236328,5494600,0.0007629799338406,-0.0017515466957112,0.0021739092920716,0.0169100242876949,0.0289108865076972,74.98436050415039,74.85876007080078,73.79107639312744,1,1,0.1658027651104419,0.1428424416710068,1,59.45492783759012,22.461861881443376,0.0469030487907829,2.189418369489142,-0.0022559614258185,0.1363401988109084,-0.0938110105143158,0,,
2025-05-07 04:00:00,75.38082053982228,75.39039110656367,75.28513677301879,75.36168670654297,2894200,0.0005078603390145,-0.0017492468001385,0.0095989407896162,0.0162573487963575,0.0306998670227196,75.02781448364257,74.8749186706543,73.808698387146,1,1,0.1659303800957161,0.1474600293559486,1,60.43173631941561,22.578062311012467,0.0394896941179812,2.1093940099263238,-0.0017492468001385,0.135838196631983,-0.0925392932336122,0,,
2025-05-08 04:00:00,75.39996944317696,75.4765120843853,75.17031961893927,75.18946075439453,4475200,-0.0022853250726603,-0.0021587488915668,0.0093546683982159,0.0145825680819766,0.0263717673308225,75.04311065673828,74.88687515258789,73.82541316986084,1,1,0.1504005964501544,0.1480481427747898,1,54.11102468983383,21.962263726633207,0.0396907847333529,1.873133087256902,-0.0040305742752283,0.1345899526899163,-0.1131483176696793,0,,
2025-05-09 04:00:00,75.21815490722656,75.34254306991815,75.20858434080314,75.21815490722656,2158500,0.0003816246657992,-0.0001274815417984,0.0044685070556849,0.0162684484172066,0.0261074192222228,75.08177032470704,74.89959503173829,73.84217887878418,1,1,0.1388084123788218,0.1462001966955962,0,54.95633109156671,21.390450755423892,0.035647225479198,2.0961725650125143,-0.0036504877759896,0.1348130829619897,-0.0235115737638046,0,,
2025-05-12 04:00:00,75.20860052191136,75.20860052191136,75.09378290094021,75.15119171142578,4019900,-0.0008902531029028,-0.0015254530389753,0.0094866079435109,0.0147145825283183,0.0268999106356131,75.12375602722167,74.90889236450195,73.85856365203857,1,1,0.1228025612348062,0.1415206696034382,0,52.52470460739418,20.155455631713703,0.0284048060820046,1.8943744985167064,-0.0045374910208227,0.1303842201982919,-0.0916541272678174,0,,
2025-05-13 04:00:00,75.21815490722656,75.26600043914044,75.12247114360201,75.21815490722656,4152000,0.0008910463596893,-0.0013976794611211,0.0122010391211473,0.0161383565098702,0.0241442225308126,75.15431213378906,74.91802795410156,73.87514465332032,1,1,0.1142046984794689,0.1360574753786443,0,54.68401578920668,19.313494731383123,0.0272301904868105,2.075430202648888,-0.0036504877759896,0.1296442356973877,-0.0790425688355519,0,,
2025-05-14 04:00:00,75.19901890848871,75.23729387659235,75.07463073730469,75.07463073730469,3915500,-0.0019081054314467,-0.0038090438495103,0.0062674783331815,0.0157585206783035,0.0225814862344269,75.17340240478515,74.92372299194336,73.89031490325928,1,1,0.094717781643439,0.1277895366316033,0,49.48853535134732,18.23437858116136,0.0255566536818209,2.0211544005548614,-0.0055516276918835,0.1292317085880972,-0.0767390131600294,0,,
2025-05-15 04:00:00,75.1703330122599,75.33300349179612,75.1703330122599,75.32343292236328,3833300,0.0033140647195346,0.0017817945045033,0.0084426797661074,0.0170402365129118,0.0267563356187712,75.19587364196778,74.93667434692382,73.90640571594238,1,1,0.0982183170427504,0.1218752927138327,0,57.09803837176843,17.75527230152546,0.0274911238070146,2.1559216131757366,-0.0022559614258185,0.129029751724458,-0.0818194103954604,0,,
2025-05-16 04:00:00,75.39997261564233,75.48608582820152,75.31385210287861,75.35212707519531,3140300,0.0003809458984909,0.001781114787168,0.0063856458083983,0.0154802702407867,0.0295137832029801,75.21501312255859,74.95019958496094,73.92245513916015,1,1,0.1021305969456989,0.1179263535602059,0,57.88602076045826,18.04551438692664,0.0264886644086402,1.972319469544068,-0.0018758749265799,0.1282664553150762,-0.1096993802323141,0,,
2025-05-19 04:00:00,75.21817171279318,75.43824368827875,75.21817171279318,75.42868041992188,2175100,0.001015941390084,0.0036924059642544,0.006127077710502,0.0172906487676964,0.0299008714259925,75.24465408325196,74.96582580566407,73.93810176849365,1,1,0.1101387115835166,0.1163688251648681,0,59.997015733365714,17.683184238988463,0.0263849106686143,2.201396443403957,-0.0008618393154764,0.1282564644626443,-0.1096321494860217,0,,
2025-05-20 04:00:00,75.38083487731814,75.44781425684046,75.35213047183782,75.42868041992188,3215600,0.0,0.0027988656854847,0.0079215927272475,0.016511938678138,0.031087644120501,75.27429504394532,74.9793620300293,73.95306667327881,1,1,0.1151577334611886,0.1161266068241322,0,59.997015733365714,17.3949811053141,0.0253221227070441,2.1044926197566043,-0.0008618393154764,0.1286891605654676,-0.1263375681292532,0,,
2025-05-21 04:00:00,75.31385827576956,75.3617038201381,75.20860391832288,75.22774505615234,5109900,-0.0026639119583015,0.002039494797962,0.0052365783433512,0.0134160119970601,0.0274195244127315,75.29436645507812,74.99115936279297,73.96521862030029,1,1,0.1017486448485698,0.1132510144290197,0,52.05413996970376,16.223163056260912,0.0274167134597929,1.6868732620966345,-0.0035234554097193,0.1305461365841124,-0.0906717747439967,0,,
2025-05-22 04:00:00,75.26599430173333,75.36167805755555,75.22771933936392,75.34253692626953,4684900,0.0015259246443117,0.0002536263041268,0.0068989108995185,0.0135403897297115,0.0280666775143958,75.3049217224121,75.00753250122071,73.97850090026856,1,1,0.0992406061460542,0.1104489327724266,0,55.665181572551866,15.13504629642581,0.0277262650318413,1.7012400939855064,-0.0020029072928503,0.1306937622398471,-0.0754192627794911,0,,
2025-05-23 04:00:00,75.42866676196765,75.44780059542164,75.33298299429057,75.38082122802734,1837500,0.000508136616043,0.0003808008339751,0.0033193783639449,0.0130231872384474,0.0281951681154772,75.31071739196777,75.02334136962891,73.99253108978272,1,1,0.0991986898538641,0.1081988841887141,0,56.83287487125109,14.63341301954893,0.0241751336132505,1.6390757986114708,-0.0014957884273413,0.1316588469845701,-0.0528488837646674,0,,
2025-05-27 04:00:00,75.46693591230344,75.53391527453516,75.41909038205094,75.50521087646484,3043500,0.0016501498180978,0.0010146068593128,0.0031927633535602,0.0127619881885936,0.0304185605340849,75.31605834960938,75.04220794677734,74.00746143341064,1,1,0.1079582010119395,0.1081507475533592,0,60.47537675921638,14.63949156917495,0.0240722947854307,1.609286117602217,0.0,0.1291901677288943,-0.0655534183824801,0,,
2025-05-28 04:00:00,75.438232421875,75.51478235852662,75.39039418662055,75.438232421875,4238800,-0.0008870706248265,0.0001266362065457,0.0005284024941569,0.0113497410982548,0.0301629680008785,75.31519012451172,75.05935470581055,74.02201042175292,1,1,0.1082477623677959,0.1081701505162466,1,57.65430603452205,14.439036551466698,0.0235746215023106,1.430925393157796,-0.0008870706248265,0.1298266680896011,-0.0622545910244035,0,,
2025-05-29 04:00:00,75.51478746804925,75.57220357452476,75.50522420047355,75.55306243896484,3734600,0.0015221726888785,0.0043244335260836,0.0012916936464648,0.0130178782284482,0.0317310539358635,75.31815605163574,75.07727828979492,74.03690181732178,1,1,0.1164012632279281,0.1098163730585829,1,61.01221518487031,14.576685810664824,0.0240177057767622,1.6323111624896172,0.0,0.1295130491162621,-0.0593407595096537,0,,
2025-05-30 04:00:00,75.52436711493486,75.67745971679688,75.52436711493486,75.67745971679688,3145700,0.0016464888889518,0.0044453346567703,0.0024335237707167,0.0132706307691898,0.0298726737474768,75.33442268371581,75.09408020019531,74.05204425811768,1,1,0.1313862531507794,0.1141303490770222,1,64.31364458632652,15.254946163868157,0.0246009693317752,1.66137624217523,0.0,0.1298715466294449,-0.0568392864999942,0,,
2025-06-02 04:00:00,75.63615417480469,75.65536013261992,75.55931568810095,75.63615417480469,6855400,-0.0005458103660821,0.0033872401841439,0.0037693308820059,0.0117009450743703,0.0295728829837791,75.35484313964844,75.11005599975586,74.06596004486084,1,1,0.138334321641949,0.1189711435900076,1,62.423463355939134,15.884759348985536,0.0236567906665228,1.4681095029411813,-0.0005458103660821,0.1290735890308628,-0.0542170589116621,0,,
2025-06-03 04:00:00,75.63614931595644,75.6937745134217,75.58812343292142,75.616943359375,5371100,-0.000253989849686,0.0014797983028345,0.0051736005503308,0.0110585085432728,0.0281315267911843,75.37238998413086,75.124697265625,74.07964069366454,1,1,0.1406690188398727,0.1233107186399806,1,61.517889429120174,16.6731635791471,0.022773034184744,1.3883969084397056,-0.0007996615854752,0.128309124709367,-0.0442848985592122,0,,
2025-06-04 04:00:00,75.75140619899513,75.79942475377698,75.69377367444771,75.78982543945312,3336400,0.002286287601662,0.0046606741209405,0.0069595690577426,0.0149172729840829,0.0286477589669538,75.39570960998535,75.14507614135742,74.09502029418945,1,1,0.1546862948975871,0.1295858338915019,1,66.26132432384307,17.927519444097623,0.0238382884580075,1.859093208172408,0.0,0.1286369947598994,-0.0478214923333327,0,,
2025-06-05 04:00:00,75.76100844425639,75.78982837150548,75.63615140372826,75.65535736083984,3090900,-0.001774223358262,0.0013539480541591,0.0044066557457449,0.0131165830516508,0.0267832624878385,75.4103931427002,75.16143600463867,74.10931030273437,1,1,0.1531788861657048,0.1343044443463425,1,60.06014434594446,18.56007883903938,0.0248579546997996,1.6257006880361795,-0.001774223358262,0.1290323609024685,-0.0536000238533848,0,,
2025-06-06 04:00:00,75.54971445070765,75.56892040803419,75.47287596595906,75.48247528076172,2312200,-0.0022851267393207,-0.002576519306605,0.0016027849096464,0.0111873452859616,0.0245679523872299,75.42504386901855,75.17509826660157,74.12255031585693,1,1,0.1364610765129441,0.1347357707796628,1,53.17044903993172,17.835755894065056,0.0262793248033791,1.3751747338772256,-0.0040552957723453,0.1274289403820998,-0.0619064185066133,0,,
2025-06-09 04:00:00,75.5016857155605,75.59773015400988,75.5016857155605,75.55931091308594,11543100,0.0010179267709282,-0.0010159593987441,0.0049189095782919,0.0108016256991183,0.0240427546233203,75.44210166931153,75.1899168395996,74.13561813354492,1,1,0.1279373037053091,0.1333760773647921,0,55.60779796586521,17.338391389617005,0.0249969720693148,1.3305075676287967,-0.0030414969955477,0.1274437908040538,-0.0530958050213943,0,,
2025-06-10 04:00:00,75.6745633910732,75.6745633910732,75.56891231778498,75.59772491455078,3403500,0.0005083953387166,-0.0002541552722236,0.005046255226446,0.0128600452870182,0.0252165902088623,75.46442832946778,75.20208404541016,74.14836814880371,1,1,0.1228655239448812,0.1312739666808099,0,56.81787572322329,17.33133232355356,0.0250102038300696,1.5878250308423596,-0.0025346479397265,0.1267897144165087,-0.0595147619889625,0,,
2025-06-11 04:00:00,75.71298580290541,75.7417984008789,75.67456656303382,75.7417984008789,2885900,0.0019057912984943,-0.0006336871512203,0.007858913158969,0.016342659506138,0.0250791347711409,75.4906105041504,75.21713272094726,74.16230220794678,1,1,0.1289847720568246,0.1308161277560129,0,61.10067619673329,17.697639928534716,0.0252907682592831,2.011228357664584,-0.0006336871512203,0.1273946809039221,-0.0229286894520148,0,,
2025-06-12 04:00:00,75.8186376580787,75.84745025634766,75.79942437408552,75.84745025634766,2735200,0.0013948949945652,0.0025390521201509,0.0083662694185633,0.016853010879938,0.0272935312443036,75.52925148010254,75.23278793334961,74.17565155029297,1,1,0.1407372110758729,0.1328003444199849,1,63.92616686680447,18.571947307567672,0.0254800632984394,2.069560987016031,0.0,0.1270674015678145,-0.0198761951560113,0,,
2025-06-13 04:00:00,75.78982675320688,75.78982675320688,75.68417567204624,75.72258758544922,2756700,-0.0016462342567407,0.0031810337935314,0.0086308362995723,0.0155670100455593,0.0256023654414412,75.54920921325683,75.24594589233398,74.18851566314697,1,1,0.1383805646393483,0.1339163884638576,1,58.51650203528655,18.439274105833537,0.025195990208776,1.9025545592493476,-0.0016462342567407,0.1282925245732049,-0.0072674425274816,0,,
2025-06-16 04:00:00,75.74181242370616,75.8186509176752,75.7322057800295,75.75141906738281,1736200,0.0003807514092286,0.002542481554892,0.0056819787470476,0.0156946977571506,0.0259928649873912,75.56917381286621,75.25529479980469,74.20124584197998,1,1,0.1372571500112229,0.1345845407733307,1,59.371454555478365,18.47478984525628,0.0228792635305398,1.9178474633354707,-0.0012661096535253,0.1271318020428997,-0.0147093957493728,0,,
2025-06-17 04:00:00,75.73219291490571,75.79942475377698,75.73219291490571,75.78982543945312,2630900,0.0005070053147935,0.0025410887049772,0.0058087061539884,0.0151753214243997,0.0276905442228949,75.58723106384278,75.2678904724121,74.21421432495117,1,1,0.1378765539861461,0.1352429434158938,1,60.53816974986977,18.50765980479912,0.0228910723809481,1.85721143498562,-0.0007597462630553,0.1282925487158972,0.0002034312147856,1,,
2025-06-18 04:00:00,75.81864929199219,75.91469374353308,75.78023004583144,75.81864929199219,5093200,0.0003803129558872,0.0010146430733863,0.0051700343940699,0.0131122348541652,0.0292622501727053,75.60672950744629,75.29136001586915,74.22741966247558,1,1,0.1390899378842789,0.1360123423095708,1,61.43328640497124,19.17575630988564,0.0227378663136564,1.6230155471588616,-0.000379722248515,0.1283606757435119,0.0008125226381698,1,,
2025-06-20 04:00:00,75.76101113711204,75.9338940681458,75.76101113711204,75.91468811035156,1903700,0.0012666912330436,0.0008864879936854,0.0064432744643552,0.0143955352401443,0.0305660076415019,75.64107666015624,75.31980163574218,74.2411051940918,1,1,0.1461167405467165,0.138033221957,1,64.33604785174475,19.619066212883784,0.0229868250919858,1.775662500104588,0.0,0.1288258211727029,0.0010619434195917,1,,
2025-06-23 04:00:00,75.97232655506264,76.08758430508418,75.93390730505546,76.03955841064453,3210600,0.001644876681986,0.0041859481470787,0.010791408859673,0.0154193789682262,0.0326565696241392,75.675927734375,75.34292205810547,74.25493591308594,1,1,0.1599180857837154,0.1424101947223431,1,67.73629144604787,20.793286928748884,0.0207028656764709,1.893353478792092,0.0,0.1277756225413852,-0.021222489728312,0,,
2025-06-24 04:00:00,76.05875320679701,76.18361024317095,76.03953992260355,76.17400360107422,3581300,0.00176809536036,0.0055785692056211,0.011035819985971,0.0187656199475754,0.0387257862400769,75.71558685302735,75.37750289916993,74.2687410736084,1,1,0.1796336496842201,0.1498548857147185,1,70.94794185111601,22.2847176922105,0.0208686294341881,2.3012841320353035,0.0,0.1266029329671418,-0.0313008762055366,0,,
2025-06-25 04:00:00,76.11638364181518,76.1644095278828,76.08757104126316,76.13558959960938,2913900,-0.0005042927987088,0.0045621448281665,0.0100127374481482,0.0173472892420218,0.0379357866391527,75.74710578918457,75.41398513793945,74.28188884735107,1,1,0.1899688446496981,0.1578776775017144,1,68.83941040308949,23.669617686853424,0.0211705994247035,2.128963533066918,-0.0005042927987088,0.1264682197025343,-0.0394248271264606,0,,
2025-06-26 04:00:00,76.22202263518754,76.27964782714844,76.18360339797353,76.27964782714844,3849200,0.0018921272994227,0.0060802789216258,0.0102567351536924,0.019790083783298,0.0388345499673328,75.78917655944824,75.44743743896484,74.29524520874024,1,1,0.207393156923203,0.1677807733860121,1,72.17867815526942,25.409344138356385,0.0213555715026158,2.4149397671594057,0.0,0.1257238650816588,-0.0268310097290801,0,,
2025-06-27 04:00:00,76.20281974296847,76.3180774703259,76.20281974296847,76.26045227050781,2730900,-0.0002516471586775,0.0045546411210124,0.010899245942491,0.0192742740981961,0.0392385024816477,75.8245460510254,75.47878997802735,74.30841259002686,1,1,0.2171499593778492,0.1776546105843795,1,71.08554218796978,27.164546220864736,0.0209500482199139,2.351625284589899,-0.0002516471586775,0.1250708336949468,-0.0366321840083895,0,,
2025-06-30 04:00:00,76.30846520740855,76.36609773070305,76.28925925145751,76.35649108886719,3938000,0.0012593528559037,0.0041679973535759,0.0106339653743539,0.0182309381029983,0.0394778783479732,75.8584976196289,75.50843963623046,74.32150184631348,1,1,0.2299807506929028,0.1881198386060842,1,73.26698569884775,28.966621713931417,0.02081050682964,2.2390511697813307,0.0,0.1246324486464197,-0.0376842372498015,0,,
2025-07-01 04:00:00,76.35649471112687,76.35649471112687,76.25045682298635,76.28901672363281,5487100,-0.0008836755627736,0.0015098736724004,0.0080810985083872,0.0173311523057366,0.0378929080659142,75.89114074707031,75.53483322143555,74.33453289031982,1,1,0.2320299312692668,0.1969018571387207,1,69.31054280790325,30.201689885052968,0.0209067988803907,2.125114867224204,-0.0008836755627736,0.12456263234389,-0.040878194056644,0,,
2025-07-02 04:00:00,76.34684874761524,76.35649056089005,76.26973630506268,76.30829620361328,5534600,0.0002527163254746,0.0022684083082846,0.0088865177789869,0.0165671312758293,0.0386887608218802,75.92570838928222,75.56428192138672,74.34756736755371,1,1,0.2325291631008355,0.2040273183311437,1,69.81215704030166,31.348538901094408,0.0206405465026147,2.034960323264738,-0.0006311825565401,0.1240318407238605,-0.0390610375434495,0,,
2025-07-03 04:00:00,76.29865947871187,76.29865947871187,76.22153967646753,76.25045776367188,3349900,-0.0007579574282077,-0.0003826717126789,0.0083779425106627,0.0157966166674068,0.036038632279316,75.94874000549316,75.59257385253906,74.3597543334961,1,1,0.2256565015136971,0.2083531549676544,1,66.31053617950317,31.840738410843784,0.0209205033399781,1.9382636422407404,-0.0013886615752406,0.1229686663489968,-0.041621812731299,0,,
2025-07-07 04:00:00,76.2600938239717,76.27937009580388,76.16369775571367,76.17333221435547,3774200,-0.0010114765416286,-0.0011424015142648,0.005060135350341,0.0118133844013668,0.0349907035065444,75.97463874816894,75.61951416015626,74.37132305145263,1,1,0.2115478880567849,0.2089921015854805,1,61.85519824686786,31.64443294619808,0.0202796187092472,1.4723537424145867,-0.0023987335182616,0.1237665849505488,-0.0378616572817265,0,,
2025-07-08 04:00:00,76.19262294802596,76.20226476211573,76.11550314440632,76.1251449584961,3322100,-0.0006326000774624,-0.0030298161567147,0.006209574761713,0.012840641465655,0.0340709826388312,76.00677223205567,75.63938842773437,74.38265083312989,1,1,0.194239331313355,0.2060415475310554,0,59.179789544571165,30.9453692716604,0.0192073496492813,1.6065645818907397,-0.0030298161567147,0.1237560856806684,-0.0408911003789833,0,,
2025-07-09 04:00:00,76.18297563220862,76.26973724365234,76.17333381881517,76.26973724365234,6332700,0.0018994024278715,-0.0002527163254746,0.0104297316690047,0.021763833860799,0.0365666435646314,76.04229354858398,75.65948501586914,74.39493419647216,1,1,0.1899993699306748,0.2028331120109793,0,64.18554762286452,30.73112538135862,0.0175190213524474,2.99698519629676,-0.0011361685690071,0.1232520517377101,-0.0327781792100377,0,,
2025-07-10 04:00:00,76.24081180347194,76.298655329284,76.22153553123376,76.26973724365234,7312800,0.0,-0.0005053049521385,0.009402234112267,0.0238564630201369,0.0365666435646314,76.07589416503906,75.67691192626953,74.40693836212158,1,1,0.1845122278795088,0.1991689351846852,0,64.18554762286452,30.710846167010597,0.0174908738733268,3.326188027111865,-0.0011361685690071,0.1229054203248782,-0.0356107618154065,0,,
2025-07-11 04:00:00,76.21188970736117,76.23117333313334,76.17332981036517,76.20225524902344,1628200,-0.0008847807409291,-0.0006321603313889,0.0079966736453507,0.017610251922159,0.0363133656235934,76.09891700744629,75.69184509277343,74.41809337615967,1,1,0.1727273024515909,0.1938806086380664,0,60.190389891209904,30.14541921166185,0.0180843103939529,2.6185457271683115,-0.0020199440498679,0.1232298812421081,-0.0280766716037106,0,,
2025-07-14 04:00:00,76.20225524902344,76.25044960435717,76.17332981036517,76.20225524902344,2045200,0.0,0.0003797002681538,0.0060792964765303,0.0236052738108047,0.035781933288181,76.11665725708008,75.70601531982422,74.42952751159667,1,1,0.1615256964616236,0.1874096262027778,0,60.190389891209904,29.756258863966696,0.0172437735820034,3.943310158850288,-0.0020199440498679,0.1229951919974662,-0.0345343218040156,0,,
2025-07-15 04:00:00,76.26974100752075,76.26974100752075,76.10585958993931,76.1155014038086,2574800,-0.001138468211096,-0.0001266802801197,0.0035340825110796,0.0242765155458528,0.0371300161828529,76.13630294799805,75.72128280639649,74.44006267547607,1,1,0.1439882260937963,0.1787253461809815,0,55.07885023795834,28.637949142844278,0.017429158829756,4.089318864829664,-0.003156112618875,0.1233823994853676,-0.0290003733214007,0,,
2025-07-16 04:00:00,76.17332859955653,76.26973201778831,76.1540523286391,76.24080657958984,3928200,0.0016462504150958,-0.0003793203583497,0.0068436514211276,0.0218983887030976,0.0400406439757576,76.1607723236084,75.74154403686524,74.45187564849853,1,1,0.138603005769994,0.170700878098784,0,60.32036919172928,27.599518687516312,0.0168310639348981,3.8582532121681448,-0.0015150579554881,0.1231737245099199,-0.0398994413767591,0,,
2025-07-17 04:00:00,76.26973724365234,76.28901351589055,76.23117734462721,76.26973724365234,3344200,0.0003794642968828,0.0,0.0068423559934696,0.0211119598109852,0.0393649252922088,76.18476791381836,75.76161865234376,74.46406593322754,1,1,0.1351121538657906,0.1635831332521854,0,61.439104847128256,26.803349818723586,0.0168310111585286,3.7312635255160473,-0.0011361685690071,0.122470992114285,-0.0366612433216505,0,,
2025-07-18 04:00:00,76.40469628503658,76.40469628503658,76.33721829766665,76.37577819824219,3853600,0.0013903411552484,0.0022771366628413,0.0077312852403541,0.0200572943276495,0.0369440192350041,76.21262435913086,75.78266555786132,74.47599555969238,1,1,0.1392965237786114,0.1587258113574706,0,65.30080993609626,26.9614948935018,0.017224720387974,3.59470500746232,0.0,0.122731146430271,-0.043349378754193,0,,
2025-07-21 04:00:00,76.45289022972824,76.48180831636562,76.42397214309086,76.46253204345703,2139600,0.0011358816533386,0.0034156048739375,0.0084924059908417,0.0199174039760925,0.0370590317012902,76.24001655578613,75.80468246459961,74.48882419586181,1,1,0.1479079861630197,0.1565622463185804,0,68.1141949625801,27.60236511048631,0.0174295172997116,3.5735399219609296,0.0,0.1226380113363317,-0.0445826914982525,0,,
2025-07-22 04:00:00,76.46252521891815,76.52036138703083,76.46252521891815,76.51072692871094,2532900,0.0006303072101576,0.0051924446086952,0.0078514294558249,0.0223805231297418,0.0379784227809263,76.26357498168946,75.83110778808594,74.50137565612793,1,1,0.1568139035367295,0.1566125777622102,1,69.58933306032404,28.42556585072304,0.0171698152007928,4.083743573094133,0.0,0.1226977503143663,-0.0475686535707875,0,,
2025-07-23 04:00:00,76.49144517831972,76.50108699142434,76.42396719568445,76.43360900878906,1916500,-0.001007936050506,0.0025288613519316,0.005182178939237,0.021350028943144,0.0358711919351339,76.2765552520752,75.85541687011718,74.51358821868897,1,1,0.1558525642370369,0.1564605750571756,0,64.45120006756162,28.68361846691451,0.0171530866578165,3.869945783925673,-0.001007936050506,0.1215400716707845,-0.0488007864612914,0,,
2025-07-24 04:00:00,76.37577377693076,76.4143263207255,76.3372138785874,76.39505004882812,2146100,-0.0005044765053093,0.0016430213306681,0.0029018620172773,0.0209649930895674,0.0362764202181931,76.28952827453614,75.88029403686524,74.52644809722901,1,1,0.150247352147943,0.1552179304753291,0,61.98677075026246,27.886818061654623,0.0164035354740873,3.7932380700827015,-0.0015119040757591,0.1214385550201651,-0.0407919297439745,0,,
2025-07-25 04:00:00,76.42397214309086,76.46253204345703,76.40469587018227,76.46253204345703,2087500,0.0008833294118633,0.0011358816533386,0.0042942130686451,0.0177169586134811,0.0365284307729922,76.29867248535156,75.90518157958985,74.54104579925537,1,1,0.1495267627363148,0.1540796969275262,0,64.5420933376834,27.51041011217627,0.0164226866497829,3.4177026354625264,-0.0006299101732337,0.1210345447749088,-0.0429647459291041,0,,
2025-07-28 04:00:00,76.44326434251057,76.47218243239068,76.41433889808064,76.42398071289062,1433300,-0.0005041859004158,-0.0005041859004158,0.0018921545897701,0.0153999109184863,0.0350790756847487,76.30684890747071,75.93216857910156,74.55596408843994,1,1,0.1441828698730631,0.1521003315166336,0,61.978845522695,27.233450688221744,0.0153852621876422,2.999835312199365,-0.0011337784818217,0.1210039049650111,-0.0375422765883161,0,,
2025-07-29 04:00:00,76.52036138703083,76.53964501276728,76.4336071348618,76.51072692871094,5621400,0.0011350653945414,0.0,0.0032818407280796,0.0147527709762735,0.0338764053226148,76.31456069946289,75.95591445922851,74.57103610992432,1,1,0.1452728756453893,0.1507348403423848,0,65.31667484825245,27.46689176483447,0.0157425113228365,2.8968899756786786,0.0,0.1214616136587175,-0.0288574076753362,0,,
2025-07-30 04:00:00,76.49144838825762,76.58784445970346,76.42397040279066,76.45288848876953,2780700,-0.0007559520378795,0.0002522382526546,0.0012624650311674,0.0132169329459836,0.0329628995105482,76.32275428771973,75.9779296875,74.58605220794678,1,1,0.13985744478056,0.1485593612300199,0,61.44351354845796,28.004961889672646,0.0155098389268806,2.5898481037656444,-0.0007559520378795,0.1215228319752042,-0.0249502974946553,0,,
2025-07-31 04:00:00,76.4625406175807,76.51074233708077,76.42398071289062,76.42398071289062,8830600,-0.0003781122786897,0.0003786981492126,0.0017691142847828,0.0123220384682705,0.0330990401100976,76.32853851318359,75.99783569335938,74.60069049835205,1,1,0.1317147354028947,0.1451904360645948,0,59.54306763614857,28.504598434165235,0.0152181733217097,2.4133501677830784,-0.0011337784818217,0.1219342858278046,-0.0211006018950296,0,,
2025-08-01 04:00:00,76.72103163034632,76.8758438455678,76.6920048013801,76.84681701660156,8211000,0.0055327699469025,0.0050257945018892,0.0070571725458441,0.0198360683290954,0.0381529318578748,76.35835647583008,76.02619842529298,74.61711612701416,1,1,0.157564628518088,0.1476652745552935,1,72.79687267806082,30.65154078759928,0.0242591871387465,3.4894230871296883,0.0,0.1246520127299557,0.0050001032192688,1,,
2025-08-04 04:00:00,76.88551632500001,76.91454315185547,76.83714074097564,76.91454315185547,16595600,0.0008813134737808,0.0064189595253849,0.0087092642806398,0.0224225529350114,0.0389356244583156,76.39541702270508,76.05993438720704,74.63402046203613,1,1,0.1814244401412281,0.1544171076724804,1,74.25186948326397,32.76273765516916,0.0239908731164755,3.995980841206535,0.0,0.1228939178637719,-0.0006078661129237,0,,
2025-08-05 04:00:00,76.8758316040039,76.92421456604636,76.8371340930142,76.8758316040039,17712000,-0.000503305958343,0.0047719410068232,0.0092223796600046,0.0213884754856077,0.0391968695391022,76.43295135498047,76.09060028076172,74.65045116424561,1,1,0.1949624090755435,0.162526167953093,1,71.88512610432784,34.75320787328206,0.0236728753983056,3.8033723156927937,-0.000503305958343,0.1234579804166269,-0.0024934398411752,0,,
2025-08-06 04:00:00,76.88551995514617,76.93390292365912,76.82746629869425,76.92422485351562,15528100,0.0006294988750299,0.0061650563381308,0.0104969244453352,0.0212522434127808,0.038521643652754,76.46567573547364,76.12146835327148,74.66675041198731,1,1,0.2072077162179226,0.171462477606059,1,73.04193450607693,36.63323928719032,0.0233550825355655,3.780939920271946,0.0,0.1225966579859591,-0.0093686519602848,0,,
2025-08-07 04:00:00,76.94358222740564,76.95326029863284,76.86617980420407,76.88552856445312,20613000,-0.000503044250835,0.006039306605821,0.0080738618363607,0.0202203788755945,0.0368064574241271,76.49646530151367,76.14907470703125,74.68346309661865,1,1,0.2113533928718425,0.1794406606592157,1,70.54248000826328,38.44490108133672,0.0230195980039969,3.590149601821165,-0.000503044250835,0.1226377107413146,-0.0049844281513694,0,,
2025-08-08 04:00:00,76.89520096836013,76.89520096836013,76.80811309814453,76.80811309814453,4646900,-0.0010068925551275,-0.000503650248112,0.0070588397698589,0.0215276493209242,0.0364241458147682,76.52675819396973,76.17647232055664,74.69955520629883,1,1,0.2060172517086016,0.1847559788690929,1,65.69882015385103,39.30399819522925,0.023490664807554,3.899449009531285,-0.0015094302944514,0.1215662938022471,-0.0108955855575064,0,,
2025-08-11 04:00:00,76.85649108886719,76.88551791632342,76.81778619152409,76.85649108886719,3854800,0.0006298552167378,-0.000754760551248,0.0085855180756233,0.021781126958795,0.0384039205163995,76.55946998596191,76.20254089355468,74.7167760848999,1,1,0.203347952316875,0.1884743735586493,1,67.21383973881234,40.10173122955803,0.0230812280934109,3.943397335252672,-0.0008805258002588,0.1218838931977554,-0.0109225784427091,0,,
2025-08-12 04:00:00,76.88551534777591,76.9532470703125,76.85648852128938,76.9532470703125,6345500,0.0012589174977222,0.0010070195624987,0.0098552440322778,0.0239790656388585,0.0390464901074718,76.6013572692871,76.228056640625,74.73452739715576,1,1,0.2066576911729356,0.1921110370815066,1,70.06189358108031,41.15304093461612,0.0232123305328709,4.349496268860264,0.0,0.1207517975066057,-0.0182396925800698,0,,
2025-08-13 04:00:00,77.07903628330013,77.09838503933331,77.04033138903004,77.08870697021484,5522900,0.0017602882926899,0.0021382356079953,0.0127859049530947,0.0248683587798106,0.0414080497294848,76.64375228881836,76.2571076965332,74.75342277526856,1,1,0.2177016359535315,0.1972291568559115,1,73.52884771064822,42.67289880818779,0.0228535836818871,4.477531743195261,0.0,0.1205517008192222,-0.0229424835142797,0,,
2025-08-14 04:00:00,77.05000827550687,77.05000827550687,76.95324972314816,77.00163269042969,4467900,-0.0011295335362,0.0015100907562757,0.0099792505480067,0.0256678179326357,0.0418308254505976,76.68034706115722,76.2848014831543,74.77155601501465,1,1,0.2169272725258082,0.2011687799898909,1,68.07183401771924,42.94527310165127,0.0232807214871393,4.678041502875275,-0.0011295335362,0.1204043286948778,-0.02248365733894,0,,
2025-08-15 04:00:00,77.03065951791687,77.08871317289122,76.98227655063535,77.00163269042969,3240400,0.0,0.0025195201975327,0.0095961448567629,0.0222799161291034,0.0396998076823429,76.71163978576661,76.30903762817383,74.78996940612792,1,1,0.2138484718627751,0.2037047183644678,1,68.07183401771924,43.36973546336285,0.023337174707116,4.22513136390459,-0.0011295335362,0.1206868916902386,-0.0145675346728764,0,,
2025-08-18 04:00:00,77.01130035790065,77.04033456645351,76.96292477472066,76.97260284423828,2781200,-0.0003770029956132,0.0015107605581008,0.0078143183621248,0.0215053752553775,0.0373185545167469,76.73714332580566,76.3353825378418,74.80837764739991,1,1,0.2066835152726014,0.2043004777460945,1,66.1729349076208,43.51295835065153,0.0232484192944453,4.070367585348925,-0.0015061106942865,0.1206676534453819,-0.0168131158626585,0,,
2025-08-19 04:00:00,76.99196563173263,77.05001929500968,76.99196563173263,77.01131439208984,3885700,0.0005029263195099,0.000754579228142,0.0071771406722564,0.0209818594645594,0.0386352981947508,76.76217269897461,76.36595932006836,74.82669933319092,1,1,0.2018026782824478,0.2038009178533651,0,67.47586374476595,43.69494399943664,0.0230891392925884,3.980522872776462,-0.0010039418374847,0.1213868799965828,-0.0102018234486671,0,,
2025-08-20 04:00:00,77.05000729645667,77.07904150577926,77.00163171199418,77.04033660888672,3712500,0.000376856531095,-0.0006274636484279,0.0069220317390168,0.0213666231464282,0.0382313661957189,76.79250907897949,76.39557983398437,74.8457262802124,1,1,0.1979940776696054,0.2026395498166132,0,68.45679138935819,44.01397591090272,0.0230658906068128,4.054624638917716,-0.0006274636484279,0.1217561416861036,-0.0076742126554907,0,,
2025-08-21 04:00:00,76.98227850996754,77.00163465025454,76.89519802528967,76.92422485351562,4889400,-0.0015071553485099,-0.0010052752676721,0.0064188496538237,0.0225512514843688,0.036269811341892,76.81896781921387,76.42210983276367,74.86431262969971,1,1,0.1834913123431221,0.198809902321915,0,60.58414928892067,42.89946287791015,0.0234915273411577,4.392205565825431,-0.0021336733117441,0.1220623286364424,0.0042969940570098,1,,
2025-08-22 04:00:00,76.97261233025661,77.21451242258023,76.96293425954627,77.18547821044922,3949400,0.0033962429576779,0.0023875535309576,0.0103465887006539,0.0244608339374501,0.0383324328917884,76.85511512756348,76.45098342895508,74.8846549987793,1,1,0.1908784014598694,0.1972236021495059,0,69.1740912484331,43.0052741548999,0.0255889338736868,4.586980028298832,0.0,0.120624477230799,-0.0067036188731893,0,,
2025-08-25 04:00:00,77.14678290467616,77.14678290467616,77.10807800292969,77.10807800292969,6594100,-0.0010027819910436,0.0017600438816594,0.0084426442889147,0.0229137431347077,0.0362353403403321,76.88931999206542,76.47619598388673,74.90390773773193,1,1,0.1883163789263164,0.195442157504868,0,64.67697655610519,43.103527483533234,0.0260549368562852,4.264678377267278,-0.0010027819910436,0.1210362050311309,1.3717209621288973e-05,1,,
2025-08-26 04:00:00,77.15643576403195,77.21449679433742,77.11773087122947,77.20481872558594,10210200,0.0012546120349747,0.0025126740794332,0.0102171858284738,0.0225098086528339,0.0355590667535825,76.92402458190918,76.50584060668945,74.92340999603272,1,1,0.1918802493592011,0.1947297758757346,0,67.51926551615101,43.49684530801797,0.0259967233242147,4.20676347179688,0.0,0.1206827554268534,-0.0026540427620952,0,,
2025-08-27 04:00:00,77.21451408791927,77.27256774902344,77.17580918644812,77.27256774902344,9710900,0.0008775232499191,0.0030144097281881,0.0099573073070178,0.0243157251735464,0.0359414434571374,76.96500854492187,76.53626358032227,74.94385990142823,1,1,0.1978902665325677,0.1953618740071012,1,69.37761651369838,44.10293223607512,0.025930860968697,4.566562728202255,0.0,0.1205140644540772,-0.0078012235808315,0,,
2025-08-28 04:00:00,77.25320859116843,77.28224280279211,77.22418176174958,77.24353790283203,2879800,-0.0003756811380423,0.0041510076952282,0.01034165522966,0.0223746782631455,0.0356838273286241,77.00598640441895,76.56533782958985,74.96285316467285,1,1,0.1980280385074735,0.1958951069071757,1,67.59305966191857,44.70563810086704,0.0257364751217944,4.221814947311447,-0.0003756811380423,0.1200436714090355,-0.0121718737304487,0,,
2025-08-29 04:00:00,77.26287805296876,77.28223419189453,77.23385122678411,77.28223419189453,2036800,0.0005009647423346,0.0012535516225151,0.0112301593164609,0.0212054485061088,0.0347574889527182,77.02775726318359,76.59460952758789,74.98218048095703,1,1,0.1989661331878522,0.196509312163311,1,68.74707338157057,45.265293546745255,0.0255417229175579,4.0350195707216185,0.0,0.1208243671114065,-0.0091025974266626,0,,
2025-09-02 04:00:00,77.16570463125521,77.23368318445581,77.12685868526822,77.21426391601562,5244400,-0.0008795071285094,0.0013771049134683,0.0047815500196277,0.0208644894551848,0.032809568774675,77.0427433013916,76.62060104370117,75.0014489364624,1,1,0.1920115570617895,0.1956097611430067,0,64.4084665161133,44.37005188673759,0.0183821484458358,3.958164154597172,-0.0008795071285094,0.1216193364476206,-0.0243291401070682,0,,
2025-09-03 04:00:00,77.27251616284175,77.34049470463444,77.23367022337375,77.32107543945312,3180600,0.0013833133675102,0.0015058219912464,0.0052855061076684,0.0225363788110175,0.0338441060919063,77.06500549316407,76.64623138427734,75.02209453582763,1,1,0.1928952265584627,0.1950668542260979,0,67.8429115119277,44.127393112721286,0.0186867454636485,4.256735501975965,0.0,0.1211310853064739,-0.0143443433811918,0,,
2025-09-04 04:00:00,77.40848588447085,77.46675109863281,77.35022067030889,77.46675109863281,3594800,0.001884035605451,0.0025129661827736,0.0076866745022388,0.0221259997559877,0.0373733323184763,77.09213180541992,76.67208633422851,75.04323440551758,1,1,0.203010174314528,0.196655518243784,1,71.83478284870205,44.470882366712914,0.0192915578587593,4.20724180312246,0.0,0.1203534748187181,-0.0251462528986158,0,,
2025-09-05 04:00:00,77.6609678378001,77.69010044000825,77.56385669407116,77.57356262207031,2388000,0.0013788047378093,0.0042725220542516,0.0084412650214051,0.0253545198667366,0.0388036675839542,77.12653350830078,76.70084579467773,75.06532981872559,1,1,0.2171420620407786,0.2007528270031829,1,74.34909032347474,45.53560952710167,0.0195930735934897,4.894826628618068,0.0,0.1208694747064912,-0.0140883390121916,0,,
2025-09-08 04:00:00,77.67069421100088,77.68040014062906,77.58328898060117,77.59300231933594,4638700,0.0002505969380359,0.0040212104462424,0.0092016504027767,0.027960490573792,0.0394606395221674,77.16577796936035,76.72711288452149,75.08719440460204,1,1,0.2272902455165422,0.2060603107058548,1,74.7901841975944,46.52428474746266,0.0193270087877987,5.589684040894497,0.0,0.1206034966828159,-0.0165871822476332,0,,
2025-09-09 04:00:00,77.6221331129944,77.65126571941151,77.5347278846367,77.54444122314453,6911100,-0.0006258437583269,0.0042761180432677,0.009586593073301,0.0262724776876543,0.0373578888569432,77.20017547607422,76.75279266357421,75.10848834991455,1,1,0.2287770796487507,0.210603664494434,1,71.48331798179522,46.884179150552285,0.019010814091082,5.2366534343243325,-0.0006258437583269,0.1202500092519073,-0.0108277097966075,0,,
2025-09-10 04:00:00,77.59300343897259,77.6706953317586,77.57357676122274,77.58329010009766,9387200,0.0005009885472169,0.0033912443554908,0.0094565729053397,0.026264880163936,0.0394626929993204,77.23167762756347,76.77732864379882,75.12983615875244,1,1,0.2304338876899265,0.2145697091335325,1,72.52974601960437,47.28994713620345,0.0190011282826078,5.23519779195625,-0.0001251687516653,0.1199634562584961,-0.0157562815633348,0,,
2025-09-11 04:00:00,77.63183459942412,77.70951906830747,77.61240792537433,77.64154052734375,8368600,0.0007508115107124,0.0022563154673724,0.0089443068776857,0.0250818196368942,0.0418343827811524,77.25931930541992,76.80437911987305,75.15166259765626,1,1,0.2337526871869499,0.218406304744216,1,74.0664081074762,47.81114763065265,0.0188087816734254,5.058520099516959,0.0,0.1190640722419448,-0.0139768127639553,0,,
2025-09-12 04:00:00,77.65126395341079,77.67069062998465,77.57357206532784,77.62213134765625,3634700,-0.0002499844742347,0.0006260989433031,0.006919617650968,0.0233980323044553,0.0406453704773897,77.29034423828125,76.83065582275391,75.17362617492675,1,1,0.2321407273057047,0.2211531892565138,1,72.6089416871009,47.81037674781243,0.0182923336858296,4.73911240487791,-0.0002499844742347,0.1190741629699456,-0.012256466223503,0,,
2025-09-15 04:00:00,77.67068124054067,77.7192331078935,77.67068124054067,77.69981384277344,2895700,0.0010007776618405,0.0013765612908998,0.0090670954361533,0.0261114460080094,0.0420849331958794,77.32525329589843,76.85964294433593,75.19597816467285,1,1,0.2344292115983393,0.2238083937248789,1,74.75050373152095,48.0177004965649,0.0176285411987099,5.389196464591271,0.0,0.1185621106960771,-0.015300263859028,0,,
2025-09-16 04:00:00,77.74837739792214,77.76780407506793,77.69011218469768,77.72895812988281,3554300,0.0003750882488386,0.0023794988245167,0.0094455846459411,0.0261056371860297,0.0422100550285731,77.36307106018066,76.89075546264648,75.217211227417,1,1,0.2358755260517426,0.2262218201902517,1,75.52368760929339,48.40987699278844,0.0175608820375039,5.3880039548662335,0.0,0.1187701148492668,-0.0158822289158918,0,,
2025-09-17 04:00:00,77.7289522604802,77.82606341155682,77.61241443372474,77.65126037597656,6970300,-0.0009995985508569,0.0008760942696708,0.0088168712848597,0.0245604858664107,0.0401085205581728,77.395068359375,76.9212777709961,75.2381494140625,1,1,0.2281225267956301,0.2266019615113274,1,69.42048967082907,47.79809765963135,0.0180550701067566,5.020020881472653,-0.0009995985508569,0.1187989813961271,-0.0154861058112864,0,,
2025-09-18 04:00:00,77.63184468594318,77.65126395341079,77.55415279786023,77.62213134765625,9558300,-0.0003751262784309,-0.0002499844742347,0.0079315222755,0.0237867869251864,0.0372109197159409,77.42415809631348,76.94832565307617,75.25852043151855,1,1,0.2171248695432694,0.2247065431177158,0,67.22707521193377,46.56020239280028,0.0182585297620527,4.849105852673916,-0.0013743498536035,0.118202112850882,-0.0262365022133398,0,,
2025-09-19 04:00:00,77.64154346383336,77.69010274168915,77.62212419815438,77.68038940429688,3408400,0.0007505341019264,0.0007505341019264,0.0083080217920066,0.0232590205913596,0.037989381882078,77.46196632385254,76.97653869628907,75.27852695465089,1,1,0.2106814802651087,0.2219015305471944,0,69.31526552982317,45.63883785321964,0.018304346534704,4.759785401722976,-0.0006248472481102,0.1177078463388884,-0.0332492085504149,0,,
2025-09-22 04:00:00,77.6998232357392,77.71924250320681,77.62213134765625,77.62213134765625,3089400,-0.000749971222948,-0.0009997771072447,0.0090726490318182,0.02081249510242,0.0365527898199047,77.48379898071289,77.00493621826172,75.29822803497315,1,1,0.1985849459104258,0.2172382136198407,0,64.86438569565439,44.95283776482865,0.0174825551608281,4.27629381238813,-0.0013743498536035,0.1170657191643692,-0.0409349020937932,0,,
2025-09-23 04:00:00,77.64154052734375,77.68038646633806,77.62212126239923,77.64154052734375,6584700,0.000250046982098,-0.0011246465235387,0.0059086544187891,0.0192655874299987,0.0383927380693522,77.51047210693359,77.03372192382812,75.31807327270508,1,1,0.1883928385032049,0.2114691385965136,0,65.65562609286302,44.31570809425808,0.0137588500730121,4.00813521449687,-0.0011246465235387,0.1177358942508561,-0.0239469056882712,0,,
2025-09-24 04:00:00,77.64154250308675,77.64154250308675,77.55414469495449,77.56385803222656,6401100,-0.0010005274829629,-0.0011255753393674,0.0059109245244002,0.0187595372956108,0.0364322536571461,77.52842407226562,77.06268905639648,75.33696601867676,1,1,0.1720637480351854,0.203588060484248,0,59.8466277321473,42.86648158478219,0.0137562016495495,3.881629048874857,-0.0021240487667463,0.1179935083462726,-0.0251387317049115,0,,
2025-09-25 04:00:00,77.4861777760912,77.49589111482038,77.40848588447085,77.46675109863281,6283000,-0.0012519611073679,-0.0020017519014972,0.0033926946189444,0.0155625164155763,0.0356605837026176,77.53813323974609,77.08720794677734,75.35560829162597,1,1,0.1495630386007889,0.1927830561075561,0,53.47707799287283,40.02173625069769,0.0142524292765331,3.2322027516049245,-0.0033733506476679,0.1183919861938618,-0.0189817445325073,0,,
2025-09-26 04:00:00,77.49587767105216,77.5250102730793,77.47645099696386,77.51529693603516,6283400,0.0006266667533343,-0.0021252785873984,0.0031412077284669,0.0164547236236707,0.0360461505751996,77.55172119140624,77.112119140625,75.37374111175536,1,1,0.1341024579694618,0.1810469364799373,0,55.99837608111195,37.62361839883193,0.0141195476699852,3.417648557091765,-0.0027487978610318,0.1177913349523477,-0.0225926286202637,0,,
2025-09-29 04:00:00,77.56385669407116,77.61240856138296,77.55414335696666,77.57356262207031,8033400,0.0007516669397942,-0.0006257071886934,0.0042725220542516,0.01593933293486,0.0344608600299969,77.56628761291503,77.13607482910156,75.39244739532471,1,1,0.1251092092614669,0.1698593910362432,0,58.87887520032055,36.0785241526264,0.0141310283722074,3.325692681690252,-0.0019991971017138,0.1175495175852319,-0.0207770538382233,0,,
2025-09-30 04:00:00,77.64155061512386,77.66097729169772,77.60271208018864,77.62213134765625,9117400,0.0006260989433031,-0.0002499844742347,0.0043981279697187,0.0174745288545639,0.0351085348813502,77.58668098449706,77.15926681518555,75.41139652252197,1,1,0.1205118989613538,0.1599898926212654,0,61.16127903504787,34.98907967357001,0.0141708201758598,3.6666227434453207,-0.0013743498536035,0.1171817073358385,-0.0301483869740387,0,,
2025-10-01 04:00:00,77.7001013815028,77.78781744360755,77.6806039658671,77.778076171875,6955500,0.0020090252806934,0.0027618293504616,0.0073019184185012,0.0192610769914178,0.0361473090582777,77.60953102111816,77.18461380004882,75.43112537384033,1,1,0.1279767056557972,0.1535872552281717,0,67.41506848953463,34.76518902886124,0.0148887413341159,3.971488264142205,0.0,0.1170183908396402,-0.0378307080302308,0,,
2025-10-02 04:00:00,77.76832746405715,77.78781744360755,77.7195913610532,77.778076171875,4441700,0.0,0.0040188218665038,0.005910429075443,0.0200342195051179,0.0361473090582777,77.62509727478027,77.21150314331055,75.4512771987915,1,1,0.1323667769331535,0.1493431595691681,0,67.41506848953463,34.55729057306023,0.0144398525406741,4.152680990042232,0.0,0.1168837637071619,-0.0350638449954104,0,,
2025-10-03 04:00:00,77.78782626766115,77.81706495834617,77.72934888629113,77.73909759521484,3322900,-0.0005011512058233,0.0028871805698476,0.0035156566232559,0.0205552958672365,0.0326115078801667,77.6333740234375,77.23838409423828,75.47165718078614,1,1,0.1311884360415689,0.1457122148636483,0,64.40866668486795,34.53904725293331,0.0134323778587288,4.2854096647307225,-0.0005011512058233,0.1168269124933729,-0.0293017075797523,0,,
2025-10-06 04:00:00,77.7195904220588,77.7488291090738,77.68060302734375,77.68060302734375,4212300,-0.0007524472200034,0.0013798567663434,0.0013798567663434,0.0204329078085263,0.0335359209174515,77.63775405883788,77.26274551391602,75.49174468994141,1,1,0.1241039762417131,0.1413905671392612,0,60.07869758977587,33.94120239125082,0.0130337239199596,4.2544245541524175,-0.0012532213359951,0.1163218496278067,-0.0376242644367202,0,,
2025-10-07 04:00:00,77.71958804593004,77.77807285425716,77.70009806721097,77.75857543945312,4040700,0.0010037565244174,0.0017577988316987,0.0021338666525076,0.0195206939161796,0.0417093729162179,77.64846076965333,77.28943740844727,75.51236309051514,1,1,0.1233592047007903,0.137784294651567,0,63.59223530104445,33.584612265588284,0.0134234425997022,4.113605718222823,-0.0002507227406702,0.1168719101445188,-0.0309409481560148,0,,
2025-10-08 04:00:00,77.80731438951082,77.80731438951082,77.71959089185039,77.72933959960938,4000000,-0.0003759821946135,-0.0006266106679976,0.0023844181935979,0.019137372288227,0.0434503853226606,77.6557632446289,77.31380966186524,75.53433937072754,1,1,0.1190376875834715,0.1340349732379479,0,61.40982178427205,33.45123452357244,0.0132799114730764,4.025271721835649,-0.0006266106679976,0.1161354466320043,-0.034216734331251,0,,
2025-10-09 04:00:00,77.6903517350438,77.70984915044394,77.66111304802882,77.68060302734375,3094400,-0.0006270035551141,-0.0012532213359951,0.0012543026613145,0.0194003152989261,0.0373522116608686,77.6577163696289,77.33836395263671,75.55597793579102,1,1,0.1104075109993232,0.129309480790223,0,57.84588871004194,32.59901421479501,0.0134393816890243,4.092635182260043,-0.0012532213359951,0.1163998406076736,-0.0297058434457214,0,,
2025-10-10 04:00:00,77.73908830736838,77.81705566118457,77.70984962017664,77.72933959960938,4554100,0.0006273969352228,-0.0001255223678602,0.0011308259942974,0.0200398839325099,0.0441182046906785,77.66307678222657,77.3644711303711,75.57748413085938,1,1,0.1062755891155688,0.1247027024552922,0,60.32552280322236,32.55087516067204,0.0133660541737765,4.225855558126043,-0.0006266106679976,0.1197083255314845,0.005410979797755,1,,
2025-10-13 04:00:00,77.72934842775751,77.87554931640625,77.72934842775751,77.87554931640625,1506600,0.0018810106653421,0.0025095877408918,0.0032647643700349,0.0231233832811563,0.0479612540007068,77.6718635559082,77.38504577636719,75.59995643615723,1,1,0.1134906637475268,0.1224602947137391,0,66.66132897835678,32.85759937096262,0.0147245489591755,4.862109285400812,0.0,0.1181210401063087,-0.0080044473113569,0,,
2025-10-14 04:00:00,77.81706476963488,77.95352438597756,77.81706476963488,77.92427825927734,7043800,0.000625728399977,0.002130990940713,0.0028888668505449,0.0220809794021537,0.0444629059751446,77.68162956237794,77.40524047851562,75.622294921875,1,1,0.1217373682181346,0.1223157094146182,0,68.46862391596693,33.56645993843304,0.0145090531210616,4.688438154940664,0.0,0.118339521841034,-0.0018774029387322,0,,
2025-10-15 04:00:00,77.96325205221042,77.99249073772164,77.88528470287548,77.93401336669922,7244900,0.0001249303508399,0.0026331597327873,0.0026380803467578,0.0218209237791151,0.0433935660559636,77.69576721191406,77.42640411376954,75.64444625854492,1,1,0.1275877307946586,0.1233701136906263,1,68.83214210424717,34.421487988467874,0.0144833540727048,4.632634180201976,0.0,0.1178311917324893,-0.0079053819049437,0,,
2025-10-16 04:00:00,77.91451817788209,78.07046030220823,77.91451817788209,78.04122161865234,5489500,0.0013756285262596,0.0046423248179685,0.0050219563827764,0.0218059109798829,0.0423005728821386,77.71672172546387,77.44874404907226,75.66732242584229,1,1,0.1392695821908063,0.1265500073906623,1,72.58106078138383,35.58115349738521,0.0144949218850621,4.630308724045864,0.0,0.118802358770053,2.8429317206368765e-05,1,,
2025-10-17 04:00:00,78.0412349454571,78.0412349454571,77.9730088601479,77.98275756835938,6048600,-0.0007491431974072,0.0032602614412444,0.0046459201060575,0.0198819668179224,0.0401953679589668,77.73184013366699,77.47068862915039,75.68924579620361,1,1,0.1421711132363441,0.1296742285597986,1,67.79228292291775,36.6579857556656,0.0147502338412704,4.214099351980037,-0.0007491431974072,0.1180432985431278,-0.0013435826477533,0,,
2025-10-20 04:00:00,78.04123853499246,78.05098724365234,78.01199984509876,78.05098724365234,3672300,0.0008749328366999,0.0022527985842295,0.0047708030584996,0.0201312989272282,0.0429623710582425,77.7532829284668,77.49554611206055,75.7115103149414,1,1,0.1482670320191914,0.1333927892516772,1,70.25851067864497,37.70531811688648,0.0148126504987271,4.261060913980439,0.0,0.1169304462712644,-0.0066044880762307,0,,
2025-10-21 04:00:00,78.08997464220593,78.10946462343975,78.05098724365234,78.05098724365234,3085900,0.0,0.0016260527168876,0.0055249178108149,0.0211605634725071,0.0429623710582425,77.77375526428223,77.51943603515625,75.73368053436279,1,1,0.1513533839770389,0.1369849081967495,1,70.25851067864497,38.95577052941382,0.0144117492862799,4.519907854662897,0.0,0.1169321890849106,-0.0011406420292103,0,,
2025-10-22 04:00:00,78.04124165561682,78.08022905572939,78.01200296455394,78.07048034667969,3736600,0.0002497483211389,0.0017510580308286,0.0055246175748517,0.0219311368574364,0.0433559160796666,77.79908638000488,77.54178070068359,75.75613697052002,1,1,0.1536016464763605,0.1403082558526718,1,70.99443244260078,39.515223027691896,0.0144117526518462,4.701887554602435,0.0,0.1175726419254052,-0.0013865977448053,0,,
2025-10-23 04:00:00,78.05098677830962,78.07047675942724,78.00225067138672,78.00225067138672,8126900,-0.0008739497309352,-0.0004993636242146,0.005652022092274,0.0201369034843705,0.038210626783488,77.82586135864258,77.56005157470703,75.77825225830078,1,1,0.1481698364854935,0.1418805719792361,1,64.93764313635756,39.88362605915052,0.0142779981650766,4.292661815614894,-0.0008739497309352,0.1167774119999612,-0.0103064682401218,0,,
2025-10-24 04:00:00,78.0997085571289,78.10945726487037,78.06072116224827,78.0997085571289,4695500,0.0012494240217857,0.001499703170499,0.0081706983902061,0.0219267280846524,0.0376643086623764,77.85508193969727,77.58201309204101,75.80109050750733,1,1,0.150000017987935,0.1435044611809759,1,69.00521444373085,40.45653169611057,0.0135308119861985,4.665392456023842,0.0,0.1159754984958635,-0.0204109059716374,0,,
2025-10-27 04:00:00,78.07047603268502,78.09971472213222,78.0314886347268,78.08997344970703,4471900,-0.0001246497279148,0.0004994966422779,0.0074137175033477,0.020640851085725,0.0356981318108218,77.8809024810791,77.60377990722657,75.82369144439697,1,1,0.1489479291942075,0.1445931547836222,1,68.15466782796761,40.51263575229969,0.0136138301740901,4.406079494478097,-0.0001246497279148,0.1146089191580205,-0.0270174015398897,0,,
2025-10-28 04:00:00,78.0802185777312,78.10945726487037,78.05097989059203,78.0997085571289,3970700,0.0001246652674065,0.000624224179567,0.0067825418515572,0.0215403250408423,0.0350419550185254,77.90478134155273,77.62632202148437,75.84723743438721,1,1,0.1472028205696034,0.1451150879408184,1,68.57184428427817,40.63150661660279,0.0135551209421914,4.626711003062535,0.0,0.114319574239676,-0.0274772998809967,0,,
2025-10-29 04:00:00,78.0997178390481,78.12896396574831,77.90478827756331,77.92427825927734,2983800,-0.0022462349872053,-0.0018726935808914,0.0038925356257977,0.0196312405136684,0.0321951758827283,77.91209144592285,77.64458129882813,75.87033081054688,1,1,0.1301636054872972,0.1421247914501142,0,54.67257236105739,38.66489318205058,0.0161478834468524,4.076071264689883,-0.0022462349872053,0.1140080176381789,-0.027083490843532,0,,
2025-10-30 04:00:00,77.84631062589372,77.95352411516373,77.8170644992951,77.87554931640625,5882100,-0.0006253371087885,-0.001624329476264,0.0012532213359952,0.0133867912783225,0.033488400913922,77.91696510314941,77.66128555297851,75.89280307769775,1,1,0.1114432380514784,0.135988480770387,0,51.54708732358893,35.91052845291798,0.0149324037695555,3.3328283412254924,-0.0028701674419013,0.1152037516366413,-0.0155072992371398,0,,
2025-10-31 04:00:00,77.90478800691878,77.9340266974313,77.85605189867384,77.87554931640625,8197500,0.0,-0.0028701674419013,0.0012532213359952,0.0124944662630761,0.0351971770292662,77.92378768920898,77.68031204223632,75.91390743255616,1,1,0.0955062750968949,0.1278920396356886,0,51.54708732358893,33.35290406158057,0.0149324037695555,3.1228248537314114,-0.0028701674419013,0.1148271072728403,-0.0175957410087708,0,,
2025-11-03 05:00:00,77.87259766874863,77.87259766874863,77.81390211810742,77.85303497314453,6740300,-0.0002891067024162,-0.0030341728405772,0.0014656380309809,0.0127114510341079,0.0343718050785453,77.93240928649902,77.69366317749024,75.93452178955079,1,1,0.0801356439737475,0.1183407605033004,0,50.014978332607726,31.41378250978756,0.0148498274955361,3.18305072519172,-0.003158444359673,0.1145788709678143,-0.0192424971060163,0,,
2025-11-04 05:00:00,77.86281509384366,77.95086588646696,77.85303747764154,77.88238525390625,6290200,0.000376995974169,-0.0027826391063122,0.0025975883128954,0.0124558993245005,0.0339728585416507,77.93859977722168,77.70914932250976,75.95537727355958,1,1,0.0695212329383281,0.1085768549903059,0,52.01718504752856,29.552421613855905,0.0145743627288687,3.123437071830708,-0.0027826391063122,0.1159970423151828,-0.002792315576679,0,,
2025-11-05 05:00:00,77.88239284221797,77.88239284221797,77.79434204101562,77.79434204101562,5777400,-0.0011304637448326,-0.0016674677156377,0.0004599698664791,0.0118203450445246,0.0322797357753599,77.941849899292,77.72093978881836,75.9754150390625,1,1,0.053389443971298,0.0975393727865044,0,46.05732519643039,27.6671160406878,0.0148240474487057,2.9357948395940565,-0.0039099571785201,0.1154657780046177,-0.0120313952100405,0,,
2025-11-06 05:00:00,77.91173133863818,77.94107911426572,77.90194625881934,77.92151641845703,6405500,0.0016347509870879,0.0005902635994774,0.0024723845569456,0.0144959077290416,0.0363356198681452,77.95389556884766,77.73391876220703,75.99641899108887,1,1,0.050287115841769,0.0880889213975573,0,54.21714381208722,26.05508272122484,0.0157507812144053,3.578176351231142,-0.0022815979977893,0.116908890238073,0.006659840974474,1,,
2025-11-07 05:00:00,77.93131069995431,77.99979133911404,77.93131069995431,77.9704360961914,5362200,0.000627807054879,0.0012184412260083,0.0037310867520639,0.0144938311851394,0.0365906501210975,77.96595039367676,77.74845672607422,76.017431640625,1,1,0.0511858687693234,0.0807083108719105,0,56.91689460361434,25.096346776219395,0.0156019801666657,3.5777141112455357,-0.0016552233462298,0.1168672297903993,0.0040153764840715,1,,
2025-11-10 05:00:00,77.97042688989328,77.98999704953097,77.92151641845703,77.92151641845703,6809600,-0.0006274131604705,0.000879624607263,0.0024723845569456,0.0125825664933907,0.0368633503200994,77.9682487487793,77.76124237060547,76.03786945343018,1,1,0.0474042807449421,0.0740475048465168,0,53.5182380143402,24.09296245529919,0.0157511925799071,3.119186019963297,-0.0022815979977893,0.1149994153943687,-0.0393365299882777,0,,
2025-11-11 05:00:00,77.99978375660243,78.07804200529885,77.97042851653346,78.05847930908203,2004000,0.0017577030956312,0.0022610254501282,0.0023490042032645,0.0125799533677726,0.0377611549413663,77.97495880126954,77.77812667846679,76.05814311981202,1,1,0.0548270930179199,0.0702034224807975,0,60.61002665490617,23.922539010486712,0.0155821830358608,3.118740616544559,-0.0005279052740218,0.1149384285761147,-0.0269436463421729,0,,
2025-11-12 05:00:00,78.03891084117225,78.05848100164256,77.97043020718476,78.01934814453125,5108500,-0.0005013057504724,0.0028923196419219,0.0012200290766579,0.0132168035734137,0.0392238680138232,77.97922554016114,77.79209213256836,76.07817386627197,1,1,0.0568963021221264,0.0675419984090633,0,57.89234319019438,23.764288668875125,0.0156032624077183,3.3085419512467453,-0.0010289463825446,0.1148169149905772,-0.0297669518657403,0,,
2025-11-13 05:00:00,77.93130149827587,77.98021196971212,77.91173133863818,77.92151641845703,4414500,-0.0012539418541793,0.0,-0.0001603529409346,0.0119462886160552,0.0344923670535783,77.97324028015137,77.80118743896485,76.09790412902832,1,1,0.0500648461822095,0.0640465679636925,0,51.65616925214309,22.880234722780543,0.0162471463535653,2.9448046995832096,-0.0022815979977893,0.116607935669658,-0.0103814282521084,0,,
2025-11-14 05:00:00,77.9997872606897,77.9997872606897,77.89217376708984,77.89217376708984,3818000,-0.0003765667394048,-0.0010037436369473,-0.0019098605643415,0.0119467302504034,0.0337090244228908,77.9687110900879,77.80755966186524,76.1172518157959,1,1,0.0418013020041883,0.0595975147717917,0,49.91928928348496,22.2463722261152,0.0154840415035523,2.9449238686875643,-0.0026573055632755,0.1165831176721916,-0.0186801097287713,0,,
2025-11-17 05:00:00,77.94108331187607,77.96065347256774,77.90195045432213,77.91173553466797,3987800,0.0002511390635548,-0.0001255222464683,-0.0009107402188124,0.0116920630388643,0.032919243726956,77.96174850463868,77.81393432617188,76.13665019989014,1,1,0.0364111300247458,0.0549602378223825,0,51.09975152533278,21.657785622068804,0.0153349837210863,2.8848061875615763,-0.0024068338529513,0.1177090245383227,-0.0028317914606814,0,,
2025-11-18 05:00:00,77.98999955592276,78.03891002893087,77.93130400278136,77.95086669921875,6723600,0.0005022499406828,-0.0013786152486673,-0.0012827582067738,0.0118188747662739,0.0334380273558481,77.956742477417,77.82206283569336,76.15652355194092,1,1,0.0348946935374812,0.0509471289654022,0,53.46284451892999,21.851416242669067,0.0151065583545494,2.914395719647396,-0.0019057927444284,0.1187654833022117,0.0156934065460605,1,,
2025-11-19 05:00:00,78.0291391182068,78.03891673535114,77.94108831709865,77.9704360961914,3818800,0.000251047843357,-0.0006269220328428,-0.001032032397098,0.0136005431925774,0.0364585039468061,77.95174026489258,77.82980575561524,76.17602127075196,1,1,0.0348700334437097,0.0477317098610637,0,54.64330248123818,22.031276183171823,0.0151442515114842,3.42782544189972,-0.0016552233462298,0.1183381352197759,0.0120236022763959,1,,
2025-11-20 05:00:00,78.03891503919708,78.0682702814817,77.99000456304883,78.00956726074219,4207400,0.0005018718184737,0.0011299939520208,-0.0007802319861106,0.0106767369899045,0.0353987328178584,77.95210609436035,77.8371662902832,76.19528858184815,1,1,0.0375749079390601,0.045700349476663,0,56.99252753962903,22.467367882933587,0.0152317946161593,2.9504438757283515,-0.0011541822377068,0.1202301025293019,0.0226027123349219,1,,
2025-11-21 05:00:00,78.1465183262786,78.16608848524484,78.05847500241673,78.15630340576172,4850600,0.0018810019100488,0.0033909650469079,0.0019749780685689,0.0135942359086191,0.0368194738730496,77.95493583679199,77.84784973144531,76.21552627563477,1,1,0.0509713549903665,0.0467545505794037,1,64.43199320025775,23.650725289179544,0.0162776171951718,3.6985190751855215,0.0,0.1192681984628947,0.0213293514582624,1,,
2025-11-24 05:00:00,78.17587607055566,78.20522384611698,78.13674321519755,78.18565368652344,4024300,0.0003755331237884,0.0035157495847795,0.0011004539067089,0.0127043230866683,0.0355001036212467,77.95971984863282,77.85756652832032,76.23638423919678,1,1,0.0632276096355894,0.0500491623906409,1,65.70969359072848,25.01663340335591,0.015769918994736,3.4938086369870347,0.0,0.1175823509590535,0.0138551028797455,1,,
2025-11-25 05:00:00,78.1954413197787,78.33240258608998,78.18565623966239,78.30305480957031,3948800,0.0015015686064041,0.0045180781852049,0.002728664775389,0.013335742431827,0.037975735853331,77.96988716125489,77.86904846191406,76.25759246826172,1,1,0.0814748775393212,0.0563343054203769,1,70.30484449121246,27.00729820955808,0.0165272961143635,3.623303312991626,0.0,0.1166615909993641,0.0179102277241915,1,,
2025-11-26 05:00:00,78.28348295852042,78.3421859741211,78.25413518263461,78.3421859741211,1976300,0.0004997399481532,0.0047678312004189,0.0031047160286752,0.0142231712984339,0.0369160884432637,77.99078254699707,77.88286697387696,76.27918571472168,1,1,0.0979642558036886,0.0646602954970393,1,71.66768692937032,28.9043273657424,0.0165766878827245,3.87223172492817,0.0,0.1159196421257837,0.0139964472116829,1,,
2025-11-28 05:00:00,78.35197198557337,78.36175706652679,78.27371372943558,78.32262420654297,1247000,-0.00024969647368,0.0040130583567321,0.0051119619733943,0.0134622145118774,0.0349531353145959,78.01313629150391,77.89687683105468,76.30124923706055,1,1,0.1082063996991138,0.0733695163374542,1,69.93964811592708,30.765839817082785,0.0142180412266037,3.6619600512922834,-0.00024969647368,0.1152615530083751,0.0109951510092434,1,,
2025-12-01 05:00:00,78.22541046142578,78.24505201358096,78.19595562425026,78.22541046142578,3571800,-0.0012411962201474,0.0008842160216468,0.0044925672831925,0.0130953336097325,0.0342330505149295,78.03062934875489,77.90777725219726,76.32206924438476,1,1,0.1072428074175348,0.0801441745534703,1,61.94595745026448,31.22976842914249,0.0148385901112562,3.5324642243685496,-0.0014905827715081,0.1156464754151612,0.0038429632041523,1,,
2025-12-02 05:00:00,78.25486406338922,78.28432639115695,78.23523000260121,78.27450561523438,4674800,0.0006276113288379,0.0011364224064325,0.005122998198153,0.0123307929999996,0.0351450632331051,78.05170288085938,77.92082473754883,76.34242458343506,1,1,0.1091821384703308,0.0859517673368424,1,64.17300703978736,31.92275650295149,0.0148838047549971,3.366102427302017,-0.0008639069493041,0.1155051063823655,0.0059045213767701,1,,
2025-12-03 05:00:00,78.33341042585896,78.3530519764848,78.29413481566395,78.34323120117188,2091300,0.0008780072821581,0.0005130884318531,0.0062964305527257,0.0113142747063588,0.0336906141017385,78.07474517822266,77.93485855102539,76.36340755462646,1,1,0.1149396994158706,0.0917493537526481,1,67.07759879842888,32.98524577109708,0.0149063979085893,3.163757813044225,0.0,0.115207583596877,0.0054871602744217,1,,
2025-12-04 05:00:00,78.32359451273297,78.33341528865554,78.2646848393118,78.27450561523438,3919000,-0.0008772370616297,-0.0008639069493041,0.0050347759644207,0.0090358489345008,0.03461946841256,78.0987533569336,77.94907150268554,76.38376289367676,1,1,0.1126583719404124,0.0959311573902009,1,61.691380915600654,33.512360689091786,0.0154474565983632,2.541114767849572,-0.0008772370616297,0.1150224313784579,-0.0084020326490455,0,,
2025-12-05 05:00:00,78.32360564221555,78.32360564221555,78.22542034220946,78.25487518310547,4212300,-0.0002507896022416,-0.000864999406287,0.0059198796468646,0.0085300586906738,0.0367290538900801,78.11542129516602,77.964833984375,76.40387802124023,1,1,0.1080211906209882,0.0983491640363584,1,60.20431532792565,33.408341919256806,0.014749166293999,2.396503485912125,-0.0011278066619376,0.1147755645351663,-0.0059776453368183,0,,
2025-12-08 05:00:00,78.23523486783918,78.25486892984817,78.15668363768796,78.20578002929688,3834700,-0.0006273750190479,-0.0002509470006372,0.0036480759603454,0.0085285134010992,0.0350250562667928,78.12718849182129,77.97864364624023,76.42322692871093,1,1,0.0992406381082418,0.0985274588507351,1,56.5339570062304,32.36478741783912,0.0142057266461811,2.396016553791177,-0.0017544741232595,0.1150491969285938,-0.0159072018021217,0,,
2025-12-09 05:00:00,78.2352397416362,78.2352397416362,78.12723366621427,78.13705444335938,3510500,-0.0008787788563934,-0.0017560145643161,0.0021369426094066,0.0071376754265932,0.0335900257802577,78.13796539306641,77.98991348266601,76.44185348510742,1,1,0.0857479574823543,0.0959715585770589,0,51.77546483447277,31.02010588959496,0.0145534667012045,1.9906797033671637,-0.0026317111848893,0.1150473863693653,-0.0155718880673211,0,,
2025-12-10 05:00:00,78.13704696731338,78.31378348372499,78.11740541490244,78.30396270751953,5780300,0.0021360961882834,-0.0005012365848366,0.0049080960771947,0.00853180109097,0.0338276138240056,78.15023956298828,78.00355010986328,76.46060451507569,1,1,0.0875142036203442,0.094280087585716,0,60.476311503190615,30.468161227022293,0.0158948626667541,2.2955751969609537,-0.0005012365848366,0.1145335319340934,-0.0040511811184228,0,,
2025-12-11 05:00:00,78.37268952734347,78.39232358778727,78.29413830345422,78.32359313964844,5105500,0.0002506952579428,0.0006271202101915,0.003396348902938,0.0090368787846144,0.0326463562708037,78.16545181274414,78.01446044921875,76.47926429748536,1,1,0.0894666622331072,0.0933174025151942,0,61.35933996912476,30.549150239241825,0.0149003771286764,2.433543558066086,-0.0002506669845288,0.1142962834243841,-0.0055868621111814,0,,
2025-12-12 05:00:00,78.30397157863761,78.30397157863761,78.25487518310547,78.25487518310547,4886700,-0.0008773596024947,0.0,0.0030188285877228,0.0071436637088373,0.0334416411060793,78.18211975097657,78.02399642944336,76.49762786865234,1,1,0.0844950288609425,0.0915529277843439,0,56.59279758261884,30.106370377062028,0.0151658511815862,1.9226178766767916,-0.0011278066619376,0.1154371814708489,0.0054022221405498,1,,
2025-12-15 05:00:00,78.35306498439118,78.37269904721992,78.28433452790371,78.31378936767578,5933500,0.0007528500228575,0.0013810915042142,0.0050342057912753,0.0075239814332224,0.0338260369487424,78.20320053100586,78.03549026489257,76.51576519012451,1,1,0.0843366752289824,0.0901096772732716,0,59.497732679404535,30.203694998196227,0.0144095448948593,2.0179918283615503,-0.0003758057083513,0.1156988964046134,-0.0077956895456916,0,,
2025-12-16 05:00:00,78.31379212410121,78.40215664652762,78.30397134681222,78.38252258300781,2778400,0.000877664277096,0.0031415074627156,0.0062952257229871,0.009417261271621,0.034209039650394,78.22673988342285,78.04952865600586,76.53387092590332,1,1,0.0887344988175584,0.089834641582129,0,62.639131480796415,30.497836686586904,0.0143888487132919,2.5385790505080204,0.0,0.1161177093308611,-0.0039920732145718,0,,
2025-12-17 05:00:00,78.35306774219902,78.39233586923862,78.34324696491001,78.38252258300781,5785400,0.0,0.0010032681970606,0.0060425691342784,0.0097960623104498,0.0338158660825209,78.24832267761231,78.06200759887696,76.55183414459229,1,1,0.0911688677394693,0.090101486813597,1,62.639131480796415,30.770968254378246,0.0144256859736793,2.646131518714464,0.0,0.1174096404102528,-0.0025434254446002,0,,
2025-12-18 05:00:00,78.50177918736097,78.50177918736097,78.43278859751787,78.48206329345703,4456500,0.0012699350208307,0.0020232748199644,0.006814505299703,0.0103201579614611,0.0338192153193523,78.27390403747559,78.0770620727539,76.57086513519288,1,1,0.0999777448766394,0.0920767384262055,1,66.94520682315014,31.738075591432757,0.0148098163778781,2.7640763973113285,0.0,0.1166776711253439,-0.0175792841389373,0,,
2025-12-19 05:00:00,78.47220166755665,78.49191003923777,78.43277740478516,78.43277740478516,7666100,-0.0006279892067514,0.0022733691832415,0.0059297001753761,0.0104434913478239,0.0314733415627728,78.29506454467773,78.09210556030274,76.5896496963501,1,1,0.1018083014304949,0.0940230510270634,1,63.069166459927736,32.635931175646256,0.0151728766944306,2.8021718986169337,-0.0006279892067514,0.1155570537507721,-0.023501143260698,0,,
2025-12-22 05:00:00,78.44262859892486,78.46234449020827,78.393353909535,78.42292022705078,8392500,-0.0001256767650023,0.0013935075834812,0.0052987470745349,0.0100639386390311,0.0295234137587701,78.30839538574219,78.10597717285157,76.60852745056152,1,1,0.1012959620288427,0.0954776332274192,1,62.2923503918551,32.853868938504725,0.0152139740583611,2.6992390431678843,-0.0007535870481016,0.1148271700142702,-0.0449382675500495,0,,
2025-12-23 05:00:00,78.36378923699151,78.42292187326434,78.33422291885509,78.40321350097656,4285700,-0.000251287838009,0.0002639736166545,0.0031591833857975,0.0108214765232701,0.0297840197113128,78.31927337646485,78.11653045654298,76.62678417205811,1,1,0.0981681400526497,0.0960157345924653,1,60.68312952762647,32.20330727254517,0.0140889773314768,2.932725874686013,-0.0010046855188508,0.1142760219478298,-0.0418567277732293,0,,
2025-12-24 05:00:00,78.4623541500356,78.51163636490213,78.43278782887978,78.4919204711914,4409200,0.0011314200815728,0.0013956923632783,0.003917173678638,0.0132336693874424,0.029002135000099,78.3287166595459,78.12788330078125,76.64605438232422,1,1,0.101675181540827,0.0971476239821377,1,65.05881875336829,32.27726884575983,0.0144789684570053,3.62126792584452,0.0,0.11400429232032,-0.0304302355714884,0,,
2025-12-26 05:00:00,78.55104597413356,78.6003281845209,78.53133760162436,78.58061981201172,2148700,0.0011300442171353,0.0012557839895999,0.0035447531787415,0.0137433889578679,0.030424256248493,78.34063835144043,78.1408154296875,76.66633808135987,1,1,0.110339902982588,0.0997860797822277,1,68.79815971409528,32.909553051632415,0.0141062196575696,3.735699341188302,0.0,0.1141446981998335,-0.0215743054588062,0,,
2025-12-29 05:00:00,78.58061498632313,78.64960556498292,78.58061498632313,78.6397476196289,2615000,0.0007524477124085,0.0026388229728955,0.0037982300571253,0.0137441798664439,0.0299025858601118,78.35649452209472,78.15278594970704,76.68658493041993,1,1,0.1205878157969237,0.1039464269851669,1,71.02427600220804,33.774405080834896,0.0142076986870898,3.73588302015614,0.0,0.1146391173089516,-0.0110466595078217,0,,
2025-12-30 05:00:00,78.62004533566216,78.6693275515523,78.59047901389222,78.65946960449219,3326300,0.0002507890152276,0.0030163296234895,0.0043007419805154,0.0133639496729338,0.0310720072516683,78.37819747924804,78.16632019042969,76.70707286834717,1,1,0.1288158509448749,0.1089203117771085,1,71.74830453653293,34.68618627735572,0.0141220910606807,3.6391877128148575,0.0,0.1148080597463804,-0.0039344712105501,0,,
2025-12-31 05:00:00,78.62989450298949,78.64961039490827,78.58061981201172,78.58061981201172,3579800,-0.0010024195799556,0.0022627428534283,0.0045408435505889,0.0103183786439156,0.0297781987208205,78.39350318908691,78.17691284179688,76.72707149505615,1,1,0.12750431838775,0.1126371130992368,1,64.77898840556018,35.37915636117385,0.0138353564008229,2.867744935841994,-0.0010024195799556,0.1155490732128131,-0.000842240993497,0,,
2026-01-02 05:00:00,78.63975003338071,78.64960797903728,78.57075945260333,78.61018371582031,4118400,0.0003762238562041,0.0015066932229326,0.0042884729574146,0.010698484520323,0.0309470398126932,78.40685081481934,78.18809677124024,76.74683799743653,1,1,0.1273820978176161,0.1155861100429127,1,66.10827346842814,35.862072770380195,0.0137683946074126,2.972098461012491,-0.0006265728579113,0.1153810474861886,-0.0010740555120234,0,,
2026-01-05 05:00:00,78.66931750671289,78.68902587890625,78.62989324291671,78.68902587890625,4545300,0.0010029510091333,0.0013795521994337,0.0044138424268771,0.0122194405785061,0.0330259106621657,78.42757682800293,78.20046768188476,76.76609630584717,1,1,0.1321240964453949,0.1188937073234091,1,69.42262061542581,36.57008441601808,0.0138519926269409,3.384162565593586,0.0,0.1147326366059869,-0.0041225323547453,0,,
2026-01-06 05:00:00,78.66931750671289,78.68902587890625,78.6200352971153,78.68902587890625,4392700,0.0,0.000626632978474,0.0052957250948282,0.012981655809334,0.0336798165942147,78.44928436279297,78.21420318603515,76.78535461425781,1,1,0.1343336498267433,0.121981695824076,1,69.42262061542581,37.05431049664263,0.0133069549419316,3.62430953722755,0.0,0.11405433456384,-0.0084165914684289,0,,
2026-01-07 05:00:00,78.70875182038235,78.71860976744246,78.64961917684249,78.65946960449219,4663900,-0.0003756085945141,0.0,0.0051702136185129,0.0115857853612628,0.0313326418472581,78.47196884155274,78.22539840698242,76.80422756195068,1,1,0.1321761481087122,0.1240205862810032,1,66.59134208955639,37.71039990255413,0.0133732239047334,3.248251304820266,-0.0003756085945141,0.1143801829150317,-0.0034448240070606,0,,
2026-01-08 05:00:00,78.64961396410257,78.65946439109939,78.61018969788549,78.62989807128906,3259000,-0.0003759437147468,0.0006271044870254,0.0054231035331826,0.0115858243015898,0.0309449188227424,78.49661102294922,78.23619689941407,76.82352264404297,1,1,0.1266205341640329,0.1245405758576092,1,63.7882886505953,37.60688170302555,0.0131934977074365,3.248263536851672,-0.0007514111015706,0.114348792543762,-0.0060878685252062,0,,
2026-01-09 05:00:00,78.63975003338071,78.65945840528452,78.59046782450714,78.61018371582031,3859900,-0.0002507234010512,0.0,0.0060551204013443,0.0119667027835681,0.0315991758895841,78.51192207336426,78.2464064025879,76.84238674163818,1,1,0.1192522209886419,0.1234829048838157,0,61.91709972188711,37.16571187789528,0.0126811473176361,3.370109646028129,-0.0010019461062749,0.1135690516019731,-0.0128497901086253,0,,
2026-01-12 05:00:00,78.59046936035156,78.62003567848976,78.5707609880626,78.59046936035156,5223300,-0.00025078627904,-0.0012524811109791,0.003658903622824,0.0110785678249416,0.031340464970802,78.52526588439942,78.25973022460937,76.86134227752686,1,1,0.1105476712441486,0.1208958581558823,0,60.02098550829332,36.41107372667016,0.0108630058916711,3.122189305016829,-0.0012524811109791,0.1133625394099792,-0.0102240147871108,0,,
2026-01-13 05:00:00,78.64961078022628,78.68902752543778,78.62003694220323,78.66931915283203,10395300,0.0010032996764395,-0.0002504380484331,0.004414072431115,0.0101927991955563,0.0335518744792193,78.54598808288574,78.27560562133789,76.8805969619751,1,1,0.1087580767277387,0.1184683018702536,0,64.67984056224975,36.348315256855365,0.0112362591149779,2.941597284723923,-0.0002504380484331,0.1137036235738728,-0.0051852941561606,0,,
2026-01-14 05:00:00,78.68902511093543,78.74816526575725,78.68902511093543,78.69888305664062,6699400,0.0003757996653201,0.0005010643009242,0.0056738685289094,0.0099404808702359,0.0322409558257326,78.56524276733398,78.29207229614258,76.89914455413819,1,1,0.10847493857311,0.1164696292108249,0,66.26709575796359,36.75506090392398,0.0105242708276331,2.874497189280899,0.0,0.114308205316784,-0.0097800044983776,0,,
2026-01-15 05:00:00,78.67917874599021,78.70874506522262,78.63975448054376,78.64961242675781,6668400,-0.0006260651735978,0.0002507234010513,0.0042881727700005,0.0091821148320889,0.0312034008390862,78.57859725952149,78.30800384521484,76.91744579315186,1,1,0.1030865044319568,0.1137930042550513,0,61.32119151116299,36.289825932124366,0.0108068112032206,2.639826375349537,-0.0006260651735978,0.1139263949315563,-0.0153199514268344,0,,
2026-01-16 05:00:00,78.65945840528452,78.67917429659768,78.59046782450714,78.61018371582031,5667300,-0.0005013211091691,0.0,0.0029044884664359,0.0072905329435795,0.0292554206358259,78.58998031616211,78.32255981445313,76.9351732635498,1,1,0.0945447115180257,0.1099433457076462,0,57.61528363990576,35.09359942541146,0.0107794422246386,2.125111154689636,-0.0011270724230796,0.1139647693409948,-0.018541013272418,0,,
2026-01-20 05:00:00,78.6200349101823,78.6200349101823,78.56090227448378,78.60032653808594,6365000,-0.00012539313952,0.0001254245942874,0.0027787311239884,0.0079193015095062,0.0279587196172617,78.59589347839355,78.33867950439453,76.95285144805908,1,1,0.0859886634440556,0.1051524092549281,0,56.69284606472308,33.552512021213055,0.0108084314200819,2.324539102447748,-0.0012523242354501,0.1163183465981889,-0.0092947547428879,0,,
2026-01-21 05:00:00,78.62989488821091,78.67917709883972,78.61018651560516,78.66931915283203,5259300,0.0008777649888345,0.0,0.0023859701378494,0.0079221535949243,0.0282129357643192,78.6077205657959,78.35363555908204,76.96977817535401,1,1,0.0838089635545173,0.1008837201148459,0,61.35634783649109,32.72644474804245,0.0103646286060263,2.325262824846775,-0.0003756584929841,0.1150921590472871,-0.0135888217751066,0,,
2026-01-22 05:00:00,78.65946960449219,78.67918549861243,78.62990328272227,78.65946960449219,8737700,-0.0001252019014008,-0.0005008133612274,0.0028902737759379,0.00779595982483,0.0291214902000398,78.61954803466797,78.36741622924805,76.98727531433106,1,1,0.0803604146161802,0.0967790590151128,0,60.35708631660445,31.959465744705795,0.0100529494199467,2.28730204549674,-0.0005008133612274,0.1144797949883029,-0.0093223107331257,0,,
2026-01-23 05:00:00,78.66931673893441,78.71859894805102,78.64960836693339,78.69888305664062,2243200,0.0005010643009242,0.0006264573767442,0.0035189052995077,0.0080491718146276,0.0301568361607198,78.63433151245117,78.38296356201172,77.00754386901855,1,1,0.0798868648829795,0.0934006201886862,0,62.95688660082507,31.63934766101339,0.0100805132850712,2.3578626088180017,0.0,0.1144956199782837,-0.0028873831510901,0,,
2026-01-26 05:00:00,78.72845458984375,78.75802842891852,78.70874621653712,78.72845458984375,5875500,0.0003757554371113,0.0015045235672135,0.0041483132430935,0.00931003800796,0.0296344168291327,78.64615821838379,78.39636306762695,77.02872310638428,1,1,0.0809644412178158,0.0909133843945121,0,64.82099849918836,31.70711124212792,0.0099858805825653,2.753564716065764,0.0,0.113959937010857,-0.0027659777754353,0,,
2026-01-27 05:00:00,78.74816729887688,78.79744198985628,78.73830935291716,78.76787567138672,6895700,0.0005007221562818,0.0021316595067781,0.0035157147199194,0.0085553086765881,0.0306696266882724,78.65552101135253,78.41133361816406,77.04814479827881,1,1,0.0840307261477733,0.0895368527451643,0,67.1912455612331,32.109530082949526,0.0094681177263643,2.5632628215573865,0.0,0.1135645281322661,-0.0038574353570679,0,,
2026-01-28 05:00:00,78.79744198985628,78.79744198985628,78.73830935291716,78.76787567138672,2873500,0.0,0.0012527948584786,0.0023829776326906,0.0086810404938386,0.0295010756436659,78.66192741394043,78.42826080322266,77.06975936889648,1,1,0.0854754710228178,0.088724576400695,0,67.1912455612331,32.483204720855305,0.0088064300274529,2.602146604725408,0.0,0.1135759618133988,-0.0049825913546944,0,,
2026-01-29 05:00:00,78.78759447190826,78.85658505735402,78.767878579261,78.82701873779297,8949200,0.0007508526274466,0.0021300567387911,0.0023813799488507,0.0093125850800332,0.0310535062304699,78.67030487060546,78.44695770263672,77.09233707427978,1,1,0.0903512796151915,0.0890499170435943,1,70.63395405884067,33.31934009296251,0.0088049734156284,2.778432427619887,0.0,0.113887236455926,-0.0065586762239218,0,,
2026-01-30 05:00:00,78.82702076531878,78.89601135253906,78.82702076531878,78.89601135253906,11307100,0.0008752406960308,0.0025048423591547,0.0030071617471645,0.0124702225669446,0.0323462690190838,78.68607444763184,78.46664321899414,77.11378196716309,1,1,0.0986453977272532,0.0909690131803261,1,74.05422566549127,34.38578044015091,0.0091852351425539,3.960418790422216,0.0,0.1143279073597351,-0.0041822184584079,0,,
2026-02-02 05:00:00,78.88314502096745,78.93261076073385,78.81389751374184,78.83368682861328,7016300,-0.0007899578553761,0.0013366480939802,0.0032204762091081,0.0123034446706005,0.0258549395947327,78.69724960327149,78.48429962158202,77.13448627471924,1,1,0.0990477174423034,0.0925847540327216,1,66.51735377371455,35.62666808264591,0.0088756289129102,3.892957810752701,-0.0007899578553761,0.1136724860388049,-0.0162406077507173,0,,
2026-02-03 05:00:00,78.82379150390625,78.83368616125821,78.79411507926253,78.82379150390625,6264700,-0.0001255215264579,0.0007098811798962,0.0027173042726644,0.0121763787969868,0.0248229824141485,78.70398788452148,78.50136672973633,77.15423519134521,1,1,0.0974448056476404,0.0935567643557054,1,65.37962310710896,36.3673579327028,0.0088869987504745,3.849889471518852,-0.0009153802251181,0.1146274381260323,-0.0065314830864796,0,,
2026-02-04 05:00:00,78.81390639123944,78.85347747802734,78.78422996300178,78.85347747802734,5579500,0.0003766118522683,0.0010867603818307,0.002089892425078,0.0128503982565086,0.0257251964988232,78.71221046447754,78.51824493408203,77.17365589141846,1,1,0.0974465928535437,0.094334730055273,1,67.19256037658148,37.20673303600941,0.0083605079330315,4.071998052481944,-0.000539113115892,0.1152287673017914,0.0043242333696937,1,,
2026-02-05 05:00:00,78.93261531246635,79.02164459228516,78.90293888586008,79.02164459228516,5161900,0.0021326531135505,0.0024690246771805,0.0042270025542159,0.0146279461609295,0.0272660497101346,78.73031921386719,78.5355517578125,77.1945848083496,1,1,0.1097525310570262,0.0974182902556237,1,75.1358313631636,38.96632078050688,0.0109145042909001,4.427867301339191,0.0,0.1169349354026219,0.0252563907351495,1,,
2026-02-06 05:00:00,79.0414333233593,79.0414333233593,78.95239649678673,79.01175689697266,5135300,-0.0001251264177494,0.0014670645885557,0.0044786380362313,0.0156491439353669,0.0276544672608594,78.74941215515136,78.55207382202148,77.2154642868042,1,1,0.1173544325185105,0.101405518708201,1,74.00132940661798,40.688619121172046,0.0107814185287047,4.834116023370545,-0.0001251264177494,0.1147194442721303,0.0029660851071608,1,,
2026-02-09 05:00:00,79.02164459228516,79.0513285663041,79.0018628236852,79.02164459228516,4212000,0.000125142076329,0.0023842315542148,0.0049821573040946,0.0141184133008933,0.0288189802464253,78.76998519897461,78.56644561767578,77.23644092559815,1,1,0.1227617277908166,0.1056767605247241,1,74.41732505641288,42.33316357310594,0.0105742511954657,4.47307363677389,0.0,0.1141832281464797,-0.0014478893357694,0,,
2026-02-10 05:00:00,79.11067007469428,79.12056473128166,79.07109899575637,79.08099365234375,4819200,0.000751048150982,0.0032630014812817,0.005989172321813,0.014243315950962,0.0289435873530112,78.79451141357421,78.58122177124024,77.25618873596191,1,1,0.1303336165952799,0.1106081317388353,1,76.81528969566429,44.157088390915625,0.0105616084461274,4.505675200429227,0.0,0.1145711276934644,0.0088234961669251,1,,
2026-02-11 05:00:00,79.0117574816915,79.0513285663041,78.98207350767257,79.02164459228516,5214100,-0.0007504845009852,0.0021326531135505,0.0054863552214783,0.0141184133008933,0.0268786256684236,78.81212768554687,78.59520217895508,77.27497241973877,1,1,0.1300463267753429,0.1144957707461368,1,69.77218964358264,44.209465648633,0.0110129803932617,4.453681824603152,-0.0007504845009852,0.1145116027530391,0.0101361821024872,1,,
2026-02-12 05:00:00,79.03153745903344,79.1205742842469,79.03153745903344,79.11067962646484,5010800,0.0011267170487156,0.0011267170487156,0.0056103253261334,0.0134796415033464,0.0262291681326454,78.83271751403808,78.61290756225586,77.29353385925293,1,1,0.1354417425857548,0.1186849651140604,1,73.67217468138313,44.663013439372726,0.0111255457597519,4.340096319612696,0.0,0.1164394838695999,0.0240613290037292,1,,
2026-02-13 05:00:00,79.21949893235407,79.2392807006836,79.1898225061535,79.2392807006836,5347700,0.0016255842425569,0.0028796195989873,0.0068666494752414,0.0156362823474558,0.0290597475932743,78.86220092773438,78.63220306396484,77.3124522781372,1,1,0.1483841997243331,0.1246248120361149,1,78.07274418952086,45.64776906405557,0.0120813059179059,4.936454861558801,0.0,0.1165466606280247,0.0195826301798482,1,,
2026-02-17 05:00:00,79.17002490039582,79.22937774658203,79.17002490039582,79.22937774658203,6414200,-0.0001249753154495,0.0026288133506797,0.0073714962087592,0.0167843413249491,0.0289311405267023,78.89316062927246,78.64992599487304,77.3311304473877,1,1,0.1560433341954734,0.1309085164679866,1,77.00536256828313,46.24680891430933,0.0117024108516343,5.446271057977226,-0.0001249753154495,0.1163443774203231,0.0212240762135882,1,,
2026-02-18 05:00:00,79.20960168879805,79.22938345648183,79.17992526356622,79.19970703125,6666500,-0.0003744913335925,0.0015011619533782,0.0074993249928132,0.0167864523600265,0.0289337258286366,78.92312965393066,78.66843002319337,77.35036834716797,1,1,0.1578989142908682,0.136306596032563,1,73.75193150748453,46.80308862016134,0.0115938929709582,5.447145608470799,-0.0004994198468696,0.1157178488776659,0.0153826445383808,1,,
2026-02-19 05:00:00,79.17991955723078,79.22937774658203,79.17002490039582,79.22937774658203,3819900,0.0003746316298913,0.0026288133506797,0.0080031627882777,0.0169119864019426,0.0288017854519311,78.95113258361816,78.6879200744629,77.37037651062012,1,1,0.1599201932035896,0.1410293154667683,1,74.89422814872248,47.14465028404349,0.0114608723291079,5.486633782680531,-0.0001249753154495,0.1160673203340207,-0.0021580969082659,0,,
2026-02-20 05:00:00,79.20959598032388,79.25906171708691,79.18981421406573,79.22937774658203,5424900,0.0,0.0015004057692038,0.0071191488598238,0.0164014988094558,0.0284142208361379,78.97962799072266,78.70839202880859,77.3901933670044,1,1,0.159681363939157,0.144759725161246,1,74.89422814872248,47.63072908001861,0.0113835308373181,5.321693077547558,-0.0001249753154495,0.1152339639109489,0.0012320983882447,1,,
2026-02-23 05:00:00,79.23927129002871,79.33819521475301,79.22937663333279,79.32830810546875,6387300,0.0012486575270496,0.0011235261602315,0.0085029622541259,0.0174152162955989,0.0312526158896127,79.01109924316407,78.73221710205078,77.41021774291993,1,1,0.1655663968319061,0.1489210594953781,1,78.5106263240737,48.48661660605514,0.0116702307360081,5.575190698319622,0.0,0.116568165894577,0.0182422663011188,1,,
2026-02-24 05:00:00,79.26896037827042,79.29864435310111,79.23928395085261,79.28874969482422,3009000,-0.000498667015461,0.000749367847266,0.007495235196147,0.0163977634923475,0.0272495750902825,79.03911399841309,78.75191284179688,77.42985305786132,1,1,0.1651347243536349,0.1521637924670295,1,73.92510669500832,49.28136930880334,0.0120718940762914,5.216105626650951,-0.000498667015461,0.1156693003302504,0.0102508755547974,1,,
2026-02-25 05:00:00,79.26895141601562,79.28874073033201,79.24916964911125,79.26895141601562,4817900,-0.0002496984614437,0.0008743010215719,0.0068653300637961,0.0142361903233498,0.0280239563616646,79.06416778564453,78.77082000732422,77.45025051116943,1,1,0.1613352923434519,0.153998092442314,1,71.66897426325772,50.01935396135525,0.0122520348108853,4.685483707676188,-0.0007482409605182,0.1146727690443983,0.006255110806822,1,,
2026-02-26 05:00:00,79.26895400293708,79.30852508544922,79.24917223538715,79.30852508544922,2899000,0.0004992329118358,0.0009989645396477,0.006863831345637,0.0143616040281226,0.0272483815724069,79.09120025634766,78.7918930053711,77.47070236206055,1,1,0.1596768244573212,0.1551338388453154,1,73.41546114907993,50.811311333238834,0.012251768514473,4.72298751176408,-0.0002493815951958,0.1153708420834305,0.0159056175451246,1,,
2026-02-27 05:00:00,79.3480980878963,79.39756382908642,79.33820343017578,79.33820343017578,4896700,0.0003742138022941,0.0013735521682605,0.0072406136883571,0.0132197731381349,0.0267318110595393,79.1167594909668,78.81238128662109,77.4916374206543,1,1,0.1589252794026947,0.1558921269567913,1,74.67626859664185,51.96896093951,0.0121947271907352,4.4517109650626505,0.0,0.1159709011317956,0.0210866743293052,1,,
2026-03-02 05:00:00,79.30842781213545,79.30842781213545,79.15953688648227,79.1992416381836,4425200,-0.0017515117053852,-0.0016269913019392,0.0047220217934256,0.0109398997922474,0.0253186711594144,79.13192100524903,78.82871566772461,77.51154285430908,1,1,0.1454400766009485,0.1538017168856227,0,60.26438414822776,50.09426809005091,0.0140780085645282,3.5067775128821763,-0.0017515117053852,0.1157019910437982,0.0159346617263338,1,,
2026-03-03 05:00:00,78.98087066972006,79.21909161118154,78.98087066972006,79.15953826904297,6398400,-0.0005013099660979,-0.0016296312689829,0.0033401804728296,0.0106854701432499,0.0242915347463561,79.14821357727051,78.84425598144531,77.53196739196777,1,1,0.1300500896698366,0.1490513914424655,0,56.88635855509512,46.56707209807234,0.0140841527642909,3.413511826960314,-0.0022519436212096,0.1166723783166664,0.0205065500722796,1,,
2026-03-04 05:00:00,79.22901969250702,79.24886828225083,79.13968967929917,79.15953826904297,4116800,0.0,-0.0013802774606975,0.004133403542804,0.0119414880932817,0.0251931994733922,79.16500091552734,78.85780548095703,77.55114791870118,1,1,0.1165103552973647,0.1425431842134454,0,56.88635855509512,43.45151345837935,0.0136732352330846,3.914112575602245,-0.0022519436212096,0.1158549856685327,0.0191998935343313,1,,
2026-03-05 05:00:00,79.08012619657275,79.08012619657275,78.99079618626538,79.07020568847656,4816700,-0.0011285131586137,-0.0030049656920978,0.0031261397081883,0.0101655074917179,0.0226216492603379,79.1758373260498,78.87055404663086,77.56973831176758,1,1,0.0974483022219203,0.1335242078151403,0,49.62738098867518,41.341454454883376,0.0143936082103841,3.2694716748929467,-0.0033779154318144,0.1163730853819211,0.0152288778710161,1,,
2026-03-06 05:00:00,79.00071492459037,79.11982917523875,78.94116158571957,79.0106430053711,6814600,-0.000753288581797,-0.0041286594684862,0.0019931337509819,0.0085190742578056,0.0199297361105612,79.1752872467041,78.88230850219726,77.58764812469482,1,1,0.0766516841832185,0.122149703088756,0,45.46191052337385,39.72357124794857,0.0146974869260789,2.73310442084992,-0.0041286594684862,0.1178298344205995,0.0225730707679594,1,,
2026-03-09 04:00:00,78.94116420918945,79.10990372353567,78.92131561987514,79.09998321533203,6801500,0.0011307363990806,-0.0012532749152449,0.0009913565258108,0.0105459318281149,0.0196770722094881,79.17969856262206,78.89624389648438,77.60600463867188,1,1,0.066611368461082,0.1110420361632212,0,51.97342114162966,38.35687486800565,0.013289871163488,3.382862062046987,-0.003002591494946,0.1169386831142042,3.204954592450626e-05,1,,
2026-03-10 04:00:00,79.08012981998439,79.13969073582531,79.01064839559275,79.02057647705078,4713100,-0.0010038780673958,-0.0017554649133991,0.0001116236421578,0.0097847104369366,0.018398233281909,79.17964515686035,78.90681701660156,77.62496879577637,1,1,0.0516514796596396,0.0991639248625049,0,46.6429795362163,36.77450227484428,0.0137735355285001,3.092544091369487,-0.0040034553265948,0.1170093397931566,0.0199608317103971,1,,
2026-03-11 04:00:00,78.95109295602902,78.96102103722339,78.8319787004177,78.86175537109375,7064300,-0.0020098702519989,-0.0037618069086903,-0.002023359827758,0.0083878115089592,0.0169878604729185,79.16868324279785,78.91243972778321,77.64256488800049,1,1,0.026672658275487,0.0846656715451013,0,38.20342177055368,36.44390799081871,0.0154266630478667,2.527184321689011,-0.0060052791528276,0.116920921007517,0.0239763133822523,1,,
2026-03-12 04:00:00,78.79227071178063,78.80219879256717,78.51434503301176,78.57390594482422,14562900,-0.0036500509646916,-0.0062766972632862,-0.0064122576626792,0.0055908365701387,0.0127684175735325,79.1462963104248,78.9111228942871,77.65853031158447,1,1,-0.0161639526911301,0.064499746697855,0,28.232682078355097,37.430964155759085,0.0194029522988399,1.4804775164373292,-0.0096334105425541,0.1182903871678824,0.03246244974012,1,,
2026-03-13 04:00:00,78.67316680245405,78.70294347295471,78.4647225360423,78.49449920654297,6309900,-0.001010599350082,-0.0065325857276347,-0.0066708986944274,0.0024332931876656,0.0109858546521088,79.11548728942871,78.90782348632813,77.67347675323487,1,1,-0.0558756361012058,0.0404246701380428,0,26.201156700045885,38.500240685148896,0.0194987908222916,0.6679909423649846,-0.0106342743742028,0.1188435102610511,0.0378294199353261,1,,
2026-03-16 04:00:00,78.65331636455137,78.71287728279458,78.56398634654794,78.60369110107422,11045500,0.0013910770262248,-0.0062742379212239,-0.0064085977744655,0.0035761633270114,0.0126453594661259,79.08370780944824,78.90828491210938,77.68930404663087,1,1,-0.0776415544672772,0.0168114252169788,0,33.307775865093376,39.3931796970542,0.0197652651254722,0.962232487899348,-0.0092579904427505,0.117809895207754,0.0117693010361399,1,,
2026-03-17 04:00:00,78.69301013953599,78.76249155703576,78.69301013953599,78.7525634765625,6375600,0.0018939616372066,-0.0033916862219566,-0.0061423730732691,0.0063598375474054,0.0135489337969241,79.05986709594727,78.91113250732423,77.70530155181885,1,1,-0.0819339613593825,-0.0029376520982934,0,41.56934669108084,39.71469152946737,0.0201144043736534,1.6678294155885829,-0.0073815630842799,0.1177233449114941,0.0100962505242852,1,,
2026-03-18 04:00:00,78.6930171075582,78.73272186006047,78.53420567045639,78.5540542602539,7046200,-0.0025206699000683,-0.0039017786174289,-0.0085236500088158,0.003067976846965,0.0106150416810215,79.02758445739747,78.90843307495118,77.71968452453613,1,1,-0.100198730893652,-0.0223898678573651,0,35.29152354839371,40.57265148178337,0.0215253914652308,0.7695693774920073,-0.0098836265004663,0.1190883193980691,0.0235846547859623,1,,
2026-03-19 04:00:00,78.3853097524363,78.68308401788856,78.3257564139272,78.64338684082031,6575000,0.0011372115851646,0.0008842744313217,-0.0070242708121405,0.0033280921462592,0.0127766949311578,78.99828491210937,78.90752029418945,77.73472068786621,1,1,-0.1062406238922051,-0.0391600190643331,0,39.70452894211228,41.937591629915104,0.0221808749027404,0.8308691544062142,-0.0087576546898615,0.1195182817549957,0.0328422357846243,1,,
2026-03-20 04:00:00,78.48457132173183,78.49449940289257,78.31583180653458,78.32575988769531,10483700,-0.0040388259697906,-0.0021496961004063,-0.0114050858985284,-0.0007241754085215,0.0090647928345026,78.95310401916504,78.90084609985351,77.74826477050782,1,1,-0.1351013440247612,-0.0583482840564187,0,31.48316578804713,43.22916739897192,0.0254331514569497,-0.1511224479763128,-0.0127611100164564,0.1207668547776993,0.040489729840873,1,,
2026-03-23 04:00:00,78.38531388760846,78.61360674587465,78.36545772512011,78.52427673339844,5703300,0.0025345026462273,-0.0010103134670058,-0.0088994894726913,0.0005378737277021,0.0108635826309964,78.91290245056152,78.8987336730957,77.76193702697753,1,1,-0.1403373012346662,-0.0747460874920682,0,39.86426714895541,43.31160546877178,0.0275450311499482,0.1245794887821351,-0.0102589504373346,0.1198148801433746,0.0397531775958499,1,,
2026-03-24 04:00:00,78.36546187180602,78.5242808884882,78.34561328117451,78.40516662597656,5158000,-0.0015168571093786,-0.0044112449836547,-0.0116369742597415,-0.0003520311242594,0.0100877837895643,78.86872329711915,78.89463333129883,77.77568607330322,0,1,-0.1523419224186994,-0.0902652544773945,0,36.94424257988724,43.45660551097148,0.027091060409834,-0.0654505821608223,-0.0117602461848076,0.1200360811799918,0.0297501059470317,1,,
2026-03-25 04:00:00,78.55405254754432,78.57390870981612,78.47464304427116,78.49449920654297,7569300,0.0011393710951799,-0.0007581410567764,-0.0100171902235595,0.0009127303508329,0.0109858546521088,78.8300006866455,78.89271392822266,77.79074619293213,0,1,-0.1528849163790369,-0.102789186857723,0,40.46641570029455,43.13085224028672,0.0277215425650224,0.2015948400513569,-0.0106342743742028,0.1195068638763261,0.0331770273972349,1,,
2026-03-26 04:00:00,78.3952409227199,78.4647223446877,78.21657332724455,78.22649383544922,4914200,-0.0034143204148426,-0.005301056097888,-0.0131508940378866,-0.0022539849788828,0.0085431000988545,78.77589912414551,78.883857421875,77.80408210754395,0,1,-0.1729474065904241,-0.1168208308042632,0,34.279927995349,43.69666883697227,0.0295036860095995,-0.437354108201565,-0.0140122859689526,0.1212644601200379,0.0574826188516253,1,,
2026-03-27 04:00:00,78.20664248483918,78.33567724310717,78.17686581546248,78.30590057373047,5607000,0.0010150875283798,-0.000253547670566,-0.0126420773887611,-0.0023699241443482,0.0108323824504945,78.72428398132324,78.87599777221679,77.81762298583985,0,1,-0.1803605305502316,-0.1295287707534569,0,37.33668774074145,44.3336454281207,0.0298047196740204,-0.461008283414531,-0.0130114221373038,0.1234933483531655,0.0704034583006782,1,,
2026-03-30 04:00:00,78.48457250842772,78.55405393178934,78.44486775609148,78.45479583740234,6191800,0.0019014565004802,-0.0008848333138042,-0.0111347062900272,-0.0016012087320051,0.012120174191456,78.68706169128419,78.87210144042969,77.83118797302247,0,1,-0.1722354581397951,-0.1380701082307245,0,42.71688399991464,43.19225859911713,0.0308862128555469,-0.3042864090504154,-0.0111347062900272,0.1241432338155468,0.070468821092144,1,,
2026-03-31 04:00:00,78.61360878526347,78.72279496306054,78.59376019516733,78.68309020996094,10437600,0.0029098842221415,0.0035447100738932,-0.0065171258909354,0.0005511537313378,0.0143029087537995,78.66323928833008,78.8735595703125,77.84536617279053,0,1,-0.1456953465242065,-0.1395951558894209,0,49.8295408002221,41.06131280085608,0.0327316516502326,0.1145425221477199,-0.0082572227740371,0.1209876171860592,0.0456831044528887,1,,
2026-04-01 04:00:00,78.67013926540807,78.76977064809108,78.67013926540807,78.74984741210938,5233700,0.0008484313715984,0.0032530713380882,-0.0051755084212486,0.0011489755533773,0.0145282800777819,78.6427547454834,78.87654998779297,77.86050247192382,0,1,-0.1179161050981605,-0.1352593457311689,1,51.71745803039239,38.80857354920948,0.0329649974458585,0.2268176510761681,-0.0074157970892825,0.120184739310464,0.0301044775505006,1,,
2026-04-02 04:00:00,78.6701382640036,78.85944320966269,78.6502150282755,78.80962371826172,3624900,0.0007590656758929,0.0074543783598319,-0.0044203712961535,0.0029142542626647,0.0132627032855272,78.62972564697266,78.87935607910157,77.87579349517823,0,1,-0.090039488617208,-0.1262153743083767,1,53.40813486245045,36.20791838495576,0.0331404863655653,0.5600903260318673,-0.0066623604904194,0.1201677594263963,0.0372256207445624,1,,
2026-04-06 04:00:00,78.73988342285156,78.7996607332691,78.7000293487774,78.73988342285156,4545000,-0.000884921055574,0.0055421474747292,-0.0041775819697044,0.0016499097305271,0.012366045784562,78.61618766784667,78.88096435546875,77.89054378509522,0,1,-0.0727360720495369,-0.1155195138566087,1,51.1574298227084,33.793024303863014,0.0330659731428372,0.3208159070375262,-0.0075413858829156,0.1194965843080003,0.0268403893892505,1,,
2026-04-07 04:00:00,78.70998802803042,78.84947347465271,78.62032207008185,78.83950805664062,4098300,0.001265237252817,0.0049036163453359,-0.0021659733704335,0.001912365492565,0.0141551741075718,78.60316390991211,78.88377685546875,77.90564807891846,0,1,-0.0504030988575152,-0.10249623085679,1,54.13112789686878,31.988688518517897,0.0333761681822533,0.3692307370104183,-0.0062856902724555,0.1195951451115024,0.0149818651582038,1,,
2026-04-08 04:00:00,79.0288200869558,79.06867416119542,78.89930004671761,78.94911193847656,3755900,0.0013902151920734,0.0033809262931305,-0.0019073490375435,0.003305239284199,0.0163298025722882,78.5995906829834,78.8881900024414,77.92082019805908,0,1,-0.0235880312944374,-0.0867145909443195,1,57.21723565321682,30.310667123057964,0.0335086800252276,0.6252052696582203,-0.0049042135424915,0.1167868978239663,-0.0012979904185311,0,,
2026-04-09 04:00:00,78.94910619477312,79.05870299061183,78.88932888845632,78.98896026611328,7872100,0.0005047343365656,0.00303635958496,-0.0004001009907423,0.0041888238412717,0.0158231400164756,78.60595092773437,78.89261169433594,77.93556720733642,0,1,0.0008685182179704,-0.0691979691118615,1,58.3153265117353,28.69339275543961,0.033396907973604,0.7891506065645061,-0.0044019545308946,0.1161756164581546,-0.0071252716789598,0,,
2026-04-10 04:00:00,78.96904089207197,79.00889496536067,78.89929816416357,78.90925598144531,4625400,-0.0010090560047815,0.0012642144256362,0.0006023275810693,0.0035528204539063,0.0151798071090503,78.62271842956542,78.8954393005371,77.94924346923828,0,1,0.0136615583100905,-0.0526260636274711,1,55.26014040842365,27.19163798550829,0.0328193608044451,0.6684230865342294,-0.0054065687170239,0.1161352447968173,-0.0067197230737616,0,,
2026-04-13 04:00:00,78.90925400627121,79.03878164156407,78.90925400627121,79.02881622314453,2027400,0.0015151611837187,0.0036694593353832,0.0057895846318212,0.0053254233425734,0.0173558538844789,78.64943428039551,78.89947525024414,77.96370960235596,0,1,0.033066477283512,-0.0354875554452745,1,58.75119121116956,25.967501476098352,0.0303012066054043,0.9874357387322852,-0.0038995993563621,0.1151855692104536,-0.0262474240871518,0,,
2026-04-14 04:00:00,79.0088953247692,79.13841536250621,79.0088953247692,79.11849212646484,3176500,0.0011347241121151,0.0035386328086139,0.0079495114464003,0.0067186615681373,0.0178716625409545,78.67517433166503,78.90392486572266,77.97790382385254,0,1,0.0550465687408348,-0.0173807306080526,1,61.196883524335206,25.37602906276984,0.0300632553983832,1.2371344786964265,-0.0027693002136643,0.1139280730685172,-0.0413605857125617,0,,
2026-04-15 04:00:00,79.11849355610141,79.11849355610141,79.0686740630169,79.10852813720703,3395800,-0.0001259375525242,0.0020192272568524,0.006422561447956,0.005582976808554,0.0158326821656336,78.69297256469727,78.90942169189454,77.99214420318603,0,1,0.070845278645649,0.0002644712426876,1,60.765770059563366,24.826804678964795,0.0298783942391258,1.0337215367692605,-0.0028948890072975,0.1130218702478422,-0.0406419592468713,0,,
2026-04-16 04:00:00,79.10852436772674,79.13841302159831,79.01885080472499,79.02881622314453,5408500,-0.0010076273183119,0.0005045762964466,0.0035078571971087,0.004192348781703,0.0141745036148048,78.71671066284179,78.9135221862793,78.00550582885742,0,1,0.0760570464960608,0.0154229862933623,1,57.28875678111579,23.922488572259507,0.0296256749222914,0.7759114298727865,-0.0038995993563621,0.1126312163268657,-0.0432550450248986,0,,
2026-04-17 04:00:00,79.28786565997474,79.28786565997474,79.18823427771933,79.22808074951172,3374800,0.0025214160592326,0.0040403975946925,0.0085804163210307,0.0073550053827995,0.016604654718904,78.74594535827637,78.92101425170898,78.02020114898681,0,1,0.0951693391204315,0.0313722568587761,1,62.989866872945925,23.908354757282805,0.0290012863956299,1.3216457445338623,-0.0013880158095712,0.1115668447281265,-0.0631587943129926,0,,
2026-04-20 04:00:00,79.22807600569938,79.2380414237444,79.1782641182478,79.2081527709961,6170200,-0.0002515267103165,0.0022692551454293,0.0071813531037123,0.0076067632323246,0.0149527535338431,78.79006500244141,78.9247444152832,78.03470043182374,0,1,0.1074691103933247,0.0465916275656858,1,62.09716402644766,23.81246382134014,0.0289606000743456,1.3676957356375954,-0.0016391933968373,0.1117622700717933,-0.0648939356332262,0,,
2026-04-21 04:00:00,79.16830213156486,79.18823296851876,79.0786361694336,79.0786361694336,3238800,-0.0016351423058299,-0.0005037502100968,0.0096121158967084,0.0060853389854034,0.0140528321291226,78.81778297424316,78.92608200073242,78.04884132385254,0,1,0.1055491554495233,0.0583831331424533,1,56.49338848896044,22.921872077752774,0.0253508576480498,1.0843105836991842,-0.0032716553881967,0.1123148424184616,-0.0699861926088548,0,,
2026-04-22 04:00:00,79.15833714053328,79.1782679775948,79.10852525065374,79.12844848632812,2732100,0.0006299086492564,0.0002518103874533,0.0076940759986996,0.0058361930475607,0.0138045818602174,78.85394706726075,78.92821807861328,78.0636169052124,0,1,0.106815709984275,0.0680696485108177,1,58.06094633668133,22.094894030135933,0.0242172933754043,1.0418216061636352,-0.0026438075829667,0.1112589053045857,-0.0714099519905245,0,,
2026-04-23 04:00:00,79.15833336671766,79.15833336671766,78.98895926670517,79.04873657226562,2830200,-0.0010073736511625,0.000252064374403,0.0082082594041172,0.0049487616650698,0.0127833018370235,78.88165893554688,78.92757293701172,78.07823486328125,0,1,0.1002319665750661,0.0745021121236674,1,54.66656021489788,20.60533428322569,0.0237784816174696,0.8815432318132053,-0.0036485179320314,0.1115798365589767,-0.0704475232604031,0,,
2026-04-24 04:00:00,79.06867305984181,79.17826986212732,79.03878440492528,79.16830444335938,3701400,0.0015125842142265,-0.0007544838343532,0.0085841077225476,0.0059647782596978,0.014061961599374,78.92874946594239,78.93050613403321,78.09272769927979,0,1,0.1034696961670817,0.0802956289323503,1,58.57839083605164,19.188731743126866,0.0239610417492031,1.0521804512459607,-0.0021414524084343,0.1108892962610773,-0.07210939468855,0,,
2026-04-27 04:00:00,79.14837743766994,79.15833525457631,79.05870387580383,79.08859252929688,3304000,-0.0010068665057684,-0.001509443630694,0.0110205462571426,0.0045744317137856,0.0139270578548658,78.9678840637207,78.93006439208985,78.106821975708,1,1,0.0984684518918044,0.0839301935242411,1,55.16105725422088,17.873315098749387,0.0202923152067791,0.8067235620544857,-0.0031461627574991,0.1105871253257457,-0.0880499924192375,0,,
2026-04-28 04:00:00,79.00889487100774,79.06867218017578,78.9789986150365,79.06867218017578,3914600,-0.0002518738604901,-0.0001260010255672,0.009740921193124,0.0038187713738015,0.0124067508182581,78.99857788085937,78.92665222167969,78.12115406036376,1,1,0.0918388628358144,0.0855119273865557,1,54.3083983664678,17.1492978271516,0.0203794963721814,0.6757877002798586,-0.0033972441818298,0.1110998776278096,-0.1003573948769539,0,,
2026-04-29 04:00:00,78.9889608102656,78.9889608102656,78.84947536030757,78.87936401367188,8390400,-0.0023942246819641,-0.0031478498241916,0.0054116280813405,0.0014154036951596,0.010108731365791,79.00839157104492,78.91965194702148,78.13453960418701,1,1,0.0704966374687217,0.0825088694029889,0,46.89044375571663,17.32552869195938,0.0219314760925246,0.2526693999103405,-0.0057833350979231,0.1108510105950777,-0.107071668845189,0,,
2026-04-30 04:00:00,78.97899627685547,79.06866983933995,78.93914980618126,78.97899627685547,4333500,0.0012630966847846,-0.0008822442765596,0.0037607326568507,0.0019279879094251,0.0112585275408982,79.01984901428223,78.91523773193359,78.14885707855224,1,1,0.0609200130906941,0.07819109814053,0,50.70656030846112,16.817411527994594,0.0200868002011284,0.3387398833359626,-0.0045275433245276,0.1098975861021994,-0.0916625299496983,0,,
2026-05-01 04:00:00,79.01000213623047,79.12000274658203,78.97000122070312,78.9800033569336,3135400,1.2751239261143963e-05,-0.0023784908335443,0.0029226208353112,0.0010645912632925,0.0135480895202331,79.02836799621582,78.91025024414063,78.16255306243896,1,1,0.0528030515119724,0.0731134888148185,0,50.7450857139271,15.938521226003369,0.0199442544440086,0.1927634256390493,-0.0045148498170548,0.1095955050041796,-0.0881079774939647,0,,
2026-05-04 04:00:00,78.9800033569336,78.9800033569336,78.80999755859375,78.93000030517578,7659300,-0.0006331102764307,-0.0020052477740369,0.0015274351181322,0.0012217299537429,0.0135402061112317,79.03787384033203,78.9042626953125,78.17585437774659,1,1,0.0418530170691866,0.0668613944656921,0,48.709501977324486,16.131174888077478,0.0199825700596389,0.219659309401433,-0.0051451016956698,0.1099288300046685,-0.0852052952522527,0,,
2026-05-05 04:00:00,78.98999786376953,79.0199966430664,78.94999694824219,78.95999908447266,5180200,0.0003800681512844,-0.0013744140720548,0.0027954786323345,0.0017280008734374,0.0139254204636209,79.04389839172363,78.89689651489257,78.18877548217773,1,1,0.0351900378107075,0.0605271231346952,0,50.005222615876725,15.98561723348874,0.0196965787186008,0.3057141678968985,-0.004766989033675,0.1090954266599922,-0.0870414640572428,0,,
2026-05-06 04:00:00,79.0999984741211,79.16000366210938,79.08999633789062,79.11000061035156,4316600,0.0018997153953665,0.0029239155204106,0.0034309264527196,0.0032531619470517,0.016145364630173,79.05194282531738,78.89332153320312,78.2020128250122,1,1,0.0415346625323138,0.0567286310142189,0,55.991875749409374,14.865094193251098,0.0202701345426128,0.5583693791413079,-0.0028763295607652,0.1078042581633261,-0.0985900133085107,0,,
2026-05-07 04:00:00,79.19000244140625,79.25,79.01000213623047,79.02999877929688,6399200,-0.0010112732958849,0.0006457729883351,0.0010245440237928,0.0001057202372187,0.0147352128680864,79.05399475097656,78.88854248046874,78.21460918426514,1,1,0.0396502804205738,0.0533129608954899,0,52.38869560317558,14.39651856111649,0.0201462109666939,0.0295698218171165,-0.0038846941013751,0.1080264590791732,-0.0750121709542948,0,,
2026-05-08 04:00:00,79.1500015258789,79.18000030517578,79.0999984741211,79.12999725341797,2938500,0.0012653229870387,0.001899137631161,0.0017855278361627,0.0014964906627692,0.0171690533959159,79.06503181457519,78.88497192382812,78.22809112548828,1,1,0.0456991438763481,0.0517901974916615,0,56.18420269594309,13.961412616991495,0.0205313557054949,0.2649652245754236,-0.0026242865070804,0.1072774569252917,-0.0765923160482471,0,,
2026-05-11 04:00:00,79.0999984741211,79.1500015258789,79.05000305175781,79.08000183105469,3320500,-0.0006318137760471,0.0019004374166848,0.0021638253647902,0.0007384968899424,0.0148673365951492,79.06759109497071,78.8798078918457,78.24151588439942,1,1,0.0459292551261114,0.0506180090185515,0,53.87190568366833,13.176810811644568,0.0203183792601039,0.1365208321312288,-0.00325444222276,0.1069660532081599,-0.0789527038471327,0,,
2026-05-12 04:00:00,78.9800033569336,78.98999786376953,78.93000030517578,78.97000122070312,2154000,-0.001391004145227,0.0001266734593015,-0.0007442222375612,-0.0014035285409863,0.0128197965095202,79.06016654968262,78.8752230834961,78.25405323028565,1,1,0.0368111539390412,0.0478566380026494,0,49.08527258531169,12.852799823313536,0.0202686505243272,-0.224728256969208,-0.0046409194253649,0.1069793302504038,-0.0712436376909005,0,,
2026-05-13 04:00:00,79.01000213623047,79.02999877929688,78.91000366210938,79.0199966430664,6036000,0.0006330938532412,-0.0011377065679528,-0.0012449110283977,-2.0854402958181417e-05,0.0140972644668551,79.05573997497558,78.87243225097656,78.26703330993652,1,1,0.0332360809588863,0.0449325265938968,0,51.20726015985257,12.249892715343728,0.019976368824747,0.0081805713296958,-0.0040107637096852,0.1064514783620828,-0.0656255697569631,0,,
2026-05-14 04:00:00,79.05999755859375,79.08000183105469,78.94999694824219,78.97000122070312,2807700,-0.0006326932990026,-0.0007591744846321,-0.0017510996572157,-0.0017782479739265,0.0116774233842271,79.05279922485352,78.86864151000977,78.27932968139649,1,1,0.0260681002764187,0.0411596413304012,0,49.00763905608012,11.431075193451672,0.0200747931828276,-0.2890883538090013,-0.0046409194253649,0.1055508815169696,-0.0661021509774143,0,,
2026-05-15 04:00:00,78.8499984741211,78.87000274658203,78.77999877929688,78.79000091552734,2257600,-0.0022793504165299,-0.0042966807745711,-0.003021876310824,-0.0056699124623978,0.0098777135329104,79.0308952331543,78.86303741455077,78.29101524353027,1,1,0.0057960899239759,0.0340869310491161,0,42.01075734058176,11.668370998733089,0.0212613830120861,-0.9417826560062958,-0.0069096915602695,0.1065925331617585,-0.0536146493134054,0,,
2026-05-18 04:00:00,78.83999633789062,78.9000015258789,78.73999786376953,78.7699966430664,4162700,-0.0002538935426893,-0.0039201464442372,-0.0057818402529981,-0.0057981157568215,0.0108889080142233,79.00898742675781,78.85822448730468,78.30274532318116,1,1,-0.0117483739949051,0.0249198700403119,0,41.30496456578764,12.117674549813678,0.0189238867280052,-0.9633145738982222,-0.0071618307768898,0.106640484721504,-0.0441561291674723,0,,
2026-05-19 04:00:00,78.70999908447266,78.73999786376953,78.61000061035156,78.66000366210938,5245300,-0.0013963816890262,-0.0039255103685179,-0.0069203622317958,-0.006814461686426,0.0098576000371419,78.9880558013916,78.84942489624024,78.31181125640869,1,1,-0.0341345208567389,0.0131089918609017,0,37.56766590788708,13.216385153395686,0.0193171625574325,-1.128217374158612,-0.0085482118165591,0.1072056556989217,-0.0407705961049692,0,,
2026-05-20 04:00:00,78.69999694824219,78.93000030517578,78.68000030517578,78.87999725341797,3534900,0.0027967655869123,-0.001771695717488,-0.0025119163106205,-0.0044097341554488,0.0124276748824208,78.97563323974609,78.84661331176758,78.3216385269165,1,1,-0.0337351811044186,0.0037401572678376,0,47.750475718410506,12.827495240745836,0.0215193553604576,-0.7044757693898956,-0.0057753535742849,0.1064148360923008,-0.0525309585012697,0,,
2026-05-21 04:00:00,78.80000305175781,78.91000366210938,78.73999786376953,78.9000015258789,4069600,0.0002536038686293,-0.0008864086835782,-0.0028870395517572,-0.004157248612461,0.0121760650888269,78.96819648742675,78.84737823486329,78.33175937652588,1,1,-0.0314420791522565,-0.0032962900161811,0,48.57187843966653,12.466383178999546,0.0213934852850436,-0.6631349022564326,-0.0055232143576647,0.1062311566109971,-0.0451896293588767,0,,
2026-05-22 04:00:00,79.0,79.0,78.83000183105469,78.87000274658203,2476400,-0.0003802126580065,0.0010153805067276,-0.0022610586004774,-0.0057773242595492,0.0115372786844598,78.95328140258789,78.85330017089844,78.34148826599122,1,1,-0.0316802400265032,-0.0089730800182455,0,47.36923827774606,11.62383733376596,0.0211811775578259,-0.9323844858882312,-0.0059013270196596,0.1057749063853131,-0.0520249029993451,0,0.42531,
