Date,open,high,low,close,volume,ret_1d,ret_5d,ret_21d,ret_63d,ret_126d,ret_252d,sma20,sma50,sma200,trend_sma,above_sma200,macd,macd_signal,macd_bullish,rsi,adx,vol_21,sharpe_63,drawdown,calmar_63,rs_ratio,rs_mom_21,rs_mom_63,rs_mom_126d,rs_positive,score,score_pct
2024-10-02,101.168749214495,101.58639341237064,100.88707651035288,101.43099212646484,132276.0,,,,,,,,,,0,0,0.0,0.0,0,,0.0,,,0.0,,,,,,0,,
2024-10-03,101.87779254057612,105.17238020575807,101.56698252330038,102.12061309814452,191569.0,0.0067989177392631,,,,,,,,,0,0,0.0550124991653291,0.0110024998330658,1,99.99999998549929,7.142857142857142,,,0.0,,0.1839971993705704,,,,0,,
2024-10-04,101.95550878962872,103.11133714976542,101.82923734237572,102.348876953125,86794.0,0.0022352378041552,,,,,,,,,0,0,0.1156956194310225,0.0319411237526571,1,99.99999998477158,13.77551020408163,,,0.0,,0.1827477662253535,,,,0,,
2024-10-07,102.84906542349616,103.07246357668568,102.5091181558553,102.9656219482422,72352.0,0.0060259087688834,,,,,,,,,0,0,0.2111199369769423,0.0677768863975142,1,99.99999998470516,19.934402332361515,,,0.0,,0.1855262343213065,,,,0,,
2024-10-08,102.06233889804656,102.6217939670114,101.80980344239596,102.60625457763672,61158.0,-0.0034901685029021,,,,,,,,,0,0,0.2548091711657605,0.1051833433511634,1,95.94346174331038,22.85535315325444,,,-0.0034901685029021,,0.1831465871357756,,,,0,,
2024-10-09,102.45084912941893,103.03361696402024,102.29544042136786,102.99961853027344,87342.0,0.0038337229465781,0.0154649616544499,,,,,,,,0,0,0.3175142805420705,0.1476495307893449,1,96.12858700285835,25.87681752625531,,,0.0,,0.1825840772824176,,,,0,,
2024-10-10,103.19874282064303,103.43184849424922,102.86676157076046,103.3444366455078,79371.0,0.0033477610903287,0.0119840990984563,,,,,,,,0,0,0.3905306770745085,0.1962257600463776,1,96.28848446996012,28.93928660453609,,,0.0,,0.1835164890548234,,,,0,,
2024-10-11,103.11130671998764,103.71349685269232,102.87236919981966,103.72806549072266,80330.0,0.0037121383372651,0.0134753656186117,,,,,,,,0,0,0.4738896343512522,0.2517585349073525,1,96.46349040810814,31.945650426401485,,,0.0,,0.1831012704324008,,,,0,,
2024-10-14,103.74266022565068,104.4711219515912,103.67467076097472,104.25743865966795,116911.0,0.005103470950132,0.0125460972991073,,,,,,,,0,0,0.5760281057021501,0.3166124490663121,1,96.69506942115348,35.097962483498016,,,0.0,,0.1825428140821445,,,,0,,
2024-10-15,104.27685114384217,104.3254182149603,103.35413607495454,103.48040008544922,51021.0,-0.0074530756194314,0.0085194173728568,,,,,,,,0,0,0.5875007185812535,0.3707901029693004,1,87.62486534411829,37.09980996943739,,,-0.0074530756194314,,0.1826010568617878,,,,0,,
2024-10-16,103.93691686327878,104.0437585048523,103.55811737417108,103.97576904296876,110250.0,0.0047870800374805,0.009477224543394,,,,,,,,0,0,0.6293106800569461,0.4224942183868296,1,88.3736015334953,38.958668349238245,,,-0.0027016740514665,,0.1826811705868494,,,,0,,
2024-10-17,104.3642759686414,104.82855321696002,104.10203301873084,104.35456848144533,178758.0,0.0036431511107171,0.009774419104944,,,,,,,,0,0,0.6851137597234214,0.475018126654148,1,88.92538992273946,41.13992785889237,,,0.0,,0.1833309582539317,,,,0,,
2024-10-18,103.91747244076711,104.3545538430336,103.78149353614054,104.3254165649414,78977.0,-0.0002793544827804,0.0057588182271863,,,,,,,,0,0,0.7187010480632523,0.5237547109359689,1,88.57697985887782,42.31014281674175,,,-0.0002793544827804,,0.1825774689816443,,,,0,,
2024-10-21,104.16030309518672,104.46140562209054,103.8883452595022,103.88349151611328,98332.0,-0.0042360247711354,-0.0035867670294046,,,,,,,,0,0,0.7015722695276878,0.5593182226543127,1,83.25191000003676,43.47181070319879,,,-0.0045141959014071,,0.1821031146197796,,,,0,,
2024-10-22,103.41240980476874,104.19914596058528,103.41240980476874,104.0243148803711,64100.0,0.0013555894416195,0.0052562107845808,,,,,,,,0,0,0.6913909334132313,0.5857327648060965,1,83.5904514534914,43.34926296926128,,,-0.0031647258560889,,0.1824468901637921,,,,0,,
2024-10-23,104.01460992270326,104.2768602732297,103.60667316665688,103.66495513916016,56196.0,-0.003454574458137,-0.0029892917039177,,,,,,,,0,0,0.6468681302251014,0.5979598378898975,1,79.19135262073758,43.3116347926636,,,-0.0066083675331165,,0.183493277841753,,,,0,,
2024-10-24,103.8397763145189,104.0631670551687,103.19872655030036,103.64551544189452,79231.0,-0.0001875242914979,-0.0067946525951748,,,,,,,,0,0,0.6030631304499536,0.5989804964019088,1,78.9493053886249,42.319887380516334,,,-0.0067946525951748,,0.1830629450772827,,,,0,,
2024-10-25,103.64552944536746,104.13117057710112,103.5386878035624,103.83979034423828,70766.0,0.0018744168671018,-0.0046549176288295,,,,,,,,0,0,0.57736817263131,0.5946580316477891,0,79.61972137568901,41.48244834931282,,,-0.0049329717395034,,0.1834694517218495,,,,0,,
2024-10-28,103.91748501852852,104.14088319476542,103.5153727474793,103.8203582763672,179628.0,-0.0001871350838311,-0.0006077312075738,,,,,,,,0,0,0.5491069646796376,0.5855478182541588,0,79.34751501813861,40.648142348989005,,,-0.0051191836912546,,0.1828697656397319,,,,0,,
2024-10-29,103.92720242337568,104.02736738907882,103.45127618809532,103.5678253173828,144045.0,-0.0024324030775559,-0.0043882967507478,,,,,103.41921615600586,,,0,0,0.5005622840614024,0.5685507114156075,0,75.7242800756308,39.70957717778639,,,-0.0075391348506453,,0.1821302285333648,,,,0,,
2024-10-30,103.5969663046465,103.82569989092858,103.29586377406692,103.49983215332033,64608.0,-0.0006565085619409,-0.0015928525278207,,,,,103.52265815734864,,,0,0,0.4514003327793432,0.5451206356883547,0,74.7347755883206,38.4363054302936,,,-0.0081906939060073,,0.1825629297639131,,,,0,,
2024-10-31,102.63539079583454,102.9462008109944,102.44851796932473,102.9073486328125,94412.0,-0.0057244877424549,-0.0071220332682492,0.0145552801505375,,,,103.56199493408204,,,0,0,0.3604753284833322,0.5081915742473502,0,66.57146305785267,35.91872069589366,0.0636470237020403,,-0.0138682941215951,,0.1851473324661819,,,,0,,
2024-11-01,102.6936715414748,103.0336188336362,102.51884044689244,102.9122085571289,51340.0,4.72262125199574e-05,-0.0089328164476676,0.0077515737025943,,,,103.59016151428224,,,0,0,0.2855174948238499,0.4636567583626502,0,66.60368710797493,33.41626237810233,0.0596624032086309,,-0.0138217228560806,,0.1843779244512611,0.0020691895419775,,,0,,
2024-11-04,102.4799899322538,102.90745281762858,102.3639965796531,102.63539123535156,33408.0,-0.0026898394821998,-0.011413628894068,0.0027993886279551,,,,103.57364997863768,,,0,0,0.2014537932699482,0.4112161653441099,0,62.88525366822863,31.381985598415405,0.0601642658534898,,-0.01647438412243,,0.1842788724652286,0.0083782487277415,,,0,,
2024-11-05,102.4799880674874,102.95591427557676,102.18860044032525,102.8587875366211,36360.0,0.0021766010591537,-0.0068461201979366,-0.0010375736056332,,,,103.58627662658692,,,0,0,0.1511169366749101,0.3591963196102699,0,64.60276072756287,29.815564293378817,0.0568031145927231,,-0.014333641225206,,0.1824735577992838,-0.0164541501809164,,,0,,
2024-11-06,105.18988021595486,105.64249369517918,104.57602610256096,104.94705963134766,71702.0,0.0203023207325194,0.0139828968600013,0.0228134733437694,,,,103.68364868164062,,,0,0,0.2765429063102687,0.3426656369502697,0,75.85210314594666,30.445379248305677,0.0891793760442614,,0.0,,0.1816610782819702,-0.008111037595825,,,0,,
2024-11-07,105.2578535169426,105.72406481801832,105.23842372339234,105.49095916748048,64902.0,0.0051826086223225,0.0251061811327648,0.0241878627586837,,,,103.79097480773926,,,0,0,0.4150476272111234,0.3571420350024404,1,77.82847891501856,31.092282934644054,0.0898224442316514,,0.0,,0.1812014624114955,-0.0075724832718215,,,0,,
2024-11-08,105.76291471414038,105.87947124204338,105.1898617917807,105.79691314697266,200572.0,0.0029002862606115,0.0280307325077218,0.0237310936231365,,,,103.89441719055176,,,0,0,0.5432394197030845,0.3943615119425693,1,78.87582925738013,31.8149917334592,0.0896980226302782,,0.0,,0.1809432123563312,-0.0140220462572357,,,0,,
2024-11-11,105.86975652786204,106.70505978686876,105.86975652786204,106.41853332519533,113478.0,0.0058755984435869,0.036860015286235,0.0259377037617007,,,,104.00247192382812,,,0,0,0.6870717565882956,0.4529035608717145,1,80.85467901679827,33.07007733565449,0.090788424308068,,0.0,,0.1818331021608543,-0.0069260484569639,,,0,,
2024-11-12,106.530221687904,106.80217949195072,106.1514222593683,106.57878875732422,52743.0,0.0015058977710131,0.0361661002408635,0.0222655584819606,,,,104.15739135742189,,,0,0,0.8047149409663206,0.5232658368906358,1,81.3399869992161,34.29810649823028,0.0897061363812384,,0.0,,0.1826743906510013,0.00072079840293,,,0,,
2024-11-13,106.45254139268172,106.85134870617146,104.89849115394178,106.76335144042967,52611.0,0.0017317018260143,0.0173067431852038,0.0317253446282537,,,,104.29677047729491,,,0,0,0.9024379354593322,0.599100256604375,1,81.90875995452316,33.357294843787535,0.0841909525368656,,0.0,,0.1829018509444817,0.0016472745988624,,,0,,
2024-11-14,106.89932438407664,107.452954982182,106.64339500330588,106.8119125366211,69221.0,0.0004548479935881,0.0125219580859381,0.027276965775365,,,,104.41963768005373,,,0,0,0.9725911617758384,0.6737984376386678,1,82.06367363191264,32.99707729221167,0.0833945885481663,,0.0,,0.1841693036983903,0.0081460673081976,,,0,,
2024-11-15,106.21943172536676,106.50110447843215,105.84694579746208,106.02031707763672,73587.0,-0.0074111158595064,0.0021116299523191,0.0159623926429974,,,,104.50438270568849,,,0,0,0.9533236396629547,0.7297034780435252,1,71.33977589452473,31.60874230099896,0.0881305773049778,,-0.0074111158595064,,0.1851762644461337,0.0100654369004393,,,0,,
2024-11-18,106.10287038424823,106.44281768798828,105.82119764392208,106.44281768798828,90985.0,0.0039850909900804,0.0002281967438768,0.0202961195149296,,,,104.63234901428224,,,0,0,0.9610676680109408,0.7759763160370083,1,73.34210856813733,30.28723206608489,0.0887274966985026,,-0.0034555588404642,,0.1851555613901686,0.0141205397517234,,,0,,
2024-11-19,106.37481751867588,106.49137404406554,105.3841129888952,106.15628051757812,97021.0,-0.0026919352252593,-0.0039642807417161,0.0218782500308272,,,,104.73894729614258,,,0,0,0.9333249225755368,0.8074460373447141,1,69.78141395247397,28.51123110733232,0.0877412583267431,,-0.0061381919251579,,0.1839845544178245,0.010331727724554,,,0,,
2024-11-20,106.45252995966872,106.65649833688184,105.62694155372168,105.88433074951172,34316.0,-0.0025617868932528,-0.0082333561007441,0.0178805875460912,,,,104.84991607666016,,,0,0,0.8792589733137248,0.8218086245385163,1,66.48242691385985,27.043790491810597,0.0886119210489222,,-0.0086842540787887,,0.1834510483875573,0.0055038385300167,,,0,,
2024-11-21,106.2776967050384,107.2062437345616,106.02516866807186,107.19070434570312,60514.0,0.0123377423925157,0.0035463442240317,0.0340110040255166,,,,105.02717552185058,,,0,0,0.9310917048040466,0.8436652405916225,1,73.06896580018585,26.259360310842784,0.0955414923280965,,0.0,,0.1847228010180823,0.0067006442458867,,,0,,
2024-11-22,107.69577022739306,108.38537971654436,107.3752527256011,108.21055603027344,82571.0,0.0095143668548083,0.0206586719697587,0.0440447478013474,,,,105.24571380615234,,,0,0,1.0424463529766683,0.8834214630686317,1,76.88741881987316,26.543360617659324,0.0990856853860692,,0.0,,0.185904127956339,0.0155202511237697,,,0,,
2024-11-25,108.42422383028918,108.83799245712264,108.2882449219955,108.48250579833984,63940.0,0.0025131537813216,0.0191622897124954,0.0447103700682613,,,,105.47882118225098,,,0,0,1.1395042912713222,0.9346380287091698,1,77.79166519176547,27.13221616688014,0.0990942584610268,,0.0,,0.1857412732415985,0.0123825601397296,,,0,,
2024-11-26,108.16199323499984,108.54079272416656,107.98716213151552,108.49222564697266,37737.0,8.959830491828136e-05,0.0220047755818624,0.0449995304212789,,,,105.72504119873048,,,0,0,1.203336404170642,0.9883777038014644,1,77.82505825848393,27.24908864985903,0.0990182674989663,,0.0,,0.1847930007571419,0.0105169660533108,,,0,,
2024-11-27,108.4533722727754,108.83217173188784,107.38495594164296,107.46751403808594,29811.0,-0.009445023390165,0.0149520073212676,0.037653476924446,,,,105.92342529296874,,,0,0,1.1578907072527045,1.0222803044917124,1,66.47662050301201,26.55054610246873,0.1058235954768897,,-0.009445023390165,,0.1836039507303656,0.008091584844911,,,0,,
2024-11-28,107.8026038616406,107.96626763106804,107.67633984972016,107.72490692138672,30806.0,0.0023950761828319,0.0049836651316397,0.0408220446368217,,,,106.16430320739748,,,0,0,1.1296225341785942,1.0437487504290888,1,67.74878217214345,25.901899451320595,0.1054647131279776,,-0.007072568757901,,0.1840436961798337,0.0081109917431514,,,0,,
2024-11-29,107.36553414619246,108.00657653808594,107.3530996711373,108.00657653808594,28922.0,0.0026147120916499,-0.0018850239724341,0.0495516401211364,,,,106.41902160644533,,,0,0,1.1170712849919084,1.0584132573416527,1,69.12938252518843,24.86499701689409,0.1017308199912093,,-0.0044763493973014,,0.1833857367665354,-0.0095145615990349,,,0,,
2024-12-02,107.98716190214928,108.85160252023682,107.85118297864982,108.76419067382812,64801.0,0.0070145185601271,0.0025965926341331,0.0568638279048365,,,,106.72546157836912,,,0,0,1.1549439833807185,1.077719402549466,1,72.53498848259454,24.707671397353412,0.1026242564433154,,0.0,,0.1843416997783131,-0.0001964696861393,,,0,,
2024-12-03,108.76417912457136,109.13326367626458,108.55049586453514,108.83216857910156,35987.0,0.0006250026304823,0.0031333390950523,0.0603766134582199,,,,107.02413063049316,,,0,0,1.176877309509095,1.0975509839413915,1,72.82467495800522,24.802906529820007,0.1010789958654307,,0.0,,0.1843714301490021,0.0005022696445624,,,0,,
2024-12-04,108.77388661072229,109.33723203985517,108.73280393650808,108.83216857910156,296627.0,0.0,0.012698298208815,0.0580736093195124,,,,107.21838607788088,,,0,0,1.1806498321508911,1.1141707535832917,1,72.82467495800522,25.06538792009879,0.1015323393318119,,0.0,,0.1832335987441796,0.0041652114095993,,,0,,
2024-12-05,108.83216568305274,109.13326077220354,108.68647188142364,108.84187316894533,72806.0,8.917023312560168e-05,0.0103686907650217,0.0371121739978153,,,,107.3859317779541,,,0,0,1.170924968656621,1.1255215965979577,1,72.87204940943204,25.235749625742795,0.079064518865331,,0.0,,0.1835520121688308,0.0104091305894677,,,0,,
2024-12-06,108.59906065374932,109.1624061094809,106.93816897726768,108.94872283935548,42241.0,0.0009816963572861,0.0087230456835869,0.0327778200062183,,,,107.54352226257323,,,0,0,1.1584855197561552,1.1321143812295973,1,73.42144044938144,23.70487122595642,0.078098848938715,,0.0,,0.183384568402863,0.012047949074549,,,0,,
2024-12-09,109.15269413520032,109.28867305432196,108.42423246406508,108.61363220214844,110568.0,-0.0030756729264383,-0.0013842650852907,0.0266238302365477,,,,107.6532772064209,,,0,0,1.1088065215554224,1.1274528092947624,0,68.72110847447668,22.14457019150546,0.0795261268022784,,-0.0030756729264383,,0.1837668857586493,0.0156053016056634,,,0,,
2024-12-10,108.4145258411539,108.5699271455476,108.2396947422764,108.25911712646484,85814.0,-0.0032640016588689,-0.0052654602046288,0.017295707277275,,,,107.73729362487794,105.3435203552246,,1,0,1.0289678528643833,1.1077558180086866,0,64.04937932982969,20.89630592168804,0.079149501809751,,-0.0063296355837733,,0.183738306570323,0.0104777644269813,,,0,,
2024-12-11,108.103708393468,108.71561349234308,107.99686676203498,108.69132995605467,58323.0,0.0039923919671811,-0.0012940900184721,0.0198214037085806,,,,107.83369255065918,105.4887271118164,,1,0,0.9891685763032,1.0840383696675893,0,66.99523692083548,20.002559577340115,0.0798828357076288,,-0.0023625140028519,,0.18305671102533,0.0020929062523007,,,0,,
2024-12-12,108.64937680343,109.07808419474917,108.51491651499768,108.93193817138672,46511.0,0.0022136836068646,0.0008274848623892,0.0203120893237136,,,,107.93969383239748,105.62495361328124,,1,0,0.9659080482968108,1.0604123053934336,0,68.54067712944833,18.716268638706413,0.0799598936604407,,-0.0001540602545062,,0.1844121399656809,0.0082573741785569,,,0,,
2024-12-13,109.23398785376182,109.3996249764149,108.81560581726774,109.0196304321289,32609.0,0.0008050188238111,0.0006508345478999,0.0206692104193049,,,,108.08965950012208,105.75836868286132,,1,0,0.9436718827863756,1.037064220872022,0,69.10841938145798,17.625343649920097,0.079940662582315,,0.0,,0.1845972552518432,0.0023236855700652,,,0,,
2024-12-16,109.70167783565032,109.73091447732664,108.63964363198568,108.70784759521484,71893.0,-0.002859877947469,0.00086743616944,0.0253492027911037,,,,108.2029109954834,105.8732131958008,,1,0,0.8906247247233665,1.007776321642291,0,64.64168492538474,16.997551704265998,0.0753386607488137,,-0.002859877947469,,0.1832867116135548,-0.0102040768466229,,,0,,
2024-12-17,108.1914458871706,108.46426174207876,107.8504260685354,108.10862731933594,51994.0,-0.0055122080800473,-0.0013900889931801,0.0156498077327356,,,,108.30052833557129,105.98326065063476,,1,0,0.791112943837831,0.9644436460813992,0,57.01451242768969,16.126609205174827,0.0780549035257244,,-0.0083563217851864,,0.1830304890001497,-0.0114772269007943,,,0,,
2024-12-18,108.37657645153116,108.53246804326132,108.03554919187675,108.2304229736328,36013.0,0.0011266043914988,-0.004240512859749,0.019538575070094,,,,108.41783294677734,106.08787673950197,,1,0,0.7138482338704222,0.9143245636392038,0,58.09676451977224,15.23156165083637,0.0770468538963299,,-0.0072391316625076,,0.1888655227463885,0.0265292287388398,,,0,,
2024-12-19,106.3012177973526,107.06120699331372,105.88224844141573,106.86634063720705,88531.0,-0.0126035018523218,-0.0189622765265572,0.0092743645895863,,,,108.40161476135252,106.15831481933594,,1,0,0.5363624971284224,0.8387321503370476,0,44.56405513324393,16.339656108057078,0.0896137505366996,,-0.0197513951055118,,0.1865424560068195,0.0168514033930802,,,0,,
2024-12-20,106.8565891267584,107.2463292508995,105.06769020832957,107.1976089477539,152020.0,0.0030998376904423,-0.0167127835340563,6.441418677982647e-05,,,,108.35096740722656,106.22770568847656,,1,0,0.4176202894439313,0.7545097781584243,0,47.74726883150068,17.87771564463726,0.0792995412746153,,-0.0167127835340563,,0.1848998735944661,0.0009585853798659,,,0,,
2024-12-23,107.33402152476278,107.91862797896798,106.86633190119396,107.36325073242188,66756.0,0.001545200366817,-0.0123689033730086,-0.0078301538124849,,,,108.29500465393066,106.28982192993163,,1,0,0.3330430293291044,0.6702164283925603,0,49.31449897563877,18.48053893603435,0.0717134085662315,,-0.0151934077664868,,0.184083228029417,-0.0097948332128998,,,0,,
2024-12-24,108.0160570308508,108.12323574396414,107.80803309495371,107.86990356445312,33037.0,0.004719052642081,-0.0022081841274116,-0.0056470140450617,,,,108.26388854980468,106.37761199951171,,1,0,0.3034001821723535,0.596853179148519,0,53.87187477627397,18.799084185564887,0.073220011322895,,-0.0105460536154683,,0.1829187903893711,-0.0151957763773701,,,0,,
2024-12-27,108.39605271471912,108.82476757164746,107.23657795184889,107.52888488769533,72466.0,-0.0031613885383149,-0.0064818935994399,-0.0088793529078478,,,,108.26695709228515,106.44867431640624,,1,0,0.2495144082520823,0.5273854249692317,0,50.575592102639895,18.30589320226287,0.0738877543708981,,-0.0136741019807589,,0.1842680844396545,-0.002840563848937,,,0,,
2024-12-30,107.31453489357024,107.84068295433885,106.26516763986024,107.03684997558594,64145.0,-0.0045758394372198,0.0015955382898131,-0.0040073883382784,,,,108.23255424499511,106.50231994628906,,1,0,0.1652020920123647,0.4549487583778583,0,46.18460622090036,18.591482723980423,0.0680867346421136,,-0.0181873709228665,,0.1855422526143679,0.0105569726375267,,,0,,
2024-12-31,106.72990830118596,107.6945091806398,106.54478010163513,107.33887481689452,26050.0,0.0028216902999058,0.001317808023213,-0.0035834990767168,,,,108.19916915893556,106.56258911132812,,1,0,0.1213559388005904,0.3882301944624047,0,49.105548228448015,18.856672994146724,0.0683059082665549,,-0.0154169997510746,,0.1867451678958549,0.0146784256787664,,,0,,
2025-01-02,107.24631852230353,108.68835460726628,107.15863090582292,108.3765640258789,81806.0,0.0096674127687153,0.0094381763456705,0.0034256014740223,0.0684758351841248,,,108.17978782653807,106.65245056152344,,1,0,0.1683991922567713,0.344263994021278,0,57.617224946526136,18.02879048590181,0.0758689657413243,3.274499588157561,-0.0058986294826081,,0.1890149328515602,0.0306959318880464,,,0,,
2025-01-03,107.95759239937136,108.35707058859587,107.55810677647317,108.25476837158205,152470.0,-0.001123819115245,0.0035678608621261,-0.004683731833888,0.0600677481983211,,,108.1509178161621,106.73705963134766,,1,0,0.1936214703511041,0.3141354892872433,0,56.42444278787077,17.260042442531528,0.0717491757742532,2.913573873763783,-0.0070158196052868,,0.1864709786853949,0.0115507175513862,0.0134446574365638,,1,,
2025-01-06,108.44477814095706,109.07809747576826,108.23042070236116,108.99040985107422,123267.0,0.0067954649070709,0.0135919289491872,0.0014539935575907,0.0648911164994119,,,108.15882987976076,106.84356872558594,,1,0,0.2698596527451968,0.305280321978834,0,61.59582184765706,16.226494788205805,0.0757315507096794,3.1073796753103715,-0.000268030454138,,0.1866628416631474,0.0124282352872864,0.021423383271159,,1,,
2025-01-07,108.1719436854568,111.07549948671549,107.66528678317596,108.24989318847656,58999.0,-0.0067943286350561,0.0113329494764402,-0.0053502139875287,0.0513207334666574,,,108.12923088073732,106.93565628051758,,1,0,0.2674425444678547,0.2977127664766381,0,54.57467737296371,16.784395373904523,0.0793909781695742,2.457776373679898,-0.0070605380022045,,0.1875142930034248,0.0233619504751507,0.0107157819991927,,1,,
2025-01-08,108.01606043435432,108.89297382669712,107.98667511972768,108.76630401611328,46074.0,0.0047705435305842,0.0132983432298294,-0.0006943022077059,0.0600358083806245,,,108.1201099395752,107.03418655395508,,1,0,0.3036961861193816,0.2989094504051868,1,58.15669579458119,17.30244591776762,0.0812721066118973,2.859850609312712,-0.0023236770755091,,0.188133946057899,0.0249625914471245,0.0272315143848462,,1,,
2025-01-09,109.21449861333136,109.6311783455622,108.78579119646724,109.19501495361328,56089.0,0.0039415786109315,0.0075519180285041,0.0022606241527123,0.0601497026080626,,,108.14917907714845,107.1416796875,,1,0,0.36283827432365,0.3116952151888795,1,60.91234136849223,18.248270430860835,0.0823713814282599,2.864523199011316,0.0,,0.1888754907956709,0.0299421180344101,0.0344576241635896,,1,,
2025-01-10,109.01963267632708,109.3216777219326,108.00923282673084,108.33759307861328,65176.0,-0.0078522071301903,0.0007650906124241,-0.0025414776942677,0.0483156771199306,,,108.15310287475586,107.2370750427246,,1,0,0.3366414328959592,0.3166844587302955,1,53.34557283823819,18.30171470395621,0.0862759042043314,2.2768163365869936,-0.0078522071301903,,0.1902977811961036,0.0355390222264071,0.0369519500738395,,1,,
2025-01-13,108.55195379726192,108.58702587268012,108.00631466886644,108.1963119506836,54512.0,-0.0013040822111228,-0.007285942877687,-0.0005801375204999,0.0430765428702666,,,108.1283519744873,107.33100463867189,,1,0,0.3010101830206508,0.3135496035883666,0,52.19501498838081,18.348299936060965,0.0856370645279621,2.042071333772965,-0.0091460494176766,,0.1897553871422782,0.0327481007323438,0.0363411826371462,,1,,
2025-01-14,108.94168102810184,109.53603299457104,108.47399886562786,108.62989044189452,88893.0,0.0040073315198447,0.0035103707008405,-0.0005652660077395,0.0419389910057137,,,108.11324958801268,107.44545547485352,,1,0,0.304251104120695,0.3116899036948323,0,55.37589888443125,19.036270204554757,0.0856458855922676,1.9949438849413303,-0.0051753691499454,,0.1902540417938604,0.0393174919849537,0.0422433923268315,,1,,
2025-01-15,108.6201632066773,110.14988708496094,108.59823386634824,110.14988708496094,62813.0,0.0139924346501985,0.0127206958199359,0.0111808247793954,0.0644516932095775,,,108.1697624206543,107.59020904541016,,1,0,0.4245763317328936,0.3342671893024446,1,64.33519791020977,20.045455613633298,0.0982905464659095,2.9279741053667414,0.0,,0.1894696883480329,0.0274252464251714,0.037615507841469,,1,,
2025-01-16,110.99755305748728,111.07550256266563,110.28628426533815,110.54935455322266,54924.0,0.0036265808239421,0.0124029434877106,0.0140316392105739,0.0632222831411548,,,108.26183776855468,107.74848831176756,,1,0,0.5458761077379108,0.3765889729895378,1,66.25283038930851,21.482249096764317,0.0988678482135405,2.8802048383407626,0.0,,0.1905232207589916,0.0321021322828647,0.0429275231100729,,1,,
2025-01-17,111.00730110901,111.92318923133844,110.89037684860396,111.78678131103516,50101.0,0.011193432678223,0.0318374087369563,0.0283230124037139,0.0712207710476164,,,108.44574546813963,107.92704818725586,,1,0,0.733402840470589,0.4479517464857481,1,71.3854116102269,23.21636674076164,0.1043570292304086,3.1482451991434868,0.0,,0.1907408104591989,0.0406690631307766,0.0404178992781123,,1,,
2025-01-20,111.67960935668646,112.069342047613,111.0365370360434,111.42627716064452,99887.0,-0.0032249264730824,0.0298528217064659,0.0306881136461825,0.0680645314393055,,,108.60553817749025,108.0566325378418,,1,0,0.8432094613499999,0.5270032894585985,1,68.13424394473034,24.892782111299454,0.1027499559688185,3.002453381731197,-0.0032249264730824,,0.1901256853700519,0.0387651063419076,0.0413425404049525,,1,,
2025-01-21,111.40678224439256,111.89395552501418,111.28986541459491,111.38729858398438,69310.0,-0.0003498149418017,0.0253835121334746,0.0291680982446189,0.0722329116817102,,,108.8315860748291,108.17455932617187,,1,0,0.9165216629168071,0.6049069641502403,1,67.77482686881658,26.44945352679885,0.1029374955404471,3.198613374535021,-0.0035736132874177,,0.1883352679730576,-0.0028075784591078,0.034223211208058,,1,,
2025-01-22,111.8452470375279,112.2934455812124,111.6990935608825,112.25447082519533,51994.0,0.0077851986019492,0.0191065446904279,0.0504193383609912,0.0791176173982879,,,109.08442916870118,108.30371047973632,,1,0,1.032691439364413,0.6904638591930748,1,71.39063633987128,28.09050646347589,0.0916226309596271,3.450417373432142,0.0,,0.1887404589553181,0.0117828562759902,0.0344953470342845,,1,,
2025-01-23,112.14729259745812,112.3421663784,111.92465404169964,112.2008819580078,64735.0,-0.0004773873752518,0.014939276773344,0.0466733638871776,0.0823414895360634,,,109.32631072998046,108.41935745239256,,1,0,1.1076641871831754,0.773903924791095,1,70.86149162676406,29.63854515881408,0.0920958988604798,3.601075659955116,-0.0004773873752518,,0.1876262801010526,0.0147453129825616,0.0225239981971652,,1,,
2025-01-24,112.23498663064989,112.24472474435191,111.36645095987306,111.50422668457033,37072.0,-0.0062089999764726,-0.0025276210939346,0.0385697706049239,0.0758229741940117,,,109.50802688598633,108.5178662109375,,1,0,1.0982069257734397,0.8387645249875639,1,64.19965555337768,30.25921378411693,0.0965882836025966,3.2859560707568325,-0.0066834232535227,,0.1870072517716902,0.015884248519403,0.0215461774240679,,1,,
2025-01-27,110.06219033508424,110.55910917931266,108.47400806343607,109.66271209716795,109015.0,-0.016515199846296,-0.0158271918295718,0.0166200995224179,0.0560760160784816,,,109.61471824645996,108.57585342407226,,1,0,0.9313807632719032,0.8572877726444319,1,50.645648524405495,28.312234251308706,0.1148452770138887,2.3006795226775147,-0.0230882450291294,,0.186557717918436,0.0198936780705734,0.0168325907534105,,1,,
2025-01-28,110.3642301531642,110.92935293473792,110.10115985618287,110.5883331298828,55400.0,0.0084406177360878,-0.0071728596012153,0.0284523386007657,0.0651892843164672,,,109.7922924041748,108.6513818359375,,1,0,0.8639011939699088,0.8586104569095273,1,55.70748471592295,26.36657303872195,0.1168055991946676,2.6258728080839373,-0.0148425063435296,,0.1865296299724088,0.0122731266221791,0.0200135015204598,,1,,
2025-01-29,111.22166155899698,111.54319770859652,110.91960906982422,110.91960906982422,64216.0,0.002995577657838,-0.0118913905660806,0.0362749753484328,0.0709852092569476,,,109.9713291168213,108.74936767578124,,1,0,0.8276141283984799,0.8524111912073179,0,57.391776865142056,25.0260441149642,0.1148842980413032,2.852447527429043,-0.0118913905660806,,0.1879309038808365,0.0128738938587387,0.0318490532526238,,1,,
2025-01-30,111.15345383565814,111.58216125360948,110.8903761099156,111.1924285888672,36614.0,0.0024596148627897,-0.0089879272920333,0.0359008213803835,0.0743247237749273,,,110.1121223449707,108.84435989379882,,1,0,0.8115159716676459,0.8442321472993835,0,58.78187524587678,23.810896681027785,0.1148475168188988,2.9807145642044346,-0.0094610239442664,,0.1873874200522939,0.003439190227386,0.026426450838731,,1,,
2025-01-31,112.04011156148738,112.43959722890844,111.95242393713124,112.15703582763672,107446.0,0.0086751162018066,0.0058545685888042,0.0348827427381355,0.0898836411365369,,,110.30723571777344,108.964375,,1,0,0.866604136049105,0.8487065450493279,1,63.33643651484824,23.314358546932223,0.1140293151120786,3.5649704523448,-0.0008679832245642,,0.1900243101490438,0.0053401986935939,0.0263410637242247,,1,,
2025-02-03,110.28628672452304,110.7149941452155,109.7114184031066,110.35935974121094,113834.0,-0.0160282061054863,0.0063526392036128,0.0194410962333311,0.0723641178096761,,,110.37568321228028,109.05387557983398,,1,0,0.75648418801714,0.8302620736428904,0,51.83987704875538,22.22278979903593,0.1292805556951699,2.741092357854501,-0.0168822771160311,,0.1882453411008201,0.0095154882970762,0.0209754864150306,,1,,
2025-02-04,110.38372507459552,111.14371421853262,109.99398495538624,110.70526123046876,44867.0,0.0031343194638764,0.0010573276337264,0.0157339657841248,0.0786265819030427,,,110.49845161437987,109.12416671752928,,1,0,0.6891802542233023,0.8020457097589728,0,53.58566724530973,20.884789896336077,0.1278080869827197,2.971430381645375,-0.013800872101914,,0.1875770649848044,0.0048977252971795,0.0178978331886534,,1,,
2025-02-05,110.11090537107518,110.48115438285676,109.74064892561935,110.43243408203124,88507.0,-0.0024644460923094,-0.0043921448324462,0.0201620604812478,0.0736314973838641,,,110.58175811767578,109.16860427856446,,1,0,0.606831356882978,0.7630028391837739,0,51.984995390819954,19.821974573751667,0.1254352812975871,2.7859763075774304,-0.0162313066889014,,0.1863591863262265,-0.0061600993646772,0.021294200506666,,1,,
2025-02-06,111.30935356997162,112.53703236814393,111.27037881390709,111.86473083496094,48444.0,0.0129698920868281,0.0060462951895723,0.0284870102636625,0.0659158172502716,,,110.71524391174316,109.23624877929689,,1,0,0.6496548237944069,0.7403332361059005,0,58.92228807118052,19.38154981696969,0.1316199425124902,2.6186210056097727,-0.0034719328982566,,0.1881224051323734,-6.134419527870083e-05,0.0355680309261077,,1,,
2025-02-07,111.99139031956145,112.18625664823348,111.54319181667658,111.56267547607422,52058.0,-0.0027001840225437,-0.0052993585928564,0.0216828627521754,0.0575567456823868,,,110.8764980316162,109.2976577758789,,1,0,0.6517069151238672,0.7226079719094939,0,57.05027446111347,18.972583971386427,0.1319960782548479,2.303482625774602,-0.0061627420630612,,0.1893476253010476,0.002499712924042,0.0449563860089208,,1,,
2025-02-10,111.6308857955325,112.3519001731133,111.6308857955325,112.21549224853516,81610.0,0.0058515697089116,0.0168189858266374,0.0357945848686886,0.0606688693520371,,,111.07745704650878,109.3926173400879,,1,0,0.6979643712036818,0.7176792517683316,0,60.00758208656787,18.697898988264058,0.1288430063369529,2.412249383013237,-0.0003472340689295,,0.1891709081319557,-0.0059216300740083,0.0454711490333314,,1,,
2025-02-11,112.26421753362962,112.35190516031894,111.66986550715308,111.99140167236328,40202.0,-0.0019969664765677,0.0116176993541166,0.035075961955242,0.0523674605638315,,,111.24553260803222,109.47794723510742,,1,0,0.7083757866005982,0.715818558734785,0,58.5180731929792,18.44283770980398,0.1290692310726943,2.103637042357264,-0.0023435071307021,,0.1886496768562005,-0.0058270297498781,0.0374880844815375,,1,,
2025-02-12,111.79652318889973,111.9816514156916,111.07550880963444,111.5139617919922,64605.0,-0.0042631833626644,0.0097935694250621,0.0265495190906075,0.046305396150684,,,111.3137363433838,109.54809494018556,,1,0,0.6703738476757053,0.7067296165229691,0,55.36487630349751,17.661598844394856,0.1303590893855761,1.8619698371747455,-0.0065966996927566,,0.1884525219064244,-0.0094690229466343,0.0316307679189813,,1,,
2025-02-13,111.41651823543604,112.30317709828392,111.28011032325536,111.67959594726562,35169.0,0.0014853221301776,-0.001654988898766,0.0138875209297744,0.0460480533863632,,,111.37024841308592,109.6064030456543,,1,0,0.6461736418426796,0.6946184215869111,0,56.24571731688548,17.181504966967367,0.1219186484481026,1.8522685490712296,-0.0051211757866188,,0.1867607050973621,-0.0142977131291562,0.0210979502555812,,1,,
2025-02-14,111.98164477302564,112.04010318489247,111.27036854939222,111.56267547607422,26143.0,-0.0010469277776274,0.0,0.0091662310191391,0.0444778379735901,,,111.35904312133788,109.66101318359377,,1,0,0.6105225752762635,0.6777992523247816,0,55.41439634822191,16.726113329334428,0.1215723503321039,1.791027392804532,-0.0061627420630612,,0.1865743590293216,-0.0207264065447708,0.0130589369815399,,1,,
2025-02-17,111.86473184449846,112.07022091404174,111.77704421781785,111.9134521484375,80308.0,0.0031442117255291,-0.002691607852405,0.001133146834686,0.0555849598759956,,,111.38340187072754,109.72263885498047,,1,0,0.6036154904309541,0.6629624999460161,0,57.44647113099195,16.328817590263732,0.1156748376257176,2.2417173555050085,-0.003037907303388,,0.1871609883166647,-0.0187679927222496,0.0107180252094796,,1,,
2025-02-18,112.05960943357488,112.2934505463422,111.63089453210571,111.7965316772461,63378.0,-0.0010447401000223,-0.0017400442552482,0.0033228653602757,0.0502966203408006,,,111.40386352539062,109.78173202514648,,1,0,0.5819981585576386,0.6467696316683407,0,56.52176175315756,16.156856312138984,0.1151354436071053,2.040595234739893,-0.0040794735798304,,0.1864181790647125,-0.0195002915998604,0.006819226303893,,1,,
2025-02-19,111.98165330157292,112.0888320206075,111.55585985951576,111.9231948852539,43593.0,0.0011329797633927,0.003669792433929,0.0048111078020756,0.0543247591151316,,,111.38729972839356,109.84122146606444,,1,0,0.5685332324175221,0.631122351818177,0,57.32321503329592,15.906765565889772,0.1151635398192694,2.201474176640117,-0.0029511157774489,,0.1861908949765356,-0.0113859343478288,0.0119919879453607,,1,,
2025-02-20,111.78678003880655,111.94267161723296,110.95857954595266,111.09011840820312,75257.0,-0.0074432871390498,-0.0052782921899255,-0.0103724369143867,0.0491648539669824,,,111.33176155090332,109.89075119018554,,1,0,0.4850485344812796,0.6019075883507976,0,50.70317656006681,14.974753779879984,0.1146963789685793,1.979365438631426,-0.0103724369143867,,0.1855771017026676,-0.0167603558355197,0.0115892132195336,,1,,
2025-02-21,111.27037745541588,111.74781263612174,110.9098739751507,110.98782348632812,43111.0,-0.0009208282729442,-0.0051527268173967,-0.0108114878467147,0.0354239592304461,,,111.3059413909912,109.9453253173828,,1,0,0.4059523980627801,0.5627165502931941,0,49.94050631899936,14.053629895643905,0.114706954675988,1.487632762766197,-0.0112837139541608,,0.1886326207215909,0.0053635376664522,0.0211658749323853,,1,,
2025-02-24,110.63705418898871,110.66628339622316,109.48732495783013,109.91116333007812,135206.0,-0.0097007051983736,-0.0178914042943079,-0.0142870221323425,0.0157157246223642,,,111.31836395263672,109.96972198486328,,1,0,0.2534688325860372,0.5008670067517628,0,42.66615332680183,14.304899476126934,0.1175031262301926,0.6900669764686561,-0.0208749591699224,,0.1876566445748599,0.0034725541229947,0.0094269914164173,,1,,
2025-02-25,109.52629871970208,112.67343389800163,108.366823952079,108.5909194946289,79472.0,-0.0120119175836975,-0.0286736281933299,-0.0097735372584016,0.0009993657087032,,,111.21849327087402,109.96290161132812,,1,0,0.0257945213922141,0.4058525096798531,0,35.78312062172179,13.928549007185149,0.1106838540318264,0.0892475705742842,-0.0326361284645078,,0.186329187386886,-0.0012249856725302,0.0031652315881498,,1,,
2025-02-26,109.61399642372128,109.95501625919344,109.37040976500192,109.75040435791016,80899.0,0.0106775489946799,-0.0194132282371972,-0.007577008787975,0.0115969481078905,,,111.16003303527832,109.97751708984374,,1,0,-0.0603822235992055,0.3126055630240414,0,44.284136504052746,13.579080714596348,0.1131892912249278,0.5012498131572766,-0.0223070533305043,,0.1882236727443444,0.0090818963838947,0.0185649454965626,,1,,
2025-02-27,109.47757637385848,109.78936696516702,108.70784172544931,109.35091400146484,89459.0,-0.0036399898367802,-0.0156557975782106,-0.0141426306990667,0.0175252957159819,,,111.0679573059082,109.99037841796876,,1,0,-0.1590796764730413,0.2182685151246249,0,42.21079399581848,12.633595915482962,0.1130609489426825,0.7396198607853045,-0.0258658457198729,,0.1905805834539616,0.0140992222056528,0.0379982712563833,,1,,
2025-02-28,108.0452917383858,108.59092344479822,107.60615485249198,108.24015808105467,93246.0,-0.0101577195815234,-0.0247564581317509,-0.0265510030249318,0.0047830271976374,,,110.8721134185791,109.99300903320312,,1,0,-0.3232011767747309,0.1099745767447537,0,37.02081221009437,12.602200090596329,0.1170606550311547,0.2363575056817118,-0.035760827293835,,0.1857460749586356,-0.0087590996941,0.0092498619302801,,1,,
2025-03-03,109.43860183708964,109.68218846933333,108.46425530811496,108.5714340209961,369717.0,0.0030605640809702,-0.0121892014285995,-0.0319694772617831,0.0052298434133866,,,110.78271713256837,109.99982925415038,,1,0,-0.4216766228075244,0.0036443368342981,0,39.41343685092443,11.773472819193689,0.1125901505730948,0.2535908027623481,-0.032809711516386,,0.1896369861947624,-0.0020382863328258,0.0340879805509919,,1,,
2025-03-04,107.30477538288238,107.38272488552144,105.24890371123853,105.37069702148438,127129.0,-0.0294804708841991,-0.0296546201849208,-0.0452038026627267,-0.0312004680154377,,,110.51598892211912,109.96991638183594,,1,0,-0.7493537656967391,-0.1469552836719093,0,28.24736835535718,12.821572583889088,0.1405903742914573,-1.0188494715288154,-0.0613229366555073,,0.1862510216657877,-0.0105942565344245,0.0103575148204162,,1,,
2025-03-05,106.24274766027104,106.75915013730985,105.3463506271594,105.37557983398438,150841.0,4.633937743636629e-05,-0.0398615800052901,-0.0481429819797718,-0.0317607265411132,,,110.2631462097168,109.93347579956054,,1,0,-0.997151715787183,-0.316994570094964,0,28.280749134245127,13.794808079677676,0.1395273756853406,-1.0386614065334812,-0.0612794389447782,,0.1842790628766825,-0.0175821180931108,-0.000500984736328,,0,,
2025-03-06,106.20377032187,107.17451150670112,105.2294238051556,105.95531463623048,132638.0,0.0055016048610072,-0.0310523180920908,-0.0405417075428679,-0.0264338566476337,,,109.96767539978028,109.90531707763672,,1,0,-1.1336852056699058,-0.4803326972099525,0,32.30739877330542,14.345191066961714,0.1421207672189986,-0.8472866063707448,-0.0561149693429493,,0.1886414978681861,0.0122468421704975,0.0295136872335117,,1,,
2025-03-07,105.1612267872376,105.8530119677235,104.10893069565007,104.16739654541016,91326.0,-0.0168742653160784,-0.0376270841418641,-0.0688093041667172,-0.0429474106558182,,,109.59791145324706,109.83126693725586,,0,0,-1.3703623436699957,-0.6583386265019612,0,27.229828583385327,15.428485680479476,0.1402866619557643,-1.3689360739730043,-0.0720423357781313,,0.1844246105930448,-0.0196563218332586,0.004753957278395,,1,,
2025-03-10,105.11250286034915,105.11250286034915,103.0750516953017,103.34893798828124,185996.0,-0.0078571470946969,-0.0481019347290273,-0.0736244219022382,-0.0513983524096112,,,109.15458374023436,109.74766799926758,,0,0,-1.6054666262197372,-0.8477642264455165,0,25.27177970503196,16.897971087130948,0.1411199471474198,-1.6463491368059946,-0.0793334356435739,,0.1879826142040545,-0.0072090214747765,0.0250732427555755,,1,,
2025-03-11,103.14432912110357,103.28073704703776,101.64383450215284,101.83383178710938,115640.0,-0.0146601042126205,-0.0335659280459524,-0.0925153938498301,-0.0624212658906453,,,108.64670524597167,109.64360763549804,,0,0,-1.8922323949636424,-1.0566578601491416,0,22.10319869807043,18.81422382186796,0.1417026787278162,-1.9734540021927576,-0.0928305034221145,,0.1867794245975883,-0.0126419202507566,0.0163932627279512,,1,,
2025-03-12,102.4525413591871,103.28073444108358,101.74847576992155,102.49151611328124,122223.0,0.0064584069422704,-0.0273693746240532,-0.084826919006465,-0.0532758918257765,,,108.19558296203611,109.5466604614258,,0,0,-2.042877681835165,-1.2539018244863462,0,26.41611284644725,20.59360136126662,0.1465831773980559,-1.655943538550671,-0.0869716336475999,,0.1869934289201676,-0.0087794899182114,0.0177160789745212,,1,,
2025-03-13,101.99460768603392,102.76434243207818,101.62435863491484,101.67794799804688,107202.0,-0.0079379069223167,-0.0403695336365977,-0.0882043255919157,-0.0645256798388923,,,107.6955005645752,109.41268814086914,,0,0,-2.202523979239416,-1.44362625543696,0,24.6015392762953,22.29408891300699,0.1471638300830318,-2.0243998889730763,-0.0942191678371403,,0.1880154679316816,-0.0023191728628596,0.0270886376062193,,1,,
2025-03-14,102.10178213695642,103.62176046952766,101.71204200628632,103.30022430419922,88912.0,0.0159550456917512,-0.0083247951851509,-0.0750304616702149,-0.0516993818500403,,,107.28237800598144,109.31359725952149,,0,0,-2.1730906439030946,-1.5895191331301872,0,34.29384904358432,23.028208235702696,0.1621605264418577,-1.5421771154256474,-0.0797673932732694,,0.1871495102072048,0.0020818357354137,0.0148437637675773,,1,,
2025-03-17,103.17355718092142,104.00175027449887,102.99817450186124,103.6802215576172,86024.0,0.0036785714259337,0.0032054859564549,-0.0706549379962431,-0.0489765820462563,,,106.87071647644044,109.20739349365236,,0,0,-2.0949526014848487,-1.6906058268011197,0,36.35757414710865,23.35360450096396,0.1639354375145859,-1.452182864598057,-0.0763822519009519,,0.1864005520372587,-0.0009315695520392,0.0097688168925114,,1,,
2025-03-18,103.97252686971896,104.30380858584364,103.06265251154674,103.42689514160156,105245.0,-0.0024433436986326,0.0156437534219726,-0.0758314290544778,-0.0485793120776106,,,106.4522346496582,109.11093353271484,,0,0,-2.030067608828091,-1.758498183206514,0,35.55581998461105,23.37139136997401,0.1622451607051578,-1.439853321143831,-0.0786389675057149,,0.187976848584538,0.0043591363521382,0.0255890726048484,,1,,
2025-03-19,103.3781707466116,104.29405891143216,103.34783392107563,104.08944702148438,85112.0,0.0064059921645691,0.0155908602858112,-0.0689384951405459,-0.0371772392038568,,,106.06054725646972,109.01739639282226,,0,0,-1.9032439733504989,-1.787447341235311,0,39.32445521960975,23.38790774834048,0.1657946174198615,-1.076167160893888,-0.0727367359508173,,0.1871428867714105,0.0038875377408682,0.0224683755899131,,1,,
2025-03-20,104.5665654219203,105.02604947029076,103.57916400682666,103.99954223632812,72602.0,-0.0008637262251733,0.0228328195443701,-0.0707954473337656,-0.0390914183005216,,,105.70601844787598,108.91348693847657,,0,0,-1.7893632278651097,-1.7878305185612706,0,38.99124744028734,22.69139773714621,0.1652587700011574,-1.1365410920716583,-0.0735376375496164,,0.1875234964474692,0.0071571785027486,-0.0071057241120784,,0,,
2025-03-21,103.90177386215704,104.1168521209587,103.18811323104796,104.02886962890624,64693.0,0.0002819954006285,0.0070536664331075,-0.0635632482931575,-0.0265515876316335,,,105.35807075500487,108.82731246948242,,0,0,-1.677409310736536,-1.765746276996324,1,39.17231017212562,22.318107091325015,0.1650665615789453,-0.7609047540538495,-0.07327637942455,,0.1875145291637791,0.0104400135756814,0.0052110022445726,,1,,
2025-03-24,104.77186184454774,105.48552996216898,104.53723439791656,105.34866333007812,119486.0,0.0126868022874793,0.0160921894976249,-0.0508088182929783,-0.0172480117404196,,,105.12994575500488,108.77035949707032,,0,0,-1.4652976637675437,-1.705656554350568,1,46.82111274362594,20.770224290762968,0.1737991810291279,-0.4582520876924185,-0.0615192200751723,,0.1865525892763246,-0.0110268915170099,0.0089384359747231,,1,,
2025-03-25,105.30955280235528,106.140530876789,105.14335867920288,105.2117919921875,122295.0,-0.0012992223495211,0.0172575696886407,-0.0427560876940023,-0.0200390610898731,,,104.96098937988282,108.70199752807618,,0,0,-1.2933332873840584,-1.6231919009572662,1,46.172674966078105,19.734380692441096,0.1717913596750229,-0.5440538168132798,-0.0627385152790467,,0.1858634890632859,-0.0095555130255923,0.0096709572780002,,1,,
2025-03-26,105.69083321230887,105.90591148622032,104.96309055779584,105.06515502929688,63969.0,-0.0013937312549672,0.0093737457132527,-0.0324683176249043,-0.0260012148196683,,,104.72672691345215,108.6003028869629,,0,0,-1.1555620574864491,-1.5296659322631028,1,45.44649773721801,18.62101545558281,0.1679055571980634,-0.730254156599646,-0.0640448059043793,,0.1878469639589619,0.0081456726847868,0.026941866164216,,1,,
2025-03-27,104.58610608069048,104.75230019148628,103.80400474015434,104.27815246582033,58509.0,-0.0074906144026256,0.0026789563059719,-0.049860881370825,-0.0302312483317399,,,104.47308883666992,108.47487884521485,,0,0,-1.0972336681005714,-1.4431794794305963,1,41.659548186440645,17.898034995414935,0.1630036395719375,-0.8568263187902267,-0.0710556853614843,,0.1869363575747218,-0.0068392840860734,0.0144803867863567,,1,,
2025-03-28,103.58893858526444,104.028873437649,102.487158470239,102.54776763916016,60716.0,-0.0165939344507215,-0.0142374130857088,-0.0622138957358285,-0.0419395968533238,,,104.1884693145752,108.29009857177736,,0,0,-1.1770670965705676,-1.3899570028585908,1,34.7944030454087,18.07210694720283,0.1702776727736618,-1.1857156519743874,-0.0864705264269662,-1.7805123000578578,0.1876125090964801,-0.0155738549210524,0.0111578707973061,,1,,
2025-03-31,101.45772234314038,101.8683222478494,100.73063605956465,101.71190643310548,139972.0,-0.0081509449234999,-0.034521148935492,-0.060312658108468,-0.0524224647723191,,,103.84549293518066,108.09581115722656,,0,0,-1.2928791712500356,-1.3705414365368798,1,32.04713792844187,19.12540262532865,0.1693540221629348,-1.499888752008158,-0.093916654852054,-2.225554138083391,0.1848424940729867,-0.0048646028501551,-0.0101886107378652,,0,,
2025-04-01,102.60153347445168,103.1978841163034,102.0247394699531,103.00724792480467,105642.0,0.0127353968392198,-0.0209533933947871,-0.0512490798925562,-0.0495431475368799,0.0155401792420066,,103.72732048034668,107.92821014404296,,0,0,-1.2655493766183523,-1.3495430245531743,1,39.95892245123433,19.02892374090447,0.1767994548138079,-1.3994690343238854,-0.0823773238821872,-2.103315009953531,0.1866692950731149,-0.0156493265432913,-0.0124098014006512,,0,,
2025-04-02,102.82638245275866,103.05123901367188,101.75080477118208,103.05123901367188,55525.0,0.0004270678981668,-0.0191682581638358,-0.0220123627666577,-0.048067437916907,0.009113007524083,,103.61110343933106,107.7441455078125,,0,0,-1.22620566858852,-1.3248755533602437,1,40.21350866525406,19.08332001045345,0.1470169030032618,-1.3544672275113363,-0.0819854366945873,-2.040664929198947,0.1855746220041126,-0.0036316561145572,-0.0048069500551852,0.0085730795845719,0,,
2025-04-03,99.48292987321004,99.89352978978756,98.19246766491472,98.788818359375,158896.0,-0.0413621485301246,-0.0526412673857507,-0.0625074754984654,-0.0936008177750573,-0.0347835628463268,,103.25277862548828,107.47590423583983,,0,0,-1.5214291327986444,-1.364186269247924,0,27.878645156613445,20.59688881473004,0.2026790805385531,-2.3810294699714283,-0.1199564914148433,-3.1211588999658346,0.1871203025729452,0.0154181362326768,0.0024507336635499,0.0239266199412788,1,,
2025-04-04,98.12401297884848,98.3781895621411,93.91045321565052,95.18136596679688,229317.0,-0.0365168088098279,-0.0718338569619945,-0.1016838910480621,-0.1207255438019301,-0.0756005337913487,,102.8034770965576,107.14944702148438,,0,0,-2.0231653240202263,-1.4959820802023849,0,21.78750201739787,23.06314051172547,0.2308107599881529,-2.8668529472370112,-0.1520928719621778,-3.175048039136924,0.1914981391745418,0.0151432284976433,0.0212455600440242,0.0321890048330992,1,,
2025-04-07,89.11034116979862,98.20223092395368,88.96369622275202,93.01105499267578,370705.0,-0.0228018473161877,-0.0855440797990757,-0.1071001284732209,-0.1448541362691098,-0.0935147630566786,,102.28658294677734,106.81641387939452,,0,0,-2.5663376846049744,-1.7100532010829026,0,19.08576673596301,26.110543368332017,0.2355212930209197,-3.4154109340965886,-0.1714267208340034,-3.379966331500358,0.1874655512504208,0.0164888007495167,-0.0035527602619491,0.023582007080718,0,,
2025-04-08,94.98586069955786,97.07797346469516,94.6143591608228,95.6897430419922,385711.0,0.0287996738616431,-0.0710387378580801,-0.0741100498503188,-0.1236802972860822,-0.0709699277782541,,101.97937850952148,106.51844207763672,,0,0,-2.7489695451221365,-1.9178364698907495,0,30.53522287156593,28.94027459232381,0.2630745972893977,-2.70297250592515,-0.1475640806235505,-2.885904755389847,0.1959333458516591,0.0422950371302641,0.0373677655383222,0.0731129941226644,1,,
2025-04-09,92.51245594621548,93.9397845407845,90.54743921090032,92.63465881347656,123001.0,-0.0319269770342569,-0.1010815619481618,-0.0903351353100835,-0.1449444631259452,-0.1036318758867294,,101.48653564453124,106.15274307250976,,0,0,-3.1044403196525394,-2.155157239843108,0,26.01402761892878,32.01797438229379,0.2786214202028012,-3.067820437686072,-0.1747797826446582,-3.3171906006474345,0.1716511110419959,-0.080995610668498,-0.0979867975175815,-0.0646556506935072,0,,
2025-04-10,99.6882170594763,99.80552704422736,95.80705261230467,95.80705261230467,150995.0,0.0342462944157417,-0.0301832312258583,-0.0652196762665545,-0.1145072240912056,-0.0763632565684591,,101.19299087524412,105.84503555297852,,0,0,-3.094496374780931,-2.343025066830673,0,36.52418131645845,32.14628667950222,0.3073509552217484,-2.2015232410226244,-0.1465190481232847,-2.6206057083499905,0.1856652035370596,-0.0071030591330301,-0.021555032860025,0.0140028143912054,0,,
2025-04-11,96.60870372273176,96.91176446332516,94.68278523606844,95.60175323486328,106834.0,-0.0021428420126038,0.004416697152813,-0.0597592190127628,-0.1199314217664604,-0.0830222335795127,,100.80806732177734,105.51392990112303,,0,0,-3.067817777144299,-2.487983608893398,0,36.16612863769374,32.4726946506204,0.306839399803089,-2.321943159590361,-0.1483479229639233,-2.7447435826527458,0.1820196253926781,-0.0318901556609277,-0.0432811640874588,-0.0028661149555359,0,,
2025-04-14,97.66453566065996,98.30976293882246,97.38102410586976,97.57654571533205,97340.0,0.0206564462852194,0.049085463260424,-0.0554081912930997,-0.1141475647626475,-0.0570528753777724,,100.50288352966308,105.25827362060546,,0,0,-2.8544215523244247,-2.5612711975796034,0,42.05092526965505,32.23426343294,0.3108566389474362,-2.1699070270680654,-0.1307558175809319,-2.6123745657564896,0.1839944734702634,-0.0168583756027378,-0.0288975768393739,0.007630933973894,0,,
2025-04-15,97.38103449128776,98.04581847649663,96.84333881991584,97.52767944335938,58670.0,-0.0005007993633555,0.019207245656001,-0.05934152166948,-0.1177906027808978,-0.0620153104801241,,100.20792274475096,104.99472198486328,,0,0,-2.658599921499558,-2.580736942363594,0,41.94787179648095,32.12651483820233,0.3101417086891972,-2.250320459662408,-0.1311911345140878,-2.695748923157369,0.1844188785038315,-0.0106312642949202,-0.0320398859038917,0.0095122442635979,0,,
2025-04-16,96.04169470798752,97.67433101226698,95.62131646152928,96.96066284179688,80628.0,-0.00581390436847,0.0466996271560828,-0.0625198338493269,-0.1326285478064364,-0.07085368419652,,99.8514835357666,104.7252865600586,,0,0,-2.5201130744366225,-2.5686121687782,1,40.70144116240423,32.28422281680686,0.3103227258522731,-2.5890723852517104,-0.136242306172502,-3.0353292749012737,0.1875147620629883,-0.0024582097477917,-0.0169132572544076,0.0228210436955313,0,,
2025-04-17,96.55981589142864,96.84332744314877,95.5137596289233,96.00257110595705,51641.0,-0.0098812416062281,0.0020407526202017,-0.0776916022414662,-0.1384207248748958,-0.0797777352156891,,99.45163497924804,104.40804336547852,,0,0,-2.459321716497783,-2.5467540783221168,1,38.61361357804121,32.45371145876712,0.3093048033130446,-2.708105983292146,-0.1447773046344499,-3.167888704315864,0.1853973297183608,-0.0093274026235466,-0.024869631067933,0.0154447356097373,0,,
2025-04-22,94.71212080608016,95.55287724714258,94.2330875878332,95.41112518310548,100439.0,-0.0061607300308529,-0.001993980709637,-0.082581296691733,-0.143429040868902,-0.0815564264288677,,99.020747756958,104.08501235961914,,0,0,-2.430847572739012,-2.523572777205496,1,37.34024355410201,32.88772264019885,0.3092452339059186,-2.8165556998994594,-0.1500461007768555,-3.282508734512904,0.183961596641464,-0.0189944186914357,-0.0232227950646994,0.0102056575230178,0,,
2025-04-23,97.27348406036624,99.45358653268023,96.76512340538368,97.98715209960938,79336.0,0.0269992300327679,0.0042080438620488,-0.0580773159493993,-0.1270979999344816,-0.0580360734670977,,98.65267219543458,103.80044555664062,,0,0,-2.1753417793295284,-2.4539265776303028,1,45.73409474809781,31.680163747444126,0.3271447032160542,-2.3738052607733686,-0.1270979999344816,-2.908757476147307,0.1860455535487998,-0.0078339295708456,-0.0142783662890014,0.0197244435450614,0,,
2025-04-24,97.39081272827012,99.50247467683552,96.76513456138616,98.50530242919922,70459.0,0.0052879415156705,0.0100240566721123,-0.0649591621246993,-0.1220630291830885,-0.0497723912872446,,98.31734771728516,103.53072357177734,,0,0,-1.9090350285219984,-2.344948267808642,1,47.26436045567106,30.54069897950798,0.3237629910577335,-2.263531071683727,-0.1224821452092234,-2.793527426714212,0.1831737218359106,-0.018112144428128,-0.0237309947345538,-0.0017415134200067,0,,
2025-04-25,99.39492940961615,99.688219295415,98.46619053570592,98.89634704589844,63537.0,0.0039697824082138,0.0199636032527941,-0.0600260182504829,-0.1130708674778562,-0.0458212627507125,,98.00890731811523,103.27837127685548,,0,0,-1.6474403109899924,-2.205446676444912,1,48.4459264856984,29.40914200218561,0.3246239599315068,-2.0765032194992923,-0.1189985902663814,-2.587733333964497,0.1825816912560858,-0.0176570332545659,-0.0236651812893726,-0.0026288980601383,0,,
2025-04-28,99.4633582529428,99.58409922384956,98.58349609375,98.58349609375,101566.0,-0.0031634227298935,0.0268839152749817,-0.0616918038500918,-0.1010299288750133,-0.0506192687125348,,97.72417449951172,103.01644927978516,,0,0,-1.4486697072717476,-2.0540912826102797,1,47.52843271243975,28.35841052324341,0.3245891247975092,-1.850180418408924,-0.1217855701510011,-2.3121651094534537,0.181934733181908,-0.031473656280894,-0.0247804528706188,-0.0083649813390633,0,,
2025-04-29,99.05276478773656,99.50247048507256,98.66171408523994,99.08209228515624,75667.0,0.005057603058955,0.0384752521784617,-0.0498288477288396,-0.1040457028248433,-0.0456390834117313,,97.55089073181152,102.7668376159668,,0,0,-1.2366546411435877,-1.890603954316941,1,49.180296179686174,27.38273129279708,0.3252278426171325,-1.917090761165774,-0.1173439101641782,-2.381183937660509,0.1817102056674484,-0.0279568510645896,-0.0258373123115792,-0.0063409058803516,0,,
2025-04-30,99.53179480903782,99.88765548675332,98.35865019762406,99.33627319335938,55091.0,0.0025653566889929,0.013768346817331,-0.0313170585741195,-0.1044300099288404,-0.0408577867793966,,97.43210906982422,102.51529403686524,,0,0,-1.0361765010310364,-1.7197184636597602,1,50.04370989792975,26.292357565438863,0.3213146775088215,-1.9253420848790284,-0.1150795824600375,-2.3899791678172715,0.1821041171669183,-0.029360472583036,-0.0310049416758666,-0.0001433664617719,0,,
2025-05-01,100.72449304126624,101.59457688472436,100.6403890635301,101.45771026611328,108644.0,0.0213561170009317,0.0299720701739494,-0.0024991780796025,-0.0875483919750321,-0.0197306782505881,,97.35463218688965,102.30851760864256,,0,0,-0.6980670065233738,-1.5153881722324831,1,56.66175927110866,24.50314842933855,0.3295607004685452,-1.543352780051007,-0.0961811184865407,-2.0036274356270285,0.1846842941984122,-0.0008558631248073,-0.0144253325710299,0.0116199079256802,0,,
2025-05-02,101.44793997999564,102.83617037087376,101.2230908567631,102.25936889648438,71038.0,0.0079014066872633,0.0340055214478765,-0.0072604505351531,-0.0882482927452105,-0.006296729484696,,97.31503868103027,102.1152410888672,,0,0,-0.3612612496399379,-1.2845627877139745,1,58.87868343203166,23.174736776095767,0.327642944724529,-1.5582846251795492,-0.0890396779320754,-2.019645324176549,0.1834208406770056,-0.0174021892290154,-0.0347506562021396,-0.009324961727394,0,,
2025-05-06,101.97585938464512,102.1616101535175,100.61696392283756,101.496826171875,82466.0,-0.0074569472982107,0.0295519046652039,-0.0150838830922804,-0.080306134342554,-0.0137532990992822,,97.45043907165528,101.92337524414064,,0,0,-0.1540947771258629,-1.058469185596352,1,55.94700844928997,21.670444477275677,0.3286069453069694,-1.4139777744375686,-0.095832661044497,-1.8378815462856148,0.1846463793609433,-0.0050019912913996,-0.0191184638027734,0.0014560035344857,0,,
2025-05-07,101.37950965115814,101.73145455400878,100.88092725434652,101.14488220214844,39646.0,-0.0034675367004144,0.0208189983620403,0.0238494991832225,-0.0863588498148909,-0.0145223690898713,,97.74861488342285,101.72651641845704,,0,0,-0.0181040993550993,-0.8503961683481015,1,54.59583448266528,20.2736016283713,0.2936172793118898,-1.5350870060725867,-0.0989678944756413,-1.9764036425438416,0.1832355285631688,-0.0207608365119117,-0.0231453478706862,-0.0056617662573157,0,,
2025-05-08,102.3278021712262,103.04147027478405,101.5186257739688,102.31803131103516,44990.0,0.0115986996409966,0.0300168107965128,0.0749796482930056,-0.0734784380915534,-0.0052572681297979,,98.21396369934082,101.57465377807615,,0,0,0.1822321622779554,-0.6438705022228901,1,58.21815122125631,19.552189441620627,0.2610669880051369,-1.270286545811255,-0.0885170937167694,-1.6816232847457095,0.1840781792103643,-0.0387469037357823,-0.0122398426438136,0.008793720199425,0,,
2025-05-09,102.66018528435478,102.84592856792206,101.89764059741816,102.23980712890624,48116.0,-0.0007645200081217,0.0077085995804715,0.0992220993188086,-0.0860407353972431,-0.0257963635374951,,98.54146690368653,101.44763153076173,,0,0,0.3308739463245871,-0.4489216125133946,1,57.88653119486293,18.882306696780716,0.2435863529797315,-1.5315733081446097,-0.089213940635684,-1.9691232943788008,0.1841721402938821,-0.0175680861607436,-0.0209983751574499,0.0138227849116594,0,,
2025-05-12,103.5498267537708,108.36950845998388,103.54784274712588,104.85006713867188,149090.0,0.0255307603082091,0.0253345807835956,0.0957294251763198,-0.0601689436790348,-0.0060753265859598,,99.1522373199463,101.34962478637696,,0,0,0.6517864109996907,-0.2287800078107775,1,65.04224956306263,20.101995225128235,0.2397316182584307,-0.9875311229245536,-0.0659608800619951,-1.3770229653377628,0.1828320573274066,-0.0668660480803072,-0.0344106136175822,0.0089987955627428,0,,
2025-05-13,105.00649653882296,105.7445992645919,104.74253413555532,105.40731811523438,45502.0,0.0053147412469034,0.0385282189685156,0.1378820785368903,-0.060670536633409,-0.0036824801419022,,99.63225059509276,101.27075286865234,,0,0,0.9402388596760574,0.0050237656865894,1,66.35652043422284,21.23456314430808,0.1998885279404323,-0.9973196275855462,-0.0609967038250393,-1.3885023926833624,0.1825978903361791,0.0637734252212611,-0.0347464515589871,0.0091447363971262,0,,
2025-05-14,105.37798569672556,105.43664069085888,104.80118423928508,105.3291015625,54155.0,-0.0007420410094189,0.0413685721833059,0.0993877662506486,-0.0594893894564708,-0.0102372371489675,,100.1186180114746,101.21253173828126,,0,0,1.149279898054246,0.2338749921601207,1,65.98155050731677,22.28623335497507,0.1730785621472981,-0.9751248406893244,-0.0616934827787807,-1.3614707267002604,0.1822295290460149,-0.0185046762968641,-0.0340321166575829,0.0021801689596094,0,,
2025-05-15,105.06514841662188,105.62239324637814,104.85984847499292,105.60283660888672,36170.0,0.0025988548494766,0.0321038751016047,0.104611924317475,-0.0530079380923758,-0.0091570955141899,,100.51993255615234,101.15315979003908,,0,0,1.321797696517493,0.4514595330315951,1,66.69095099535798,23.31727843738493,0.1715309876105209,-0.853502526088305,-0.0592549603362048,-1.2131366056179833,0.1818150448385797,-0.0011239477812187,-0.0352209511483243,-0.0047042489610015,0,,
2025-05-16,105.58328605957225,106.55113076002358,105.46596861216202,106.13075256347656,40079.0,0.0049990698312871,0.0380570498305472,0.087666629162098,-0.0496853819780042,-0.0059252437134861,,100.9500862121582,101.16836090087892,,0,0,1.4840109458617832,0.6579698155976328,1,68.07370387654386,24.547128087346227,0.1615856435206097,-0.7903401079897691,-0.0545521101894883,-1.1370967785351074,0.1815738793269623,-0.0131557980935349,-0.0277725754338729,-0.0072605695932648,0,,
2025-05-19,105.20201220615112,105.76903533935548,104.5079007673685,105.76903533935548,74977.0,-0.0034082225498659,0.0087645933451641,0.0845027375103535,-0.0519317066572255,-0.0097636787180274,,101.39050483703612,101.17623001098632,,1,0,1.565334357573576,0.8394427239928215,1,66.0504643583242,25.059117028506712,0.1629276026584826,-0.8319127234647629,-0.0577744070072636,-1.1885060352339352,0.180757300147554,-0.0198546829152388,-0.031178233236505,-0.0185264508379964,0,,
2025-05-20,105.77881080199371,106.56091222380232,105.57351085697016,105.93523406982422,76758.0,0.0015713363550635,0.0050083425328468,0.0925588889864588,-0.0534182259938154,-0.0008025160663327,,101.88713798522949,101.1758283996582,,1,0,1.6244687314868995,0.9964479254916372,1,66.54250897449174,25.792600009938557,0.159337183733871,-0.8600885824958246,-0.0562938536783228,-1.22252643080249,0.1816520735988797,-0.0312652102672282,-0.0294340971766202,-0.0190315473626978,0,,
2025-05-21,105.50507134503064,105.50507134503064,104.87939322780228,105.39264678955078,68274.0,-0.0051218773908198,0.0006033017096711,0.0978106687708395,-0.057281606071494,-0.0098660569237825,,102.38621406555175,101.200333404541,,1,0,1.6090033014372125,1.1189590006807524,1,63.3161567276257,26.013875498471783,0.1547989235292821,-0.9315935591560892,-0.0611274008527455,-1.3109435238325862,0.1838192047314823,-0.0085121236065039,-0.0139416356616595,-0.0072174805263898,0,,
2025-05-22,104.89894527978736,105.05536107292244,103.62803246421063,104.23416137695312,55171.0,-0.0109920895611524,-0.0129605915511782,0.0924738721707261,-0.0686991960530053,-0.0181065042148563,,102.69856452941896,101.21803787231444,,1,0,1.4861355008043091,1.1923943007054638,1,56.96534832113267,25.440972346523555,0.1598141369594126,-1.1417421697202166,-0.0714475725490841,-1.5722458278454403,0.181726895130358,-0.0121476522921324,-0.0239753928178936,-0.0122709174941904,0,,
2025-05-23,104.15595765871944,104.30260260375348,102.14205662017828,103.13922882080078,60646.0,-0.0105045461266064,-0.0281871528319423,0.0525791046152053,-0.0715715286051511,-0.0259254783902347,,102.93026084899904,101.24414581298828,,1,0,1.2855904901218764,1.2110335385887463,1,51.688331685682655,24.08665155354928,0.144692994145798,-1.1934187681983957,-0.0812015943542147,-1.6379818645206226,0.1810537883567917,-0.0268308760773404,-0.0243743075216422,-0.0130675733490555,0,,
2025-05-27,103.8919940088398,104.59588376954892,103.72579988719228,104.55677795410156,46750.0,0.0137440346365562,-0.0114613637286606,0.061432992698559,-0.05794370346418,-0.02457233962291,,103.21328239440918,101.28545104980468,,1,0,1.2268985694217918,1.2142065447553554,1,57.2143382284628,22.96478637785493,0.14963946940969,-0.9275747512323652,-0.0685735972430064,-1.3260962464710702,0.1798039531803487,-0.0183965725093501,-0.0468035035905729,-0.0266282657615832,0,,
2025-05-28,104.81096424152562,105.24112076187106,104.47857599120182,104.71320343017578,47901.0,0.0014960816422908,-0.011535639208037,0.0588177072058859,-0.0472923745178837,-0.0323198838301803,,103.51976776123048,101.34615615844729,,1,0,1.1794115063444792,1.2072475370731803,0,57.78812176703883,22.223610654684386,0.1496588902053698,-0.7343783069147236,-0.0671801073006966,-1.0823305481956058,0.1811207797641299,-0.0080014128574745,-0.034828848323155,-0.0257301881609238,0,,
2025-05-29,105.8374767417537,106.0525550127667,104.48835211764384,104.644775390625,37656.0,-0.0006534805288084,-0.007096049123988,0.0614837121531062,-0.0363395403811742,-0.0353764911629979,,103.7979019165039,101.37304718017576,,1,0,1.123307308398438,1.190459491338232,0,57.425324020461375,21.900987871007093,0.1486548385672856,-0.5383988336904626,-0.0677896869374609,-0.831664619569048,0.180290774475327,-0.0090359805290025,-0.0324072304304159,-0.0293445752317087,0,,
2025-05-30,104.6447678133876,105.27044594266305,104.26349543644385,104.6301040649414,38713.0,-0.0001402012248469,0.0037985885122286,0.0559940918871404,-0.0466540449023841,-0.0355981413322495,,104.062593460083,101.39204483032226,,1,0,1.065379442905865,1.1654434816517587,0,57.34220119340055,21.457009936462462,0.1487888609704938,-0.7322763265242552,-0.0679203839651672,-1.0677217735312696,0.1804673401479439,-0.0068398223145431,-0.0412080610441364,-0.0234081409548773,0,,
2025-06-02,103.9213273807994,104.60566049402064,103.62803749874942,104.2243881225586,73870.0,-0.0038776215125524,0.0105213051732548,0.0492077543485494,-0.046881417734081,-0.0301777327274732,,104.20092735290528,101.4079946899414,,1,0,0.9754884823110076,1.1274524817836085,0,54.97246782643384,20.634275480770103,0.1504934286974157,-0.7364330250616031,-0.0715346359357154,-1.0729254150080212,0.1787606328097291,-0.0183602897573399,-0.0620207495958679,-0.0263791596061526,0,,
2025-06-03,104.69364307746366,106.58045575837862,104.29282152755164,105.17268371582033,58750.0,0.0090985959269591,0.0058906344836786,0.0366159796033545,-0.0283395222218476,-0.0236920437297653,,104.34659309387207,101.42965942382811,,1,0,0.9695919253836394,1.0958803705036146,0,59.215060062926845,20.78731005259903,0.1362902444622434,-0.3961432826134607,-0.0630869047559173,-0.648576666633116,0.1793642447373957,-0.0288061823779179,-0.0343578200651675,-0.0254257632267155,0,,
2025-06-04,105.45620225174233,106.36539199661703,105.15313403100272,105.40731811523438,38388.0,0.0022309443015453,0.0066287217115026,0.0307839687719628,-0.0291431713534319,-0.0240657421627932,,104.54211769104003,101.45781494140626,,1,0,0.9726399092213428,1.0712322782471602,0,60.21394768558807,20.92941358358303,0.1344682031353679,-0.4108863650542069,-0.0609967038250393,-0.6669689341817795,0.179812667188927,-0.0196715568130689,-0.0518059224783581,-0.0194839012052348,0,,
2025-06-05,105.39753202715954,106.08187259446665,104.80118140734643,105.49530029296876,31560.0,0.0008346875654137,0.0081277340332459,0.0393950655592199,0.0011825229879516,-0.0300548402981493,,104.75963859558104,101.4871435546875,,1,0,0.9709622365576536,1.0511782699092589,0,60.60358559886195,20.810369688392537,0.1305358285525339,0.129474321977222,-0.0602129294498395,0.0270631527143895,0.1808366991044559,-0.020632304135465,-0.0290700287864591,-0.0190136072200284,0,,
2025-06-06,105.43664167390884,106.42404301683209,105.32910254454733,105.92545318603516,34342.0,0.0040774602458291,0.0123802717455938,0.0472645860057681,0.0052182237375784,-0.0267082373806945,,104.94000968933103,101.49867935180664,,1,0,0.9928969148400312,1.0395219988954134,0,62.5353952808619,20.86761138830812,0.1292563127184093,0.2031618855277577,-0.056380985030127,0.119423966677013,0.1797284219914398,-0.019139882965,-0.0246942914414964,-0.0251829047147379,0,,
2025-06-09,105.84724913480416,106.35561732068108,105.593072500538,105.98412322998048,60407.0,0.0005538805091755,0.0168841011122329,0.035830360220681,0.0002718938058832,-0.0261691500436386,,105.12722549438476,101.5141259765625,,1,0,1.003447370961851,1.032307073308701,0,62.80330608692135,20.92076439537258,0.124756842904051,0.112751849072591,-0.0558583328496478,0.0062225459172342,0.1796660385136146,-0.0239688414763574,-0.0475794533864609,-0.0194700112589385,0,,
2025-06-10,106.4924751650901,106.65866928731356,106.32628104286664,106.39471435546876,72946.0,0.0038740814470608,0.011619277900623,0.0406388406163944,0.0213821011556878,-0.0224836153791478,,105.2044578552246,101.54071716308594,,1,0,1.0330318081793024,1.0324520202828211,1,64.70549646988121,21.13259306141824,0.1246337553038501,0.4989328969360474,-0.0522006511335435,0.4893495304757457,0.1793452595662513,-0.0262085281733085,-0.0275416117754572,-0.0229185861428209,0,,
2025-06-11,106.93241172865685,107.5287624148771,106.68800595426076,106.78577423095705,55276.0,0.003675557360695,0.0130774232792423,0.0184616676470512,0.0332546836917231,-0.0198529046695452,,105.27338066101076,101.59086959838868,,1,0,1.0756337156315965,1.0410883593525764,1,66.4645234685846,21.77691081565813,0.0909177212731464,0.7147047855628437,-0.0487169602603555,0.7610647677782284,0.1805192867913245,-0.0126496992370461,-0.0397022216353931,-0.0156244423208175,0,,
2025-06-12,106.5609061681666,106.5780163606142,105.5832831757981,106.31161499023438,73950.0,-0.004440284711493,0.0077379247700952,0.0085790710850968,0.0439714692508685,-0.0211945514134875,,105.32250633239748,101.66614654541016,,1,0,1.058928675593478,1.0446564226007569,1,62.40346030097846,21.434522419375163,0.0912114460724429,0.913180618572727,-0.0529409277980141,1.0063285023098585,0.1790062974561163,-0.0196694106018987,-0.0416166135976647,-0.0259055829502675,0,,
2025-06-13,105.45619382123978,106.51202097388808,105.21178807558267,105.72992706298828,47388.0,-0.0054715369275457,-0.0018458842248564,0.0038054582688189,0.0315968684288727,-0.0233623747413536,,105.32886085510252,101.7465069580078,,1,0,0.9873706622722552,1.0331992705350566,0,57.74229598685882,20.821218854456845,0.0934170705677011,0.689135413596109,-0.0581227964841345,0.7231241035476905,0.1800397151216267,-0.0120167896819578,-0.0371869420155378,-0.0201296698425849,0,,
2025-06-16,105.70059791536836,108.5161493762244,105.58328047416428,106.3458251953125,51799.0,0.0058252015246098,0.0034127938629746,0.0070356877739707,0.0459084520210348,-0.0215795018948659,,105.33961448669432,101.81327850341796,,1,0,0.9691860793453344,1.0203966322971123,0,61.05892712370194,21.31233859036716,0.0951152520705755,0.949446528636515,-0.0526361719622185,1.050658177967966,0.1793818139289329,-0.0133830009051622,-0.0459199133865191,-0.0200751836729361,0,,
2025-06-17,105.87657591038516,106.84442061048568,105.58328602130176,106.18941497802734,34788.0,-0.0014707696987437,-0.0019296012840968,0.0005527371957123,0.0279688712516248,-0.0251764839531677,,105.36063346862792,101.87604202270508,,1,0,0.9314168750539836,1.0026006808484866,0,59.7758349862786,21.768378345141027,0.093762447212365,0.6282487945210949,-0.0540295259741823,0.6400939699641468,0.1806617536805081,-0.0050234408706537,-0.0346661688802377,-0.0203369815342457,0,,
2025-06-18,106.41427612304688,106.74667186548886,106.16987034074376,106.41427612304688,64093.0,0.0021175476394332,-0.0034789100943979,0.0061004695903783,0.0263700687011967,-0.0238980291783691,,105.38458557128908,102.02855117797851,,1,0,0.909148822006145,0.9839103090800184,0,61.04326844917018,22.19184383171676,0.0931516890351279,0.5987903585897001,-0.0520263884299353,0.6035038672572713,0.1810716147699491,0.0017388765053389,-0.0285886345778868,-0.0190990948217736,0,,
2025-06-19,106.48977305920694,106.48977305920694,105.2702764523048,105.28011322021484,75359.0,-0.0106579957516282,-0.0097026253445052,-0.0061841638937387,0.0179181447540897,-0.0315316184693816,,105.37895889282228,102.23052612304689,,1,0,0.7908671378025076,0.9453016748245162,0,52.122380624240726,21.789785625561336,0.1004090649577346,0.4403266243976599,-0.0621298871547048,0.4100736245968891,0.1791417542689905,-0.0138193816352045,-0.0470009705028867,-0.0226146091447351,0,,
2025-06-20,105.7915089884357,106.22423672262757,105.4866367229397,105.77184295654295,44423.0,0.0046706801625446,0.0003964430385892,0.003597937603269,0.0161629827345641,-0.0216151515446634,,105.45584297180176,102.48574188232422,,1,0,0.7284098754377624,0.9019233149471656,0,55.18062254297728,21.416445862702727,0.1001846090017812,0.4078461479375181,-0.0577493958235947,0.3699050881228576,0.1804021219579834,-0.0185893676261434,-0.0360193482622758,-0.0143602689176234,0,,
2025-06-23,105.49646277505263,106.47010014733864,105.417791146622,105.57514190673828,54967.0,-0.0018596730879075,-0.0072469538616941,0.0128650771692364,0.015150063514989,-0.0245335922556765,,105.57763862609865,102.68344985961916,,1,0,0.6554839037950728,0.852635432716747,0,53.70287013701384,21.230051052938308,0.0920019260077075,0.3889381850563235,-0.0595016739142463,0.3467234774429784,0.1783054492980164,-0.0188274048807537,-0.0491567580814331,-0.0559131878323406,0,,
2025-06-24,106.68646660784634,107.23720553655755,106.04721177801788,106.40126037597656,44170.0,0.0078249335432392,0.0019949765990616,0.0316274572970038,0.0228051189591231,-0.0043519807870033,,105.66986274719238,102.95878189086916,,1,0,0.6567794574182955,0.8134642376570568,0,58.70477321362936,21.53759784228714,0.08576289774002,0.5303329896952561,-0.0521423370150975,0.5219166336289585,0.1777371614573589,-0.0183184617650583,-0.0521419206822126,-0.0472026301033514,0,,
2025-06-25,106.62745598947724,107.16836566652778,106.39142608642578,106.39142608642578,34128.0,-9.242643852180876e-05,-0.0002147271724582,0.0175469077014749,0.0098982058564947,-0.007520530254747,,105.75377388000489,103.17046936035156,,1,0,0.6495253243963361,0.7806764550049127,0,58.623576424391786,21.82317700382534,0.0733663138973578,0.2911417960353969,-0.0522299441231127,0.226529766797006,0.1776212221597697,-0.0121395051775626,-0.0478758678783369,-0.0393653672833788,0,,
2025-06-26,106.17505933949305,106.44059953858128,105.94886621031208,106.28324127197266,42012.0,-0.0010168565121519,0.0095281817341852,0.0149936950677265,0.0101837375782432,-0.0100593960510835,,105.83569717407228,103.38409912109375,,1,0,0.6278097611960192,0.7501031162431341,0,57.67845617946488,21.617265798058376,0.0735987355033627,0.296519185076638,-0.0531936902764539,0.2330644292680229,0.1760631284341187,-0.0279241914516805,-0.0527288101528656,-0.0435677909451736,0,,
2025-06-27,106.80447558495796,107.4338936341892,106.7061304216259,107.36505126953124,58938.0,0.0101785567001131,0.0150626884098337,0.0259953339165937,0.0218901903261174,-0.0046801960346635,,105.97244453430176,103.57986923217771,,1,0,0.6899398495343831,0.738070462901384,0,63.93912076672389,22.078463417644443,0.0803123867991313,0.5142598049182466,-0.0435565685689078,0.5009776298462992,0.1769759052581211,-0.0183862387127277,-0.0578718892854489,-0.0324891998170319,0,,
2025-06-30,107.49289943880196,107.77809814213084,107.34537795218928,107.45355987548828,98541.0,0.0008243707324728,0.017792237214413,0.0269851190131134,0.0304513201910512,-0.0007005095634137,,106.13390312194824,103.77838684082032,,1,0,0.7378152223597709,0.7380194147930614,0,64.40309131482209,22.71403343611551,0.0801736691759546,0.6735779521051464,-0.0427681045967702,0.6969071528264482,0.1762789951014897,-0.0232083270192862,-0.0570106458235237,-0.0433557952396317,0,,
2025-07-01,107.4633945027031,108.17149167118376,106.96183192774168,107.55191040039062,48116.0,0.0009152840074941,0.0108142518269818,0.0319265225517002,0.0487981637868393,0.0048119916171127,,106.25286445617677,103.99021179199218,,1,0,0.7747618928293178,0.7453679104003128,1,64.94285848782513,23.53749031553463,0.0779770834377498,1.0199661030359002,-0.0418919655514443,1.1167919543218618,0.1764974403255966,-0.0126604635962628,-0.0592448170136009,-0.0487479922299426,0,,
2025-07-02,107.86662003609317,108.97793462432364,107.6699297118372,108.5943832397461,64005.0,0.00969274125838,0.0207061530647287,0.0325341086966202,0.0676663829044157,0.0116966795580193,,106.41221771240234,104.24204803466796,,1,0,0.878039745563683,0.7719022774329869,1,70.11550555501478,24.746367177951328,0.0787292466358132,1.363863850188088,-0.0326052722759594,1.548608925856645,0.1774039581830837,-0.010929082087581,-0.0402425639580789,-0.0500211588766815,0,,
2025-07-03,108.72223794376394,109.25330331619529,108.44686098717288,109.164794921875,73146.0,0.0052526812631699,0.0271120226991254,0.0356472100213463,0.0597778032237628,0.0072730751623375,,106.59569244384764,104.51712142944336,,1,0,0.9944522174135386,0.8164122654290973,1,72.50597407797785,26.01183246691487,0.0797538293273915,1.226675290421008,-0.0275238561155539,1.3680713474989097,0.1769412373647038,-0.0159690074626739,-0.0521138610643,-0.0638769397989221,0,,
2025-07-04,108.60421512376664,108.95826369411222,108.3091721473938,108.6435546875,110757.0,-0.0047748015717707,0.0119080036087273,0.0298426032798455,0.0542673307701442,0.0035914013005271,,106.73159751892088,104.73024948120116,,1,0,1.0327453636430448,0.8596788850718868,1,67.21497866937395,27.006011456167474,0.0828127504211269,1.1242161360706842,-0.0321672367358829,1.241958993607979,0.1760963780664237,-0.0262132689963225,-0.0510751084136863,-0.0556365429736639,0,,
2025-07-07,108.80090536738956,109.13528790727511,108.53537269143288,108.61405181884766,89449.0,-0.0002715565478063,0.0107999394780786,0.0253819884828867,0.0994569387775277,-0.0034531298005101,,106.86309394836424,104.93242446899414,,1,0,1.048624433262063,0.8974679947099221,1,66.9173236884854,28.03224967703374,0.0824199044468213,2.108588278676458,-0.0324300580599288,2.2761657490518283,0.1773703525733031,-0.0131201809486151,-0.0521052492197701,-0.0497822116445306,0,,
2025-07-08,108.68290146090207,109.253306414738,108.54521673032907,108.9140167236328,70890.0,0.0027617504343309,0.0126646408991841,0.0276446452955465,0.1442787736585586,0.0061350964476234,,106.98905906677246,105.13277786254883,,1,0,1.0730439880944689,0.9325831933868316,1,68.44726571012569,29.056184843546195,0.0825541732661505,3.228578734335996,-0.0297578713525302,3.301955669995093,0.1779576548985426,-0.0095086618996305,-0.0707081767706243,-0.0509648515417839,0,,
2025-07-09,108.77140787439112,109.47950504914364,108.64355991354884,109.13037109375,53157.0,0.0019864694795546,0.0049356867087737,0.0257123368849068,0.1733053786170209,0.0033472414175512,,107.10628890991212,105.34371536254883,,1,0,1.0972067345041836,0.965507901610302,1,69.54138432635744,30.14617431665531,0.0820736758141956,3.984824530753312,-0.0278305149761939,3.9662568724028833,0.1772482775712515,-0.0116924305670045,-0.0545021397852493,-0.0578612670107782,0,,
2025-07-10,109.11561804590713,109.82371520996094,109.03694641909937,109.82371520996094,36060.0,0.0063533561671416,0.0060360145279207,0.0284489296526839,0.1477062401742079,0.0057575911923701,,107.28189392089844,105.55854782104493,,1,0,1.15894338287616,1.0041949978634737,1,72.79685889807033,31.36712846772197,0.08359232974146,3.629004214269625,-0.0216539759830109,3.380396470454414,0.1778727581564517,-0.0146606419841003,-0.0921772024904887,-0.0582538930428095,0,,
2025-07-11,109.81389102778064,110.0204181263109,109.2336417957864,109.8040542602539,45139.0,-0.0001790228064079,0.01068171578233,0.0328509661934901,0.1853452656564382,0.013536032506985,,107.48560028076172,105.76790344238282,,1,0,1.192536824981545,1.041863363287088,1,72.56002606091847,32.618826038565416,0.0811406615601282,4.967060015955903,-0.0218291222338685,4.941021847906682,0.1784682915975059,-0.0030055135839132,0.0397153302074586,-0.0621630453295051,1,,
2025-07-14,109.68603341893149,110.40169388299526,109.47950632443208,110.3498764038086,65565.0,0.0049708742289333,0.0159815839285328,0.0436957583264763,0.1517928314771699,0.0199042316165694,,107.68580284118651,105.94574676513672,,1,0,1.24880767768407,1.0832522261664843,1,74.9924116965422,34.00500459659632,0.0777424410052755,4.642393312360182,-0.0169667578260878,4.046565171373509,0.1790138478436274,-0.0056980054501102,-0.0358244601935039,-0.0566072956368652,0,,
2025-07-15,110.88586378196952,111.9873491211529,110.57115475695356,110.73834228515624,51922.0,0.0035203109782027,0.0167501448978109,0.0413040858141495,0.1583296177958906,0.0194094998594287,,107.91324920654296,106.11532623291016,,1,0,1.3096518328413111,1.1285321475014498,1,76.58337255712168,36.03058490893507,0.0767356837141901,4.837731925655542,-0.0135061751117248,4.220825916051853,0.1804150047173638,0.0057597298510998,-0.008815646509834,-0.0517152591541636,0,,
2025-07-16,110.13842844258738,110.71867766994004,109.53851318359376,109.53851318359376,108723.0,-0.0108348118348463,0.0037399496194614,0.0315389081506798,0.1225906018763909,-0.0055503815532339,,108.06946105957032,106.27615997314452,,1,0,1.2466840849584742,1.1521625349928546,1,63.20787190060838,36.38890861864817,0.0880085995734862,3.908552432418914,-0.024194650080627,3.268078308199488,0.177865597762556,-0.0154772986588902,-0.0333101075924321,-0.061245103038126,0,,
2025-07-17,110.9743782776293,111.09239698221762,110.58099760217908,111.04322814941406,56636.0,0.0137368576776124,0.011104276859708,0.0434993517318553,0.1385816701801465,0.0044674489343456,,108.35761680603028,106.47412689208984,105.87237224578855,1,1,1.303177395600514,1.1823655071143866,1,70.23006775178041,36.92661424903009,0.0977142546908734,4.30295379783513,-0.0107901508677318,3.6943757783851257,0.1792121748641674,-0.0102690855667473,-0.0282330295136025,-0.0593683323731573,0,,
2025-07-18,111.30875817603216,111.47594570939918,110.87603043954785,111.02355194091795,50940.0,-0.0001771941326276,0.011106126170657,0.054553880548072,0.1450370561313756,-0.0068275458078858,,108.62020225524904,106.6482373046875,105.92033504486083,1,1,1.3310178998918758,1.2120959856698843,1,70.04181242937526,37.63043107730893,0.0866629195940395,4.5226368753147845,-0.0109654330489356,3.866466513525976,0.179311761525918,0.0009490096690256,-0.0437458920397683,-0.0599192637682837,0,,
2025-07-21,111.22024789850244,111.26942423586448,110.77769087526644,111.18091583251952,70824.0,0.0014173919754008,0.0075309502447458,0.0511390623892118,0.158103523183877,-0.002202005975406,,108.90049095153807,106.82705947875976,105.96563655853272,1,1,1.3502152105625242,1.2397198306484123,1,70.71785708932046,38.13823477152689,0.0863906556712524,4.996676520276044,-0.009563583390345,4.214798578835029,0.1792260823467356,-0.0065189899014698,-0.0332866033237908,-0.0573284088475566,0,,
2025-07-22,110.88586605495875,111.22024111821834,110.43347229117838,110.63999938964844,47581.0,-0.0048651914658258,-0.0008880654475986,0.0479739585610434,0.1596131916201271,-0.006709016232874,,109.11242790222168,106.9428581237793,106.00709217071534,1,1,1.3067187410234735,1.2531196127234248,1,65.26585906810004,38.09499977756424,0.0888467829573952,5.055047444281038,-0.0143822461918774,5.035323211397517,0.1783285665280451,0.0001296495991551,-0.0306206850574225,-0.0531323822282928,0,,
2025-07-23,111.23008303356984,111.99718586431943,110.95471355619875,111.0973129272461,58775.0,0.0041333472534386,0.0142306089278358,0.0441353094378365,0.1337946919235852,-0.0103083457562342,,109.3477222442627,107.05665802001953,106.04775062561036,1,1,1.2942297808109515,1.2613416463409302,1,67.54404687242615,38.53657616370523,0.0868247853313251,4.720963483784415,-0.0103083457562342,4.38034407984145,0.1775551362050309,-0.0010241260231427,-0.0456362282345106,-0.0592629837407313,0,,
2025-07-24,111.72181266920477,112.11520083946796,111.27925566719315,111.94801330566406,74728.0,0.0076572543115878,0.0081480444267394,0.052227772703455,0.1364668758428187,-0.0022537135887966,,109.63096084594729,107.1890362548828,106.09445941925048,1,1,1.337558064041744,1.276584929881093,1,71.31334219112452,39.01568451079962,0.0885231703510082,4.791344966294863,-0.0027300250696338,4.493457146506096,0.178855489664418,0.0069488740683145,-0.0235745178304609,-0.0467460658065105,0,,
2025-07-25,112.095536626176,112.63643880371576,111.96768115439424,112.56759643554688,61451.0,0.0055345611912833,0.0139073599036949,0.0591283732822272,0.1382381634713314,0.009536586931226,,109.89108810424804,107.32833145141602,106.14229930877686,1,1,1.4056873326144483,1.302405410427764,1,73.70827088967332,39.75879588112257,0.0882063695535858,4.842177306635366,0.0,4.551780494232073,0.1790888519075317,0.017185446494808,-0.0191302825848791,-0.0423427422687636,0,,
2025-07-28,113.28553048956216,113.69858469882668,112.49875413579176,112.59709930419922,60207.0,0.0002620902425436,0.0127376489128134,0.0487313885924884,0.1421495865507012,0.0267582950568576,,110.1482650756836,107.45765838623046,106.18856262207032,1,1,1.4453992410170289,1.331004176545617,1,73.8203502933125,40.966717962092495,0.0842913452393272,4.98988515099482,0.0,4.858265447960804,0.1791807660035061,0.0124585363310851,-0.0151371160978279,-0.0395424643763875,0,,
2025-07-29,113.23635089726568,113.58056272842056,112.86263626676252,112.78887176513672,73649.0,0.0017031740792841,0.0194222016209566,0.0496522581088121,0.1383376063611237,0.0198984700553308,,110.4101131439209,107.59805511474607,106.23386665344238,1,1,1.4753388613956275,1.3598711135156192,1,74.57894008764627,42.08835989442171,0.0841547593317121,4.87269418269226,0.0,4.821293127872843,0.1799606248794862,0.0208852437346656,-0.0096284123477582,-0.0352169523624437,0,,
2025-07-30,112.7151071459334,113.50188342388248,112.67576758171046,113.17733764648438,54614.0,0.0034441862505423,0.018722547507521,0.0523042986884343,0.1393354512724993,0.0203546387838322,,110.6392608642578,107.7428971862793,106.27846614837648,1,1,1.5129715817268874,1.3904912071578728,1,76.09030234255737,42.811875968517725,0.0840774532436542,4.903967793400872,0.0,5.649407275968409,0.1808081314332479,0.0244235332801372,-0.0071167294503424,-0.0379010173446783,0,,
2025-07-31,113.8165907913936,114.35749290932748,113.26584440347774,113.48220825195312,73610.0,0.0026937425089554,0.0137045303528529,0.0450099246976345,0.1185173404199719,0.0205929458700138,,110.85513153076172,107.90468841552736,106.328475189209,1,1,1.5495342276451538,1.4222998112553291,1,77.23424519042445,43.90317605267053,0.0798646280832832,4.519178040503047,0.0,4.805329291161984,0.1819778200118272,0.0257821858970199,-0.0146545985316836,-0.028868533645199,0,,
2025-08-01,112.7347794737365,113.4822162292142,110.43347111255544,111.09239196777344,85582.0,-0.0210589511870779,-0.0131050543361126,0.0176576802739192,0.0863786190606221,-0.0094924393463771,,110.9775733947754,108.04185302734376,106.364058303833,1,1,1.3698810503229597,1.411816059068855,0,55.01442765621268,41.476283828957925,0.1122617771634206,3.0833585058795685,-0.0210589511870779,3.502252976916985,0.1811140907541786,0.0235832723429751,-0.0125762694921299,-0.0468898920768432,0,,
2025-08-04,111.5251107861672,112.61675928155034,111.43659489297843,112.32171630859376,71781.0,0.0110657833452441,-0.0024457379213781,0.033855313660102,0.1066524988514208,0.0177815146081354,,111.1629566192627,108.2255027770996,106.40389404296874,1,1,1.3115817157875682,1.391769190412598,0,61.19839171524108,39.22274104979622,0.1156086421599742,3.752742373715907,-0.0102262016331479,4.32426491254598,0.1803765731059312,0.0243059799781517,-0.0231242349283519,-0.0418005988826809,0,,
2025-08-05,112.89213327429796,113.0789943315904,112.01080846990855,112.12503051757812,76991.0,-0.0017510931766325,-0.0058856980938769,0.0323252713616306,0.1085586148934825,0.0128247679588926,,111.32350730895996,108.37686782836914,106.44289211273194,1,1,1.2352687641954816,1.3604691051691749,0,59.782407868533504,37.48092973852901,0.1160252468943749,3.8247944701214154,-0.0119593877778778,4.884660350963879,0.1809782534273734,0.0203410592679476,-0.0123189817689597,-0.0351792025211907,0,,
2025-08-06,112.61677759640035,112.7741283718472,112.0955414288957,112.48892211914062,98158.0,0.0032454091640621,-0.0060826269786805,0.0328231893657826,0.099404676553902,0.0186221380901718,,111.49143486022948,108.53238220214844,106.48591926574709,1,1,1.1904306676118497,1.32646141765771,0,61.55473886948348,35.86353352092374,0.1161014027370446,3.5790526596787493,-0.0087527917205065,4.472773374454554,0.1801854591305254,0.0125187322414024,-0.0211471022613188,-0.0331281077010813,0,,
2025-08-07,112.78395535929454,113.48221577815757,112.17420333708434,112.19879150390624,55062.0,-0.0025791927753303,-0.0113094093586674,0.0281170161835173,0.097408090397153,0.0029862912684976,,111.61018867492676,108.68346252441408,106.52679164886474,1,1,1.1185906207243477,1.2848872582710376,0,59.310512527948966,34.89883411412632,0.1169664548914437,3.504475803939996,-0.0113094093586674,5.509833231845213,0.1798713977701314,0.0147991294179172,-0.0233517540540495,-0.0438597803192881,0,,
2025-08-08,112.34140420001071,112.69544530825172,112.21354872720312,112.44466400146484,68250.0,0.0021914005869665,0.01217249903201,0.0238650530670281,0.0724329232211988,0.0079057670643598,,111.74221916198732,108.83975372314453,106.57069019317628,1,1,1.0691719727319935,1.241744201163229,0,60.62081909606035,34.00304180781443,0.1156026400717619,2.9588639432311528,-0.0091427922180076,4.097127105322237,0.1788708150579028,0.0056110722732103,-0.0216660159460445,-0.055331088660275,0,,
2025-08-11,112.72495290459028,114.80989745193324,112.47908623602584,112.81346130371094,76760.0,0.0032798115012491,0.0043780046395138,0.0274070667402155,0.0702621347445719,0.0053287566912008,,111.86539840698242,109.01153518676756,106.61652992248536,1,1,1.0476890906068237,1.202933179051948,0,62.56795693461167,34.47007508305539,0.1157228190968441,2.882416778241014,-0.0058929673518287,3.9743376897915623,0.1798130332791171,0.0075349053300957,-0.0152513101434788,-0.0494678327933544,0,,
2025-08-12,112.69543490933,112.92163553040172,112.22188949528952,112.78395080566406,63370.0,-0.0002615866733086,0.0058766564882462,0.022057790014629,0.0707767286777862,0.0070768748445477,,111.9676788330078,109.16376052856444,106.66125072479248,1,1,1.016564182082135,1.1656593796579855,0,62.30249092874781,34.604941542620935,0.1150569416882483,2.903454938992408,-0.0061530125034119,4.003445402945263,0.1778723752221296,-0.0063764487230892,-0.0239102512457521,-0.0571286514436276,0,,
2025-08-13,113.12817308792808,113.2265182570922,112.84296684507328,112.86264038085938,41091.0,0.0006977018860681,0.0033222672479955,0.0191830404164166,0.0687462951289863,0.0120942576803331,,112.13388519287108,109.31286697387696,106.70646213531494,1,1,0.9868710240560858,1.1299017085376055,0,62.75626070362043,34.896586558988155,0.1147128308441833,2.82542303556148,-0.0054596035857725,3.888595084079364,0.1773892450099062,-0.0167711089895084,-0.0243423190451748,-0.0587059105635721,0,,
2025-08-14,112.82329820919584,113.13800724521256,112.45941283810404,112.87246704101562,61749.0,8.706743102138148e-05,0.0060043029704641,0.0304363621572436,0.0635227237600795,0.0106811909877724,,112.22534713745117,109.4604103088379,106.7529853439331,1,1,0.9531446534890904,1.094550297527903,0,62.81645386245491,34.699301733289055,0.1065475307585476,2.628922249353285,-0.0053730115084097,3.5931267405365235,0.177388183390338,-0.0026841299173288,-0.0230523021931315,-0.0501846558254213,0,,
2025-08-15,113.48221934621756,113.5510617135304,112.91180687233673,112.93148040771484,56842.0,0.0005228322570265,0.0043293864637601,0.0170046592644086,0.0677177875866879,0.0122693806490341,,112.32074356079102,109.60053085327148,106.80014358520508,1,1,0.920566430548064,1.059753524131935,0,63.201096894019486,34.76795827225591,0.0967282951964281,2.805816620166276,-0.0048529884351171,3.830418139919446,0.1778974482066894,-0.0073361458755493,-0.0158215017514096,-0.0465064485161574,0,,
2025-08-18,112.91180905131196,113.47238476832172,112.90197978668851,113.25110626220705,43917.0,0.0028302635663524,0.003879368237075,0.020063799818569,0.0690598577198666,0.0119525766392707,,112.42425308227538,109.74587051391602,106.85186237335203,1,1,0.9100486154335528,1.0298125423922586,0,65.29508514427516,34.81882914922684,0.096898111787565,2.856965652462249,-0.0020364601051204,3.906331573691796,0.1784397526682208,-0.0048630878994019,-0.0176839210641339,-0.0465975079896888,0,,
2025-08-19,113.31503831112128,113.82643771145504,113.19701960184928,113.41338348388672,41846.0,0.0014328974527098,0.0055808709814326,0.0200795940081133,0.0761033804412545,0.0144624505106154,,112.5629222869873,109.88624389648436,106.90436824798584,1,1,0.9043824290768754,1.004726519729182,0,66.34227276220253,35.09211236691524,0.0968990402369296,3.160455349943625,-0.0006064806909079,4.304744430378841,0.179670203412522,0.0024779934927505,-0.022571098188685,-0.0361980558229143,0,,
2025-08-20,112.93148823749428,113.26586332955232,112.4200813277803,113.0199966430664,49624.0,-0.0034686103944355,0.001394228078273,0.0215111828140577,0.0842894033016692,0.0097995930060517,,112.65905647277832,110.01092834472657,106.9562912750244,1,1,0.85825547036643,0.9754323098566318,0,61.49786695810237,34.31719744498691,0.0959564566304217,3.5857864793436014,-0.0040729874401149,4.767782157625733,0.179523994028663,0.006703510962333,-0.0121220422553016,-0.0358068043483693,0,,
2025-08-21,113.26585414634916,113.36419931231887,112.75445478135347,113.32486724853516,132870.0,0.0026974926077159,0.0040080652029617,0.0200504788333433,0.0987562011485601,0.0201165402679688,,112.72789916992188,110.15119338989258,107.008621673584,1,1,0.8366555883900304,0.9476769655633116,0,63.70955021166555,33.67317788995163,0.0954994603194027,4.312454625948125,-0.00138648168591,8.108799176627485,0.1807333396799272,0.0178998115336201,-0.0017699087093003,-0.0261010759317769,0,,
2025-08-22,113.13800813567887,114.2788255864977,113.09866856796025,114.00345611572266,70131.0,0.0059879961359166,0.0094922664976822,0.0183606903719353,0.0903497443825975,0.0271708421218477,,112.79969215393066,110.31666397094726,107.05390365600586,1,1,0.8643305125615086,0.931007674962951,0,68.10173907055758,33.72974879676138,0.0941912661436936,4.103201407305327,0.0,7.768618536008758,0.1790656751534274,0.0011751693470729,-0.0041060166579367,-0.050717344283117,0,,
2025-08-26,113.64940622607432,113.76742492789744,113.35437072639944,113.56089782714844,71070.0,-0.0038819725616474,0.0027354396364493,0.0088240437128841,0.0844945442135425,0.0332062220659941,,112.84788208007812,110.460965423584,107.0942533493042,1,1,0.8408594299883703,0.9129780259680348,0,62.76637415818565,33.782278924513285,0.0939808807616469,3.821807295426709,-0.0038819725616474,7.265165904502211,0.1784120243941473,-0.0037792833343633,-0.0149555195903536,-0.0492634843901023,0,,
2025-08-27,113.94444790045104,114.18047779808995,113.81217301519573,113.95428466796876,53069.0,0.0034641047081109,0.0047692888393449,0.0120534664938649,0.0889629629629631,0.0493905493967674,,112.90615272521973,110.61626281738282,107.13504020690918,1,1,0.844269247980975,0.8992362703706229,0,65.36395044504675,34.113682154934246,0.0945593336296205,4.012903133747943,-0.0004313154129641,8.242806993334435,0.1786230609465125,-0.003112527473974,-0.0092501323690457,-0.041357591628266,0,,
2025-08-28,113.91494084473074,114.20997632994164,113.6100610891148,113.8215103149414,39287.0,-0.0011651545478454,0.0070917863712762,0.0091555003046308,0.0878466702498461,0.0370942228491009,,112.93836135864258,110.7644075012207,107.17205509185791,1,1,0.8267277695515531,0.884734570206809,0,63.7474535638843,34.11654516798894,0.0946550015864449,3.9606883890903912,-0.0015959674116946,8.776202655327339,0.1777853433923036,-0.0120875413087687,-0.0148613968236117,-0.0554570485202396,0,,
2025-08-29,114.05262785995885,114.35750011843628,113.22651197763392,113.3346939086914,46398.0,-0.0042770158725093,8.671230238199712e-05,0.0013903513325126,0.087410499118689,0.0364311532610801,,112.9309856414795,110.92549911499025,107.20583461761474,1,1,0.7647286897188081,0.8607333941092089,0,58.0763022945993,33.551156224962675,0.0953551506480495,3.93743004720394,-0.0058661573062521,10.0,0.1780870050213925,-0.0150498010807661,-0.0037683229117544,-0.0655553582959159,0,,
2025-09-01,113.4428734303549,113.67890331889686,113.256019874251,113.37403106689452,91449.0,0.0003470884055574,-0.0055211049758808,-0.0009532523796015,0.0779798238602951,0.0474303906873028,,113.04506759643554,111.07754287719726,107.23888801574708,1,1,0.7105770621313781,0.8307021277136428,0,58.39836559798621,33.02615220643828,0.0948911275609159,3.590797035094985,-0.0055211049758808,10.0,0.1781488169560158,-0.0210410425598156,-0.0067763103129018,-0.0409013111276329,0,,
2025-09-02,113.3937014980831,113.93460362382528,113.04948218694622,113.17733764648438,84773.0,-0.0017349071790001,-0.0033775726328606,0.0187676729412376,0.0737142322770756,0.0424227944212063,,113.08784866333008,111.2295867919922,107.2707151412964,1,1,0.6443621857594195,0.7934341393227982,0,56.07856791471212,32.769667872029764,0.0569572364031491,3.396394738281928,-0.0072464335502223,10.0,0.1791674360257955,-0.01074822351081,-0.0035883521067709,-0.0552083766940607,0,,
2025-09-03,113.7379219899477,114.04279425688424,113.48221855460288,113.50189208984376,111728.0,0.0028676628210955,-0.0039699479439772,0.0105071024556602,0.075895246277702,0.0771675171390533,,113.15669174194336,111.37159942626953,107.30812301635744,1,1,0.611031657750118,0.7569536430082622,0,58.97448341912209,32.630186651366,0.0441451202340186,3.489457728179102,-0.0043995510572044,10.0,0.1787126984938512,-0.0092244496246356,-0.0117454068843504,-0.0404739963545728,0,,
2025-09-04,113.78708757774316,114.30833120119382,113.68874241410802,114.1411361694336,139936.0,0.00563201254023,0.0028081322555622,0.0179808704849306,0.0775609896987588,0.0831839440338932,,113.239302444458,111.52659362792969,107.34661460876464,1,1,0.6289485021801937,0.7313526148426486,0,64.00807838756461,32.74381155436052,0.0467311878141996,3.5512891359919885,0.0,10.0,0.1782296376543495,-0.0151875472382481,-0.0083391614997969,-0.0328275232568396,0,,
2025-09-05,114.72138887004638,114.78039446936616,113.2953576926914,113.59040069580078,88405.0,-0.0048250393514156,0.0022562092708819,0.0097918848888385,0.0717680840677903,0.0720594911711918,,113.30888290405274,111.67273681640626,107.38378520965576,1,1,0.5918850974731669,0.7034591113687523,0,57.46626434610205,33.253815474874735,0.0497881003098227,3.266503944685553,-0.0048250393514156,10.0,0.177884903510136,-0.0127677096225773,-0.0099135875550768,-0.0570213578645684,0,,
2025-09-08,114.2984949094708,114.4361796397839,114.03295471297048,114.28865814208984,50022.0,0.0061471518897007,0.008067341935259,0.0186264629963581,0.0741948867896493,0.0971634305199082,,113.40108261108398,111.81120895385742,107.42580684661866,1,1,0.611803136822914,0.6851279164595847,0,62.6748748897903,33.72739054392365,0.0521764125092913,3.3559802984100107,0.0,10.0,0.1785397440724736,-0.0074033654831524,-0.0044914233904249,-0.0319093341265438,0,,
2025-09-09,114.2689896333924,114.396837593553,114.01328620981634,114.29849243164062,47553.0,8.60478170856549e-05,0.0099061774068076,0.0164865842824843,0.0703531744259775,0.1059474306799452,,113.47533416748048,111.94810760498046,107.46134578704834,1,1,0.6212208245189714,0.6723464980714621,0,62.74407325393249,34.12574545793522,0.052021364216044,3.19463196281043,0.0,10.0,0.1781432907641225,-0.0040673169267151,-0.0131620065059783,-0.0523416672419047,0,,
2025-09-10,114.927912048829,115.16394194130844,114.67220862174416,114.80006408691406,65115.0,0.0043882613375099,0.0114374480739292,0.0176096253075233,0.0798449830478016,0.1273273535155927,,113.57613983154296,112.09307067871094,107.49429332733156,1,1,0.6615313292653866,0.670183464310247,0,66.1871810004646,35.13821413513978,0.0528268791111794,3.6245511484893447,0.0,10.0,0.1784092588436585,-0.007806855876123,-0.003335293902742,-0.0448131038628216,0,,
2025-09-11,115.16394152324324,115.52782687957166,114.88857206580768,115.51799011230467,57823.0,0.0062537075314441,0.0120627320620607,0.0242413861822554,0.0925760881636206,0.1270980710698592,,113.70890731811524,112.2315428161621,107.52947074890136,1,1,0.7428452671546779,0.6847158248791333,1,70.40344503153993,36.33828758009293,0.0558544278110436,4.196498521572669,0.0,10.0,0.1780453937748303,0.0009727117686748,-0.0110771189870476,-0.0478521368211148,0,,
2025-09-12,115.5573271997687,115.75401752135998,115.45898203897303,115.52782440185548,65676.0,8.513210402338878e-05,0.0170562274117087,0.0236144043059982,0.0863409465268572,0.1362131777489712,,113.84167518615725,112.35880340576172,107.5646487426758,1,1,0.7988717969505927,0.7075470192934252,1,70.45778725679739,37.60711315115308,0.0559567477270283,3.9473986668720698,0.0,10.0,0.1781201360174205,0.004120266747138,-0.0070334772732997,-0.0526304139926229,0,,
2025-09-15,115.704859486955,115.9802289641746,115.36064764043051,115.7540283203125,78581.0,0.0019580037937023,0.012821658789631,0.0255293549865422,0.090071249985361,0.1205593124312995,,113.98280258178713,112.50101287841797,107.60608131408692,1,1,0.8517080312037706,0.7363792216754943,1,71.74296914941527,38.93684749397909,0.0558977518438091,4.117868708813938,0.0,10.0,0.1775237745778283,0.0007643755344852,-0.0173693603585246,-0.0514334000592321,0,,
2025-09-16,115.76386374261853,122.69730694214697,115.13444565821727,115.28196716308594,57341.0,-0.0040781402088252,0.008604441848028,0.0208133883208221,0.0833317799369828,0.1118993134001109,,114.08434562683104,112.63437118530274,107.6438666152954,1,1,0.8457405665099458,0.7582514906423846,1,65.35338639650539,42.036695214027056,0.0588040542556296,3.794526958555055,-0.0040781402088252,10.0,0.1770435850773004,-0.0047997491700779,-0.0222455059991945,-0.0501981719350701,0,,
2025-09-17,115.50815272710122,115.65567422229678,115.22344171874988,115.31146240234376,53733.0,0.0002558530183311,0.0044546866719736,0.0181928124866739,0.0952824695500309,0.1149078993860452,,114.1792495727539,112.76232009887696,107.6803910446167,1,1,0.8337800298785396,0.7733571984896157,1,65.55978055567086,44.91512523978588,0.0584630448436279,4.489173683177912,-0.0038233305949757,10.0,0.1773091798456902,-0.006335879789257,-0.0102297447670886,-0.0567499073379255,0,,
2025-09-18,115.91487606961904,116.77276950706592,115.77682407915016,116.66429901123048,66240.0,0.0117320219577687,0.0099232067473766,0.0286643024613195,0.1029806775623902,0.1208081352103889,,114.36146469116213,112.91299865722657,107.71989158630372,1,1,0.9228260622308966,0.8032509712378719,1,73.38980021523504,47.718139740288805,0.0695563695881876,4.7014202759769645,0.0,10.0,0.1785550827017267,-0.006206486604988,-0.0102384563785058,-0.0458890221148161,0,,
2025-09-19,116.68403367878427,117.34471218550448,115.9740476618379,117.00944519042967,47273.0,0.002958455861171,0.0128247960718144,0.035298607908851,0.1083048819748884,0.1250957713307805,,114.54569358825684,113.05671325683592,107.76077796936036,1,1,1.0096079644119555,0.8445223698726887,1,74.95428988017656,50.38184941578342,0.0674715052721586,4.944802046694687,0.0,10.0,0.1782007143151276,-0.0073710465316639,-0.0005873908133554,-0.0497152746666772,0,,
2025-09-22,117.22636773844192,117.43344572018724,116.88123776886636,117.24609375,81777.0,0.002022473990755,0.0128899654840406,0.0346016421344232,0.1019239183417792,0.1270534243834669,,114.7078254699707,113.20555404663088,107.80284759521484,1,1,1.0849719271188434,0.8926122813219197,1,75.9963374721138,52.86483733395888,0.0673814142626599,4.721123783818473,0.0,10.0,0.1777203271417341,-0.0166710389103031,-9.471466454591404e-05,-0.0522316967422323,0,,
2025-09-23,117.5221945460758,117.8673245063138,117.41372405524832,117.6109390258789,58680.0,0.0031117904589372,0.0202023952236887,0.0316436275975209,0.1054550479503779,0.116397069580092,,114.91032752990722,113.35077529907228,107.84669292449952,1,1,1.160757880852529,0.9462414012280416,1,77.54733680683563,55.218041108556136,0.0657543525273837,4.876168739966381,0.0,10.0,0.1792490945395163,0.0010243134868352,0.0091648529379126,-0.039149790228804,1,,
2025-09-24,117.46303907934151,118.330795538245,117.27567957895975,117.48275756835938,101355.0,-0.0010898770010783,0.0188298294096691,0.0345353005854216,0.1053742449172001,0.1166310861531856,,115.08675117492676,113.48566360473632,107.88936309814451,1,1,1.1966810288377303,0.9963293267499794,1,75.69673738483523,57.45286771540415,0.063553248016302,4.87209187130346,-0.0010898770010783,10.0,0.179625241184742,0.0068000842135753,0.0202320200845245,-0.0335636004143869,1,,
2025-09-25,117.21650792160432,117.6010823768065,116.74318146421076,117.56163787841795,63684.0,0.0006714203147017,0.0076916320999029,0.0316561436979752,0.0949711893052518,0.1189403170407592,,115.27375755310058,113.6461260986328,107.93410312652588,1,1,1.217481001094768,1.0405596616189372,1,76.07511332312168,58.76593395909297,0.0632710457135851,4.513689020039685,-0.0004191884519355,10.0,0.1805789363155286,0.0109497360455705,0.0203588790923403,-0.0386912169899164,1,,
2025-09-26,117.45317757057455,117.73914456623002,117.04887706949528,117.23623657226562,55737.0,-0.0027679208288069,0.0019382314091556,0.0300007111825852,0.0910409734969508,0.1242646115224626,,115.4688346862793,113.76998626708983,107.97898872375488,1,1,1.1939449093399048,1.071236711163131,1,71.15367938469743,60.01234717207787,0.0643537255959489,4.313835267965676,-0.0031859490002952,10.0,0.1790532931923527,0.00713191411539,0.0157381092924071,-0.0421697763059178,1,,
2025-09-29,117.7095563675674,118.10398631664653,117.61094135702857,117.79337310791016,72218.0,0.0047522553771257,0.0046677832958521,0.0393408147624319,0.0952234383321779,0.1486683310590968,,115.68980178833009,113.90538269042968,108.02449893951416,1,1,1.2063426817846192,1.0982579052874284,1,74.22784219675299,61.24249048866126,0.0618406891218073,4.487145991708276,0.0,10.0,0.1794000082545732,0.007372818881552,0.016445382571113,-0.043773738123632,1,,
2025-09-30,117.6109431588586,117.88705466002074,117.38414668699042,117.59122467041016,104088.0,-0.0017161274201292,-0.0001676234849584,0.0371971743778551,0.0828481286255988,0.1561205447245086,,115.91049613952636,114.0335888671875,108.06779537200929,1,1,1.1861827400329474,1.1158428722365323,1,71.26042716308531,62.03192072308231,0.0628753097085113,4.003031979475205,-0.0017161274201292,10.0,0.178420062334492,0.001522577489488,0.0057276295400332,-0.0347454289161386,1,,
2025-10-01,117.29539635879564,118.13357883359336,117.17707037987398,118.02510833740234,83289.0,0.0036897622948335,0.0046164286595622,0.0428334045642622,0.081164567953142,0.1457942107487495,0.1636000581582386,116.1366569519043,114.18129104614258,108.11282276153564,1,1,1.1914819643461811,1.1309706906584622,1,73.69148549648142,62.82749051724418,0.0618893790038579,3.937691136516848,0.0,10.0,0.1784702336162531,-0.0038913455760012,0.0086412657350067,-0.0439229250512271,1,,
2025-10-02,118.537866173679,119.09007411115286,118.37023269598426,118.8435516357422,147415.0,0.0069344846183081,0.0109041842258952,0.0470622951524912,0.0938849706968927,0.1532471882261905,0.1637567385296234,116.37177772521972,114.3362158203125,108.16350128173828,1,1,1.247344560307056,1.154245464588181,1,77.54932724773649,63.78973564515259,0.064164061655172,4.531140158189116,0.0,10.0,0.1795011121949277,0.0044116266371727,0.0193344926561731,-0.0327281270660509,1,,
2025-10-03,119.2971659794664,119.69159594256438,118.9816174950264,119.21827697753906,86315.0,0.0031530978049645,0.0169063803413007,0.0444812534594789,0.0976321661986949,0.2067993013525637,0.1648225220110633,116.65317153930664,114.48162109375,108.2190495300293,1,1,1.3067894184789282,1.1847542553663306,1,79.06312902206993,64.8071756762251,0.0630585361314762,4.702686940458296,0.0,10.0,0.1800697361834408,0.0103243127984129,0.0152189110016127,-0.0376793233687499,1,,
2025-10-06,119.474651962748,119.72117442963388,119.09006999299883,119.28729248046876,93849.0,0.0005789003555445,0.0126825417520732,0.050152933256433,0.0952427985753014,0.2532630864121137,0.1585157280983646,116.9031032562256,114.61601501464844,108.27433387756348,1,1,1.3439763484087877,1.216598673974822,1,79.33944117743249,65.7580001102855,0.0581911403383364,4.594742887487207,0.0,10.0,0.1795301413871181,0.0092488898412239,0.0088362958562919,-0.0624966792837367,1,,
2025-10-07,119.32674790537202,119.97756336544984,119.02105490261684,119.05064392089844,63010.0,-0.0019838538929791,0.0124109537474315,0.0416663022929908,0.0909029514673442,0.279962300505818,0.1602669292525351,117.14071083068848,114.74508590698242,108.33525539398194,1,1,1.3389174899161844,1.2410624371630945,1,75.6526037694525,66.69528702744455,0.0583039286429874,4.380356006055772,-0.0019838538929791,10.0,0.1798407455386161,0.0072869011485441,0.014626195542704,-0.0406731031965401,1,,
2025-10-08,119.2675810578982,119.83951505661211,119.16897356373671,119.75077056884766,79585.0,0.005880914414998,0.0146211450745896,0.047702100187086,0.0903908171373384,0.2514483450571769,0.1626331463902535,117.38824615478516,114.88432388305664,108.3980212020874,1,1,1.375546236632573,1.2679591970569903,1,78.79247767094364,67.56562487909225,0.0594121332867868,4.362957634727666,0.0,10.0,0.1798260674739361,0.0094461975109789,0.0109814978849449,-0.0822079483597332,1,,
2025-10-09,120.25366253326902,120.38185903754648,119.85923258454493,120.08602905273438,83903.0,0.0027996352949892,0.0104547314506417,0.0460449652869388,0.0936393001310358,0.296340166746144,0.1619980034789256,117.61664810180665,115.02249771118164,108.46163509368895,1,1,1.415312498596407,1.2974298573648737,1,80.11491467908195,68.49243306691261,0.0589373294775371,4.512526904250705,0.0,10.0,0.1808534508401388,0.0136999167662155,0.0133646107175837,0.0536107208527851,1,,
2025-10-10,120.18464053794584,120.76643752122516,117.8574676513672,117.8574676513672,79847.0,-0.0185580405892888,-0.011414435442883,0.0202520623565916,0.0680344327716844,0.2301544034372116,0.136215807108716,117.73313026428222,115.11000289916991,108.51157291412352,1,1,1.252562506594657,1.2884563872108306,0,55.3895616742355,66.28192304490845,0.0910865682847123,2.997599604433029,-0.0185580405892888,10.0,0.1824277840388032,0.0246138929576309,0.0190707938871745,-0.0174368672027989,1,,
2025-10-13,118.3307914704028,118.7350919524292,117.8377465059428,118.60689544677734,149766.0,0.0063587637707185,-0.0057038517644519,0.0266522031455516,0.0710553634743711,0.2406351498115071,0.1376348486169023,117.87577362060549,115.26029296875,108.56696296691896,1,1,1.1705610263799286,1.2648773150446502,0,59.87434194332988,64.20454524805174,0.0928925095907831,3.1075705215446736,-0.0123172830147251,10.0,0.1808133890955661,0.0151204301678853,0.0022081554626036,-0.0066269573652274,1,,
2025-10-14,118.14342606114104,118.66605249357822,117.4827476474287,118.48856353759766,87075.0,-0.0009976815322072,-0.0047213552551151,0.0236236721690428,0.0817068818434938,0.2143139795425217,0.1450338753981952,118.03610343933106,115.38362991333008,108.624221534729,1,1,1.0835355431275104,1.2286089606612225,0,58.86801106128736,61.81905121702373,0.0931803881969635,3.6785215115847008,-0.0133026758211416,10.0,0.1808539446187166,0.0187590087514066,0.0168011515085109,-0.0170686042483464,1,,
2025-10-15,119.09994316569644,119.7507661450046,118.9618911743164,118.9618911743164,81925.0,0.0039947115787977,-0.0065876769793118,0.031921072321958,0.0713115347677699,0.2197756765391436,0.1441309092424652,118.21862487792968,115.52036712646483,108.68233661651612,1,1,1.0407635310511552,1.1910398747392088,0,61.64495563327047,60.26083066630126,0.091680558294297,3.3677409484322403,-0.0093611045954755,10.0,0.1807738305689278,0.0210696450255385,0.008714004536489,-0.0197650477243738,1,,
2025-10-16,119.01120101498844,119.2675789907107,118.7213143972136,118.93231201171876,65053.0,-0.0002486440178922,-0.0096074210307093,0.0314006043626535,0.0712349761157842,0.2266037434765819,0.1396943492020228,118.3320255279541,115.6492349243164,108.7351153564453,1,1,0.9930325510000416,1.1514384099913753,0,61.36613496288732,58.5062171649592,0.0917843470429885,3.3641043919923685,-0.0096074210307093,10.0,0.1819681321116503,0.0262758660889115,0.0148142573756844,-0.0295796975678898,1,,
2025-10-17,116.99956611036284,118.61675291645216,116.36846918717038,117.89690399169922,104097.0,-0.0087058596819131,0.0003346104503847,0.0105653999631034,0.0604059438518793,0.2280598595799858,0.1300880252733973,118.37639846801758,115.76319717407226,108.7833260345459,1,1,0.861723222570987,1.0934953725072978,0,52.42704802914056,54.50467337932444,0.0903411563452655,2.7982676531129327,-0.0182296398532241,10.0,0.1793658101762799,0.0045404894796943,0.0007796177192218,-0.0325329364303328,1,,
2025-10-20,119.05064452761285,119.8789564852549,118.74929244972628,119.69159698486328,173429.0,0.0152225625304835,0.0091453497201827,0.0229225238190684,0.0818112585425567,0.2544826062491208,0.1521714878662701,118.49867362976076,115.90813583374025,108.83683197021485,1,1,0.892191728554792,1.0532346437167963,0,62.59728079788078,51.65183583958822,0.1035434184414464,3.581155241816398,-0.0032845791553144,10.0,0.1802218181915096,0.011341727131396,0.0106166482483709,-0.0203291258514303,1,,
2025-10-21,119.81978903824172,120.10575601963,119.6324295448189,119.8789520263672,50139.0,0.0015653149111847,0.0117343686787827,0.0224558293769783,0.079044567935427,0.2234150034741657,0.1524128004517895,118.61207427978516,116.04944564819336,108.8949772644043,1,1,0.9208413393622976,1.0267559828458968,0,63.47512891865872,49.14563664762275,0.103504210912192,3.4730706554995505,-0.0017244056448584,10.0,0.1805066260773458,0.015677998011953,0.016622948428294,-0.0297718884746206,1,,
2025-10-22,120.45088257309148,120.608653044708,119.43521118164062,119.43521118164062,68337.0,-0.0037015742732633,0.0039787532179582,0.0155110755076983,0.0668810249944626,0.2124749453714411,0.1521271679644333,118.70969696044922,116.1824708557129,108.94832180023194,1,1,0.8973955671750389,1.000883899711725,0,59.889887465408606,47.13397606835795,0.1045038365701715,2.976117940449964,-0.0054195969025502,10.0,0.1807783099267639,0.0085312307500138,0.0107506918907194,-0.013077268317409,1,,
2025-10-23,119.81978376148903,120.48046217735818,119.53381679269444,120.40157318115234,48447.0,0.0080910980099666,0.0123537594164384,0.0248446297414717,0.0695935330740671,0.2174521787470389,0.1616669825782435,118.85169372558592,116.33324951171876,109.00435459136963,1,1,0.9458883488449316,0.9898847895383664,0,64.58167138041526,45.266005530469215,0.1072658118650288,3.0684673069391333,0.0,10.0,0.1811667033409676,0.0085815453666682,0.0116023493997754,-0.0077498894077697,1,,
2025-10-27,122.31459861466304,122.42306911130296,121.97932411870268,122.27515411376952,105587.0,0.0155611001012274,0.037136260358275,0.0400939993727058,0.0859529674332326,0.2403207327673735,0.1775366043056938,119.10363960266112,116.52130325317384,109.0740423965454,1,1,1.1225613621700743,1.016420104064708,1,71.53396876379067,44.61351613873524,0.1182006297038266,3.572590656438785,0.0,10.0,0.1803664980034015,-0.0011764290811632,0.0066175183103762,-0.0086197679303954,1,,
2025-10-28,122.27515566267924,123.48804962989432,122.21599267222412,123.133056640625,64325.0,0.0070161639384012,0.0287527256921549,0.0502986127904618,0.0917128145144341,0.2427377521081264,0.186020340180756,119.37062377929688,116.72533477783205,109.14872611999512,1,1,1.3166243364369876,1.076460950539164,1,74.04615671297626,44.471494118434606,0.1181912729892459,3.771951001907063,0.0,10.0,0.1811508515000169,0.0117147150452623,0.0066138168909322,-0.0030782760130445,1,,
2025-10-29,123.81344911732435,124.30649408198178,123.68526013489031,123.87261962890624,56920.0,0.0060062099362945,0.0333141684593691,0.051609410280041,0.0945002082999086,0.2470028887412207,0.1960531105997403,119.68469352722168,116.93776504516602,109.22493976593016,1,1,1.512660188999746,1.1637007982312806,1,76.01154928987548,44.65771558116868,0.1185894143741196,3.8657612749886177,0.0,10.0,0.1821513767153464,0.0153365013053339,0.0074291198711629,0.000259519384643,1,,
2025-10-30,123.87261305580223,124.37551347631344,123.33026061415052,123.7937240600586,98881.0,-0.000636908859149,0.0364926962099092,0.0527462776838414,0.0908646030681026,0.2201509745820224,0.1960765682854031,119.97312431335448,117.14537185668944,109.29315895080566,1,1,1.642717575811787,1.259504153747382,1,75.35596670899103,44.463060090189,0.1181726776265545,3.722762086930928,-0.000636908859149,10.0,0.184059690734083,0.0316087121918953,0.0114402443227448,-0.0033820063965929,1,,
2025-10-31,123.99095210553342,124.65163811049416,123.15277712632982,123.39929962158205,65983.0,-0.0031861424435797,0.0248977348154697,0.0455343050295393,0.1107808323848018,0.2067285467652093,0.1991301035447685,120.20091171264647,117.35295791625975,109.35740867614746,1,1,1.6944299028565697,1.3464893035692196,1,72.01209833037393,44.40040764615006,0.119674583172727,5.074383949917239,-0.0038210220203798,10.0,0.1828733724531902,0.0246715586555725,0.0097136655225762,-0.002984765644922,1,,
2025-11-03,123.58664862055144,124.247327046085,123.31054465306094,123.46831512451172,113946.0,0.0005592860181646,0.0097580004653441,0.038914719605019,0.0992381454116466,0.2164746404526003,0.1997441008757638,120.41341361999513,117.5558268737793,109.41581634521484,1,1,1.7211410265258706,1.42141964816055,1,72.24418650561543,44.34223037668533,0.1184948453357797,4.694009897165888,-0.0032638730464061,10.0,0.1826329044132251,0.0174472023042202,0.0125090041818722,-0.0109044918979009,1,,
2025-11-04,122.7188889075826,123.81344933288928,122.56111843071749,123.57678985595705,80751.0,0.0008785633086183,0.003603688785434,0.0365590997363527,0.1021338347514082,0.2217799572792633,0.2040368177930467,120.62788848876951,117.74729354858398,109.4765689086914,1,1,1.7311076572478612,1.483357249978012,1,72.62837980794019,43.44459976185003,0.1184406948952252,4.838689862553662,-0.0023881772568904,10.0,0.1849861010228368,0.0273025603502163,0.0221454651018153,0.0095536737520012,1,,
2025-11-05,122.86680516508112,124.39524758320172,122.74847918703308,123.6260986328125,79216.0,0.0003990132525122,-0.0019901169187529,0.0363727440041792,0.0990068737779896,0.2082532965964059,0.2019011850474863,120.85666122436524,117.94859756469728,109.53776290893556,1,1,1.7231220121524586,1.5313102024129015,1,72.81260278266615,42.92464158859468,0.1184645100719873,4.700714218643276,-0.0019901169187529,10.0,0.1844208206170657,0.0272415494811089,0.0235055675800801,0.0018613906774349,1,,
2025-11-06,122.76818939667726,123.78386076386654,121.94973299511491,122.00890350341795,71186.0,-0.0130813408113593,-0.0144176982330278,0.0248487491128992,0.087435095048864,0.1933600710884206,0.1625757208634926,120.96956787109374,118.10968994140624,109.58653507232664,1,1,1.5682217156484768,1.5386925050600166,1,58.82799707089675,41.59694320732192,0.1286471534581873,3.951778549184625,-0.0150454243324436,10.0,0.1839823563232831,0.0230293239291408,0.0228549875306205,-0.0010304705711523,1,,
2025-11-07,122.1469635837344,122.2948710561282,120.21422820400711,120.31283569335938,51463.0,-0.0139011806626969,-0.0250120052357482,0.004693624281846,0.0699737222905663,0.1474750467659391,0.1405037611075965,120.980908203125,118.2395164489746,109.6270948410034,1,1,1.2936907552985275,1.489692155107719,0,48.341523352956905,38.8638085446678,0.1375245269226311,3.017748212638864,-0.0287374558333484,9.739723996843468,0.1812463428098768,0.0078980503543877,0.0132806894808692,-0.0086730660952423,1,,
2025-11-10,122.56111727819386,123.3401292191756,122.32445780348708,122.55125427246094,246668.0,0.0186049856293522,-0.0074274995258983,0.0205288262021221,0.0863176508921605,0.1626446480545527,0.1583632322260029,121.2155975341797,118.42384765625,109.68232997894287,1,1,1.242422786915114,1.440238281469198,0,58.78381799638538,37.00772898144999,0.1514024488442658,3.447552493072,-0.0106671301567997,10.0,0.1817818302706058,0.0051333243914026,0.0109491339731346,-0.0044691648083708,1,,
2025-11-11,123.49790287624876,123.685262373656,123.06402841531988,123.29082489013672,48327.0,0.0060347861967331,-0.0023140669550782,0.0461010858882686,0.0931593015621243,0.1705295408503853,0.1585465523508278,121.44979400634766,118.62218353271484,109.75047054290772,1,1,1.247093997290662,1.401609424633491,0,61.54936411276152,35.49532401712176,0.1343592475896798,3.6910077606895135,-0.0046967178098956,10.0,0.1824611623588904,0.0001829673054629,0.0257982001478884,0.0012711074549121,1,,
2025-11-12,124.24733384522987,124.937593801729,124.0895558418762,124.22761535644533,78793.0,0.0075982172002124,0.0048656127653063,0.0473894868295425,0.1006974047145663,0.1763662733467832,0.165594175022075,121.73674659729004,118.84318908691408,109.81866695404052,1,1,1.3112716039024974,1.3835418604872922,0,64.77361426490471,34.79459058302516,0.1349121330258265,3.942443003897662,0.0,10.0,0.1837453028764488,0.0162151364760549,0.0358311343294097,0.0106166023806379,1,,
2025-11-13,124.45440338959826,124.6614813625005,122.54138660668885,122.61041259765624,50355.0,-0.0130180616777426,0.0049300426195653,0.034786893662954,0.0862738789354362,0.155276954474842,0.1484316569630046,121.91917266845704,119.02535949707033,109.87712097167967,1,1,1.2176023109012135,1.3503539505700766,0,56.0376332468316,32.933611231878345,0.144624919023061,3.2722867250091503,-0.0130180616777426,10.0,0.184413458696175,0.0196817055053055,0.0396039644330652,0.0156386996837767,1,,
2025-11-14,122.2061190200816,122.65971946168384,120.74670268874804,122.52166748046876,100806.0,-0.0007237975577056,0.0183590701223186,0.029923669429029,0.0849204051707337,0.1583888147165488,0.1470786784990998,122.09864044189452,119.19297012329102,109.9337671661377,1,1,1.1232594958009088,1.304935059616243,0,55.59452457570288,31.075785579258373,0.1445925854558931,3.221585076841961,-0.0137324367941998,10.0,0.1843101317204641,0.0195620192392169,0.0360470798115337,0.0196552591237528,1,,
2025-11-17,123.24152903694258,125.52925749010008,121.23976005756896,121.6144790649414,74173.0,-0.0074043100635401,-0.0076439463070435,0.0225520466881898,0.0738480450987462,0.1480078383060223,0.1470865435715058,122.28451919555664,119.35345169067382,109.98105438232422,1,1,0.9641752001583086,1.2367830877246564,0,51.14257000053965,29.879465879505496,0.1477388398610347,2.7853947002812403,-0.0210350676377878,10.0,0.1846658870198207,0.0148254250723149,0.0348920812683275,0.0165911313932811,1,,
2025-11-18,120.07616784816976,120.63823880912857,119.27743740977282,120.09589385986328,103059.0,-0.01248687834503,-0.0259137777131461,0.0186518033443769,0.0589217089791345,0.1395092306550769,0.1282667677202582,122.30473403930664,119.4695964050293,110.02973705291748,1,1,0.7074080553020821,1.1309080812401415,0,44.69100370676126,27.76451966963649,0.1514364262285917,2.178345138663228,-0.0332592836522454,7.086347308986373,0.1839043158817569,0.025303070306524,0.0235660247988556,0.0004630155505185,1,,
2025-11-19,119.95783712002547,121.2990177803368,119.80992213125904,120.57907104492188,104940.0,0.0040232614915411,-0.0293698329558586,0.0074146730632296,0.0668826280868519,0.1568095282012094,0.1358637516030483,122.33973999023438,119.59520797729492,110.07910610198977,1,1,0.5367196340056921,1.0120703917932516,0,46.982675208657646,26.078985382431306,0.1428377269235304,2.460940051258294,-0.0293698329558586,8.043784536681335,0.1839336319743658,0.0205958069899829,0.0245629447448607,0.0121431494354473,1,,
2025-11-20,122.1075169293218,122.67945089005268,121.02281951904295,121.02281951904295,124058.0,0.0036801450722385,-0.0129482728667013,0.0095418542900187,0.0679281825552484,0.1733927129638908,0.1429719455406866,122.41912040710449,119.7196630859375,110.1320580291748,1,1,0.432271665011001,0.8961106464368015,0,49.06979394504036,25.133650426721367,0.1432442089845122,2.4956365565472214,-0.0257977731296449,8.169530415779034,0.1874679905087869,0.0385657002333985,0.0372629136427542,0.0354270529780638,1,,
2025-11-21,118.9224447593502,119.82964569475136,118.34065530836548,119.37604522705078,127037.0,-0.0136071387076968,-0.0256740078559527,-0.0004953811694597,0.0471265459344891,0.1417341616959027,0.1136790821156323,122.36784400939942,119.79682418823242,110.16961460113524,1,1,0.214146427662385,0.7597178026819182,0,42.39914168978279,23.704816301141346,0.1508075484090422,1.7130552693796888,-0.0390538779600169,4.826823688245899,0.1830932594104266,0.0128054603707736,0.0224922183078821,0.0182938482268992,1,,
2025-11-24,120.46074497742816,126.21950634316607,119.9479740198785,121.00308990478516,98072.0,0.0136295742972534,-0.005027272779171,0.0049959207985412,0.0655348118941832,0.1555666901688448,0.1182189089845617,122.3042407989502,119.90632949829102,110.2168166732788,1,1,0.1706029091297409,0.6418948239714829,0,49.6779821106968,23.82367365658405,0.1556842290048674,2.291466214599037,-0.0259565913940154,6.712246276128688,0.1828967668149388,0.0095495664604279,0.0251369964329521,0.0098055400000027,1,,
2025-11-25,121.06226285811697,121.36795586603264,119.98742839709026,120.97351837158205,55570.0,-0.0002443865956347,0.0073076979030011,-0.0106451367951364,0.0615969265575697,0.1560397346165063,0.1151431051607709,122.19626388549804,120.0107192993164,110.26060680389404,1,1,0.1321844414297857,0.5399527474631435,0,49.55541233699633,23.934041200923705,0.1454309032916305,2.162457328920558,-0.026194634546645,6.308917794326006,0.1811482159228324,0.0043340527652542,0.0141367803403393,0.0047558808818735,1,,
2025-11-26,122.1666882797581,122.39349228773482,121.66378027825816,122.21599578857422,63132.0,0.0102706562040775,0.0135755295630242,-0.007447722626811,0.0737513098394624,0.1680767870852701,0.1264954245316887,122.11343269348144,120.14939987182618,110.3117297744751,1,1,0.1996931345710351,0.4719008248847218,0,54.62146031524218,24.309635134785136,0.1479566601370887,2.5336302758694904,-0.0161930144283876,7.553801415175554,0.1817539640260219,0.0033293386203319,0.0223225410936214,0.0071294001287058,1,,
2025-11-27,122.1173728320266,122.3540398310346,121.8807133562877,121.95960235595705,31248.0,-0.0020978713216943,0.0077405471186091,-0.015443423079936,0.0761012197572468,0.1701637644784579,0.134850875146653,122.02172660827635,120.28236267089844,110.36395797729492,1,1,0.2298558182242374,0.423491823552625,0,53.42902441522791,24.658400930513608,0.1462478864190995,2.61710122797885,-0.0182569148895009,7.794485314907418,0.1813726675972874,-0.0042750657837514,0.0184497604162654,0.014611912849618,1,,
2025-11-28,123.093611958516,123.42887893496182,122.1371034901262,122.45265197753906,58829.0,0.0040427290025346,0.0257723963349316,-0.0108331185017821,0.0800767232602663,0.1643009158957065,0.1367162476816996,121.97439422607422,120.3981297302246,110.41782325744629,1,1,0.290199704651684,0.3968333997724368,0,55.44345212853122,25.27875323163848,0.1471690390554031,2.742995870526419,-0.0142879936462868,8.20166674737977,0.18111730233235,-0.0159860553388844,0.016662953069551,0.0097737294159205,1,,
2025-12-01,122.32446002810154,122.48223050635228,121.57502956742024,122.39348602294922,93974.0,-0.0004831741382024,0.0114905835814451,-0.0081508857968989,0.0814310405962366,0.1611478995143873,0.1332040135518051,121.9206527709961,120.505810546875,110.47197731018066,1,1,0.3294507679577236,0.3833568734094942,0,55.13525282596127,25.55039673231157,0.1468397344738907,2.789175897129497,-0.0147642641954726,8.340379459483696,0.1818600609871672,-0.0055410552801087,0.0150285399015475,0.0113862601019589,1,,
2025-12-02,122.28501214055372,123.01471656919838,122.1962601363398,122.501953125,46524.0,0.0008862162977403,0.01263445730927,-0.0078268015444868,0.0792943700712243,0.1612076820939172,0.1263077706556004,121.86691093444824,120.610927734375,110.52491981506348,1,1,0.3651012471450627,0.3797057481566079,0,55.622284464641176,25.962590404668745,0.1468695763267197,2.7210917292656958,-0.0138911322292865,8.1215360942508,0.1816847190709156,-0.0051917552609479,0.0166301589205013,0.0046894240530781,1,,
2025-12-03,122.5019616502588,122.6301506394122,121.29893066971184,121.74266815185548,70658.0,-0.0061981458562522,-0.0038728779622068,-0.0148419594507952,0.0665976547766091,0.1493240244914582,0.1186276056180051,121.7727394104004,120.69356231689451,110.57465049743652,1,1,0.3283020948370563,0.3694250174926976,0,51.414719124398346,25.836950639714622,0.1481739147770106,2.2962718628168792,-0.020003178821873,6.821105414859303,0.1799355229318503,-0.027302473337513,0.0095712772575404,0.0011522993309336,1,,
2025-12-04,122.11737389430148,122.21598890638052,121.54544744989646,121.8807144165039,47746.0,0.0011339185081455,-0.0006468366404056,-0.0141182503986689,0.0729842809772709,0.1499903070578654,0.1198960381637381,121.76632995605468,120.78152145385742,110.62443809509276,1,1,0.3067417533729895,0.356888364668756,0,52.12381687024127,25.720285143685796,0.148262583512821,2.516704441677138,-0.0188919422884152,7.475240319551428,0.1800079583621305,-0.0239282215542143,0.011934991728365,0.0019030855878199,1,,
2025-12-05,122.36389287379048,122.76819334658286,122.02862591678416,122.41320037841795,72356.0,0.0043689107375459,-0.0003221783969884,0.0033136669815958,0.0710879134325581,0.1505571599114483,0.1246884752562746,121.8713481903076,120.87855270385742,110.68105350494385,1,1,0.3288316280666663,0.3512770173483381,0,54.860510710438696,25.81357886393686,0.1419959102230957,2.4602289831531925,-0.0146055687603862,7.281009412003809,0.1804516104101008,-0.0191906766699858,0.0107083515077244,0.0061688323768647,1,,
2025-12-08,122.6695931996254,122.77263942045056,122.07794072504308,122.15682220458984,98164.0,-0.0020943670538435,-0.0019336308332209,0.0153265983683588,0.0687526983581967,0.143942843364025,0.1212322551473106,121.85162658691408,120.9769644165039,110.73689849853515,1,1,0.3219393208339056,0.3454094780454516,0,53.28130354139784,25.901891363398388,0.1328209223381669,2.3805542644378845,-0.0166693463922154,7.041830596443141,0.1806163024335701,-0.0034761549752627,0.0138821487962861,0.000537425357534,1,,
2025-12-09,122.57098251302456,122.86631596847307,121.89057804719091,122.39348602294922,46944.0,0.0019373770051336,-0.0008854316138136,-0.0012873654410827,0.0661447534583801,0.1512710632247671,0.1268703894843892,121.80675964355468,121.06896667480468,110.79931011199952,1,1,0.3317497058530563,0.3426775236069725,0,54.58103024041171,25.85286645618362,0.1160986447679563,2.2986029449059235,-0.0147642641954726,6.77471808118319,0.1811225830803635,-0.0036265846221318,0.0152084272660013,0.0118224087885288,1,,
2025-12-10,122.1075151231416,122.27514860193068,121.78210364789062,122.11737060546876,47567.0,-0.0022559649737297,0.0030778235708279,-0.00951777462527,0.0571285951802682,0.1549934252079614,0.1280100359844533,121.70124740600586,121.15948959350584,110.8669423675537,1,1,0.3136289804040331,0.3368678149663847,0,52.73760635184027,25.72754586165828,0.1141727624120398,2.006279125921737,-0.0169869215063144,5.851259646222537,0.1795233141876708,-0.0161012246838648,0.0083008067858783,-0.002868261225625,1,,
2025-12-11,121.65391741527522,122.2948698513854,121.2989244384888,121.92015838623048,77436.0,-0.0016149399406528,0.0003236276544276,-0.018574428588958,0.0553315533939227,0.1464498786136125,0.1217100612857013,121.66673469543456,121.23739059448242,110.92779113769532,1,1,0.2801256825158162,0.325519388476271,0,51.40226114318384,25.24737698319037,0.110408054118865,1.944914174359994,-0.018574428588958,5.667201941778036,0.1788173062513998,-0.0268197148329965,0.003914045034814,-0.0031469615852847,1,,
2025-12-12,122.73860799216378,122.91610447066276,121.42710665232504,121.58488464355467,53505.0,-0.0027499451043501,-0.0067665556680381,-0.0083641179600856,0.0503728155974592,0.1449812080489656,0.1161546070378423,121.61989555358886,121.29221725463869,110.98896099090577,1,1,0.2239388607373484,0.3052032829284865,0,49.12493349220123,25.11259271884904,0.1015459954784133,1.7766396101054565,-0.0212732950343439,5.1593150897893,0.1802637662135172,-0.0225021129802379,0.0154345052779825,-0.002202942564671,1,,
2025-12-15,122.04834960127324,122.37376108982464,121.41725263616888,121.76239013671876,63062.0,0.0014599305965086,-0.0032288992194843,-0.0061970862735036,0.0562136744636319,0.1442298399504673,0.1168850018485705,121.62729110717774,121.34309951782228,111.05657215118408,1,1,0.1915258190751245,0.2824677901578141,0,50.378395110969365,24.9793497158704,0.1017345337949151,1.9777985893746968,-0.0198444219721445,5.757551081328641,0.1808000842483957,-0.0190442459093457,0.0212179343829668,-0.0014995753028345,1,,
2025-12-16,121.66376842376098,121.71307592777276,120.5001820478106,120.57907104492188,56340.0,-0.0097182643217517,-0.0148244407197221,-0.0085138548302841,0.0456815700090458,0.1453166923624611,0.1092030033922737,121.65144996643066,121.36893508911132,111.11661033630372,1,1,0.0695525304605411,0.2398847382183595,0,42.80670831248296,24.11413210197613,0.104066364152014,1.5999773730284026,-0.0293698329558586,4.678825487071332,0.1795335721761642,-0.0277924359852428,0.0125452744883816,0.0021871947652436,1,,
2025-12-17,121.71308267705447,122.00891267099183,120.20436625916638,120.23394775390624,86694.0,-0.0028622155405979,-0.0154230544125242,0.0011495305093782,0.0305976101766327,0.1367292503668025,0.1121586753548724,121.63419380187987,121.39260116577148,111.19092658996584,1,1,-0.054334411531741,0.1810409082683394,0,40.87703079852127,23.48765492640755,0.0949030835094122,1.1150086891409592,-0.0321479857041454,3.133886998839005,0.1810114964835355,-0.0157300245203672,0.0137571764670076,0.003377867837353,1,,
2025-12-18,120.46901405507172,122.67536574635272,120.2711300714016,121.46829986572266,47347.0,0.0102662528751271,-0.003706183837757,0.0073746531060061,0.0381067927297349,0.1505388263936589,0.1223119759525921,121.65646781921389,121.42695175170898,111.2713901901245,1,1,-0.0523107997678948,0.1343705666610926,0,49.62380203989427,23.29607876260492,0.1004786695806178,1.353085639532286,-0.0222117721796831,3.9029970515269614,0.1814992233916921,-0.0132352553284706,0.0185100777471154,0.0179118142841367,1,,
2025-12-19,121.23084481771372,122.10151923581466,121.09232980547075,121.97289276123048,47992.0,0.0041541117811447,0.0031912529161277,0.0078503644681491,0.0403151939655173,0.1463481948449712,0.1413593095257896,121.78631019592284,121.46468902587893,111.35147808074952,1,1,-0.0098767897726048,0.1055210953743531,0,52.70416025203279,23.11818661050248,0.10068866268285,1.4246783656425113,-0.01814993058303,4.129187263150868,0.1806161956666838,-0.0365491453954743,0.0162945261891187,0.0161982681939909,1,,
2025-12-22,121.93331168675142,122.0124652762564,121.19126376927132,121.8343734741211,48975.0,-0.0011356563247257,0.0005911787483927,0.0205931453198555,0.0359102179033947,0.1451521796046837,0.1365400279916773,121.82787437438964,121.54422714233398,111.43981296539306,1,1,0.0124318138420278,0.086903239067888,0,51.76833696161848,22.95300104069307,0.0872073604403904,1.2783453288237805,-0.0192649748242959,3.678018131588253,0.1792940918579644,-0.0207499039816961,0.000251032333322,0.0094181859456523,1,,
2025-12-23,121.68595965732214,122.18065825790308,121.4584025282158,122.06193542480467,37709.0,0.0018677976025536,0.0122978587165458,0.0087505659636684,0.0389774461480514,0.1484589100219031,0.1369061069975972,121.88229522705078,121.61332794189452,111.53337795257568,1,1,0.0479214815280357,0.0791068875599176,0,53.2373385182096,22.91236457987417,0.0742800306370309,1.3809894918071248,-0.0174331602955324,3.9921716443270414,0.1788117297100252,-0.0223352067729384,-0.0045289374107512,0.0156114531211175,0,,
2025-12-24,121.99268020457836,122.1509798345045,121.87394982075747,122.0322494506836,19428.0,-0.0002432041898874,0.0149566884425862,0.008751759007699,0.0380278095214114,0.1366105451235855,0.1312909849573413,121.87310791015624,121.68420166015623,111.63437004089356,1,1,0.0728125510783286,0.0778480202635998,0,53.01051484386495,22.874630723399477,0.0742798964151557,1.349171914306822,-0.017672124667793,3.894907385430083,0.1781416026857164,-0.0165975315947731,-0.0134973307493265,0.0065867578182188,0,,
2025-12-29,122.81387186276658,122.81387186276658,121.95310112879676,122.06193542480467,69662.0,0.0002432633525539,0.0048871644679167,-0.0012605581026894,0.0411621781253992,0.1359505963901413,0.1351548521338044,121.87822456359864,121.746202545166,111.73222213745116,1,1,0.0938524405296448,0.0810489043168088,1,53.22513439257761,23.3025164584106,0.0650868235873646,1.4559465900755395,-0.0174331602955324,4.215937588798971,0.1788403366649997,-0.0160306124635886,-0.0011893471689693,0.014530044047706,0,,
2025-12-30,122.05204279896851,122.75451392588592,121.9531045857481,122.5962142944336,66720.0,0.0043771128793714,0.0051103283614277,0.0052198590859495,0.0407734413218947,0.139879466929379,0.1453645573687623,121.88540267944336,121.81948059082032,111.8368134689331,1,1,0.1518876775285065,0.0952166589591483,1,57.02916305454079,23.699838926635213,0.0663745831106168,1.4435839404141129,-0.0131323543266186,4.176122151990663,0.1798427499009064,-0.0084352163787875,0.00246790203992,0.0189538702042277,1,,
2025-12-31,122.3983338151618,122.54674491348196,122.23013809303326,122.35875701904295,30169.0,-0.0019369054481597,0.0043040689582833,-0.0007667858309293,0.040543266404406,0.1267503287799789,0.1399295663176114,121.88366622924804,121.90871765136718,111.93210613250731,0,1,0.1766835058864302,0.1115100283446047,1,54.8924509045889,24.068781218558076,0.0652999908170287,1.435684219122042,-0.0150438236461359,4.152547036901202,0.180834209364109,-0.0015630365768231,0.0135306926700375,0.0193358210051048,1,,
2026-01-02,122.4774849564852,123.07112178938438,121.84427132825915,122.1015167236328,90099.0,-0.0021023447906561,0.0003242722531833,-0.0023854970456652,0.0345384845958123,0.1185063537289297,0.1266413345091523,121.86364440917968,121.95691604614258,112.0242126083374,0,1,0.1735763563234655,0.1239232939403769,1,52.59355274305732,24.798601541529266,0.0656818290035111,1.235185855581136,-0.0171145411325182,3.5375216302703145,0.180123844012998,-0.0095469943468881,0.0092654688865398,0.0179868000003546,1,,
2026-01-05,123.19974227886892,123.66476019424329,122.83367012732042,123.140380859375,85556.0,0.0085082000913516,0.0090806439582942,0.0052115718818259,0.0361553417454458,0.1334347556426458,0.1375053746981234,121.93353004455568,122.02214462280271,112.12278003692629,0,1,0.2520362544592842,0.1495458860441584,1,59.89786090154409,25.87533565223804,0.072123058020998,1.2853759434826462,-0.0087519549815935,3.7031243545015737,0.1804545306964164,-0.0067710062837975,0.0053114907747946,0.0247486784103463,1,,
2026-01-06,123.0612248465258,123.82306494138474,122.68525661629135,123.55592346191406,108553.0,0.0033745437494918,0.0122395899418599,0.0148941643680489,0.0363840729319735,0.1375684949861484,0.1336403233159901,122.01729049682618,122.1045588684082,112.2201124191284,0,1,0.3437841742330931,0.1883935436819453,1,62.39384651123572,26.977516754069928,0.0688773897639188,1.2928006362504698,-0.0054069450870805,3.726551598902363,0.1799930335554119,0.0003196179532785,-0.000425960684203,0.0147864676596665,0,,
2026-01-07,123.84284874588757,124.07041342880244,123.63507623461838,123.9516830444336,96205.0,0.003203080608608,0.0110563670974752,0.0169917663991741,0.0391021580503099,0.1380691555886566,0.1450513196222582,122.09421463012696,122.17556106567385,112.31987312316896,0,1,0.443319244180131,0.2393786837815825,1,64.65046826520722,28.16261619016176,0.0694075533158797,1.382116380233693,-0.0022211833594326,4.00494496246634,0.1811534985407006,0.0063638307383364,0.0090422540807906,0.0179584499693481,1,,
2026-01-08,123.56582055448574,123.97147704568984,123.5541883130837,123.8329620361328,51986.0,-0.0009578006960844,0.0120482183131396,0.0115981091363179,0.040170451479556,0.1347250155481678,0.1385232141177423,122.1780216217041,122.20671722412108,112.41889358520508,0,1,0.5067798681866691,0.2928589206625999,1,63.4210098892894,29.125683247810493,0.0684134931969185,1.4184847764615345,-0.0031768566045492,4.114362360411236,0.1809983630672136,0.0030299128717674,0.0064369035233391,0.0211572464756648,1,,
2026-01-09,123.94178223157962,124.89161017330144,123.84284402262988,124.78277587890624,50174.0,0.0076701213243715,0.0219592616637371,0.0214965781437765,0.0420206507745648,0.1362097488720588,0.1427515801148497,122.29748611450196,122.23971160888672,112.51606414794922,1,1,0.6264930867812666,0.3595857538863333,1,68.5706120733625,30.60758468930259,0.0719157125009211,1.4754321337356937,0.0,4.303864595468713,0.1811883730161649,0.0031673252906123,0.0075756844453387,0.018640374692997,1,,
2026-01-12,124.3375457295682,124.89161330086456,123.9318967981654,124.74320220947266,112199.0,-0.0003171404799647,0.013016212382257,0.0191980493641863,0.0387819731693612,0.1360527901256767,0.1514304376224688,122.42877769470216,122.25712326049803,112.61372119903564,1,1,0.7099890982406976,0.4296664227572062,1,68.14018676518164,31.983637875583742,0.0719785997294597,1.3688296744460968,-0.0003171404799647,3.972150792273398,0.180846918875202,-0.0015219758931945,-3.61174470624448e-05,0.0133280105749011,0,,
2026-01-13,124.7432086209098,125.08949615295468,124.4859632191756,124.95098114013672,65494.0,0.0016656533340804,0.0112909008255899,0.0232039923609448,0.0601872213117014,0.1323164575454312,0.1548543465796688,122.58031883239748,122.2802684020996,112.71315032958984,1,1,0.7838901148132464,0.5005111611684143,1,69.23221987187318,33.383026261882854,0.0710776141690002,2.193121959472654,0.0,6.164532108100227,0.1815110494310703,0.0110722958318469,-0.0050251918180289,0.0139497676717403,0,,
2026-01-14,124.86192899785998,125.65344981134795,123.95168534630012,124.30786895751952,66096.0,-0.0051469158285034,0.0028735867423295,0.0195842148082272,0.0480661220350411,0.1225368412814158,0.144324719944471,122.7164680480957,122.29843978881836,112.81329891204834,1,1,0.7815541546563054,0.5567197598659925,1,62.133378650783605,35.009019292299826,0.0737806870279301,1.7703974969076768,-0.0051469158285034,4.923057521834259,0.1814688029622931,0.0148279647338247,0.003624808262294,0.005840967865063,1,,
2026-01-15,124.8817120574348,125.97994352047462,124.81245455744586,125.7721710205078,83281.0,0.0117796409452459,0.0156598772450355,0.0344392017908214,0.0614709746278507,0.1482004581320668,0.1418275074898358,122.91695709228516,122.34451690673828,112.92942092895508,1,1,0.8876278073682613,0.6229013693664464,1,69.74118910201227,36.69299924026257,0.0814121434340755,2.1948107524073297,0.0,6.296017469341591,0.1831077850329325,0.0157769854649916,0.0124622131906912,0.0294727442311504,1,,
2026-01-16,125.70291409785057,128.30501840202894,125.10926975407446,125.47534942626952,54695.0,-0.0023599942008625,0.0055502335357195,0.0304934823091245,0.0547524773493122,0.129968495309199,0.1350165718594125,123.16177101135254,122.38248809814452,113.0482381439209,1,1,0.9369404530310276,0.6857091860993627,1,66.81096798880193,39.1409117071604,0.0825774796471385,1.966538662790569,-0.0023599942008625,5.607891463702534,0.1828288517120316,0.0112210537515489,0.0113679128037293,0.0201809773839607,1,,
2026-01-19,124.367221799307,124.71846111755008,123.89231538276866,124.03083038330078,130037.0,-0.0115123731439978,-0.00571070658404,0.0286265212400993,0.0428690764128056,0.1171578301629616,0.1095303839028858,123.35161514282228,122.3905827331543,113.15335605621338,1,1,0.8496660443188375,0.7185005577432577,1,54.75397154601986,39.6532010072361,0.0858040834566543,1.5258352430098907,-0.0138451982110023,4.390762561088107,0.180724057749634,0.0066309914019959,-0.0068367705244838,0.0078762051730325,0,,
2026-01-20,123.27889892587376,123.6548747213254,122.47748954883572,123.4866714477539,81131.0,-0.00438728769182,-0.0117190731839115,0.0270532886477727,0.0474123345634949,0.1106822652349033,0.1082365362500785,123.45253372192384,122.420138092041,113.2555332183838,1,1,0.7281971646366543,0.7204398791219371,1,51.01881416385886,38.53074063936902,0.0869049651265669,1.693621533337112,-0.0181717430351204,4.856094904647666,0.1836700949476974,0.0146874564091774,0.0239972421008627,0.024795568495239,1,,
2026-01-21,123.1205957987583,124.11988158303548,122.67536250862808,123.72412872314452,139548.0,0.0019229385050765,-0.0046959234300323,0.0185713380356484,0.0336910179149101,0.1182585810346654,0.1107561660619531,123.54009552001952,122.48836395263672,113.38020977020264,1,1,0.643673156487921,0.7050865345951339,0,52.54028219006086,37.76742039688013,0.080620924523235,1.266579134084589,-0.0162837476744306,3.45072188356144,0.1819237016585592,0.0023387332404785,0.0094432709875402,0.0201601751222999,1,,
2026-01-22,124.38702544884192,125.70292562383462,124.15946075639498,124.3672332763672,103981.0,0.0051978911458876,-0.0111704976764018,0.0196301035495138,0.0374401108295709,0.1194441161489758,0.10790449914493,123.66673851013184,122.52468353271485,113.52613910675048,1,1,0.6214171240758901,0.6883526524912852,0,56.482813338643886,37.87514383462515,0.0812323389904263,1.3946784261311278,-0.0111704976764018,3.8347137533470064,0.1819191022968703,0.0072136755254821,0.0078250657619582,0.0245780898548615,1,,
2026-01-23,124.36722888921076,124.41670177015033,123.48666595769976,123.55592346191406,61897.0,-0.0065235013522433,-0.0152972354580556,0.0141302486211631,0.0345016535702067,0.1036901845194486,0.1012027829527757,123.7414379119873,122.5299855041504,113.67886344909668,1,1,0.5321785137787458,0.6571178247487773,0,50.75464698829444,37.30259244684024,0.0850215794102265,1.2848167280938312,-0.0176211282719479,3.5337493006134246,0.1806668171375441,0.0076562772668893,-0.0006167376454897,0.0101273238888255,0,,
2026-01-26,123.15027885393997,123.73401961734848,122.64568413491588,123.30857849121094,132210.0,-0.0020018867875595,-0.0058231642073008,0.0102132008809106,0.0241442469002028,0.0954180634194676,0.1058646130073028,123.80525436401368,122.5116047668457,113.81695762634276,1,1,0.4364662885180053,0.6129875175026229,0,49.11914477574649,35.99718354001179,0.0853974927066734,0.9267982449203924,-0.0195877395556379,2.472916708870617,0.1793941488187512,0.0032571638877969,-0.0097841076176139,0.001704723147017,0,,
2026-01-27,123.94178701453951,124.06051739896196,123.20963518185552,123.5658187866211,79165.0,0.002086150846581,0.0006409383129311,0.0125669185222816,0.0105554123583495,0.0974156488062638,0.1267806205370347,123.8804485321045,122.530712890625,113.97161342620848,1,1,0.3770246964117802,0.5657949532844544,0,50.891507178675646,34.97993977929743,0.0855239599276615,0.4518102284183917,-0.0175424516885134,1.081112850521864,0.1790549848070984,0.0051272813739835,-0.0072713791686436,-0.0007019793430574,0,,
2026-01-28,123.92200521792796,124.10009702437284,123.20963799214844,123.33826446533205,82878.0,-0.0018415636583285,-0.0031187470204451,0.0104564050707982,0.0016665534853566,0.0935322123104716,0.1152918302916712,123.9175510406494,122.54704483032226,114.10926948547365,1,1,0.3080045892580614,0.5142368804791758,0,49.25696349043283,34.05983795581064,0.0859401204933815,0.1152107234137936,-0.0193517098053344,0.170692752488804,0.1787432498305906,-0.0005428687745703,-0.0132905898564105,-0.0067646744931612,0,,
2026-01-29,124.3078694251608,124.3078694251608,121.84427239537688,122.27960205078124,109762.0,-0.008583406124126,-0.0167860228983856,-0.0025825613415106,-0.0128601266599295,0.0804247969918525,0.102416453467717,123.91359329223631,122.56034729003906,114.24265872955324,1,1,0.1659672803357637,0.4445829604504934,0,42.42927197565133,31.98483732973296,0.0902119376020187,-0.4423392685072613,-0.027769012345005,-1.3171676974221531,0.177561368083713,-0.0126854255645583,-0.0251988687343626,-0.017956954279645,0,,
2026-01-30,122.40822475245726,123.54603306038264,122.23013295166456,123.00186157226562,99422.0,0.0059066230947042,-0.0044843005023488,0.0052558931529729,-0.0063966286966922,0.0838867472439113,0.1062071683591305,123.95861053466795,122.61846664428712,114.36978530883788,1,1,0.1104092675909953,0.3777482218785938,0,47.75046651566857,30.0580510340894,0.0922762219844929,-0.1913387721886534,-0.0220264103399349,-0.6551593864109525,0.1791444606102865,-0.0093441874729581,-0.0267045440758542,-0.0155698062618645,0,,
2026-02-02,122.04215053295552,124.1198832696238,121.8838508965485,123.99126434326172,164729.0,0.0080438032266267,0.0055364019308634,0.0154768562286267,0.0047971481482878,0.1161094125980299,0.1055148116950226,124.0011547088623,122.6867105102539,114.5021032333374,1,1,0.1445494015303552,0.3311084578089461,0,54.02007223421146,28.702210399219567,0.095628202109329,0.2320997661833665,-0.0141597832238714,0.4913364189764375,0.1796921597357698,-0.0023965970723843,-0.0173957130813821,-0.007851023697205,0,,
2026-02-03,124.2682820497932,124.62446563202852,123.17994668118578,123.27888488769533,62628.0,-0.0057454003662242,-0.0023221138478535,0.001124765307316,-0.001534241692902,0.0975516484185279,0.1170677790880652,123.98730278015135,122.73183181762695,114.6336943435669,1,1,0.1128220923319105,0.287451184713539,0,49.42175505940898,27.805428160705123,0.0937852001615225,-0.0045488050366913,-0.0198238299663756,-0.1571410337835621,0.1801832813783486,-0.0015031449585719,-0.0134128241717823,-0.0010716010635656,0,,
2026-02-04,123.4866703009546,124.02094573018562,123.01176384063956,123.30857849121094,99324.0,0.0002408652831558,-0.0002406874642658,-0.0020018867875595,-0.0021704024279861,0.099741760800498,0.1138456936974683,123.95514755249025,122.81048248291016,114.77022438049316,1,1,0.0890475125585084,0.2477704502825329,0,49.61428019283822,26.80628804865595,0.0930191350617365,-0.028349939775154,-0.0195877395556379,-0.2222982746707761,0.1811039194808328,0.006171827339523,-0.0209863417875091,0.000694371014636,0,,
2026-02-05,123.44708673476084,125.87111443159004,122.48737778052411,123.10575103759766,75801.0,-0.0016448770725853,0.006756228945473,-0.0068246915738343,-0.004209043243857,0.094381106320962,0.114760822406146,123.91878700256348,122.8525357055664,114.90869750976564,1,1,0.0532259507662189,0.2088615503792701,0,48.26287560576581,27.060518955974437,0.0923775735702643,-0.1045882838211597,-0.0212003972045243,-0.4311011815409186,0.1830927222498233,0.0107048647955696,-0.0072014556859615,0.0161348375908172,0,,
2026-02-06,122.48737417552584,130.4915937562278,122.2004480868682,123.9219970703125,90200.0,0.0066304459851396,0.0074806631890387,0.0007189930105502,0.0156799504950959,0.1044860235058602,0.1077843404740337,123.8757480621338,122.91150527954102,115.03837173461916,1,1,0.0896677046695515,0.1850227812373264,0,53.72547881913103,28.99042105672177,0.0953976152945012,0.6459949567657518,-0.0147105193079128,1.6059814055853228,0.1808373853165249,-0.0008893878815293,-0.0170938728561123,0.0053704344235319,0,,
2026-02-09,124.75309342202692,124.99055419274708,124.0110454976556,124.90150451660156,97600.0,0.007904225798857,0.0073411637356959,0.0009514825813023,0.0381394786083946,0.1107819621834118,0.1195635456357264,123.88366317749023,122.96521545410155,115.17035274505616,1,1,0.1953344283186453,0.1870851106535902,1,59.28146160667873,30.78247300741573,0.0956363356061454,1.522026471110894,-0.0069225687752839,3.906344824427717,0.1813921345984066,0.0011245842039959,0.0008043847189935,0.0140957569835389,1,,
2026-02-10,125.00043451884424,125.7029131504514,124.73330060495944,125.19831848144533,102487.0,0.0023763842236528,0.0155698487660604,0.0036484254365094,0.0215996500786466,0.1097817320256886,0.1156954888559931,123.89603004455566,123.02998977661132,115.30186260223388,1,1,0.2995731813267639,0.2095827247882249,1,60.81671842491899,32.63478465679937,0.0959562207734317,0.9463923365497812,-0.0045626352348557,2.212292468927449,0.1823039359889653,0.0080566322214685,0.0028721556911506,0.0138527372817391,1,,
2026-02-11,125.2576934084941,126.187729261796,124.703633350443,125.31706237792967,89272.0,0.0009484464162508,0.0162882737867413,0.0029297988255281,0.016434617008999,0.1111249560131226,0.1189882482634809,123.94648971557618,123.08727798461912,115.4355304336548,1,1,0.3873002282028182,0.2451262254711436,1,61.44304839544631,34.47960196632788,0.0958494315800689,0.7376906276156862,-0.0036185162336421,1.6832763172704923,0.1825190331160173,0.0055532910426467,0.0003171675351547,0.0261235500345957,1,,
2026-02-12,125.88101210434216,126.0986731528348,124.20892838061384,124.3375473022461,67062.0,-0.0078162945818948,0.0100060009728728,0.000238748721022,0.0008849235774617,0.1016714377996492,0.1149953360474611,123.87475852966308,123.12615921020507,115.56180770874025,1,1,0.3734806124163583,0.2707971028601865,1,53.80304185001705,35.711860585651465,0.0981294268527962,0.0839753415986712,-0.0114065274267054,0.0906361797004435,0.1839339733510831,0.0135845409709469,0.0010268043410133,0.0368947302346958,1,,
2026-02-13,123.94179633884556,124.4661832481187,123.31392701095082,124.21883392333984,94895.0,-0.0009547669347029,0.0023953523994526,-0.0123504037861815,0.0131181462618645,0.1005237785597543,0.1122786832251359,123.8119327545166,123.16049682617188,115.68622051239014,1,1,0.3489270756633402,0.2864230974208173,1,52.94381189700714,36.02771755652285,0.0883441173544647,0.6191694486898411,-0.0123504037861815,1.343594737680592,0.1836290031673094,0.0028465099628787,-0.0042537867594467,0.0351817108540915,0,,
2026-02-16,124.20892315897012,124.40679957600916,123.7735859832825,123.9219970703125,53596.0,-0.0023896283973373,-0.0078422389712596,-0.0123797412245485,0.0114292403836813,0.0973202212785908,0.1107836607673402,123.8064910888672,123.204083404541,115.79854194641112,1,1,0.3020343041690267,0.2895453387704592,1,50.760907133297,36.32101331518914,0.0883517132748986,0.5449543222751497,-0.0147105193079128,1.1706125948482924,0.1831901980867661,0.0019764187728075,-0.0060763541496278,0.0297516908389112,0,,
2026-02-17,124.24850573486675,125.04991507422606,123.86264141973068,124.81246185302734,92008.0,0.0071856878017355,-0.0030819633450202,0.0063019127366239,0.0262960694538536,0.1020860278755477,0.1152587955867996,123.87278060913086,123.26271835327148,115.91130741119385,1,1,0.3328871945918337,0.2982137099347341,1,56.54861754607327,36.84942677571391,0.0827609344478172,1.1907110649418124,-0.0076305367053254,2.6933119843763067,0.1842093202957146,0.0192849949778626,-0.0024723934207568,0.0323334208954062,0,,
2026-02-18,125.03013338343108,126.07889205444944,124.97076441536264,125.93048095703124,105796.0,0.0089575919536015,0.0048949326409488,0.019790067062511,0.0485827359258108,0.1103670227325763,0.1264256508474655,123.9830982208252,123.33306396484376,116.03347568511964,1,1,0.4424528099765012,0.3270615299430875,1,62.50742294259724,37.7160988866289,0.0860582848541339,2.1931408577249982,0.0,4.9759704632815405,0.1849277823105447,0.0068475347780783,0.0055652115823419,0.0292623862953578,1,,
2026-02-19,126.01953338638096,126.2273059079021,125.46546578048913,126.08879089355467,58328.0,0.0012571216699908,0.014084591736811,0.0191123768242613,0.0456938322785729,0.1156325839555758,0.1265653292226303,124.06917610168458,123.41170333862304,116.15819522857666,1,1,0.5358813319523534,0.3688254903449407,1,63.27541397052107,38.5730493289856,0.0859940895674191,2.0735102165470325,0.0,4.680081420682663,0.185649882822954,0.0204821094251266,0.0093308158500746,0.0341229529090851,1,,
2026-02-20,126.26687835946744,126.58348517400944,125.48525363483208,126.3361358642578,69807.0,0.0019616729524509,0.0170449349268937,0.0158313611714375,0.04390342553851,0.1148138879985392,0.1372400864677525,124.20818672180177,123.4905563354492,116.27828575134278,1,1,0.6227046293747094,0.4196013181508944,1,64.49899053118028,39.496982153370645,0.0846844309973828,1.9992569074176696,0.0,4.496703294975252,0.1846785193679058,0.0151683744928143,-0.0148797196433932,0.0218287322912609,0,,
2026-02-23,125.950272204865,126.68241650348358,125.33684319600611,125.65345001220705,98960.0,-0.0054037259203832,0.0139721194205104,0.0169763334004746,0.0525851293969135,0.1021898308473974,0.1321372567296581,124.32543029785155,123.561277923584,116.39535396575928,1,1,0.6291729610448726,0.4615156467296901,1,58.68707606589521,40.18433947996658,0.0835519038863707,2.485269929402521,-0.0054037259203832,6.542883242175953,0.1855755339393448,0.0271699965692295,0.0135574326270193,0.0363545876692428,1,,
2026-02-24,125.90079109867234,126.27675930944362,125.44566930189612,125.95026397705078,110859.0,0.0023621632737891,0.0091160939150711,0.0214233714974512,0.0408846920864454,0.1090988745858654,0.1459278581085077,124.44465255737305,123.6418800354004,116.50085494995118,1,1,0.6507481473147863,0.4993621468467094,1,60.3595264459589,40.8225998546628,0.0830642066439999,2.047190201172543,-0.0030543271295049,5.087061109896758,0.184671608767397,0.0294182390194777,0.0097040641197012,0.0350849915778155,1,,
2026-02-25,126.38559597889252,127.23648572168857,126.32623456252368,126.97923278808594,55407.0,0.0081696439415375,0.0083280221204948,0.027624257541313,0.0496448685410368,0.1142997664200891,0.1693356440762667,124.62670097351074,123.74976699829102,116.60871452331544,1,1,0.7423188320553749,0.5479534838884426,1,65.5640600208846,41.79947889458953,0.0866415904597683,2.4267728535942883,0.0,6.177042486392432,0.1846223908369448,0.0310932758216384,0.0191786316879454,0.0335865361316856,1,,
2026-02-26,127.0682791083744,127.51351993984886,126.1283623069926,126.8308334350586,98978.0,-0.0011686899484973,0.0058850793654636,0.0283169946072026,0.037759686174531,0.1142958223284922,0.1556297598817673,124.8542625427246,123.8511358642578,116.71622318267822,1,1,0.7937646471285262,0.5971157165364593,1,64.2538035846124,42.809992483337744,0.0863638504051887,1.916310993963373,-0.0011686899484973,4.69823352599116,0.1854366290631819,0.0374468923382289,0.0202618141337087,0.0430366504059611,1,,
2026-02-27,127.17710822493902,127.82022545696964,126.30644896325596,127.08806610107422,108341.0,0.0020281556073455,0.0059518223481549,0.0393235173295385,0.0420505121863958,0.1213518272124445,0.1622039674892135,125.05857276916504,123.98131576538086,116.82364933013916,1,1,0.8455454311884836,0.6468016594668642,1,65.53936415520165,43.86333469302773,0.0784544428934422,2.129078360760695,0.0,5.23211779955103,0.1867093007323966,0.0515198364791307,0.029423579670551,0.0484161980823272,1,,
2026-03-02,125.92057759684316,126.84071728947949,125.38630975460411,126.50432586669922,124550.0,-0.004593194721452,0.0067716075794934,0.0284748885070802,0.0330876777573043,0.1158139538326672,0.1687374455972947,125.18422584533693,124.10672332763671,116.92551719665528,1,1,0.8299124036364418,0.6834238083007798,1,60.24446098918756,43.65285699552712,0.0800292627607728,1.6827001883266826,-0.004593194721452,4.116920787371717,0.1857460952395462,0.0368509001437722,0.02555687859519,0.0426456847333769,1,,
2026-03-03,125.76227815690858,125.76227815690858,123.17995087209538,124.18913269042967,120817.0,-0.0183012965003989,-0.0139827518499048,0.0015958249011815,0.0146710966884606,0.0972968199547266,0.1438472173667093,125.22973823547365,124.16113998413086,117.01761768341063,1,1,0.6235188391723341,0.6714428144750906,0,44.78906640304272,41.30053177867532,0.1014369259229391,0.7074431736446924,-0.0228104298033695,1.8254452117580349,0.1839682635120351,0.0237968299927671,0.0115924437362675,0.0267952011410619,1,,
2026-03-04,124.01104560362675,125.79196364304052,123.922003475907,125.57429504394533,77445.0,0.0111536518816706,-0.0110643111735073,0.0186196537901934,0.0250799423239427,0.1063630106231665,0.1917382972074444,125.34302406311036,124.23316802978516,117.11581298828123,1,1,0.5652061335145362,0.6501954782829797,0,52.62065949756381,39.135968697030144,0.1059670800608641,1.1409394534914337,-0.011911197514997,3.1205615775416518,0.1847169580430254,0.0251614724185034,0.016689565240356,0.0335972742831185,1,,
2026-03-05,125.43577998738544,125.97005539900609,124.38702133596443,124.51564025878906,104930.0,-0.0084305055010325,-0.0182541824693991,0.0097889520935816,0.0227773232592103,0.0908918943469716,0.181636584633358,125.41351852416992,124.28679336547852,117.21142795562744,1,1,0.4286273512515066,0.6058818528766852,0,47.119388512223,37.25065851881877,0.1107944247281594,1.0333429739343687,-0.0202412855998554,2.834059141120211,0.1841866353149957,0.0170218062811671,0.0236257539027213,0.0334231598012833,1,,
2026-03-09,121.63649525724814,122.4675852893037,120.91423197353176,122.3389663696289,126293.0,-0.0174811283517173,-0.037368573439998,-0.0062286665042526,0.00375983973608,0.0770185299130787,0.1546279371605601,125.33436698913576,124.292333984375,117.3019519805908,1,1,0.14309873750841,0.5133252298030302,0,38.2621256929895,36.02838747340604,0.1270264600950362,0.2016426196253083,-0.037368573439998,0.4024600759304523,0.1817779147086454,-0.0071811021488,0.0098326560815391,0.0218850004789052,1,,
2026-03-10,123.743912442719,124.25839568591982,122.99097957336872,124.11988067626952,85623.0,0.0145572123051933,-0.0188487245324895,0.0015968400335313,0.0139419628975934,0.0860209813816954,0.1915425055493385,125.29528579711912,124.33408660888672,117.40685523986816,1,1,0.0598304664444526,0.4226262771313147,0,47.03467583007576,33.69730397621537,0.1351572892798825,0.5945481754455376,-0.0233553433919128,1.492373037217536,0.1847209773993455,0.0214756040407408,0.0236593454585523,0.0346210495538896,1,,
2026-03-11,123.59550384080804,124.03084105049356,123.01176308100428,123.31847381591795,101093.0,-0.0064567163292864,-0.0070107492954478,-0.012674232442678,0.0095095107286153,0.0789160136094706,0.1932243931708428,125.20129356384275,124.35921737670898,117.50066371917724,1,1,-0.0700199281373414,0.3240970360775835,0,44.00451198394624,31.53272644310975,0.1338725324732075,0.4198311184306869,-0.0296612608941446,1.0179153045204408,0.1837589171442728,0.0130478785704029,0.0173993967784746,0.0315230865898052,1,,
2026-03-12,123.06122564214436,123.31847103738993,122.00257090030908,122.48738098144533,133841.0,-0.0067394025303396,-0.024582372223708,-0.0216531462473417,0.0007671565011106,0.0669626533371205,0.202816184286511,125.05980949401857,124.3570407104492,117.5895346069336,1,1,-0.2372546237575079,0.2118267041105652,0,41.05091037910502,30.098900969425,0.1350608847434933,0.0806155015092023,-0.0362007642477613,0.0821178255883449,0.1853348046217678,0.0166253603706392,0.0232561918550784,0.038818309223392,1,,
2026-03-13,122.1213035636928,124.13967487098736,121.81459282996978,122.45769500732422,62624.0,-0.0002423594486489,-0.0165276044614771,-0.0228170635055441,0.00278686316425,0.0600746679220516,0.1948081134049659,124.96581687927248,124.35901947021485,117.6785992050171,1,1,-0.3679433134324625,0.0958727006019596,0,40.9451935605912,28.224703161214997,0.1349065201076277,0.1586864399978126,-0.0364343500991464,0.2983108960546294,0.1863446089171934,0.0209598732574065,0.0379967067808906,0.0466129168882565,1,,
2026-03-16,122.62589722343724,123.7636980188224,122.31917894384904,122.952392578125,76818.0,0.0040397426292499,0.0050141522909612,-0.0111402770456295,0.0084664767956132,0.0642664935024108,0.2092336145541291,124.90249481201172,124.37603698730469,117.770210647583,1,1,-0.4266785966930371,-0.0086375588570396,0,43.55391825329955,26.484376625019987,0.1336756170491886,0.3768086054439519,-0.0325417928671609,0.9062670574300706,0.1852125089505422,0.0069510573613211,0.0357638912765598,0.0398179177924504,1,,
2026-03-17,122.79408612164914,123.8725254378122,122.50716003010538,123.32836151123048,78776.0,0.0030578415370534,-0.0063770538670068,-0.0071685780970935,0.0143395856548047,0.0654347265561974,0.1938828046302423,124.8728130340576,124.3797966003418,117.86573051452636,1,1,-0.4378420108894119,-0.0944784492635141,0,45.52352210666135,24.791429557923035,0.1342249747311194,0.6012845733732641,-0.0295834589760269,1.5349352995191177,0.1852914412014914,0.0090532432541023,0.0278906576378696,0.0437556414183701,1,,
2026-03-18,123.97147359263288,124.10998859833175,122.44780098144334,122.52694702148438,191010.0,-0.0064982172788626,-0.0064185581441359,-0.0112574852068966,0.0062790890020074,0.0628457341307264,0.1817774420301914,124.75853729248048,124.3592170715332,117.95250183105468,1,1,-0.5055291236339627,-0.1766885841376038,0,42.147488944503074,23.04476357970362,0.135773318529016,0.2913805372663185,-0.0358894365106031,0.6721250941287924,0.1866924141825419,0.0191179229694216,0.0325903052459362,0.0544997385871321,1,,
2026-03-19,121.77547768399737,122.63864374147934,120.05907667553254,120.26742553710938,154937.0,-0.0184410167665306,-0.0181239522516383,-0.0364149240263361,-0.0025845737996803,0.0429789288203916,0.1628254466350505,124.47538452148436,124.28553192138672,118.02680236816406,1,1,-0.7330460497670543,-0.2879600772634939,0,34.401276924400435,22.881464946773654,0.1461135194470988,-0.0411344019940016,-0.0536686155767004,-0.1926320451602345,0.1837023253784616,-0.0027522761412891,0.0232199089661453,0.0360564835861025,1,,
2026-03-20,120.54521942138672,120.65435561654158,119.38441542140208,119.5530776977539,97419.0,-0.0059396618507897,-0.023719353115348,-0.0506422528589671,-0.0056628769899988,0.0247614626840155,0.1485609840263422,124.14859886169434,124.19993423461914,118.097091255188,0,1,-0.959931263412301,-0.4223543144932553,0,32.37541008254149,23.06188487372041,0.1414290649022322,-0.1533199229353304,-0.0592895039989646,-0.3820492059131792,0.1852671610636199,0.0018351961443265,0.0235104657038813,0.0375910797963987,1,,
2026-03-23,117.76721733522848,124.01771310341688,116.77507563040116,119.74158477783205,253505.0,0.0015767647617965,-0.0261142360304439,-0.0503391782151436,-0.014215355691974,0.0233497354248273,0.1513664599189463,123.81887130737304,124.09911041259764,118.16617191314695,0,1,-1.111713344485267,-0.5602261204916577,0,33.48851371515383,21.74534873195712,0.1415384627482188,-0.4792374173149378,-0.057806224837818,-0.9590470291838606,0.1836311466034372,-0.0108738890045083,0.0117461836580106,0.0304736841778676,1,,
2026-03-24,119.7019042817251,120.1483650437998,118.82881469268536,119.80111694335938,112000.0,0.0004971720195434,-0.0286004332227336,-0.0517272344621968,-0.0178053973198987,0.0217919685990337,0.1516141372170647,123.52625465393066,124.0002687072754,118.23525688171388,0,1,-1.2132128267711837,-0.6908234617475628,0,33.85877803817981,20.522850886034067,0.1410575076340233,-0.6172489828787897,-0.0573377924558193,-1.201251222488108,0.1843412431965743,-0.0018262880408933,0.0206241058070166,0.0372546920283349,1,,
2026-03-25,120.70396954237695,121.17026980888018,120.08883892929992,120.7932586669922,103244.0,0.0082815732352636,-0.0141494454618883,-0.0386793306888325,-0.0085453290187439,0.0270580242575315,0.1466045685698271,123.26840438842774,123.9171142578125,118.30724960327149,0,1,-1.1997642172550087,-0.792611612849052,0,39.866859557228416,19.917877898690577,0.1453933141134045,-0.2626545023835902,-0.0495310663479268,-0.5765154658389647,0.1848378118106501,-0.0039753199844535,0.0309197023462288,0.0311784965245764,1,,
2026-03-26,120.22774053972536,120.42616586685396,119.31497192382812,119.31497192382812,97720.0,-0.0122381559987505,-0.0079194645518321,-0.052681843163359,-0.0225046693829362,0.0155956022261618,0.1340456204061979,122.88519134521484,123.81725631713869,118.36989559173584,0,1,-1.2934810386870057,-0.8927854980166428,0,34.79517453835959,18.878400625399816,0.1488368593924383,-0.7642075653450344,-0.061163053429927,-1.4717819392012386,0.1858955937513194,0.006627900152557,0.0396163274790861,0.0349079702007382,1,,
2026-03-27,119.42410660156077,119.49355622211417,117.767224106459,118.08470916748048,143651.0,-0.0103110509646103,-0.0122821474657947,-0.0700470732521231,-0.0323483366157109,0.0044493365225439,0.1239188590599154,122.44788513183592,123.66350708007812,118.42876106262209,0,0,-1.4503059928658786,-1.00428959698649,0,31.2340112503278,18.00402652387394,0.145832161153859,-1.1088365328994616,-0.0708434490334701,-1.8264687567521531,0.1871704297790137,0.0138013538364327,0.0506834279987156,0.0365020062581806,1,,
2026-03-30,118.08470614943612,119.6423683729867,117.61840589160438,118.99748229980467,128152.0,0.0077298164915629,-0.0062142360935674,-0.0617621986948847,-0.0251057228802326,0.0150230490080036,0.1411544938793287,122.04335594177246,123.53394973754882,118.49509883880616,0,1,-1.4838330319617228,-1.1001982839815367,0,36.432284745558064,17.269851083211428,0.150732333470234,-0.8348642905704506,-0.0636612394025654,-1.4175324994655774,0.1892499743739278,0.0205641427479066,0.0582063191282582,0.0569477444384176,1,,
2026-03-31,118.51132891198512,119.68205647879724,118.3320391363571,119.53324127197266,111511.0,0.0045022714919142,-0.0022360031210173,-0.0594455880939532,-0.0249842382172155,0.0147705097337573,0.165634747823864,121.69480171203614,123.44399795532226,118.56103591918944,0,1,-1.450452269576573,-1.170249081100544,0,39.33124208894103,16.562439678157237,0.1520080440442274,-0.8303204979699765,-0.0594455880939532,-1.4106731686733562,0.1847322459931485,-0.010588946193322,0.0271876185997832,0.0297226170191065,1,,
2026-04-01,121.874690258001,122.59895707390729,121.05121834934818,121.95406341552734,167674.0,0.0202522923146257,0.0096098471168435,-0.0359692241352015,-0.0033074347384276,0.0371017374582631,0.1990146256449814,121.58304824829102,123.41334579467774,118.63985916137696,0,1,-1.214655862870714,-1.179130437454578,0,50.34937602413286,16.455587335573792,0.1715672454271631,-0.0494963644036691,-0.040397205206221,-0.1867461157740297,0.1870640763117593,0.0070956058080975,0.0344507102365048,0.0484475448790171,1,,
2026-04-02,121.0313667703468,122.69816516915564,120.04914858320036,121.8350067138672,106949.0,-0.0009762421876381,0.0211208597664331,-0.0189559740499249,-0.0021826920493446,0.0322804056707439,0.1827809126869091,121.39608383178712,123.3755633544922,118.71696281433104,0,1,-1.025570257032797,-1.148418401370222,1,49.86969197593983,15.766630655179563,0.1605728435690261,-0.0123661964212578,-0.0413340099378741,-0.1232403038554715,0.1867133132372291,0.0149213221497546,0.0365829924424421,0.0461874199072338,1,,
2026-04-07,122.19218904345792,122.9362954015092,121.01153786646202,121.4183120727539,193492.0,-0.0034201552768156,0.0282306060520109,-0.0330958096936718,-0.0139845985094659,0.0216651252976971,0.178232433058328,121.24121742248536,123.31658493041992,118.79765380859376,0,1,-0.8989794516698879,-1.0985306114301552,1,48.140971462845215,15.24691144382273,0.1546591372396896,-0.4095080680664555,-0.0446127964824888,-0.7896057394449436,0.1851178777171993,0.0021704540742846,0.0258422274175438,0.0312909789448667,1,,
2026-04-08,124.6725372126823,124.99993824075382,123.87882077679292,124.335205078125,197107.0,0.0240235015260572,0.0448557622830403,-0.0014490965174258,0.0063071166025572,0.0429206681249887,0.2585959336593852,121.34102935791016,123.33217056274414,118.89047061920166,0,1,-0.556867219670238,-0.9901979330781716,1,58.88516687747818,15.705836845832277,0.1758877488251008,0.2579655837047528,-0.0216610505408103,0.356115727266442,0.1848568270395355,0.0036386555593119,0.0270221207346132,0.0265846496893735,1,,
2026-04-09,124.59316176354125,124.65268784583375,124.01771773657774,124.6229248046875,80083.0,0.0023140648409412,0.0425796496318069,0.0186691003106724,0.0054153501087459,0.0447292600349056,0.3093206168963895,121.36618156433106,123.35845748901367,118.9857095336914,0,1,-0.2595325045069074,-0.844064847363919,1,59.77054242183159,16.131981861983995,0.1640847235649739,0.2306174697565453,-0.0193971107753435,0.3057643395393321,0.1842218043437189,0.0134443705055731,0.016937601689922,0.026133009868712,1,,
2026-04-10,124.94041063677348,125.7341270630029,124.87096101718647,124.99002075195312,96450.0,0.0029456534408973,0.0248942696241414,0.0070104810844373,0.0093437053979432,0.0498894977418267,0.3438189768065263,121.44975891113282,123.3869415283203,119.07865333557127,0,1,0.0056636869785222,-0.6741191404954308,1,60.926665575286506,16.97806072580286,0.1566997360019413,0.3510594186812671,-0.0165085945005449,0.5275691972783304,0.1848868150459685,0.0008977737610411,0.0214833543953707,0.0280585441983105,1,,
2026-04-13,124.32527699009488,125.01978073843568,123.9780289006448,124.81143188476562,107717.0,-0.0014288250062932,0.0244299668147811,0.0121065240482642,0.0002296471260361,0.0422599478222853,0.3043344868215787,121.56596145629882,123.41640487670898,119.17075336456298,0,1,0.1991275320763321,-0.4994698059810782,1,60.02293981795159,17.153095907297367,0.154893726431284,0.0703486521982803,-0.0179138316141971,0.0129664565373414,0.1828359099721281,-0.0050229245279018,0.0090929507701704,0.0167375205412207,1,,
2026-04-14,125.4761710979704,126.16075134277344,125.00986325408668,126.16075134277344,112458.0,0.0108108643385615,0.0390586822453755,0.0299897861469056,0.0113637385299791,0.0505864199021137,0.3619173747571409,121.7511142730713,123.49402786254883,119.270140914917,0,1,0.4560705295059932,-0.3083617388836639,1,64.3281996095499,17.80009445900439,0.1563141528015606,0.4108234950363083,-0.0072966312790004,0.6416253679896204,0.1825877084812189,-0.0148223435212569,0.0096257631417993,0.0095892980367462,1,,
2026-04-15,126.33932344210449,126.72626567817002,126.1805847024474,126.59728240966795,102459.0,0.0034601178436903,0.0181933775725193,0.0338042244066094,0.0131755769703389,0.0741557996490633,0.3213774869159145,121.93335876464845,123.56593627929688,119.36630207061768,0,1,0.6870047518654729,-0.1092884407338365,1,65.61823531212832,18.62751993524633,0.1563340386572636,0.4654166673969534,-0.0038617606393973,0.7439263407695472,0.1817850102050689,-0.0244686376419436,0.0015093338662153,-0.0035234426440088,1,,
2026-04-16,127.35132211458324,127.65888365050942,127.0338294717675,127.50013732910156,112488.0,0.0071317085347217,0.0230873455178757,0.0369878507901901,0.0256803402580487,0.0749808166618348,0.3336589865237516,122.141947555542,123.63611373901368,119.46653495788574,0,1,0.9321296233342338,0.0989951720797775,1,68.18122932962618,19.75372054649655,0.1572983945078963,0.8401759044918071,0.0,1.4499768473817032,0.1826326619895307,-0.0139291183712673,0.006413548820727,0.0100616049677773,1,,
2026-04-17,127.67872081282422,129.29591666648747,127.59934765828258,129.17684936523438,151655.0,0.0131506684718691,0.0334973031294245,0.0474220834716214,0.0270702041405599,0.0902052106003059,0.3238514278020503,122.4744426727295,123.75407302856443,119.57465965270995,0,1,1.2473112705487353,0.3286583917735691,1,72.3095600495877,21.353658713181467,0.1621442991743024,0.8786849058941502,0.0,1.5284520712456708,0.1828248356921919,-0.0133120315396394,-0.0015452611186886,0.0108976946985062,0,,
2026-04-20,128.5121223339693,129.4248909462502,128.23432384931343,128.54188537597656,110288.0,-0.004915462734832,0.0298887164010357,0.0490907388187638,0.0244393497505976,0.0805299420435614,0.3180041410769867,122.88816566467284,123.85873916625977,119.67439716339112,0,1,1.4293816870802942,0.5488030508349141,1,68.6756898319398,22.880363031307315,0.1611570041059051,0.7988479381083518,-0.004915462734832,1.3799073901415266,0.1822907077824117,-0.0235773179076596,-0.0029434300143583,0.008391022133624,0,,
2026-04-21,128.98834309884785,129.45216815453668,128.0755745081224,128.2640838623047,87304.0,-0.0021611750353538,0.0166718452224226,0.0664906419130746,0.0341306549824877,0.0784628810517569,0.3228466070986246,123.3237159729004,123.9619058227539,119.76989360809326,0,1,1.5335793948154617,0.7457583196310237,1,67.08720315954037,24.165514587218595,0.14362849571984,1.1009809281519225,-0.007066014594836,1.9271029516468128,0.1830954491499197,-0.0033035849017789,0.0131216144093604,0.0061951344182491,1,,
2026-04-22,128.62124633789062,128.7502296002794,128.14502257204984,128.62124633789062,69604.0,0.0027845868058384,0.0159874200274943,0.0758505662485933,0.0415799926416278,0.0909637317273952,0.3397687671920024,123.76769905090332,124.05589080810547,119.8697820663452,0,1,1.6262306807536788,0.9218527918555548,1,68.10854421401261,25.35886960342193,0.1398326540179118,1.325888321667031,-0.0043011037200082,2.3477113635893403,0.1817646223179367,-0.0189053404045006,-0.0103744304716743,0.0133738539095011,0,,
2026-04-23,128.3037734521008,129.10740581653468,127.84738160351012,128.8395233154297,80539.0,0.0016970522658881,0.0105049768132479,0.0759797738979144,0.041345165612213,0.0764291442424591,0.3503616383117909,124.21961936950684,124.13465118408205,119.97090942382812,1,1,1.6977005846884197,1.0770223504221277,1,68.746846839886,26.605520519199157,0.1398121645170642,1.3189730748495805,-0.002611350651934,2.334452436629284,0.1827824132517994,-0.0046219465887812,0.0047201743665696,0.0142080192397617,1,,
2026-04-24,128.5815871936851,129.16694723991722,128.15495833466508,128.64111328125,82373.0,-0.0015399780212934,-0.0041473072506176,0.0737889308834247,0.0343650002680806,0.0730917405163467,0.3128365354519047,124.61201210021972,124.20350708007813,120.06954490661622,1,1,1.7185209273843327,1.205322065814569,1,67.42579832365789,27.787038711217157,0.140545137206421,1.112441828843856,-0.0041473072506176,1.9403346781344009,0.1810975633332717,-0.0175960615598306,-0.0045159576604435,0.0032737704358434,0,,
2026-04-27,128.66093532655458,128.81968164044537,128.2244056716775,128.3335418701172,102193.0,-0.0023909262232546,-0.0016208219231419,0.062423046503881,0.0386676597474164,0.0745034115185991,0.3028084651824407,125.06294059753418,124.26383666992189,120.16556076049804,1,1,1.690713266472983,1.3024003059462514,1,65.33001790673401,28.88416274666244,0.1407684445727559,1.247121531331642,-0.0065283175682108,2.183273695472733,0.1803538332861423,-0.0242589894382717,-0.0017323814984991,-0.0023480507191024,0,,
2026-04-28,128.7800079114406,129.077653477469,127.98629144832567,128.02597045898438,67497.0,-0.0023966564520139,-0.0018564308585086,0.0730084279843559,0.0382568027747531,0.0633247313667622,0.2945470109180745,125.56000366210938,124.33760513305664,120.25657203674317,1,1,1.6251236387572303,1.3669449725084477,1,63.21400802572828,30.01896656374621,0.1312155384541058,1.234462998661506,-0.0089093278858041,2.16007567348545,0.1808013630583065,-0.0274037194223533,0.0078442594076857,-0.0020165972881535,1,,
2026-04-29,128.69071198415878,129.26614087216095,128.04581076868905,128.19464111328125,71385.0,0.0013174721792161,-0.0033167554875705,0.0856159278968267,0.0374603783806377,0.0484112004798948,0.3003661484207449,126.0198616027832,124.41712127685548,120.3485249710083,1,1,1.568671035177303,1.4072901850422186,1,63.90446503806522,31.15946423383611,0.1217548453458842,1.210734043631295,-0.0076035934982129,2.1151075414220357,0.1810675630986975,-0.0326059340010151,0.0112400014652891,0.0038868919841352,1,,
2026-04-30,128.02596590631947,129.1570069059011,127.86723473044692,128.40298461914062,48764.0,0.0016252122869571,-0.0033882358848869,0.0790395068665363,0.0410636567310558,0.042798644996659,0.2959252439845483,126.4633487701416,124.50674102783204,120.43879051208496,1,1,1.5231851891342103,1.430469185860617,1,64.78373569335756,31.989668332045568,0.1212003710986592,1.319745886527825,-0.005990738664834,2.318557734459895,0.1795751204121695,-0.0511220886225447,0.0046539971851655,-0.0086984470390258,1,,
2026-05-01,129.07766183478589,129.7820740764828,128.780016249486,129.38522338867188,56431.0,0.0076496568397119,0.0057843879646393,0.0824204381297006,0.0581096210547018,0.0445021973078483,0.3024972573394395,126.83490676879885,124.59819625854492,120.53202491760254,1,1,1.5485451239732129,1.4540843734831363,1,68.65981329552253,33.072822295434094,0.121965100334161,1.8359044776241145,0.0,3.281015916953588,0.1804491344543208,-0.0231855110936424,0.0162634834467281,-0.009345206672172,1,,
2026-05-05,129.44472965674677,130.07969974334458,129.3852035765784,129.9606475830078,109571.0,0.004447371803868,0.0126787252122859,0.0656524591575113,0.0565746397801776,0.0498161241191623,0.2809341669759175,127.24118881225586,124.67879959106445,120.6341355895996,1,1,1.5966695656433956,1.4826014119151882,1,70.69474751902858,34.220914684871616,0.1064090115633196,1.7929037272210055,0.0,3.194346998751579,0.180470317402777,-0.035248664730224,0.0074010482265192,-0.0195011374679076,1,,
2026-05-06,130.7345252631584,132.02431259184965,130.6650680725996,131.91517639160156,154331.0,0.0150393895763358,0.0303782577759343,0.0827362344339004,0.0639070186945025,0.0690107382791833,0.2900057746800424,127.76603202819824,124.7953273010254,120.73849533081057,1,1,1.7720950637555148,1.5405001422832538,1,76.31923720922659,36.04855326125983,0.1130239246042553,1.9763929777150493,0.0,3.608351624670377,0.1806732279643562,-0.0323495157798344,0.0054597163840035,-0.0120309723571003,1,,
2026-05-07,132.4410103185563,132.88747108725045,131.71673592650907,131.91517639160156,85786.0,0.0,0.0290225491955831,0.0864520692114212,0.0700549125811262,0.0684131897205497,0.2996975508201216,128.14503059387206,124.90690811157226,120.84295345306396,1,1,1.8893418777891784,1.6102684893844388,1,76.3192372092266,38.007151455563694,0.1108651186838184,2.165576757648564,0.0,3.955477235397828,0.1812288918648848,-0.0210081592349263,0.0058030383204121,-0.0076876209840239,1,,
2026-05-08,131.8159416162209,132.2326392969546,131.54310871514247,131.98460388183594,71674.0,0.0005263040397132,0.0278935826399895,0.0615223886018807,0.0703602741738151,0.0680371616359283,0.3049063977162101,128.5131145477295,125.03353118896484,120.94697189331056,1,1,1.965209330993332,1.6812566577062174,1,76.5050055750316,39.59990613539962,0.0839506116049555,2.1745444492413046,0.0,3.972718721882406,0.1798395085332951,-0.027141645708153,-0.00698168737133,-0.027821509081411,0,,
2026-05-11,132.07391365174513,132.42116934276746,131.8754883163964,132.27235412597656,91023.0,0.0021801803822378,0.0223142230750088,0.0613805953702135,0.0744612092539798,0.0699387555603829,0.2927570285620886,128.87723121643066,125.15997299194336,121.0551336669922,1,1,2.0252085308312644,1.750047032331227,1,77.29983512142664,41.14162948536654,0.0839628689026658,2.29512502631442,0.0,4.2042678703400655,0.1798220349945762,-0.023882999978296,-0.0178635568637419,-0.0249363689365555,0,,
2026-05-12,132.13342979022818,132.57990568475134,131.5480697964118,131.5679168701172,52595.0,-0.0053256575080569,0.0123673536335895,0.0526273703979784,0.0616994559526542,0.0783468508626621,0.286856074603441,129.21505546569824,125.25174667358398,121.15748668670656,1,1,1.9929427264667083,1.7986261711583234,1,70.97010219000873,42.11570626058264,0.0886094047624207,1.9213996225129548,-0.0053256575080569,3.483707058723893,0.1791357367363555,-0.0311059407247784,-0.0094098273827114,-0.0263428498459457,0,,
2026-05-13,132.976758588131,133.46291349945523,132.49060367680676,133.16526794433594,43069.0,0.0121408859562293,0.0094764801664926,0.0669316578891838,0.0661622408770583,0.1068251128560671,0.2700541981362314,129.56528129577637,125.37843536376953,121.2635729598999,1,1,2.072375669406909,1.853376070808041,1,75.80767181826593,43.35443467948632,0.093442123477568,2.033936597521833,0.0,3.73568716296733,0.1803018410411887,-0.0138597988290467,-0.0060106991939409,-0.0052111493895293,0,,
2026-05-14,133.63158633617698,134.80230643619566,133.54229720425346,134.7328643798828,68611.0,0.0117718115222216,0.0213598470271283,0.06794595740651,0.076155542774726,0.0994001259288559,0.2782116724816856,129.9720603942871,125.5313313293457,121.3743992996216,1,1,2.236043067772244,1.9299094702008808,1,79.43033185079649,44.92338952779639,0.0944938356947776,2.292155754988115,0.0,4.299934218688185,0.1809954967242754,-0.0087202570763809,-0.0071772408949475,-0.0043256993570802,0,,
2026-05-15,134.63362882112702,134.72291794289058,133.47282482155683,134.3359832763672,90287.0,-0.0029456889033147,0.0178155582194754,0.061128491223507,0.0719688183500373,0.0895862153252093,0.2753928523415263,130.3138526916504,125.68796447753908,121.48309371948244,1,1,2.3071305076040005,2.005353677681505,1,76.31454271765689,46.28566894083253,0.0968078679484673,2.169772402810825,-0.0029456889033147,4.063541187242138,0.1826596053071321,0.0048111508263337,0.0007701782587543,0.0010875900694491,1,,
2026-05-18,133.036289194502,134.1673302313043,132.70888058662734,132.98667907714844,112978.0,-0.0100442499940083,0.0054004100546327,0.0430316536356747,0.0695617049118524,0.0705081852820792,0.2593097245075073,130.50434417724608,125.86391540527345,121.58408275604248,1,1,2.228896907447819,2.050062323634768,1,66.73066492231214,46.53556421105179,0.1051539475343488,2.091459416562366,-0.0129603516615735,3.927629485165078,0.1809522288931092,-0.0092011641188134,-0.0162109500689275,-0.015200791201817,0,,
2026-05-19,133.1255684570652,133.56211323521433,132.13342673904663,132.28225708007812,50971.0,-0.0052969365199476,0.0054294407554247,0.0240399710172798,0.0649130482235449,0.0788827333463093,0.2464083584158174,130.69136276245118,125.9980746459961,121.67960735321044,1,1,2.0860090339700434,2.0572516657018234,1,62.32980590240204,46.06491961339765,0.0998545178124319,1.9525274075968544,-0.0181886380214937,3.665154591852114,0.1812006932623461,-0.0088835984656933,-0.013223999820719,-0.0174215345048215,0,,
2026-05-20,132.5898223400651,133.89945671154885,132.4595522636951,133.4232177734375,74007.0,0.0086251982582115,0.0019370653705994,0.0379746444762605,0.0766709779356935,0.0889765093566536,0.2614582079278187,130.9493194580078,126.17622619628906,121.77931240081789,1,1,2.0413044700720206,2.054062226575863,0,66.21616886626765,45.79867292131631,0.1005048204281876,2.2714556933055867,-0.0097203203722644,4.329036989220796,0.1809094390192451,-0.007577285644287,-0.0124502243643009,-0.0184509265414489,0,,
2026-05-21,133.4430785555481,134.3856102833683,133.1057539605612,133.48275756835938,54644.0,0.0004462476315252,-0.0092784104106828,0.0406869448477649,0.0694665868023798,0.097589354447511,0.2600411821469897,131.19239501953126,126.39910202026368,121.8912642288208,1,1,1.98776641111354,2.0408030634833985,0,66.41091329003183,45.79112907654066,0.0996133849852295,2.0788103965962503,-0.0092784104106828,3.922258876554907,0.1806319528816697,-0.0134547105331537,-0.0194201216762651,-0.0218445009159593,0,,
2026-05-22,134.6137947025843,134.84199822089448,134.0086027264686,134.72293090820312,97839.0,0.0092908879201767,0.0028804466413132,0.0474391653326329,0.069819871125339,0.1217946474124065,0.2782953556258947,131.48656539916993,126.61116302490234,122.00327030181884,1,1,2.022099236348822,2.037062298056483,0,70.25685550255666,45.9996605530762,0.1028233175749526,2.0875240065104257,-7.372716170928051e-05,3.9422062013834105,0.1815962266035408,-0.0009264493400774,-0.0180154418410171,-0.0125504900042698,0,,
2026-05-26,135.58609385213643,136.0623176485564,135.22892222010108,135.7349090576172,187196.0,0.00751155087402,0.0206654531080849,0.0535191807975412,0.07650258278871,0.125692111254108,0.3022113601196881,131.84125518798828,126.85949172973632,122.12131969451904,1,1,2.1066819092203275,2.050986220289252,1,72.97597344478308,46.69860904143125,0.1044046535581535,2.264406149515931,0.0,4.3195289740666345,0.181753707578073,-0.0056280342043042,-0.0209866830274088,-0.0118516900519668,0,,
2026-05-27,135.7349159124789,136.51871640461167,135.53649058218986,135.76467895507812,87734.0,0.0002193238104155,0.0263256913804539,0.0553754977093035,0.0746306116323745,0.12181057667158,0.3163243559922521,132.21281204223632,127.12503768920898,122.23769847869872,1,1,2.151317420706647,2.0710524603727314,1,73.05401503577201,47.51385031495667,0.103721186554303,2.2123865410040224,0.0,4.213832756322708,0.1818250741832122,0.0040172315770015,-0.0154508775273924,-0.0301006924449337,0,,
2026-05-28,135.74484089779892,136.79650872589949,135.4868743550622,136.39964294433594,63970.0,0.0046769453892194,0.0223081501148669,0.0628526335101249,0.0855224662043494,0.1426048055529618,0.3045509398177206,132.6314956665039,127.40387664794922,122.35870273590088,1,1,2.2124242231998608,2.0993268129381573,1,74.73024473733079,48.37063639438336,0.1023248551473817,2.5221529926418302,0.0,4.828814364654878,0.1816732367014818,0.0073156383277213,-0.0210280803456475,-0.0077557345011897,0,,
2026-05-29,136.83619542874453,137.18345111477817,136.42941365684968,136.49887084960938,71891.0,0.0007274792157185,0.0225955272141076,0.0661811065383757,0.0837521616824927,0.128061035110901,0.303549756651545,133.0467071533203,127.6748062133789,122.4789737701416,1,1,2.2430027278736304,2.128061995925252,1,74.99205513048098,49.30401084012246,0.1008385131421885,2.473453756317184,0.0,4.728858501776356,0.1813535735305876,0.0030542384357081,-0.0179672189946027,-0.0084375099200778,0,,
2026-06-01,137.05446089301824,137.25288621546423,136.4294067453757,136.86595153808594,117326.0,0.002689258058999,0.0159068735770231,0.0676417543627438,0.0778609110554306,0.1313711742902998,0.3079100320793233,133.46985549926757,127.945558013916,122.59923622131348,1,1,2.270681751096248,2.156585946959451,1,75.98336713149452,50.19584309013447,0.1006489816224948,2.321563725610577,0.0,4.396223617443558,0.1813474593939578,0.0015458113561053,-0.0177385387987927,0.0010998919868483,0,,
2026-06-02,136.94531482049058,137.5802848898627,136.76673658482994,137.55052185058594,133868.0,0.0050017575942509,0.0133761668650622,0.0712408458306328,0.0845195771816493,0.1254706960661635,0.3146361946195868,133.87812042236328,128.24602951049803,122.72306907653808,1,1,2.321100477967576,2.1894888531610763,1,77.7543662706202,51.14480570640866,0.1006880183909563,2.504850672898365,0.0,4.772188718390218,0.1820073501442004,0.0135443580739262,-0.0184929964285163,0.0013941160487824,0,,
2026-06-03,137.6001495940951,137.8184220026807,136.8659592071359,136.96517944335938,88483.0,-0.0042554720938273,0.0088425096830853,0.0585844028874718,0.0777186532560012,0.1230372746182488,0.314137524916918,134.22834701538085,128.57998458862303,122.84358177185058,1,1,2.2874570608034617,2.2090824946895538,1,72.8103918993708,52.11341272486008,0.1026371180571977,2.308126306011212,-0.0042554720938273,4.388191382922541,0.1825135502253199,0.0114404304417523,-0.0224721023035178,0.0062902676745411,0,,
2026-06-04,136.41949537281678,136.91556626508157,135.6753890344196,136.88580322265625,71682.0,-0.0005795357697899,0.0035642342445039,0.0532865584193495,0.0820642083567659,0.1178672001955873,0.3015338050374916,134.47687835693358,128.9266390991211,122.9636484527588,1,1,2.228698365239296,2.2130056687995023,1,72.14051381870844,51.21436522924727,0.1030565131074698,2.4368817819111066,-0.0048325416653216,4.633552395347423,0.1817211194426155,0.0069307909347045,-0.0216692350476596,0.0033338455381666,0,,
2026-06-05,136.08216703480903,136.5087807236914,135.3479766845703,135.3479766845703,91617.0,-0.0112343756757925,-0.0084315288315247,0.0260227851477694,0.0898536269027392,0.1058429748392988,0.2840472474273934,134.64851837158204,129.23876693725586,123.07573093414308,1,1,2.034588456955788,2.17732222643076,0,60.52274717825114,49.94786994552764,0.1029509347824886,2.721256686848599,-0.016012626752577,5.07336263277942,0.1844398729713239,0.0208478314657154,0.0025635370486494,0.014185698443919,1,,
2026-06-08,134.12764132057524,135.51663367065703,133.9391319718753,135.0602569580078,133823.0,-0.0021257778181127,-0.0131931613362265,0.0238416886702239,0.0755406344168034,0.1025151314950336,0.2802490403168183,134.80230102539062,129.5439497375488,123.18477668762208,1,1,1.8363698502619457,2.109131751196997,0,58.62061471811937,47.178046941505706,0.1035363106122824,2.335672077365241,-0.0181043652839294,4.265214940310643,0.1836320110602734,0.0132601329217434,-0.0058735645836006,0.0107179734174438,0,,
2026-06-09,134.9511136885103,135.81030570707995,132.7684050504345,132.84776306152344,122083.0,-0.0163815318163674,-0.0341893198643831,0.0065398474844859,0.0669162748183054,0.0912177717003543,0.2541628009672525,134.83107147216796,129.78503982543944,123.28194858551024,1,1,1.4836478407365234,1.9840349691049024,0,46.51443758407969,44.04360450708088,0.1200540241909887,2.034288174939029,-0.0341893198643831,3.7782618230365457,0.1811556083156983,0.0073181904973875,-0.0164562808485734,0.0067806810126656,0,,
2026-06-10,133.52243192143922,133.88951950632386,132.0540664430197,132.669189453125,105167.0,-0.0013441973299598,-0.0313655631868896,0.0030001380845652,0.0844393523179267,0.0885166704861406,0.2517836201299623,134.88613510131836,130.0521241760254,123.38019454956054,1,1,1.1761458321394116,1.8224571417118045,0,45.69420381220158,41.67715666238293,0.1199932809954719,2.6326446959569365,-0.0354875600018681,4.767659020036799,0.1838099726363424,0.0221771355322859,0.0111787943598866,0.0211213676817729,1,,
2026-06-11,132.6890388461874,133.62163934466415,132.54020850512407,133.0759735107422,137426.0,0.0030661531836742,-0.0278321755961576,0.0114621913647363,0.0721567953955097,0.0871047656573165,0.2507761717008829,134.88167037963868,130.35194946289062,123.47895008087158,1,1,0.9542720940212348,1.6488201321736906,0,47.94603098162488,39.479740806591984,0.1186646181584525,2.320662258412804,-0.0325302171132744,4.074154845824364,0.1812921650922593,0.0120379573344289,-0.0185621165249333,0.0046580614063138,0,,
2026-06-12,134.17726124786765,135.77461013673093,133.98875188538034,135.36782836914062,112465.0,0.0172221536159826,0.0001466714542515,0.0165400517627867,0.0977092416113516,0.108147919421355,0.2676578818107935,134.91341857910157,130.67935638427736,123.58577194213868,1,1,0.9523905261482072,1.509534210968594,0,58.40979237519967,37.590642034371946,0.1259873554929841,3.0120260241309804,-0.0158683038935778,5.516910472682714,0.1834224201340801,0.0173075276151977,-0.0018311873808469,0.0155363478418126,0,,
2026-06-15,136.7766585777988,137.31240844726562,136.5782332609178,137.31240844726562,138936.0,0.0143651567846847,0.0166751607022193,0.0191456188455232,0.121033100283743,0.1218931081145859,0.2916030714036179,135.06223983764647,131.0349397277832,123.70452949523926,1,1,1.0951861071106634,1.426664590197008,0,64.86358280380597,36.72117645800365,0.1291115879608094,3.637978186719532,-0.0017310977822313,6.833834420213777,0.1828332290786336,0.0101534700454881,-0.0134976026129547,0.0094446864061732,0,,
2026-06-16,137.4116348705289,137.73904347064078,136.94532702844978,137.07431030273438,78177.0,-0.0017339885537197,0.0318149673265748,0.0203841663237294,0.1193605293202353,0.1224800339469134,0.2964570591358941,135.2666213989258,131.33734466552735,123.82012962341308,1,1,1.175588649245583,1.376449402006723,0,63.56298529309073,36.13124335772592,0.1287203381754634,3.587594138331619,-0.0034620846322113,6.739396840792337,0.1836108080443479,0.0052075155621653,-0.0146706732689019,0.022768596241512,0,,
2026-06-17,137.4116226210008,137.70926815264912,137.07429808327697,137.55052185058594,66272.0,0.0034741123030261,0.0367932631350371,0.034318044522263,0.1187299325076993,0.1282016335218339,0.2934266258027858,135.53003463745117,131.6516549682617,123.9387746810913,1,1,1.2631734578779683,1.3537942131809722,0,65.07150321794686,35.583448336039446,0.1224827007073299,3.570898763803558,0.0,6.703791752657913,0.1865786674062606,0.0310935021224576,0.0073761673196877,0.0434038590423064,1,,
2026-06-18,137.92273048744934,139.59777692694593,137.8030886600179,138.62066650390625,51573.0,0.0077800115835455,0.0416656203737368,0.0479157943305361,0.1239966606649778,0.1401143070562978,0.3054094566072294,135.7899070739746,131.99570205688477,124.06520454406738,1,1,1.4027665599730028,1.3635886825393784,1,68.25237508153259,35.959966179494955,0.1215289482716461,3.7029874902653663,0.0,7.001164521584274,0.1860954212627994,0.0270127443351808,0.0043390026873055,0.0323506779636166,1,,
2026-06-19,138.6306401896197,138.86993907319982,138.1022018005122,138.54090881347656,58567.0,-0.0005753665195906,0.0234404325057437,0.038356825187122,0.1306974684449147,0.1377972184836249,0.3019015292016049,136.04281463623047,132.2798161315918,124.1910389328003,1,1,1.4897859944579466,1.388828144923092,1,67.75711202549738,36.309589891275074,0.1196205918269089,3.9186063031583576,-0.0005753665195906,7.37950904669696,0.1859883481879556,0.0280743182679941,-0.0037712619319275,0.0286961367364848,0,,
2026-06-22,138.9397303672345,139.3485116784366,138.28166989476674,138.4910430908203,116486.0,-0.0003599350046373,0.0085835989396934,0.0375200933341228,0.1515257973829988,0.1485495939774268,0.3154530219884741,136.23122024536133,132.55717849731445,124.31760746002196,1,1,1.5370081034925531,1.418464136636984,1,67.42767637964114,36.83890835369397,0.1197698382356605,4.739230852353756,-0.0009350944296772,8.555529084842945,0.1865083328154914,0.0325323390467424,0.0152747518641849,0.0388493391780973,1,,
2026-06-23,136.29753369234763,137.21482326241394,135.71923946502784,136.55677795410156,93312.0,-0.0139667165005774,-0.0037755604787638,0.013611988943055,0.1422272063905814,0.1357589142261615,0.2910503791657179,136.27231369018554,132.7885136413574,124.43288188934326,1,1,1.402189367716005,1.4152091828527884,0,56.04485278907843,35.08887658944184,0.128200092307655,4.356246030975317,-0.0148887507314541,8.030507160803149,0.186613426263614,0.0276283255104559,0.007266615369206,0.0309479225845081,1,,
2026-06-24,136.67640766910142,137.5338762454511,136.32743206177884,137.23475646972656,141020.0,0.0049648104311077,-0.0022956320093235,0.0110498280989213,0.1460910319865171,0.1297989403114472,0.2998775468467318,136.34581756591797,133.03698013305663,124.54834999084471,1,1,1.3346665432945883,1.3991006549411484,0,58.67801491131889,33.64196228066035,0.126784641181892,4.461170224351447,-0.0099978601252839,8.248668509139325,0.1876268916822142,0.0323139713758979,0.0217596260366772,0.0337614022584442,1,,
2026-06-25,137.5139443094403,137.89283040997796,135.9086837438271,136.68638610839844,104531.0,-0.0039958562643647,-0.0139537663776367,0.0067890055087544,0.140944171438921,0.1206292071466283,0.2846312687030885,136.3601547241211,133.24749282836913,124.66382991790772,1,1,1.2228095261827434,1.3638424291894675,0,55.76799719188045,31.98136157000853,0.1277618464863427,4.296454257129938,-0.0139537663776367,7.958063768091248,0.1866073950688986,0.0263017678236587,0.0122932439481688,0.0331708869190838,1,,
2026-06-26,135.9286298341298,136.39724731445312,135.10107162874743,136.39724731445312,120846.0,-0.0021153444917039,-0.0154731300478874,-1.756331491120644e-05,0.1291793003985317,0.1195300917554711,0.2820323247068093,136.35507354736328,133.44349212646483,124.77437286376951,1,1,1.0981719078324377,1.3107083249180618,0,54.24056650381341,29.85338690321217,0.127029987291909,3.974104487451221,-0.0160395938464952,7.293789445804988,0.1875690300983189,0.032452734942598,0.0147762963698503,0.0461528774016146,1,,
2026-06-29,136.17788139403527,136.68637436908605,135.31044772663572,136.08815002441406,289871.0,-0.0022661548977338,-0.0173505304948167,-0.0030089686650069,0.1405789887902258,0.1149106357423779,0.2804290534965186,136.3161834716797,133.6152523803711,124.8833211517334,1,1,0.963349238890089,1.2412365077124672,0,52.58253973331062,28.072005649425986,0.1272458894887678,4.403652760139504,-0.0182694005400761,7.937444633751404,0.1841107790109897,0.0152034802883942,-0.0096011675387922,0.0296347969428953,0,,
2026-06-30,136.97553641651533,137.763203837446,136.59665032819018,137.43417358398438,63072.0,0.0098908212017638,0.0064251342410679,0.0041516683989906,0.1638608804892798,0.1262119169533551,0.280064340853031,136.31036605834962,133.7803988647461,124.99649169921877,1,1,0.954115702574626,1.1838123466848989,0,58.52774817662014,27.1003817200685,0.1316145886487293,5.142163891647231,-0.0085592787125174,10.0,0.1844951561163816,0.0173572694811556,-0.0142932495575858,0.0356657475563102,0,,
2026-07-01,137.2247961058991,137.8230204640477,136.64650190998378,137.47406005859375,88149.0,0.0002902223920675,0.0017437535142197,-0.0005558815114874,0.1552686443587001,0.1262647899212083,0.2793811598042139,136.33581008911133,133.95904235839845,125.1062720489502,1,1,0.93919016409032,1.134887910165983,0,58.69302420634394,26.2346664248372,0.1304692789435927,4.910190312821567,-0.0082715404147922,10.0,0.1847986415787118,0.0153361467671493,-0.0235209162375942,0.0333163369339495,0,,
2026-07-02,136.31747327325812,137.58373842775185,135.84885581956038,136.3274383544922,110794.0,-0.0083406404350963,-0.0026260680681219,-0.0046562278928048,0.1404981317649363,0.1120036547546317,0.2675501332052308,136.30789184570312,134.12030944824218,125.21027011871338,1,1,0.825324946271536,1.0729753173870935,0,52.24698850447248,24.78171327127597,0.1328953163237993,4.412303440809872,-0.0165431909054444,10.0,0.1834984288032204,0.0053961942917917,-0.0066789486767449,0.0203270852137675,0,,
2026-07-03,137.12509388067895,137.45412414655416,136.8857949926246,137.24473571777344,72980.0,0.0067286334603897,0.0062133834810207,0.0026221309052287,0.1253805890021642,0.1216584661481461,0.2638290455112706,136.4027297973633,134.29277923583984,125.31772365570068,1,1,0.7998836114755932,1.0183569762047937,0,56.374786665204766,23.432542485826257,0.1350189886815576,4.148010824989762,-0.0099258705129227,10.0,0.1847331224711947,0.0165748650339476,-0.0124607240819443,0.0215607053598763,0,,
2026-07-06,137.4939904180447,137.91276724737298,137.07522880258074,137.6136474609375,79008.0,0.0026879846519045,0.0112096272618134,0.0167395984178422,0.1295082683758277,0.1270428996587749,0.2606046441934164,136.53039932250977,134.46826171875,125.42938205718994,1,1,0.800264316016353,0.9747384441671056,0,57.94909590271561,22.516267841176024,0.1286808759949028,4.2799439737724,-0.0072645664486137,10.0,0.1836270965743159,-0.0044067282411016,-0.0165291730375539,0.0194491327925754,0,,
2026-07-07,136.7462071772255,137.04532698251282,135.97848510742188,135.97848510742188,84254.0,-0.0118822688278775,-0.0105918960226653,0.006798655430513,0.1199174390263595,0.1042558432778266,0.2516019518925672,136.6869354248047,134.61500915527344,125.53271717071532,1,1,0.6610024658345992,0.9119912485006044,0,49.43380308851954,21.052724610907443,0.1357417337865187,3.892064335833975,-0.0190605157450308,10.0,0.1823115143726714,-0.0071909939883442,-0.0151598720725133,0.0102905904833117,0,,
2026-07-08,136.13799549722913,136.30750837548794,134.67233743289427,134.91162109375,91186.0,-0.0078458295283188,-0.0186394361507298,0.0155355121129947,0.085063727598144,0.0919073510493109,0.2421194019974768,136.79905700683594,134.7465707397461,125.62395378112792,1,1,0.4592554258171333,0.8214440839639102,0,44.807476601067165,20.587777937322087,0.1252978469318776,3.001062351845404,-0.0267567997160923,9.588005188744011,0.1814416768870261,0.0015791317419728,-0.0184745687092154,0.0080483299992175,0,,
2026-07-09,135.58962806222883,136.58668389416673,135.23068735417658,136.45706176757812,85129.0,0.011455207945016,0.0009508240941846,0.0285512584351128,0.0949595508325407,0.1008891401552141,0.2528879741331666,136.96811141967774,134.91519256591798,125.72119186401368,1,1,0.4192408422248661,0.7410034356161015,0,51.83880616502888,19.922313874482263,0.130328288880009,3.2768560510126967,-0.0156080964757672,10.0,0.1819796247774817,-0.0099578267305544,-0.0121710867734947,0.0045603658965243,0,,
2026-07-10,136.30750773371378,137.1649763467601,136.11806469385195,136.7561798095703,69590.0,0.0021920305048166,-0.0035597424239847,0.0276549267440155,0.0941367877757819,0.1043600795858108,0.2531450084787852,137.03752899169922,135.08642333984375,125.81874229431152,1,1,0.406973979885862,0.6741975444700536,0,53.084603924347576,18.828228386280507,0.1302203748934903,3.250982866832115,-0.0134502793945475,10.0,0.1815958301772133,0.0016750039076398,-0.0177999976252334,0.0033009531129177,0,,
2026-07-13,136.0981189262486,136.7262689589602,135.94856663934792,136.4770050048828,68858.0,-0.0020414054054174,-0.0082596637544785,0.0081937979585335,0.0934655819900185,0.0937166932183419,0.242691569338791,136.9957588195801,135.24790374755858,125.91307262420656,1,1,0.3704549554014988,0.6134490266563427,0,51.73939438734086,17.938752666699838,0.1170322656060351,3.227225532879572,-0.0154642273269045,10.0,0.1826233092020522,-0.0043566698740737,-0.0011627954820708,0.0079195820460253,0,,
2026-07-14,135.9884489972656,137.0253804041258,135.64945365404833,136.6963653564453,75412.0,0.0016073063118189,0.0052793664266543,-0.0044864342398953,0.0835094425289768,0.0958221605286397,0.2449118229501083,136.97686157226562,135.39412658691407,126.00914066314698,1,1,0.3551203066520543,0.561783282655485,0,52.75252755312634,17.34064641222343,0.1056627339425772,2.942941305059076,-0.0138817767652755,9.412813085967084,0.1822696672081667,-0.0030823820883482,-0.001741854781451,0.0078671416787945,0,,
2026-07-15,136.82596657718398,137.01540961811395,135.669393382955,135.75912475585938,62538.0,-0.0068563681129488,0.0062819174155535,-0.0095946902375095,0.0723699764466014,0.086499069611954,0.2302607776294147,136.8872917175293,135.5100961303711,126.10012809753418,1,1,0.2642933936916165,0.5022853048627114,0,48.1057839950562,16.78526203306676,0.1080666434385329,2.5465995950383844,-0.0206429663066598,8.157221994283214,0.1803052956289365,-0.0180028204800073,-0.0081399152463846,-0.0066428672299188,0,,
2026-07-16,135.41014571117998,135.67935503695736,134.6822992373447,135.64944458007812,78020.0,-0.0008079027909062,-0.0059184711808875,-0.0138209382627632,0.0639160664583575,0.0912377930510131,0.2249546252983874,136.73873062133788,135.58478149414063,126.19219413757324,1,1,0.1813714006409839,0.4381025240183659,0,47.577618699356975,17.014675854904272,0.1071279763323475,2.275871219609103,-0.0214341915874743,7.204334845775207,0.181141161020297,-0.0291432373355086,-0.0081666715744371,-0.0018055001005556,0,,
2026-07-17,133.74506361127163,134.6623531161748,133.4459438302705,134.3831787109375,167832.0,-0.0093348400582142,-0.0173520575226447,-0.0305689468954424,0.0403038885937119,0.0684651272261622,0.2268121485792165,136.53084411621094,135.63414154052734,126.27514316558836,1,1,0.0133244546939295,0.3531469101534786,0,41.86303356446261,17.99712684829458,0.1065813031306844,1.4819769340684967,-0.0305689468954424,4.5428751346126255,0.1812440457801049,-0.0260692898824385,-0.0086464724888274,-0.0101783725497653,0,,
2026-07-20,134.05415781460715,135.26060210363104,133.89462522510786,134.8617706298828,75903.0,0.0035613975166846,-0.0118352126421752,-0.0265563306542699,0.0491659604604444,0.074806894314559,0.2144979291165756,136.34938049316406,135.69168487548828,126.36149589538574,1,1,-0.0803098308438166,0.2664555619540196,0,44.57278947193819,18.29699928164525,0.1079662406117825,1.7951850688316169,-0.027116417550319,5.5417684754107706,0.1821836366655601,-0.0204567197862876,-0.0005873646449349,-0.0035290657925679,0,,
2026-07-21,134.9515102379914,136.10808341735947,134.81192303286775,136.05824279785156,58171.0,0.008871840866248,-0.0046681750237455,-0.0175664811144021,0.0607664959733711,0.0969711512644209,0.2254899110979265,136.32445373535157,135.76740264892578,126.451661567688,1,1,-0.0573097410899379,0.2017025013452281,0,50.7526995632733,17.781820261815174,0.1135276640281609,2.175428224385118,-0.0184851492254402,6.8493292634308025,0.1822794880751811,-0.0226737576625802,-0.0044564792763934,0.0086066589302788,0,,
2026-07-22,135.56968892220573,136.3972471264474,135.4301017078677,136.25765991210938,94354.0,0.0014656746269616,0.00367220367063,-0.0021904298451792,0.0593713231028545,0.1034199749222226,0.2255489972520545,136.2755989074707,135.86119750976562,126.53873210906984,1,1,-0.0227287073409172,0.156816259607999,0,51.71892960048769,17.04690678467278,0.1031184393433134,2.1291190943304046,-0.0170465678126737,6.692071580286431,0.1827591567642759,-0.0206537631107712,0.0054715512493932,-0.0049596434502902,1,,
2026-07-23,136.02831203132513,136.33741210110873,134.60252957624616,134.83184814453125,91065.0,-0.0104640852374671,-0.0060272744800236,-0.0175094734527064,0.0465099891314479,0.0897781179469228,0.2186537318179542,136.18287200927733,135.89452911376952,126.6167999649048,1,1,-0.1091162582863489,0.1036297560291294,0,44.93111798100458,16.96325379411482,0.1073633082006269,1.6576796957613062,-0.0273322763115428,5.242399195429574,0.1831079964885067,-0.0240844750621421,0.0017812612872043,0.006509843517642,1,,
2026-07-24,134.7620683472865,135.7092683339688,134.70224743227607,135.34036254882812,70935.0,0.0037714709936467,0.0071227950333692,-0.00984753198832,0.0520770467286881,0.088231674721561,0.2182145452739976,136.1300277709961,135.90667907714842,126.69706531524658,1,1,-0.1349900706981373,0.055905790683676,0,47.57385486719104,16.88557601716814,0.1078380016590393,1.8437558747084808,-0.0236638882051954,5.869893177124544,0.183612039441434,-0.0160516448255366,0.0138846490360275,0.0093059888884072,1,,
2026-07-27,136.06821621152088,136.85588365712547,134.82189637021497,134.99139404296875,70783.0,-0.0025784510938743,0.0009611575799466,-0.0103070501726716,0.0518792832788002,0.0925529934999811,0.2058400149932699,136.07518997192383,135.91978729248046,126.77676906585694,1,1,-0.1815611712522979,0.0084123982964812,0,45.94437980567609,15.761436148650215,0.1079400441272701,1.836794956397892,-0.0261813231206418,5.847602160292697,0.1830989425176517,-0.0238316932082234,0.0152206869213262,0.0134619373864099,1,,
2026-07-28,134.84183266036226,135.56967913875192,134.38318029557024,135.4998779296875,79393.0,0.0037667874335522,-0.0041038665257029,-0.0043227282803169,0.0583780575449537,0.0988682181535773,0.2037200954829929,135.97847518920898,135.97005126953124,126.85551460266112,1,1,-0.1754166103955015,-0.0283534034419152,0,48.7015240169613,15.06898689527515,0.1086964751798411,2.054493426564254,-0.0225131551660142,6.580115102574285,0.1833495578981586,-0.0041345819995997,0.0140938917536277,0.0220487073042927,1,,
2026-07-29,135.49988395059327,135.63947116106047,134.08905661672372,134.3134002685547,49477.0,-0.0087563005905325,-0.0142689933528052,-0.0227074040906035,0.0477302257109679,0.0869785964069318,0.1928673216144349,135.82044219970703,136.01067413330077,126.92665145874024,0,1,-0.2632512367046331,-0.0753329700944588,0,43.168611970894034,14.658714280301387,0.1060816067724561,1.675699676959311,-0.0310723238026718,5.379938837604719,0.1845843759900398,0.0004835892471988,0.0194226554505807,0.0308809675915939,1,,
2026-07-30,133.41603406229856,134.72217472508677,133.2565014830925,134.0940399169922,107780.0,-0.0016331978129054,-0.0054720619623056,-0.0245866030301348,0.0443218303276355,0.0872055034849577,0.1888942394620258,135.70877227783205,136.0240905761719,127.00783432006835,0,1,-0.3465663567386912,-0.1295796474233053,0,42.213733224420615,14.897064488490637,0.1059796223357188,1.5614396398271504,-0.0326547743643008,4.995759663432308,0.181244219068075,-0.0192340294293932,0.0092947099357327,0.0139919646747761,1,,
2026-07-31,135.3303886287503,136.28756895560048,134.2236560073291,134.43304443359375,71352.0,0.0025281102486838,-0.0067039728440733,-0.0138959107848299,0.0390138913294471,0.0993905948251723,0.1878088602287388,135.56818771362305,136.04309631347655,127.08696506500245,0,1,-0.3808491661904156,-0.1798335511767274,0,44.26553778833176,13.914755301645698,0.1033608489065344,1.393462418458281,-0.030209218985356,4.39747237820313,0.1804035425275224,-0.0168660096758478,-0.0002526580520115,0.0160067162946699,0,,
2026-08-03,136.02832217290836,136.6963629799222,134.85180357377382,136.5767059326172,122696.0,0.0159459417738794,0.0117437996761764,-0.0048674346718111,0.0509081669925013,0.1103629179821488,0.2035076514319291,135.51634063720704,136.08017181396485,127.17740577697754,0,1,-0.2323644196428631,-0.1903397248699545,0,55.11781244077197,13.31067984098286,0.1158270353314537,1.73738990800686,-0.0147449916584513,5.738142250001738,0.1807064466883244,-0.0217972593599078,0.0013084106513781,0.0087191424882282,1,,
2026-08-04,137.42420579110467,138.6804906500088,137.00544417146995,138.59075927734375,119042.0,0.0147466826862865,0.0228109530051394,0.0071003990842086,0.0506051166237699,0.1177461574523854,0.247527007227887,135.64695434570314,136.13728881835937,127.27555011749268,0,1,0.0472830351477,-0.1428151728664236,1,62.50486697149292,14.003784534269206,0.1266513821048294,1.7295654833548342,-0.000215748685364,5.703983759774579,0.180123823522249,-0.0190781922571491,-0.0030408735610542,0.0024022405157464,0,,
2026-08-05,139.56786621880025,140.0564290363725,139.06933832024802,139.18899536132812,84075.0,0.0043165654557617,0.0363001389513246,0.0236104281597928,0.0551401223778347,0.1290578714118528,0.2391993279279933,135.86082305908204,136.20577514648437,127.37683353424072,0,1,0.3135637424934998,-0.0515393897944389,1,64.38018638878529,15.317118939369951,0.1191176912564355,1.8725749198851935,0.0,6.21514944612178,0.1812632431862718,-0.0057498901811366,0.0001895466061376,0.0059936848727688,1,,
2026-08-06,138.96965112601129,139.27873600948442,138.47112319425074,138.82008361816406,87955.0,-0.0026504375737922,0.0352442487682331,0.0289705400671012,0.0517899780374977,0.1257942092654871,0.2380829059966309,135.97897415161134,136.25418395996093,127.48144943237304,0,1,0.4891859953183655,0.0566056872281219,1,62.31053873229951,16.02648180169897,0.1154844273894063,1.7621255289039992,-0.0026504375737922,5.837536070536612,0.1810721345037806,-0.002036700660982,0.0068540332463,-0.0001755068423884,1,,
2026-08-07,138.8898757781001,140.08633969356413,138.80014440755974,139.32858276367188,70731.0,0.0036630084945523,0.0364161828715885,0.0210434033892998,0.0533462089211396,0.131779641400503,0.2385982560674242,136.10759429931642,136.3107781982422,127.5796343612671,0,1,0.6617710426681924,0.177638758316136,1,64.02714813343388,17.07350949448628,0.1099456662399457,1.8105276654873657,0.0,6.012947496870197,0.1806307867485486,-0.0074120277508125,0.0044975119650756,-0.0134463864593998,1,,
2026-08-10,139.37842597984456,139.53795856190976,138.87989807128906,138.87989807128906,91647.0,-0.0032203348622577,0.0168637259402653,0.0155292306693268,0.0555757161405101,0.1207041635432129,0.2378020851183047,136.2277389526367,136.35105712890626,127.6746390914917,0,1,0.7536531864397205,0.292841643940853,1,61.37101070529966,18.04574949493164,0.1108107811478604,1.887381396639294,-0.0032203348622577,6.264247638437628,0.180102665429049,-0.0082224616430186,0.0053977431321623,-0.0040628760816791,1,,
2026-08-11,139.00951934557744,139.5579030844067,138.93973335001607,139.0294647216797,86005.0,0.0010769495979456,0.003165473994251,0.0187024892340328,0.0440369840264582,0.1131128104481742,0.236425631721115,136.34439392089843,136.38063598632812,127.7726103591919,0,1,0.8289832234834478,0.400069959849372,1,61.937847362020165,18.958835842012736,0.1103439910090862,1.542417875034045,-0.002146853402647,4.963653054766099,0.1808745573043033,-0.0095757321745502,0.0031764304779546,-0.0028533612840996,1,,
2026-08-12,139.05937984418514,139.58781822464067,138.95966817419304,139.2687530517578,73851.0,0.0017211339377387,0.0005730172146343,0.0188182596413943,0.0336657926241807,0.1123851721091426,0.234504742982978,136.51987533569337,136.42670745849608,127.86694625854491,1,1,0.8976439087691404,0.4995847496333257,1,62.87641573957422,19.823236380677944,0.1103538143582268,1.2189311237274765,-0.000429414487159,3.794658469338792,0.1807332006613796,-0.0084296337965679,-0.0014491855744644,-0.0086160253154425,0,,
2026-08-13,139.74734194247128,140.63472097917298,139.49807799717456,139.91683959960938,79399.0,0.0046534957314561,0.0079005569861347,0.0306256750787614,0.0415440166300102,0.1165027087664238,0.2405740231666249,136.7332450866699,136.48732818603514,127.95515468597412,1,1,0.9929075445478476,0.5982493086162302,1,65.36730826798359,21.17740316871812,0.1073067443718851,1.4848959163404365,0.0,4.6826568533601005,0.1803160836474355,5.983195591374724e-05,-0.0128299941071046,-0.0120696972308714,0,,
2026-08-14,140.16610833279643,140.55495949218738,139.41831647136274,139.44822692871094,106394.0,-0.0033492228114888,0.000858719457744,0.0280044076877163,0.0485879329899954,0.1215294973587748,0.2355570138899592,136.9864974975586,136.56933319091797,128.03673053741454,1,1,1.018846903168367,0.6823688275266575,1,62.12157198590667,22.344579632930383,0.1083394025733461,1.7472070695432689,-0.0033492228114888,5.476615788802872,0.1800686559508602,-0.0059208247501331,-0.0048829072051441,-0.0210147007091778,0,,
2026-08-17,139.8470487480251,140.0165464177146,139.42828711458077,139.5379638671875,83953.0,0.0006435143741372,0.0047383804642529,0.0383588571553148,0.0548501888860051,0.1233237300657779,0.2362444759578272,137.22030715942384,136.65888732910156,128.11505725860596,1,1,1.0347174737817966,0.7528385567776853,1,62.505510761175096,23.42838634969891,0.1012346416713488,1.9709352163080816,-0.0027078637103731,6.182469431942463,0.1810403761715866,-0.0011237313073744,-0.0008847487715035,-0.0140970486746268,0,,
2026-08-18,138.77021778681816,139.13913877517646,137.84296320318742,137.9227294921875,73052.0,-0.0115755908301584,-0.0079604365283844,0.0226970093007694,0.0337236036863577,0.1129802032961999,0.221295682959677,137.31353149414062,136.76038665771483,128.1857022857666,1,1,0.9065094239913948,0.7835727302204272,1,52.24115331676129,22.73070527348543,0.1110459399577399,1.22876570155273,-0.0142521094181964,3.8011746752442974,0.1801618543932333,-0.0110974965113812,-0.0041323693780964,-0.0165311448164839,0,,
2026-08-19,137.7133507636555,138.24178915330137,137.49399725694985,137.8330078125,106851.0,-0.0006505213463933,-0.010309169916415,0.0130441565182146,0.0325903534163412,0.1043208808332374,0.2170566130575288,137.39229888916014,136.86366302490234,128.2578708267212,1,1,0.7885736450182605,0.7845729131799939,1,51.732961891016366,21.762167561735662,0.1074828328082145,1.1897159073626768,-0.0148933594631821,3.673439743142624,0.1796677509953602,-0.0143282006516478,-0.0053379364554683,-0.024654394756268,0,,
2026-08-20,137.8629106205855,138.022427987084,136.59664548648573,137.0552978515625,81193.0,-0.0056424072381519,-0.0204517323020985,0.0058538943055945,0.0173123233560632,0.0883409386670028,0.2084578877856573,137.50347137451172,136.94324951171876,128.32580574035646,1,1,0.6251476828987848,0.752687867123752,0,47.426318242871886,20.321534134343388,0.1095937908920893,0.6662476036375417,-0.0204517323020985,1.951368119574038,0.1801673672596814,-0.0141814481445512,-0.0078683316860921,-0.0257420220552326,0,,
2026-08-21,137.04532478282644,137.61365392513673,136.94562832524105,137.5538330078125,89855.0,0.0036374745381235,-0.0135849265539023,0.0201879963876445,0.0134005611586862,0.0909283214868539,0.2170751822106977,137.61414489746093,136.98696960449217,128.39569095611571,1,1,0.5297523953219923,0.7081007727634001,0,50.28348185832753,18.983803094621987,0.1028188072663519,0.5318959551673728,-0.0168886504194843,1.5104516760486837,0.1800859484373302,-0.0165041839194947,-0.0091759291349062,-0.0299700398460788,0,,
2026-08-24,136.93564812409502,137.2945888421527,136.5692373982992,136.84591674804688,67282.0,-0.0051464669815883,-0.0192925784821034,0.0111242069318056,0.0079640581135724,0.0831890322740387,0.2075541765067963,137.70687103271484,136.9776397705078,128.4617900466919,1,1,0.392503480967747,0.6449813144042695,0,46.4252218785913,18.06334592656936,0.1043885065823391,0.3380765116309104,-0.0219482005193253,0.8976732230349356,0.1796871412351644,-0.0213760394917975,-0.0117581854848771,-0.0270273887283983,0,,
2026-08-25,137.454110361866,137.95263825158497,137.11511504818444,137.51393127441406,68543.0,0.0048815086503246,-0.002963965542725,0.0186866522071944,0.0081692906669328,0.0943904147562584,0.2062259861212136,137.80757369995118,136.9864321899414,128.53931518554688,1,1,0.3337882142070327,0.5827426943648222,0,50.30053303738725,16.938840647431704,0.1047717926598371,0.3452664178174107,-0.0171738321996948,0.9208061240031884,0.1799890514024869,-0.0169847573798246,-0.0092704094976976,-0.0301035509275905,0,,
2026-08-26,137.72332564849413,138.36144076642356,137.53388260797587,137.88284301757812,74479.0,0.0026827226866774,0.0003615621966686,0.0175864740566569,0.0101390741136135,0.0947404051705804,0.214175351338365,137.98604583740234,136.99307861328126,128.62716522216795,1,1,0.313411227291283,0.5288764009501143,0,52.35040469575544,16.246332873047887,0.1044652502398841,0.4145745104665223,-0.0145371821422768,1.1428313566228925,0.180431854856616,-0.0159133355705349,-0.0050824400976919,-0.0229583417780325,0,,
2026-08-27,138.37140881346446,138.66056352798927,138.0186449301809,138.4212646484375,49096.0,0.003904921156802,0.0099665377281104,0.0305841738178713,0.0113637693880261,0.0901094738810324,0.2147087321179606,138.2024070739746,136.98909057617186,128.70651527404786,1,1,0.3368257268726324,0.4904662661346179,0,55.25135025126326,15.856386498788767,0.0988499372407836,0.4573187634082393,-0.0106890275355823,1.2808735630633554,0.1799571954820062,-0.0250681049423339,-0.007666299360342,-0.0252688492104881,0,,
2026-08-28,138.82007670059605,139.45819181289696,138.6605593329191,139.3086395263672,77927.0,0.0064106832153532,0.0127572346054145,0.038887631490579,0.0127816139999163,0.0983814877925377,0.2239219031701784,138.4461868286133,137.0044451904297,128.786604347229,1,1,0.4221196900048767,0.4767969509086697,0,59.61518025588742,16.124235889681657,0.0996090703562729,0.5061839342512736,-0.00434686828964,1.44068670409872,0.1815228076906222,0.0015370897012865,-0.0026622136589224,-0.0211059777797524,0,,
2026-09-01,138.5807953620957,138.84002440104177,137.4441523238482,137.8728790283203,205520.0,-0.0103063277548922,0.007504515331387,0.025587716243574,0.0066272288230477,0.0848609413779957,0.216510798885628,138.51099548339843,136.9920819091797,128.85483066558837,1,1,0.3696013628140804,0.4553578332897519,0,50.95657956771932,15.179647851367209,0.1080515036785889,0.2873384233241655,-0.0146083957952318,0.7469917688366429,0.1814372115281434,0.0057297599932841,-0.0058973084236637,-0.0282368858089695,0,,
2026-09-02,137.6136431010584,138.6306290433089,137.12508029156362,138.36143493652344,59499.0,0.0035435243801849,0.0061630385682025,0.01306759444606,0.0107800201271928,0.093728882301767,0.2203979485821185,138.49952926635743,137.02817504882813,128.9335857772827,1,1,0.3632156648111504,0.4369293995940316,0,53.4349589789592,14.167242214287814,0.0944475649477287,0.4308572189889608,-0.0111166366217028,1.215075941681924,0.1812758329889467,0.0031508909120678,-0.0024503836154791,-0.024066520724618,0,,
2026-09-03,138.47112078328087,139.42828587583116,138.3215532780378,139.40835571289062,91726.0,0.0075665648946723,0.0110638326127205,0.0058993575026942,0.029999554686976,0.1225487503838069,0.2317691740403036,138.51049728393554,137.07164703369142,129.01801921844483,1,1,0.4375884628972528,0.4370612122546758,1,58.2982028158563,13.752380741202284,0.083580433953455,1.101579249737661,-0.0036341864794391,3.3814164288400104,0.180755246873694,0.0035054960476503,-0.0199773836224815,-0.0174650593368834,0,,
2026-09-04,139.3983655271511,140.34556547102665,139.18899233407674,139.35848999023438,139192.0,-0.0003576953648241,0.0067708190947195,0.0012177300976004,0.0318245583788794,0.1097692401256578,0.2278076376024067,138.53741760253905,137.12508911132812,129.1067392730713,1,1,0.4868930936314939,0.4470275885300395,1,57.987551065308885,14.041357448333544,0.0823041659108284,1.1652780370796152,-0.0039905819126045,3.5871227311797247,0.1813897096302247,0.0006976949199946,-0.0122108417650164,-0.0180126851808901,0,,
2026-09-07,139.4980834623227,139.68752650238827,139.09925200590456,139.15908813476562,68041.0,-0.0014308554540359,-0.0010735256055189,0.0024420423022797,0.0475079514159326,0.1176032813672411,0.2191843607391015,138.52894287109376,137.18032592773437,129.2020552444458,1,1,0.5040667378601711,0.4584354183960658,1,56.68674685438083,14.219364548325837,0.0819035509894463,1.7774832205822295,-0.0054157274207461,5.354885067281005,0.1811301671748942,0.000320494764546,-0.0001404380523498,-0.0165944078128918,0,,
2026-09-08,138.9895761079659,139.3086412750536,138.6505807783336,139.009521484375,78186.0,-0.001074788951231,0.008244133756148,-0.0022899915650335,0.0477905386878856,0.1362652931395422,0.2237787756084033,138.53542404174806,137.2387533569336,129.29420749664305,1,1,0.4998462791721749,0.4667175905512877,1,55.67784290245567,13.929817597651274,0.0809666700545702,1.7878224743628697,-0.0064846956079824,5.854033839998689,0.1819347084448391,0.0072187123787803,-0.0102021896016128,0.0008625565786968,0,,
2026-09-09,138.61070906914347,138.85997303261863,137.60367291983027,137.8429718017578,53861.0,-0.0083918689177583,-0.0037471650608674,-0.0074663524666397,0.0358216300452676,0.1105631994706872,0.2060949357755515,138.47609939575196,137.24692932128906,129.37830825805665,1,1,0.3977853037614238,0.4529311331933149,0,48.436861392430174,13.15874461811884,0.0853440853945889,1.3442704221611128,-0.0148221458102271,4.387919455322383,0.1812503365710768,0.006372316252476,-0.0002307243733404,-0.0187885581655706,0,,
2026-09-10,138.15205136402145,138.27169319344705,136.88578621843095,137.18490600585938,53015.0,-0.0047740250177198,-0.0159491853674137,-0.0132673942139739,0.0134232605975157,0.1124440788218021,0.2002337308858786,138.37190704345704,137.24114624023437,129.4673525619507,1,1,0.2607945580686817,0.4145038181683883,0,44.89021807475151,13.009122121135508,0.0865162073971335,0.563018150126809,-0.0195254095330326,1.6442631520472364,0.1814728411724939,0.0033077281686668,-0.0106289021819745,-0.0124406260512736,0,,
2026-09-11,137.58373368557326,138.9895707843462,137.47405694032082,138.35145568847656,70411.0,0.0085034842139801,-0.0072262142179381,-0.0065865267203214,0.0075670309257591,0.1295159924223896,0.2051513802617039,138.29363784790038,137.28162658691406,129.55409439086915,1,1,0.2435517028421827,0.3803133951031472,0,51.64896111055174,12.227502812456972,0.0918557099595594,0.3467309856082041,-0.0111879593307879,0.9269126551808408,0.1814690953381321,0.0040717182789855,-0.0074610821423212,-0.0208579780334563,0,,
2026-09-14,137.31453626099622,137.62362114789022,136.9954710784829,137.5338897705078,81060.0,-0.0059093409165831,-0.0116787080602592,-0.0170311867815246,0.0033527760727625,0.1231134945197349,0.1905841647417829,138.19792098999022,137.28740966796877,129.63689624786377,1,1,0.1620478917260186,0.3366602944277215,0,47.273173606832806,11.886214252596096,0.0919683173269175,0.1812264535209376,-0.0170311867815246,0.4106935206584099,0.1812052074331797,0.0049309177959002,-0.0131016285848881,-0.0275800921415305,0,,
2026-09-15,137.11512156287122,138.03241109787322,136.3573493976219,136.74620056152344,68616.0,-0.0057272371944016,-0.0162817690377127,-0.0193765559211365,-0.0058474608328726,0.1121882030447982,0.1836646389692349,138.05833282470704,137.27006072998046,129.70954727172852,1,1,0.0335093234199916,0.2760301002261756,0,43.45341961574076,12.05289778995008,0.0931595212112801,-0.1779005884388723,-0.0226608823295262,-0.7162763704603493,0.1809975933768179,0.0051587957995931,-0.0299127124608,-0.0227571863132088,0,,
2026-09-16,137.20485988149792,138.24179129977173,136.9057400755399,137.8130645751953,76120.0,0.0078017817627911,-0.0002169659154295,-0.0123615053866913,-0.0058259850358473,0.1174482729396013,0.1905681951200992,138.05284957885743,137.30675231933594,129.7888145828247,1,1,0.0175265564825792,0.2243293914774563,0,49.415243614701794,12.002097247231838,0.0978504174589067,-0.1770409393642305,-0.0150358958252222,-0.7136457233494514,0.1832176651057514,0.0120265378376214,-0.0154638740572989,-0.0111919691610842,0,,
2026-09-17,138.22999572753906,139.30999755859375,138.07000732421875,139.30999755859375,57247.0,0.010862054247271,0.0154907096896186,0.0100582991035196,0.0055513476250732,0.1369743631510427,0.2084283516910852,138.1266990661621,137.3947198486328,129.87310131073,1,1,0.124218170161896,0.2043071472143443,0,56.36660386746768,11.301817836858476,0.0969302681215329,0.2625628747864676,-0.0043371622940611,0.6800044056212535,0.1831313045648774,0.0164821248185134,-0.0153614118890444,-0.0190747419130942,0,,
2026-09-18,139.44000244140625,139.5800018310547,138.41000366210938,138.47000122070312,71400.0,-0.0060296917135277,0.0008568434038995,0.004621486669359,-0.0001519366859226,0.15135083836959,0.2008346640991749,138.19743423461915,137.4349786376953,129.95348388671874,1,1,0.1393846192223691,0.1913226416159492,0,52.04459654775372,10.87539578427528,0.0994882281916029,0.0462461080139981,-0.0103407022560441,-0.0186112675301085,0.1817931189550503,0.0118294348758498,-0.0252815184676268,-0.0103929355247845,0,,
2026-09-21,139.67999267578125,140.49000549316406,139.52999877929688,140.4499969482422,84523.0,0.0142990951836796,0.0212028263186641,0.0247688279832589,0.0285098920205131,0.1747919807076692,0.2038815484994429,138.3422424316406,137.50885498046875,130.04322410583495,1,1,0.3076271131990893,0.2145835359325772,1,59.857908578560334,11.183908986964214,0.108234325168175,1.1167267535029977,0.0,3.492278539749944,0.1815772423377404,0.0078253631581728,-0.0269872539543827,-0.0199167445795342,0,,
2026-09-22,140.86000061035156,141.5,140.64999389648438,141.22000122070312,132812.0,0.005482408609412,0.032716087473062,0.0266526067120382,0.0290396168834656,0.1793730764689813,0.2069111257716966,138.56094665527343,137.60371490478516,130.1406107711792,1,1,0.4973601531412726,0.2711388593743163,1,62.42206268151492,12.141163082825903,0.1089467843621827,1.1353117237127517,0.0,3.557166430925755,0.1826010503621718,0.0139661197703988,-0.0267863592205895,-0.0056095943434365,0,,
2026-09-23,141.5800018310547,141.75,141.0,141.08999633789062,86326.0,-0.0009205840652084,0.0237780922497903,0.0310135639462134,0.0322168897347241,0.1777018440036448,0.2033662856071965,138.7397499084473,137.69158752441408,130.23665718078612,1,1,0.6299727134056354,0.3429056301805802,1,61.705393930316895,13.184489659066651,0.1067697712109004,1.2558327433831495,-0.0009205840652084,3.946361934907195,0.183756393881969,0.0226463208153495,-0.0152780718356683,-0.003172644951633,0,,
2026-09-24,140.36000061035156,140.8800048828125,140.05999755859375,140.33999633789062,67752.0,-0.005315756038464,0.0073935740244606,0.0205511182560627,0.0289063679881149,0.1618197727804138,0.193256320375186,138.86260757446288,137.78320495605467,130.3262911605835,1,1,0.6668632069072657,0.4076971455259173,1,57.59704927168382,13.211538276737569,0.108502194193792,1.1287757185874905,-0.0062314465033689,3.54084429763448,0.1829296875279695,0.0163378611230458,-0.0247340542728058,-0.0103232356193184,0,,
2026-09-25,141.22000122070312,141.74000549316406,140.66000366210938,141.16000366210938,76888.0,0.0058430051704181,0.019426608057284,0.0237677188315115,0.0372688851805644,0.183087096162813,0.2015380519134733,138.9995445251465,137.8934161376953,130.42130706787108,1,1,0.7535801241820366,0.4768737412571412,1,60.67955121254813,13.810607840450569,0.1096689175328094,1.4298673016732248,-0.0004248517070891,4.565198907903389,0.1830038350035346,0.0142545790983665,-0.0060123802278247,-0.0155558218967427,0,,
2026-09-28,140.9499969482422,141.05999755859375,140.02000427246094,140.14999389648438,81436.0,-0.0071550704124564,-0.002136013230875,0.0124888993930052,0.0197608807305877,0.1868597965356253,0.1921405351754903,139.04161224365234,138.00875244140624,130.51008960723877,1,1,0.7323623416075122,0.5279714613272155,1,55.342979600661074,13.764654765535951,0.1128054014173122,0.7926760596456054,-0.0075768822756665,2.420580886533567,0.1830566431707764,0.0172232495648116,-0.0077970228372704,-0.021978827601637,0,,
2026-09-29,140.39999389648438,141.0,140.2100067138672,140.3800048828125,47678.0,0.0016411772839464,-0.0059481399987941,0.0076905880359454,0.0211381319718075,0.1796888654260453,0.1974113890655371,139.16696853637694,138.11911712646486,130.6014027786255,1,1,0.7257411679401571,0.5675254026498038,1,56.28584513087456,13.721984053115236,0.1109119905074639,0.8435488697834133,-0.0059481399987941,2.5892853120043897,0.1836953711599546,0.0119685426694986,-0.0059701219085381,-0.0293506154087933,0,,
2026-09-30,140.38999938964844,140.6999969482422,139.58700561523438,140.2899932861328,73393.0,-0.0006411995551277,-0.0056701614042282,0.0175314701110724,0.0290664519151073,0.1736483658711516,0.1909837504832598,139.2633964538574,138.20375213623046,130.693251953125,1,1,0.7051026718224591,0.5950408564843349,1,55.78942830225122,13.09554240655151,0.1040081772968573,1.1507864099466638,-0.0065855256092007,3.5604535498334084,0.1839555123558115,0.0138797372736159,0.002490939871105,-0.0042046456651958,1,,
2026-10-01,139.99000549316406,140.97000122070312,139.17999267578125,139.36000061035156,69188.0,-0.0066290734926792,-0.0069830109242668,0.0072170809321705,0.0154123572136704,0.1427253566411963,0.185122452810198,139.26097869873047,138.26579895019532,130.78212753295898,1,1,0.6067101019035874,0.5973747055681854,1,50.8039113225018,12.170733025066276,0.1066235007386105,0.6372707488527222,-0.0131709431686287,1.8879147036240735,0.18241076766935,0.0062608162472073,-0.0125714044713709,-0.024875479750875,0,,
2026-10-02,140.24000549316406,141.4600067138672,140.1199951171875,140.67999267578125,149326.0,0.0094718144349064,-0.0034004744536356,0.0091216696186384,0.0222822755694644,0.1546762828697667,0.1919497016991895,139.32705383300782,138.3827618408203,130.8767155456543,1,1,0.6280063432047882,0.603501033095506,1,56.71625407880818,11.714782757594858,0.1084340626213172,0.8843388789588927,-0.0038238814633483,2.729435549319024,0.1827867444496661,0.0112389411157269,-0.0045764058808701,-0.021029934713729,0,0.650777,0.442
