Date,open,high,low,close,volume,ret_1d,ret_5d,ret_21d,ret_63d,ret_126d,sma20,sma50,sma200,trend_sma,above_sma200,macd,macd_signal,macd_bullish,rsi,adx,vol_21,sharpe_63,drawdown,rs_ratio,rs_mom_21,rs_positive,score,score_pct
2024-05-23 04:00:00,58.1749348157846,58.1749348157846,57.292783190122,57.38663101196289,10630100,,,,,,,,,0,0,0.0,0.0,0,,0.0,,,0.0,0.1117637183046556,,0,,
2024-05-24 04:00:00,57.68693395999434,57.91216156114737,57.64000826148664,57.84646987915039,2092200,0.0080129963909476,,,,,,,,0,0,0.0366823027955902,0.007336460559118,1,99.99999997825326,0.0,,,0.0,0.1119187689103326,,0,,
2024-05-28 04:00:00,58.05292892500948,58.10923403283928,57.65877527056083,57.82769775390625,3560600,-0.0003245163496295,,,,,,,,0,0,0.0635064753048979,0.018570463508274,1,99.6869578935784,7.142857142857142,,,-0.0003245163496295,0.1118043155130672,,0,,
2024-05-29 04:00:00,57.17078046330257,57.3772420829434,56.84232205017234,56.86109161376953,3623800,-0.016715279661491,,,,,,,,0,0,0.0066906622422493,0.016194503255069,0,84.9419278834429,11.159842533351483,,,-0.0170343716295818,0.1107107350106021,,0,,
2024-05-30 04:00:00,57.0393957130696,57.35847112661783,57.03001272146295,57.21770477294922,2607500,0.0062716551697949,,,,,,,,0,0,-0.0094516248921223,0.0110652776256308,0,85.77773957733012,14.889900395953372,,,-0.0108695501646816,0.1121490381127094,,0,,
2024-05-31 04:00:00,57.36786131958568,57.499244689941406,57.011246757242745,57.499244689941406,3007300,0.0049205035069022,0.0019623678196938,,,,,,,0,0,0.0004680195904853,0.0089458260186017,0,86.41866687495887,16.714859355987954,,,-0.0060025303174833,0.1116836711225489,,0,,
2024-06-03 04:00:00,57.78077948411632,57.88401029524748,57.480473622604734,57.74324035644531,2667500,0.0042434586370589,-0.0017845431695441,,,,,,,0,0,0.0276985290391067,0.0126963666227027,1,86.96683872514427,15.566014639081178,,,-0.0017845431695441,0.1120661910144275,,0,,
2024-06-04 04:00:00,57.46170312444212,57.56493393389474,57.10508857722256,57.36785888671875,1771600,-0.0065008729577584,-0.0079518792040521,,,,,,,0,0,0.0187723604632381,0.0139115653908098,1,81.51565580447394,16.098540242129513,,,-0.0082738150388697,0.1112133551394327,,0,,
2024-06-05 04:00:00,57.61185321236465,57.88400650024414,57.43354773750982,57.88400650024414,2453800,0.0089971566577828,0.0179897159453565,,,,,,,0,0,0.0527391621113793,0.0216770847349237,1,83.08558422106881,15.037193932622507,,,0.0,0.1108959292232632,,0,,
2024-06-06 04:00:00,57.88401279795996,58.08108785686128,57.88401279795996,58.07170486450195,1847400,0.0032426636580005,0.0149254517450774,,,,,,,0,0,0.0937234014390355,0.036086348075746,1,83.63007889687717,14.636498110468724,,,0.0,0.1112576089724835,,0,,
2024-06-07 04:00:00,57.81831631973154,57.81831631973154,57.38662710841284,57.41477966308594,2295100,-0.0113123112701584,-0.0014689762850093,,,,,,,0,0,0.0723611979339153,0.0433413180473799,1,74.58098919678073,14.657694103163236,,,-0.0113123112701584,0.1101329122445515,,0,,
2024-06-10 04:00:00,57.2833974845252,57.63062545906826,57.17078010365055,57.56493377685547,2255500,0.0026152519377526,-0.0030879212612449,,,,,,,0,0,0.0667779057114188,0.0480286355801877,1,75.24045316854017,15.249971416466186,,,-0.0087266438763753,0.1100808363793528,,0,,
2024-06-11 04:00:00,57.06755191179532,57.21770483716723,56.78601204428587,57.04878234863281,2731300,-0.008966420950356,-0.0055619391115153,,,,,,,0,0,0.0204680567818869,0.0425165198205275,0,68.6474758333768,16.64305503964411,,,-0.017614818064252,0.108831701883465,,0,,
2024-06-12 04:00:00,57.90277489447815,58.052927812359776,57.593082487637815,57.649391174316406,1864100,0.0105279867677663,-0.0040531977676206,,,,,,,0,0,0.0318639725550795,0.0403860103674379,0,71.7495669451584,15.50994483359086,,,-0.0072722798679826,0.1090815595539023,,0,,
2024-06-13 04:00:00,57.41477988048136,57.41477988048136,56.84232073377338,57.04878234863281,1701000,-0.0104183030115185,-0.017614818064252,,,,,,,0,0,-0.0074825407546939,0.0308123001430115,0,64.84059092106828,15.810225274144296,,,-0.017614818064252,0.1077282130057976,,0,,
2024-06-14 04:00:00,56.57955288815045,56.72970581054688,56.38247784874166,56.72970581054688,2087500,-0.0055930473000459,-0.0119320122198346,,,,,,,0,0,-0.0636777090269902,0.0119142983090112,0,61.45496314480598,16.767295208484285,,,-0.0231093448536828,0.1070605692046291,,0,,
2024-06-17 04:00:00,56.542009825392384,56.964316008953496,56.466931579458056,56.92677688598633,2108900,0.0034738603457169,-0.0110858616348433,,,,,,,0,0,-0.0912588210682159,-0.0087203255664342,0,62.74870122835826,17.092864759485114,,,-0.0197157631446687,0.1065841796446463,,0,,
2024-06-18 04:00:00,56.93616096276467,57.264622925100745,56.92677797180781,57.189544677734375,2862900,0.004615890906213,0.0024674028665738,,,,,,,0,0,-0.090866434624111,-0.0251495473779695,0,64.46151721702415,16.722818801580477,,,-0.015190878050264,0.1068048132487217,,0,,
2024-06-20 04:00:00,57.22708272266394,57.29277439790727,56.983085583178415,57.15200805664063,2244300,-0.0006563546065152,-0.0086277254198889,,,,,,,0,0,-0.0925178687551593,-0.0386232116534075,0,64.0087485610608,16.31708052921133,,,-0.015837262053994,0.107025449416627,,0,,
2024-06-21 04:00:00,56.84362085407232,56.9098387955332,56.73010489851183,56.815242767333984,2618200,-0.0058924489402524,-0.0040936821380627,,,,57.36227989196777,,,0,0,-0.1196218602412102,-0.054822941370968,0,59.94097768852914,16.384794025698888,,,-0.0216363907362399,0.1065376187196362,,0,,
2024-06-24 04:00:00,57.1747160425529,57.49634762131417,57.08957816556882,57.231475830078125,3018700,0.0073260808626423,0.0088449254647458,,,,57.354522132873534,,,0,0,-0.1062901920385428,-0.065116391504483,0,63.0652325269946,15.226588470827862,,,-0.0144688198217071,0.1076681231311694,,0,,
2024-06-25 04:00:00,57.20309774061927,57.28823561760336,57.06120007610996,57.231475830078125,6306900,0.0,0.0053524713809469,-0.0027036816615427,,,57.32377243041992,,,0,0,-0.0946338686086605,-0.0710198869253185,0,63.06523252699459,14.18184334979448,0.1202088270781389,,-0.0144688198217071,0.1072550876880334,-0.0403407356610326,0,,
2024-06-26 04:00:00,56.81523882141009,56.99497270594862,56.749020884548166,56.89091491699219,2791100,-0.0059505876468584,-0.0052217544732167,-0.0165188120235253,,,57.27693328857422,,,0,0,-0.1115902251578191,-0.0791339545718186,0,58.71956470230115,13.804379404623422,0.1180448441940316,,-0.0203333094880697,0.1064839730953681,-0.0485601822453816,0,,
2024-06-27 04:00:00,57.04227405728573,57.17470993876532,56.90983817580613,56.99497604370117,2272800,0.0018291343505516,-0.0027476202198151,-0.0144000495013452,,,57.2836275100708,,,0,0,-0.1153022639114738,-0.0863676164397496,0,59.634839727467735,13.071106821448524,0.1183817083634333,,-0.0185413674923631,0.1065108297517222,-0.0473459878275119,0,,
2024-06-28 04:00:00,57.1274123436163,57.259848226065934,56.87199873806037,57.042274475097656,3789700,0.0008298701864568,0.0039959647570881,0.0031864119415576,,,57.27485599517822,,,0,0,-0.1131234762263204,-0.0917187883970638,0,60.06821977570442,12.209107169836289,0.1030111485436915,,-0.0177268842340043,0.1070203440203977,-0.0333336328211621,0,,
2024-07-01 04:00:00,57.34498748894415,57.477423374614,57.01389777476953,57.10849380493164,2866100,0.0011608816521313,-0.0021488529408471,-0.001908691871702,,,57.25531845092773,,,0,0,-0.1048448387514611,-0.0943439984679433,0,60.7043260806064,11.720893779229412,0.1006930927388255,,-0.0165865813965296,0.1069245309809146,-0.0465853940409556,0,,
2024-07-02 04:00:00,57.00443731618351,57.32606887817383,56.93821937182732,57.32606887817383,3783600,0.0038098548700193,0.0016528151113306,-0.0030117928105214,,,57.23445987701416,,,0,0,-0.0798074976934231,-0.0914366983130392,1,62.80109341955511,11.09365304938623,0.1000708516544516,,-0.0128399189944209,0.1066144228017643,-0.0453893417885793,0,,
2024-07-03 04:00:00,57.666620142017145,58.04501148708791,57.64770021390288,58.007171630859375,1680100,0.0118812045900615,0.0196210012705171,0.0045707735275131,,,57.26642551422119,,,0,0,-0.0049488770184069,-0.0741391340541128,1,68.47241625852429,11.836668424342642,0.1074938973384187,,-0.0011112681088518,0.1074018235458046,-0.0416215401487365,0,,
2024-07-05 04:00:00,58.34772831804748,58.37610640844351,57.91258075847283,58.30043029785156,2253000,0.0050555587998395,0.0229047250261045,0.0162559912332498,,,57.28724670410156,,,0,0,0.0771512907009253,-0.0438810491031051,1,70.55404261875927,13.01225228021682,0.1058052206857904,,0.0,0.1073259201747427,-0.0349547494526727,0,,
2024-07-08 04:00:00,58.31934168829984,58.39501778781099,58.092306172552206,58.13014602661133,3249200,-0.0029208064223585,0.0190713214282609,0.0042522890388754,,,57.29016876220703,,,0,0,0.1270116364709608,-0.0097025119882919,1,67.75653274975596,14.131006566101291,0.1021475415455113,,-0.0029208064223585,0.1068890982928573,-0.036131451879889,0,,
2024-07-09 04:00:00,58.07339436387651,58.14907408257438,57.88419867573944,58.02609634399414,2586500,-0.0017899435960396,0.0160677068843173,-0.0007853828403046,,,57.32073459625244,,,0,0,0.1563283242988618,0.0235036552691387,1,66.03361051328781,14.626771311347408,0.1017592047871866,,-0.0047055219396473,0.1065941122058555,-0.0419162051898971,0,,
2024-07-10 04:00:00,58.395025671457454,58.73557718675168,58.32880772221776,58.70719909667969,2257400,0.0117378696069401,0.0240925332145303,0.0225102219529145,,,57.377847862243655,,,0,0,0.2318487030187341,0.0651726648190578,1,71.19673686366076,15.944422557555152,0.1008469533084506,,0.0,0.1067885822910758,-0.0303663081754305,0,,
2024-07-11 04:00:00,59.104503151558994,59.25585897029944,58.91530747598159,58.98152542114258,2458800,0.0046727884941526,0.0167971263360968,0.0246085863622875,,,57.47448501586914,,,0,0,0.3102585218815576,0.1141898362315578,1,72.97835522869254,17.77432823818074,0.1014914932124375,,0.0,0.1082207402683139,-0.0168975470410557,0,,
2024-07-12 04:00:00,59.30315586000064,59.69100536369001,59.30315586000064,59.49235153198242,2179400,0.0086607816124189,0.0204444671856012,0.0428329770198534,,,57.56663303375244,,,0,0,0.4089046677598063,0.1731328025372075,1,75.96025555272557,19.901512880071543,0.0975860600412523,,0.0,0.1084738009650571,-0.0032885722837551,0,,
2024-07-15 04:00:00,59.32207405527488,59.3315358233316,58.94368633097122,59.00044250488281,2028700,-0.0082684414791566,0.0149715171517559,0.0234356565272508,,,57.66421604156494,,,0,0,0.4422910457845717,0.2269644511866803,1,68.16002449777953,20.995714378248906,0.0986477696214445,,-0.0082684414791566,0.1072818417886151,-0.0164988268653966,0,,
2024-07-16 04:00:00,58.924765922806905,59.35991342607978,58.877467908730665,59.33153533935547,2049900,0.0056117008689426,0.0224974464527536,0.0400140528289008,,,57.79430751800537,,,0,0,0.4898200746703409,0.2795355758834125,1,70.3658123921904,21.854199676928506,0.0902945375707861,,-0.0027031406304472,0.1072479104821273,-0.004458465524202,0,,
2024-07-17 04:00:00,58.96260979841412,59.15180186762088,58.83017029791903,58.877471923828125,2800600,-0.0076529861047798,0.0029003738854587,0.0378596377787303,,,57.89184226989746,,,0,0,0.4852543396564925,0.3206793286380285,1,63.83453490297845,22.53362310662197,0.0926943062899691,,-0.010335439637543,0.107940585756923,0.0082198007990397,1,,
2024-07-18 04:00:00,58.91530638138936,59.00990602172418,58.20582531761114,58.30988311767578,2073900,-0.009640169450323,-0.011387333553534,0.0242962329390183,,,57.94785919189453,,,0,0,0.4308694933325654,0.3427173615769359,1,56.74429938697856,21.759069481498763,0.1004918590523264,,-0.0198759736984166,0.1077279010726905,0.0107306865977423,1,,
2024-07-19 04:00:00,58.05446728539345,58.149066922116816,57.86527162055387,57.92203140258789,1618700,-0.006651560496274,-0.0263953279532133,0.0128080530974867,,,57.98636035919189,,,0,0,0.3524103516377721,0.3446559595891031,1,52.45662418845182,20.394680453700023,0.1031582473484329,,-0.0263953279532133,0.1077267129610394,0.0086316307690259,1,,
2024-07-22 04:00:00,58.30988456683738,58.46124038652739,58.186906835649445,58.4517822265625,2092600,0.0091459296427738,-0.0092992570059945,0.0227424059821961,,,58.06818733215332,,,0,0,0.3291827667336946,0.3415613210180215,0,57.21226993643348,19.64178539099441,0.1071345023940376,,-0.0174908081227974,0.1076025870265307,0.0053925268527206,1,,
2024-07-23 04:00:00,58.1774482071916,58.21528806396124,58.04501231710526,58.10176849365234,1908100,-0.0059880763182461,-0.0207270356087921,0.0226440240973158,,,58.11170196533203,,,0,0,0.2793118224686282,0.3291114213081428,0,53.41083979327502,18.668621707898,0.107213549232087,,-0.0233741481471365,0.1071263084984031,0.0055256517448174,1,,
2024-07-24 04:00:00,57.912576453354255,58.00717248671399,57.36390935576719,57.37337112426758,1938400,-0.0125365782878766,-0.0255462870672581,0.0024793226477461,,,58.1187967300415,,,0,0,0.1789503315696379,0.2990792033604418,0,46.48824440952555,18.063405689340133,0.1144854106343398,,-0.0356176945968542,0.1082362125116209,0.0052763005793221,1,,
2024-07-25 04:00:00,57.05174047240603,57.57202588143101,56.83416670530858,57.089576721191406,1933200,-0.0049464481085047,-0.0209279513392551,-0.0024793893015797,,,58.128729820251465,,,0,0,0.0756413440778089,0.2543916315039153,0,44.090490472377,18.229785722292405,0.11583740081237,,-0.040387961627291,0.1082649305105025,0.0094153372510059,1,,
2024-07-26 04:00:00,57.54364947845768,57.88419737914709,57.52472954920701,57.80852127075195,1808400,0.0125932716767485,-0.0019597056437296,0.0161292247645976,,,58.16940708160401,,,0,0,0.0511909465026931,0.2137514945036709,0,50.98727376242494,17.80625669439744,0.121685875600934,,-0.0283033065237849,0.1084141205947436,0.0181261784592396,1,,
2024-07-29 04:00:00,57.723382441528415,57.7801422283444,57.40175086678608,57.56256484985352,1871100,-0.0042546741465063,-0.0152128359963827,0.0099585760983065,,,58.1954216003418,,,0,0,0.011830824268145,0.1733673604565657,0,48.770772492538434,17.586661393574765,0.1228508091046751,,-0.0324375593237639,0.1078894386290164,0.0129433681110899,1,,
2024-07-30 04:00:00,57.7139164991096,57.79905436887301,57.430124802767295,57.5909423828125,1711900,0.0004929859020874,-0.0087919201787401,0.0096186190463771,,,58.21954402923584,,,0,0,-0.0168779677225145,0.1353182948207496,0,49.045996088388485,17.345293313067796,0.1228449706582745,,-0.0319605646811211,0.1084923238320578,0.0137542055684247,1,,
2024-07-31 04:00:00,58.4801588559414,58.78287048776853,58.37610105588695,58.53691864013672,2384900,0.0164257818709794,0.0202802710224043,0.0250124760790264,,,58.280086517333984,,,0,0,0.036284223954226,0.1155114806474449,0,57.2844249805861,16.754563138618032,0.1347119343358759,,-0.0160597600740671,0.108510575287637,0.0148333061849523,1,,
2024-08-01 04:00:00,57.978795811516186,58.15852972272319,56.95714130501544,57.21255493164063,2054700,-0.0226244178761404,0.0021541272069649,-0.0019801453118026,,,58.24035568237305,,,0,0,-0.0281252291016187,0.0867841386976322,0,46.0571395941017,16.783310261962626,0.1574851334547069,,-0.0383208352273013,0.1075790037370362,0.0090473775491468,1,,
2024-08-02 04:00:00,56.44630930936048,56.503069091155375,55.86926776651121,56.23819732666016,5079300,-0.0170304858111066,-0.0271642295906,-0.0304957862013415,,,58.137244033813474,,,0,0,-0.1559944929574754,0.0382284123666106,0,39.86641876666746,17.790321871058477,0.1616826839746492,,-0.0546986985977997,0.107753081974433,0.0032705071201941,1,,
2024-08-05 04:00:00,54.11922124726727,55.24493364792928,53.83542950903426,54.89492034912109,4366000,-0.0238854913811806,-0.0463433918848253,-0.0584131185881825,,,57.97548274993896,57.6203736114502,,1,0,-0.3615552478281998,-0.0417283196723514,0,33.23416793215833,19.96026720179018,0.1773880797627672,,-0.0772776846850609,0.1083344470136213,0.0093968617947703,1,,
2024-08-06 04:00:00,54.61111813111535,55.4151987785163,54.47868225259466,55.065185546875,3322900,0.0031016567046833,-0.0438568415697828,-0.0527258348591318,,,57.827437210083005,57.57394470214844,,1,0,-0.5049044246402445,-0.13436354066593,0,34.716689055356284,21.741820783821463,0.178560329227616,,-0.0744157168292032,0.1076777128099811,0.007377876038987,1,,
2024-08-07 04:00:00,56.18143837085074,56.27603800856638,55.33952144252116,55.37736129760742,2774900,0.0056692036471333,-0.053975463962377,-0.0456473072164688,,,57.66094532012939,57.52456253051758,,1,0,-0.5865582277862273,-0.2248024780899895,0,37.4587139460101,22.28657999779834,0.1807978150405169,,-0.069168391035322,0.1090168146493749,0.0227282951504923,1,,
2024-08-08 04:00:00,55.99224277921254,56.45577198312359,55.74629093803602,56.40847396850586,3568100,0.0186197508645646,-0.0140542746971449,-0.039155762215606,,,57.53229274749756,57.49617805480957,,1,0,-0.5615935786946267,-0.2921606982109169,0,45.58805124083503,22.57493455321815,0.1888556329108158,,-0.0518365383795378,0.1085375961730543,0.0163782854351528,1,,
2024-08-09 04:00:00,56.29495247198663,56.644965707087046,56.19089828683992,56.5976676940918,6635900,0.0033539947507101,0.0063919254976052,-0.0404170239753796,,,57.38755855560303,57.490909576416016,,0,0,-0.5205420768958362,-0.3378369739479008,0,46.950606265955,22.608200713212604,0.188337786440722,,-0.0486564031064477,0.1084235097815408,0.001873665923225,1,,
2024-08-12 04:00:00,56.607122459220776,56.805776267054256,56.47468658733178,56.644962310791016,2399100,0.0008356283682013,0.0318798524624865,-0.0478614334089766,,,57.26978454589844,57.47945472717285,,0,0,-0.4786743259846417,-0.366004444355249,0,47.3058381461333,22.4348820963457,0.1847276256436059,,-0.0478614334089766,0.1084571472228097,-0.0001535277836601,0,,
2024-08-13 04:00:00,56.93821929902406,57.49634454974636,56.93821929902406,57.47742462158203,2132600,0.0146961402538072,0.0438069726043794,-0.0258136688241742,,,57.17707901000976,57.47901832580566,,0,0,-0.374009729099555,-0.3676055013041102,0,53.24102074733644,21.44100241805408,0.1923026231609769,,-0.0338686714932958,0.1082704818657228,0.0092153533219134,1,,
2024-08-14 04:00:00,57.51526544850315,57.572025233954,57.33553154081985,57.49634552001953,2306500,0.000329188347635,0.0382644490954404,-0.0309311028079637,,,57.108022689819336,57.47408042907715,,0,0,-0.2862359734982789,-0.351331595742944,1,53.36957983161585,20.43035229381592,0.1908187138235297,,-0.0335506323176661,0.1079654972793734,0.0066909163453181,1,,
2024-08-15 04:00:00,57.95987395594586,58.33826169463597,57.9504121875294,58.20582580566406,2370300,0.0123395718323957,0.0318631530106932,-0.0114075230511424,,,57.10281982421875,57.49083976745605,,0,0,-0.1576086952008708,-0.3125870156345294,1,58.02937132201192,19.292303876802567,0.1951179370599017,,-0.0216250609227766,0.1074559122742513,-0.0044901876275074,0,,
2024-08-16 04:00:00,58.28150543755894,58.60313699973251,58.28150543755894,58.5842170715332,5284700,0.0065009174018508,0.0350994918762135,0.004704759110969,,,57.135929107666016,57.50484397888184,,0,0,-0.0248511688278583,-0.2550398462731952,1,60.307563559472925,18.50362725192465,0.1935692439911469,,-0.0152647262557946,0.1079125487863765,0.0017140194123097,1,,
2024-08-19 04:00:00,58.905847442296256,59.29369694101922,58.905847442296256,59.24639892578125,2556600,0.0113030759366383,0.0459252951871882,0.0228646594589945,,,57.17565994262695,57.52833786010742,,0,0,0.1322679660634094,-0.1775782838058743,1,63.9911818166915,18.422532097939563,0.1954345126674991,,-0.0041341886791775,0.1080987205571684,0.0034532530131454,1,,
2024-08-20 04:00:00,59.170720330094525,59.1991020266582,58.8585505367526,58.96260833740234,2252200,-0.0047900056969609,0.0258394269680384,0.008739273489726,,,57.218701934814455,57.55929443359375,,0,0,0.2312211106680664,-0.0958184049110861,1,61.362864015910695,18.28622815996028,0.1942085615917245,,-0.0089043915888129,0.1077561268208127,0.0014269154536605,1,,
2024-08-21 04:00:00,59.29369728578003,59.520729203685256,59.17071955856046,59.44505310058594,2230500,0.0081822154207102,0.0338927207101864,0.0231195132568187,,,57.32228603363037,57.59689682006836,,0,0,0.3445991268867274,-0.0077348985515234,1,64.06501438130744,18.46134850969225,0.1944600522534674,,-0.0007950338182725,0.108265761794987,0.0106365402911356,1,,
2024-08-22 04:00:00,59.50181212125413,59.520728440330906,58.90584702933344,58.97206497192383,2311400,-0.0079567281715061,0.0131643036698434,0.0278647361367971,,,57.41641044616699,57.63536247253418,,0,0,0.3917697546646366,0.0721660320917085,1,59.65973710728529,18.253623294912565,0.1910119779369866,,-0.0087454361217995,0.1082539479931977,0.0001638590372414,1,,
2024-08-23 04:00:00,59.43559651374102,60.059939717413,59.37883672845907,60.012638092041016,2022000,0.0176451871002414,0.0243823523110953,0.0512013144733052,0.045759910170205,,57.52661628723145,57.68262741088867,,0,0,0.5072708685778693,0.1591869993889407,1,65.31106306491571,18.57973786343121,0.1975072872356105,1.281661108465378,0.0,0.109005900083225,0.0068440405330569,1,,
2024-08-26 04:00:00,59.88966126904018,59.95587921124555,59.662625746759474,59.72884368896485,2123000,-0.0047289106444697,0.0081430225622314,0.033218673925577,0.0325408588241773,,57.63493022918701,57.73622863769531,,0,0,0.5693434599331297,0.2412182914977785,1,62.729975962245234,18.882558534198523,0.1954075362441767,0.9397967768832785,-0.0047289106444697,0.1087496561974746,0.0030949437295646,1,,
2024-08-27 04:00:00,59.79506827411732,60.01264205247884,59.728850324555445,59.93696594238281,1605300,0.0034844514067902,0.0165250085173453,0.0412490495988615,0.0364750503721045,,57.752231407165525,57.80037384033203,,0,0,0.6280899325219238,0.3185926197026076,1,63.85802295067986,19.22105927398647,0.194307025186764,1.0421517951992112,-0.0012609368970273,0.1089789502386033,0.0100984083653752,1,,
2024-08-28 04:00:00,59.85182190108189,59.90858168426589,59.42613254871998,59.624786376953125,1497700,-0.0052084646014578,0.0030235194855166,0.0353153449134668,0.0486043212458189,,57.806624794006346,57.85433403015136,,0,0,0.6420554379344594,0.383285183348978,1,60.88140680975293,19.037884884026617,0.1958611058793745,1.388446521657826,-0.0064628339532923,0.1090443670768094,0.0050883161614836,1,,
2024-08-29 04:00:00,59.82343992621382,60.10723160647737,59.728840293721305,59.77613830566406,2285500,0.0025384062217694,0.0136348173346658,0.0211698820900636,0.0447140189014432,,57.93480396270752,57.90606590270996,,1,0,0.6577538602723934,0.4381789187336611,1,61.81083470117802,19.095747485879453,0.1884987827349842,1.288287071136034,-0.0039408330294401,0.1093113923801974,0.0073800833737875,1,,
2024-08-30 04:00:00,59.97480427499947,60.09777840185099,59.64371092701091,59.9464225769043,3631300,0.0028486997666106,-0.0011033595129607,0.0477844006185386,0.0425601744885353,,58.12021522521973,57.96195419311523,,1,0,0.6761413539948151,0.4857714057858919,1,62.8794422194173,19.000824263701155,0.1676641695508405,1.232236568771546,-0.0011033595129607,0.1085862009397457,0.0093623957066142,1,,
2024-09-03 04:00:00,59.60586434697199,59.6153261148059,58.80178729423097,58.93422317504883,4579400,-0.0168850676711681,-0.0133037987149721,0.0479394073165035,0.0206254933261738,,58.32218036651612,58.00433380126953,,1,0,0.6020969440396371,0.509036513436641,1,53.32724218230595,17.68750181367906,0.1674537819816871,0.6260208064039148,-0.0179697968840868,0.108995750526422,0.0115325569275492,1,,
2024-09-04 04:00:00,58.63151487496666,59.09504409264933,58.62205671520499,58.81124877929688,3963600,-0.0020866381047678,-0.0187816841474438,0.0713422736615465,0.0251602538527422,,58.50948352813721,58.03592926025391,,1,0,0.5274135149943788,0.5127119137481886,1,52.28796880138489,16.713893793989595,0.1391638028116108,0.7485217537668466,-0.0200189385259412,0.1089913955069321,0.006064077598773,1,,
2024-09-05 04:00:00,58.89638387416706,59.09504130586702,58.70719181899703,58.90584564208984,2078600,0.0016084824715754,-0.0120577494453075,0.0697475193640349,0.0176532207016697,,58.68590774536133,58.06941665649414,,1,0,0.4704366349681024,0.5042568579921713,0,53.046022182741936,15.809829204277948,0.1392898566429392,0.5513334577706731,-0.0184426561660845,0.1094328760332396,0.0163001532764339,1,,
2024-09-06 04:00:00,58.83963240620307,58.89638858384977,57.75175995894734,57.81797790527344,3991900,-0.0184679079802411,-0.0327582285489506,0.044072461209369,-0.0043692011422866,,58.75638294219971,58.08795791625977,,1,0,0.3336540561135237,0.4701362976164418,0,44.32437438747584,16.17633124932367,0.1578695504307977,-0.0419477858456727,-0.0365699668693391,0.1092505719484444,0.0021442316015314,1,,
2024-09-09 04:00:00,58.253126455372886,58.58421617226019,58.224744759205926,58.4139404296875,6217000,0.0103075642906513,-0.0255641968501256,0.0355525742870006,0.0174025011062433,,58.84719657897949,58.11633720397949,,1,0,0.2702270625925322,0.4301544506116599,0,49.24739441942085,16.516654576866127,0.149305653834144,0.5333772672938918,-0.0266393498633005,0.1091545753716007,0.0056844745074569,1,,
2024-09-10 04:00:00,58.25312798632956,58.25312798632956,57.73283897667964,58.17744827270508,1730300,-0.0040485568212451,-0.0128410092060762,0.0279124678273305,0.0106404099798664,,58.9238208770752,58.13904067993164,,1,0,0.1985885672530685,0.3838412739399417,0,47.45421492191009,17.36962852256991,0.1504743795491161,0.3555960530818698,-0.030580055762943,0.1082411814511105,-0.0016816309562165,0,,
2024-09-11 04:00:00,58.13960392388664,58.584213185560486,57.590940476929646,58.5085334777832,2475000,0.0056909543974181,-0.0051472347177951,0.0328991509742282,0.0255877701338067,,58.97537631988526,58.16704147338867,,1,0,0.1666097788052667,0.3403949749130067,0,50.188703226801536,17.570048897078532,0.1512016105791246,0.7491421946125015,-0.0250631310683422,0.1077517574504772,-0.0065038569646631,0,,
2024-09-12 04:00:00,58.50853713997985,59.03828430175781,58.40448294818369,59.03828430175781,2179900,0.0090542488844942,0.0022483109821165,0.0271560476213421,0.0240920693028963,,59.05247325897217,58.20128578186035,,1,0,0.1819158105230016,0.3086991420350057,0,54.28778862603411,17.009765900857154,0.1462187820943077,0.7115416323207087,-0.0162358100103655,0.1078191769864659,-0.004168309510404,0,,
2024-09-13 04:00:00,59.12342078365023,59.397754322152096,59.076122768744746,59.199100494384766,2975100,0.002723930658367,0.0238874246237752,0.0296150122058167,0.0376926212484443,,59.1021369934082,58.22512435913086,,1,0,0.2046632432120034,0.2878919622704053,0,55.485369118355344,15.948593677371054,0.1462502210940214,1.0749493945326427,-0.0135561045726491,0.1075511573703938,-0.0038377066694509,0,,
2024-09-16 04:00:00,59.39775653419765,59.5964103693631,59.2747788039778,59.586952209472656,2984700,0.0065516487894048,0.0200810246861724,0.0237283190246258,0.0503659653809551,,59.15227375030518,58.25085479736328,,1,0,0.2510926991638271,0.2805321096490897,0,58.32137109506821,14.943476050945508,0.1421269910947196,1.404558878165425,-0.0070932706193567,0.1080961473709688,0.0059581188523483,1,,
2024-09-17 04:00:00,59.58695033852397,59.70046629668179,59.23693708724257,59.39775466918945,1938900,-0.0031751504862691,0.0209755916203857,0.0138866342903054,0.0434062477865562,,59.15984153747559,58.27620697021485,,1,0,0.2695149170047486,0.2783286711202214,0,56.43264655185324,14.162739795508454,0.1414927922788869,1.2234915667095174,-0.0102458989039695,0.1077089193047068,-0.0018869861194061,0,,
2024-09-18 04:00:00,59.43559417751936,59.95587955869404,59.13287894318843,59.199100494384766,3193600,-0.0033444727988637,0.0118028426889862,-0.0007983342828268,0.0351385175030563,,59.17166614532471,58.299667053222656,,1,0,0.2650298268158693,0.275668902259351,0,54.43913388595799,13.810865678011798,0.1366715830794681,1.007978163031853,-0.0135561045726491,0.1076680040273455,-0.0039844738920395,0,,
2024-09-19 04:00:00,60.23966779536593,60.45724153831512,59.89911633384302,60.35318374633789,1853500,0.0194949457392954,0.022271979278045,0.023584021266126,0.0560116048157874,,59.21707267761231,58.33258674621582,,1,0,0.3505592055779303,0.2906469629230669,1,62.68593110624592,14.152967473860922,0.1510843203993749,1.5052832514841916,0.0,0.1079253076629057,0.0015700345500944,1,,
2024-09-20 04:00:00,60.11757624394179,60.12707852268764,59.7375684474304,59.92757415771485,2474200,-0.0070519823844233,0.0123054853409332,0.0081170935504497,0.054779866084992,,59.264848136901854,58.35150772094727,,1,0,0.3796226638565869,0.3084421031097709,1,58.48182914317592,14.17784288942096,0.151371075345986,1.4726699843653517,-0.0070519823844233,0.1073498007226748,-0.0084603022887942,0,,
2024-09-23 04:00:00,60.09857985299143,60.31708879197166,60.06058160730848,60.24108505249024,2507300,0.0052314965052699,0.0109777865583398,0.0215190036362231,0.0525866086582798,,59.27627048492432,58.36648239135742,,1,0,0.4230764115059173,0.3313689647890002,1,60.5791049974277,14.45708500121142,0.1490424124129074,1.4206158113926548,-0.0018573783003527,0.1076424095241055,-0.0056491100826238,0,,
2024-09-24 04:00:00,60.74459556034524,61.08660875504667,60.62109492299096,61.07710647583008,4627700,0.0138779277068363,0.0282729846606766,0.0177374036141602,0.0671943295184234,,59.34368362426758,58.408015670776365,,1,0,0.5189911545573693,0.368893402742674,1,65.57326682662361,15.621164245860308,0.1442535449266794,1.7594873502015362,0.0,0.1088248907876664,-0.0016605458550442,0,,
2024-09-25 04:00:00,60.90610421273857,60.99160298488249,60.58309556309396,60.611595153808594,1708400,-0.0076216990109985,0.0238600696231492,0.0147793161615621,0.0654002531378716,,59.37741508483887,58.43361686706543,,1,0,0.5510887975896139,0.405332481712062,1,60.943480884620165,16.62591642763497,0.1460073979187697,1.7124393394367532,-0.0076216990109985,0.1082341537884391,-0.0047402670229997,0,,
2024-09-26 04:00:00,61.93213317698784,62.19813902204659,61.70412195426692,62.1031379699707,2745800,0.0246082092440753,0.0289952263494135,0.0361408355182713,0.0896247753899015,,59.50133266448975,58.49813018798828,,1,0,0.6889397819088288,0.4620539417514154,1,68.59465124175034,18.65416594325897,0.1677321565806951,2.200970125076652,0.0,0.1104596698122681,0.013587207166364,1,,
2024-09-27 04:00:00,62.141142914717456,62.24563900348967,61.72312956716449,61.827632904052734,2296300,-0.004436250323634,0.0317059179024565,0.0369451474957582,0.083891437937738,,59.60390739440918,58.56848518371582,,1,0,0.7671139121494193,0.5230659358310162,1,66.02188228482635,20.573517282519347,0.1673496867087528,2.0655689586956347,-0.004436250323634,0.110129382604674,0.0099502207858235,1,,
2024-09-30 04:00:00,61.81812960388017,61.83712691567546,61.238613744559245,61.50461959838867,3330000,-0.0052244165026555,0.0209746312636545,0.0289159076132696,0.0769784930499672,,59.6818172454834,58.64013694763184,,1,0,0.7938519680154315,0.5772231422678993,1,63.03664319723418,21.40533821784263,0.1690593214698137,1.9020902199660097,-0.0096374900068888,0.1091167531277253,-0.001780594393996,0,,
2024-10-01 04:00:00,61.62812717251023,61.63762220430046,60.96310529328412,61.34311676025391,2444300,-0.0026258651657279,0.004355319034786,0.0232990414325029,0.070073667367928,,59.80226192474365,58.69796363830567,,1,0,0.7928704239223308,0.6203525985987857,1,61.53840157182896,21.67698399955553,0.1695362051360892,1.7430668400481892,-0.0122380484233226,0.1098140004637109,0.0113071413617877,1,,
2024-10-02 04:00:00,61.47612041039604,61.61862561820229,61.24811642677562,61.56162643432617,8607000,0.0035620895320049,0.0156740847705256,0.0445819613414317,0.0612761267880168,,59.93978080749512,58.76716079711914,,1,0,0.800496818659461,0.6563814426109207,1,62.8257788874183,21.929226511146084,0.1564157583214198,1.5521370645638524,-0.0087195519154985,0.1101586597617025,0.0106693080203945,1,,
2024-10-03 04:00:00,60.81110411938146,61.06760768797143,60.687599850908526,60.91560745239258,2065200,-0.0104938582579972,-0.0191219084316213,0.035781567587398,0.0448569099950089,,60.040268898010254,58.83800552368164,,1,0,0.7458151656222185,0.6742681872131803,1,56.77520552142272,21.16896918702932,0.1618838701483757,1.1572854702931443,-0.0191219084316213,0.1092023234513333,0.0019352715268956,1,,
2024-10-04 04:00:00,61.10561064142357,61.40011608615456,60.98210999482061,61.38111877441406,3716100,0.0076419056049845,-0.0072219185607768,0.0420208402976491,0.0559257626209037,,60.21842594146729,58.923836364746094,,1,0,0.73160890285547,0.6857363303416383,1,59.78100185595252,20.88330854240902,0.1631732964419947,1.4129803909520957,-0.0116261306458582,0.1090458958164067,-0.0035362336334404,0,,
2024-10-07 04:00:00,61.38111477429679,61.45711851253751,61.03910520032898,61.25761413574219,2384900,-0.0020120949428402,-0.0040160473190367,0.0594907735463199,0.0556907666611028,,60.36060962677002,58.9928182220459,,1,0,0.7022889947213145,0.6890468632175736,1,58.6163842700937,20.68962314829476,0.146226722608258,1.407408867524666,-0.0136148327100211,0.1098193139225007,0.0052058489389392,1,,
2024-10-08 04:00:00,60.71610245874928,60.77310526796693,60.48809484593668,60.6781005859375,2599300,-0.0094602696820762,-0.0108409257539926,0.038760613298727,0.0335717172609804,,60.48564224243164,59.05512893676758,,1,0,0.625085262213311,0.676254543016721,0,53.36315162384916,19.56570938375689,0.149430423482779,0.8897280333440811,-0.0229463024029842,0.1077612254483204,-0.0127649245900767,0,,
2024-10-09 04:00:00,60.2315873227347,60.68759889445807,60.184083172799866,60.611595153808594,3898500,-0.0010960368153699,-0.0154321991725002,0.0418400420330147,0.0276369544705212,,60.59079532623291,59.1155419921875,,1,0,0.5521692519906267,0.6514374848115022,0,52.77857229388166,18.2813987102766,0.1483066353049379,0.7491890405766417,-0.0240171892261439,0.1069026464601012,-0.0123662267268757,0,,
2024-10-10 04:00:00,60.46908974178838,60.592590376425775,60.17458070153344,60.55459213256836,1658800,-0.0009404639672587,-0.0059264831284225,0.0349702604588795,0.0178550783963362,,60.66661071777344,59.155895462036135,,1,0,0.484201547107645,0.6179902972707307,0,52.2502296972811,17.103538847404657,0.1480031461952063,0.5162659117543539,-0.0249350658923406,0.1069893462651727,-0.0070756264523563,0,,
2024-10-11 04:00:00,60.507092645780354,60.97260650344819,60.48809171035944,60.90610504150391,2373600,0.0058048926853642,-0.0077387597749057,0.0316374495268063,0.0322991227813824,,60.7519609451294,59.2297664642334,,1,0,0.4534734457371101,0.5850869269640067,0,55.22672330881913,16.355154784995012,0.146382159856684,0.8664492381517664,-0.0192749185885841,0.1069698553769018,-0.0078772778025439,0,,
2024-10-14 04:00:00,60.754101325065925,61.02011079752647,60.62109840086459,60.94410705566406,1962800,0.000623944252128,-0.0051178467281376,0.0294769100663077,0.0271789986064787,,60.81981868743897,59.32388465881348,,1,0,0.4272624335907835,0.553522028289362,0,55.5493216140616,15.73365749044042,0.1463461053279706,0.7445150093946465,-0.0186630008111197,0.1061683063695353,-0.0128576115280287,0,,
2024-10-15 04:00:00,60.72559556994569,60.72559556994569,59.90857712344447,59.97507858276367,1825300,-0.0159002817452935,-0.0115860911331288,0.0065136134489072,0.0186422178648493,,60.84868488311768,59.42548782348633,,1,0,0.324556236109828,0.5077288698534552,0,46.3738047513625,15.224136205437148,0.1567334366520515,0.5317096291872688,-0.0342665355853037,0.1052983516935117,-0.0258824735710101,0,,
2024-10-16 04:00:00,60.25058385224768,60.31708893648215,60.18408239207098,60.27908706665039,2036100,0.0050689134732386,-0.0054858824671158,0.0148378066202912,0.0337713581932679,,60.90268421173096,59.52976585388184,,1,0,0.2646411600332712,0.4591113278894184,0,49.208316335329776,14.75100929793411,0.1569951596495513,0.8963814908670519,-0.0293713162159746,0.1053740916721597,-0.02167719857946,0,,
2024-10-17 04:00:00,60.35508299487373,60.35508299487373,60.12707903981742,60.184078216552734,1576900,-0.0015761494528376,-0.0061186757761406,0.0166383900083313,0.0390533059561128,,60.8942289352417,59.62590019226074,,1,0,0.207104241617543,0.4087099106350434,0,48.34822450430642,14.40187383982871,0.1565331879201346,1.0248612214118815,-0.0309011720848294,0.1051989708048875,-0.0229319122682991,0,,
2024-10-18 04:00:00,60.63059630458895,60.70660004550871,60.48809110239331,60.66859817504883,6638600,0.0080506335372074,-0.0038995576271579,0.0052261439932748,0.0379255492996573,,60.9312801361084,59.7111026763916,,1,0,0.1983164618656729,0.3666312208811693,0,52.87215754055363,13.418190732001268,0.1438471951308064,0.9991958074219284,-0.0230993125599471,0.1056395376086345,-0.0211791849730983,0,,
2024-10-21 04:00:00,60.336089473092336,60.44059280868787,59.92758203476304,60.07008361816406,2167100,-0.0098653104717839,-0.0143413937741626,0.0023780281857257,0.0338770260448573,,60.92273006439209,59.780550994873046,,1,0,0.1414266816035549,0.3215903130256465,0,47.354668905707456,13.399896363849004,0.1459702337949401,0.8988572256778419,-0.0327367411416424,0.1047694347652384,-0.0240369887979809,0,,
2024-10-22 04:00:00,59.72807341716734,59.88957955892931,59.66157195410592,59.83257675170898,3451500,-0.0039538294630119,-0.0023760174129333,-0.0067812241500184,0.0428631886056494,,60.860503578186034,59.8443032836914,,1,0,0.0762967996684125,0.2725316103541997,0,45.332977813009656,13.758497220919184,0.1454107238543235,1.1229347352294126,-0.0365611351130056,0.1044106570883639,-0.0300230406401099,0,,
2024-10-23 04:00:00,59.47156861674834,59.51907277004143,59.03455794929336,59.30056381225586,2733300,-0.0088916935946256,-0.0162332129103511,-0.0290868832215758,0.0387283847253283,,60.7949520111084,59.88076606750488,,1,0,-0.0180401434527439,0.2144172595928109,0,41.10018970509021,14.867825636450927,0.1387068898275337,1.0200615373263169,-0.0451277382967346,0.1044365394971767,-0.0403248857750017,0,,
2024-10-24 04:00:00,59.528567968912895,59.56656983971703,59.15805878871729,59.42406463623047,2564500,0.0020826247852483,-0.0126281502158694,-0.0195924643554527,0.0279464571998298,,60.66099834442139,59.9193204498291,,1,0,-0.0818933506129084,0.155155137551667,0,42.44368939807691,15.798624728057655,0.1372605721178828,0.7685364294558552,-0.0431390976577652,0.104428203160957,-0.0351640447517284,0,,
2024-10-25 04:00:00,59.5760681703748,59.68057150248711,59.18655805690208,59.2625617980957,2600200,-0.0027178019397262,-0.0231756859272773,-0.0457396560741991,0.0295330298897635,,60.532744789123534,59.94045516967773,,1,0,-0.1438709518504239,0.0953499196712488,0,41.12269719490397,16.415912624460187,0.1011497711232747,0.8077799049121774,-0.0457396560741991,0.1041803581449296,-0.0568470979318556,0,,
2024-10-28 04:00:00,59.414566588048906,59.75657618066726,59.38606337262544,59.66157150268555,2249200,0.0067329135373737,-0.0068005917567091,-0.0350338723904988,0.0359540760091992,,60.44059238433838,59.96200225830078,,1,0,-0.1589595125467227,0.0444880332276545,0,45.625379912723,16.81983066678783,0.1053612482486731,0.961157232727044,-0.0393147036864022,0.1045585715934516,-0.0505842390056767,0,,
2024-10-29 04:00:00,59.44306577443683,59.623569225285486,59.40506390350305,59.45256805419922,1751900,-0.0035031502392947,-0.0063512006024193,-0.0333641856105912,0.0156422550987278,,60.34606494903564,59.96612564086914,,1,0,-0.1856421698085739,-0.0015380073795911,0,43.73850941561801,17.194897420377785,0.1047979859302077,0.4725613169432781,-0.0426801286120701,0.104023924509329,-0.0466732052816399,0,,
2024-10-30 04:00:00,59.04405977494105,59.35756616472458,58.96805602950379,59.10105895996094,1740800,-0.0059124291135386,-0.0033642994175662,-0.0365494601302305,0.0330085595823634,,60.22303657531738,59.96889465332031,,1,0,-0.2324724168354919,-0.0477248892707713,0,40.69062980190618,18.17041531869589,0.10581926372503,0.9367004339755696,-0.048340214490633,0.1037226755176751,-0.0554694749331957,0,,
2024-10-31 04:00:00,58.901549846468455,58.901549846468455,58.331536297577344,58.7590446472168,2410400,-0.0057869405178652,-0.0111910888809887,-0.0455248171537372,0.0448244687843435,,60.11520843505859,59.95517448425293,,1,0,-0.2937967160431753,-0.0969392546252521,0,37.92168762923976,19.81813510928269,0.1048570601728057,1.266411847206886,-0.0538474130626202,0.105184396993808,-0.0451554401501874,0,,
2024-11-01 04:00:00,58.97755756830933,59.20556155363876,58.77804955107357,58.8255500793457,5021600,0.0011318331080465,-0.0073741617893413,-0.034310703946937,0.0716027950350701,,59.98743000030517,59.952244186401366,,1,0,-0.3331894320498136,-0.1441892901101644,0,38.79387913297408,20.624637880301663,0.1009243312505837,2.0713362809766385,-0.0527765262394606,0.1048608422853666,-0.039756307638468,0,,
2024-11-04 05:00:00,59.17706254196129,59.39556787340284,58.9490549303373,59.00605773925781,4796500,0.0030685248105395,-0.0109872024306002,-0.0386936745790672,0.0715674005861306,,59.87485218048096,59.932112579345706,,0,0,-0.3458561690757022,-0.184522665903272,0,41.20829034508839,20.94229146346645,0.0967820506889218,2.070405414263326,-0.0498699475091009,0.105409687367523,-0.0333456699278782,0,,
2024-11-05 05:00:00,59.243561850909536,59.69007477772478,59.23405957107292,59.65207290649414,1791200,0.0109482855148705,0.0033556978079238,-0.0262096598422898,0.0771924033345266,,59.82355079650879,59.93057716369629,,0,0,-0.3003048964922215,-0.2076791120210618,0,48.96715111658171,20.5995824320274,0.1064548104908839,2.205649521420072,-0.0394676524181716,0.1052905767078618,-0.0412380760076026,0,,
2024-11-06 05:00:00,58.835052653917735,59.015556111878496,58.42654158542831,58.9300537109375,2696400,-0.0121038408286066,-0.0028934379862683,-0.0288085298999144,0.0447021442884538,,59.73947372436523,59.91043891906738,,0,0,-0.31879127235878,-0.2299015440886055,0,42.255147205947566,21.324032121869365,0.1093798055767489,1.3429602338240554,-0.0510937830640298,0.1014924864802475,-0.0581724914689203,0,,
2024-11-07 05:00:00,59.62356273046174,60.04157601708321,59.62356273046174,59.946571350097656,2749700,0.0172495624074322,0.0202101090991293,-0.0109718908077467,0.0591703473384548,,59.7090726852417,59.91687461853027,,0,0,-0.2485522250008927,-0.2336316802710629,0,52.19105176969502,20.20021525759883,0.1269982957977248,1.7005189465482455,-0.0347255660561923,0.1024510192532864,-0.0416418802922362,0,,
2024-11-08 05:00:00,59.205554258556326,59.205554258556326,58.69253991868977,58.94904708862305,2848000,-0.0166402221012592,0.0020993770412816,-0.0265140097125977,0.0406758992121898,,59.611219787597655,59.90033279418945,,0,0,-0.2702637133139092,-0.2409580868796322,0,44.16087611718912,20.22378076160928,0.1387901124337862,1.1689894178229163,-0.0507879470256846,0.1003116976369728,-0.0624141455322974,0,,
2024-11-11 05:00:00,58.98705267550328,59.04405548043518,58.77804601481076,58.87305068969727,2679100,-0.0012891879119185,-0.0022541253331698,-0.0333801406348548,0.0242812909121052,,59.50766696929932,59.87886535644531,,0,0,-0.2902566010710146,-0.2508177897179087,0,43.610356420140064,20.245663015333268,0.1364066133785614,0.7432722857911984,-0.0520116597302265,0.1000870115046888,-0.0643437709433352,0,,
2024-11-12 05:00:00,58.27453521160561,58.31253708240112,57.62851790431356,57.90402603149414,2536200,-0.0164595625137651,-0.0293040424217965,-0.0498831006153429,0.0070905464997363,,59.40411434173584,59.85826141357422,,0,0,-0.3799138892721743,-0.2766370096287618,0,37.23614590151396,21.314615764513853,0.1454649000301155,0.2649043507927926,-0.0676151330792173,0.0987463632344023,-0.0699073328842583,0,,
2024-11-13 05:00:00,57.8185228061227,57.85652467637392,57.38151217040716,57.60951614379883,12741200,-0.0050861728946987,-0.0224085586891901,-0.039442423334226,-0.0102448449723259,,59.27063579559327,59.834226760864254,,0,0,-0.4693223666331505,-0.3151740810296395,0,35.5361163724768,22.496935585231164,0.1374140291662078,-0.2134078623423014,-0.072357403716777,0.0981964315513024,-0.0674456914850922,0,,
2024-11-14 05:00:00,57.79952171377845,57.894522765090265,57.49551400071128,57.54301452636719,3271100,-0.00115435125797,-0.0400949840766255,-0.0453900792700781,-0.0177727483136742,,59.13858261108398,59.80697013854981,,0,0,-0.5393283127750834,-0.3600049273787283,0,35.1459196074846,23.528372476880204,0.13512140150376,-0.4267602288092712,-0.0734282291147432,0.098717835820411,-0.0631678598232442,0,,
2024-11-15 05:00:00,57.54301413993663,57.55251641943869,57.27700829880367,57.39101028442383,4669500,-0.0026415759270607,-0.0264302288357077,-0.0464087515319079,-0.03131647956666,,58.97470321655273,59.79843078613281,,0,0,-0.6001557791920149,-0.4080350977413857,0,34.220978031129704,24.66676915363304,0.1351123041897967,-0.8243434588548739,-0.0758758387994077,0.0997345253570969,-0.0519439059715283,0,,
2024-11-18 05:00:00,57.48601226067126,57.894523308450125,57.4575126698218,57.76152038574219,16284100,0.0064558909049021,-0.0188801207162447,-0.0479173390642514,-0.0203703327503279,,58.85927505493164,59.785382385253904,,0,0,-0.6114168826420965,-0.4487114547215279,0,38.47152271222255,25.093121729490537,0.1336894501469945,-0.5068096149369625,-0.0699097940321125,0.0999687902797645,-0.053680160451653,0,,
2024-11-19 05:00:00,57.40050614581173,57.86601996919261,57.3720065568084,57.780517578125,2371400,0.000328890102891,-0.0021329855941616,-0.0381149134832691,-0.0280012454466884,,58.75667209625245,59.77744377136231,,0,0,-0.6117565251819315,-0.4813204688136086,0,38.69027901011233,25.57206628129777,0.1310606489853254,-0.7322943574150899,-0.0696038965685736,0.0996374565502526,-0.0489835439743011,0,,
2024-11-20 05:00:00,57.609516156404574,57.6475180266641,57.30550844244395,57.63801574707031,2872900,-0.0024662608960193,0.0004947030487176,-0.0366783635902155,-0.0226217146285897,,58.67354469299316,59.76003341674805,,0,0,-0.6164187099889347,-0.5083401170486739,0,37.61007857994512,26.084240708869316,0.1308561000895829,-0.5803740364317591,-0.0718984960962754,0.0993580517119076,-0.048391663431255,0,,
2024-11-21 05:00:00,57.552513370760565,57.77101867498192,57.39100724430102,57.6665153503418,3751400,0.0004944584386206,0.0021462348643208,-0.0275553613130461,-0.0390938111752559,0.0048771697073584,58.58566722869873,59.732598037719725,,0,0,-0.6107732316139192,-0.528826739961723,0,37.98299911398256,26.30437464444317,0.1284142172049664,-1.1049892542409612,-0.0714395884757737,0.0988763883702784,-0.0532395189812723,0,,
2024-11-22 05:00:00,57.609516826186656,57.92302682338601,57.59051589083598,57.866024017333984,3246000,0.0034596969451008,0.0082767968459875,-0.0262190179758682,-0.031187941312432,0.0003380351164805,58.51584033966064,59.70593650817871,,0,0,-0.5834745360145845,-0.5397562991722953,0,40.65710278449374,26.190658915273477,0.1289585191629665,-0.8644417155863162,-0.0682270508566817,0.0989119047614079,-0.0528238371682668,0,,
2024-11-25 05:00:00,58.15103132699482,58.265036940133065,57.89452413352059,58.0560302734375,2685900,0.0032835547167815,0.0050987211854625,-0.0203590848598275,-0.031381896620417,0.0039484974916854,58.435563278198245,59.67531806945801,,0,0,-0.5402801924112381,-0.5398610778200839,0,43.1703392953276,25.39820534810451,0.1297610534719576,-0.8704961952737976,-0.0651675233945527,0.0989011994495911,-0.0506732630732027,0,,
2024-11-26 05:00:00,57.92302652335743,57.93252517895464,57.60951652778199,57.76152038574219,2737300,-0.0050728561065612,-0.0003287819697552,-0.0318471516771533,-0.031249856048644,0.0158355871549009,58.35101089477539,59.64259338378906,,0,0,-0.5237750972400192,-0.536643881704071,1,40.31996787385663,25.0548467744064,0.1273796921149851,-0.8666291261003887,-0.0699097940321125,0.0978883757878606,-0.0637938688711842,0,,
2024-11-27 05:00:00,57.980026388325,58.14153252784352,57.88502533500202,58.018028259277344,2062600,0.0044408088953016,0.0065930880388842,-0.0241291476865068,-0.0294115695028116,0.0139873399239616,58.29685935974121,59.61897193908691,,0,0,-0.4844126413425087,-0.5261976336317585,1,43.80041171539975,24.31716261600878,0.1287778111540582,-0.8093469769026562,-0.0657794411720172,0.0986218994403902,-0.0519306024495771,0,,
2024-11-29 05:00:00,58.03702693179039,58.63554369175003,58.02752827645162,58.62604141235352,1308200,0.0104797279624708,0.0166392239271317,-0.0080373779415564,-0.0220260210333131,0.0195967221567561,58.290209197998045,59.58442909240723,,0,0,-0.3995502646378952,-0.5008681598329859,1,51.08265841024584,22.729578215511133,0.1335404507423652,-0.5785197844919253,-0.0559890638585524,0.0990401758417748,-0.0451444166141128,0,,
2024-12-02 05:00:00,58.62604565287328,58.82555004593773,58.36953845147984,58.74005126953125,2418200,0.0019446964937617,0.0151043253280274,-0.0003232417715363,-0.003294722405025,0.0172628156461724,58.28593425750732,59.56067863464355,,0,0,-0.3194145647709518,-0.4645774408205791,1,52.330017108230095,21.274847119858688,0.1322541579777075,-0.0330276017263558,-0.0541532491009655,0.0990552463214406,-0.0582705310629698,0,,
2024-12-03 05:00:00,58.911049177259486,59.09155624825542,58.71154479526611,58.98705291748047,2428900,0.0042049954436682,0.0160366225464942,0.0027454539382449,0.002989294426366,0.0282247596857163,58.284984016418456,59.53559799194336,,0,0,-0.2332862973490961,-0.4183192121262826,1,55.00682547590176,20.354472193977298,0.1330066767731081,0.1549633482522165,-0.0501759678230266,0.0994256510649347,-0.0518324200147147,0,,
2024-12-04 05:00:00,59.04405184552227,59.11055330181991,58.93954852160952,58.99654769897461,2800900,0.000160963822136,0.0213814890083343,-0.0001611705754894,0.001539780235664,0.0192201830176661,58.25220775604248,59.49398681640625,,0,0,-0.1623909337814595,-0.367133556457318,1,55.11117256863179,19.530753661703383,0.1325873697257758,0.1117531780318256,-0.0500230805164507,0.0988279927231636,-0.0624391819075561,0,,
2024-12-05 05:00:00,59.26256577468722,59.42406829947392,59.22456390154043,59.357566833496094,2156200,0.0061193264453973,0.0230883160701786,-0.0049370635193128,0.0266282043060215,0.0221426591830637,58.27358341217041,59.46890625,,0,0,-0.0761962771352315,-0.3089461005929007,1,59.0043272919733,19.270367846312773,0.1285692697125382,0.8784941681265396,-0.0442098616305378,0.0995966497718425,-0.0540782196664914,0,,
2024-12-06 05:00:00,59.50956657708073,59.52856751233707,59.16755699058246,59.25305938720703,2393200,-0.0017606423555436,0.010695212566772,0.005481170573065,0.0143650462774305,0.0320175351174079,58.23890781402588,59.411904678344726,,0,0,-0.0161332936874742,-0.2503835392118154,1,57.45100097257717,19.191124389972217,0.1212940800933677,0.5101622417965516,-0.045892666231162,0.0992331653317204,-0.0222609695247423,0,,
2024-12-09 05:00:00,59.832576071663006,60.01307952305559,59.55706794264968,59.57606887817383,2545000,0.0054513554963633,0.0142324970880001,-0.0061805448348335,0.0240405972931772,0.034936809084404,58.27025890350342,59.36687339782715,,0,0,0.05687559340641,-0.1889317126881703,1,60.87900599670387,19.813216531004876,0.1064882870813638,0.8075353142815959,-0.0406914879731006,0.1002905898499906,-0.0210874368946456,0,,
2024-12-10 05:00:00,59.27206331470149,59.31956384321137,58.92055505485873,58.9300537109375,2541800,-0.0108435346507563,-0.000966300293434,-0.0003221999103224,0.0072044231516135,0.0329765384089704,58.27310905456543,59.31538208007812,,0,0,0.0618941600576263,-0.138766538139011,1,51.877004027274296,19.074359625310432,0.0967067788428995,0.2858378072728191,-0.0510937830640298,0.0995124917546174,-0.0079672251709644,0,,
2024-12-11 05:00:00,59.25305953076246,59.32906327197192,59.063053801796656,59.29106140136719,2010600,0.0061260370167062,0.0049920497703579,0.0071002047078063,0.0042815793615778,0.028476800771179,58.342460823059085,59.27434097290039,,0,0,0.0939190732225299,-0.0922294158667028,1,55.80942185804277,18.403220601447003,0.0988467426852145,0.196151194768026,-0.0452807484536975,0.0993540260725568,-0.0073234820493925,0,,
2024-12-12 05:00:00,59.0060531760453,59.16755568607661,58.73054505698957,58.7590446472168,2968000,-0.0089729672833639,-0.010083334243774,0.0147661341416502,-0.0074334887437979,0.0299789448288718,58.39993724822998,59.21828933715821,,0,0,0.0754994313742472,-0.0586836464185128,1,49.40249950265014,17.152303246030797,0.0852695821373388,-0.1667461254812778,-0.0538474130626202,0.0989724906209789,0.0022899819210542,1,,
2024-12-13 05:00:00,58.79704626024292,58.90154958936361,58.49303855228696,58.61654281616211,2744100,-0.0024251897203273,-0.0107423410306194,0.0174802140300858,-0.0162856020878389,0.0332601232221521,58.453613662719725,59.17230804443359,,0,0,0.0488400282309129,-0.0371789114886276,1,47.8189847720388,16.28192352391597,0.0834689445388855,-0.4460701952879391,-0.0561420125903219,0.0987520880258753,0.0056586218643051,1,,
2024-12-16 05:00:00,58.43603909034776,58.588042953019794,58.34103803519946,58.41704177856445,2941200,-0.0034034937581246,-0.0194545749901601,0.0151891113003259,-0.0165109421406077,0.0261786276002038,58.50491523742676,59.11302650451661,,0,0,0.0114818372620462,-0.0274467617384928,1,45.61460459368115,15.734878340264906,0.0845028533277857,-0.4530773336552204,-0.0593544273590268,0.0979975279579777,-0.007296633444677,0,,
2024-12-17 05:00:00,58.19853223552806,58.36003837650438,58.0940325255527,58.20803451538086,2534400,-0.0035778474366411,-0.0122521387660406,0.0142361012100666,-0.0167412337472578,0.0178090216207476,58.52724094390869,59.05203491210938,,0,0,-0.0345911918964461,-0.0288756477700835,0,43.35947717333705,15.63864723872314,0.0850343380292233,-0.4602319962507657,-0.0627199137098881,0.0980508825839985,-0.016881243150956,0,,
2024-12-18 05:00:00,58.22703186563942,58.31253425876013,56.76399252737752,56.82099533081055,4041700,-0.0238289987991915,-0.0416600076331182,-0.0162828999072504,-0.0585253038244509,-0.0057917951982026,58.47926483154297,58.97489280700684,,0,0,-0.1809410933749831,-0.0592887368910634,0,32.039126632941006,17.18714413185944,0.1176191213128276,-1.7743381355374055,-0.0850543597606015,0.0986546803937857,-0.0131452014403827,0,,
2024-12-19 05:00:00,57.2105054274587,57.24850367235636,56.79249211706519,56.82099533081055,5947000,0.0,-0.0329829956909969,-0.0166063283531007,-0.0518388883676242,0.0001012503545945,58.43841381072998,58.89908081054688,,0,0,-0.2935406903353765,-0.106139127579926,0,32.039126632941006,18.62503410405744,0.1175864427088794,-1.5661660343294446,-0.0850543597606015,0.0986849766144568,-0.0095594565414807,0,,
2024-12-20 05:00:00,56.391010626079705,57.26064359324745,56.32337262927759,56.89346694946289,6523100,0.0012754373314021,-0.0293957265972383,-0.012917668798223,-0.0555703487098622,-0.0059059962321921,58.39976139068604,58.82585830688477,,0,0,-0.3726333429863757,-0.159437970661216,0,33.09756688782312,20.40231861920596,0.1176210269822541,-1.6939493290943646,-0.0838874039348365,0.097638112183488,-0.0173105198701633,0,,
2024-12-23 05:00:00,56.9224501777564,57.24131816002485,56.74852285760892,57.22199249267578,6536200,0.0057743983769649,-0.0204572030610283,-0.0077085090882533,-0.063118805156231,-0.0001657014302846,58.36755981445312,58.7521760559082,,0,0,-0.4041468213257388,-0.2083797407941205,0,37.82483473063784,22.052654240415293,0.1196406133509637,-1.9853016334966145,-0.0785974048470006,0.0976173493086221,-0.0127334653136934,0,,
2024-12-24 05:00:00,57.48288891939649,57.48288891939649,57.15435991532249,57.40558624267578,11058600,0.0032084473469444,-0.0137858678683445,-0.0079569623535958,-0.0528943167226866,0.0090466347119664,58.33503761291504,58.68140563964844,,0,0,-0.409585551405577,-0.2486209029164119,0,40.36096937655789,23.01429365618248,0.1195431668497075,-1.6507323428906917,-0.0756411331351142,0.0968540308239325,-0.0208051188826998,0,,
2024-12-26 05:00:00,57.4635644579972,57.61816612869356,57.34761044047899,57.52153778076172,2977800,0.0020198650632321,0.0123289366170484,-0.0092064939707103,-0.073774052954045,0.0092387395102473,58.323038482666014,58.6323348236084,,0,0,-0.3999293277586417,-0.2788825878848578,0,41.97089039383604,23.59273679212945,0.1191382451295537,-2.583793173401637,-0.073774052954045,0.0970431972352715,-0.0187864477343033,0,,
2024-12-27 05:00:00,57.32828561729721,57.50220926297056,57.20267061420508,57.39592361450195,2758800,-0.002183776218545,0.0101182367599192,-0.0063294173837307,-0.0716784564019802,0.0061997727590383,58.29193325042725,58.57467155456543,,0,0,-0.3978268144860877,-0.3026714332051038,0,40.68943800387092,24.307668497811765,0.1181306282160818,-2.509775039575448,-0.0757967231502033,0.097861426267547,-0.0002753086880509,0,,
2024-12-30 05:00:00,57.02874415647411,57.24132282865777,56.80650449282504,57.00941848754883,4583800,-0.0067340170279177,0.0020380466212215,-0.017384420015467,-0.0730872110126441,-0.0017348613276552,58.21110210418701,58.51117835998535,,0,0,-0.4224782251607024,-0.3266327915962236,0,36.95106544253248,25.427504629521053,0.1188493226565772,-2.5562855884464324,-0.0820203237537673,0.09832445584774,-0.003015999431546,0,,
2024-12-31 05:00:00,57.12536841484419,57.26064441037887,56.86447741517254,56.94178009033203,4727900,-0.0011864425039095,-0.0048969354287972,-0.0287288938745673,-0.0717494790348449,-0.0067035607946267,58.12118854522705,58.436641998291016,,0,0,-0.4423730974027222,-0.3497808527575233,0,36.322145857695865,26.417115205265112,0.1115344968506735,-2.50749202528153,-0.0831094538593909,0.0985663786310751,-0.004783889029605,0,,
2025-01-02 05:00:00,57.07705828571851,57.2026732946969,56.69055226701326,56.845157623291016,3962500,-0.0016968641810588,-0.0097626146872817,-0.0322589716094293,-0.0766137784885634,-0.0200322473049208,58.01409378051758,58.37214347839355,,0,0,-0.4606267343089598,-0.3719500290678106,0,35.395350460851546,27.5374633592975,0.1108850776045027,-2.697894713224311,-0.0846652925850884,0.0986415122006707,-0.0041768016953621,0,,
2025-01-03 05:00:00,57.02874495280608,57.1833466203727,56.883804276839776,57.14469528198242,5673800,0.0052693610364566,-0.006551328655635,-0.0312332544918865,-0.0619038753468433,-0.0198237819166101,57.92150115966797,58.31838584899902,,0,0,-0.4457839672679924,-0.386716816707847,0,40.46677289096123,28.57778664518472,0.1116382623697083,-2.168336030682164,-0.0798420635425198,0.0979367404612069,-0.0149751154534099,0,,
2025-01-06 05:00:00,57.59884085583556,57.89837952150097,57.50221250723816,57.58917617797852,6010900,0.0077781654763018,0.0033670085139589,-0.0238551504433292,-0.0617770199069125,-0.0093061842367496,57.83308162689209,58.28415809631348,,0,0,-0.3936176940679203,-0.3880969921798617,0,47.1024863412912,27.7036418643845,0.1160841367216655,-2.1627991182519786,-0.0726849228484212,0.0981331857950101,-0.0070304668647864,0,,
2025-01-07 05:00:00,57.92736234206949,57.94668800927782,57.26063972436168,57.32828140258789,3128600,-0.0045302744839471,0.0055931620335454,-0.0341874766632627,-0.0641443972082751,-0.0120258812047154,57.736842727661134,58.24224243164063,,0,0,-0.3690731294087825,-0.3842922196256459,1,44.00221501551711,27.26171269243408,0.1135463119730688,-2.246548200806089,-0.0768859146810204,0.0988055248592631,-0.0079432883976695,0,,
2025-01-08 05:00:00,57.067398861258944,57.26064818992444,56.83549450646782,57.202674865722656,4032400,-0.0021910047500492,0.0045817811627375,-0.034603859154099,-0.0572764421867927,-0.0256275934486223,57.61817302703857,58.201044692993165,,0,0,-0.3556569904724043,-0.3785651737949976,1,42.55014208677755,27.4398007030307,0.113562311823486,-2.0158165263051537,-0.0789084620267918,0.0984452190275672,-0.0079403524166467,0,,
2025-01-10 05:00:00,56.67123163074936,56.69055361474886,56.15911059089078,56.26539993286133,7682600,-0.0163851591741379,-0.0101988931805185,-0.0555704498073283,-0.0717056729808598,-0.0460504449297886,57.48494033813476,58.13312126159668,,0,0,-0.4158610701040857,-0.3860243530568153,0,33.63148643282577,28.36999576356618,0.1212852206532947,-2.4636801255498053,-0.0940006934904343,0.0983334726258475,-0.0195144651863197,0,,
2025-01-13 05:00:00,55.74361117304455,56.07214015130423,55.63732552989678,56.05281448364258,3891700,-0.0037782624752052,-0.0191072993381437,-0.0488246496670153,-0.0743424650449353,-0.0578147771901533,57.32302799224853,58.065126190185545,,0,0,-0.4752487344813616,-0.4038692293417246,0,31.993496228686723,29.71175878722666,0.1177182147457356,-2.557413398943912,-0.0974237966727815,0.0978102939295416,-0.0171053683317782,0,,
2025-01-14 05:00:00,56.24606839204039,56.45864705379304,56.110792402195706,56.36202239990234,3315800,0.0055163673601079,-0.0213087572964003,-0.0494010215407834,-0.0746079992884958,-0.0447186494366058,57.20317687988281,58.010345458984375,,0,0,-0.4916954328020182,-0.4214344700337833,0,36.81395283038818,30.092757070633056,0.1171825397859573,-2.568672217129894,-0.0924448547647369,0.098214725390597,-0.0114670811742225,0,,
2025-01-15 05:00:00,57.019079066506535,57.15435874800483,56.83549074203621,57.02874374389648,2788700,0.0118292658000025,-0.0052249544441758,-0.0294473968000819,-0.0642451502028151,-0.0388122704441716,57.12378692626953,57.97573944091797,,0,0,-0.4457919076599523,-0.4263059575590171,0,45.74417985491918,29.119552846797784,0.1243792804398856,-2.138063986678888,-0.0817091437235891,0.0976011700851384,-0.0138555726670771,0,,
2025-01-16 05:00:00,57.14469567954291,57.37660002550348,57.01908067189783,57.21233367919922,3336700,0.0032192526654137,0.0001688524793506,-0.023955850507371,-0.0460648817617129,-0.028281415458584,57.06355152130127,57.94347511291504,,0,0,-0.3901020067107126,-0.4190651673893563,1,47.92663896523441,27.839947100352312,0.12532231797506,-1.5507590246517622,-0.0787529334368961,0.0981040338258419,-0.0065624354177059,0,,
2025-01-17 05:00:00,57.45389474575709,57.81141407278507,57.3765957601796,57.49254608154297,3262300,0.0048977621488917,0.0218099604756374,-0.0158257876276219,-0.0462273256067456,-0.0140171269848601,57.027777099609374,57.91320487976074,,0,0,-0.3196715849058478,-0.3991864508926546,1,51.156122567321525,25.96122222828429,0.1267113975264779,-1.5570491562972957,-0.0742408844245058,0.097604578605508,-0.0040097884166846,0,,
2025-01-21 05:00:00,58.08196717081778,58.47813415527344,58.05298051141679,58.47813415527344,4022900,0.017142884441621,0.0432684726712271,0.004640246696892,-0.028345438059897,0.0096008848312025,57.11063404083252,57.889726104736326,,0,0,-0.1822256635371388,-0.3557942934215515,1,60.44757069070543,24.907440511010808,0.1404289344211411,-0.8783314491022451,-0.0583707028854177,0.0983773179265582,0.0033292443061898,1,,
2025-01-22 05:00:00,58.584424325520935,58.61341098533645,58.33319432047187,58.35251998901367,3126000,-0.0021480535942927,0.0353162910831741,0.0269534993057869,-0.03817589751048,-0.001698190093915,57.18721027374268,57.87817543029785,,0,0,-0.082483970160311,-0.3011322287693034,1,58.90946487145728,24.098247993252848,0.1104577718781895,-1.2231099006334134,-0.0603933730815759,0.0976172359240873,-0.0105159173954778,0,,
2025-01-23 05:00:00,58.41049816544769,58.75835283418397,58.37184682758934,58.72936248779297,3367700,0.006458032983841,0.0298203788519977,0.0335855988771747,-0.022319281905672,0.0108016332447642,57.27900505065918,57.85383125305176,,0,0,0.0266627293413677,-0.2355732371471692,1,62.03082887755404,23.5313278804996,0.1117649271104464,-0.6887849145303631,-0.0543253624931011,0.0977143143951076,-0.0098359674658631,0,,
2025-01-24 05:00:00,58.94194247026997,59.1641821389041,58.88396546219364,59.01924514770508,3698900,0.0049359068042389,0.0315825513889638,0.0373641880557298,-0.0135934577475917,0.0286870719148195,57.36886768341064,57.8552352142334,,0,0,0.1349972191508683,-0.1614591458875617,1,64.2787268533957,23.499919091571577,0.1123496526063409,-0.3932900580081778,-0.0496576006152347,0.0984841257110265,0.0086647878437948,1,,
2025-01-27 05:00:00,58.50712038270376,58.69071238687275,58.47813372351678,58.67138671875,3838200,-0.0058939830234104,0.0205042343321351,0.0253293211741925,-0.0106099681530485,0.0277075096437251,57.43215770721436,57.851201934814455,,0,0,0.1905868482399455,-0.0910499470620602,1,59.71036806627364,22.75204076511428,0.1143653524563292,-0.2958667871547414,-0.0552589025836357,0.0993084160058051,0.0173234236450796,1,,
2025-01-28 05:00:00,58.70037377945692,58.75835078422174,58.34285813172629,58.7390251159668,2711600,0.0011528344734892,0.004461342080454,0.0232283817754956,-0.0115279815417743,0.0160963094152977,57.49303207397461,57.867901916503904,,0,0,0.237363702167606,-0.025367217216127,1,60.301175627209936,21.82742906992816,0.114135695669545,-0.3269776960169571,-0.0541697724780121,0.0985759040356519,0.0177780232487121,1,,
2025-01-29 05:00:00,58.81632956100968,58.970931235401565,58.57476421439768,58.74869155883789,3220800,0.000164565939799,0.0067892795358077,0.0213338138273242,-0.0086710770453788,0.0206058696668272,57.56067047119141,57.89068542480469,,0,0,0.2720783472440402,0.0341218956759064,1,60.39056983979325,21.265358976467937,0.1141320643849005,-0.2311727233146696,-0.0540141210377295,0.099036097134005,0.0205362143407328,1,,
2025-01-30 05:00:00,59.231816132529815,59.705285784810485,59.21249046447813,59.45405578613281,3078400,0.0120064670136268,0.0123395396721779,0.0358585077479411,-0.0034782140551459,0.0323508059815382,57.682902336120605,57.92890625,,0,0,0.352444194455721,0.0977863554318693,1,66.3458454744415,21.64187700722858,0.1195539414364659,-0.0545703107240967,-0.0426561727866122,0.0996901260445076,0.0186866250238477,1,,
2025-01-31 05:00:00,59.44439829997728,59.62798662830136,58.82599162983879,58.86463928222656,3997700,-0.0099138148964385,-0.0026195839186283,0.0325423560509203,-0.0098890391317777,0.0055985290941695,57.779045295715335,57.95837882995605,,0,0,0.364373451139528,0.1511037745734011,1,58.43905866020989,21.29990466491358,0.1228445667164374,-0.2623377388789014,-0.0521471022818538,0.0992299234054392,0.0092089760364537,1,,
2025-02-03 05:00:00,57.86939109855273,58.594087103999954,57.73411510062837,58.27522277832031,5300800,-0.0100130827453183,-0.006752251183848,0.0234176502011864,-0.0139732890776136,0.0185740323596699,57.8505485534668,57.968652877807614,,0,0,0.3225483504959712,0.1853926897579151,1,51.79194370060002,20.1507657400796,0.1289782949168941,-0.3922843590040635,-0.0616380317770953,0.0989018806331957,0.0034038178817177,1,,
2025-02-04 05:00:00,58.690716140594944,59.12553080018655,58.66172579355951,59.01924514770508,3199200,0.0127673878178902,0.004770593846,0.0382457823201334,0.0044282629516954,0.049451226270486,57.94427604675293,57.993427429199215,,0,0,0.3454558441250555,0.2174053206313431,1,58.24784984656606,19.016002347466923,0.1345883259869675,0.2022806769842531,-0.0496576006152347,0.0994971502018349,0.0086742182076813,1,,
2025-02-05 05:00:00,59.202832464159165,59.49271012758948,59.13519446555857,59.40574645996094,2583600,0.0065487335747616,0.0111841622968742,0.0395671228417839,0.0098629996631165,0.0821720130414958,58.03510456085205,58.02878204345703,,1,0,0.3902985054203967,0.2519839575891539,1,61.15783440957349,18.391774511641515,0.1350731944665564,0.3720347055477829,-0.0434340614368642,0.0997442966988382,0.0184563650895379,1,,
2025-02-06 05:00:00,59.45405494638526,59.743936277071946,59.45405494638526,59.66663360595703,2514400,0.004391614642397,0.0035754973653756,0.0360737479827486,0.0111950516948318,0.0835636530301888,58.152022171020505,58.068784408569336,,1,0,0.4417953086182038,0.2899462277949639,1,63.03083483194379,18.095598591726603,0.1337137917099768,0.4132605184294403,-0.039233192454652,0.0998353563142935,0.0173455137066382,1,,
2025-02-07 05:00:00,59.77292379949706,59.93718644899858,59.19316481574008,59.28012847900391,5892400,-0.0064777431471269,0.007058383468304,0.0340468443962096,-0.0062352305522267,0.0704758603506288,58.25589485168457,58.097066497802736,,1,0,0.4462747846587618,0.3212119391677235,1,58.52800608905471,17.43594963651634,0.1350250485103171,-0.1367909605224388,-0.0454567930582159,0.1001049573641145,0.0131514154365592,1,,
2025-02-10 05:00:00,59.66663359752661,59.75359725952149,59.52169293220376,59.75359725952149,4251200,0.0079869729142925,0.0253688344843387,0.0445944599581551,0.0139749329369971,0.0593017866940221,58.43030471801758,58.13101783752441,,1,0,0.4824681824565147,0.3534631878254817,1,62.09986201977391,16.8234184638211,0.1359956921218403,0.5076295623311008,-0.03783288231885,0.1002238535024446,0.0180672509284511,1,,
2025-02-11 05:00:00,59.550690449160136,59.93719279324778,59.550690449160136,59.859893798828125,2754400,0.0017789144784867,0.0142436361058022,0.063884623058859,-0.0014459134078464,0.0576388787320447,58.62065868377685,58.172985305786135,,1,0,0.5138061162603336,0.3855317735124521,1,62.87297266999341,16.49579110252715,0.1182625080811747,0.0106280281278142,-0.0361212693024831,0.1003258318958246,0.020261252010878,1,,
2025-02-12 05:00:00,59.5313592078463,60.17875250875436,59.43473086637129,60.02415084838867,3058600,0.0027440250748282,0.01040984122377,0.0708499011393088,0.0182378479867424,0.0596555880654883,58.80376510620117,58.21310775756836,,1,0,0.5456064146042294,0.4175467017308076,1,64.09191371361572,16.504192925287192,0.1156968751632714,0.6865289712002636,-0.0334763618963553,0.1009262720518057,0.0318573638528136,1,,
2025-02-13 05:00:00,60.13043928977825,60.68120792704229,60.06280129474542,60.67154693603516,2949700,0.0107855934402423,0.0168421321825302,0.0764614957489584,0.0305487183909873,0.0555717716213364,58.98590526580811,58.25401786804199,,1,0,0.6159475736932691,0.4572268761232999,1,68.48385343361191,17.11050982090622,0.1183830378806492,1.0898092473969392,-0.0230518308853856,0.1009490453615496,0.027840224162704,1,,
2025-02-14 05:00:00,60.951764812482814,61.01940280886871,60.74884713733076,60.78749847412109,4795000,0.0019111353499552,0.0254279137679511,0.0659098286840114,0.0497974431183527,0.0572410807040877,59.1646635055542,58.29496681213379,,1,0,0.6732885181978858,0.5004392045382171,1,69.21022976647772,18.037268166109367,0.1145576808175432,1.7999206628080484,-0.0211847507043166,0.1011469545134311,0.0363293229497114,1,,
2025-02-18 05:00:00,61.24164406104459,61.24164406104459,61.00007872880664,61.145015716552734,5399500,0.0058814271257412,0.0232859362590012,0.0687383608472402,0.0613700619170096,0.050496490174402,59.347286987304685,58.33812606811524,,1,0,0.73906084997585,0.5481635336257438,1,71.3990691916352,19.1267737848182,0.1149721694969652,2.1974080009404187,-0.01542792014602,0.10144401663042,0.0340453157156348,1,,
2025-02-19 05:00:00,60.69087300590778,60.797158651667225,60.51694567867335,60.73918533325195,3636400,-0.0066371784935352,0.0146891596129266,0.0564706118094717,0.0555440279448729,0.0367841096022067,59.46033954620361,58.37297882080078,,1,0,0.7497955995673422,0.5884899468140634,1,65.6903185655523,19.215654072030283,0.119668176259006,1.9831257972388887,-0.0219627007797621,0.1005339526464911,0.0300126703361203,1,,
2025-02-20 05:00:00,61.00007587288989,61.13535186285065,60.8068228789484,61.10636520385742,3219100,0.0060451892561761,0.018029648735927,0.0449438253553953,0.0647375765127793,0.0313937439540616,59.5980318069458,58.40795478820801,,1,0,0.7789520386452438,0.6265823651802995,1,68.17004375355495,19.68547661860881,0.1083708465471433,2.2879781099204437,-0.0160502802063763,0.1015642436011991,0.0323949233604849,1,,
2025-02-21 05:00:00,61.20299292094743,61.24164425886902,60.59424724966296,60.71020126342773,3290000,-0.0064831861477613,0.0006371079912188,0.0404041037963389,0.0510492254704117,0.029639003010605,59.697073745727536,58.43709762573242,,1,0,0.7613156348270422,0.6535290191096481,1,62.888746996191614,19.72583917271133,0.1115158798405733,1.8206611836659652,-0.022429409399836,0.1026617180498569,0.0516761418003319,1,,
2025-02-24 05:00:00,60.76817929322873,60.78750496368706,60.31403525244464,60.41066360473633,2956200,-0.0049338933565987,-0.0061992165962412,0.0286279476861821,0.0455195996307078,0.0162437487021249,59.766644668579104,58.45378952026367,,1,0,0.7149272358735601,0.6658086624624305,1,59.15698286566239,19.25769650360928,0.1126404778082339,1.625798537978368,-0.0272526384424045,0.1026221868328968,0.0502267499718029,1,,
2025-02-25 05:00:00,60.88412777922454,60.951769466769925,60.49762543979094,60.74885177612305,2711100,0.0055981535577802,-0.0064790880464593,0.0293058073529972,0.0539719486996888,0.0301292960496657,59.87051792144776,58.49016548156738,,1,0,0.6974137035177961,0.6721296706735037,1,61.90548075154679,19.045218339858145,0.1129277101556835,1.9063656238783784,-0.0218070493394795,0.1037124491302583,0.0530879812506306,1,,
2025-02-26 05:00:00,61.01940537987098,61.386582036866734,60.82615237377114,60.93244171142578,2995800,0.0030221136685728,0.0031817413604331,0.0385376095423564,0.0566347097833548,0.0153268319578629,59.9801887512207,58.52299308776856,,1,0,0.6903898914852249,0.675781714835848,1,63.34745295676433,19.4020997731708,0.1098529355541185,1.993909217157073,-0.0188508390527866,0.1039734101131283,0.0469748113498309,1,,
2025-02-27 05:00:00,60.69087527518799,60.73918760433858,60.11111626739743,60.12078094482422,2560300,-0.0133206670175071,-0.0161289950031422,0.0235236425209552,0.038965126182072,0.0065619428010419,60.04879322052002,58.5502278137207,,1,0,0.6122713463577583,0.6630796411402301,0,53.67424159712228,18.48433287640842,0.1217646754448937,1.3635638160559231,-0.0319204003202709,0.1042524748639928,0.057585785125418,1,,
2025-02-28 05:00:00,59.69562145992653,59.98550279641756,59.42506947759549,59.95651245117188,3690800,-0.0027323080484116,-0.0124145332509361,0.0205591113654732,0.0327353105057877,0.0003261177552407,60.07391605377197,58.5770272064209,,1,0,0.5309858673898091,0.636660886390146,0,51.94540841747484,17.663681201905664,0.1224673149654648,1.157482657897516,-0.034565492001979,0.1023700776356769,0.0336642961319519,1,,
2025-03-03 05:00:00,60.81648562963835,60.961426300786805,59.85988899524054,60.159427642822266,5719800,0.0033843728288172,-0.0041588015579151,0.0118641503487466,0.0415139220897651,0.0089667619518012,60.13865547180176,58.61187492370605,,1,0,0.4774365089295997,0.6048160108980367,0,53.91985758021126,17.148328231782408,0.1161827135852202,1.4514118073754332,-0.031298101685108,0.1045482185154491,0.0487319322755457,1,,
2025-03-04 05:00:00,59.77292667380004,60.758513676186,59.367094997055474,60.188419342041016,8280100,0.0004819144788223,-0.0092253996198543,0.0224885444972759,0.0374089080219064,0.0068970838207842,60.23431529998779,58.65148262023926,,1,0,0.4323537396015311,0.5703235566387357,0,54.20934633616866,16.027311077608797,0.1097463867526865,1.31863346062243,-0.0308312702146472,0.1058515553987427,0.0667301935349531,1,,
2025-03-05 05:00:00,61.02906652008721,61.78274919111791,60.95176752905575,61.69578552246094,7267500,0.0250441230538687,0.0125277075658698,0.0586966909959743,0.0523614427335454,0.0291821074612486,60.36814231872559,58.74897842407226,,1,0,0.5123511086275414,0.5587290670364968,0,66.12518469781155,16.071622969915055,0.1303464191492659,1.6969280536789566,-0.0065592892859412,0.1073487395899497,0.0854064543836272,1,,
2025-03-06 05:00:00,61.41557398113154,61.81174099524323,61.12569262144454,61.20299530029297,9261900,-0.0079874211503241,0.0180006702917241,0.0370006452492353,0.0419295519416622,0.0384966833024225,60.458004760742185,58.83661842346192,,1,0,0.529877450014844,0.5529587436321663,0,60.57544783155281,16.140620369130982,0.1300805211787745,1.3654709044244897,-0.0144943186302919,0.1084157998086735,0.0896372367323747,1,,
2025-03-07 05:00:00,61.28029040380366,61.763421057959135,61.07737641369701,61.72477340698242,4651300,0.008525368801467,0.0294923917939788,0.039037081178409,0.0464122269904188,0.0495402612282427,60.56091175079346,58.93324455261231,,1,0,0.5791937493560226,0.5582057447769376,1,64.01885896591568,16.13508858186592,0.1311723641765738,1.493240542427202,-0.0060925192406739,0.1087306757663813,0.090094164428027,1,,
2025-03-10 04:00:00,60.84547814804684,60.93244181664221,59.92752913198336,60.32369613647461,5049200,-0.022698783538172,0.0027305528009282,0.011012227283625,0.0224953575973916,0.0240697757400782,60.613090133666994,58.99527862548828,,1,0,0.4994645292625108,0.5464575016740523,0,51.10997498750324,15.293084414310878,0.1558297596914956,0.7246105544511995,-0.0286530100033999,0.1091704369663152,0.0935047561971311,1,,
2025-03-11 04:00:00,60.43964565296807,60.61357298781933,59.86955131895437,60.27538299560547,4547800,-0.0008008982201593,0.0014448569096032,0.0167890074150911,0.0154624963769816,0.0425024391956103,60.6391794204712,59.05267456054688,,1,0,0.4274526728890038,0.5226565359170425,0,50.73010550799397,14.575848659210848,0.1538237979295654,0.5218419202842356,-0.0294309600788453,0.1099974064252486,0.0988207709349699,1,,
2025-03-12 04:00:00,60.66188184756947,60.81648350459504,60.27537954800268,60.69087219238281,3178500,0.0068931821935935,-0.0162882005888761,0.0156856653966881,0.0242656298264696,0.0389792529993082,60.68072834014893,59.116061248779296,58.69856437683106,1,1,0.3993063091154809,0.4979864905567303,0,53.90317028809508,13.651053901920864,0.1532287912425023,0.7753396200525626,-0.0227406508552076,0.110170998068937,0.0992492726918523,1,,
2025-03-13 04:00:00,60.3043704672318,60.53627481215096,60.14976879928386,60.32369613647461,4088500,-0.006049938691675,-0.0143669302377125,0.0077481316489667,0.0125491203494745,0.0368914059913569,60.695705604553225,59.17461669921875,58.713249702453616,1,1,0.3434134178345474,0.4670718760122937,0,50.79018950774437,12.94994622616727,0.1549794155497598,0.434778458400859,-0.0286530100033999,0.1109839448673332,0.1062349822583648,1,,
2025-03-14 04:00:00,60.97109050519228,61.44456019470024,60.893791512902055,61.39624786376953,4258300,0.0177799404875393,-0.005322426071081,0.0228590824857573,0.0418495147642179,0.0493554395288824,60.73194065093994,59.26235328674316,58.73099859237671,1,1,0.3812688297737594,0.4499112667645869,0,58.35581847705911,12.85397527581233,0.1661770552190907,1.2555973056354237,-0.0113825183285098,0.1106712268994432,0.0965551847851415,1,,
2025-03-17 04:00:00,61.59915753093034,62.26588018324265,61.57983186271896,62.1982421875,5473100,0.0130625950548313,0.0310747877050583,0.0251632821077465,0.0490323620023063,0.0535238773130828,60.80247783660889,59.36748252868652,58.75285131454468,1,1,0.4705594395419652,0.4540409013200626,1,62.94352080900221,13.563562024059184,0.1680212253926351,1.437780631704506,0.0,0.1112589508584537,0.1021297968690946,1,,
2025-03-18 04:00:00,62.101611807391066,62.17891448228664,61.78274748843285,62.120941162109375,4476100,-0.001242816881506,0.0306187712923942,0.0219361336041155,0.0572149621403319,0.049356166619487,60.85127410888672,59.47299819946289,58.779150562286375,1,1,0.5289875056877023,0.4690302221935905,1,62.23189357523397,14.22246400457412,0.1682169799513621,1.6748715351543813,-0.001242816881506,0.1123348292334045,0.1106100996692671,1,,
2025-03-19 04:00:00,62.07262716418885,62.52677117897053,61.937351164720575,62.28520584106445,3635000,0.0026442722193538,0.0262697435559633,0.0186473110056468,0.0625875025828168,0.0452826253322427,60.92857513427735,59.57580841064453,58.80448806762696,1,1,0.5818398680183776,0.4915921513585479,1,63.18441948705059,15.1569463434766,0.1674264239134849,1.8228621503936384,0.0,0.1114184388045237,0.0983244010382835,1,,
2025-03-20 04:00:00,61.4445549759603,61.86970861243292,61.41556831706274,61.80207061767578,2773300,-0.0077568214933977,0.0245073590626234,0.017499169252801,0.0579459133165731,0.0404782295539107,60.96336040496826,59.66006629943848,58.82600219726562,1,1,0.578077058656497,0.5088891328181377,1,58.51036679912116,15.2395446648267,0.1681078367207474,1.6869297337267042,-0.0077568214933977,0.1108747896251961,0.1028591506301024,1,,
2025-03-21 04:00:00,61.33785078237514,61.589829578696495,61.2603165699472,61.50260543823242,4668100,-0.0048455525268066,0.0017323139143434,0.0064844346911012,0.0565999341891712,0.038911147713573,61.002980613708495,59.74355278015137,58.84479902267456,1,1,0.5446522557118954,0.5160417573968893,1,55.75711330631875,15.092573567440294,0.1681246642834379,1.648278888651042,-0.012564787934217,0.1103011494251615,0.0860234420517971,1,,
2025-03-24 04:00:00,61.74489273601562,61.74489273601562,61.415379735647605,61.59952163696289,3859300,0.0015758063912885,-0.0096260043608986,0.0146486151425575,0.0840978986434832,0.0206507397499244,61.06242351531982,59.83148971557617,58.86595733642578,1,1,0.5199890754607139,0.5168312210096542,1,56.47099596436548,15.130621026601162,0.16629877301164,2.54815087188574,-0.0110087812160603,0.1085313353642052,0.0571743530679826,1,,
2025-03-25 04:00:00,61.870883951078895,61.92903460889407,61.70612560245322,61.80304336547852,4184100,0.0033039498214788,-0.00511740148626,0.0230485758251632,0.0876797037021721,0.0312955969622246,61.1151330947876,59.94224258422852,58.88555252075195,1,1,0.5109756211231726,0.5156601010323579,0,58.00347937392015,15.375324416183435,0.1651991124734758,2.6490792709133406,-0.0077412038553148,0.1086287983376887,0.058531314622759,1,,
2025-03-26 04:00:00,61.541372600718034,61.62859674126186,61.066484791749495,61.16340255737305,3345700,-0.0103496652150751,-0.0180107502021259,0.0068240101521217,0.0750514221905835,0.0153104397784196,61.12668113708496,60.04445434570312,58.90101100921631,1,1,0.4470652363531755,0.5019411280965215,0,51.82773457432592,14.628590812756585,0.168967273776774,2.255463791382265,-0.0180107502021259,0.1088034358761885,0.0490875183126393,1,,
2025-03-27 04:00:00,61.10525187557557,61.47353199074043,61.06648476934038,61.2990837097168,2480700,0.002218338854129,-0.0081386740433115,0.0060171886763937,0.0712504238219748,0.0036343770472258,61.18559627532959,60.14319557189941,58.92043252944946,1,1,0.4027218047533552,0.4820972634278882,0,52.97157071123535,13.935195291340191,0.1688316627683195,2.152952582982818,-0.0158323652949623,0.1093351658298984,0.0515685280586279,1,,
2025-03-28 04:00:00,61.01802605554512,61.01802605554512,60.46560774652048,60.58190536499024,4341900,-0.0116996584830333,-0.0149700986922716,0.0076699672379376,0.0553311851722395,-0.0004898367835891,61.216865921020506,60.21425880432129,58.935517387390135,1,1,0.3061795695359564,0.4469137246495019,0,46.66426988614778,13.422821588008514,0.1672652191403368,1.6706167992596486,-0.0273467905110659,0.1102767788180365,0.0577857164724673,1,,
2025-03-31 04:00:00,59.81627483432828,60.291158928751145,59.56429235003342,60.18455123901367,4207500,-0.0065589572262974,-0.0229704770483178,0.0038034031420273,0.0462959364612571,-0.0308935553608377,61.21812210083008,60.27370315551758,58.95119623184204,1,1,0.1953540752616689,0.3966017947719353,0,43.56890013887323,13.962353791600698,0.1686921248987579,1.4067387308884385,-0.0337263813081247,0.1088229622698959,0.0630348709628225,1,,
2025-04-01 04:00:00,60.17486295230379,60.53344943908022,59.93257408612396,60.35900115966797,4379800,0.002898583059322,-0.0233652281048858,0.0033174104984943,0.0516252262977321,-0.0237536466366723,61.22665119171143,60.33103225708008,58.9647442817688,1,1,0.1202149600247537,0.341324427822499,0,45.28488368006887,14.098095896996192,0.1685861910069356,1.557976577269357,-0.0309255569663148,0.1088310048921695,0.0409646997101869,1,,
2025-04-02 04:00:00,59.981030032295386,60.59159899916661,59.95195655193211,60.51406478881836,2678100,0.0025690224518493,-0.0106164428629619,0.0054104336072817,0.0614748649301688,-0.0161053725076004,61.167565155029294,60.371750869750976,58.982070693969725,1,1,0.0723450599847623,0.2875285542549518,0,46.83250482452786,14.134706181871657,0.1687833178430291,1.8450149643831664,-0.0284359829646478,0.1084244491359069,0.0243066219241856,1,,
2025-04-03 04:00:00,59.69997351587308,59.95195600015106,59.21539579676036,59.30261993408203,5641300,-0.0200192279094789,-0.032569227055482,-0.0387897741817008,0.0414605908000202,-0.0332636640252029,61.07254638671875,60.39075286865234,58.99493526458741,1,1,-0.0626237681735091,0.2174980897692596,0,37.82985440132608,14.952308272538364,0.1573819768254872,1.2255044784118274,-0.0478859444503274,0.1117615888273163,0.0411076017680578,1,,
2025-04-04 04:00:00,57.073560961851065,57.23831930244575,55.561680902698114,55.677978515625,9165700,-0.0611211009308865,-0.080947055392536,-0.0902736337912781,-0.0205326039449276,-0.0955733020630609,60.77020664215088,60.329725189208986,58.98869127273559,1,0,-0.4568000997621908,0.0826384518629695,0,23.360457566733743,17.87495382042161,0.2586213574413886,-0.3495241867308134,-0.1060802037372946,0.1114555146152584,0.0280375629008802,1,,
2025-04-07 04:00:00,53.65244832355185,56.10441052131768,53.41984938009921,54.16609954833984,20278100,-0.0271539845301833,-0.0999999429550032,-0.1224577012021487,-0.0521237486514645,-0.1108009619591775,60.46232681274414,60.23266227722168,58.97357404708863,1,0,-0.8810277404226525,-0.1100947865941548,0,19.935336085529684,21.233193490491725,0.2656518432042108,-1.0037900276237728,-0.1303536880562368,0.1086225309983814,-0.0009946113848521,0,,
2025-04-08 04:00:00,55.95903947956339,56.0268800679312,53.28416826350316,53.82689666748047,9830600,-0.0062622725964724,-0.1082208844859459,-0.1076989621838815,-0.0653296289370555,-0.1230707790566123,60.13990249633789,60.13577247619629,58.95694849014282,1,0,-1.2304185406619652,-0.334159537407717,0,19.253270196945167,24.386050688233624,0.2586944763059502,-1.29593871964072,-0.1357996503241456,0.1096598920162638,0.004483402865737,1,,
2025-04-09 04:00:00,53.94319207798357,57.8779645270801,53.613679077842136,57.66474914550781,13549500,0.0712999023840432,-0.0470851801685124,-0.0433117753940773,0.0058691405827617,-0.0586517291103251,59.98859634399414,60.11428695678711,58.96119602203369,0,0,-1.1839824338767784,-0.5041241167015293,0,43.01108858166536,25.32799979904265,0.3707377015032045,0.2153169591559479,-0.074182249752001,0.1063136539977197,-0.0334894480446893,0,,
2025-04-10 04:00:00,56.87003924706638,56.947569756716575,55.48414672737104,56.62775039672852,6399300,-0.0179832352372258,-0.0451054192938991,-0.0669478234350411,-0.0100506570775529,-0.0667514333853038,59.80379905700684,60.071868133544925,58.958177394866944,0,0,-1.216831738333724,-0.6466656410279683,0,39.61905339273749,26.20266683050817,0.3733531352516342,-0.0455295871994161,-0.0908314481415101,0.1091862086354387,-0.0089387356995899,0,,
2025-04-11 04:00:00,57.12202233201067,58.27531971268539,56.98634115711594,58.17840194702149,5625000,0.02738324477715,0.0449086604445381,-0.0355630428314549,0.0339996163973392,-0.0401440219583828,59.64290676116944,60.04635505676269,58.96291202545166,0,0,-1.1050026453540127,-0.7383330418931773,0,46.42325131622929,25.809270696444354,0.3876389937436679,0.6607055524105125,-0.0659354631422821,0.1102096431059351,-0.0069767006599349,0,,
2025-04-14 04:00:00,58.64359447888155,59.10879234689237,58.41099924191078,58.81804275512695,5175600,0.0109944719466157,0.0858829276166646,-0.0419928773882614,0.049332549970195,-0.0286774184464769,59.47389678955078,60.04542312622071,58.972547664642335,0,0,-0.9537691588075958,-0.781420265276061,0,48.977400337154485,24.783721514577437,0.3840961677198016,0.8963626847011151,-0.0556659167954713,0.1103507788195169,-0.0028954958655827,0,,
2025-04-15 04:00:00,59.11848342091445,59.4189229462811,59.04094920906447,59.13786697387695,3628700,0.0054375188933351,0.0986675925087301,-0.0492035643772275,0.0492502656182085,-0.0290321974524887,59.32474308013916,60.06267601013184,58.983262119293215,0,1,-0.7988991771537783,-0.7849160476516045,0,50.2543817563384,23.59438839912302,0.3812854796319673,0.8951164324829939,-0.0505310823764263,0.1112624381730088,3.134412582750379e-05,1,,
2025-04-16 04:00:00,59.031257655829634,59.41892131033686,58.604830593499365,58.827735900878906,3863700,-0.0052442045827428,0.0201680710070633,-0.0530128037280793,0.0315453583382672,-0.0347264281491915,59.15186958312988,60.05884582519531,58.99218942642212,0,0,-0.6931978335085631,-0.7665724048229963,1,48.97438288964643,22.77313379600581,0.3814204870816912,0.6224223513053667,-0.0555102916253998,0.1131950453586483,0.0076576083402986,1,,
2025-04-17 04:00:00,59.38015472239452,59.78719823583936,59.273547031625256,59.42861175537109,3134100,0.0102141591086324,0.0494609328292223,-0.0458631234675959,0.0387377674296416,-0.0091115650084305,59.03319664001465,60.05930313110352,59.00379001617432,0,1,-0.5545505834736559,-0.7241680405531282,1,51.54928090269451,21.708229403845824,0.3835567212179822,0.7331487384949482,-0.0458631234675959,0.1141883260278702,0.0248602228954764,1,,
2025-04-21 04:00:00,59.69997076317564,59.78719489647551,58.81803950293672,59.21539306640625,3914600,-0.0035878120431707,0.0178243314474169,-0.041854221475384,0.029966440909048,-0.0176461531188755,58.91883602142334,60.0502783203125,59.01323663711548,0,1,-0.4566130541218669,-0.670657043266876,1,50.57401200826233,21.034515026841657,0.383033961711348,0.5967247498270204,-0.0492863872440522,0.1165529140931554,0.0512120427660227,1,,
2025-04-22 04:00:00,60.01979716543063,60.58190540257875,59.94226295504627,60.310543060302734,3478900,0.0184943464390812,0.0253748719825548,-0.0193823069679037,0.0313349413673804,0.0021013006678436,58.85438709259033,60.07088661193848,59.0247534942627,0,1,-0.2873154113374525,-0.5939887168809914,1,55.256383483902034,19.74696742225337,0.3891482874896427,0.6175095264535431,-0.0317035603253932,0.1156982742581603,0.0489308122456217,1,,
2025-04-23 04:00:00,60.89203850930064,61.30877195023682,60.46560774652048,60.58190536499024,5937700,0.004499417364161,0.0244181683412958,-0.0165198729621631,0.038205468699489,-0.0014289568684024,58.79333019256592,60.087452774047854,59.03616086959839,0,1,-0.1297534228978065,-0.5011416580843545,1,56.35959769857862,18.674773640752733,0.3894903569606777,0.7240572152404835,-0.0273467905110659,0.1144454757221865,0.0544924683561192,1,,
2025-04-24 04:00:00,60.92111046052855,61.39599454729725,60.72727863658775,61.35723114013672,2921300,0.0127979760701704,0.0429983442422441,-0.0072134348256193,0.0447453972089337,0.0214274301689743,58.8030216217041,60.11739952087402,59.052296295166016,0,1,0.0570206005112936,-0.3895092063652249,1,59.43696011665688,17.744645605540832,0.3920412911822863,0.8227879361856303,-0.0148987980114521,0.1135206478403027,0.0450327130325696,1,,
2025-04-25 04:00:00,61.09556359004952,61.43476653613987,61.02772300083144,61.40569305419922,3611900,0.0007898321544499,0.0332681723572223,0.0039613639316238,0.0404350801255026,0.0262919698247043,58.808352088928224,60.14503036499024,59.06919427871704,0,1,0.2065696250959305,-0.2702934400729938,1,59.62859070581652,16.91185753380271,0.3902509537210938,0.7569147260528759,-0.0141207334067341,0.1127953339431625,0.03668908095436,1,,
2025-04-28 04:00:00,61.58983012937733,61.80304551842583,61.41538184688944,61.764278411865234,3023100,0.0058396109518625,0.0430443034060514,0.0075889340263448,0.0527155035203354,0.0415462255537641,58.86747074127197,60.16688499450684,59.08447967529297,0,1,0.3499886942555861,-0.1462370132072778,1,61.09324790322382,16.43911324776181,0.3906562401838793,0.945272529132136,-0.0083635820443218,0.1134107583359959,0.0372761359546316,1,,
2025-04-29 04:00:00,61.773972597046175,62.06471850481689,61.75458904359015,61.95811080932617,2903500,0.0031382605357808,0.0273180718564594,0.0227164437309235,0.0548031855653718,0.0426434339119696,58.9561487197876,60.190297241210935,59.09936260223389,0,1,0.4738280001552724,-0.0222240105347677,1,61.89793872916973,16.212533481170077,0.3881206579380881,0.9769084766048852,-0.0052515686080084,0.113054502053503,0.0251886504596754,1,,
2025-04-30 04:00:00,61.55105979936836,62.04532744250928,61.28939108637495,61.89026641845703,3457700,-0.0010950041888451,0.0215965649410372,0.0283414122782004,0.0534748055873346,0.0443400443827213,59.03271198272705,60.20520225524902,59.11135217666626,0,1,0.5600412599201121,0.0942290435562081,1,61.41911037736126,15.519335853967874,0.3871774916457721,0.9566342656614846,-0.0063408223072297,0.112885899767896,0.0373352959086281,1,,
2025-05-01 04:00:00,62.01625875657095,62.1519362307578,61.67705213148258,61.73520278930664,2552500,-0.0025054606826534,0.0061601809949125,0.0228002717605979,0.0383682319567824,0.0347565649779733,59.09376888275146,60.225122604370114,59.12502597808838,0,1,0.6088352763857472,0.197150290122116,1,60.27149511493604,14.972576430227626,0.3874040373853646,0.7270566252821128,-0.0088303963088968,0.1118106758365602,0.027378879275653,1,,
2025-05-02 04:00:00,62.94664334091333,63.12109161718014,62.830349419448304,63.02417755126953,3696700,0.0208790884896252,0.026357238499723,0.041479824090663,0.0706627666416175,0.0600749406453611,59.27984676361084,60.26347885131836,59.14348918914795,0,1,0.7429501104526182,0.3063102541882164,1,65.96452836265367,15.283649432991012,0.3932740617842224,1.2107507629424208,0.0,0.1124755788158318,0.037363617820616,1,,
2025-05-05 04:00:00,63.25677490234375,63.41184332823861,63.23739504614165,63.25677490234375,3600000,0.0036906050996858,0.0241643961340574,0.0666775763475031,0.0854831931397899,0.0703154226931563,59.658786582946775,60.31441032409668,59.16538570404053,0,1,0.8581139416681509,0.4166709916842034,1,66.8866529733217,15.79517391546772,0.384860624941204,1.4345991238171778,0.0,0.1135417636676961,0.0159283243828101,1,,
2025-05-06 04:00:00,63.24708725423404,63.32461407137498,63.03387187044043,63.15017318725586,4575000,-0.0016852221007546,0.0192398115817025,0.1342037708774561,0.0699928985742273,0.0747311084855606,60.10799026489258,60.36920051574707,59.18958715438843,0,1,0.9300590977796616,0.5193486129032951,1,66.00403566222568,16.022597996275675,0.3064870492310559,1.2083969813286168,-0.0016852221007546,0.1143058379637225,0.025573641271168,1,,
2025-05-07 04:00:00,62.840034013661565,63.00479605489494,62.60743878271967,62.78188705444336,2928600,-0.0058319100997623,0.0144064759708391,0.1590623577836627,0.0568318857294036,0.0672554182623235,60.55573978424072,60.40986122131348,59.213886432647705,1,1,0.946448470488484,0.604768584420333,1,62.915202620154034,15.723567905802192,0.2854380207707282,1.0091138114477525,-0.0075073041367272,0.1131633029076264,0.0418032232126199,1,,
2025-05-08 04:00:00,62.89819006147996,62.985410502657054,62.61713409423828,62.61713409423828,2429900,-0.0026242116625485,0.0142857116375165,0.1633056700455932,0.0494497562534963,0.0611984005258827,60.803359031677246,60.44355506896973,59.23471319198608,1,1,0.9353607232726162,0.6708870121907897,1,61.52803315665486,15.445897107505386,0.2835475332873841,0.896569490923739,-0.0101118150442059,0.1120853512016857,0.0221180154459954,1,,
2025-05-09 04:00:00,63.14047839581514,63.18893173137438,62.849728806182846,62.96603012084961,2604000,0.005571893885885,-0.0009226210111606,0.0919327848277784,0.062177693207112,0.0555547704025334,61.1202730178833,60.50046005249023,59.25903450012207,1,1,0.9438465220408788,0.7254789141608076,1,63.36990514845623,15.390594606848053,0.162362534303204,1.09105062949013,-0.0045962631187409,0.112853667481462,0.0615162139369467,1,,
2025-05-12 04:00:00,63.53783153473584,63.59598589208159,63.22770207381362,63.5862922668457,4785100,0.0098507424528055,0.0052092027298367,0.1228821879973389,0.0641416614748409,0.0790129698294166,61.39066753387451,60.57305564880371,59.29009910583496,1,1,0.9892184555479986,0.7782268224382458,1,66.44550413781727,15.734100156301174,0.1416550873222402,1.1199057140972943,0.0,0.1103195963192273,0.0103803190709994,1,,
2025-05-13 04:00:00,63.42153806091164,63.89642218388596,63.392464579066015,63.7122802734375,3270300,0.0019813705454483,0.0089011170961457,0.0951191188003974,0.0643567208380979,0.0628177531847067,61.63537940979004,60.64411270141601,59.32321262359619,1,1,1.0235434472199003,0.8272901473945768,1,67.05067334350187,16.33221474205412,0.1176737551896032,1.1231417472375609,0.0,0.1098129703107055,-0.0035992566898008,0,,
2025-05-14 04:00:00,63.98364167838736,64.06117589153634,63.595985400781565,63.66382598876953,3050100,-0.0007605171948016,0.0140476652694649,0.0823859993746594,0.0606368451521137,0.079980578703136,61.86167736053467,60.713620834350586,59.35248914718628,1,1,1.0349066351121865,0.8688134449380989,1,66.55352632496917,17.03997996984393,0.1163641267948604,1.0669055159315608,-0.0007605171948016,0.1095894054033609,-0.0068995744688066,0,,
2025-05-15 04:00:00,63.96426387403859,64.17747927000322,63.78981558589206,64.16778564453125,4526900,0.0079159498810301,0.0247640134401432,0.0850541104716571,0.0576256727421522,0.0899347815818307,62.12867984771729,60.76306083679199,59.38551525115967,1,1,1.0722175197026615,0.9094942598910116,1,69.11820248210466,17.807416860329162,0.1171172273818869,1.0224729582763965,0.0,0.109920011124523,-0.01206541102756,0,,
2025-05-16 04:00:00,64.09994075570651,64.27438903215422,63.9254924792588,64.24531555175781,2862100,0.0012082372244548,0.0203170730067132,0.092092268517816,0.056883687673195,0.1095137929928158,62.36951503753662,60.82390724182129,59.41878711700439,1,1,1.0954154131098193,0.9466784905347732,1,69.50560320116242,18.61509396717349,0.1128089992035087,1.0112067584993534,0.0,0.10936013641923,-0.0338787702877605,0,,
2025-05-19 04:00:00,64.11933763582412,64.69113588702002,64.11933763582412,64.68144226074219,3347100,0.0067884592867011,0.0172230516178013,0.0883889148714021,0.0578367100367283,0.1227562144297682,62.64281749725342,60.88304061889649,59.44950973510742,1,1,1.1358977689106524,0.984522346209949,1,71.65935514561222,19.76321380766133,0.1111300906279254,1.0254537017832197,0.0,0.1099822231474981,-0.036834788867519,0,,
2025-05-20 04:00:00,64.72989532814316,64.89464998499251,64.65236111524834,64.88495635986328,4745700,0.0031464063262642,0.0184058093885972,0.0957447548663399,0.0682552952244111,0.1275904971946142,62.871538162231445,60.974265823364256,59.48787174224854,1,1,1.1709047533692782,1.0217988276418148,1,72.63076994680867,21.014580492783967,0.1076822599992317,1.1847375539326548,0.0,0.1107004725628534,-0.0502127430775725,0,,
2025-05-21 04:00:00,65.01095687540644,65.18540517233426,64.54575895224218,64.58452606201172,4124700,-0.0046301995825553,0.0144619029557633,0.0708662662419663,0.0569197799042828,0.1253422050237063,63.07166919708252,61.06044868469238,59.52960338592529,1,1,1.1610222843459184,1.0496435189826356,1,68.87752890911257,22.434513462301748,0.0989468524087751,1.0127069866780996,-0.0046301995825553,0.1120764733040741,-0.0313038459502419,0,,
2025-05-22 04:00:00,64.37130520850401,64.65236118499882,64.23562403282646,64.47791290283203,2780700,-0.0016507539139842,0.0048330677954009,0.0643097557656755,0.0620606020239633,0.1162779731599259,63.22770328521729,61.136189498901366,59.57751834869385,1,1,1.1315438325629046,1.0660235816986896,1,67.54363284428352,23.128671248391047,0.1002796790506002,1.092210724512648,-0.0062733101764562,0.1118473224082016,-0.0227021059381312,0,,
2025-05-23 04:00:00,64.17748034423154,64.81711914876217,64.119333378566,64.69113159179688,8117500,0.0033068484906786,0.006939276991797,0.0543359012411381,0.0708561656443209,0.1196011095665254,63.391975212097165,61.22353820800781,59.62564807891846,1,1,1.112561991310585,1.0753312636210688,1,68.84319337223175,23.93935919916968,0.0937626897555668,1.2262849147030597,-0.002987206572066,0.1129884308064663,-0.0046882839726658,0,,
2025-05-27 04:00:00,65.27262233555949,65.40830351588264,65.16601463758133,65.32108306884766,7352800,0.0097378336342266,0.0098890931579256,0.0637626548924796,0.0752644891063059,0.1332986089509487,63.569815444946286,61.30203491210938,59.675366687774655,1,1,1.135263948711696,1.087317800639194,1,72.36397216074393,25.239531300313185,0.0967355651600336,1.2907844829609074,0.0,0.1117650119595239,-0.0091344379915379,0,,
2025-05-28 04:00:00,64.87526585024631,64.92371918455792,64.66205047588198,64.75896453857422,3286700,-0.0086054686154081,-0.0019417724594016,0.0484857299997807,0.0627994335968142,0.1229907710764837,63.70985813140869,61.35324935913086,59.717119140625,1,1,1.0952715374376396,1.0889085479988834,1,65.2756640689804,25.46236819279288,0.1039971676039263,1.100235186224876,-0.0086054686154081,0.1114479944976136,-0.0173066811930429,0,,
2025-05-29 04:00:00,65.19508483309004,65.19508483309004,64.76866145674548,65.04002380371094,3749600,0.0043400827536286,0.0070527380082012,0.0497418813150911,0.0818226706569456,0.1239760275257195,63.86734600067139,61.41163101196289,59.759330921173095,1,1,1.0738774068784025,1.0859023197747872,0,67.01541051886274,25.94169724239605,0.1042056289763132,1.392957132202947,-0.0043027343077041,0.1114915997510727,-0.0138243260908852,0,,
2025-05-30 04:00:00,64.95279384392937,64.97218109326143,64.45852989699917,64.8752670288086,3976400,-0.0025331598186306,0.0061626393921183,0.0482305341872202,0.0820387039963759,0.1174595769509772,64.02434921264648,61.463432235717775,59.80048244476318,1,1,1.0317347139195263,1.075068798603735,0,64.96078199389382,25.80626633871241,0.1049186848466939,1.3962489507026166,-0.0068249946126762,0.1113336956414718,-0.0137502037864394,0,,
2025-06-02 04:00:00,65.11756006967587,65.55367708476133,64.89465105245398,65.54398345947266,3240100,0.0103077252902421,0.0131834433359012,0.0616954427632616,0.0895047713655039,0.1347343875603988,64.15033950805665,61.538270492553714,59.84081523895264,1,1,1.0403041744301262,1.0681158737690133,0,69.10153168105644,26.279727485736647,0.1069454274255612,1.5043879530360469,0.0,0.1118512340664694,0.0003627402267778,1,,
2025-06-03 04:00:00,65.1175591756143,65.30169368915331,64.94311089316136,65.22416687011719,11770300,-0.0048794194749121,-0.0014836894028276,0.0349070690697705,0.0836663860444455,0.1242051622064137,64.24870910644532,61.61270172119141,59.87945434570312,1,1,1.009650386512014,1.0564227763176135,0,65.13696464164582,26.71936997940201,0.0878265925177537,1.4161437359239557,-0.0048794194749121,0.1106743461082371,-0.0160144337691652,0,,
2025-06-04 04:00:00,65.54397367980337,65.79595614122394,65.4761331010442,65.65058135986328,8502100,0.0065376762971189,0.0137682377666488,0.0378426889643852,0.0641015557855659,0.1198194484615085,64.37372951507568,61.69372291564942,59.91667812347412,1,1,1.0081438693876947,1.0467669949316298,0,67.79040316806635,27.60147218640752,0.0892031493796959,1.138566006558485,0.0,0.1114278112697551,-0.01861828044285,0,,
2025-06-05 04:00:00,65.94134526687795,66.00918586039455,65.60214229929491,65.73782348632812,3754500,0.0013288858172728,0.0107287734814354,0.0409761393907701,0.0740948733601187,0.1191311901429452,64.52152633666992,61.77241851806641,59.952446155548095,1,1,1.002434216550867,1.0379004392554774,0,68.32163677376175,28.61044335295088,0.0883323885194537,1.2949937887721692,0.0,0.1121177251807049,-0.019142616177767,0,,
2025-06-06 04:00:00,65.90256833838389,65.98978877673744,65.7474999225522,65.91226196289062,4429500,0.002653548099273,0.0159844418616657,0.0498611152884376,0.0678412949092253,0.1174021874782951,64.68628273010253,61.86739570617676,59.98577547073364,1,1,1.0004524101332637,1.030410833431035,0,69.4080816331963,29.54734515045543,0.083708599835778,1.2005908645951933,0.0,0.1112725790837867,-0.0167079236400786,0,,
2025-06-09 04:00:00,65.99948119517435,66.28053714818152,65.94133423733457,66.06732177734375,3823000,0.0023525184819241,0.0079845363410766,0.0550997380032272,0.0952134237244834,0.1198506413366291,64.84134731292724,61.9627604675293,60.02129903793335,1,1,0.999867989618494,1.0243022646685265,0,70.38052424463021,30.68596022760157,0.0817474674509047,1.6462303015629047,0.0,0.1114339164006019,-0.005811953070581,0,,
2025-06-10 04:00:00,66.38715030175248,66.39684392688052,66.11578795072344,66.30961608886719,3411300,0.0036673851006099,0.0166418257347999,0.053101425667146,0.1001110701146712,0.1171215335505966,64.97751350402832,62.07731468200684,60.05562185287476,1,1,1.007343924440761,1.0209105966229737,0,71.88447004317695,31.84857523669048,0.0811301390226297,1.721411015718093,0.0,0.1112120524408335,-0.0145464040049753,0,,
2025-06-11 04:00:00,66.53252198308915,66.62943604761732,66.30961298001215,66.36776733398438,3668000,0.0008769654922937,0.010924289766603,0.0437433127169288,0.0935378737614196,0.120073259007339,65.11028785705567,62.20097900390625,60.09260036468506,1,1,1.0063602812545582,1.0180005335492903,0,72.24866934815799,33.136702550587,0.0766906722724494,1.6219134721395227,0.0,0.1116279349094591,0.0118595302546784,1,,
2025-06-12 04:00:00,66.5712987936712,66.79420043517764,66.52283805730707,66.73605346679688,3832900,0.005549171647724,0.0151850172021037,0.047459817485453,0.1062991451288914,0.1201822262436347,65.26389923095704,62.32852005004883,60.12621744155884,1,1,1.023500078170585,1.0191004424735497,1,74.50145213253698,34.477104634269715,0.0776393356265161,1.8198970769278624,0.0,0.1118030468942442,0.0181224183073085,1,,
2025-06-13 04:00:00,65.86381650494548,66.1739460144433,65.68936819372352,65.84443664550781,3766900,-0.0133603468435943,-0.0010290242720086,0.0342519574164918,0.0724504987928291,0.1173320317759525,65.34773178100586,62.43512748718262,60.15679540634155,1,1,0.954138747239341,1.006108103426708,0,61.48772981803933,33.7683363676604,0.0942330788471813,1.2973499405742712,-0.0133603468435943,0.1115565170470855,0.0179498340782524,1,,
2025-06-16 04:00:00,66.38714815706446,66.77481181489766,66.25146698593322,66.2805404663086,3657200,0.0066232447723513,0.0032272942693729,0.0329254749958385,0.0656336599755067,0.1178841953532685,65.44949302673339,62.57468589782715,60.18851327896118,1,1,0.9237113568899672,0.9896287541193598,0,64.73266319694991,33.77107002415625,0.0932463819390549,1.1934996315086506,-0.0068255909186315,0.1112370634998761,0.0119819163215062,1,,
2025-06-17 04:00:00,65.99949230438739,66.04795304012352,65.39862058805213,65.46646118164062,3427300,-0.0122823271949898,-0.0127154243525792,0.0190075434978449,0.0538549474129965,0.1141512183306325,65.48874397277832,62.77045555114746,60.21772165298462,1,1,0.8244048106097921,0.9565839654174464,0,55.35628535474623,32.26483231625841,0.1048737767601521,1.000157785790974,-0.0190240839726596,0.1108177662595712,0.0133287127107581,1,,
2025-06-18 04:00:00,65.58275056655775,65.86380654737248,65.40830228170964,65.54398345947266,3299700,0.0011841525635079,-0.0124124090293133,0.0133352190146505,0.0523202512443123,0.1181823476870163,65.52169532775879,62.99801322937012,60.24656087875366,1,1,0.7433897231733653,0.9139451169686302,0,56.009735862040216,30.86618301606757,0.1026952389447644,0.9756682482641972,-0.0178624588269563,0.1109657068062286,0.0089422056636507,1,,
2025-06-20 04:00:00,65.7148135556426,65.7343333963557,64.99246028960528,65.02174377441406,4263300,-0.007967774576617,-0.0256879093582561,0.002108152986836,0.052096525643227,0.1130612197188174,65.5435562133789,63.22191017150879,60.27193748474121,1,1,0.6297845404971412,0.8571130016743325,0,50.63305189353851,28.907807659139447,0.1064410748640238,0.971985402516942,-0.0256879093582561,0.1103406847439784,-0.0032501019240979,0,,
2025-06-23 04:00:00,64.7191371405019,65.53910449626541,64.6703263680253,65.51958465576172,7742000,0.0076565292231296,-0.0049336285082827,0.0144780592312807,0.0653139682279571,0.1256106687204643,65.59563980102538,63.37900688171387,60.30486429214478,1,1,0.5733144016931107,0.8003532816780882,0,55.06171690260143,27.0694763578754,0.1080275158413117,1.1821162866113797,-0.0182280603638089,0.1100980430668069,-0.017652502607746,0,,
2025-06-24 04:00:00,66.11503876465993,66.59335304418235,66.09551147714092,66.5152587890625,7022100,0.0151965879901716,0.0035412855885388,0.0315975780621302,0.079801547503413,0.1706105886004314,65.68684616088868,63.57675704956055,60.3433843421936,1,1,0.6019649143841121,0.760675608219293,0,62.33858545855741,26.265653955356225,0.1186381989431978,1.4016099634430892,-0.003308476696846,0.110549878589354,-0.011600133028776,0,,
2025-06-25 04:00:00,66.40787681061134,66.40787681061134,66.15407422141384,66.33954620361328,6358800,-0.002641688368175,0.0133363711160472,0.0254813074258455,0.0734025800526956,0.1675182002248632,65.73776931762696,63.73997993469239,60.38055284500122,1,1,0.6035349398539438,0.7292474745462232,0,60.47739233597898,25.51924743873128,0.1192902010517042,1.301687849299316,-0.0059414251006146,0.1101961014417963,-0.0247134095476806,0,,
2025-06-26 04:00:00,66.74952947570121,67.05214283142504,66.71048235085047,66.99356842041016,4377600,0.0098587080289864,0.0221162169954747,0.0256040664512515,0.0953211498913626,0.1775265599461348,65.84949951171875,63.903490447998045,60.426430797576906,1,1,0.6500598381875591,0.7134099472744904,0,64.70176133279827,25.51997900245184,0.1193995615480563,1.643268040592874,0.0,0.1104185794946583,-0.0120469943254982,0,,
2025-06-27 04:00:00,67.22785960852899,67.49141842500867,66.99357683001537,67.26690673828125,4072600,0.0040800680470667,0.0345294179075932,0.0387273363244273,0.0973558276470365,0.1755428954504019,65.96084365844726,64.06607124328613,60.470695629119874,1,1,0.7009076461345387,0.7109094870465,0,66.32191548213876,25.936129561065123,0.1142045029934139,1.6741029717340574,0.0,0.1103209836206371,-0.010112437483123,0,,
2025-06-30 04:00:00,67.208328746363,67.50117848019458,67.0619038794472,67.4426040649414,4094200,0.0026119430070383,0.0293502991400691,0.0369400273973052,0.1132466643070606,0.1748439216322126,66.0892105102539,64.23836860656738,60.51702140808106,1,1,0.7467738619389763,0.7180823620249953,1,67.35900445789866,26.33170275906906,0.11388344927717,1.926085028273275,0.0,0.1100828181760943,-0.012635764291873,0,,
2025-07-01 04:00:00,67.37426979118176,67.54022193665415,67.29618298755219,67.46212768554688,4750100,0.0002894849757977,0.0142353636402008,0.0398743739365197,0.1209210054193381,0.1728150930643204,66.18511772155762,64.3990389251709,60.56178937911987,1,1,0.7757561276809071,0.7296171151561777,1,67.47884794759563,26.738042281549856,0.1129608141379215,2.0465813193769726,0.0,0.1101503279098913,-0.0106290168916273,0,,
2025-07-02 04:00:00,67.29618732288085,67.68664370861568,67.14976245449121,67.67688751220703,5196600,0.0031834131834855,0.0201590361273968,0.0325415688848573,0.1212393547265804,0.1791235901482633,66.30775375366211,64.56826881408692,60.60498239517212,1,1,0.8067543433925692,0.745044560803456,1,68.83436324643098,27.26682096269044,0.108892411435155,2.051346710704564,0.0,0.1100023110226803,-0.016530197983245,0,,
2025-07-03 04:00:00,67.64760429793567,67.9013994601803,67.64760429793567,67.83306884765625,2432000,0.0023077499747761,0.0125310600262089,0.0399990080783132,0.1209471564070221,0.1898572314410007,66.41687812805176,64.71871932983399,60.64815223693848,1,1,0.8343058229929028,0.7628968132413454,1,69.81956410183157,27.97872256684049,0.106363606566755,2.0469520813219,0.0,0.1093939818087646,-0.0115687541376601,0,,
2025-07-07 04:00:00,67.35474873967134,67.43284298937282,66.83738736848476,66.99356842041016,6534000,-0.0123759759289602,-0.0040634887365132,0.0204565905240854,0.129689860159248,0.1765274691822427,66.47966537475585,64.84695259094238,60.68518531799317,1,1,0.7794152863411341,0.7662005078613032,1,59.0196168493719,27.06928347595675,0.1157199128428417,2.198364379479619,-0.0123759759289602,0.1088512968815281,-0.0231227227643328,0,,
2025-07-08 04:00:00,67.2083325829916,67.48165504484888,67.12048212631399,67.42308807373047,3419200,0.0064113565443313,-0.0002893718515397,0.025636148232879,0.2109471261570572,0.186083228417426,66.55520668029786,64.96826972961426,60.72531198501587,1,1,0.7617913306954591,0.7653186724281344,0,62.23805835500482,26.287084809773017,0.1172367969379416,4.003215102731358,-0.0060439661788933,0.1096092161014216,-0.0223738849074954,0,,
2025-07-09 04:00:00,67.61831500567094,67.75498368151098,67.43285045145346,67.72569274902344,3143600,0.004488146181647,0.0039068596339724,0.0275127985617273,0.2503335723588979,0.185161499502775,66.63812522888183,65.09466972351075,60.76794494628906,1,1,0.7634414098489088,0.7649432199122894,0,64.36161983375288,25.91075353538429,0.117688446381356,4.89515328432354,-0.0015829462009741,0.1094448583192099,-0.016425616981526,0,,
2025-07-10 04:00:00,67.69640582681669,67.84283069190633,67.49141399468239,67.82331085205078,3275500,0.0014413747436898,0.0021635649218847,0.0265787839958908,0.2600264003892731,0.1777093432009482,66.71380996704102,65.21585037231445,60.80529558181762,1,1,0.7638212190015281,0.7647188197301372,0,65.04453231885333,25.673106703912527,0.1176299853255041,5.088617752890818,-0.0001438530759588,0.1092943761080982,-0.0192000816413209,0,,
2025-07-11 04:00:00,67.46213696448072,67.47190060908147,67.26690875733797,67.3547592163086,4315300,-0.0069084158507726,-0.0070512751298614,0.0157615620340905,0.1680404443683538,0.1748958379427032,66.76315956115722,65.3237833404541,60.8424315071106,1,1,0.7180369364949257,0.755382443083095,0,59.18245121296294,24.999555122332524,0.1205889019557112,5.005520446510063,-0.0070512751298614,0.1089222222123519,-0.0205897668303511,0,,
2025-07-14 04:00:00,67.21809622733751,67.46213520363558,67.14976561187319,67.42308807373047,3487800,0.0010144622030707,0.0064113565443313,0.0159011035347229,0.1906368803523159,0.1786701973640074,66.79751129150391,65.43443977355957,60.8783415222168,1,1,0.6794340378411192,0.7401927620347,0,59.752110941208215,24.13960997621445,0.120591343491749,5.94134208768303,-0.0060439661788933,0.1088250579807317,-0.0251090995367853,0,,
2025-07-15 04:00:00,67.62807539628713,67.64760268367272,67.01309989824576,67.09119415283203,3188600,-0.0049225559134208,-0.0049225559134208,0.0053215715881649,0.1531976112703597,0.1924058876838799,66.85984916687012,65.54155960083008,60.9084119606018,1,1,0.614970895202049,0.7151483886681698,0,55.68673968528567,23.626723442559506,0.1208278903574124,5.300833518243156,-0.0109367703308598,0.1087540956342025,-0.027270734964188,0,,
2025-07-16 04:00:00,67.10095472678395,67.40356812117909,66.856915750889,67.38404083251953,4230800,0.0043649048639737,-0.0050446426258051,0.0233824490791927,0.1456355512041569,0.202152674281568,66.91502418518067,65.62875686645508,60.94227418899536,1,1,0.5808183573806645,0.6882823824106687,0,58.3776501325432,22.81631307828959,0.1107998210658249,5.120935567425788,-0.0066196034288994,0.1088648409458446,-0.0241283626675509,0,,
2025-07-17 04:00:00,67.28642918617037,67.65736576196967,67.19857127895442,67.62808227539062,3756300,0.0036216504658372,-0.0028784878562774,0.0203308814261555,0.1435664783997716,0.1998874312130398,67.02310523986816,65.71618301391601,60.96989891052246,1,1,0.5669093518820603,0.664007776304947,0,60.52872092699335,22.473676625252363,0.1094019430353659,5.060966771059913,-0.0030219268529041,0.1085945463906098,-0.023755725170408,0,,
2025-07-18 04:00:00,67.88187497590137,67.93067829723515,67.41331691673541,67.46212768554688,3851600,-0.0024539301464732,0.001594073982114,0.0304837999165581,0.1467741644726288,0.1829495664239848,67.11901245117187,65.80242210388184,60.998071384429934,1,1,0.5363129346875581,0.6384688079814693,0,58.32139541699243,22.56844741099012,0.0992110069480819,5.195981786548898,-0.0054684414019725,0.1084074619833209,-0.0217501611664379,0,,
2025-07-21 04:00:00,67.82331276411345,68.1844856677083,67.72569121964956,67.87211608886719,4320800,0.0060773120769528,0.0066598553695091,0.0355201577095793,0.1420781015086221,0.1863196573913494,67.26153106689453,65.90422668457032,61.02990886688232,1,1,0.5389351820543169,0.6185620827960389,0,62.00751619164072,23.01500296303882,0.100485902496269,5.085969223611953,0.0,0.108859870578136,-0.0189773605621222,0,,
2025-07-22 04:00:00,67.8623474267745,68.18448062573718,67.67688289045955,68.15519714355469,3056000,0.0041708004847949,0.0158590557845621,0.0481908541243034,0.1509709488396542,0.1854614517660888,67.39331169128418,66.01498794555664,61.06396926879883,1,1,0.5574299023645466,0.6063356467097405,0,64.35183912067802,23.305817428447085,0.0944118720743494,5.408802348842107,0.0,0.109298260484939,-0.0094473245426931,0,,
2025-07-23 04:00:00,68.85803531389291,69.38516037241743,68.78970470153668,69.37539672851562,4210100,0.0179032507585714,0.0295523371913171,0.0588497636700879,0.1503029687388026,0.1863476448189565,67.53631858825683,66.14317527770996,61.10303812026977,1,1,0.6629054489593074,0.6176496071596539,1,72.28916358796158,24.944778907798597,0.1075494129535069,5.405086481071672,0.0,0.1103165429223079,0.0019845934533861,1,,
2025-07-24 04:00:00,69.0630259732315,69.18992355187821,68.88731762338635,68.9068374633789,4418800,-0.0067539688020857,0.0189086418683441,0.0359553389381035,0.1374161484065763,0.1808716654628173,67.66468315124511,66.24958618164062,61.14299427032471,1,1,0.7006105603379211,0.6342417977953074,1,66.19414644202388,26.466671710053564,0.102289263253955,4.908539462358203,-0.0067539688020857,0.1095351958957251,-0.009178505725891,0,,
2025-07-25 04:00:00,68.48709181888648,68.7994613647461,68.36995044638509,68.7994613647461,4264100,-0.0015582793026871,0.0198234731853221,0.0370806751312813,0.1212934496279942,0.1714661704193745,67.75497779846191,66.3513298034668,61.18008598327637,1,1,0.7136018213808057,0.6501138025124071,1,64.84485724199146,26.66699372900761,0.1017769805862323,4.452952362974743,-0.0083017235349777,0.1089044694767406,-0.0117212128937058,0,,
2025-07-28 04:00:00,68.26257236891946,68.27233601178085,67.81354161450194,67.9111557006836,4951500,-0.0129115206200971,0.0005751936740161,0.0136966473335951,0.1059423373129651,0.1506612043364006,67.78719024658203,66.43627639770507,61.21335369110108,1,1,0.6447859550204527,0.6490482330140163,0,54.87867995711092,25.758542700806064,0.1092257804226557,3.778311709670884,-0.0211060562804706,0.1075253364151964,-0.0262025022664035,0,,
2025-07-29 04:00:00,68.02830460202685,68.03806079849066,67.77450199188151,67.87211608886719,5103800,-0.0005748630164457,-0.0041534771602413,0.0089971336565342,0.0988894848940484,0.1568179974034405,67.80866584777831,66.5103630065918,61.24932376861573,1,1,0.5804081310887312,0.6353202126289592,0,54.48236835113524,24.842731812623835,0.1085833281292531,3.549601109631148,-0.0216687862057376,0.107747724711423,-0.0233251991122807,0,,
2025-07-30 04:00:00,67.65736329392531,67.803788168958,67.1692853421354,67.38404083251953,3349000,-0.0071911012131786,-0.0287040649841441,-0.0008683418031351,0.0875741682939859,0.1471766972551063,67.80476150512695,66.57313751220703,61.28318599700928,1,1,0.4844205490849873,0.6051402799201648,0,49.65447657329977,23.1853657097023,0.1113964884228865,3.1280782324469003,-0.0287040649841441,0.1071077840715389,-0.0270254173525641,0,,
2025-07-31 04:00:00,67.16928414084725,67.18881142915758,66.7300169710838,66.83739471435547,5033200,-0.0081123974076107,-0.0300324731943075,-0.0092604990773993,0.0799338665380684,0.1376831200983701,67.76278686523438,66.6162565612793,61.314600009918216,1,1,0.3600890432275463,0.5561300325816412,0,44.85976284586617,22.290224340085825,0.1148528938321558,2.8316157757585474,-0.0365836036093895,0.1066389098691816,-0.0318784165906634,0,,
2025-08-01 04:00:00,66.77882140767223,66.77882140767223,66.23216909903111,66.61286926269531,4699300,-0.0033592789279073,-0.0317821107705826,-0.0157220328626933,0.079009483293275,0.1204091694318394,67.70177688598633,66.65081481933593,61.34313383102417,1,1,0.2406638781842645,0.4930368017021659,0,43.022205350286,22.101031584425737,0.1145036175312991,2.797504813039759,-0.0398199880085848,0.1080516871052518,-0.0177325721550191,0,,
2025-08-04 04:00:00,67.3352319764894,67.46212955244211,67.21809059658679,67.43284606933594,3399100,0.0123095854557315,-0.0070431673031128,-0.0059001131029344,0.0699520198336582,0.1455577897288913,67.72374076843262,66.70778121948243,61.37557752609253,1,1,0.2097658003674496,0.4363826014352227,0,50.92788814660555,20.819122416406454,0.1227887120727381,2.6048888959738203,-0.0280005700980912,0.1077440794233649,-0.015082204323488,0,,
2025-08-05 04:00:00,67.62807849558727,67.72569259455463,67.38403952442971,67.60855865478516,3469200,0.0026057417963427,-0.0038831474435974,0.0091798399290465,0.0687955362751218,0.1601595915294733,67.73301429748535,66.77039413452148,61.41374492645264,1,1,0.1971843695739608,0.3885429550629703,0,52.45042010566625,19.4149247674543,0.1148638601076058,2.566028152903051,-0.0254677905575744,0.1085752952032341,-0.002535584657245,0,,
2025-08-06 04:00:00,67.85259286069792,68.11615165414804,67.81354573435756,68.04782104492188,3021000,0.0064971417654329,0.0098507035820565,0.0092658611321425,0.077555572858736,0.152976810777931,67.74912071228027,66.83752792358399,61.45258859634399,1,1,0.2201208823298515,0.3548585405163466,0,56.11600794793414,18.642506894797965,0.1149202332165792,2.8643365323094776,-0.0191361166378465,0.1084500318036424,-0.0105756097799891,0,,
2025-08-07 04:00:00,68.68232115751117,68.7799352458464,68.27233751801664,68.53589630126953,3182800,0.0071725332105117,0.0254124445480405,0.011963016092704,0.0916507852310395,0.1536913579137038,67.78474998474121,66.90182418823242,61.494347686767576,1,1,0.2745173628320998,0.3387903049794972,0,59.82222057533286,18.716046054776037,0.1164703299069802,3.3637274340850363,-0.01210083785944,0.1093194618629241,-0.0011457500901504,0,,
2025-08-08 04:00:00,68.6042408512614,68.85804349049894,68.57495736355689,68.76042938232422,3237300,0.0032761383912991,0.0322394177491403,0.0138170566800794,0.0981088543407355,0.1524100695276911,67.85503349304199,66.98185348510742,61.53480684280395,1,1,0.3319187558700491,0.3374159951576077,0,61.435787200724505,18.87107313724489,0.1168118349524805,3.59512102779708,-0.0088643434876191,0.1088290054669006,-0.0042579559696402,0,,
2025-08-11 04:00:00,68.60423652738181,68.70185062940428,68.46757529505466,68.54566955566406,3932100,-0.0031233054910992,0.0165026919549546,0.0176811609634128,0.0886134860988623,0.1563009614586421,67.91116256713867,67.05196640014648,61.57718477249146,1,1,0.3559769693044359,0.3411281899869733,1,58.99530407834632,18.82599275186044,0.1144253827534639,3.263963824983228,-0.0119599629260284,0.1087040658365598,-0.0020028637991501,0,,
2025-08-12 04:00:00,68.75065931425311,69.32658771191343,68.6920923443157,69.30706787109375,3519000,0.0111078981409813,0.0251226952637952,0.0279426506733577,0.0899686929415586,0.159881095862391,68.02195625305175,67.14060241699218,61.62455722808838,1,1,0.4315076064818584,0.3592040732859504,1,64.39542772766211,19.488550974971044,0.1198126820907712,3.2978225056289725,-0.0009849148349992,0.1087537452347741,-0.0006552971096986,0,,
2025-08-13 04:00:00,69.65848179109143,69.80490665753904,69.61943466354019,69.75609588623047,5146700,0.006478819966412,0.0251040344139876,0.0397205887754488,0.0948610783800922,0.1653227471578988,68.1405590057373,67.22484466552734,61.67683488845825,1,1,0.521586464663315,0.3916805515614233,1,67.14355527942277,20.56833685142777,0.1188089739650456,3.451506275792293,0.0,0.10908492737909,0.0030420164220774,1,,
2025-08-14 04:00:00,69.33635546576335,69.49254399149191,69.22897771619468,69.44373321533203,3806700,-0.0044779265085002,0.0132461522071856,0.0305664717841986,0.0907879339137125,0.1569298729562322,68.23134155273438,67.30923599243164,61.72693323135376,1,1,0.5612992434555935,0.4256042899402574,1,63.47332961823422,20.862740624331582,0.1204196747951444,3.2945262261620414,-0.0044779265085002,0.1085863479476254,-0.0025581537234578,0,,
2025-08-15 04:00:00,69.7951430137817,69.85370998136952,69.62919830729751,69.75609588623047,4608700,0.0044980685288025,0.0144802252232909,0.0314664195588791,0.0870890305091194,0.1497332672228213,68.34603996276856,67.39134628295898,61.77940090179443,1,1,0.6109344912596129,0.4626703302041285,1,65.50401069440389,21.503858467499185,0.1206557517462781,3.1857384023425817,0.0,0.109330751762121,0.006779395429888,1,,
2025-08-18 04:00:00,69.76586353283564,69.86347763357533,69.63895849914337,69.85371398925781,3738600,0.0013994203916825,0.0190828164940677,0.0354507986296925,0.0872966128243502,0.1491460537563733,68.44511985778809,67.47366409301758,61.83036161422729,1,1,0.6506474885981675,0.5002657618829363,1,66.13759635262686,22.109140710860085,0.1197984672678016,3.1929174183807008,0.0,0.1095075732603948,0.0101479294593498,1,,
2025-08-19 04:00:00,69.9806129720481,69.99036916804354,69.59991279884572,69.66824340820312,3922600,-0.0026551284171262,0.0052112367209233,0.0264634053398926,0.0770978656808281,0.139393662619389,68.52077217102051,67.54878372192383,61.88143999099732,1,1,0.6595515001200454,0.5321229095303581,1,63.7421162729768,22.806473565165923,0.1195855005604896,2.8463987450800747,-0.0026551284171262,0.109812574540773,0.0087516543752743,1,,
2025-08-20 04:00:00,69.70729256239999,69.81466285381828,69.52182056840115,69.75609588623047,5244200,0.0012610118144158,0.0,0.0234890193231167,0.0750734808135031,0.148452938634364,68.53980712890625,67.62255920410156,61.93471517562866,1,1,0.6660194959969772,0.558902226823682,1,64.39986418496984,23.28811105774492,0.1191205220511884,2.777424422519675,-0.0013974647510132,0.1102439769612013,0.008652621478753,1,,
2025-08-21 04:00:00,69.56086142794189,69.61942839025234,69.3461059695004,69.4925308227539,4473200,-0.0037783803713216,0.0007026927436426,0.0016884097210523,0.0759935089719432,0.1372388226810632,68.569091796875,67.6862174987793,61.98838260650635,1,1,0.642471915099037,0.575616164478753,1,60.83433263228674,23.35661671457435,0.1032855512496757,2.814117197863716,-0.0051705649689499,0.110269816188826,-0.0004235695956752,0,,
2025-08-22 04:00:00,69.78537572053874,70.73224803357394,69.72680875601374,70.62487030029297,3357500,0.0162944055157119,0.0124544586824273,0.0249326902838507,0.0953343109403119,0.1633114176947707,68.66036224365234,67.77135955810547,62.04737920761109,1,1,0.707030413571303,0.601899014297263,1,68.82113772008724,24.601026614538974,0.1142866479476482,3.3623533842851816,0.0,0.1103716431766893,0.007636333455417,1,,
2025-08-25 04:00:00,70.41988073703833,70.5174948302054,69.93180282372506,69.94156646728516,4159100,-0.0096751162883902,0.001257663666113,0.0166004948277733,0.081161586546649,0.1577685510112751,68.76188278198242,67.83546981811523,62.10205675125122,1,1,0.6950445392162266,0.6205281192810557,1,60.76801206355028,25.756550093077557,0.120065903965038,2.835513189211359,-0.0096751162883902,0.1097869639392536,0.0081033814934603,1,,
2025-08-26 04:00:00,69.79514148952288,69.9318027092286,69.7463307192803,69.90251922607422,3486600,-0.0005582837671959,0.0033627346752294,0.0293230693078982,0.0701371738187162,0.150680501479848,68.86340293884277,67.91663146972657,62.15330898284912,1,1,0.674618281784845,0.6313461517818135,1,60.333539244541285,26.42253829428805,0.1094305684913494,2.4972856986981324,-0.0102279985952166,0.1092681618937019,0.0162085098880859,1,,
2025-08-27 04:00:00,69.40467530788132,69.7268085065718,69.28754137925036,69.69752502441406,3431600,-0.0029325724441657,-0.0008396522350094,0.0268948286974994,0.0762606462445543,0.1438492052312534,68.9790771484375,67.98497116088868,62.2071463394165,1,1,0.6345740323054798,0.6319917278865468,1,57.98945863658082,26.101885122492444,0.110268199005788,2.737208816076118,-0.0131305766925431,0.1087000505840968,0.0088384777982493,1,,
2025-08-28 04:00:00,69.87323597159333,70.03918067499653,69.76585823469057,69.9806137084961,3630500,0.0040616748440187,0.0070235301544432,0.0385339442974375,0.0759623016082484,0.1640004106520294,69.13623809814453,68.07525421142579,62.2573165512085,1,1,0.6185512927563366,0.6293036408605048,0,60.28424459122747,26.175566692931422,0.1061805152151369,2.72782360999604,-0.0091222339815638,0.1087563986355395,0.0153921078499714,1,,
2025-08-29 04:00:00,69.62919628178777,69.74633021355598,69.49253506307296,69.66824340820312,4743300,-0.0044636690611795,-0.013545184409151,0.0423542644943886,0.0738798713116071,0.1619795842018063,69.28900680541992,68.1577394104004,62.3109125328064,1,1,0.5740304182399854,0.618248996336401,0,56.609675010176815,25.70766604704956,0.1025694403694864,2.649288740510958,-0.013545184409151,0.1089205236569417,0.0213956968479807,1,,
2025-09-02 04:00:00,68.75065719229536,69.23873511998525,68.6823265803179,69.18016815185547,6966600,-0.0070057063659249,-0.0108862062130939,0.0385405840879744,0.0554770171183012,0.1499472462170188,69.37637290954589,68.24090789794921,62.36244812011719,1,1,0.493672955725188,0.5933337882141584,0,51.3435596712598,23.91775491245533,0.1056988334587375,2.026741398804556,-0.0204559971904331,0.1089649207187266,0.0084518218821076,1,,
2025-09-03 04:00:00,69.1899226417204,69.37539463286106,69.09230854808561,69.32658386230469,3795100,0.0021164405112144,-0.0082391217104332,0.0280833140428562,0.0628971926978656,0.1518259595476825,69.46227416992187,68.31704788208008,62.41956090927124,1,1,0.4367688129277809,0.5620207931568829,0,52.76316007088541,22.454450108580268,0.098617948803902,2.294907846751073,-0.0183828505803698,0.1086069367124337,0.0080083963191917,1,,
2025-09-04 04:00:00,69.38516086739098,69.62919983432963,69.23873599773214,69.60967254638672,3171600,0.0040834073786801,-0.0012604820328493,0.0295985291125553,0.060305500797041,0.1282727330061248,69.54036674499511,68.37893615722656,62.47956169128418,1,1,0.4097909457861703,0.5315748236827404,0,55.46844582891577,21.461562144435536,0.098989427488902,2.212857945472586,-0.0143745078693905,0.1081465824278485,-0.0039485296777976,0,,
2025-09-05 04:00:00,70.27345802268682,70.4296465345131,69.81466357854481,70.06846618652344,5081900,0.0065909466795865,0.0012553830749941,0.0296944870617918,0.0658774883396615,0.1448535458555904,69.61699523925782,68.45351455688477,62.54218894958496,1,1,0.4205833807626362,0.5093765350987196,0,59.515174991010696,21.53674413063376,0.0990507016039241,2.3939671750004896,-0.0078783028047164,0.109175590505428,0.0066902580821663,1,,
2025-09-08 04:00:00,70.62487826358436,70.76153949453703,70.39060293159102,70.74201965332031,4350600,0.0096127902244051,0.0154127073195411,0.0321893120409941,0.0732755567264387,0.1460879602891802,69.71607475280761,68.52848358154297,62.608943996429446,1,1,0.4779767800953891,0.5030965840980536,0,64.60105362763224,21.95976304567649,0.1011765092515152,2.6179447867993058,0.0,0.1099549322594082,0.0058129667458564,1,,
2025-09-09 04:00:00,70.73224616545981,70.790813128438,70.50773450905844,70.6541519165039,4445700,-0.0012420869130823,0.0213064495797832,0.0275408770886251,0.0694266093397644,0.1712503782370691,69.82149887084961,68.59622848510742,62.67340715408325,1,1,0.5104866976602409,0.504574606810491,1,63.4806940262912,22.383786035742546,0.1014038505779381,2.4860230995031545,-0.0012420869130823,0.1095650737516621,0.0067635303805595,1,,
2025-09-10 04:00:00,71.00557858253,71.04462571250339,70.70297263458448,70.78106689453125,3860000,0.0017962847841883,0.020980163036959,0.0326117952214601,0.0674329165120106,0.1742947680596525,69.89519882202148,68.66299774169921,62.73840990066528,1,1,0.5402641903225174,0.5117125235128963,1,64.43997970518194,23.051840035984004,0.1001152730124787,2.4207737186052336,0.0,0.1094454928551825,0.0068206006179882,1,,
2025-09-11 04:00:00,71.13247405863821,71.61078830345288,71.09342693391164,71.58150482177734,3525700,0.0113086445622359,0.0283269868002413,0.0328168110489666,0.0785582775680207,0.1794443255795126,69.98646926879883,68.74538528442383,62.808127346038816,1,1,0.6212898760311418,0.5336279940165455,1,69.82378845824489,24.22528088295431,0.1003589166486869,2.751860847844221,0.0,0.109770957674411,0.0093533554862035,1,,
2025-09-12 04:00:00,71.38627613242575,71.46437038946475,71.20081158130596,71.34722900390625,3985100,-0.0032728540487433,0.0182501899496232,0.0228099508359937,0.0690957180949209,0.1827396789893696,70.08164405822754,68.81879211425782,62.87653091430664,1,1,0.6590026428840048,0.5587029237900374,1,66.64347626601548,25.314904526569592,0.1000187125988941,2.4373465948643864,-0.0032728540487433,0.1094483161743494,0.003331246616653,1,,
2025-09-15 04:00:00,71.73768859880786,71.90364074707031,71.62055466765534,71.90364074707031,3889100,0.007798645454522,0.016420524879593,0.0354230312490626,0.0920230229044853,0.1711406356071685,70.18902130126953,68.9002035522461,62.94671899795532,1,1,0.7254258027745806,0.592047499586946,1,70.12398352277445,26.72707404047907,0.1004425945401549,3.283046101792583,0.0,0.1097177225802377,0.0104191240795579,1,,
2025-09-16 04:00:00,71.99148746076119,72.0207709420302,71.69863775311627,71.96220397949219,3713600,0.000814468249638,0.0185134493516259,0.0316260258724885,0.0857214421187719,0.1569813140789122,70.29444580078125,68.99957626342774,63.0162498664856,1,1,0.7738714901438897,0.6284122976983348,1,70.47319749725122,28.139994527790744,0.0999488056292378,3.084468206746156,0.0,0.1099584844565021,0.0057415931406645,1,,
2025-09-17 04:00:00,72.0207841213577,72.44053147380511,71.55223344035709,71.91340637207031,4036400,-0.0006781005128161,0.015997773517971,0.0294857963189938,0.098477068625143,0.1576354933903327,70.40670394897461,69.08938262939454,63.08700929641724,1,1,0.7991157780589049,0.6625529937704489,1,69.74168869627161,29.799297085861497,0.1002345152082386,3.628378278976725,-0.0006781005128161,0.1100206150468458,0.0046849890941429,1,,
2025-09-18 04:00:00,72.09887481882473,72.09887481882473,71.55222990219525,71.97197723388672,4232600,0.0008144637386993,0.0054549343867744,0.033067201252448,0.0980714542378804,0.1555228286078136,70.51749801635742,69.1743083190918,63.156779041290285,1,1,0.8144596532590498,0.692934325668169,1,70.14229681297954,31.34006911145281,0.0991793328029801,3.614059311856237,0.0,0.1095981315907512,-0.0019528086917058,0,,
2025-09-19 04:00:00,71.96216280160486,71.96216280160486,71.63844898898756,71.72673797607422,4694800,-0.0034074269908627,0.0053191830638186,0.0282504642039858,0.1031192615338403,0.1605879424298757,70.62920837402343,69.25237686157226,63.22228252410888,1,1,0.7976363707754501,0.7138747346896253,1,66.19076467770768,32.77078599235902,0.1006692136818891,3.834373982271859,-0.0034074269908627,0.1086863739590168,-0.0141286902479278,0,,
2025-09-22 04:00:00,71.81502102084319,72.07988050376882,71.64826207767989,72.04064178466797,4536200,0.0043763848385027,0.0019053421519998,0.0366674077306699,0.099528364887655,0.1713429255776648,70.69999694824219,69.34609451293946,63.28878547668457,1,1,0.8004066228396454,0.7311811123196293,1,68.62707092224227,34.20648728574466,0.0993937379920111,3.7286515093042976,0.0,0.1086480127441525,-0.0147075918027862,0,,
2025-09-23 04:00:00,72.14854818118067,72.3349227465081,71.88368869168393,71.94254302978516,8318100,-0.0013617140610161,-0.000273212167218,0.0186573472473579,0.0815945745311463,0.1679074953500274,70.80004577636718,69.43648361206054,63.353562927246095,1,1,0.7856300635506841,0.7420709025658403,1,67.00213308045045,35.76571705576326,0.0845100724128567,3.200811279536676,-0.0013617140610161,0.109093915200065,-0.0115765964866431,0,,
2025-09-24 04:00:00,71.69729969152243,71.8150158403333,71.46187487792055,71.52073669433594,4850200,-0.0058631001586166,-0.0054603125834806,0.022578422343306,0.0781010843037761,0.157236485449282,70.88095664978027,69.52507446289063,63.4161838722229,1,1,0.7314515693876018,0.7399470359301926,0,60.38177538864462,36.02283637177248,0.0793789580533902,3.0494190711795106,-0.0072168303537056,0.1088004497992922,-0.008985712916765,0,,
2025-09-25 04:00:00,71.08911851467477,71.17740001353536,70.8340706001554,71.10873413085938,5853000,-0.0057606029037057,-0.011994155728445,0.0172556714427429,0.0614262802755181,0.1626026538362923,70.95151710510254,69.59956832885742,63.47493970870972,1,1,0.6478020994453146,0.7215180486332171,0,54.69682776259199,34.80616913207086,0.0827042596515084,2.441473277372801,-0.0129358599635203,0.108675065755175,-0.0054278952647152,0,,
2025-09-26 04:00:00,71.1185560193668,71.37360397096214,71.0400785751804,71.3637924194336,4006200,0.0035868770790496,-0.0050601151938861,0.0239071243123176,0.0609049215997445,0.164190198296902,71.02067604064942,69.67428253173829,63.53549337387085,1,1,0.5952289354799802,0.6962602260025699,0,57.37251012591345,33.94778921618992,0.0820501155499622,2.4230922394052308,-0.0093953822240715,0.108443580926793,-0.0023594253721661,0,,
2025-09-29 04:00:00,71.70712205662022,71.83464977473766,71.61884054471217,71.7463607788086,3607100,0.0053608187906619,-0.0040849303749818,0.0252319460596288,0.0638136200927685,0.1842869640126934,71.12458190917968,69.75996719360352,63.596344833374026,1,1,0.5777741726028012,0.6725630153226162,0,61.08509357063664,33.73582794311625,0.082753726015338,2.5249009183771376,-0.0040849303749818,0.1087193859992384,-0.0003403260568153,0,,
2025-09-30 04:00:00,71.75616624187626,72.08968412614695,71.71692752301729,72.06025695800781,4549400,0.0043750815482745,0.001636221396482,0.0343343456471163,0.0681586755445018,0.1973214965387313,71.26858634948731,69.84373001098633,63.661995849609376,1,1,0.5825546185741644,0.6545613359729259,0,63.86586796197236,33.83206321829377,0.0807719215766172,2.6825592133338483,0.0,0.1087852625893344,-0.0012418326965941,0,,
2025-10-01 04:00:00,72.37415720722638,72.62920513068933,72.3447300399076,72.56053924560547,6483600,0.0069425548661197,0.0145384765220388,0.0488632968675335,0.0721612933590889,0.2021494367287608,71.43028411865234,69.93183685302735,63.72834323883057,1,1,0.6195697417096682,0.6475630171202744,0,67.81350513604764,34.47448387613142,0.0763312013376845,2.815669952109674,0.0,0.1091685109632531,0.0018684017129881,1,,
2025-10-02 04:00:00,72.87443882861918,72.91367754494388,72.36434300041796,72.69786834716797,3863900,0.0018926141259461,0.0223479469256779,0.0486290294003131,0.0717172255679217,0.2013383764727849,71.5846939086914,69.9982862854004,63.79803735733032,1,1,0.6524645985164312,0.6485433333995058,1,68.82048568973894,35.33005893568779,0.0763413785786822,2.799652391725679,0.0,0.109249301141462,0.005914580122347,1,,
2025-10-03 04:00:00,73.1196800833866,73.34529336231934,73.02158702802365,73.23739624023438,4854300,0.0074215091216967,0.0262542636437936,0.0521152242374103,0.093200406651603,0.2349774145162824,71.74314041137696,70.0848974609375,63.871141624450686,1,1,0.7138406903501817,0.661602804789641,1,72.46521364146999,36.48371021620783,0.0781912548816355,3.696913070954539,0.0,0.1100617211477253,0.0177087308436629,1,,
2025-10-06 04:00:00,73.32567463089669,73.56109945057393,73.31586308057094,73.39434051513672,5696700,0.0021429526848215,0.0229695237283014,0.0474660644027764,0.0885639120367254,0.3181933409191562,71.87575645446778,70.17679504394532,63.94602811813355,1,1,0.7663122065614374,0.6825446851440002,1,73.43790348486584,37.72176761588423,0.0767156870794475,3.54079459264473,0.0,0.1099034393171304,0.0066667723832121,1,,
2025-10-07 04:00:00,73.33548954078321,73.37472825986367,72.8057780592278,72.82539367675781,4962200,-0.0077519170331882,0.0106180126334529,0.0294503045523342,0.0752993542145481,0.3444828829102921,71.98431854248047,70.2750798034668,64.01911491394043,1,1,0.753303393619106,0.6966964268390214,1,64.53739181660578,37.672212981832295,0.0791800085507939,2.991972104679045,-0.0077519170331882,0.1094572890247526,-0.0045258836909799,0,,
2025-10-08 04:00:00,72.98235068292696,73.11968246170608,72.89406169141431,73.10987091064453,4451800,0.0039062917414411,0.0075706667942427,0.0347568957736934,0.0779460629712667,0.3582404975394742,72.10075874328614,70.37983489990235,64.1005592918396,1,1,0.757219990243641,0.7088011395199454,1,66.70994176563156,37.62619796449835,0.0790279651633499,3.0871527213372745,-0.0038759065412341,0.1092334960666326,-0.0030263082356065,0,,
2025-10-09 04:00:00,73.1687223090629,73.18834541039753,72.30549295084708,72.47225189208984,4771700,-0.0087213807193557,-0.0031034810264407,0.0238931831880773,0.0759781897422646,0.2567860428772117,72.14529609680176,70.48159912109375,64.178815574646,1,1,0.7007950660021578,0.7071999248163879,0,58.11598561542034,36.3360664022087,0.086784076178213,2.9935309880394287,-0.0125634840040113,0.108595431033781,-0.0077669879245395,0,,
2025-10-10 04:00:00,72.38397242353643,72.43301521021142,70.70655644523286,70.79483795166016,6545700,-0.0231456025807964,-0.0333512442272265,-0.0109898062645625,0.0500088319040283,0.2501792399605915,72.11767654418945,70.56074798583984,64.24832242965698,1,1,0.5147904370493279,0.6687180272629759,0,42.57651155083327,34.66266724316365,0.11378518967242,1.8170708264568376,-0.0354182971770207,0.1090287342092459,-0.0067615649976068,0,,
2025-10-13 04:00:00,71.70711191690508,72.0013985496938,71.51092581772589,71.87387084960938,3294500,0.0152416889305686,-0.0207164429144746,0.007381391724047,0.0712862061432761,0.2354046939113121,72.1161880493164,70.66596801757812,64.32158182144165,1,1,0.4492704553750997,0.6248285128854008,0,51.55091185229645,33.108796595478964,0.1255686090886029,2.4765664826078795,-0.0207164429144746,0.1090177399163949,-0.0039340601391126,0,,
2025-10-14 04:00:00,71.21664659611788,72.14854937424762,71.08912636678298,71.8836898803711,4533500,0.0001366147481087,-0.0129309811982144,-0.0002774667108915,0.0667761830881479,0.2221367205236568,72.11226234436035,70.75498489379883,64.39397233963012,1,1,0.3936005296754388,0.5785829162434084,0,51.6250011453819,32.143165523985395,0.1226359734555486,2.3316229831509783,-0.0205826583379964,0.1091659965114854,-0.0050285957070324,0,,
2025-10-15 04:00:00,72.46244708337038,72.67824880769909,72.06025583435267,72.51148986816406,4301600,0.008733552615868,-0.0081846819728599,0.0076329775673409,0.0722097600355951,0.2261431393897697,72.14216651916504,70.8530435180664,64.46892210006713,1,1,0.3955799256073362,0.541982318116194,0,56.23339960497624,30.44353764741023,0.1262996292039048,2.491207763507643,-0.0120288654516975,0.1096326765157164,-0.0029630086518208,0,,
2025-10-16 04:00:00,72.96272530185955,73.21777323334908,72.60958431488035,72.835205078125,4279100,0.0044643298675768,0.0050081676304964,0.0128181760892458,0.079645833550092,0.2381099486957616,72.18532791137696,70.94879119873048,64.54611850738526,1,1,0.4184461365980638,0.517275081812568,0,58.43232875047404,28.39608065236125,0.1270047200238549,2.733740205445538,-0.0076182364074298,0.110877215673026,0.0077858192831905,1,,
2025-10-17 04:00:00,72.49187653060685,72.87444469052096,72.37416037216384,72.7861557006836,3205600,-0.0006734295233848,0.0281280077282348,0.0113124371191171,0.0724014498882323,0.2247662119434461,72.23829879760743,71.03379638671875,64.62500219345092,1,1,0.4276798713778333,0.4993560397256211,0,57.95717874799104,26.546598580027048,0.1270831354609951,2.505969761600308,-0.0082865355855019,0.110177149091589,0.0052830964582495,1,,
2025-10-20 04:00:00,73.14910967317314,73.55130094270218,73.13929812210593,73.50225067138672,4462600,0.0098383403246065,0.0226560751846049,0.0247538469671484,0.0784540835025329,0.2412693197689099,72.31137924194336,71.1286328125,64.7078045463562,1,1,0.4871648194080649,0.4969177956621098,0,62.72302483561872,25.31550441721929,0.130111735047466,2.677086079603841,0.0,0.1101158521687575,0.0131523222062746,1,,
2025-10-21 04:00:00,73.06081878086545,73.10005001205374,72.79595932421653,72.80577087402344,3818600,-0.0094756254536626,0.0128274020878291,0.0106207977941461,0.0494465517643347,0.2071814840272139,72.35454063415527,71.21383483886719,64.78760761260986,1,1,0.4726584578824599,0.4920659281061799,0,56.06613509366412,23.70984636584207,0.1346174311193866,1.7760617577853122,-0.0094756254536626,0.1090740712631435,0.0039214570817263,1,,
2025-10-22 04:00:00,72.92348598884236,73.11967958224399,72.5213022194046,72.86463165283203,12642700,0.0008084630943669,0.0048701493419873,0.0128170145815544,0.0574368863112682,0.2027457904112053,72.42173538208007,71.28498611450195,64.86620729446412,1,1,0.4606021004909308,0.4857731625831301,0,56.48644641253085,22.170333500152324,0.1344414279791128,2.064948709750863,-0.0086748230527708,0.1097327339130342,0.005855676843183,1,,
2025-10-23 04:00:00,73.06082471254285,73.38453104225536,73.04120161133585,73.28643798828125,3015700,0.0057889036955396,0.0061952583187243,0.0246879628979708,0.0652181940749081,0.194422183440756,72.53062057495117,71.35559295654296,64.94469360351563,1,1,0.4795555782913254,0.4845296457247692,0,59.478240808791085,20.78294472052665,0.1333939251486739,2.3228614543565795,-0.0029361370724594,0.1097173541699676,0.0084273950371236,1,,
2025-10-24 04:00:00,73.54148894674229,73.6297704537513,73.43358433771755,73.52186584472656,3349500,0.0032124341543651,0.0101078307675488,0.0339357990739417,0.0826183870109942,0.1973135093489313,72.63852424621582,71.43715560913085,65.02566152572632,1,1,0.5077207180702885,0.4891678601938731,1,61.0864320002814,19.81196768921857,0.1310997174907088,2.9978382840812783,0.0,0.1091775526338996,0.0046237550005876,1,,
2025-10-27 04:00:00,74.08100128173828,74.11043593348005,73.89462672482871,74.08100128173828,4054000,0.0076050224050703,0.0078739168537713,0.0380754549356705,0.0914791751113461,0.1994149885106881,72.7552562713623,71.52365371704101,65.11005315780639,1,1,0.5686048286208916,0.5050552538792769,1,64.67240723590234,19.49331312252366,0.1325885690915059,3.280842399851161,0.0,0.1087251424475393,0.0025963871567131,1,,
2025-10-28 04:00:00,73.855388300256,74.18890618111975,73.79653396457893,74.07119750976562,5396900,-0.0001323385456869,0.0173808562226718,0.0324035491935879,0.0992394726500116,0.1955044552232561,72.85580329895019,71.60800338745118,65.19908214569092,1,1,0.6090441604490735,0.5258530351932362,1,64.56006809989682,19.04120134689252,0.1321018896720733,3.58599064539439,-0.0001323385456869,0.1084227831214669,-0.0027281507805206,0,,
2025-10-29 04:00:00,74.28701105006087,74.30662666842335,73.4924400519971,73.8455810546875,6433300,-0.0030459404284421,0.0134626276096372,0.0247754333948608,0.1048542716286755,0.1931695455210567,72.9200553894043,71.69155014038085,65.28804597854614,1,1,0.6157888295908691,0.5438401940727629,1,61.89546142777952,18.140190994453064,0.1326046194698302,3.824316984627129,-0.0031778758788025,0.1080406421112094,-0.0068448653834288,0,,
2025-10-30 04:00:00,73.28644368156957,73.67882341196845,73.21777779005133,73.38453674316406,4551900,-0.0062433568121293,0.0013385662828706,0.0113560001913644,0.1016570454841678,0.1886983994142681,72.9543888092041,71.76411895751953,65.37315855026245,1,1,0.5772771144141586,0.550527578141042,1,56.74165927204681,16.887443335483333,0.1332744017387123,3.690712931971325,-0.009401392077916,0.1085600651613793,-0.005573455170407,0,,
2025-10-31 04:00:00,73.41395969886209,73.42377124966457,72.94311003662958,73.20796203613281,7293600,-0.0024061568672053,-0.0042695299553019,0.0070166251165564,0.0856424769741852,0.1615853610557451,72.95291709899902,71.83842758178712,65.45405464172363,1,1,0.5264397300035455,0.5457100085135428,0,54.85767679503346,16.038221901182727,0.1335691308754624,3.197827721999773,-0.0117849277210118,0.1079447635003485,-0.0119409243581735,0,,
2025-11-03 05:00:00,73.42377486915724,73.463013590281,73.0902569656365,73.4139633178711,4789900,0.002813919087607,-0.009004170466465,0.0024108868788499,0.0858678957013239,0.1605707599100345,72.95389823913574,71.89420944213867,65.53506278991699,1,1,0.4970437079401222,0.5359767483988587,0,56.66541517744936,15.1859692804026,0.1314395249779447,3.205450614992262,-0.009004170466465,0.1080457432794473,-0.0183167939521147,0,,
2025-11-04 05:00:00,72.49187558710078,72.88425529278334,72.41339814916019,72.44282531738281,5426000,-0.0132282464615539,-0.021983878310704,-0.0129644219305665,0.0645869949246364,0.1471516491739768,72.934769821167,71.94423461914063,65.60981418609619,1,1,0.3908786227182332,0.5069571232627336,0,47.09149393129561,15.327830572629145,0.1390635585596095,2.3730165208543617,-0.0221133075419067,0.1078954303515041,-0.0182706653959403,0,,
2025-11-05 05:00:00,72.53111244154223,73.08043952496423,72.51148934055134,72.93329620361328,4537400,0.0067704549633678,-0.0123539531823659,0.0014816607423284,0.0641619959708952,0.1616932785146581,72.92594108581542,72.00485015869141,65.6820899963379,1,1,0.342372274819553,0.4740401535740974,0,51.54429844942995,15.118137313823032,0.1387315704381902,2.360092794413731,-0.0154925697313424,0.1082508003493553,-0.011022460780336,0,,
2025-11-06 05:00:00,72.97254043374168,73.0706334940453,72.4330173760407,72.6488265991211,4386600,-0.0039004078973479,-0.0100254110292724,-0.0063061841825289,0.0565499263417403,0.1602068291689171,72.934769821167,72.06387619018555,65.75357152938842,1,1,0.2777743155682941,0.4347869859729368,0,48.97007513045563,15.031485887196878,0.1386735804475823,2.0873915718390568,-0.01933255028736,0.1089980545192478,-0.002155396978608,0,,
2025-11-07 05:00:00,72.23682859599059,72.7861557006836,71.97197659451946,72.7861557006836,5308100,0.0018903141040431,-0.0057617549200594,0.0043313654591712,0.0618636621760029,0.1559591030431233,73.03433570861816,72.1199870300293,65.82385549545288,1,1,0.2349528876121098,0.3948201663007714,0,50.26150150313068,15.556768443695765,0.1353522023538316,2.2788638399738725,-0.0174787807757922,0.1090966885620264,0.0046158252098971,1,,
2025-11-10 05:00:00,73.40415376197039,73.73767164055305,73.19815610448929,73.69843292236328,4136100,0.0125336640312647,0.0038748705509941,0.041014218758234,0.0633609989018315,0.1590301980980595,73.12556381225586,72.2005908203125,65.89725143432617,1,1,0.2715000613119258,0.3701561453030023,0,57.88613181629555,14.474439728841714,0.1121132497245069,2.319238465508305,-0.0051641899104475,0.1087668249755753,-0.0024022037453715,0,,
2025-11-11 05:00:00,73.83577235979703,74.15948620545608,73.79654112155444,74.0908203125,10108400,0.0053242297641535,0.0227489056079339,0.0308449988387216,0.0621411558545264,0.1628970112907644,73.23592033386231,72.2988038635254,65.97434860229492,1,1,0.328341427255026,0.3617932016934071,0,60.678238329723946,13.97806332959468,0.1021038793625374,2.2811471964227086,0.0,0.1090961870383659,0.000719581253759,1,,
2025-11-12 05:00:00,74.17910380425283,74.443955804853,74.16929225340972,74.37528991699219,4328700,0.0038394716550897,0.0197714046730204,0.034661548965664,0.0710151438196491,0.1682503959173329,73.32911033630371,72.39977798461913,66.05252992630005,1,1,0.3918262103066467,0.3677998034160551,1,62.61344692664554,13.875451685389663,0.1023013229409115,2.598601536945487,0.0,0.1094541586148555,0.002639669059768,1,,
2025-11-13 05:00:00,74.34586324504056,74.39490603154272,73.46301076377594,73.56110382080078,4426300,-0.0109469972769193,0.0125573565931582,0.0144751397957076,0.0545473178541433,0.1463868213920529,73.3654052734375,72.47880661010743,66.12659198760986,1,1,0.3721504262741746,0.368669927987679,1,54.36640948866757,13.00677332177181,0.1076904610311282,1.9813279481159236,-0.0109469972769193,0.1100826785703031,0.0041046343926685,1,,
2025-11-14 05:00:00,73.04120506349564,73.72787144180897,72.93330045381812,73.50225067138672,4345600,-0.0008000579974632,0.0098383403246065,0.0091582853723859,0.0522311051734483,0.1440873165635128,73.40121002197266,72.54748229980468,66.19683296203613,1,1,0.3477990573350809,0.3644957538571594,0,53.81463519456605,12.851733027191656,0.1069171680774102,1.900793107633444,-0.0117382970416631,0.1100126025754912,-0.0077979329863817,0,,
2025-11-17 05:00:00,73.0117803515459,73.25701674833545,72.34473705291748,72.58997344970703,4384100,-0.0124115549299066,-0.0150404754714926,-0.0026953237066581,0.0419377595669347,0.122268937001809,73.35559616088867,72.58444137573242,66.26545963287353,1,1,0.2519825761538214,0.3419931183164918,0,46.01810524831679,13.344377245248676,0.1158392116335304,1.5069613704078144,-0.0240041614530537,0.1096689081226506,-0.0046129435470861,0,,
2025-11-18 05:00:00,71.76597986621258,72.20740236909486,71.49130882626339,71.95235443115234,5304800,-0.0087838442177755,-0.0288627642713097,-0.0210863779826775,0.0314848260502407,0.1089219823481431,73.31292533874512,72.6104054260254,66.33384529113769,1,1,0.1231768919686544,0.2982298730469243,0,41.493317380504365,14.575766960499054,0.1136434520611614,1.1366133996030672,-0.0325771568560472,0.1096261749988678,-0.0044469271248904,0,,
2025-11-19 05:00:00,71.77578001859646,72.16815971310318,71.45206620932692,71.76597595214844,3832800,-0.002590304104395,-0.0350830762173286,-0.0142817651594427,0.0327149565928621,0.1111945899121618,73.25799255371093,72.63010360717773,66.3975789451599,1,1,0.0059892334760434,0.2397817451327481,0,40.247574573682826,15.752130488755602,0.1095963725501092,1.1795996004590006,-0.0350830762173286,0.1089214246437075,-0.0013994766828476,0,,
2025-11-20 05:00:00,72.33491405406006,72.39377586910852,70.79483002531062,70.814453125,4626500,-0.0132586899923563,-0.0373383561847003,-0.0281368131743289,0.002684363509638,0.0982745863954546,73.13439331054687,72.61476257324219,66.4546224784851,1,1,-0.1617976673203287,0.1594658626421327,0,34.54530895980864,17.37135009120712,0.1177484993480798,0.1505127579038214,-0.0478766105781411,0.1091408305255376,-0.0053940457545293,0,,
2025-11-21 05:00:00,71.04007531805729,71.72674169717385,70.7359845908035,71.53054809570312,4932600,0.0101122714234491,-0.0268250639629888,-0.0239592746049261,0.0227187023207608,0.1057241747920438,73.0348274230957,72.61842895507813,66.51394205093384,1,1,-0.2342864076907886,0.0807154085755484,0,41.2871288122149,18.919816418780044,0.1219213210372756,0.8484916117334813,-0.0382484804356928,0.1091571534818652,-0.0051058530561589,0,,
2025-11-24 05:00:00,71.46188402206809,71.92292964221382,71.38340657948565,71.83464813232422,3713500,0.0042513310007665,-0.0104053670429584,-0.0229485159689178,0.0276403329614092,0.0997161216174469,72.922509765625,72.6170491027832,66.57671464920044,1,1,-0.2641509573936957,0.0117421353816996,0,43.92838172481469,20.006484467156994,0.12243913353809,1.0159433883218798,-0.0341597563855347,0.1080311592914513,-0.0105002659868415,0,,
2025-11-25 05:00:00,72.02101740872652,72.52130171338452,71.73654231329434,72.5016860961914,3611100,0.0092857413686839,0.0076346586485185,-0.0213187613318097,0.0402332948091783,0.1195621581164283,72.84403419494629,72.62783874511719,66.64045509338379,1,1,-0.231327835884997,-0.0368718588716397,0,49.31453679635285,20.01857621167041,0.1240682831589436,1.4316371061724682,-0.0251912136798639,0.1080182994115347,-0.0065011920894527,0,,
2025-11-26 05:00:00,72.74691678288885,73.31585944522972,72.7076780675516,73.18833923339844,4264600,0.0094708574955899,0.0198194654553069,-0.0119190495907777,0.0458373448718827,0.1252815566962106,72.81117210388183,72.65333740234375,66.70709732055664,1,1,-0.1481997515538609,-0.0591374374080839,0,54.19255453896121,18.91794179318873,0.1292622253165048,1.6039673805678842,-0.0159589385791768,0.1082937115709092,-0.0011904467570529,0,,
2025-11-28 05:00:00,73.23739091470738,73.53167005939744,73.15891348251542,73.51205444335938,2455400,0.0044230435251251,0.0380939370328488,-0.0045165412278511,0.055173072365761,0.1331291231636167,72.8175479888916,72.68413894653321,66.77453683853149,1,1,-0.0555585889436542,-0.058421667715198,1,56.32652350881613,17.62315958461614,0.1300243738792084,1.9148289938338223,-0.0116064821340022,0.1081821969809586,0.001310200189327,1,,
2025-12-01 05:00:00,73.32567789443023,73.51205993881432,73.18834611983789,73.22758483886719,4634900,-0.0038697001008367,0.0237246433634694,-0.0021387598976905,0.058505447372249,0.1172281721959342,72.81852912902832,72.71415588378906,66.83731702804566,1,1,-0.0050360671550464,-0.0477445476031677,1,53.94811868009083,16.42086181951302,0.1288855065106364,2.035595875056253,-0.0154312686297547,0.1082578061999157,-0.0027842555272448,0,,
2025-12-02 05:00:00,73.40415295634408,73.46300729097267,73.08043914784649,73.34529113769531,4363900,0.0016074038094677,0.021029448109614,0.0018758765814941,0.0579677672185969,0.1245109697414756,72.81509552001953,72.74024887084961,66.90010599136353,1,1,0.0439941725249326,-0.0293968035775476,1,54.79861625382818,15.451340418719072,0.1287188650649945,2.0181835371521544,-0.0138486691002673,0.1082313530940555,0.0026549652286382,1,,
2025-12-03 05:00:00,73.32567750639636,73.64939132365973,73.26682317017408,73.63957977294922,4473300,0.0040123725830116,0.015694720192412,0.0030732090311109,0.0578929203247873,0.1216896826746176,72.87493324279785,72.77418960571289,66.96257881164551,1,1,0.105382836368264,-0.0024408755883853,1,56.939829483098784,14.417029827182,0.1291012094754647,2.015849755575457,-0.0098918625374646,0.1082906322940129,0.0022665308889791,1,,
2025-12-04 05:00:00,73.9044364351857,73.95348670781416,73.63958442144623,73.79653930664062,4727200,0.0021314561296432,0.0083100679645513,0.0186866536931296,0.0532061471160649,0.1225887227919633,72.91809539794922,72.81970565795899,67.02786558151246,1,1,0.1647994123078717,0.0310071819908661,1,58.080405289612095,13.889789265859408,0.1196211027268385,1.869617332025713,-0.0077814904788604,0.1084421717090181,0.0050673263523095,1,,
2025-12-05 05:00:00,74.20853166727524,74.33605189334722,73.90443346045659,73.94367218017578,6500700,0.0019937638664029,0.0058713872178468,0.0138534253784685,0.0452581442054602,0.1218500166449596,72.98283767700195,72.87640441894531,67.09205211639404,1,1,0.2212099000376071,0.0690477256002143,1,59.17212680093169,13.908949642582158,0.1178026428712337,1.6226040610967236,-0.0058032410670011,0.1084523705190856,0.0018620663226482,1,,
2025-12-08 05:00:00,74.06138381310681,74.08099942975734,73.62976540659434,73.7867202758789,5102300,-0.0021225873650747,0.0076355848447284,0.0156629326312005,0.0443366493603509,0.1168414019346906,73.03286590576172,72.92486297607422,67.1574347114563,1,1,0.2503648607362407,0.1053111526274196,1,57.45322617736232,13.470724611231075,0.1170901784807442,1.5903775719327151,-0.0079135105459107,0.1085482800447043,-0.0041264449767229,0,,
2025-12-09 05:00:00,73.7769106536553,73.90443087526661,73.63957888145228,73.68862915039062,4684900,-0.0013293872545294,0.0046811186835531,0.0123989712194478,0.0410782485123013,0.1112811911267015,73.03237571716309,72.96370834350586,67.22382453918458,1,1,0.2625289725183251,0.1367547166056007,1,56.35146712116755,13.063801367833642,0.1172318584349826,1.4791812624453364,-0.0092323776803817,0.1084976265249741,-0.0054911110955647,0,,
2025-12-10 05:00:00,73.81614920153609,74.61071266516447,73.75729486616221,74.48319244384766,7006700,0.0107827123752759,0.0114559680201804,0.0106482524847044,0.0405368346096508,0.1222796160826655,73.05199432373047,73.01216705322265,67.2924962425232,1,1,0.3324514427940954,0.1758940618432996,1,62.60677382539816,13.627571868763058,0.1151264972331798,1.4631305617972186,0.0,0.108944972966246,0.0016378890411725,1,,
2025-12-11 05:00:00,74.45376143152771,74.76766367734625,74.30661811667092,74.67937469482422,7567400,0.0026339130284254,0.0119631001193052,0.0079436882982508,0.0467032250227339,0.1190259359879495,73.06719856262207,73.05454376220703,67.36123090744019,1,1,0.3990952507200234,0.2205342996186444,1,63.97938027993749,14.337820059741375,0.1140872787062102,1.6754940230137465,0.0,0.1089783376109514,-0.0010802341549578,0,,
2025-12-12 05:00:00,74.7480428784163,74.79709314621859,73.8750019964804,74.1692886352539,6848800,-0.006830347223109,0.0030511935426789,-0.0027697543359923,0.0315095016697872,0.1264321241681403,73.09760780334473,73.08397216796875,67.43147344589234,1,1,0.4060703404886396,0.2576415077926435,1,58.01628883132444,14.20985954856526,0.1160070862224907,1.155725123243167,-0.006830347223109,0.109410364307571,-0.0004001155172055,0,,
2025-12-15 05:00:00,74.7676687296193,74.78728434704975,74.31643468851517,74.4243392944336,6599100,0.0034387637238098,0.0086413790472148,0.0117349445399257,0.0342142844269064,0.1228686243478147,73.14371223449707,73.10771102905274,67.50381258010864,1,1,0.4272534937121293,0.2915639049765406,1,60.02266763226172,14.091039073901722,0.10959549248443,1.2470982690917356,-0.0034150714495511,0.109952717031499,-0.0011805811821806,0,,
2025-12-16 05:00:00,74.21834172697818,74.28700761410198,73.78672330275984,74.02214813232422,5327300,-0.0054040273104507,0.004526057626244,0.0070732182509873,0.0293233468783771,0.1306880927463809,73.21532096862794,73.12026718139649,67.57312618255615,1,1,0.4068973701296414,0.3146305980071608,1,55.51709884888315,13.09419222126902,0.1114695621720088,1.074043758576616,-0.0088006436206213,0.1096581482405428,-0.0032219430015311,0,,
2025-12-17 05:00:00,74.0712002901195,74.16929334793674,73.52186569510584,73.53167724609375,6791000,-0.0066260017927834,-0.0127748981553287,0.0129729183196238,0.0216709346074859,0.1218676889170164,73.294287109375,73.13439285278321,67.63984247207641,1,1,0.3471859505280577,0.3211416685113402,1,50.53521244767279,12.5765876783636,0.1047149018482058,0.8057633858679305,-0.015368332332997,0.1101435307224753,0.004327777197288,1,,
2025-12-18 05:00:00,74.21833964530275,74.52243035346177,73.99271888878398,74.13005065917969,6655100,0.0081376276932092,-0.0073557664065792,0.0302658091627991,0.0335065102766438,0.1400809384067876,73.41249084472656,73.15479644775391,67.70201379776,1,1,0.3441804558666916,0.3257494259824105,1,55.75201386731955,11.83442297265306,0.1019067145232622,1.2010063397790651,-0.0073557664065792,0.1102076233517925,0.0053039190041128,1,,
2025-12-19 05:00:00,74.49267266538143,74.88226763643782,74.4427214654068,74.59256744384766,7434700,0.0062392616834221,0.0057069282499839,0.0393862335765335,0.0354234165043598,0.138477416115428,73.60139656066895,73.19720275878906,67.76896165847778,1,1,0.3747993650272576,0.33555941379138,1,59.32306653025179,11.682456454766845,0.102096238866478,1.2622520375691857,-0.0011623992746497,0.109899172396143,0.0089766338957999,1,,
2025-12-22 05:00:00,74.87227652194161,75.07207370209109,74.81234117863833,75.01213073730469,11249300,0.0056247332386416,0.0078978389118875,0.059277130967813,0.0426672116142556,0.1277431991234976,73.77547569274903,73.28154861450196,67.8353984451294,1,1,0.4279867575510252,0.354044882543309,1,62.2957440049551,11.81124464673842,0.0866474685668254,1.4993101232557056,0.0,0.1098330776814669,0.0063426964280548,1,,
2025-12-23 05:00:00,75.30183491123958,75.49164033703981,75.20194012662812,75.47166442871094,16139500,0.0061261250265713,0.0195821971255889,0.055096968189519,0.0552417091459838,0.1376572308328552,73.95732650756835,73.35350448608398,67.91113828659057,1,1,0.5014384079020573,0.3835235876150586,1,65.2879050693862,12.490680991996934,0.0834261906115451,1.9175294834704384,0.0,0.1100031643548283,0.0077503933180491,1,,
2025-12-24 05:00:00,75.5615686258505,75.59153629955254,75.44169030955862,75.53160095214844,4794700,0.0007941592899958,0.0271981244132566,0.051464758524524,0.0621986437439567,0.1274455553428484,74.10882225036622,73.42646270751953,67.9874193763733,1,1,0.5580528605264732,0.4184294421973416,1,65.67057121598872,13.249166904852416,0.0834080583996558,2.158966497868549,0.0,0.1097046251726116,0.0154905852361129,1,,
2025-12-26 05:00:00,75.69142817144757,75.77134704589844,75.56156571657742,75.77134704589844,5872000,0.0031741164059515,0.0221407697974573,0.0450977229049407,0.0617617769044542,0.1264282946844255,74.23797264099122,73.49165985107422,68.06282175064086,1,1,0.615174380909977,0.4577784299398687,1,67.22690022716162,14.184980641332096,0.0796587321596325,2.1452474780604947,0.0,0.11006400256755,0.018938486970818,1,,
2025-12-29 05:00:00,75.49164151338448,75.6414875033784,75.33181137981231,75.53160095214844,11113800,-0.0031640732690785,0.0125888347925238,0.0320168724047325,0.0527586365670811,0.1199389762503539,74.33894996643066,73.54558776855468,68.13886127471923,1,1,0.633792130074724,0.4929811699668398,1,64.09750343098244,14.559171346514574,0.076935051835943,1.849208045421233,-0.0031640732690785,0.1101081364600535,0.0167546652785668,1,,
2025-12-30 05:00:00,75.7813370407311,75.89122358516384,75.65147458889383,75.68144226074219,5953000,0.0019838227537196,0.0089227104584117,0.0295106405855425,0.0502521841525569,0.1218359820121153,74.46164283752441,73.60349349975586,68.2102872467041,1,1,0.6531091361733843,0.5250067632081488,1,65.18821164071815,15.2537153792449,0.0762333596524131,1.7689477112110017,-0.0011865274759044,0.1104614560516603,0.0210687075536371,1,,
2025-12-31 05:00:00,75.65147847115013,75.69143028800939,75.31182705597793,75.36177825927734,7519600,-0.0042238095881355,-0.001455992394833,0.0291446648842279,0.0386055429410487,0.1135526622095937,74.56246719360351,73.64068405151367,68.27610492706299,1,1,0.6353004412771526,0.5470654988219495,1,60.93517748163404,15.178192566604736,0.0765508087909307,1.3821877766794024,-0.0054053253979106,0.1108159194259491,0.0236298269457764,1,,
2026-01-02 05:00:00,76.27082690692981,76.4706240886769,76.06104558220777,76.46063232421875,9059000,0.0145810527607359,0.0122999030916726,0.0424749992562554,0.0517589313497026,0.1271881638723853,74.70351982116699,73.71378128051758,68.34780338287354,1,1,0.7017657431483286,0.5780055476872253,1,68.53478943679934,16.13168680588988,0.0891860955942737,1.7743336189300014,0.0,0.1122260174447251,0.0369085688802031,1,,
2026-01-05 05:00:00,76.71037377843379,77.26979064941406,76.62046314046438,77.26979064941406,11741300,0.0105826789630016,0.0197758606905582,0.0492970069581841,0.0550592267910858,0.1533911757695409,74.87718238830567,73.80188446044922,68.42272630691528,1,1,0.8103906096652764,0.6244825600828355,1,72.74018319480672,17.81218216929781,0.0938389269754605,1.867731073449021,0.0,0.1126633188323201,0.0403791763486545,1,,
2026-01-06 05:00:00,77.49955319875605,77.67936684786038,77.39965842069431,77.53951263427734,8618200,0.003490652460637,0.02658372994637,0.0507201741816625,0.0564780893192402,0.150043921890437,75.05697441101074,73.88694595336914,68.5014135169983,1,1,0.9077766251344316,0.6811413730931548,1,73.98818223033565,19.713810175957448,0.0939243045982597,1.911770314613058,0.0,0.1123881941239999,0.0363882643882325,1,,
2026-01-07 05:00:00,77.41963426523638,77.45959370072543,77.07999049580397,77.14991760253906,9579800,-0.0050244709890794,0.0194033741684995,0.0433606463924423,0.0593820878603972,0.1391528749427448,75.22513427734376,73.95950698852539,68.57965007781982,1,1,0.942652371188032,0.7334435727121302,1,69.06938782949992,20.836030430586792,0.0973670186095931,2.0153706087440413,-0.0050244709890794,0.1121851155573274,0.0344182890643678,1,,
2026-01-08 05:00:00,76.95012647321175,77.20985901356352,76.88019936098054,77.19986724853516,8157600,0.0006474361548047,0.0243902019261539,0.0462569275324196,0.0559431481268712,0.1382497592448459,75.40069618225098,74.02188430786133,68.65765180587769,1,1,0.9632187836321152,0.7793986148961272,1,69.35072056511672,21.488306152098797,0.0963419023273735,1.9073225430744636,-0.0043802878584516,0.1122691472447942,0.034278453777043,1,,
2026-01-09 05:00:00,77.41963845120648,77.80923344143581,77.3597031054738,77.74929809570312,7185400,0.0071169921238225,0.0168539774301106,0.0551057740133162,0.0728147127464831,0.1543252325498285,75.56400146484376,74.09544631958008,68.73738307952881,1,1,1.012184458869427,0.8259557836907873,1,72.33182738220876,22.67020215974514,0.0969141868341675,2.466055133263825,0.0,0.1123253200802668,0.0352790533570952,1,,
2026-01-12 05:00:00,78.04898135701634,78.4885275435466,78.01901368456808,78.46855163574219,8841800,0.0092509329042909,0.0155139670530117,0.0535068256492774,0.1083936895133761,0.1638231632157365,75.75346031188965,74.18790573120117,68.82390882492065,1,1,1.0963893647836045,0.8800424999093508,1,75.66827169117617,24.313242135589302,0.0954133260518107,3.9039249607520254,0.0,0.1131866796273198,0.0389343954620842,1,,
2026-01-13 05:00:00,78.28873733346481,78.33868091330531,77.86916705820163,78.04898071289062,7557600,-0.0053469946125582,0.0065704317876775,0.0451209725822723,0.0859159217429961,0.1633267479946329,75.94744491577148,74.2811946105957,68.90765830993652,1,1,1.1163973585939289,0.9273134716462664,1,70.33968676458424,25.542904967847782,0.0992047550396153,3.216340835868767,-0.0053469946125582,0.1128070259011959,0.0351325628026437,1,,
2026-01-14 05:00:00,78.26875541527292,78.38863372802734,78.06896584883228,78.38863372802734,9460100,0.0043517930924192,0.0160559617428226,0.0568880350669551,0.0904926257748006,0.1633115610098139,76.14565963745117,74.3848080444336,68.99669195175171,1,1,1.1464454876175552,0.9711398748405244,1,72.05527363285626,26.726959501710496,0.0939111082132944,3.373416387920521,-0.0010184705343591,0.1138575757452182,0.0406470764062649,1,,
2026-01-15 05:00:00,78.63837196123286,78.79820208493518,78.46855007308567,78.51849365234375,8295300,0.0016566167585847,0.0170806822706501,0.0550109600800496,0.0828420957161581,0.1610338636042629,76.37047691345215,74.48689865112304,69.08836166381836,1,1,1.1672817594462828,1.010368251761676,1,72.70531269930024,28.16525944359202,0.0939265716657928,3.134273074432229,0.0,0.113736465333483,0.0344125038847387,1,,
2026-01-16 05:00:00,78.55845642089844,78.60840762375851,78.19882910045973,78.55845642089844,8129000,0.0005089599493799,0.0104072749852905,0.0612831213769287,0.0785780905900452,0.1644823416639562,76.62181587219239,74.60921127319335,69.17935894012452,1,1,1.1734920307700634,1.0429930075633536,1,72.91412094142646,28.924602623373545,0.0897417602815868,2.9866841456021604,0.0,0.1138897779218714,0.0385892863341641,1,,
2026-01-20 05:00:00,77.76926948821617,78.15886445582419,77.5195287335196,77.64939880371094,12839200,-0.0115717347132812,-0.0104392500556633,0.0559992878149115,0.0668154961092644,0.1440544847908091,76.79778327941895,74.70353332519531,69.26503561019898,1,1,1.092467082649577,1.0528878225805984,1,61.40607965201692,28.344208138407605,0.097613072591458,2.4897727064631616,-0.0115717347132812,0.1149110961875527,0.0432850248562486,1,,
2026-01-21 05:00:00,78.0989310034566,78.7682344130837,77.82921433531004,78.51849365234375,15033200,0.0111925509021619,0.0060156191043707,0.0591992444918239,0.0682461140323935,0.1520543838639472,76.99407958984375,74.82092666625977,69.36111497879028,1,1,1.085865734210799,1.0594834049066386,1,66.80089508097483,28.435029141810716,0.1003263694245726,2.529136506236542,-0.0005087010409239,0.114871503362485,0.0423190326480862,1,,
2026-01-22 05:00:00,78.91808222418649,79.18779889858862,78.78821976932373,78.99800109863281,8860900,0.006106936391472,0.0077736700032264,0.0590599547079742,0.0850513654381031,0.1387034139462004,77.19337310791016,74.94516357421875,69.47771509170532,1,1,1.106570505545804,1.0689008250344718,1,69.34682271520263,28.902696995004803,0.1002696039477803,3.164506381737976,0.0,0.1149724885729554,0.0461633701710244,1,,
2026-01-23 05:00:00,78.85814809402416,79.50746799982505,78.6883185778384,79.4475326538086,9619500,0.0056904168323768,0.0118321042374851,0.0591291284877222,0.0903442569001267,0.1529702360238434,77.39216651916504,75.06014556884766,69.60412225723266,1,1,1.146041769477037,1.0843290139229849,1,71.54953869839721,29.610401682507728,0.1002935443214649,3.339193857692736,0.0,0.1155847980764347,0.0523678341387157,1,,
2026-01-26 05:00:00,79.82714236406635,80.0469078368203,79.74722348952854,79.77719116210938,9720100,0.0041493863596402,0.0155137307520558,0.0570482546792823,0.0885669074933894,0.1595612753298159,77.60444602966308,75.17387298583985,69.7338737297058,1,1,1.1902037886667929,1.1055039688717463,1,73.07741619155325,30.690019388368437,0.0996891189537545,3.2840078808939515,0.0,0.1154779898462519,0.0497697091127657,1,,
2026-01-27 05:00:00,80.52640991084445,81.10581029346339,80.52640991084445,81.01589965820312,10903700,0.0155271008924926,0.0433551438434485,0.072609326916414,0.1019293203100077,0.1929689433541419,77.86667366027832,75.30668518066406,69.85062948226928,1,1,1.3100544382768646,1.14641406275277,1,77.88362537818273,32.362393854637745,0.1088501666329381,3.625145888629299,0.0,0.1168056436392768,0.0647285240297963,1,,
2026-01-28 05:00:00,80.81611063125584,80.91600540993444,80.28666144492442,80.6562728881836,15084100,-0.0044389653331846,0.0272264422863903,0.0644693018236315,0.0887578662906947,0.1883565377949567,78.12290725708007,75.44858856201172,69.97077209472656,1,1,1.3603369491860349,1.1891986400394232,1,73.7663330220895,33.478037279216096,0.112163399729461,3.1838001001527974,-0.0044389653331846,0.1162988552309924,0.0566475188798982,1,,
2026-01-29 05:00:00,81.26564510626285,81.35555574671453,79.88707879836602,80.86605834960938,11947900,0.0026009813485508,0.0236468926428177,0.0706255041626944,0.0917341837081533,0.2000773083733413,78.38213806152343,75.59586471557617,70.0842103767395,1,1,1.4009646860042722,1.2315518492323931,1,74.60955875860034,34.78422946066955,0.1099248849099348,3.284845699401685,-0.0018495296506724,0.1168331881122532,0.0610767911292324,1,,
2026-01-30 05:00:00,80.3166307303761,80.47646085517712,79.24774057192069,79.57740020751953,12506400,-0.0159357110806436,0.0016346329379017,0.0514783787200401,0.0776189864169021,0.1906119403308779,78.59291915893554,75.73561325073243,70.18800716400146,1,1,1.314031184301939,1.2480477162463024,1,61.52687787397743,34.888436534101025,0.1285343898060686,2.684955351416173,-0.0177557671611678,0.1153153053352812,0.0439415652945118,1,,
2026-02-02 05:00:00,79.37760424602023,80.07688296454853,79.36761248135291,80.02693176269531,10822300,0.0056489851893062,0.0031304762294583,0.0619034424502007,0.0905149138268561,0.2013734380229161,78.77123413085937,75.89710479736328,70.29245248794555,1,1,1.266806243673955,1.251799421731833,1,63.90460092627787,34.98520024514454,0.1266361402660802,3.1216773509344558,-0.0122070840375797,0.115393059103023,0.0413039904445544,1,,
2026-02-03 05:00:00,80.18676327940685,80.4265199066767,79.5774028108422,80.22672271728516,9045400,0.0024965464774069,-0.0097410131128261,0.0492552870488556,0.095874280418954,0.189727668246336,78.91908073425293,76.06631973266602,70.39944742202759,1,1,1.2313078478936743,1.2477011069642012,0,64.94164147504492,35.3524643348077,0.1192906143616465,3.302213850155368,-0.0097410131128261,0.1166676141666469,0.0395772461952457,1,,
2026-02-04 05:00:00,80.93598440262878,80.97594383992023,79.80715887970798,80.16678619384766,12259800,-0.0007470892666114,-0.0060687988275199,0.0374919553953205,0.0919828132250248,0.1857490795386696,79.05044441223144,76.25336639404297,70.50313829421997,1,1,1.1846824550520836,1.235097376581778,0,64.34439305622962,36.0931597419822,0.1158070747865123,3.17452017000226,-0.0104808249730952,0.1171479083371737,0.039805231652443,1,,
2026-02-05 05:00:00,79.44752792193398,79.92703352595683,79.07791648153515,79.20777893066406,12227600,-0.0119626507275053,-0.0205064949719206,0.0215150474862442,0.093383348642781,0.1640016934322543,79.1533374786377,76.40691101074219,70.60310022354126,1,1,1.0581499302065254,1.1997078873067275,0,55.54256797822082,35.554395073684844,0.1249424058193915,3.2377180512707726,-0.0223180972521112,0.1172103739479324,0.0429064623870731,1,,
2026-02-06 05:00:00,80.22671950269844,81.02589298527575,80.16678415902425,80.96595764160156,8102300,0.0221970459805034,0.0174491429785466,0.0494626586475694,0.1101370958959939,0.1813657077700139,79.34164199829101,76.58953720092774,70.70637729644776,1,1,1.087209644887139,1.1772082388228098,0,64.99627419482805,35.87337303011861,0.1426186128932758,3.565134354262842,-0.0006164471025102,0.1175568045869039,0.0478823683773941,1,,
2026-02-09 05:00:00,81.31559701872837,82.14473821226252,81.29561348890535,82.0648193359375,8514900,0.0135718977005137,0.0254650219414278,0.0630176224492751,0.1296097015960657,0.1934890470162384,79.55741806030274,76.78079986572266,70.8137918663025,1,1,1.1852458568501874,1.1788157624282851,1,69.37897791445306,36.81081417994035,0.1476255886261,4.090047453357265,0.0,0.1185804982594582,0.0562162550402434,1,,
2026-02-10 05:00:00,82.50435165042667,82.51434341457977,82.23463499015645,82.26460266113281,9197900,0.0024344576252277,0.0254015105543952,0.058075181075869,0.1302232116699109,0.2001429586201355,79.74722061157226,76.96232513427735,70.91832872390746,1,1,1.2644849108897915,1.1959495921205865,1,70.11168461424778,37.86547124299057,0.1468515032191608,4.10790619324874,0.0,0.1191834834242934,0.0610562546283042,1,,
2026-02-11 05:00:00,82.81403528062205,83.02381659871995,82.21465899727335,82.90393829345703,11922600,0.0077716978097832,0.0341432185268197,0.0565243854417536,0.1249077491347907,0.1961830277923819,79.98996849060059,77.1501628112793,71.02581995010377,1,1,1.363157839443673,1.2293912415852035,1,72.38863086067491,39.08625426372512,0.1461117174191959,3.9941506465764007,0.0,0.1201375002697636,0.0614102354210768,1,,
2026-02-12 05:00:00,83.13370398033439,83.17366341582603,81.86501667329478,82.04483032226562,11936300,-0.0103626919164009,0.0358178379687306,0.0511966917809478,0.1073548649646101,0.1761671762146439,80.1727783203125,77.32650772094726,71.12722270965577,1,1,1.3563982975666988,1.2547926527815028,1,65.20065184554505,39.676799411434594,0.1505417663836507,3.4057574834832973,-0.0103626919164009,0.120758129521841,0.0704841170762642,1,,
2026-02-13 05:00:00,81.95493261529502,82.43443062927723,81.45545107153151,82.31455993652344,13597900,0.0032875881782963,0.0166564113388432,0.0500828503034924,0.1067460715567227,0.1853418030001552,80.36258163452149,77.50589309692383,71.22900495529174,1,1,1.3571617220475645,1.275266466634715,1,66.3310503447574,39.611701800427625,0.1504150657880412,3.3886447430923243,-0.0071091720015442,0.1210698405744669,0.0633446196447025,1,,
2026-02-17 05:00:00,81.80508583401776,82.34452681062555,81.26564485740998,82.14473724365234,14000800,-0.002063094220537,0.0009738388308355,0.0461833056472593,0.1166871210057125,0.1775994083388392,80.54189567565918,77.67599624633789,71.33027730941772,1,1,1.3287465067873256,1.2859624746652374,1,64.90160461105043,39.27108156183811,0.1511880642718541,3.7556193579809047,-0.009157599330412,0.1206254369879997,0.0605695951102205,1,,
2026-02-18 05:00:00,82.43443024931815,82.85400053647308,82.22464891648244,82.42444610595703,7780300,0.0034050734312416,0.0019430403801092,0.0492116299274707,0.1213866970476809,0.179957963561284,80.78064804077148,77.84855438232422,71.43372352600097,1,1,1.3136544210916554,1.291500863950521,1,66.1938405664072,39.30634435952048,0.1511138753378994,3.898742327191085,-0.0057837081973444,0.1204294808129913,0.0574213332438506,1,,
2026-02-19 05:00:00,81.93494362558776,82.29457092285156,81.69519463457289,82.29457092285156,7852800,-0.0015756876659931,-0.0073502825456671,0.0598223835690356,0.1336906050787885,0.1812350490978755,80.96945190429688,78.01557235717773,71.53007549285888,1,1,1.2764993032066627,1.2885005518017494,0,64.99722674453162,38.56091861834389,0.1432891414431419,4.384141994249498,-0.0073502825456671,0.1205576844943158,0.0491387559087155,1,,
2026-02-20 05:00:00,82.21466389470115,83.30352998514073,82.17470445723318,83.28355407714844,10300300,0.0120175990129898,0.0150981329355817,0.0606871095350216,0.1574819856220044,0.1939251045956003,81.18372955322266,78.20550903320313,71.63020938873291,1,1,1.3117354105830543,1.2931475235580103,1,69.5163193713069,38.56940302117432,0.1439244419063548,5.119035113915673,0.0,0.1211304990378484,0.0544869309807212,1,,
2026-02-23 05:00:00,83.16367728351236,83.43339396449262,82.6242363000683,82.84400939941406,10800800,-0.0052776887658662,0.0064320268892759,0.0486848812285682,0.1543633079643778,0.1921282534768253,81.35355339050292,78.38861663818359,71.7286785697937,1,1,1.2893301026332151,1.2923840393730517,0,65.47061606092907,38.659437700152175,0.1460642262634512,5.000629781743783,-0.0052776887658662,0.1217342769771874,0.0588122296747655,1,,
2026-02-24 05:00:00,82.9139334404363,83.50331798368889,82.77407922266507,83.33349609375,7084800,0.0059085345806475,0.0144715156440471,0.0489123237706379,0.1767865515624569,0.1799454744401041,81.53136863708497,78.56562271118165,71.83143661499024,1,1,1.2961302375183124,1.293133279002104,1,67.7233905375572,38.78928387561727,0.1461298373551708,5.871273750442688,0.0,0.1215699229000068,0.0517812456583977,1,,
2026-02-25 05:00:00,83.9428642670834,84.19260503075863,83.7131070325328,84.11268615722656,9079900,0.0093502624994872,0.0204822735368981,0.0543450443912889,0.1758988068243148,0.2026137017758944,81.68620796203614,78.75428894042969,71.93891437530517,1,1,1.3488448754689557,1.3042755982954746,1,70.97022236419076,39.345698834773465,0.1480496473373084,5.854373908936903,0.0,0.1216798565025905,0.0537060496515038,1,,
2026-02-26 05:00:00,84.0827213976526,84.11268907089439,83.18365309298133,83.87294006347656,10489500,-0.0028502964856199,0.0191795050745773,0.0352651814931015,0.1675833632396584,0.1998557561598046,81.84704132080078,78.94836196899413,72.04344892501831,1,1,1.3556490216500094,1.3145502829663815,1,68.68093197869106,39.04393614805586,0.1413093083512226,5.576882127345723,-0.0028502964856199,0.1220107386023213,0.0445620160196971,1,,
2026-02-27 05:00:00,83.68313168874617,84.06274252705455,83.51330979870467,83.72309112548828,10485800,-0.0017866184001046,0.00527759715841,0.0380233071463185,0.1547744008933655,0.2012347798026008,81.98989295959473,79.13433700561524,72.14413291931152,1,1,1.33357715227541,1.3183556568281871,1,67.22138200915715,38.76372793896095,0.1401539410799425,5.20788913213462,-0.0046318224935776,0.1223804157842751,0.0522925229246968,1,,
2026-03-02 05:00:00,81.7551354248995,82.6442195845634,81.70519184341327,82.31455993652344,12896600,-0.0168236883042656,-0.0063909203179436,0.0179123555231508,0.1246950101439161,0.1762480431995685,82.12675094604492,79.30018524169923,72.23714431762696,1,1,1.1887254543320154,1.292429616328953,0,55.32078825583002,36.22181570726837,0.1542288271856691,4.071095597286552,-0.0213775864599307,0.1202531524235975,0.0292721988212667,1,,
2026-03-03 05:00:00,78.62838381424282,79.85711176706604,77.51953417582396,79.47750091552734,16653500,-0.0344660655804256,-0.0462718517639614,-0.0012553726526837,0.0811492280733945,0.1407995526720746,82.09927940368652,79.41910171508789,72.31621269226075,1,1,0.8353728294327283,1.2010182589497085,0,39.97124505365176,36.14048302500576,0.189114670085673,2.334236322153977,-0.0551068507434771,0.117141019986292,0.015832370609456,1,,
2026-03-04 05:00:00,79.7272417608289,80.42652049660329,79.40757387694116,80.2566909790039,13184900,0.0098039074518048,-0.0458432057563218,0.0028710236822511,0.0959898671464289,0.1601112446392825,82.10077781677246,79.54163452148437,72.3966572189331,1,1,0.611167298413676,1.0830480668425018,0,44.52397751111573,35.56778759328067,0.191212244468753,2.718558624895113,-0.0458432057563218,0.1174607379792233,0.0179185723324513,1,,
2026-03-05 05:00:00,79.10788819237625,79.56741029139353,77.80923314883968,78.63837432861328,13919000,-0.0201642583397064,-0.0624106622577158,-0.0197982459568881,0.0721666395867317,0.1343177457698408,82.02435722351075,79.6225506591797,72.46862251281738,1,1,0.2994463399098777,0.9263277214559772,0,38.06653026250737,35.727922921149734,0.2035100198846003,1.9942310057912205,-0.0650830698520374,0.1157375293305058,-0.0079720909935858,0,,
2026-03-06 05:00:00,77.41963380277556,78.4285885837689,77.1299336133227,77.89913940429688,11654800,-0.0094004349737355,-0.0695620723375129,-0.0282866121646374,0.0578433451749864,0.1190849856733085,81.95892524719238,79.68029083251953,72.53471099853516,1,1,-0.0071622835346829,0.7396297204578451,0,35.53149475001811,36.1347099551301,0.2056391234157686,1.6088913084706364,-0.0738716956597378,0.116172231339663,-0.0083285908503164,0,,
2026-03-09 04:00:00,76.98009389926699,79.0779225024245,76.3107904527086,78.86813354492188,13537200,0.0124390865937031,-0.041868976694515,-0.0042880306748596,0.0687240118023377,0.1255866988007641,81.85403404235839,79.74822021484376,72.60462688446044,1,1,-0.1700024156589563,0.5577032932344849,0,41.07125890402772,36.80598179250062,0.2070431075696328,1.867675219084832,-0.0623515054851698,0.1165959245694341,-0.00524227811756,0,,
2026-03-10 04:00:00,79.27770522661109,80.32661943760014,78.81818315575848,79.03795623779297,9268400,0.0021532485331907,-0.005530429022945,-0.023812494287327,0.0688941177441679,0.1172702818654016,81.70269088745117,79.81834732055664,72.67689403533936,1,1,-0.2820992568872924,0.3897427832101294,0,42.01172495007479,36.35570961333416,0.1908243891186388,1.8719247738092444,-0.0603325152397073,0.1170350747905568,-0.0044381080123809,0,,
2026-03-11 04:00:00,78.80819235218429,79.26771442863783,78.4485650538323,78.95803833007812,6552500,-0.0010111332772118,-0.0161812383875323,-0.0378576475400691,0.0700846715352618,0.1175286404030071,81.53736267089843,79.88208114624024,72.74929466247559,1,1,-0.3730848287569728,0.237177260816709,0,41.67465423050451,36.09582116990886,0.1832549827694719,1.902961203381302,-0.0612826443030624,0.1170636707115884,-0.0127915430457281,0,,
2026-03-12 04:00:00,78.13889363857484,78.16886131165313,77.119947025012,77.3896713256836,7698900,-0.019863297487687,-0.0158790541334389,-0.0592591610212985,0.0502254176521528,0.0933668383524033,81.26164932250977,79.91924255371094,72.81278736114501,1,1,-0.5652300397888297,0.0766958006956012,0,35.63257997673011,36.38233534527564,0.192834365318428,1.3500404578392993,-0.0799286663961255,0.1165075615604329,-0.0224521199328779,0,,
2026-03-13 04:00:00,77.72931345077649,78.11890843541542,76.52056905978351,76.6604232788086,7931400,-0.0094230668561191,-0.0159015380010726,-0.0753102342683422,0.0292311696575349,0.0709529433570399,80.99242897033692,79.93882217407227,72.86948406219483,1,1,-0.7675034249372885,-0.0921440444309767,0,33.22080665069389,36.86509606939556,0.1900989265331519,0.8250398085759915,-0.0885985600850735,0.1160666529839098,-0.0338849008570415,0,,
2026-03-16 04:00:00,77.79924016140156,78.44856767296501,77.69934537996485,78.18883514404297,5760400,0.0199374305523418,-0.0086130908688486,-0.0469986367584235,0.0469937042665407,0.0958916868342867,80.7861427307129,79.99536331176758,72.93663341522216,1,1,-0.795308652827643,-0.2327769661103099,0,42.07068712921838,37.01553538081061,0.2050149364105344,1.2362322862458603,-0.0704275571714653,0.1171881160503182,-0.0295633385980613,0,,
2026-03-17 04:00:00,78.74826125574313,78.95804258751274,78.38863393799996,78.52848815917969,5858000,0.004344009147994,-0.0064458660479592,-0.0459951651355892,0.0587736461295083,0.0921350761001529,80.60533027648925,80.0367204284668,73.00407573699951,1,1,-0.7809352016444677,-0.3424086132171415,0,43.8514835718896,36.69621839368597,0.2054041450709323,1.5236593678957713,-0.066389485976095,0.1173883857087723,-0.0304076956591867,0,,
2026-03-18 04:00:00,78.11891087721943,78.31870806884567,77.12993954849117,77.1698989868164,6843700,-0.0173005899414411,-0.022646704263175,-0.060561862193069,0.0368906156025246,0.0723670860443395,80.34260292053223,80.03472259521484,73.06554889678955,1,1,-0.8691518880952458,-0.4477572681927624,0,38.72369561312671,36.92754995923663,0.2119907556763962,0.9739431356929203,-0.0825414986442406,0.1169899334286634,-0.0301387804273648,0,,
2026-03-19 04:00:00,75.79132822912509,77.45959466885807,75.62149872080325,77.06999969482422,9153600,-0.0012945370319747,-0.0041306756493909,-0.0649618731346965,0.041174859679181,0.071705591250599,80.08137435913086,80.02533233642578,73.1231789779663,1,1,-0.9363318350962828,-0.5454721815734666,0,38.36840927649088,37.673818542921786,0.2108558499995028,1.07804988633413,-0.0837291826495457,0.1171271267478306,-0.0274214755628542,0,,
2026-03-20 04:00:00,76.62000274658203,76.62000274658203,74.30999755859375,74.70999908447266,9980400,-0.030621520951038,-0.0254423874916837,-0.092163696259978,0.016024683272698,0.0380428877434924,79.65269660949707,79.97653396606445,73.17060813903808,0,1,-1.1665574053946983,-0.669689226337713,0,31.10736179152164,38.75744762522999,0.2312185075455015,0.4534514536751556,-0.1117867886798675,0.1151918809701067,-0.0445081833374301,0,,
2026-03-23 04:00:00,76.1500015258789,77.41000366210938,75.80000305175781,76.58000183105469,11131200,0.0250301535202492,-0.0205762537582816,-0.0804907081641114,0.0330493659465969,0.067663245142967,79.3394962310791,79.96413665771485,73.22525524139404,0,1,-1.1844654547000744,-0.7726444720101853,0,40.68588109490234,39.074111646556986,0.2467947324490764,0.8145833914319243,-0.089554675641811,0.1168482426386319,-0.0353524210106523,0,,
2026-03-24 04:00:00,75.36000061035156,76.41000366210938,75.2699966430664,75.94999694824219,9376800,-0.0082267546062791,-0.032835105722535,-0.0832167890128774,0.0181979190542862,0.0542659680248187,78.9703212738037,79.92815063476563,73.27631610870361,0,1,-1.2352545956087084,-0.86516649672989,0,38.73206977017573,39.545249778051705,0.2472174215111875,0.4903801662582117,-0.0970446859077401,0.1162772861996424,-0.0448270685385316,0,,
2026-03-25 04:00:00,77.16999816894531,77.44999694824219,76.63999938964844,77.08000183105469,6191900,0.0148782742359103,-0.0011649251449334,-0.0750417845863582,0.0275671557843326,0.0714105810680414,78.61868705749512,79.90037963867188,73.33215480804444,0,1,-1.1708268424710724,-0.9262985658781264,0,43.93284960080977,39.10416831733683,0.2536227260869823,0.6885401138958168,-0.0836102691219029,0.1173533098436913,-0.0346846732787986,0,,
2026-03-26 04:00:00,76.0199966430664,76.55999755859375,75.18000030517578,75.19999694824219,6221400,-0.0243903066703751,-0.0242636921498212,-0.1059612956876022,-0.003599595722781,0.0514432656032419,78.1850399017334,79.8433999633789,73.37781818389892,0,1,-1.2569784015480394,-0.992434533012109,0,38.13319888808051,39.23336338542381,0.2588180669347544,0.0162777517083445,-0.1059612956876022,0.1165728717196407,-0.0419706673704128,0,,
2026-03-27 04:00:00,74.97000122070312,75.44000244140625,74.44000244140625,74.69000244140625,7876000,-0.0067818421214425,-0.0002676568506418,-0.1094862969525153,-0.0111423364543188,0.0503632690740405,77.7333854675293,79.76942733764649,73.41972011566162,0,1,-1.3508348440875864,-1.0641145952272046,0,36.717167625259066,39.59894307551407,0.2587281414727081,-0.1445224614454168,-0.112024525030708,0.1177908487408377,-0.0345862168348789,0,,
2026-03-30 04:00:00,75.31999969482422,75.37000274658203,74.30000305175781,74.62999725341797,7972400,-0.0008033898249683,-0.0254636266781329,-0.1086091513085815,-0.0150630790790758,0.0457683752958024,77.34915733337402,79.69165740966797,73.46103126525878,0,1,-1.4137617033060792,-1.1340440168429795,0,36.54521527610118,39.984987125269775,0.2589225220172488,-0.2290610956857493,-0.1127379154921196,0.1180910497541286,-0.0350494480890434,0,,
2026-03-31 04:00:00,75.44999694824219,77.11000061035156,75.23999786376953,77.11000061035156,9827200,0.0332306505186159,0.0152732548876846,-0.0632276881536553,0.0208972090926959,0.074758353919565,77.23078231811523,79.66268829345704,73.51290100097657,0,1,-1.2491171035275244,-1.1570586341798883,0,47.490456453744166,38.93924494122038,0.2874223695956248,0.512738980163973,-0.0832536192434196,0.1185687446968237,-0.0140071814570018,0,,
2026-04-01 04:00:00,77.87999725341797,78.62999725341797,77.7300033569336,78.01000213623047,9879100,0.0116716576158097,0.0120653902839049,-0.0184643296831464,0.0307679109426295,0.0825662498218648,77.11844787597656,79.66990036010742,73.57372882843018,0,1,-1.034092100456803,-1.1324653274352716,1,50.80667253159687,36.95544322555666,0.2674172877890136,0.7023437772524612,-0.0725536693666961,0.1190556182450445,0.0163443878069062,1,,
2026-04-02 04:00:00,76.29000091552734,77.87000274658203,76.0999984741211,77.4800033569336,7689000,-0.0067939849350513,0.0303192353885422,-0.034597584178953,0.0281074192592514,0.0677980643814752,77.06052932739257,79.64913055419922,73.6297261428833,0,1,-0.8961197972489288,-1.085196221398003,1,48.850141629853184,35.84648141577375,0.2653350436860509,0.6501820576935716,-0.0788547257650874,0.118140373782738,0.005786067882826,1,,
2026-04-06 04:00:00,77.66999816894531,78.0999984741211,77.62999725341797,77.97000122070312,5640300,0.0063241848546677,0.0439148302595118,-0.0084993250892645,0.0197404710189179,0.0725211480528993,77.06407241821289,79.62857055664062,73.69224384307861,0,1,-0.7387214987967639,-1.015901276877755,1,50.73889021183963,34.66707646021738,0.2576666251422285,0.4902047098958254,-0.0730292327728221,0.1183282019142621,0.0223840322040937,1,,
2026-04-07 04:00:00,77.56999969482422,78.08999633789062,76.7699966430664,78.0199966430664,7637300,0.0006412135639419,0.0454240856814875,0.0015514579454116,0.0097089171246258,0.0653027093855722,77.02166557312012,79.60001983642579,73.75462390899658,0,1,-0.6029970261594428,-0.9333204267340928,1,50.937955755330286,33.946233696029545,0.2555277897566907,0.2926024551696163,-0.0724348465434985,0.1183519919153088,0.0187631807576516,1,,
2026-04-08 04:00:00,81.5999984741211,81.69999694824219,80.66999816894531,81.2300033569336,6998100,0.0411433844140323,0.0534301998958737,0.0299470737527525,0.0475949692908543,0.1067611315368499,77.13126792907715,79.62907608032226,73.83566520690918,0,1,-0.233719515993684,-0.7934002445860111,1,61.652801559922,31.78613479125643,0.2898911845420891,0.9720790281230092,-0.0342716768657768,0.1201609475946906,0.0305758802327047,1,,
2026-04-09 04:00:00,80.4800033569336,81.4000015258789,80.2300033569336,81.06999969482422,6239000,-0.0019697606241169,0.0392257079194795,0.0257097166191602,0.050811228502934,0.1132105931985874,77.23686599731445,79.63015808105469,73.91341728210449,0,1,0.045500115973553,-0.6256201724740983,1,60.938403895396014,29.565993316535742,0.290137321684224,1.0301955271105587,-0.036173930490281,0.1192363737803134,0.0188088826678323,1,,
2026-04-10 04:00:00,81.5199966430664,81.69000244140625,81.0199966430664,81.2699966430664,4511200,0.0024669661896514,0.048915760479167,0.0292808479273929,0.0527219740084266,0.1116145553367922,77.43088226318359,79.64243255615234,73.98719097137452,0,1,0.279697588560083,-0.444556620267262,1,61.53832417431387,27.647169240924917,0.2900281627304396,1.0640190232866111,-0.0337962041640959,0.1196096812394018,0.0217489380978495,1,,
2026-04-13 04:00:00,80.6500015258789,81.93000030517578,80.5999984741211,81.88999938964844,5458000,0.0076289254607091,0.0502757228109989,0.0581515334911533,0.0532570890717039,0.1299497014606567,77.69236106872559,79.66291137695312,74.06494323730469,0,1,0.5094571085354573,-0.2537538745067181,1,63.41422857449844,25.70258990637724,0.2799331498761238,1.0732527414315636,-0.0264251074258096,0.1193557823984958,0.0244466607996549,1,,
2026-04-14 04:00:00,82.36000061035156,82.9000015258789,82.29000091552734,82.80999755859375,5323700,0.0112345607009689,0.0613945286032389,0.0802183710546391,0.0553272085740148,0.1697180183552045,77.92341918945313,79.7275633239746,74.14402538299561,0,1,0.7570525167677857,-0.0515925962518173,1,66.05954818386775,24.34121218550025,0.2776658798028354,1.1084293752249887,-0.0154874211982456,0.1192437216520641,0.0273727947388531,1,,
2026-04-15 04:00:00,82.58999633789062,82.72000122070312,82.37000274658203,82.6500015258789,6148000,-0.0019320859489415,0.0174812028839355,0.0570563095564395,0.0589504279359329,0.1499311300321888,78.12949485778809,79.78002471923828,74.2209408569336,0,1,0.929646927824237,0.1446553085633934,1,65.17694223427875,23.07707573040019,0.2719531606218048,1.1736223953534473,-0.0173895841183047,0.1180815516152725,0.0076239434088234,1,,
2026-04-16 04:00:00,82.91000366210938,82.94999694824219,82.41999816894531,82.62999725341797,5260300,-0.0002420359599711,0.0192425997837193,0.052229569044095,0.0541068688619603,0.1494957672725327,78.40249977111816,79.82809020996093,74.29687782287597,0,1,1.0526804198479311,0.326260330820301,1,65.05989992739126,22.029817142322305,0.2720858307916444,1.0884761966316854,-0.0176274111735903,0.117763589795648,0.0031962624292878,1,,
2026-04-17 04:00:00,83.9000015258789,84.4800033569336,83.66000366210938,83.75,8887000,0.0135544328187147,0.0305156079657002,0.085267715774874,0.0666276962828626,0.1549893699918332,78.73649978637695,79.89975448608398,74.37831718444824,0,1,1.226422771789302,0.5062928190141013,1,68.47345050598918,21.84049093427845,0.2645895393573356,1.3013722106042358,-0.0043119079153959,0.1179344893576534,0.0080738222623735,1,,
2026-04-20 04:00:00,83.30999755859375,83.4800033569336,82.94000244140625,83.4800033569336,6090600,-0.0032238405142257,0.0194163387365484,0.0831711909626471,0.0626482133211301,0.1461490808928278,79.175,79.98519897460938,74.45733276367187,0,1,1.3270311754669706,0.6704404903046752,1,66.77969549816987,21.176952370984264,0.2651630351767169,1.231261383175285,-0.0075218475261904,0.117789827869691,0.005657964472117,1,,
2026-04-21 04:00:00,83.12999725341797,83.26000213623047,81.79000091552734,81.87999725341797,7502300,-0.0191663397122124,-0.0112305317303957,0.0959710648749758,0.0544833381183222,0.1249391654936513,79.43999977111817,80.0034797668457,74.52756740570068,0,1,1.2630967464386345,0.7889717415314671,1,57.67502689233019,19.840698024172664,0.2488134063275597,1.0791130104212652,-0.0265440209534524,0.1162935962759609,0.0095641749798331,1,,
2026-04-22 04:00:00,82.66000366210938,82.68000030517578,82.31999969482422,82.58999633789062,4469200,0.0086712152941972,-0.0007260155702416,0.0784799472856472,0.05185406005844,0.1236390121866244,79.77199974060059,80.01398330688477,74.60554954528808,0,1,1.255249508252561,0.882227294875686,1,60.26398404280996,18.599890416419036,0.2380159575454352,1.0349559331273603,-0.0181029745797164,0.11612602998593,-0.0061807746217931,0,,
2026-04-23 04:00:00,82.25,82.4800033569336,80.9000015258789,81.72000122070312,6718300,-0.0105339042954814,-0.0110129016454396,0.0759710928809258,0.0344565695867642,0.1224385133165346,80.00399971008301,80.00309127807617,74.67703411102295,1,1,1.165395229576106,0.93886088181577,1,55.7628989349348,17.92706749171976,0.2396027764420593,0.7266206746783004,-0.0284461838735116,0.1153504126086767,-0.0079712351505549,0,,
2026-04-24 04:00:00,82.18000030517578,82.62000274658203,81.95999908447266,82.48999786376953,5378700,0.0094223767934957,-0.0150448016266324,0.0701867657524524,0.0382952762449959,0.1320992914202619,80.36849975585938,79.99481246948243,74.75085563659668,1,1,1.1431399545092518,0.9797166963544665,1,58.70282513114048,17.20928868565228,0.2370993677436273,0.7930647251323402,-0.0192918377428089,0.1155419189031077,-0.0154353630331882,0,,
2026-04-27 04:00:00,82.62999725341797,82.73999786376953,82.23999786376953,82.33999633789062,5066600,-0.0018184207754088,-0.0136560490321097,0.0949468042473815,0.0321245350763674,0.1235366132961335,80.7509994506836,80.00071578979492,74.82343906402588,1,1,1.1007103158026013,1.0039154202440934,1,57.89561433096382,16.458871017001215,0.2157691948069764,0.6844672313694834,-0.0210751778396705,0.1151334624012521,-0.0123477211906594,0,,
2026-04-28 04:00:00,81.79000091552734,82.0999984741211,81.51000213623047,81.88999938964844,4522100,-0.0054651077028905,0.0001221560401316,0.0963984029039299,0.010789236867492,0.1138182967580669,81.11399955749512,79.99222457885742,74.89611526489257,1,1,1.0190268216193488,1.0069377005191449,1,55.43300805229877,16.205819458883262,0.2149548938741096,0.3042251988804333,-0.0264251074258096,0.1150641418436821,-0.0231487159342478,0,,
2026-04-29 04:00:00,81.62999725341797,81.72000122070312,80.87999725341797,81.2300033569336,5171900,-0.0080595437493466,-0.0164668003542832,0.0884363707143691,0.0071132777179696,0.0965025033612445,81.31999969482422,79.97392990112304,74.96514984130859,1,1,0.8907676845740866,0.9837036973301332,0,51.94325333688506,16.333380955378882,0.2186393836498015,0.237191524870586,-0.0342716768657768,0.1141544189072942,-0.0333355563781566,0,,
2026-04-30 04:00:00,82.1500015258789,83.25,81.95999908447266,83.05999755859375,6075600,0.0225285501173619,0.0163974096656174,0.0771624549493705,0.0271305323118296,0.1213535132551764,81.57249946594239,79.98664093017578,75.0449938583374,1,1,0.926111001442294,0.9721851581525656,0,59.54762822041835,15.337064628648724,0.2032979593964416,0.5906259407941518,-0.0125152179382915,0.1155762122038893,-0.0252387971263944,0,,
2026-05-01 04:00:00,83.04000091552734,83.58999633789062,82.9000015258789,82.97000122070312,7254600,-0.0010835099992284,0.0058189279835636,0.0635815786264293,0.0426327198970621,0.1235608148205698,81.84699935913086,80.00014953613281,75.12292366027832,1,1,0.9360684677444198,0.9649618200709364,0,59.05273785734522,14.295595679171829,0.2017307650547979,0.8673371416329798,-0.0135851675737413,0.1151321701378743,-0.0329547497632145,0,,
2026-05-04 04:00:00,82.75,83.06999969482422,81.94000244140625,82.25,5653700,-0.0086778499470898,-0.0010929844776931,0.06156422865771,0.0277790012479395,0.120808328978949,82.06099929809571,79.97947845458984,75.19603324890137,1,1,0.8757664597171413,0.9471227480001774,0,55.10686309455367,13.834606319181264,0.2029866560602991,0.6053080429223046,-0.0221451274751202,0.1145527205489075,-0.0303677152776598,0,,
2026-05-05 04:00:00,83.12000274658203,83.55000305175781,82.9000015258789,83.41000366210938,4971100,0.0141033879891716,0.0185615372303089,0.0697704547420448,0.0396785614195152,0.1393569953626245,82.33049964904785,79.99079833984375,75.27577262878418,1,1,0.9110769568473104,0.939913589769604,0,59.77082694738326,13.068135408691465,0.2063878993907918,0.8097678767448385,-0.0083540608107998,0.1152437948675048,-0.0260665420149978,0,,
2026-05-06 04:00:00,85.2300033569336,85.66999816894531,85.0199966430664,85.62000274658203,6289800,0.0264956118863783,0.0540440626397402,0.0974110026982555,0.0680233898805449,0.1662631858718848,82.54999961853028,80.03652847290039,75.36451206207275,1,1,1.104655456131198,0.9728619630419229,1,66.83917553922822,13.18588438773617,0.2211051413489844,1.2666417320504242,0.0,0.1166755253295934,-0.0141650897343166,0,,
2026-05-07 04:00:00,85.73999786376953,85.77999877929688,84.22000122070312,84.25,11073500,-0.0160009659265832,0.0143270223499196,0.0371783395083242,0.0636581550121451,0.1629861153383816,82.70899963378906,80.03927474975586,75.44498607635498,1,1,1.1344428879666566,1.0051781480268696,1,59.82215228560906,12.757445971194809,0.1880024469182406,1.190171777334878,-0.0160009659265832,0.1151617021131038,-0.041604577707306,0,,
2026-05-08 04:00:00,85.12999725341797,85.44999694824219,85.02999877929688,85.43000030517578,6934100,0.0140059383403654,0.0296492593501231,0.0537806910912066,0.0551348096608015,0.1713442933756144,82.91699981689453,80.07041595458985,75.52525909423828,1,1,1.238983573857837,1.051939233193063,1,63.3874602764913,12.359610298692116,0.1920609105408999,1.0587397436170467,-0.0022191361283719,0.1158184442811956,-0.0286651580449365,0,,
2026-05-11 04:00:00,85.37000274658203,85.5999984741211,85.25,85.38999938964844,6528700,-0.0004682303100135,0.0381762843726254,0.0506952493756935,0.0405189468595441,0.1753802970670621,83.09199981689453,80.10375411987305,75.60767490386962,1,1,1.3035782424899764,1.1022670350524455,1,63.18277736217448,12.08347481373145,0.1923491146059681,0.816193093932626,-0.0026863273715881,0.1155011508177662,-0.0343494805693218,0,,
2026-05-12 04:00:00,84.30000305175781,84.47000122070312,83.48999786376953,84.2300033569336,6230900,-0.0135846825273014,0.0098309514305503,0.0285749662318468,0.0238912075452029,0.1572256089923227,83.16300010681152,80.14206298828125,75.68482761383056,1,1,1.246795712540873,1.131172770550131,1,57.39485787585735,11.783537193709176,0.1990419158721057,0.5275584720969542,-0.0162345169943821,0.1141049665293875,-0.0439929743125238,0,,
2026-05-13 04:00:00,84.41000366210938,85.12000274658203,84.2699966430664,85.08000183105469,4883200,0.0100913978421577,-0.00630694812199,0.0274122006929748,0.0262480116432466,0.1544343408316588,83.28450012207031,80.2541130065918,75.77067184448242,1,1,1.255905623336389,1.156119341107383,1,60.26709575154381,11.06855633302271,0.1983697261527197,0.5675537654611512,-0.00630694812199,0.1146151905684645,-0.0388157214440599,0,,
2026-05-14 04:00:00,85.0,85.23999786376953,84.73999786376953,85.0199966430664,5611600,-0.0007052795803581,0.0091394260304618,0.0286750765085639,0.0362626908863674,0.1475105321343368,83.40400009155273,80.34937911987305,75.85641124725342,1,1,1.2439439643954842,1.173684265765003,1,59.959787790193694,10.32369863719343,0.198158394545105,0.7408972034734399,-0.0070077795406234,0.1136372730597453,-0.0376373658266904,0,,
2026-05-15 04:00:00,83.38999938964844,83.5,82.87999725341797,83.11000061035156,6941900,-0.0224652565058717,-0.0271567328401807,0.005809069017169,0.009663426184159,0.1174410305238191,83.37200012207032,80.43881164550781,75.93504104614257,1,1,1.068031938804765,1.1525538003729556,0,51.03863553562948,10.74446254459454,0.2147664041538948,0.2800438616171265,-0.0293156044815785,0.1124369259194516,-0.0452318402100309,0,,
2026-05-18 04:00:00,83.81999969482422,83.87000274658203,82.83999633789062,83.52999877929688,5883300,0.0050535214277569,-0.0217824174217882,-0.0026268802472014,0.0168636674986939,0.1355185613144265,83.37449989318847,80.55142883300782,76.01850406646729,1,1,0.951541950023568,1.112351430303078,0,52.70502117716581,10.865490138484724,0.2101567405456822,0.4030593821958846,-0.0244102300892368,0.1130846761232525,-0.0411229425829205,0,,
2026-05-19 04:00:00,82.70999908447266,83.3499984741211,82.38999938964844,82.80000305175781,5081500,-0.0087393240537194,-0.0169773269403302,-0.0081456669601259,0.004556378156524,0.1264961588991255,83.42050018310547,80.63006622314452,76.0994397354126,1,1,0.791197804479367,1.048120705138336,0,49.548490356671095,11.233140169606648,0.2120687482228695,0.1923070615485228,-0.0329362252319805,0.1128480575359075,-0.0419541349466145,0,,
2026-05-20 04:00:00,82.94999694824219,84.29000091552734,82.87000274658203,84.16999816894531,4912400,0.0165458341388118,-0.0106958585158047,0.0279677698136677,0.0227891976963086,0.1595265044043767,83.4995002746582,80.73270706176758,76.18312549591064,1,1,0.7658429100026609,0.9916651461112012,0,54.99593884815997,10.877672516879771,0.2080934800917207,0.5002637746168541,-0.0169353484130155,0.1135514309193191,-0.0235796763059483,0,,
2026-05-21 04:00:00,83.69999694824219,84.91999816894531,83.4800033569336,84.58000183105469,9571400,0.0048711378285457,-0.0051751920652139,0.0240949943262207,0.0155666718150055,0.1755001278239631,83.64250030517579,80.8451463317871,76.26798271179199,1,1,0.7699572544982516,0.9473235677886114,0,56.5093881721626,10.113287452895138,0.206832042008464,0.3797050819883672,-0.012146705000764,0.1138787230279855,-0.0193523102289536,0,,
2026-05-22 04:00:00,84.66999816894531,84.95999908447266,84.33999633789062,84.45999908447266,8580200,-0.0014188075666128,0.0162435141885073,0.033529097195796,0.0195064156934685,0.1768807985108185,83.74100036621094,80.9865528869629,76.35004360198974,1,1,0.7548334334555165,0.9088255409219924,0,55.91667355333072,9.406206837711157,0.2026765342992229,0.4464441910880581,-0.0135482787304124,0.1132718167282033,-0.0180198391446156,0,0.488646,
