Date,open,high,low,close,volume,ret_1d,ret_5d,ret_21d,ret_63d,ret_126d,ret_252d,sma20,sma50,sma200,trend_sma,above_sma200,macd,macd_signal,macd_bullish,rsi,adx,vol_21,sharpe_63,drawdown,calmar_63,rs_ratio,rs_mom_21,rs_mom_63,rs_mom_126d,rs_positive,score,score_pct
2024-10-07,82.41999816894531,82.73999786376953,81.80000305175781,82.73999786376953,31306.0,,,,,,,,,,0,0,0.0,0.0,0,,0.0,,,0.0,,0.1490831922081524,,,,0,,
2024-10-08,81.91000366210938,83.5,81.87999725341797,83.37000274658203,78251.0,0.0076142724084884,,,,,,,,,0,0,0.050256799768519,0.0100513599537038,1,99.9999999841271,7.142857142857142,,,0.0,,0.1488109232267468,,,,0,,
2024-10-09,83.56999969482422,84.58000183105469,83.37999725341797,84.58000183105469,62664.0,0.0145136025501961,,,,,,,,,0,0,0.1855832017699583,0.0451577283169547,1,99.99999998510648,13.775510204081632,,,0.0,,0.1499322212181722,,,,0,,
2024-10-10,84.61000061035156,84.80000305175781,83.9800033569336,84.77999877929688,64767.0,0.002364589074397,,,,,,,,,0,0,0.3054474248300636,0.0972156676195765,1,99.9999999843201,19.934402332361515,,,0.0,,0.1505502204382579,,,,0,,
2024-10-11,84.83999633789062,85.01000213623047,84.41999816894531,84.76000213623047,65075.0,-0.0002358651020798,,,,,,,,,0,0,0.3942820847626791,0.156628951048197,1,99.75939152804192,25.653373594335694,,,-0.0002358651020798,,0.1496187394172842,,,,0,,
2024-10-14,84.86000061035156,86.43000030517578,84.80000305175781,85.91999816894531,49729.0,0.0136856536512404,0.0384336522513768,,,,,,,,0,0,0.5519239424790214,0.2356879493343619,1,99.79083207519392,30.963846909026003,,,0.0,,0.1504360756356016,,,,0,,
2024-10-15,86.38999938964844,86.54000091552734,84.33999633789062,84.88999938964844,72959.0,-0.011987881764983,0.0182319370635828,,,,,,,,0,0,0.5869776441364678,0.3059458882947831,1,88.70672720248497,33.99758810205817,,,-0.011987881764983,,0.1497965179178504,,,,0,,
2024-10-16,84.80999755859375,84.91000366210938,83.7699966430664,84.37000274658203,33829.0,-0.0061255347721184,-0.0024828455891041,,,,,,,,0,0,0.566270952892566,0.3580109012143397,1,83.65488471923966,34.94953083875188,,,-0.018039984350506,,0.1482346416480155,,,,0,,
2024-10-17,85.63999938964844,86.66999816894531,85.44999694824219,86.0,61654.0,0.0193196302045159,0.0143902009703855,,,,,,,,0,0,0.6736228024425941,0.4211332814599906,1,86.29051964504775,37.0886937535542,,,0.0,,0.1510855348304664,,,,0,,
2024-10-18,85.76000213623047,86.05000305175781,85.62000274658203,85.75,50497.0,-0.002906976744186,0.0116800122559972,,,,,,,,0,0,0.7301107438001111,0.4829287739280147,1,84.05188840208142,39.0750593172992,,,-0.002906976744186,,0.1500690673535945,,,,0,,
2024-10-21,85.73999786376953,86.4000015258789,85.16999816894531,85.87999725341797,41112.0,0.0015160029553116,-0.0004655600137314,,,,,,,,0,0,0.7764174788252376,0.5416265149074593,1,84.280260827017,39.859230808727744,,,-0.0013953807742096,,0.1505438104591226,,,,0,,
2024-10-22,86.41999816894531,86.8499984741211,86.08999633789062,86.55000305175781,39432.0,0.0078016513713055,0.0195547611502491,,,,,,,,0,0,0.8572973778854305,0.6047606875030536,1,85.43768830331908,40.90268450320068,,,0.0,,0.1517989223829012,,,,0,,
2024-10-23,86.86000061035156,87.05000305175781,86.08000183105469,86.20999908447266,49144.0,-0.0039284108064309,0.0218086556594923,,,,,,,,0,0,0.8837722258797953,0.660562995178402,1,82.13281169362412,42.00359954811648,,,-0.0039284108064309,,0.1525969436200402,,,,0,,
2024-10-24,85.95999908447266,86.31999969482422,85.4800033569336,85.62999725341797,34535.0,-0.0067277791116361,-0.0043023575183956,,,,,,,,0,0,0.8481751974621261,0.6980854356351468,1,76.6835456789099,41.731615000784274,,,-0.0106297604379016,,0.1512432006086976,,,,0,,
2024-10-25,85.72000122070312,86.91000366210938,85.58999633789062,86.7699966430664,57144.0,0.0133130845055928,0.0118950045838648,,,,,,,,0,0,0.9015600957682608,0.7387803676617696,1,79.55480555231577,41.96171971730148,,,0.0,,0.1533096672983936,,,,0,,
2024-10-28,86.79000091552734,86.94999694824219,86.16000366210938,86.22000122070312,29797.0,-0.0063385437782799,0.003959058897986,,,,,,,,0,0,0.8892374029618253,0.7688717747217808,1,74.77090886862263,42.206521489275104,,,-0.0063385437782799,,0.1518684136091392,,,,0,,
2024-10-29,86.2300033569336,87.01000213623047,86.02999877929688,86.8499984741211,43054.0,0.0073068573938583,0.0034661514937657,,,,,,,,0,0,0.9197053031386986,0.7990384804051645,1,76.51313561965252,42.153743440533226,,,0.0,,0.1527309115927663,,,,0,,
2024-10-30,86.91000366210938,86.98999786376953,85.80000305175781,86.0199966430664,27343.0,-0.0095567282168923,-0.0022039490015546,,,,,,,,0,0,0.8668842207072345,0.8126076284655785,1,69.6854966330664,41.61086593757153,,,-0.0095567282168923,,0.1517303358798793,,,,0,,
2024-10-31,84.43000030517578,84.69000244140625,82.72000122070312,82.9800033569336,51922.0,-0.035340541789917,-0.0309470276945337,,,,,,,,0,0,0.5731145723790263,0.7647090172482682,0,51.54344963354031,40.14410670712275,,,-0.0445595300538853,,0.1492947276028431,,,,0,,
2024-11-01,82.83000183105469,83.8499984741211,82.5999984741211,83.7300033569336,103199.0,0.0090383221217034,-0.0350350743775871,,,,,85.2,,,0,0,0.3962510066246807,0.6910174151235509,0,54.67834446708147,38.878243380840445,,,-0.0359239513184006,,0.1500109760871657,,,,0,,
2024-11-04,83.44000244140625,83.5199966430664,82.38999938964844,83.16000366210938,40406.0,-0.0068075919260908,-0.0354905766094907,,,,,85.22100028991699,,,0,0,0.2076969437642191,0.5943533208516845,0,51.92870340470808,37.87532393467437,,,-0.042486987643543,,0.1493113944808327,,,,0,,
2024-11-05,83.16000366210938,83.9800033569336,82.9800033569336,83.80000305175781,39431.0,0.0076960000176147,-0.0351179674835814,0.0128112788899701,,,,85.24250030517578,,,0,0,0.1086565672641484,0.4972139701341773,0,54.68420024405737,36.33393001543692,0.1923728466089866,,-0.0351179674835814,,0.148662890810383,-0.0028192406638468,,,0,,
2024-11-06,86.44000244140625,87.29000091552734,86.12000274658203,86.93000030517578,73376.0,0.0373508011865437,0.0105789781169762,0.0427011807761958,,,,85.36000022888183,,,0,0,0.2795089697972628,0.4536729700667944,0,65.19256579227509,35.45291156286321,0.229819663398574,,0.0,,0.1504739403463308,0.01117536994949,,,0,,
2024-11-07,87.33999633789062,88.0999984741211,87.20999908447266,88.06999969482422,53407.0,0.0131139927027075,0.0613400353335285,0.0412626837102778,,,,85.52450027465821,,,0,0,0.5011225245766866,0.4631628809687729,1,68.09455427677351,35.08904803649645,0.2289159307932519,,0.0,,0.1512775711907496,0.008973054368478,,,0,,
2024-11-08,88.87000274658203,88.9800033569336,88.04000091552734,88.69999694824219,44368.0,0.0071533695424208,0.0593573795778072,0.0462372991906974,,,,85.72150001525878,,,0,0,0.7192967711913241,0.5143896590132832,1,69.60281281438404,35.19472839151934,0.2296051506563851,,0.0,,0.151702542456303,0.0076540706130527,,,0,,
2024-11-11,89.19000244140625,89.58999633789062,88.38999938964844,88.58999633789062,67663.0,-0.0012401422112308,0.0652957243465748,0.0451863391355795,,,,85.85499992370606,,,0,0,0.8732589183264139,0.5861635108759093,1,68.98956570549092,35.575623071832894,0.2297686829975301,,-0.0012401422112308,,0.1513702080938395,0.0117062119583191,,,0,,
2024-11-12,88.7699966430664,89.69000244140625,88.68000030517578,89.5999984741211,42722.0,0.0114008598936863,0.0692123533549395,0.0428305445018721,,,,86.09049987792969,,,0,0,1.0645028345751086,0.6818313756157492,1,71.4747050394401,35.97560908334481,0.2284630268602815,,0.0,,0.153573007485187,0.0208522579197285,,,0,,
2024-11-13,89.33999633789062,89.72000122070312,88.91999816894531,89.69999694824219,44441.0,0.0011160544176791,0.031864680010837,0.056661533669186,,,,86.3569995880127,,,0,0,1.2101838115138008,0.7875018627953596,1,71.7163811014795,36.36176608501083,0.2227209077262227,,0.0,,0.1536697307661984,0.0258564945446335,,,0,,
2024-11-14,89.70999908447266,90.38999938964844,89.56999969482422,89.9000015258789,34778.0,0.0022297055121653,0.0207789467173376,0.0655446082644688,,,,86.55199966430663,,,0,0,1.3264848416731212,0.895298458570912,1,72.22327352524712,37.04616538026741,0.2204076519141783,,0.0,,0.1550091210830883,0.0457010544887264,,,0,,
2024-11-15,89.18000030517578,89.29000091552734,87.81999969482422,87.81999969482422,43261.0,-0.0231368386624101,-0.0099210516763766,0.0211627871491189,,,,86.65549964904785,,,0,0,1.2365611740309106,0.9635510016629116,1,60.15000277819201,35.80961685483757,0.2299512814115215,,-0.0231368386624101,,0.153387387770588,0.0152354290085046,,,0,,
2024-11-18,87.95999908447266,88.16999816894531,86.88999938964844,88.0,45630.0,0.002049650487375,-0.0066598528307905,0.0262390670553935,,,,86.76149978637696,,,0,0,1.16637529154427,1.0041158596391837,1,60.76130577533228,33.8643214613572,0.2295042240723227,,-0.0211346106076757,,0.1530745780339628,0.0200275162188265,,,0,,
2024-11-19,87.91999816894531,88.02999877929688,86.58999633789062,88.02999877929688,35257.0,0.0003408952192827,-0.017522318320995,0.0250349510321314,,,,86.8354995727539,,,0,0,1.100487391174795,1.0233901659463058,1,60.86904249034734,31.81475591151487,0.2295285686940863,,-0.0208009200761106,,0.1525690239130853,0.0134526517416178,,,0,,
2024-11-20,88.83999633789062,89.16000366210938,87.73999786376953,88.18000030517578,30126.0,0.0017039819147899,-0.016945336619615,0.0188330120848547,,,,86.93399963378906,,,0,0,1.048290583648594,1.0283702494867637,1,61.4391704352987,30.676029140177224,0.2283135689829904,,-0.0191323825529413,,0.1527772181992491,0.0064446822216579,,,0,,
2024-11-21,88.4800033569336,90.33999633789062,88.0,89.83999633789062,70627.0,0.0188250853591505,-0.0006674659284739,0.0421064527545247,,,,87.14449958801269,,,0,0,1.1278706534825318,1.048270330285917,1,67.14422302416375,30.295393327819134,0.2356290172212029,,-0.0006674659284739,,0.1548221542930337,0.0145822755043787,,,0,,
2024-11-22,89.8499984741211,90.87999725341795,89.83999633789062,90.18000030517578,48631.0,0.0037845501017874,0.0268731566676452,0.0531356206668125,,,,87.31499977111817,,,0,0,1.2044893078255257,1.079514125793839,1,68.18256420357768,30.222346770042726,0.233487169279894,,0.0,,0.1549279010371769,0.0243627509445032,,,0,,
2024-11-25,90.5999984741211,90.61000061035156,89.27999877929688,89.72000122070312,45209.0,-0.0051008991230426,0.019545468417081,0.0339979796215936,,,,87.48999977111816,,,0,0,1.2140967105257658,1.1064306427402244,1,65.18126834311091,29.6423263727094,0.2315183402751075,,-0.0051008991230426,,0.1536165406517204,0.0020016568996237,,,0,,
2024-11-26,89.66999816894531,90.23999786376952,89.26000213623047,90.08000183105467,26573.0,0.0040124900295752,0.0232875506098486,0.0447692015275069,,,,87.65149993896485,,,0,0,1.2365060153414618,1.1324457172604718,1,66.42681216670852,29.08517170266488,0.2297629801109386,,-0.0011088764003405,,0.1534317985309801,0.0102943389259635,,,0,,
2024-11-27,89.7699966430664,89.83999633789062,87.87000274658203,87.95999908447266,27241.0,-0.023534665891305,-0.002494910636672,0.0127806635561693,,,,87.74850006103516,,,0,0,1.070854898129653,1.120127553434308,0,54.14362050605514,27.37166711874492,0.245411312554154,,-0.0246174452560488,,0.1502761727651353,-0.0160723117673529,,,0,,
2024-11-28,89.2300033569336,89.29000091552734,88.9000015258789,89.0199966430664,21107.0,0.0120509046114902,-0.0091273344640417,0.0348756116842026,,,,88.0504997253418,,,0,0,1.0134259944682782,1.098787241641102,0,58.296014055016855,25.78055571939068,0.245426457073685,,-0.0128632031291177,,0.1520871365885078,0.0023515449732542,,,0,,
2024-11-29,88.91999816894531,89.72000122070312,88.62999725341797,89.5999984741211,14901.0,0.0065154106147662,-0.0064316015645589,0.0797781977509928,,,,88.34399948120117,,,0,0,1.0031507773309016,1.079659948779062,0,60.4085741437308,24.621654530510337,0.2052739995434879,,-0.0064316015645589,,0.1521329900821742,0.0190111367286966,,,0,,
2024-12-02,89.86000061035156,91.25,89.38999938964844,91.08999633789062,93343.0,0.0166294407270539,0.0152696734122577,0.0879015010853641,,,,88.74049911499023,,,0,0,1.1025287042922969,1.084233699881709,1,65.2750453377624,24.531324865637043,0.2093854457123529,,0.0,,0.1543861509353156,0.0291656981526984,,,0,,
2024-12-03,91.02999877929688,91.13999938964844,90.41000366210938,91.0,48477.0,-0.0009879936492344,0.0102131233375282,0.0942760460875593,,,,89.10049896240234,,,0,0,1.1606452787546004,1.099516015656287,1,64.75728885237581,24.447447319683263,0.2065155355369419,,-0.0009879936492344,,0.1541621412364371,0.0324874519621947,,,0,,
2024-12-04,91.97000122070312,92.91000366210938,91.87000274658205,92.62000274658205,71901.0,0.0178022279844181,0.0529786688337063,0.1052505891840682,,,,89.38499908447265,,,0,0,1.3221824689723007,1.14404930631949,1,69.45413552141957,25.2998972990188,0.2114684241181146,,0.0,,0.155938252306186,0.0489386521151571,,,0,,
2024-12-05,92.73999786376952,93.06999969482422,92.2699966430664,92.6500015258789,81979.0,0.0003238909350817,0.0407774097921764,0.065800082832423,,,,89.61399917602539,,,0,0,1.4360684041697027,1.2024531258895326,1,69.5351027558107,26.165408854396407,0.1756564317746774,,0.0,,0.1562458795717647,0.0383583975547467,,,0,,
2024-12-06,92.25,93.16999816894533,91.9800033569336,92.68000030517578,45331.0,0.0003237860637108,0.0343750210212814,0.0523447328979891,,,,89.81299934387206,,,0,0,1.5113228895911277,1.2642270786298515,1,69.62181957218067,26.66690499080224,0.1720170787447807,,0.0,,0.1560007603458037,0.0312220054689968,,,0,,
2024-12-09,92.6999969482422,92.86000061035156,91.5999984741211,92.08999633789062,54966.0,-0.0063660332902718,0.0109781539159423,0.0382187092027359,,,,89.98799934387208,,,0,0,1.505994060099809,1.3125804749238432,1,65.66304597626606,26.73646677029665,0.1737640637570802,,-0.0063660332902718,,0.1558100166012571,0.0270758424904922,,,0,,
2024-12-10,91.91000366210938,92.7300033569336,91.80999755859376,91.88999938964844,50810.0,-0.0021717554153045,0.0097802130730597,0.037250289966954,,,,90.10249938964844,,,0,0,1.4687025532585238,1.3438048905907791,1,64.32778241961861,26.801059851255744,0.1740022716906034,,-0.0085239632383042,,0.1559564988774017,0.0302985035253373,,,0,,
2024-12-11,91.5999984741211,92.9000015258789,91.45999908447266,92.86000061035156,46822.0,0.0105561130389169,0.0025912098537308,0.0363839530329015,,,,90.2604995727539,,,0,0,1.5001272244417123,1.375069357360966,1,67.75286254163652,26.472802494520977,0.1734387071888022,,0.0,,0.1563937648422728,0.0183675334831081,,,0,,
2024-12-12,92.51000213623048,92.91000366210938,92.04000091552734,92.54000091552734,73895.0,-0.0034460445048558,-0.0011872704645432,0.0316611378362015,,,,90.39249954223632,,,0,0,1.4821251851896449,1.396480522926702,1,65.51793824929568,26.17526484355349,0.1743697281573001,,-0.0034460445048558,,0.156662055693325,0.019472442049627,,,0,,
2024-12-13,93.20999908447266,93.66000366210938,92.13999938964844,92.44000244140624,59819.0,-0.0010805972890834,-0.0025895324015891,0.0282536248322105,,,,90.62349967956544,87.8547998046875,,1,0,1.4431536216270755,1.4058151426667769,1,64.79860634138205,26.42943674203344,0.1745824109595661,,-0.0045229180075894,,0.1565238680924097,0.0097719863111114,,,0,,
2024-12-16,92.6999969482422,93.3000030517578,92.45999908447266,92.97000122070312,57213.0,0.0057334353667162,0.0095559226605204,0.0586426957842773,,,,90.8719997406006,88.05939987182617,,1,0,1.4384532551145384,1.4123427651563292,1,66.87446681491626,26.665453504907678,0.1504667321489332,,0.0,,0.1567519381480324,0.0219349871351655,,,0,,
2024-12-17,93.08000183105467,93.41999816894533,92.44000244140624,93.25,43741.0,0.0030117110424918,0.0148003114526602,0.0596590909090908,,,,91.13299980163576,88.25699981689453,,1,0,1.4407140870487467,1.418017029534813,1,67.94978071289276,26.97208075033106,0.1504463960256289,,0.0,,0.1578744616300313,0.0313565038539811,,,0,,
2024-12-18,93.51000213623048,94.0999984741211,93.25,93.80999755859376,64203.0,0.0060053357489948,0.01023042151624,0.0656594213273604,,,,91.41449966430665,88.44159973144531,,1,0,1.470739169881611,1.4285614576041723,1,70.04421962717552,27.73088754861454,0.1505565358638164,,0.0,,0.163701422769618,0.0729663110571812,,,0,,
2024-12-19,91.58999633789062,92.47000122070312,91.4000015258789,92.43000030517578,64952.0,-0.0147105563301612,-0.0011886817512782,0.0481968698717565,,,,91.5439998626709,88.5945997619629,,1,0,1.3674172838525749,1.416332622853853,0,59.69207885826861,26.2756563980437,0.1626896885558592,,-0.0147105563301612,,0.161342843432551,0.0560661159711048,,,0,,
2024-12-20,91.16999816894533,92.75,89.69999694824219,92.75,108551.0,0.0034620760983195,0.0033535001125757,0.0323909592690183,,,,91.67249984741213,88.75439971923828,,1,0,1.2964110264784523,1.392348303578773,0,61.12678944816018,25.243066362081148,0.1513283165011753,,-0.0112994092973053,,0.1599799048152749,0.033314034065687,,,0,,
2024-12-23,93.18000030517578,93.4000015258789,92.6999969482422,93.04000091552734,38170.0,0.0031266945070334,0.000752927760623,0.0317143557404424,,,,91.83849983215332,88.89679977416992,,1,0,1.249139404686332,1.3637065238002848,0,62.43184285217133,23.737010810670043,0.1512237278373406,,-0.0082080445912545,,0.1595248242536503,0.0296713709131728,,,0,,
2024-12-27,94.23999786376952,94.33999633789062,92.37999725341795,92.87999725341795,44519.0,-0.0017197297993866,-0.0039678578721935,0.035220641882756,,,,91.97849960327147,89.05659973144532,,1,0,1.18510420197795,1.327986059435818,0,61.21082684805303,22.46179713415585,0.1498022475075555,,-0.0099136587717628,,0.1591648531882634,0.0361179369943116,,,0,,
2024-12-30,92.87999725341795,93.08000183105467,91.83999633789062,91.9499969482422,25491.0,-0.0100129234784352,-0.0198273175435251,0.0207592704171422,,,,92.17799949645996,89.20819961547852,,1,0,1.0472406518422446,1.2718369779171037,0,54.53468079710306,20.862826023779714,0.1548585637409406,,-0.0198273175435251,,0.1593900396034073,0.0388331566824728,,,0,,
2025-01-02,92.55999755859376,93.38999938964844,91.94000244140624,93.22000122070312,147444.0,0.0138119011920772,0.0085470184238776,0.0597999339583781,,,,92.3879997253418,89.35259963989257,,1,0,1.0286044146177886,1.2231904652572403,0,60.81926982005832,19.607576907444663,0.1326841482846686,,-0.0062892693022631,,0.1625810195177081,0.0818815553135214,,,0,,
2025-01-03,92.70999908447266,93.52999877929688,92.41999816894533,93.43000030517578,45926.0,0.0022527256138462,0.007331539678445,0.0495394723479003,,,,92.57949981689453,89.50619964599609,,1,0,1.0190334501449456,1.1823590622347817,0,61.76052094421105,18.553155718914077,0.1283496385451268,,-0.0040507116864664,,0.1609350226096489,0.0581764258280452,,,0,,
2025-01-06,93.8000030517578,95.33000183105467,93.76000213623048,95.0,102035.0,0.016804021082051,0.021066198035103,0.0602678751991114,,,,92.775,89.68859970092774,,1,0,1.12516405534285,1.1709200608563954,0,67.95805238450725,18.81255846855706,0.1372132121129058,,0.0,,0.1627021128026727,0.0694729178384618,,,0,,
2025-01-07,94.26000213623048,95.0500030517578,92.98999786376952,93.3000030517578,80756.0,-0.0178947047183389,0.0045220263863043,0.0242617938600999,,,,92.89000015258787,89.82359970092773,,1,0,1.0598801398365223,1.148712076652421,0,57.1560925225838,18.37752969278272,0.1453321238166709,,-0.0178947047183389,,0.1616175475508283,0.0468396716396051,,,0,,
2025-01-08,93.19000244140624,93.62999725341795,92.58000183105467,93.11000061035156,62264.0,-0.0020364676869392,0.0126155921762816,0.0231868198939733,,,,92.91450004577636,89.96159973144532,,1,0,0.9814964769221036,1.1152689567063576,0,56.08311775981241,17.631219035351226,0.1455745663273448,,-0.019894730417352,,0.1610530958222657,0.0446993959123855,,,0,,
2025-01-09,92.54000091552734,93.0,92.5199966430664,92.9499969482422,36739.0,-0.0017184369139782,-0.0028964199627252,0.0035628826589766,0.1233985901387539,,,92.92949981689452,90.1079997253418,,1,0,0.8961358052747528,1.0714423264200368,0,55.1442963168568,16.886894736176387,0.1325302692823266,2.648305932489324,-0.0215789794921873,,0.1607763362372943,0.0310256390562122,0.0784336842802222,,1,,
2025-01-10,92.69000244140624,93.08999633789062,90.95999908447266,91.30999755859376,69211.0,-0.0176438885798096,-0.0226908138676799,-0.0144630755015244,0.0952380298720483,,,92.86099967956542,90.19879974365234,,1,0,0.6882192501913664,0.9947977111743028,0,46.54400689027568,16.36871643205405,0.1462307866920604,2.05111016668702,-0.0388421309621709,,0.1603883525539094,0.0265125262406811,0.0777995934446409,,1,,
2025-01-13,91.26000213623048,91.3000030517578,90.12000274658205,90.5,65303.0,-0.008870852921379,-0.0473684210526316,-0.0235217986404563,0.0699928829603278,,,92.7814998626709,90.28439971923828,,1,0,0.4528635200223334,0.886410872943909,0,42.97874903805669,16.42649214814367,0.1489013423635276,1.5541619782668783,-0.0473684210526316,,0.1587194815309754,0.0174276149625496,0.0586082180428477,,1,,
2025-01-14,91.4000015258789,91.6500015258789,90.16999816894533,90.3000030517578,52440.0,-0.0022099110303005,-0.0321543397842737,-0.0194374346543038,0.0651097470151049,,,92.70200004577636,90.35339981079102,,1,0,0.247352994588283,0.7585992972727839,0,42.12082586803591,16.177886346160037,0.1477375987699919,1.4544763388786714,-0.04947365208676,,0.1581511019826033,0.0150252559650094,0.0504873491531194,,1,,
2025-01-15,90.26000213623048,92.26000213623048,90.20999908447266,92.04000091552734,67383.0,0.0192690786817828,-0.0114917805585886,0.0016324031654721,0.0858895539855708,,,92.66100006103515,90.47379989624024,,1,0,0.2223248855080157,0.6513444149198303,0,51.24022721144592,15.434924630296075,0.1632542739014365,1.8408588334176892,-0.0311578850997121,,0.1583187138877384,0.0151466276002618,0.0581476257876365,,1,,
2025-01-16,93.33000183105467,93.5199966430664,92.04000091552734,92.04000091552734,105163.0,0.0,-0.0097901674297157,-0.0088304941787046,0.0712290837640408,,,92.63600006103516,90.65499984741211,,1,0,0.2001823512085678,0.5611120021775778,0,51.24022721144592,14.85468293663856,0.1587927078025516,1.5644119232959637,-0.0311578850997121,,0.1586237882976008,0.014259030451611,0.0544265238733836,,1,,
2025-01-17,91.7699966430664,93.36000061035156,91.66000366210938,92.9499969482422,45233.0,0.0098869624474475,0.0179607866991349,0.0044304736185285,0.0949463731481261,,,92.66149978637696,90.83939971923829,,1,0,0.2531452075585463,0.4995186432537715,0,55.4935389696668,14.019754025380102,0.1622232455440353,2.0446726992146984,-0.0215789794921873,,0.1585997695090413,0.0123687500916589,0.0587680655969498,,1,,
2025-01-20,92.80999755859376,92.9499969482422,92.1500015258789,92.5,47645.0,-0.0048412798603185,0.022099447513812,0.0006490432389569,0.0963612301618341,,,92.6379997253418,91.02619964599609,,1,0,0.2558582848098893,0.4507865715649951,0,53.0300949309972,13.244462893497248,0.163135428504262,2.074501758229055,-0.0263157894736841,,0.157831943639066,0.0083570356559554,0.0647439888837817,,1,,
2025-01-21,92.2300033569336,92.91999816894533,91.5,91.75,83650.0,-0.0081081081081081,0.016057551486583,-0.0131225255962613,0.0668604651162789,,,92.5629997253418,91.18519958496094,,1,0,0.1952390913765072,0.3996770755272976,0,49.116598516167166,12.59688461730754,0.1641361907464495,1.5047418745497898,-0.0342105263157894,,0.1551322212940034,-0.0103329941126432,0.0267840761068078,,1,,
2025-01-22,93.2300033569336,94.2699966430664,93.02999877929688,94.2699966430664,32455.0,0.0274659034666637,0.0242285496018814,0.0109383018023208,0.0993585614351768,,,92.58599967956545,91.33199951171876,,1,0,0.346545847633422,0.3890508299485225,0,59.84052727183501,12.420736145388702,0.190601350778838,2.085823540394447,-0.0076842458624588,,0.1585020382826047,0.0039751625823063,0.0561939317523736,,1,,
2025-01-23,94.12000274658205,94.33999633789062,93.6500015258789,94.13999938964844,68984.0,-0.0013789886289078,0.0228161500785775,0.0035177682511775,0.0961807452305401,,,92.67149963378908,91.45339950561524,,1,0,0.4507716353382989,0.4013949910264778,1,59.148000211525314,12.306029217094911,0.1896704031589972,2.024009707796268,-0.0090526380037007,,0.1574242661157325,-0.0383451563687357,0.045704008923556,,1,,
2025-01-24,93.88999938964844,94.4800033569336,93.25,93.41000366210938,58511.0,-0.0077543629941783,0.0049489696500293,0.0106026544812065,0.0792605472959857,,,92.70449981689453,91.54759963989258,,1,0,0.4690597399149254,0.4149279408041674,1,55.27921991561736,11.845350286786466,0.184216287063216,1.6931798129706548,-0.0167368035567434,,0.1566608602403035,-0.0290188464058204,0.0320288035058538,,1,,
2025-01-27,89.66999816894531,89.72000122070312,86.43000030517578,87.70999908447266,169391.0,-0.0610213505424457,-0.0517837936813766,-0.0543396325124242,0.0173993738073263,,,92.4379997253418,91.5299996948242,,1,0,0.0233413969664439,0.3366106320366227,0,35.66369576909122,13.991192766894592,0.2812955786383215,0.4163117789671788,-0.076736851742393,,0.149211844718159,-0.0673088292529586,-0.0221832680365466,,0,,
2025-01-28,89.44999694824219,90.38999938964844,88.29000091552734,90.38999938964844,83297.0,0.0305552426536306,-0.0148228949357118,-0.0284823892928042,0.0555880215918198,,,92.31349983215333,91.54579971313476,,1,0,-0.1123449316768159,0.246819519293935,0,45.462585666258576,15.522184829113492,0.303393075418719,1.037442884755492,-0.0485263222142269,,0.1524610634586919,-0.0442800098856508,0.0080523477755882,,1,,
2025-01-29,92.2300033569336,92.37999725341795,90.25,90.4499969482422,71169.0,0.0006637632370714,-0.0405219033717358,-0.0261627947570415,0.0424109766917901,,,92.23849983215332,91.56079971313476,,1,0,-0.2125854701655782,0.1549385214020323,0,45.66211507542493,15.713833070138516,0.3034538086713624,0.8270058855315241,-0.0478947689658715,,0.1532492592357809,-0.0371664587626349,-0.0003940264412357,,0,,
2025-01-30,90.79000091552734,91.0500030517578,89.36000061035156,89.69999694824219,65567.0,-0.0082918742432814,-0.0471638248373992,-0.0244698213667861,0.040361814872063,,,92.06249961853028,91.55679962158204,,1,0,-0.3485279379825385,0.0542452295251181,0,43.51872646502676,16.228950654055634,0.302873807524015,0.7926623603467071,-0.0557895058079769,,0.15116721067445,-0.0515893524427079,-0.0046171742894078,,0,,
2025-01-31,91.37999725341795,92.22000122070312,91.37999725341795,91.77999877929688,63659.0,0.0231884269991098,-0.0174500034140743,-0.0154473548868226,0.0567645410684121,,,91.97999954223631,91.63599960327149,,1,0,-0.285137669117006,-0.0136313502033066,0,50.46348964595778,16.04410489760889,0.3103032991642146,1.046445938594661,-0.0338947496916118,,0.1555000898633147,-0.0435532368747519,0.0181310924008097,,1,,
2025-02-03,89.95999908447266,90.0,88.58000183105469,89.33999633789062,169676.0,-0.0265853396585209,0.0185839387804362,-0.0437761313702851,0.038595673382787,,,91.69699935913086,91.6627995300293,,1,0,-0.4268675658260861,-0.0962785933278625,0,43.67873375463533,16.877549139474635,0.3228409983910057,0.7432984749550505,-0.0595789859169407,,0.1523916197578719,-0.0530860387828648,0.0043582838867244,,1,,
2025-02-04,89.31999969482422,90.1999969482422,88.83999633789062,90.08999633789062,44015.0,0.0083948962474034,-0.0033189849959459,-0.0516842490748354,0.0856832091265868,,,91.5364990234375,91.70399948120117,,0,0,-0.4732158602183887,-0.1716660467059678,0,46.07852993135457,17.53854172220914,0.3179701628366677,1.5300569233603083,-0.0516842490748354,,0.152646935270732,-0.0618011490983876,0.0224536239270722,,1,,
2025-02-05,89.68000030517578,90.44000244140624,89.02999877929688,90.44000244140624,41233.0,0.0038850717920209,-0.0001104975917433,-0.0306538104694914,0.0801385263997722,,,91.40299911499024,91.74919952392578,,0,0,-0.4762151383339699,-0.2325758650315682,0,47.20900460059156,18.010463451012075,0.3134560069458297,1.4442911488341843,-0.047999974300987,,0.1526211516247365,-0.0556647224414942,0.0173998970318953,,1,,
2025-02-06,91.45999908447266,92.02999877929688,91.33000183105467,91.66999816894533,31707.0,0.0136001293049055,0.0219621102310612,-0.0154656044674769,0.102332781771069,,,91.3389991760254,91.78579956054688,,0,0,-0.3750187296654559,-0.2610644379583458,0,51.08972111855975,17.55314164269514,0.3176408675659524,1.7906735372780445,-0.035052650853207,,0.1541610315905038,-0.0427937395215787,0.0324800202056492,,1,,
2025-02-07,92.12000274658205,92.61000061035156,91.4499969482422,91.58000183105467,61464.0,-0.0009817425514156,-0.0021790907703446,-0.0147390549991129,0.0928400775175588,,,91.35249938964844,91.81379959106444,,0,0,-0.2986392714273762,-0.2685794046521519,0,50.79549367937106,16.824279579418402,0.3176169244225073,1.6434891146546526,-0.0359999807257402,,0.1554324292967119,-0.033238143533108,0.0455361687737072,,1,,
2025-02-10,92.08999633789062,93.19000244140624,91.8499984741211,93.11000061035156,34637.0,0.0167066908572397,0.0421983929594367,0.0197130993306919,0.071091686224322,,,91.482999420166,91.88159957885742,,0,0,-0.1133433343291017,-0.2375321905875418,1,55.488711746432045,15.844811785449274,0.3165615008270235,1.3430291547813331,-0.019894730417352,,0.1569632378142155,-0.0213551338682318,0.0431257229853145,,1,,
2025-02-11,92.56999969482422,93.23999786376952,92.16999816894533,93.11000061035156,45254.0,0.0,0.0335220823090516,0.0288397857497411,0.0572272162256353,,,91.62349929809572,91.94219955444336,,0,0,0.0331232070935243,-0.1834011110513286,1,55.488711746432045,14.908417115460102,0.3145179179549599,1.1144664339100292,-0.019894730417352,,0.1568439135414099,-0.0118168732122491,0.0367955560553097,,1,,
2025-02-12,92.58999633789062,92.7699966430664,91.45999908447266,92.04000091552734,28517.0,-0.0114917805585886,0.0176912696918347,0.0192690786817828,0.0376550629334755,,,91.62349929809572,92.02379959106446,,0,0,0.0621426219304765,-0.1342923644549676,1,51.50423980610904,14.406305049449116,0.3175431047192558,0.7746397008967215,-0.0311578850997121,,0.1555426207467056,-0.0164936013925762,0.0253132098396353,,1,,
2025-02-13,92.3499984741211,93.36000061035156,91.9499969482422,93.13999938964844,54969.0,0.0119513088133349,0.0160357941536546,0.0119513088133349,0.0513602352392439,,,91.67849922180176,92.1061996459961,,0,0,0.1719196187049192,-0.0730499678229902,1,55.07565998794306,13.591867343101551,0.313251080155095,1.006495245011637,-0.0195789537931743,,0.1557571334916279,-0.0161798964456394,0.028981432033633,,1,,
2025-02-14,93.2300033569336,93.26000213623048,92.61000061035156,92.9000015258789,27099.0,-0.0025767432396633,0.0144136238090424,0.0093437701194816,0.036830391829872,,,91.6759994506836,92.17219970703124,,0,0,0.2368229105926644,-0.0110753921398592,1,54.13886130655057,12.83560375863596,0.3134563833409302,0.7599356151832034,-0.0221052470960114,,0.1553634149104917,-0.0205541263520463,0.0116583470925215,,1,,
2025-02-17,93.87000274658205,93.97000122070312,93.5999984741211,93.77999877929688,61310.0,0.0094725214097313,0.0071957702132248,0.0089295519989833,0.0454849717933534,,,91.73999938964845,92.22599975585938,,0,0,0.3551734425655013,0.0621743748012128,1,57.02527322303045,12.140655050235814,0.3133054496604408,0.9070121337182276,-0.0128421181126644,,0.1568350981845203,-0.0111265692881125,0.0205985095603364,,1,,
2025-02-18,94.16000366210938,94.5500030517578,93.68000030517578,94.08999633789062,32670.0,0.0033055828815193,0.0105251393095804,0.0171891495988176,0.0466072829910417,,,91.85699920654297,92.2877996826172,,0,0,0.4685798077019427,0.1434554613813588,1,58.02744129079973,11.838628136638134,0.3127893764372864,0.926092807534084,-0.0095789859169408,,0.1568929332812653,-0.0059494316305706,0.0121529119384351,,1,,
2025-02-19,94.37999725341795,94.62000274658205,93.6999969482422,94.5199966430664,20465.0,0.0045700958859811,0.026944759918192,0.0301906991069909,0.0762923818210519,,,91.86949920654295,92.32579956054688,,0,0,0.5863930262963635,0.2320429743643597,1,59.440358509143984,11.600307223880792,0.3112171131842832,1.455682040380877,-0.0050526669150904,,0.1572396390774433,0.0135846555013607,0.025114524491524,,1,,
2025-02-20,94.12999725341795,94.47000122070312,93.1500015258789,93.5,28789.0,-0.010791331774145,0.0038651558160904,-0.0081679926857517,0.0625,,,91.83749923706054,92.3427995300293,,0,0,0.5906470348502637,0.3037637864615405,1,54.73361963998549,10.980553326281498,0.2991424064984213,1.2132563784636765,-0.0157894736842105,,0.1561926412342194,-0.0145701410114851,0.0203695691361944,,1,,
2025-02-21,93.58999633789062,94.29000091552734,93.1999969482422,93.5,35565.0,0.0,0.0064585410577626,-0.0067983789441028,0.0621379222600826,,,91.84199905395508,92.35919952392578,,0,0,0.5872489271947785,0.3604608146081881,1,54.73361963998549,10.405067564225012,0.2991131168683308,1.2070215898670762,-0.0157894736842105,,0.1589106593307305,0.0094419574038557,0.0415656812568836,,1,,
2025-02-24,91.88999938964844,92.44000244140624,90.43000030517578,91.12999725341795,82651.0,-0.0253476229580967,-0.0282576408655695,-0.0244085892228294,0.0334542633027075,,,92.01299896240236,92.33999954223631,,0,0,0.3888342485100509,0.3661355013885607,1,45.10830991447244,11.150871779490156,0.3107301937844053,0.6949618037667867,-0.0407368710166531,,0.1555906676687335,-0.0068312695968122,0.0184153730683529,,1,,
2025-02-25,90.0199966430664,90.36000061035156,88.0999984741211,88.54000091552734,53444.0,-0.0284208977938212,-0.0589860308042998,0.0094630240533388,-0.0144701188262961,,,91.92049903869628,92.2729995727539,,0,0,0.0223405986716613,0.2973765208451808,0,37.37335755279079,12.821584804544308,0.2449270221968608,-0.1385166348016029,-0.06799999036287,,0.1519241802040395,0.0181777491659844,-0.0187180839992007,,0,,
2025-02-26,89.61000061035156,90.33999633789062,89.25,90.19000244140624,58499.0,0.0186356619473393,-0.0458103507770045,-0.0022126003937676,0.0001109130205878,,,91.90749931335448,92.219599609375,,0,0,-0.133428841144962,0.2112154484471523,0,43.96549843357533,14.372961184951734,0.2295322475448559,0.1179498388762729,-0.0506315532483554,,0.1546772914471954,0.0145363539924665,-0.0016175884931233,,0,,
2025-02-27,89.93000030517578,90.94000244140624,88.61000061035156,89.69999694824219,59601.0,-0.0054330355904179,-0.0406417438690674,-0.0082918742432814,-0.0002229633547566,,,91.90749931335448,92.1627995300293,,0,0,-0.2930386257420849,0.1103646336093048,0,42.53363647045299,16.05776182568097,0.2302787352910957,0.1122379633419559,-0.0557895058079769,,0.1563322804415295,0.0201176907550668,0.0176786938326267,,1,,
2025-02-28,87.22000122070312,87.5999984741211,85.79000091552734,87.2300033569336,114155.0,-0.0275361613750534,-0.0670587876263786,-0.0275361613750534,-0.0316385259346049,,,91.67999954223632,92.05859954833984,,0,0,-0.6117860810636842,-0.0340655093252929,0,36.14364022444427,18.502450208555768,0.2476897119748363,-0.4175420776567322,-0.0817894383480674,,0.1496914761801019,-0.0097622658231494,-0.0243777521132488,,0,,
2025-03-03,88.48999786376953,88.52999877929688,86.27999877929688,86.75,178468.0,-0.0055027322992237,-0.0480631777178471,-0.054804955831308,-0.0137562425769311,,,91.5504997253418,91.93419952392578,,0,0,-0.8928359382811095,-0.2058195951164562,0,35.04187624108914,20.06514209173897,0.2314873171276928,-0.1186099319754597,-0.0868421052631579,,0.1515224234342753,-0.0255798336356962,0.0082930689956262,,1,,
2025-03-04,84.80999755859375,85.06999969482422,83.05000305175781,83.58000183105469,160082.0,-0.0365417656362572,-0.0560198671017047,-0.0644727416940023,-0.0611098069776823,,,91.225,91.74079956054688,,0,0,-1.3557342736433355,-0.4358025308218322,0,28.79842366618493,22.35828778914681,0.2465752262907982,-0.9079167138113844,-0.1202105070415295,,0.1477342643762794,-0.0305617552263852,-0.0286209097617879,,0,,
2025-03-05,84.2300033569336,84.33999633789062,82.04000091552734,82.0999984741211,154635.0,-0.0177076253231629,-0.0896995647886912,-0.088689068582069,-0.0837053585683509,,,90.80799980163576,91.50659957885742,,0,0,-1.8210168922307448,-0.7128454031036147,0,26.430682545326206,24.70093005581634,0.2478821356104848,-1.294136456946085,-0.1357894897460937,,0.1435751283142191,-0.0594299973361617,-0.0562525048862352,,0,,
2025-03-06,83.19000244140625,83.2699966430664,81.56999969482422,82.33000183105469,95331.0,0.0028015025725742,-0.0821627131318639,-0.0896727155177357,-0.0961685679988555,,,90.34099998474122,91.304599609375,,0,0,-2.146454380972841,-0.99956719867746,0,27.429263294934813,26.97341728963182,0.2474596246767577,-1.5342289519138126,-0.1333684017783717,,0.1465792747682611,-0.0395874149300815,-0.0505672051525231,,0,,
2025-03-07,81.5999984741211,81.9800033569336,80.41000366210938,80.41000366210938,111305.0,-0.0233207594588087,-0.0781841044636635,-0.1228318395521737,-0.1163735861306661,,,89.78250007629394,91.0577996826172,,0,0,-2.5301280009462204,-1.305679359131212,0,24.446281552312627,29.31534778800157,0.2467709958096321,-1.870563368215281,-0.1535789088199013,,0.1423630205560342,-0.0765304364711867,-0.0765370835262773,,0,,
2025-03-10,81.48999786376953,81.51000213623047,78.22000122070312,78.80999755859375,132694.0,-0.0198980976327149,-0.0915274056646253,-0.1394409698311518,-0.1491039168480042,,,89.06749992370605,90.77319961547852,,0,0,-2.929529437947153,-1.6304493748944004,0,22.27252266915778,31.868611292017864,0.2504946359001447,-2.485543885106868,-0.170421078330592,,0.143348443195028,-0.0777443044309383,-0.0807358613102692,,0,,
2025-03-11,78.08999633789062,78.5,77.0,77.66000366210938,161345.0,-0.01459197985166,-0.0708303187275798,-0.1659327338305755,-0.1617916634311391,,,88.29500007629395,90.46879974365234,,0,0,-3.3008032457107817,-1.9645201490576767,0,20.838291214784437,34.42227583245777,0.2362203353068862,-2.7145432042668345,-0.1825262772409539,,0.1424407836148176,-0.0925213725304702,-0.088354944109782,,0,,
2025-03-12,77.97000122070312,79.7300033569336,77.81999969482422,79.51000213623047,55984.0,0.0238217665063504,-0.0315468500125127,-0.1460637781652973,-0.1421018356234276,,,87.6685001373291,90.21999984741213,,0,0,-3.4064930658725103,-2.252914732420644,0,28.783264045274464,35.91159864607561,0.2602118586157317,-2.285189755894136,-0.1630526090923109,,0.1450641657093656,-0.0751049088617277,-0.0701060341769821,,0,,
2025-03-13,78.52999877929688,79.37999725341797,78.05999755859375,78.27999877929688,83568.0,-0.0154697940370588,-0.0491923109642171,-0.1495002390195449,-0.1499619731542067,,,86.92550010681153,89.92119979858398,,0,0,-3.5485979726392287,-2.512051380464361,0,26.8535267230386,37.29454125872075,0.2613696611038363,-2.4167785918879114,-0.1760000128495066,,0.1447496652802352,-0.0693890550040705,-0.0709861378766626,,0,,
2025-03-14,78.5999984741211,80.08999633789062,78.41000366210938,79.79000091552734,159456.0,0.0192897567677252,-0.0077105175767351,-0.1433326021215843,-0.1316791658993544,,,86.27000007629394,89.64839981079102,,0,0,-3.499037852000612,-2.709448674771612,0,32.809112456438825,38.05747969488509,0.2693825422224682,-2.05078932666295,-0.1601052535207647,,0.1445559420860372,-0.0719144680856164,-0.0731008766766851,,0,,
2025-03-17,79.62000274658203,80.5,79.25,79.41000366210938,181206.0,-0.004762467089332,0.0076133247316692,-0.1452098777416237,-0.144841663362458,,,85.55150032043457,89.3365998840332,,0,0,-3.4506467936304546,-2.85768829854338,0,32.10078460908511,38.46578380765572,0.2690158422035867,-2.298484101246275,-0.164105224609375,,0.1427665438332327,-0.0810800347335076,-0.0871340428615137,,0,,
2025-03-18,79.69000244140625,80.01000213623047,78.62000274658203,79.05999755859375,163635.0,-0.0044075820095023,0.0180272190376864,-0.1569631201994934,-0.145666773541946,,,84.80000038146973,89.05179977416992,,0,0,-3.401330675887209,-2.966416774012146,0,31.427756721262355,39.02516883909808,0.2623215960277604,-2.313200467300776,-0.1677894993832237,,0.1436903734741233,-0.0838123918852137,-0.0828004085724146,,0,,
2025-03-19,78.83999633789062,80.23999786376953,78.83000183105469,80.05999755859375,156259.0,0.0126486216908729,0.0069173111254723,-0.1491125446419738,-0.1339247572030263,,,84.07700042724609,88.79079971313476,,0,0,-3.244159008984255,-3.021965221006568,0,35.58327430222295,39.36340927383076,0.2692846118963947,-2.085988588685298,-0.15726318359375,,0.143940215292019,-0.0825576889816047,-0.0803944660565217,,0,,
2025-03-20,80.80000305175781,81.0999984741211,79.69000244140625,80.12999725341797,194466.0,0.0008743404566429,0.0236330927819377,-0.1522429105027272,-0.1381091083004726,,,83.40850028991699,88.53439971923828,,0,0,-3.078464319840876,-3.03326504077343,0,35.876213008747,39.00731663070213,0.2674919083577905,-2.164416851263078,-0.1565263447008634,,0.1444838946967246,-0.0811229563713018,-0.0782640622900764,,0,,
2025-03-21,79.9800033569336,80.1500015258789,78.98999786376953,80.01000213623047,186249.0,-0.0014975055697057,0.0027572530164028,-0.1442780520189255,-0.1419838913004775,,,82.73400039672852,88.30839981079102,,0,0,-2.923136589035906,-3.0112393504259254,1,35.577533068574326,38.93030170271286,0.2680745718935309,-2.23591516171457,-0.157789451197574,,0.1442199452179701,-0.0766533936659379,-0.0864897100587404,,0,,
2025-03-24,81.37999725341797,82.29000091552734,81.31999969482422,82.11000061035156,171948.0,0.0262466993882277,0.0340007155739561,-0.1218181752903576,-0.1247201497999653,,,82.28300056457519,88.14059982299804,,0,0,-2.6006077297683845,-2.9291130262944174,1,44.31486486270901,37.36900085999337,0.291426807661938,-1.8812341167362097,-0.1356842041015624,,0.1454013215803799,-0.0850121559324377,-0.1117895060386392,,0,,
2025-03-25,82.05999755859375,82.43000030517578,81.8499984741211,82.30000305175781,164851.0,0.0023139987820472,0.0409816037593828,-0.0968944855458004,-0.1095964212914832,,,81.97100067138672,87.98059982299804,,0,0,-2.3031207338224675,-2.803914567800028,1,45.041144787987164,35.831072686813314,0.2839521747966273,-1.630801337307253,-0.1336841784025493,,0.1453882733060053,-0.0655720199392033,-0.0988861345636038,,0,,
2025-03-26,82.47000122070312,82.56999969482422,80.70999908447266,80.87999725341797,102130.0,-0.0172540187811027,0.010242314761802,-0.086514610152506,-0.1279784662704262,,,81.5055004119873,87.75739974975586,,0,0,-2.15707730229282,-2.674547114698586,1,40.76218827647223,34.91167713604998,0.2746758054954455,-1.933704204386245,-0.1486316078587581,,0.1446060963297226,-0.0481693161976487,-0.0960983725006221,,0,,
2025-03-27,80.3499984741211,80.68000030517578,79.37000274658203,80.04000091552734,57587.0,-0.0103857117509376,-0.0011231291772793,-0.1125402067981209,-0.139724848152172,,,81.02250061035156,87.51739974975585,,0,0,-2.085081987709117,-2.556654089300692,1,38.436031652914295,34.590354988080776,0.2624590037234184,-2.1352252294505165,-0.1574736745733963,,0.1434853249745416,-0.0723568816594808,-0.1005454753148967,,0,,
2025-03-28,79.2300033569336,79.7300033569336,77.4800033569336,77.63999938964844,41045.0,-0.0299850262172263,-0.0296213308749411,-0.1344481378918273,-0.1640826691907411,,,80.54300041198731,87.21119979858399,,0,0,-2.196366897291014,-2.484596650898757,1,32.69509365292224,34.9288437255643,0.2757770119652268,-2.507276722157746,-0.1827368485300164,,0.1420434306237609,-0.0914005077992372,-0.1075703726139268,,0,,
2025-03-31,76.33000183105469,76.66000366210938,75.5,76.47000122070312,150458.0,-0.0150695283119914,-0.0686883369592546,-0.1233520775208728,-0.1683523245384404,,,80.02900047302246,86.89059982299804,,0,0,-2.3518592940896923,-2.4580491795369444,1,30.317711095189424,35.79048363299656,0.2671601660410054,-2.574861551329532,-0.1950526187294408,,0.1389700207487059,-0.0716236869659595,-0.1281135189219493,,0,,
2025-04-01,77.5,78.13999938964844,76.75,77.9000015258789,132458.0,0.0187001475395378,-0.0534629570197194,-0.1020172734769002,-0.1643424103648457,,,79.74500045776367,86.61359985351562,,0,0,-2.3328079077602126,-2.433000925181598,1,36.40437546299306,35.621650875041475,0.2806721225568976,-2.4902071762474294,-0.1799999839381167,,0.1411700659166361,-0.0683222805113703,-0.1316940542296203,,0,,
2025-04-02,78.1500015258789,78.36000061035156,76.9800033569336,78.20999908447266,27893.0,0.0039794294290322,-0.0330118479180893,-0.0642498519853678,-0.1629027204429964,,,79.55050048828124,86.29239990234375,,0,0,-2.266567752454577,-2.3997142906361937,1,37.67531206152679,35.326131306732954,0.257357596160197,-2.4635732273487294,-0.176736851742393,,0.1408405444825228,-0.0466629723501264,-0.1248608152612353,,0,,
2025-04-03,74.37000274658203,75.0199966430664,71.62999725341797,72.51000213623047,147527.0,-0.072880667625194,-0.0940779446922281,-0.1168087273584238,-0.2367368196186267,,,79.05950050354004,85.85979995727538,,0,0,-2.6435409741979328,-2.4484796273485414,0,26.99328943015749,36.40256860005469,0.3509501365010751,-3.3903123189611337,-0.2367368196186267,,0.137344441741753,-0.0433966986178138,-0.1558533606239874,,0,,
2025-04-04,71.51000213623047,72.0999984741211,67.58999633789062,68.93000030517578,202728.0,-0.0493725241426505,-0.1121844300997501,-0.1627596408096332,-0.2612004496190944,,,78.48550033569336,85.37019989013672,,0,0,-3.1943487330360085,-2.597653448486035,0,22.649669528609763,38.0516418660492,0.3804041379092631,-3.6588671246981535,-0.2744210494192023,-3.859112019565101,0.1386822669346209,-0.0538753370565191,-0.1419108318605955,,0,,
2025-04-07,63.40999984741211,71.63999938964844,62.720001220703125,67.41999816894531,279216.0,-0.0219063126294094,-0.1183471022269012,-0.1615471322168983,-0.2759102381377296,,,77.91600036621094,84.96439987182617,,0,0,-3.7099464497390784,-2.820112048736644,0,21.10690529888899,40.13916853505786,0.379724043841991,-3.88746029348596,-0.290315808747944,-3.849304242341401,0.1358862892485087,-0.0454944780057979,-0.1562640348219726,,0,,
2025-04-08,68.69000244140625,71.91000366210938,68.62000274658203,70.41000366210938,110619.0,0.0443489405869088,-0.0961488795514503,-0.1065853845540235,-0.2424959013036211,-0.1490209635001604,,77.55350036621094,84.5647999572754,,0,0,-3.8331072260518937,-3.0227110841996945,0,31.112787998464512,41.94200298597377,0.4178313806417029,-3.1608852373741456,-0.2588420667146381,-3.3831310789289115,0.1441708082849654,0.0057368260973618,-0.103283408124317,-0.0329506220683029,0,,
2025-04-09,66.33999633789062,68.12000274658203,64.76000213623047,67.01000213623047,100162.0,-0.0482886145297645,-0.1432041564934089,-0.1371362480513902,-0.2661263396351527,-0.1962336580470159,,76.92850036621094,84.09600006103516,,0,0,-4.157143771084435,-3.2495976215766427,0,26.93017735961142,43.98384052783525,0.4431017570000379,-3.4209405245444797,-0.2946315564607319,-3.657472299974908,0.1241688603817765,-0.1282773287912491,-0.2258237059948529,-0.1655931050667737,0,,
2025-04-10,74.75,74.9800033569336,70.58999633789062,70.58999633789062,119570.0,0.0534247737282871,-0.0264791855161247,-0.1121872161826449,-0.2200000404652969,-0.1654055945885241,,76.54400024414062,83.71380004882812,,0,0,-4.078060116250029,-3.41529012051132,0,36.59550249005957,43.18098195109395,0.4791303930942839,-2.5548710553300293,-0.2569474069695724,-3.023541582160989,0.1367968654728776,-0.0569906440785068,-0.1381217721141521,-0.087608625007835,0,,
2025-04-11,71.08999633789062,71.20999908447266,68.77999877929688,70.23999786376953,97263.0,-0.0049581880192451,0.0190047519627731,-0.1027082401750589,-0.2221484441865451,-0.1715027261722252,,76.06650009155274,83.28300003051758,,0,0,-3.997546474457806,-3.531741391300618,0,36.0928496986728,42.72000723475024,0.4776763137067405,-2.585211889884541,-0.260631601434005,-3.053067885759501,0.1337324492535558,-0.0761122038199539,-0.1544007751000913,-0.1117087117889624,0,,
2025-04-14,72.94999694824219,74.19999694824219,72.12999725341797,72.12999725341797,105202.0,0.026907737003553,0.0698605638147606,-0.0960020500591161,-0.2163190293792197,-0.1490090203456217,,75.70249977111817,82.93880004882813,,0,0,-3.738140718614943,-3.573021256763483,0,40.8199609918924,41.36099715454726,0.4831962947904257,-2.4853032959500965,-0.2407368710166529,-2.97295209108812,0.1360113666797217,-0.0591091260795757,-0.1409015185901173,-0.0909469815783686,0,,
2025-04-15,72.29000091552734,73.22000122070312,71.76000213623047,72.80999755859375,85378.0,0.0094274272988905,0.034085978861778,-0.0831130310936483,-0.2089309340031683,-0.1525838092381385,,75.38999977111817,82.59320007324219,,0,0,-3.4380576579990816,-3.546028537010603,1,42.46881358752342,40.16742892883206,0.4855377970825604,-2.376333921461312,-0.2335789730674342,-2.87141477529846,0.1376792375307,-0.0356337427939363,-0.1320391537214195,-0.0847990620002761,0,,
2025-04-16,70.44000244140625,71.68000030517578,69.97000122070312,70.80999755859375,63054.0,-0.027468755213053,0.0567078839161643,-0.1043511289497027,-0.2381925779080635,-0.1658617261431104,,74.92749977111816,82.20059997558593,,0,0,-3.323313862268691,-3.5014856020622207,1,39.024887542494,39.38927932629026,0.4924993862427423,-2.7690465058345155,-0.2546316046463815,-3.2735683245510767,0.136941290286484,-0.046969626596835,-0.1365605970904179,-0.0858179336212363,0,,
2025-04-17,70.51000213623047,70.91999816894531,68.88999938964844,69.23999786376953,68641.0,-0.022172006057832,-0.0191245012630274,-0.1351486388305889,-0.2514594825538429,-0.1793291974667553,,74.38299980163575,81.75199996948243,,0,0,-3.3207844952605825,-3.465345380701893,1,36.52118460018065,38.86036135438015,0.4917518034673183,-2.9432437108411063,-0.2711579172234786,-3.4559002813009028,0.1337142545125968,-0.0710431116048854,-0.1528061339827515,-0.0979554237389227,0,,
2025-04-22,67.55000305175781,68.30000305175781,67.23999786376953,68.11000061035156,53354.0,-0.0163200070520113,-0.0303245631861933,-0.1500062031083333,-0.2576566690969857,-0.2080232487168423,,73.78799972534179,81.28259994506836,,0,0,-3.3711013305524062,-3.446496570671996,1,34.79108306491736,38.65744400790111,0.4921411711552389,-3.0263244334329698,-0.283052625154194,-3.541070498388006,0.1313224682707126,-0.0910926885909199,-0.1534803848271277,-0.1308071390284318,0,,
2025-04-23,70.44999694824219,72.51000213623047,70.37999725341797,71.41999816894531,100475.0,0.0485978201282042,-0.0098433260988237,-0.1073616265208846,-0.2423888754408024,-0.1671137239773141,,73.25349960327148,80.84879989624024,,0,0,-3.108060854035074,-3.378809427344612,1,43.2688808882331,37.10721485381783,0.5287503872484637,-2.726761392714345,-0.2482105455900493,-3.331239587040489,0.1356032331678175,-0.0597470206851736,-0.1444700986996732,-0.0963945098138875,0,,
2025-04-24,70.9000015258789,73.05999755859375,70.19000244140625,72.94000244140625,73561.0,0.0212826142737407,0.0017855361512391,-0.1116794312602801,-0.2251964848703124,-0.150675305377897,,72.7854995727539,80.44539993286133,,0,0,-2.7453016116210733,-3.252107864199904,1,46.69606293774471,35.50616492031752,0.5253389980645119,-2.4664901482173427,-0.2322105006167762,-3.094958231470335,0.1356342542464833,-0.0671731675320248,-0.138415838973834,-0.0990379887898994,0,,
2025-04-25,73.98999786376953,74.12999725341797,73.0,73.7699966430664,70496.0,0.0113791359182762,0.0418019938783831,-0.1036452745126503,-0.2102559281561156,-0.147660380798009,,72.42999954223633,80.07999984741211,,0,0,-2.3635926778409555,-3.074404826928115,1,48.524708642531536,33.7004760360848,0.5278831441791003,-2.260394385061216,-0.2234737195466694,-2.8896246579379508,0.1361935969896609,-0.0632422141570659,-0.1306469479310129,-0.102802609849081,0,,
2025-04-28,74.80999755859375,74.98999786376953,73.58000183105469,73.61000061035156,45002.0,-0.002168849667826,0.0631138486627347,-0.0898862127837074,-0.1607570245274033,-0.1461547222819827,,72.10849952697754,79.68939987182617,,0,0,-2.0503606590806243,-2.869595993358617,1,48.18156965461937,31.76705374954676,0.5259339962072647,-1.7301606700216312,-0.2251578883120888,-2.2093429949152625,0.1358464281671325,-0.0605760641143149,-0.0895734288137244,-0.1097696654699437,0,,
2025-04-29,74.52999877929688,74.94999694824219,73.87999725341797,74.51000213623047,31746.0,0.0122266202746417,0.0939656653725857,-0.069090438731168,-0.1756831215913976,-0.1298609771559188,,71.95199966430664,79.3215998840332,,0,0,-1.7097900308184537,-2.6376348008505848,1,50.31016636864594,29.97173305490429,0.5282750420365855,-1.9566568897406336,-0.2156841880396792,-2.414477844149422,0.1366465675098063,-0.0476617205693248,-0.1037280968013872,-0.0965110037353437,0,,
2025-04-30,74.62000274658203,74.83000183105469,73.0,74.41000366210938,16470.0,-0.001342081213986,0.0418651017897138,-0.0416022121706728,-0.177335476255586,-0.1424454703138989,,71.84899978637695,78.93419998168946,,0,0,-1.4314534905905845,-2.396398538798585,1,50.06408979591468,28.55308788387849,0.5189888525027317,-1.9791698609590915,-0.2167368035567434,-2.4371867628618222,0.1364090485128902,-0.0396666152466765,-0.1098877136951202,-0.1102384414715932,0,,
2025-05-02,77.01000213623047,77.83000183105469,76.70999908447266,77.83000183105469,94722.0,0.0459615374362201,0.0670413932817817,0.0177847598880822,-0.1323299389189122,-0.0973092005435257,,71.84549980163574,78.60900009155273,,0,0,-0.9242503246205018,-2.1019688959629685,1,57.6867726519579,26.737640072632143,0.5414701107229476,-1.331491564778572,-0.1807368228310033,-1.8186590876980675,0.1396022971482597,0.0045497323534049,-0.0765041140508718,-0.0807680555118501,0,,
2025-05-05,77.38999938964844,77.62000274658203,76.9800033569336,77.5199966430664,41667.0,-0.0039831065231272,0.0508336745376882,-0.0048781113654569,-0.1553715659827089,-0.1074266205523857,,71.81099967956543,78.26900009155274,,0,0,-0.541065918134521,-1.7897883003972792,1,56.83978884291632,25.05186710504625,0.5380279052260898,-1.637417136074635,-0.184000035336143,-2.135328654670374,0.1398482129457258,-0.0093635500013925,-0.1006550988578011,-0.0843489933549946,0,,
2025-05-06,76.9800033569336,77.08999633789062,75.95999908447266,76.94000244140625,81626.0,-0.0074818656704886,0.0452384431930896,-0.0162382899620637,-0.1387955496392305,-0.1055567839573037,,72.03249969482422,77.93780014038086,,0,0,-0.2809515654003434,-1.488020953397892,1,55.20662616657531,23.37205498021033,0.538509803892371,-1.4432868419559537,-0.1901052374588815,-1.907518357112757,0.1399718098794669,-0.0061682138921562,-0.0814992969963719,-0.0774962101825262,0,,
2025-05-07,77.0199966430664,77.16999816894531,76.30999755859375,76.52999877929688,51060.0,-0.0053288750857736,0.0271104091417571,0.0554405809492835,-0.1505161295349126,-0.0777296254121899,,72.41249961853028,77.5984001159668,,0,0,-0.1066633866982442,-1.2117494400579627,1,54.02489233852699,21.78458960282798,0.4701857092047205,-1.595177662010434,-0.1944210654810855,-2.0685986033103703,0.1386428504532408,0.0094536676914029,-0.0917416703627477,-0.071347979400442,0,,
2025-05-08,78.87999725341797,79.11000061035156,77.8499984741211,78.8499984741211,31840.0,0.0303149056818203,0.059669326615994,0.1439140885684928,-0.1281513009112754,-0.0582826309227466,,72.98399963378907,77.35280014038086,,0,0,0.2161739185580273,-0.9261647683347648,1,59.32992767217127,20.80055155471032,0.4383236110336976,-1.287375964981139,-0.1700000160618832,-1.761230526566139,0.1418573594280282,0.02289472593424,-0.0705262152861627,-0.054353467138296,0,,
2025-05-09,79.06999969482422,79.3499984741211,78.0999984741211,78.62000274658203,53926.0,-0.0029168767532005,0.0101503391615254,0.1661228846309226,-0.1423584125998618,-0.0545935631986501,,73.39449958801269,77.15440017700195,,0,0,0.448298371265011,-0.6512721404148095,1,58.60792567220509,19.965097459564063,0.4274643169702083,-1.470043154558399,-0.1724210237201892,-1.9564840949836508,0.1416240209207413,0.0422245077407288,-0.0813241228371154,-0.0514855117844225,0,,
2025-05-12,82.41999816894531,83.80000305175781,82.08999633789062,82.6500015258789,75419.0,0.0512592042547603,0.0661765364417277,0.1738389039504679,-0.0975103748266973,-0.0137231680668152,,74.17649955749512,77.00360015869141,,0,0,0.9465348294692147,-0.3317107464380047,1,66.33786475871767,20.43719609263825,0.4355260004700388,-0.8714917404987087,-0.1299999839381167,-1.340120994328316,0.1441207452648003,-0.0003472479676064,-0.0727755725307376,-0.0305533245103932,0,,
2025-05-13,82.86000061035156,84.66999816894531,82.72000122070312,84.5,57282.0,0.0223835261943925,0.0982583483065402,0.261005779826907,-0.0924712764892232,-0.0279535292378355,,74.87199974060059,76.89960021972657,,0,0,1.4736825330694074,0.0293679094634777,1,69.18298478231088,21.07955359256853,0.3864467449056611,-0.8100800327050826,-0.1105263157894737,-1.2708668099757705,0.1463799858425306,0.1788783870002717,-0.0674250360725315,-0.0272070665151558,0,,
2025-05-14,84.94000244140625,85.16999816894531,84.04000091552734,85.11000061035156,70726.0,0.007218942134338,0.1121129226174217,0.205694928824738,-0.0859198791489492,-0.0336096184254512,,75.6154998779297,76.85720016479492,,0,0,1.918556907564053,0.4072057090835927,1,70.0809315305205,21.794514499760268,0.3549745413429786,-0.7348527580849256,-0.1041052567331414,-1.1808285434478063,0.1472484984941382,0.0764025768070895,-0.0611781154309076,-0.0266336421512941,0,,
2025-05-15,84.83999633789062,85.41999816894531,84.1500015258789,85.41000366210938,254587.0,0.003524886025219,0.08319600906703,0.2159738932191037,-0.0720338677473815,-0.0370912446372752,,76.27950019836426,76.83040023803711,,0,0,2.269173177663731,0.7795992027996206,1,70.53564419063065,22.51992860831484,0.3519200342604284,-0.5806461055568004,-0.1009473298725328,-0.9899879745360728,0.1470493196581929,0.0995784529406804,-0.0546043331900883,-0.0306733342946471,0,,
2025-05-16,84.93000030517578,85.5999984741211,84.79000091552734,85.29000091552734,96077.0,-0.0014050198037313,0.0848384372415362,0.1824484148512257,-0.0842817106029908,-0.0372502038466825,,76.90350036621093,76.86460021972657,,1,0,2.508440142514033,1.125367390742503,1,70.07685436924905,23.24018220721816,0.3480060061533112,-0.7202293010491878,-0.1022105166786595,-1.1583145897829894,0.1459184634045638,0.0728402115697517,-0.0631667382835664,-0.0360159687822849,0,,
2025-05-19,83.9800033569336,84.62000274658203,83.02999877929688,84.45999908447266,60396.0,-0.0097315256436301,0.021899546584122,0.160005520073031,-0.0908504015369164,-0.0573660655935502,,77.58600044250488,76.9118002319336,,1,0,2.601102830531829,1.4205144787003685,1,66.83864217810765,23.03955910921298,0.3534664071994611,-0.7935221794132034,-0.1109473780581825,-1.2485905285377412,0.1443405563451666,0.0483828857127512,-0.0709488689578277,-0.0601176684054381,0,,
2025-05-20,84.29000091552734,84.69999694824219,84.0,84.26000213623047,40494.0,-0.0023679487379837,-0.0028402114055565,0.1899449942291995,-0.1015141476539245,-0.0606465440032361,,78.33700065612793,76.9504002380371,,1,0,2.628105432617261,1.662032669483747,1,66.04666872593253,22.878687908584347,0.3324011076080499,-0.9174088168224556,-0.1130526090923108,-1.395146318883005,0.1444845451457989,0.0550838599777634,-0.0787486549993461,-0.0597722503618772,0,,
2025-05-21,83.37999725341797,83.9800033569336,82.72000122070312,83.9000015258789,62207.0,-0.0042724970475257,-0.0142168849229862,0.2117273846679357,-0.1083005123670958,-0.0667408220040221,,79.12650070190429,77.0202001953125,,1,0,2.5905934005750453,1.8477448157020069,1,64.56368673044301,22.11189825221372,0.3170028361864646,-0.9961037405986763,-0.1168420892012747,-1.488413828555214,0.1463330733735025,0.0943715305963652,-0.0673061538650178,-0.0559712076874189,0,,
2025-05-22,82.81999969482422,83.44999694824219,82.11000061035156,83.19000244140625,62339.0,-0.0084624442379022,-0.0259922857454224,0.221406573130507,-0.1198687537457851,-0.0527214446539202,,79.71500091552734,77.10780029296875,,1,0,2.475043096360963,1.9732044718337984,1,61.6248202116959,21.116108775724943,0.3100713298119861,-1.13099327404456,-0.124315763774671,-1.6474004304074974,0.1450375026629519,0.1044378359076119,-0.0776021649889546,-0.0544365819706409,0,,
2025-05-23,82.5999984741211,82.81999969482422,80.45999908447266,81.52999877929688,65358.0,-0.0199543648682853,-0.0440849114300565,0.1415569990135841,-0.1280214034299799,-0.0735227411443536,,80.14450073242188,77.1852001953125,,1,0,2.2238846673484858,2.023340510936736,1,55.28817050635793,19.74693540555641,0.2922700259930542,-1.221778104385339,-0.1417894865337171,-1.7594452976394332,0.1431202784089393,0.0554341151425128,-0.0836938457662507,-0.0650290842076659,0,,
2025-05-26,82.25,82.7300033569336,82.12000274658203,82.48999786376953,25621.0,0.0117747957665421,-0.0233246654281019,0.1309294639801381,-0.1177540335425718,-0.0629331022645686,,80.58050079345703,77.24480010986328,,1,0,2.0783458289365484,2.0343415745366986,1,57.97917874006729,18.47556013325706,0.288028691387249,-1.0975351873089114,-0.1316842330129523,-1.618337051802984,0.1448054904572552,0.0676174043328714,-0.0887616282814551,-0.0508853845735604,0,,
2025-05-27,82.4800033569336,83.3499984741211,82.4000015258789,83.26000213623047,44406.0,0.0093345168190279,-0.0118680272329356,0.1286431601601003,-0.0863600938701039,-0.0557949438865734,,81.06300086975098,77.34440017700196,,1,0,2.0020596629817646,2.027885192225712,0,60.05578189712283,17.301975385423347,0.2876370577275105,-0.744955392176871,-0.1235789248817845,-1.1868785764917793,0.1431803339410912,0.0513000398393228,-0.0797627127230087,-0.0628161997663937,0,,
2025-05-28,83.55000305175781,84.0999984741211,83.19999694824219,83.69000244140625,65857.0,0.0051645483322497,-0.0025029687801362,0.136937939783649,-0.0547774838939554,-0.0684549660193003,,81.52200088500976,77.42240020751953,,1,0,1.95377782325366,2.013063718431302,0,61.20866174700166,16.551897657700355,0.2861525300500931,-0.4008876833534676,-0.1190526058799341,-0.7528271357097931,0.1447572952059532,0.0655951515181365,-0.0471740903157149,-0.0650091657298003,0,,
2025-05-29,85.66999816894531,85.95999908447266,83.29000091552734,83.63999938964844,36818.0,-0.0005974793917925,0.0054092671599468,0.1225338476936979,-0.072624491345514,-0.07252163332663,,81.98350067138672,77.50700012207031,,1,0,1.889696049272274,1.9883901845994965,0,60.98822269635541,16.619487107918122,0.2862439083303248,-0.6053658072985306,-0.1195789537931742,-0.9981051321719642,0.1441019737973229,0.0545597772661325,-0.0683702019276875,-0.0698771955689,0,,
2025-05-30,83.23999786376953,83.69999694824219,82.69000244140625,82.83999633789062,43314.0,-0.0095648380869886,0.0160676754349027,0.113291120291584,-0.0764771554486212,-0.0766830672002367,,82.23400039672852,77.58260009765625,,1,0,1.7541366262204576,1.9415394729236888,0,57.42489569270587,16.36043456010323,0.2901726421982276,-0.6483454472631146,-0.1280000385485197,-1.0510537138777063,0.1428834689282654,0.0474632767104405,-0.0860270922632265,-0.0698692450560324,0,,
2025-06-02,82.25,83.2300033569336,81.75,82.77999877929688,124019.0,-0.0007242583443513,0.0035155888354643,0.0636001134753552,-0.0510146097258289,-0.0810391086075794,,82.49700050354004,77.63700012207032,,1,0,1.623152810024564,1.877862140343864,0,57.15518883835189,15.62947122181988,0.2499865333137958,-0.3701999342054869,-0.128631591796875,-0.7011125701501357,0.1419802527252529,0.0170337854431419,-0.0515141119028801,-0.0746360657658264,0,,
2025-06-03,83.13999938964844,84.66000366210938,82.80999755859375,84.61000061035156,48535.0,0.0221068115250124,0.0162142498136406,0.0914603234560291,-0.0246685808605007,-0.0380854764550863,,82.8805004119873,77.72660018920898,,1,0,1.6480157461372895,1.8318928615025492,0,62.88161276996524,15.557779144580886,0.256969341488358,-0.0764387569224933,-0.1093684146278782,-0.3390293922077255,0.1442961073211017,0.0318051570462478,-0.0476913974142452,-0.0397938364678731,0,,
2025-06-04,84.79000091552734,85.08999633789062,84.30999755859375,84.75,36111.0,0.0016546435248614,0.0126657608755105,0.1015076333607016,0.0139985420353339,-0.0479667131440966,,83.29150047302247,77.82140014648438,,1,0,1.6598824907430156,1.7974907873506427,0,63.28588842349314,15.664898943741434,0.2536189630787473,0.3329005628609492,-0.1078947368421052,0.1923871188566304,0.1445736918786102,0.0328772057966968,-0.0213936320799567,-0.0494022366285074,0,,
2025-06-05,84.80999755859375,85.31999969482422,84.16999816894531,85.31999969482422,35458.0,0.00672566011592,0.0200860870090311,0.1148569326503796,0.0392204784476104,-0.0477678443324198,,83.61500053405761,77.88560012817383,,1,0,1.6957338191153042,1.777139393703575,0,64.9592693230474,15.8600025786054,0.2510169834526832,0.5983626444956384,-0.1018947400544819,0.5390214802133401,0.1462528384634925,0.0548891485235167,0.0186502368530925,-0.0386513905728507,1,,
2025-06-06,84.55000305175781,85.72000122070312,84.47000122070312,85.31999969482422,25224.0,0.0,0.0299372702386184,0.0820545509943999,0.0363172330532088,-0.0633439112420544,,83.95000038146972,77.94600006103515,,1,0,1.7044978647732023,1.7626110879175003,0,64.95926932304741,16.212221762064768,0.2343793499211432,0.5681210412636554,-0.1018947400544819,0.4991211094923847,0.1447662336882267,0.020505628131858,-0.0123690138520662,-0.0623107525435974,0,,
2025-06-09,85.08999633789062,86.05000305175781,84.97000122070312,85.51000213623047,30296.0,0.0022269390774245,0.0329790214688474,0.0876367228306662,0.0634249252810854,-0.0603296468546102,,84.0930004119873,78.03860015869141,,1,0,1.7070966951327478,1.75150820936055,0,65.56600992626377,16.683047304579798,0.2331784328456054,0.8516569067891578,-0.0998947143554687,0.8716721075470225,0.1449579698250628,0.023540843443411,0.0182276918464741,-0.059704486053148,1,,
2025-06-10,85.36000061035156,85.48999786376953,85.05000305175781,85.05000305175781,19401.0,-0.0053794769381458,0.0052003597474554,0.0290381304485207,0.0791778414727741,-0.081731801666391,,84.1205005645752,78.13880020141602,,1,0,1.6529836387313708,1.7318032952347144,0,62.7338715736606,17.120242451200895,0.159908007135909,1.0161685766335706,-0.1047368099814967,1.0881702365706902,0.1433653444706479,-0.0052414438515731,0.0001179034473151,-0.0806274768993244,1,,
2025-06-11,85.51000213623047,85.79000091552734,85.22000122070312,85.47000122070312,29205.0,0.0049382498985888,0.0084955896248155,0.0114793043870191,0.1005665360585641,-0.0774959545269977,,84.13850059509278,78.2954002380371,,1,0,1.625254076523845,1.7104934514925407,0,64.25218128566493,17.670079759477346,0.1414325694918621,1.2351417494444552,-0.1003157766241776,1.382122943722481,0.1444853846266549,-0.0129430345615273,0.0143540421496568,-0.0752691525520077,1,,
2025-06-12,84.80000305175781,85.05999755859375,83.75,84.9000015258789,42775.0,-0.0066690030031981,-0.0049226227197325,-0.0024673843610232,0.0677902055695249,-0.0839447427026216,,84.11300048828124,78.46400024414062,,1,0,1.5395371609448034,1.6763021933829934,0,60.64119566548495,17.101676548856627,0.1414026251517937,0.9054272960714056,-0.1063157734118009,0.9316657622844022,0.1429536643626591,-0.02916725247049,-0.0145487435603831,-0.0836348230240888,0,,
2025-06-13,83.87000274658203,84.81999969482422,83.73999786376953,84.25,33584.0,-0.0076560837950135,-0.0125410185027124,-0.0135815901226098,0.0762647076366849,-0.0851340715567477,,84.06100044250488,78.59100021362305,,1,0,1.4029834767492986,1.6216384500562546,0,56.72607582300882,16.56693033863114,0.143105508674507,0.9951749937811352,-0.1131578947368421,1.0481339653537065,0.1434631423366202,-0.0243875818664687,-0.0088879165359329,-0.0792431355439394,0,,
2025-06-16,84.19999694824219,85.11000061035156,84.01000213623047,84.98999786376953,51509.0,0.0087833574334661,-0.0060812099107715,-0.0035174469285671,0.065171035074274,-0.0750897983644584,,84.08750038146972,78.72660018920898,,1,0,1.3390397249680746,1.5651187050386186,0,59.9001754252088,16.24417668227181,0.1467013983278562,0.8820576823585659,-0.1053684435392681,0.8956695375272998,0.1433592858412853,-0.0175384081189442,-0.0082781532705148,-0.0807738896858614,0,,
2025-06-17,84.66000366210938,85.20999908447266,84.3499984741211,85.08999633789062,22309.0,0.0011765910887699,0.0004702326243124,0.0074591198229576,0.0715274198947237,-0.083674393941311,,84.12900009155274,78.97820007324219,,1,0,1.2816587182321086,1.5084267076773168,0,60.32369460782167,16.006656488183513,0.1425098356025527,0.9489253230834828,-0.1043158280222039,0.9830276751721806,0.1447649896040483,0.00294049898122,0.0139979978302904,-0.0743557471741432,1,,
2025-06-18,84.95999908447266,85.47000122070312,84.75,85.08999633789062,19839.0,0.0,-0.004446061511468,0.0098503937884815,0.0762711733557526,-0.0805057759231843,,84.18849983215333,79.30139999389648,,1,0,1.2220962916642435,1.4511606244747024,0,60.32369460782167,15.953837194100512,0.1421676146502567,0.9986695968990088,-0.1043158280222039,1.048222826112179,0.1447868049194391,0.0020919868857607,0.0076305142704162,-0.0758017040012065,1,,
2025-06-19,85.04000091552734,85.04000091552734,84.06999969482422,84.22000122070312,20867.0,-0.010224411266076,-0.0080094263009937,0.0038140606555949,0.0519610765546774,-0.0889225552099418,,84.23999977111816,79.63740005493165,,1,0,1.0921022296868443,1.3793489455171308,0,54.51426392355632,15.32358555509785,0.1461277084796636,0.7429803048555785,-0.1134736713610197,0.7141202123628688,0.1433064450800416,-0.020683145810351,-0.0044030100322667,-0.0844434984482028,0,,
2025-06-20,84.77999877929688,85.51000213623047,84.18000030517578,84.75,37985.0,0.0062930274473398,0.0059347181008901,0.0187522239789872,0.0576563447515277,-0.088415629910443,,84.40099983215332,79.92419998168945,,1,0,1.020088525577961,1.307496861529297,0,57.21732766835553,15.069507319334525,0.1440032469957968,0.8032063279986413,-0.1078947368421052,0.792392380760275,0.1445477454129015,-0.003376762844493,0.0004419227230201,-0.0778567262345781,1,,
2025-06-23,84.55000305175781,85.2300033569336,84.44000244140625,84.66000366210938,32371.0,-0.0010619036919248,-0.0038827416161264,0.0383908368658936,0.0581177528024745,-0.0921179231945374,,84.5095001220703,80.27720001220703,,1,0,0.9448633968224128,1.2349701685879202,0,56.60222275203802,14.833577528982866,0.1228003932060576,0.808100406917467,-0.1088420667146381,0.7987336815410889,0.1429819531180822,-0.0009664967983212,-0.0085840560958255,-0.09433133363171,0,,
2025-06-24,86.05999755859375,86.23999786376953,85.62999725341797,86.11000061035156,23791.0,0.0171272960727635,0.0119873582836991,0.0438841415969046,0.0487151378670884,-0.082080771225186,,84.65200004577636,80.58760009765625,,1,0,0.9908279283201864,1.1861417205343736,0,63.424625366819264,15.31185489028485,0.1294833418150855,0.7104530303925074,-0.0935789409436678,0.6695100814996506,0.1438417983764572,-0.0066550797055759,-0.0107256466926997,-0.1213161379856171,0,,
2025-06-25,86.44999694824219,87.33999633789062,86.36000061035156,86.79000091552734,22457.0,0.0078968795767728,0.0199789005852819,0.0423972938833352,0.0545564726279026,-0.0610191428218854,,84.80699996948242,80.9186001586914,,1,0,1.0697935778743926,1.1628720920023774,0,66.11495002436888,16.399829030899152,0.1285607752160242,0.7726466983905521,-0.0864210429944489,0.7497896964819487,0.1448964924156358,0.0119859929594152,-0.0033825347752388,-0.1019341835498924,0,,
2025-06-26,86.98999786376953,87.2300033569336,86.4000015258789,86.80999755859375,62508.0,0.0002304026138433,0.0307527463826959,0.0372803802864254,0.0733185028010765,-0.0640431530070755,,84.96549987792969,81.21220016479492,,1,0,1.1210650460275955,1.1545106828074212,0,66.19369923880757,17.410090732898148,0.128171070069487,0.9743747916664296,-0.0862105520148026,1.0076431872102776,0.1438047807093241,-0.0065800794030718,-0.0055413681769773,-0.1011072242143652,0,,
2025-06-27,87.30000305175781,87.6500015258789,87.01000213623047,87.6500015258789,43876.0,0.0096763505461243,0.0342183070900166,0.0479435935616083,0.0950774678074155,-0.0579320650968405,,85.2060001373291,81.50900024414062,,1,0,1.2154681931558144,1.1667021848771,1,69.40979795760532,18.58833627336928,0.1306909131029731,1.202435514754414,-0.0773684049907483,1.306684657122323,0.1444784557160617,0.002612607647334,0.0069214795429166,-0.0943199192225049,1,,
2025-06-30,87.55999755859375,87.8499984741211,87.20999908447266,87.36000061035156,29733.0,-0.0033086241925702,0.0318922375555081,0.054563067024105,0.1251932160885496,-0.0594314901625737,,85.43500022888183,81.84000030517578,,1,0,1.252445307266541,1.1838508093549882,1,67.03864451115638,19.7967719903519,0.1252390162545566,1.5288694498806534,-0.0804210462068256,1.7205764773843537,0.143315214996916,0.0030216656404622,0.0089534895599905,-0.0995800132620994,1,,
2025-07-01,87.5999984741211,87.61000061035156,86.12999725341797,86.45999908447266,84361.0,-0.0103022151967826,0.0040645508261558,0.0444551867533506,0.1306394364364791,-0.0597063409024343,,85.52750015258789,82.18440032958985,,1,0,1.1953481062032123,1.186150268724633,1,60.16891525099467,19.723839258553177,0.1325856874133364,1.5874395757905957,-0.0898947464792352,1.795425889469683,0.1418846812869576,-0.0006731319071544,0.0209733043324658,-0.1098271784109365,1,,
2025-07-02,86.87999725341797,87.48999786376953,86.12000274658203,87.2699966430664,20944.0,0.0093684659631139,0.0055305417960098,0.0314383171436758,0.1202823483138793,-0.0638275530972133,,85.65349998474122,82.56760025024414,,1,0,1.2016068210847095,1.1892415791966484,1,63.76754605730255,19.645689427507367,0.1144809722265478,1.485505232243553,-0.0813684563887746,1.6530846128837546,0.1425676206560737,-0.0119787477092615,0.0098997951893207,-0.123098003204824,1,,
2025-07-03,87.48999786376953,89.0,87.20999908447266,88.9000015258789,50894.0,0.0186777236795276,0.0240756137088298,0.0489675696268896,0.1366833213980764,-0.0484854839398509,,85.83250007629394,82.91720031738281,,1,0,1.3228457271440277,1.2159624087861245,1,69.70015183636106,20.541653858448228,0.1290338485449038,1.6479626349707035,-0.0642105102539062,1.8784892264606128,0.1440948008496081,-0.0033124354976302,0.0231059626973328,-0.1046398819036871,1,,
2025-07-04,88.4000015258789,88.45999908447266,87.91000366210938,88.05000305175781,19773.0,-0.0095612875087933,0.0045636225774714,0.0319972265201402,0.2143152731719835,-0.0731578626130756,,85.96900024414063,83.21940032958985,,1,0,1.334952162991172,1.2397603596271338,1,63.8307776062856,21.37362083003617,0.1342414473233352,2.6371258784631637,-0.0731578626130756,2.945413731548374,0.1427170690301626,-0.0241757320437403,0.0391179083789332,-0.1228321097264922,1,,
2025-07-07,88.41999816894531,88.91000366210938,88.36000061035156,88.4800033569336,29776.0,0.0048835921666352,0.0128205441707531,0.0370370800915633,0.283621107866002,-0.0516613026491578,,86.11750030517578,83.51360046386719,,1,0,1.3635261508855336,1.2645135178788138,1,65.41732119673654,22.40993838652819,0.1346033754761786,3.5433227638161338,-0.0686315436112253,3.8979093430971146,0.1444907829907791,-0.0019027275244366,0.0418836249547063,-0.1059709469645485,1,,
2025-07-08,88.38999938964844,88.9800033569336,88.33000183105469,88.62000274658203,14640.0,0.0015822715227944,0.024982693557503,0.0363700214320759,0.3144468281430741,-0.0482225092292648,,86.29600028991699,83.8138005065918,,1,0,1.381542461362912,1.2879193065756336,1,65.94114465909445,23.41363675995515,0.1345941704157524,3.925732911973698,-0.0671578658254523,4.321558569982109,0.1447987129026567,-0.0010986420587865,0.0655873650199465,-0.1009256160933843,1,,
2025-07-09,88.68000030517578,89.87999725341797,88.61000061035156,89.12000274658203,26954.0,0.0056420670785781,0.021198649875995,0.0478541981044655,0.2657292729916629,-0.0412048878688273,,86.47850036621094,84.10600051879882,,1,0,1.419799770581804,1.3142953993768678,1,67.81611062118753,24.8505378722336,0.1326529666830863,3.531630378596513,-0.0618947079307155,3.652015266853726,0.1447476703841388,0.0096419809026708,0.0040012406536082,-0.0996954292421389,1,,
2025-07-10,89.19000244140625,89.95999908447266,89.05999755859375,89.61000061035156,35181.0,0.0054981805281455,0.0079864912518137,0.0484380406051243,0.3372630615378222,-0.0186178621585364,,86.71400032043456,84.41000045776367,,1,0,1.4726815402069064,1.3459726275428756,1,69.58330464320991,26.22730684036387,0.1328094146334942,4.657367696970805,-0.0567368356805099,4.8281875383075255,0.1451342083674008,0.0044905838913911,0.1688454570748498,-0.0951075557770405,1,,
2025-07-11,89.31999969482422,89.7699966430664,88.77999877929688,89.44999694824219,50096.0,-0.0017855558645191,0.0158999869160869,0.0535924068384894,0.2671766764241645,-0.0116022436658321,,86.97400016784668,84.64240036010742,,1,0,1.4845666055830122,1.373691423150903,1,68.2651535390689,27.112478360076565,0.1297004834270891,4.110300725153525,-0.0584210847553453,3.824845489321128,0.1453861737040625,0.0170160684739939,0.0627887795637236,-0.0840054900526549,1,,
2025-07-14,88.91999816894531,89.2300033569336,88.41999816894531,89.0999984741211,27661.0,-0.0039127835222131,0.0070071778217095,0.0575667474673127,0.2685079895208786,-0.0132890867893867,,87.17950019836425,84.87400039672852,,1,0,1.4490400223371722,1.388761142988157,1,65.34893817118035,27.437020047445912,0.1266110922334025,4.1304938704127725,-0.0621052792197779,3.8439042895165354,0.144541486305131,0.007516522717595,0.0808258363015645,-0.0860545105716014,1,,
2025-07-15,90.06999969482422,91.12000274658205,89.9800033569336,91.11000061035156,56259.0,0.0225589469209055,0.0280974699458083,0.0720085057113635,0.2631360609962341,-0.0101043056923622,,87.48050041198731,85.15740036010742,,1,0,1.5650345788399989,1.4240158301585255,1,72.59055862179206,28.818205971657445,0.142897576704076,4.084047446689661,-0.0409473619962993,3.76700088289648,0.1484364931848809,0.0354159642593128,0.0913535891041936,-0.0624197889193621,1,,
2025-07-16,90.19000244140624,90.98999786376952,89.12999725341797,89.12999725341797,46080.0,-0.0217320090403844,0.0001121466172342,0.0474791525373274,0.2241450383471133,-0.0316167278700934,,87.68250045776367,85.40940032958984,,1,0,1.480129367241091,1.4352385375750387,1,59.41747386614997,29.08624840936325,0.1672571482975269,3.479278130091431,-0.0617895025956003,3.208813547461765,0.1447268159782598,-0.0002636937694183,0.0511883895782638,-0.0876096357834319,1,,
2025-07-17,91.36000061035156,91.98999786376952,91.0999984741211,91.87999725341795,37910.0,0.0308538099937452,0.0253319565629392,0.0797978752821233,0.2975568482033801,-0.0115115624524448,,88.06550025939941,85.67000030517578,,1,0,1.6161138382990146,1.471413597719834,1,68.08121001334678,29.861143278673467,0.1940053069589264,4.485918023002346,-0.0328421341745478,4.259761682417481,0.148284735869867,0.0241591832375485,0.0828343705514405,-0.0650381376410911,1,,
2025-07-18,91.83000183105467,91.87000274658205,91.04000091552734,91.19000244140624,47041.0,-0.0075097391449481,0.0194522700114887,0.0827594528577344,0.3170133630105476,-0.0141621357685812,,88.38750038146972,85.92140029907226,,1,0,1.6491948053970449,1.5069698392552762,1,64.36812563727895,30.510651684402436,0.1917593442112171,4.829250321166129,-0.0401052374588817,4.538297084137799,0.1472790204012105,0.0277208419966745,0.101445922411629,-0.0668617707831576,1,,
2025-07-21,91.52999877929688,91.7699966430664,91.06999969482422,91.33000183105467,40718.0,0.0015352493244902,0.0250280964660316,0.0776401395994652,0.3409191163209895,-0.0045776367187501,,88.72100028991699,86.09500030517579,,1,0,1.6674867416948445,1.53907321974319,1,64.78775538015964,31.113766632579328,0.1917078158647091,5.218122923389834,-0.0386315596731087,5.579857289277666,0.147225957762745,0.0185282194626639,0.1211025782674783,-0.0509646768756992,1,,
2025-07-22,90.91999816894533,91.06999969482422,89.43000030517578,89.87999725341797,34909.0,-0.0158765416464019,-0.0135002013905578,0.0616583199327791,0.2584710103297005,-0.0465683626389661,,88.90950012207031,86.20260025024415,,1,0,1.5471454520688752,1.540687666208327,1,57.26549246306684,29.86981014639651,0.2028286262229435,4.367846944931834,-0.053894765753495,4.528393991155609,0.1448677798098964,0.0131892637545436,0.0683209863485587,-0.0860194519921496,1,,
2025-07-23,89.97000122070312,90.19000244140624,89.5,89.95999908447266,27427.0,0.0008900960558457,0.0093122613781171,0.0447102362888414,0.2333424194321738,-0.0444019580653981,,89.06800003051758,86.29960021972656,85.7675499343872,1,1,1.441611591140429,1.5208724511947476,0,57.55828750028156,28.71470769494104,0.1961994941021043,4.044612293529188,-0.0530526412160773,4.2191351269387445,0.1437735793197684,-0.0004742644868093,0.0600093620782096,-0.0867127230939643,1,,
2025-07-24,90.5,90.69000244140624,90.0,90.4800033569336,38496.0,0.0057803943725327,-0.015237200025409,0.0425164466238192,0.2265149447507497,-0.0313670933551659,,89.25150032043457,86.40100021362305,85.80624996185303,1,1,1.3839815669496147,1.4934942743457211,0,59.500626288864325,28.01435582286913,0.19555530599139,3.949874582583095,-0.0475789120322779,4.095685484448625,0.1445567887038489,-0.002344457799658,0.0614066439175029,-0.0772628946240182,1,,
2025-07-25,90.7699966430664,91.1500015258789,90.5500030517578,91.02999877929688,26712.0,0.0060786406051911,-0.0017546184650248,0.0486119264990736,0.2366526018815926,0.0378520092290362,,89.42050018310547,86.51580017089844,85.8445499420166,1,1,1.366932247593212,1.4681818689952193,0,61.50717064570086,27.69100248958244,0.1959162118250457,4.109409544024469,-0.041789486533717,4.449211523065001,0.1448237191407266,0.0070855671583134,0.0660841149430093,-0.0294086946362805,1,,
2025-07-28,91.72000122070312,92.31999969482422,91.62999725341795,92.19000244140624,44211.0,0.0127430921417652,0.0094164085526071,0.0517969291099997,0.2372835833885833,0.0199137411650867,,89.6620002746582,86.6704002380371,85.88259994506836,1,1,1.4305328479512551,1.4606520647864267,0,65.40077482541881,28.122639702162083,0.197644546739759,4.117408042528106,-0.029578921669408,4.461074355628104,0.146706060474202,0.0154182486731317,0.073616872693665,-0.0377473622047062,1,,
2025-07-29,93.45999908447266,94.30999755859376,93.0,93.0999984741211,54843.0,0.0098708754595513,0.0358255598475851,0.0657051032928837,0.2511758351320836,0.029297972529455,,89.99400024414062,86.84720016479493,85.92419994354248,1,1,1.5366522856226936,1.4758521089536802,1,68.12467627742608,29.455808663307383,0.1980526290975786,4.325392473512383,-0.0200000160618831,5.278741945565898,0.1485459836549305,0.0364983484700283,0.0889745605174672,-0.0306903642099455,1,,
2025-07-30,93.08999633789062,94.0500030517578,92.93000030517578,93.7699966430664,35946.0,0.0071965432859975,0.0423521298062281,0.0845477404117456,0.2048052735063865,0.0453734652541031,,90.31900024414062,87.04460006713867,85.96924991607666,1,1,1.655729735615921,1.5118276342861283,1,69.99751770060352,30.616094207918756,0.1923161886013935,3.928299996093373,-0.0129474037571957,4.304212574281848,0.1498036610798696,0.0558127890980428,0.0730744704062855,-0.0090201412627558,1,,
2025-07-31,96.0,96.23999786376952,94.25,94.56999969482422,113231.0,0.0085315461277342,0.0452033177071848,0.0836484855340922,0.2199432893458828,0.0303987900701159,,90.6025001525879,87.27220001220704,86.01249992370606,1,1,1.7939732263706103,1.568256752703025,1,72.10505208300717,32.4680953104363,0.1920402963442678,4.190257700818471,-0.0045263190018502,4.622354959048154,0.1516505771968627,0.0637098136238136,0.0843941013083762,-0.0247556941596348,1,,
2025-08-01,94.02999877929688,94.04000091552734,90.37000274658205,91.08999633789062,190683.0,-0.036798174560257,0.0006590965549633,0.0246343619170152,0.1839094547372846,0.0195880912439414,,90.75449981689454,87.4633999633789,86.04349990844726,1,1,1.604232408871809,1.5754518839367817,1,54.252202158786815,31.102669884991865,0.2305520183402104,3.332926954251169,-0.0411579332853618,3.865063501818738,0.1485041556070221,0.0306003737221307,0.0609576009262338,-0.0255096976922116,1,,
2025-08-04,91.16000366210938,92.5199966430664,91.16000366210938,92.38999938964844,61135.0,0.0142716335933921,0.0021693995329843,0.0492901327367301,0.2072390025261838,0.025530060442354,,90.94999961853028,87.66139999389648,86.0835998916626,1,1,1.5409971695599864,1.5685609410614227,0,58.39624105441013,29.834774847079174,0.2312377873786402,3.697120435351896,-0.0274736906352796,4.927858447989449,0.148368398029214,0.0395981296242635,0.070148208466424,-0.0280289757139876,1,,
2025-08-05,93.3000030517578,93.52999877929688,91.7699966430664,91.7699966430664,91978.0,-0.0067107127468115,-0.0142857341874649,0.0371834670130015,0.1638554016356221,0.0147058178434023,,91.1074993133545,87.83159988403321,86.11244987487792,1,1,1.4244337610321054,1.5397355050555597,0,55.80013286188521,29.133336406494852,0.2331459636278494,3.088138107086697,-0.034000035336143,3.896256087686901,0.1481237085868544,0.025142957362942,0.0441735922908208,-0.0294680192752074,1,,
2025-08-06,92.25,92.38999938964844,91.5199966430664,92.38999938964844,33643.0,0.0067560506621078,-0.0147168316393451,0.0425411478923904,0.1751462243959924,0.007854273318258,,91.27099914550782,88.00559982299805,86.14564987182617,1,1,1.366335198396797,1.505055443723807,0,57.81958438795578,28.30982328034225,0.2337610589330273,3.2804577463983717,-0.0274736906352796,5.472404443839014,0.1479908789726071,0.0220455417452249,0.0449560604936429,-0.0400240745293303,1,,
2025-08-07,92.9000015258789,94.0,92.81999969482422,93.37999725341795,59814.0,0.010715422343432,-0.0125832975070993,0.0478006550218526,0.1298245073132797,0.0196548961167732,,91.45949897766111,88.20039978027344,86.18314987182617,1,1,1.3842197985884042,1.4808883146967269,0,60.892153750028015,28.264716056398434,0.2353875051761176,2.8266956486925867,-0.0170526604903372,4.056337572736502,0.1497020636729278,0.0342277929284855,0.0387266829481951,-0.0368672461063137,1,,
2025-08-08,93.22000122070312,93.6500015258789,93.0,93.4000015258789,29452.0,0.0002142243847647,0.0253595925003609,0.0422943967159121,0.1053254618447208,0.0031146054518993,,91.65699920654296,88.41159988403321,86.21739986419678,1,1,1.38405314755488,1.4615212812683571,0,60.95404654004355,28.22283077702204,0.2352033522717656,2.3948361954950967,-0.0168420892012747,3.290870399497089,0.1485756087023008,0.0237118483203371,0.0149994744645767,-0.0534369017147978,1,,
2025-08-11,94.01000213623048,94.62999725341795,93.5199966430664,94.51000213623048,56590.0,0.0118843746490091,0.0229462361791028,0.0565679749650089,0.1104453232107678,0.0150359952389826,,91.92749938964845,88.64619995117188,86.25889987945557,1,1,1.4566969522996374,1.4605564154746131,0,64.32764281914442,28.594384503823864,0.2371319317109749,2.490044071049859,-0.0051578722502054,3.450839317970884,0.1506392053123932,0.0361315761636549,0.0230271062383018,-0.0395597641560924,1,,
2025-08-12,93.87000274658205,94.27999877929688,93.25,93.95999908447266,30849.0,-0.0058195221598348,0.0238640353221775,0.0545454623297567,0.1001053161897513,0.0208604753351475,,92.06999931335449,88.8331999206543,86.30054988861085,1,1,1.453136191748044,1.4590723707292996,0,61.4925570973249,28.7199038854447,0.2378957553303861,2.2678863074415343,-0.0109473780581825,3.1277681209395207,0.1481849721070376,0.0252071975668988,0.0077229357570947,-0.0473031031902798,1,,
2025-08-13,94.44000244140624,94.83000183105467,93.81999969482422,93.91999816894533,41998.0,-0.0004257228173381,0.0165602206884343,0.0308418125317684,0.1011841618100728,0.0083744769637992,,92.30949935913084,89.0165998840332,86.33629989624023,1,1,1.4305955092595894,1.4533769984353575,0,61.28102120513005,29.07572532088037,0.2267078394491697,2.291005984034575,-0.0113684403268913,3.161476410040376,0.1476165710110815,-0.0055237236895521,0.0116373731390637,-0.0522644600478861,1,,
2025-08-14,94.13999938964844,94.79000091552734,93.8000030517578,94.12999725341795,34476.0,0.0022359357811621,0.008031698672732,0.0560978363522639,0.1144920468122885,0.0132399968496923,,92.42199935913088,89.19279983520508,86.3758498764038,1,1,1.4133844113788854,1.445378481024063,0,62.01969403650705,29.38818075530377,0.2103110329470406,2.5869636587734908,-0.009157923648232,3.577278288016171,0.1479328950160246,0.0221526260775779,0.0248879369861061,-0.0478267029515794,1,,
2025-08-15,94.3499984741211,94.37999725341795,92.98999786376952,93.1999969482422,68643.0,-0.0098799567864853,-0.0021413765992421,0.014366562192895,0.1061001018912588,-0.0061847071721514,,92.52249908447266,89.35039978027343,86.40759986877441,1,1,1.309604929590762,1.4182237707374028,0,56.84733444572162,28.955976024725256,0.1876916815298052,2.39478000559019,-0.0189474005448189,3.31507385376891,0.1468150560862644,-0.009911200738101,0.0161298285440409,-0.0638890287585184,1,,
2025-08-18,93.4800033569336,93.8499984741211,93.22000122070312,93.37000274658205,34547.0,0.0018240966084392,-0.0120622089078487,0.0239061327646805,0.1128724797195876,-0.007652180033284,,92.62449913024902,89.50759979248046,86.44434989929199,1,1,1.2269336621930904,1.3799657490285404,0,57.54437754115187,28.554643060616637,0.1852877774453038,2.540287857993145,-0.0171578658254522,3.526675277955543,0.1471148843583209,-0.0011144563729614,0.0053426813692545,-0.0623230678300541,1,,
2025-08-19,93.63999938964844,93.79000091552734,92.4499969482422,92.7300033569336,39191.0,-0.0068544432989414,-0.0130906315402713,0.0153290430067951,0.1146772525009445,-0.0189377205851193,,92.7669994354248,89.66119979858398,86.49309989929199,1,1,1.0971264938361287,1.3233978979900582,0,54.007602707268255,27.502701674592025,0.1873592495398994,2.582393921448291,-0.0238947015059621,3.5830649981614826,0.1469034468668222,-0.0021905844650205,0.012865253259404,-0.0657352832356117,1,,
2025-08-20,91.9800033569336,92.22000122070312,90.0199966430664,91.02999877929688,59929.0,-0.0183328428350543,-0.0307708629258047,0.0127948549290277,0.1165215275633286,-0.0264171253551136,,92.82049942016602,89.77239974975586,86.52959987640381,1,1,0.8473099541001545,1.2281803092120775,0,45.931997776757655,26.23873584760762,0.1902830515479361,2.631661348284244,-0.041789486533717,4.91602186376653,0.1445944916181012,-0.0018864663498936,0.0103005194340779,-0.0742554164170008,1,,
2025-08-21,91.80999755859376,91.81999969482422,91.04000091552734,91.66999816894533,26565.0,0.0070306426258461,-0.0261340609396788,0.0190084382156003,0.1112862230926028,-0.0195722120968414,,92.8799991607666,89.90779968261718,86.57214984893798,1,1,0.692982873377531,1.1211408220451682,0,49.02239124012164,25.06505329397925,0.1915552797841471,2.534607309826793,-0.035052650853207,5.793306942199161,0.1461975972887976,0.0168599681561654,0.0096136329302607,-0.0800013170637846,1,,
2025-08-22,91.12999725341795,92.44000244140624,91.04000091552734,92.29000091552734,40590.0,0.0067634205188853,-0.009763906250128,0.0200043931414712,0.1084554233438757,0.0127291089330727,,92.94299926757812,90.06859970092773,86.61459983825684,1,1,0.6136330107338352,1.0196392597829016,0,51.891169556268345,23.52119514866623,0.1918964667117844,2.4804975941167187,-0.0285263061523437,6.019443004674203,0.1449602660034635,0.0027911335277459,0.0124314004121868,-0.0683228745306439,1,,
2025-08-25,91.76000213623048,92.58999633789062,91.58999633789062,92.58999633789062,62576.0,0.0032505734032646,-0.0083539293750312,0.0171371809240157,0.1063447680350531,0.0457419853228511,,92.96299896240234,90.22059967041017,86.6428998184204,1,1,0.5684026049110997,0.9293919288085412,0,53.2617228481835,21.977829964539342,0.1912048380410562,2.4376233363003004,-0.0253684596011513,6.296454915602036,0.1460743601110978,0.0086356087096199,0.0090984354416869,-0.0385048652892859,1,,
2025-08-26,92.37000274658205,92.62999725341795,92.12000274658205,92.44000244140624,20597.0,-0.001619979505529,-0.0031273687590746,0.0027117907948737,0.1052128540886492,0.0249473327319373,,92.9299991607666,90.36759979248046,86.66474983215332,1,1,0.5145228296334494,0.846418108973523,0,52.45705130076084,20.51377622512764,0.1863888456309752,2.412899918506115,-0.0269473427220395,8.362371683961413,0.1452296370153253,-0.0100638205000149,0.0078254529642212,-0.0610797767628056,1,,
2025-08-27,93.12999725341795,93.5500030517578,92.83000183105467,93.33999633789062,28341.0,0.0097359787182487,0.0253762231085421,0.0025778503512676,0.1267503677471475,0.040579704721158,,92.90849914550782,90.53259979248048,86.68794982910157,1,1,0.53824020735901,0.7847825286506205,0,56.685556192269,19.63290105532085,0.186301179398034,2.8748145973580748,-0.017473722759046,10.0,0.1463102146899509,-0.0150510226528454,0.023982800721376,-0.064107462152239,1,,
2025-08-28,93.16000366210938,93.8499984741211,92.68000030517578,93.48999786376952,48837.0,0.0016070444800093,0.0198538205648262,-0.0029860167358509,0.1293790679198607,0.0717642355374086,,92.85449905395508,90.7179997253418,86.71244983673095,1,1,0.5626543406060307,0.7403568910417025,0,57.366162461841135,19.02714100239776,0.1846509948427193,2.930724197724599,-0.0158947593287419,10.0,0.1460282096764106,-0.0252026644492092,0.0285107039426883,-0.0244721115535253,1,,
2025-08-29,93.70999908447266,93.72000122070312,91.7699966430664,92.0500030517578,35845.0,-0.0154026617276217,-0.0026004752561353,-0.0266468927905086,0.0879328966757624,0.0610951360433176,,92.90249938964844,90.86399978637697,86.72469985961914,1,1,0.4604988264868837,0.6843852781307388,0,49.34946354315089,17.70571755497635,0.1891503939908647,2.0720365170913886,-0.031052599455181,9.396397558092325,0.1446415952832262,-0.0462179705688685,0.0023942985610532,-0.0454112862973955,1,,
2025-09-01,91.73999786376952,92.13999938964844,91.72000122070312,92.13999938964844,47072.0,0.0009776896785114,-0.0048601033161294,0.0115270951144066,0.0871976329162058,0.1024168146812989,,92.88999938964844,91.01359970092771,86.73689987182617,1,1,0.3823938001969367,0.6239869825439784,0,49.82142517118472,16.443747655471316,0.1379506876079506,2.0560620481382963,-0.030105269582648,9.317828207416587,0.144783009878018,-0.0250575191905817,0.0014478291083797,-0.0199767772948363,1,,
2025-09-02,91.9000015258789,91.97000122070312,90.31999969482422,90.45999908447266,81172.0,-0.0182331269405729,-0.0214193347537893,-0.0208897101193402,0.0602437811536964,0.101827049521648,,92.82449951171876,91.10059967041016,86.73969985961914,1,1,0.1828255210646006,0.5357546902481028,0,41.96112744638484,16.307270604542587,0.1431629284302568,1.4330027110126158,-0.0477894833213404,5.544772268755033,0.1432043413981494,-0.0348056371819001,-0.0208440198314784,-0.0025825288852134,0,,
2025-09-03,91.79000091552734,92.29000091552734,91.5999984741211,91.5999984741211,33473.0,0.0126022485207399,-0.0186415034501473,-0.0018524373451435,0.0736052367763644,0.1125956083675172,,92.78499946594238,91.19679962158204,86.75859985351562,1,1,0.11532524774411,0.4516688017473043,0,47.9608725148216,15.89860029212405,0.1489146645144565,1.7080646818866083,-0.0357894897460937,6.774546150606152,0.1442273733198252,-0.0263046024448171,-0.0037222793925963,-0.0160452523192943,0,,
2025-09-04,92.04000091552734,92.37999725341795,91.70999908447266,92.25,37309.0,0.0070960866452693,-0.01326342808967,-0.0015153089140957,0.0788211635526763,0.1472453152426585,,92.72849960327147,91.30559967041016,86.77984985351563,1,1,0.1129781439563544,0.3839306701891143,0,51.06693837496102,15.437522945229931,0.149114897972011,1.8151621081518852,-0.0289473684210526,7.254614393191494,0.1440469909391173,-0.0266495344907018,-0.0062844346333278,0.0118287064752207,0,,
2025-09-05,93.08000183105467,93.2300033569336,91.1500015258789,91.72000122070312,61124.0,-0.0057452442200203,-0.0035850279208478,-0.0177767839102616,0.0784244318590585,0.1638117505651619,,92.64449958801268,91.38699966430664,86.79829986572265,1,1,0.0675726398601455,0.3206590641233205,0,48.52374077916677,14.403598369834514,0.1450151349881825,1.8062404155902532,-0.034526302939967,7.218099638460282,0.1436354081608367,-0.0405248622714088,0.0018837445770867,0.0020018701243813,1,,
2025-09-08,92.41999816894533,93.16000366210938,92.2699966430664,93.04000091552734,56420.0,0.0143916231711329,0.0097677613614137,-0.0038543961934712,0.0885690837335633,0.1980427057450928,,92.57099952697754,91.50059967041015,86.82259986877442,1,1,0.1365275893449791,0.2838327691676522,0,54.589438944308434,13.443525549824482,0.1543006134022482,2.000779983690577,-0.0206315693102384,8.151802392715048,0.1453454908800045,-0.0217405659684587,0.0059528945129785,0.0203923847613871,1,,
2025-09-09,92.77999877929688,93.06999969482422,92.3000030517578,92.5199966430664,44746.0,-0.0055890398467758,0.0227724693725688,-0.0210560305595549,0.0897525910510708,0.1636271432183453,,92.49899940490722,91.62179962158204,86.8359998703003,1,1,0.1475144301485187,0.2565691013638256,0,51.9903888709808,12.552029359815169,0.148924068238015,2.027241812444057,-0.0261052984940378,8.260731122424795,0.1441997592877642,-0.0427474773998903,0.008716774982024,-0.0059587867022461,1,,
2025-09-10,94.2699966430664,94.80999755859376,94.0,94.5199966430664,53053.0,0.0216169484713213,0.0318777097989828,0.0059599570460862,0.1218990699473756,0.2074603745147809,,92.52899932861328,91.76679962158204,86.85769985198975,1,1,0.3139854372721089,0.2680523685454823,1,59.89852490127864,13.107602641823766,0.1669104801230538,2.634914350470271,-0.0050526669150904,10.0,0.1468922886120734,-0.0087234452764241,0.0239026290627812,0.014802267954749,1,,
2025-09-11,94.7699966430664,95.13999938964844,94.05999755859376,94.73999786376952,56425.0,0.0023275627223506,0.0269918467617291,0.0087308316738801,0.1147193816339218,0.1873667975523592,,92.55949935913084,91.88359954833984,86.88279983520508,1,1,0.4583832133108245,0.3061185374985508,1,60.66605120711588,13.842058587609896,0.167024690165647,2.499622226735153,-0.0027368645918998,10.0,0.1460207211836235,-0.0108107769780002,0.0185647921355074,0.0101329566702597,1,,
2025-09-12,94.5,95.0,94.43000030517578,94.98999786376952,42662.0,0.0026388009883584,0.0356519472257517,0.0091363076112309,0.1163474198137957,0.1961968704592085,,92.64899940490724,92.02239944458007,86.90734981536865,1,1,0.586234653645306,0.3621417607279018,1,61.566263888396605,14.5240533944113,0.167084276559103,2.5320016320800702,-0.0001052856445313,10.0,0.1464550468217476,-0.0099899903541871,0.0116744885785007,0.0258359058745827,1,,
2025-09-15,94.95999908447266,95.0500030517578,94.0999984741211,95.0500030517578,75429.0,0.0006317000667199,0.0216036340977185,0.0198498515460572,0.1170526165533747,0.2022515303180141,,92.732999420166,92.15379943847655,86.94279983520508,1,1,0.6845091628791238,0.4266152411581462,1,61.7922917843872,14.781486771370371,0.1627796815819759,2.546312981055872,0.0,10.0,0.1457714738763969,-0.0071081416149466,0.0068008197121673,0.0144832277344479,1,,
2025-09-16,95.41000366210938,95.5500030517578,94.5,94.52999877929688,73329.0,-0.0054708496135215,0.0217250563030699,0.0124236478375523,0.1224174472709378,0.1807394661748886,,92.82299919128418,92.27199935913086,86.97034984588623,1,1,0.7122223644713728,0.4837366658207915,1,58.57728796138562,15.40097601596925,0.1642615203954397,2.6671743492793305,-0.0054708496135215,10.0,0.1451738885258243,-0.0131937420265983,0.0130311197430075,0.0085707335597808,1,,
2025-09-17,94.4000015258789,94.62000274658205,93.61000061035156,93.66999816894533,52696.0,-0.0090976475347199,-0.0089927899313296,0.0101369004419586,0.105250715857762,0.1689754321681298,,92.9549991607666,92.36299926757812,86.99069984436035,1,1,0.6572144553264678,0.5184322237219269,1,53.60947458435762,14.998466640740252,0.165728193301353,2.3095817865510124,-0.0145187252867421,9.687161718250255,0.1440320731932445,-0.0195459925197045,-0.0035674871177273,-0.0031271409483286,0,,
2025-09-18,94.87000274658205,96.0999984741211,94.6999969482422,96.02999877929688,56909.0,0.0251948399325789,0.0136162227635079,0.0549269478968417,0.1343018500514934,0.2002249245761758,,93.17299919128418,92.49139923095704,87.01539985656738,1,1,0.7948896241403958,0.5737237038056207,1,62.9062919708076,15.692497515103264,0.1717806195740457,2.799596279017109,0.0,10.0,0.1469742202131046,0.0164579477985142,0.027921475458692,0.0190977398512508,1,,
2025-09-19,95.79000091552734,96.5999984741211,95.69000244140624,96.44000244140624,50139.0,0.0042695373041883,0.0152648132460877,0.0520345191200932,0.1199628586440035,0.1745220037088648,,93.38049926757812,92.63119934082032,87.04259986877442,1,1,0.926403058517394,0.6442595747479753,1,64.24683216594336,16.64265759862708,0.17114945357924,2.557420046314144,0.0,10.0,0.1468742740865237,0.0046285083358061,0.0210820202770967,0.0101302552833364,1,,
2025-09-22,97.0,97.62000274658205,96.54000091552734,97.5500030517578,41441.0,0.011509753030398,0.0263019454995563,0.0569942798141795,0.1239774400590587,0.1852976845020211,,93.62849960327148,92.80019943237303,87.06724987030029,1,1,1.1074304069773715,0.7368937411938546,1,67.65490017210516,18.088050694157232,0.1734230754997713,2.6271186744386963,0.0,10.0,0.1478652115438648,0.0200395985775296,0.0204885506801173,0.0170367126697086,1,,
2025-09-23,98.36000061035156,98.5,97.83999633789062,98.0199966430664,46355.0,0.0048179761825248,0.0369194743344678,0.0586456476935151,0.1291325814968063,0.2119188918360666,,93.90749931335448,92.93839935302736,87.09409984588623,1,1,1.2741330273626232,0.8443415984276084,1,69.00224086246754,19.851804264641235,0.1735707531147955,2.725735841724726,0.0,10.0,0.1493908286980857,0.0227039747732973,0.038844661222027,0.0330880404755085,1,,
2025-09-24,97.55999755859376,98.06999969482422,97.3499984741211,97.37999725341795,40260.0,-0.0065292737356333,0.0396071224190821,0.0534400116999451,0.1110096469840475,0.2166416309289014,,94.10949935913084,93.10339935302734,87.11759983062744,1,1,1.3391663766114448,0.9433065540643756,1,65.02983262882594,20.948077344839216,0.1759535420817262,2.373153429178797,-0.0065292737356333,10.0,0.1488891293944709,0.0251979723584894,0.0305282448967847,0.0376610250622355,1,,
2025-09-25,97.04000091552734,97.6500015258789,96.23999786376952,97.61000061035156,64583.0,0.0023619158289258,0.0164532109875994,0.0457467799441895,0.1173305852608412,0.2572127946637474,,94.31549949645996,93.217999420166,87.14519985198974,1,1,1.3932051217143595,1.0332862675943726,1,65.7920125456639,20.85860759884292,0.1739972870943047,2.49980120901867,-0.0041827795016951,10.0,0.1499324984073843,0.0247575586237052,0.0461729301429068,0.0555398285508861,1,,
2025-09-26,97.5500030517578,97.94000244140624,96.86000061035156,97.16999816894533,39234.0,-0.0045077598468898,0.0075694287542413,0.0393625028266466,0.1238723016178713,0.2706943457277988,,94.57149925231931,93.3375993347168,87.17159984588623,1,1,1.384566278572095,1.103542269789917,1,62.96477038162665,20.95481738673797,0.1755376646779131,2.6425520043826904,-0.0086716843830988,10.0,0.1484064168401223,0.0162859434418984,0.0459650435410619,0.0679023867203696,1,,
2025-09-29,97.7699966430664,98.41999816894533,97.68000030517578,97.93000030517578,40328.0,0.0078213661680746,0.0038954099593042,0.0638782950404877,0.1221496971715114,0.2571244979070093,,94.86099929809568,93.46959930419922,87.19694984436035,1,1,1.422646372122088,1.1673630902563514,1,65.70604077099122,21.33740532811312,0.1648044814201431,2.6120453675999347,-0.0009181426338784,10.0,0.1491479732652219,0.0311554776008358,0.0461560105924927,0.0565127408334353,1,,
2025-09-30,97.72000122070312,98.5500030517578,97.47000122070312,98.2699966430664,44512.0,0.0034718302545808,0.002550499985328,0.0665291653356212,0.1053992683505171,0.2564889118196696,,95.25149917602538,93.63739929199218,87.22559982299805,1,1,1.4633909239702234,1.226568656999126,1,66.88685446442686,21.47377384245562,0.1646444784352436,2.319781098402345,0.0,9.700834328543122,0.149104144257443,0.0298455901909044,0.0347642203486799,0.0586734438245912,1,,
2025-10-01,97.30999755859376,98.93000030517578,97.12000274658205,98.93000030517578,82585.0,0.006716227583752,0.0159170578709728,0.0936325592132023,0.1235661201172526,0.3643635000769674,,95.61799926757811,93.81679931640625,87.2580498123169,1,1,1.5312863387890872,1.2875121933571183,1,69.11033695550535,21.847899558029937,0.1454319643156961,2.699699077187179,0.0,10.0,0.1495957980029701,0.0446317237481692,0.0481983621128998,0.0892016896049801,1,,
2025-10-02,99.55999755859376,100.33999633789062,99.52999877929688,100.0999984741211,55454.0,0.0118265254759541,0.0255096593402281,0.0927947613711088,0.1313290537559288,0.4521978533431812,,96.01049919128415,94.00919921875,87.29369979858399,1,1,1.6603633828076028,1.3620824312472153,1,72.62017777247173,22.995327908058613,0.1448985707703046,2.839193575685137,0.0,10.0,0.1511908652432318,0.0482813474524352,0.0463703089828249,0.0901960905680017,1,,
2025-10-03,100.5,100.58000183105467,99.91000366210938,100.4800033569336,21406.0,0.0037962526334178,0.0340640655589321,0.0892141285304455,0.1338298379911637,0.4903590342014607,,96.4484992980957,94.19819931030274,87.32984981536865,1,1,1.7728843807922343,1.4442428211562193,1,73.66674579111458,24.18165233468536,0.1445392171890109,2.8879767429817296,0.0,10.0,0.151767062525179,0.0535941190838529,0.0481243892492808,0.1168681061532821,1,,
2025-10-06,100.68000030517578,101.3000030517578,100.33999633789062,101.05999755859376,42911.0,0.0057722350943785,0.0319615770822432,0.1018316202963853,0.1339765983396994,0.4353073754060668,0.2214164874041682,96.84949913024904,94.37559921264648,87.36609981536866,1,1,1.887105390960599,1.5328153351170954,1,75.22341872641707,25.632313655486524,0.1400751421228218,2.8907022111333256,0.0,10.0,0.1520976538207512,0.0589147604220181,0.0507779048678755,0.0549823201387462,1,,
2025-10-07,100.8000030517578,101.66000366210938,100.22000122070312,100.22000122070312,74177.0,-0.0083118578882175,0.0198433361580288,0.077171111721018,0.1184019700712502,0.495597642527412,0.2021110461677644,97.23449935913088,94.51799926757812,87.40504981994629,1,1,1.8880810569763185,1.6038684794889402,1,68.8732957915413,27.14489742182793,0.1422733348477977,2.568273041355835,-0.0083118578882175,10.0,0.1513947270154022,0.0416197028113645,0.0431360650147563,0.2192648507034331,1,,
2025-10-08,100.77999877929688,101.94000244140624,100.58000183105467,101.86000061035156,36313.0,0.0163639929123216,0.0296169038323805,0.1009511922413706,0.1387367701006192,0.4429806756580907,0.2043035990211139,97.60149955749512,94.67979934692384,87.45059982299804,1,1,1.9981550365676952,1.682725790904691,1,73.56526363047205,28.677818357919275,0.1447417461911149,2.9350674610038734,0.0,10.0,0.1529600457319923,0.0607510476265507,0.052094857681217,0.1181546097802901,1,,
2025-10-09,102.44000244140624,102.83999633789062,102.22000122070312,102.58000183105467,41777.0,0.0070685373688279,0.0247752586886875,0.0852730160203567,0.151290724890964,0.4604214827854718,0.2099552171272798,97.99349975585936,94.83999938964844,87.49829982757568,1,1,2.1190603312145413,1.7699926989666612,1,75.32388710568578,30.485655072985008,0.1313853898223496,3.177997149790137,0.0,10.0,0.1544888066053639,0.0517148862276362,0.0688198285109222,0.1552080850060124,1,,
2025-10-10,102.68000030517578,102.91999816894533,99.62999725341795,99.62999725341795,53770.0,-0.0287580866151208,-0.008459455365424,0.0516149408899075,0.093513298057188,0.3812560799549576,0.1754364646344357,98.2254997253418,95.01079940795898,87.53204982757569,1,1,1.9543098654857545,1.80685613227048,1,58.230669958101046,29.46941440228291,0.1735468205822823,1.9931856863846216,-0.0287580866151208,8.606862515891487,0.1542140687809208,0.0561108555750384,0.0389228785460717,0.1338322123037159,1,,
2025-10-13,100.18000030517578,101.12000274658205,100.08000183105467,100.77999877929688,89506.0,0.0115427236533369,-0.0027706192960725,0.0609537956178409,0.1307079758204765,0.3841505584201441,0.172951593657302,98.51199951171876,95.17859939575196,87.57619983673095,1,1,1.894698541232927,1.8244246140629692,1,61.86386087214599,28.52576235091668,0.1763824443140758,2.773366393875456,-0.0175473096083809,10.0,0.1536367094315241,0.0490366345552939,0.0615635284521334,0.1159032559086175,1,,
2025-10-14,99.6999969482422,99.9800033569336,98.33999633789062,99.41000366210938,117879.0,-0.0135939187713994,-0.008082194659028,0.0458705993725998,0.0819547957530146,0.4038978546758138,0.1710449331706736,98.75599975585938,95.3313995361328,87.607149848938,1,1,1.717115146316388,1.8029627205136527,0,55.65335024416877,26.658066257147567,0.1853249530695685,1.8751650471368164,-0.0309026916783075,7.543030501745261,0.1517335436026766,0.0409001128117498,0.0232580090767824,0.1080189421703776,1,,
2025-10-15,99.70999908447266,100.68000030517578,99.58000183105467,99.95999908447266,81418.0,0.0055325963394257,-0.0186530680786763,0.0574420858488893,0.0961727865804318,0.4436742080949376,0.184781270953819,99.07049980163572,95.4827995300293,87.63979984283448,1,1,1.6022888717831876,1.7628279507675602,0,57.498042646193,25.058941147818796,0.1834948859990658,2.179969363949554,-0.0255410674577395,8.85163895472645,0.1518986606533365,0.0463221877969877,0.0313665873085071,0.1359945221025527,1,,
2025-10-16,100.1999969482422,100.55999755859376,99.93000030517578,100.05999755859376,21048.0,0.0010003849043316,-0.0245662334517332,0.0682182076925344,0.0955873815012959,0.4690940634551448,0.1634883437045786,99.27199974060058,95.61639953613282,87.66509983062744,1,1,1.5020426503918145,1.7106708906924113,0,57.84141721560913,23.574039260584925,0.1785636693968847,2.167748768661341,-0.0245662334517332,8.79775890625307,0.1530932363726556,0.0629107321620927,0.0398522020102305,0.1657809846907842,1,,
2025-10-17,97.83999633789062,99.87999725341795,97.20999908447266,98.5199966430664,153879.0,-0.0153907750659852,-0.0111412289566581,0.0259293751475746,0.0961281670413032,0.3794455218273116,0.1489212436509202,99.3759994506836,95.71879943847657,87.69119979858398,1,1,1.283535792503045,1.6252438710545385,0,51.00700305820864,23.271321720835708,0.1707746383862377,2.181208968130625,-0.0395789151444444,8.8475322207455,0.1498862007240847,0.0198128658669385,0.0346413876210003,0.1053291077403086,1,,
2025-10-20,100.5199966430664,101.63999938964844,100.26000213623048,101.54000091552734,47663.0,0.0306537187917523,0.0075412000936301,0.0528826041581624,0.1287238989429184,0.3921030643931755,0.1823475100482274,99.57549934387208,95.8593994140625,87.73334980010986,1,1,1.3386257940400412,1.567920255651639,0,60.791055658572944,21.828721689766294,0.198767013087844,2.7142235158218075,-0.0101384372876125,10.0,0.1528906292935347,0.0409626208839457,0.0634125547746775,0.1272272638126652,1,,
2025-10-21,101.1999969482422,101.6999969482422,100.9800033569336,101.68000030517578,64297.0,0.0013787609650004,0.022834690267008,0.0423372334619682,0.123784223394195,0.3783381446680955,0.1748122093579831,99.75849952697754,96.01379943847655,87.77699981689453,1,1,1.3777005238311233,1.529876309287536,0,61.17810362215961,20.452517330359896,0.1960812263810427,2.6211985688132065,-0.0087736548041903,10.0,0.1531037224165411,0.0354276088200928,0.0591250939463119,0.1241624114543651,1,,
2025-10-22,101.4000015258789,101.81999969482422,100.1999969482422,100.1999969482422,36854.0,-0.0145555011063296,0.0024009390352908,0.0222403629854643,0.1007360023279586,0.3612280412636128,0.1622781349302819,99.89949951171874,96.1393994140625,87.82144981384278,1,1,1.2745513916461846,1.478811325759266,0,54.997334511257016,19.62804126866969,0.2039609817675824,2.1429164223262003,-0.023201450968311,9.271632382241924,0.1516637005432329,0.0152142662635645,0.0472297041057196,0.1164349522435759,1,,
2025-10-23,101.0999984741211,101.45999908447266,100.12000274658205,101.41999816894533,24858.0,0.0121756612560908,0.0135918513245532,0.0414869688793873,0.1001192698026605,0.3611595122962676,0.1843980079644005,100.08999938964844,96.28519943237303,87.8760498046875,1,1,1.2765337770086802,1.4383558160091487,0,58.70128596956395,18.9089380593199,0.2054016604035993,2.132326704188469,-0.0113082827198602,9.214868989605792,0.1526053708074891,0.024959790067496,0.040211769808409,0.1167889072408465,1,,
2025-10-27,104.22000122070312,104.62000274658205,104.05999755859376,104.44000244140624,31593.0,0.0297772069314199,0.0600893828669903,0.0699723572210524,0.1218045558876921,0.4035747520677595,0.2036418863887532,100.45349960327148,96.50999954223632,87.94674980163575,1,1,1.504451556198319,1.451574964046983,1,66.13225295429011,18.69941923632858,0.2268194284653761,2.457096103064054,0.0,10.0,0.1540580826282764,0.0275162774229404,0.0371070212584843,0.1293831626845374,1,,
2025-10-28,104.63999938964844,105.95999908447266,104.5,105.5,34011.0,0.0101493444448017,0.0389993997318065,0.0857260675931232,0.1250933537044223,0.3555184057300742,0.223613993346446,100.83199958801268,96.75259948730468,88.0140497970581,1,1,1.7504330795401444,1.511346587145615,1,68.28900706723958,19.082234471341568,0.2261254306660902,2.5123445849927712,0.0,10.0,0.1552094567832437,0.0458406050625845,0.0360858717631198,0.1117972981376445,1,,
2025-10-29,107.4000015258789,108.0999984741211,106.8000030517578,106.9800033569336,53680.0,0.0140284678382331,0.0521243414226073,0.0924129788987604,0.1312255863609628,0.3800310628174177,0.2317789894816255,101.26749992370604,97.03759948730467,88.08874980926514,1,1,2.041268636790789,1.6173309970746503,1,71.06011619816702,20.20776790870864,0.2284502684938738,2.6107527373056456,0.0,10.0,0.1573112359361984,0.0547326423032261,0.0373269844663197,0.1248712630832826,1,,
2025-10-30,107.45999908447266,107.72000122070312,106.62000274658205,107.05999755859376,32012.0,0.0007477491040384,0.0684630820287854,0.0894474530965352,0.1753211314386682,0.3914737998627622,0.2445943005884001,101.67399978637695,97.35819946289062,88.15929981231689,1,1,2.252250236059325,1.7443148448715855,1,71.2065757148994,21.130624418611674,0.2287718282526772,3.685435112158397,0.0,10.0,0.1591795416286657,0.0675728861957485,0.0718861097051939,0.1372257154189764,1,,
2025-10-31,107.87999725341795,108.36000061035156,106.68000030517578,106.95999908447266,33076.0,-0.0009340414384595,0.0546243444640848,0.0811684903924614,0.157701047635862,0.3976218579714363,0.2889852344834276,102.01699981689454,97.66399948120116,88.23159980773926,1,1,2.3839054542337266,1.8722329667440136,1,70.7247259680515,22.20900704847712,0.2292404963133749,3.3741947951716225,-0.0009340414384595,10.0,0.1585109138394709,0.0595946942060749,0.0683603512943493,0.1433039159342075,1,,
2025-11-03,107.13999938964844,108.41999816894533,107.04000091552734,107.31999969482422,122925.0,0.0033657499386032,0.0275756145738672,0.0721278854221931,0.1694453919644192,0.3610653363556766,0.2817388676951147,102.35899963378908,97.96459945678713,88.30944980621338,1,1,2.488605113125089,1.9955073960202288,1,71.47313686063933,23.23158305383793,0.2273843564945924,3.6194204582394858,0.0,10.0,0.1587465172394896,0.0499742625594636,0.0717157891466535,0.1190573254680531,1,,
2025-11-04,105.86000061035156,106.6999969482422,105.44000244140624,106.08000183105467,79137.0,-0.0115542104667872,0.0054976476877219,0.0557324670285717,0.1481762369503825,0.3492749697934405,0.2756132414576655,102.60999984741213,98.2343995666504,88.36849983215332,1,1,2.4433573796694645,2.0850773927500765,1,65.28246143348053,23.030371654363787,0.2332070771532124,3.1709610970042608,-0.0115542104667872,10.0,0.158794606584219,0.0463048038363005,0.0730026585868961,0.1212406310161684,1,,
2025-11-05,104.5199966430664,106.04000091552734,104.13999938964844,105.81999969482422,55903.0,-0.002451000487769,-0.0108431821434803,0.0471007545143729,0.1332191347965683,0.2803387506495138,0.2627684467918942,102.88999977111816,98.50199951171876,88.4268998336792,1,1,2.3593214365542963,2.1399262015109204,1,64.03012729493153,22.038560866567305,0.2335764837610388,2.887030495303804,-0.0139768915790664,10.0,0.1578583438063571,0.0378749431098714,0.0544834181528006,0.0953200631617332,1,,
2025-11-06,104.58000183105467,105.13999938964844,102.83999633789062,102.83999633789062,108681.0,-0.0281610599652963,-0.0394171615630155,0.0261424374902747,0.1010706066144562,0.2170413767797707,0.1830207750703019,102.93899955749512,98.69199951171876,88.4740497970581,1,1,2.0288733906938177,2.1177156393475,0,51.77156558781967,20.52497738270094,0.254150305037103,2.13431419292306,-0.0417443474624763,9.30242899781366,0.1550767551156041,0.0243207156074025,0.0437564851329641,0.0594122838789523,1,,
2025-11-07,102.86000061035156,103.04000091552734,99.80999755859376,100.0199966430664,88392.0,-0.0274212348817948,-0.0648840921915614,-0.0180640482648707,0.0583006494793387,0.1751850067652496,0.1356874871085582,102.81099929809572,98.82259948730469,88.53559978485107,1,1,1.521897044171055,1.998551920312211,0,43.31961854137743,20.44300086544457,0.2665216374416621,1.2517553323091166,-0.0680209007875153,3.4283961969718275,0.1506760146990079,-0.014932206786773,0.0002443546255996,0.023277087643825,1,,
2025-11-10,103.23999786376952,104.44000244140624,103.12000274658205,103.5,109234.0,0.034793076122092,-0.0355944810444166,0.008968591855365,0.1015325777829203,0.2118018447751914,0.1668546060987334,103.0044994354248,99.05159942626952,88.60114978790283,1,1,1.384956903212924,1.8758329168923535,0,53.42463491994451,19.64144265680861,0.2927599536194675,1.970899695191206,-0.0355944810444166,5.970669394739278,0.1535228770039978,-0.0062524245127583,0.0360219043878784,0.0440230349984089,1,,
2025-11-11,104.3000030517578,104.44000244140624,102.87999725341795,103.05999755859376,66749.0,-0.0042512313179347,-0.0284691197240987,0.0344273853230296,0.0973168608160235,0.2083479476177532,0.1633367402512715,103.11849937438964,99.26999938964843,88.66419979095458,1,1,1.2267847244787191,1.7460232784096268,0,52.158473043711226,18.99740873856357,0.27348260788082,1.8943194958757208,-0.0396943919897896,5.722762241973497,0.1525210433578033,-0.0109784109614707,0.0332244023359251,0.0452484202422944,1,,
2025-11-12,104.13999938964844,104.63999938964844,103.05999755859376,103.5,93364.0,0.0042693814460463,-0.0219240191033348,0.0269894944795523,0.0995432170401111,0.2254321705176019,0.1551339482432425,103.32299919128418,99.53079940795898,88.73319980621338,1,1,1.123980109976003,1.621614644722902,0,53.34914456175531,18.29122345039464,0.2713547194058117,1.9329142281474487,-0.0355944810444166,5.8536841318655055,0.1530870336381001,-0.0035777633838801,0.0348410583157801,0.0605961173657787,1,,
2025-11-13,103.73999786376952,103.81999969482422,101.1999969482422,101.31999969482422,88138.0,-0.0210628048809253,-0.0147802090353281,0.019213318200921,0.0871244958418977,0.2024685156192065,0.1295429558742002,103.39099922180176,99.72519943237305,88.78089981079101,1,1,0.8567231356937555,1.4686363429170728,0,47.09525463070973,18.41815620017881,0.2777162498050035,1.6873301359560091,-0.0559075663162657,5.123395586069854,0.1523913790654906,0.0043354649683562,0.0379819558557377,0.0547244268354989,1,,
2025-11-14,100.44000244140624,102.3000030517578,98.77999877929688,102.0,53550.0,0.0067114124281872,0.0197960750188732,0.0204081726111602,0.0924279425892367,0.2157329933842511,0.1345939740683759,103.48799934387208,99.92019943237304,88.84419982910157,1,1,0.6918155803505357,1.3132721904037654,0,49.09963840080089,19.361091604258537,0.277985781151026,1.7776848517004604,-0.0495713726234831,5.435267183072615,0.153439283632695,0.0101424395233771,0.04298952687187,0.0485618875854159,1,,
2025-11-17,102.31999969482422,102.58000183105467,100.44000244140624,100.9800033569336,51143.0,-0.0099999670888862,-0.0243477936528154,0.0091945414829845,0.0889679683095054,0.2138478229767753,0.1498520121594235,103.61099967956542,100.10539947509766,88.89864986419678,1,1,0.473363312411351,1.1452904148052827,0,46.26797849045536,20.07038453263414,0.280638616782439,1.7133304418780364,-0.0590756276175836,5.231801822597433,0.1533334026881365,0.0015687584975752,0.0437699452154005,0.0571983099051507,1,,
2025-11-18,99.56999969482422,100.0999984741211,97.86000061035156,99.16000366210938,66005.0,-0.0180233673432459,-0.0378419754402485,0.0064962143813471,0.089311270919862,0.2162394841993955,0.126818223433061,103.49199981689452,100.2277995300293,88.94224987030029,1,1,0.15163163609229,0.9465586590626842,0,41.65207522626888,21.483131389301477,0.282667653510803,1.7201139098689375,-0.0760342532232449,4.698475595738269,0.1518449445240393,0.013068206349164,0.05014335487335,0.0609603769087907,1,,
2025-11-19,98.72000122070312,101.0,98.62999725341795,99.80999755859376,55420.0,0.0065550007309325,-0.0356521975015095,-0.0170376535487014,0.088796766142033,0.20996484596142,0.1338180045739969,103.39849967956545,100.37359954833984,88.98294986724854,1,1,-0.0503139719719456,0.7471841328557582,0,43.808189839986575,22.26441249616207,0.2617881130631762,1.711529591933494,-0.0699776570777668,4.671408596045818,0.1522521023628638,-0.0041763640690171,0.0414131640077921,0.0514249278953045,1,,
2025-11-20,102.76000213623048,102.95999908447266,100.54000091552734,100.54000091552734,38481.0,0.0073139302153075,-0.0076983693411589,-0.0112116383381876,0.0893921326054725,0.2075426175346866,0.1401678449486927,103.41549987792968,100.49399963378906,89.0277498626709,1,1,-0.1497262008484341,0.5678020661149198,0,46.21216912718459,21.94217690861923,0.2631823563756893,1.7214437237787406,-0.0631755385629567,4.702729556661208,0.1557394879105405,0.0172155546083219,0.0743598380732788,0.0877156354071397,1,,
2025-11-21,97.45999908447266,98.05999755859376,95.97000122070312,97.4800033569336,112117.0,-0.0304356229433967,-0.0443136925790824,-0.0271456454506042,0.0528135566740683,0.1647747701427313,0.0850401528324722,103.2185001373291,100.54879974365234,89.0495998764038,1,1,-0.4700093626098578,0.3602397803699643,0,38.732041709581765,22.921372737974703,0.2792013587491262,1.0397616671077723,-0.0916883746354052,2.3040459306418284,0.1495101593289834,-0.0141994505378406,0.0235208917928684,0.0328333305500636,1,,
2025-11-24,98.1999969482422,99.91999816894533,97.61000061035156,99.83999633789062,61621.0,0.0242100215396552,-0.0112894333644789,-0.0155787996409025,0.0800518574323376,0.1936871959165407,0.1071190507875881,102.98849983215332,100.64579971313476,89.0832498550415,1,1,-0.5273256833140039,0.1827266876331706,0,45.99275046608194,22.986919520976997,0.2893721592026157,1.4748978292074575,-0.0696981306206091,3.4923449199902024,0.1509086465757549,-0.0111183782245423,0.0391036545786476,0.0472351113525033,1,,
2025-11-25,99.4499969482422,99.51000213623048,97.38999938964844,98.72000122070312,35152.0,-0.0112179002230436,-0.004437297550992,-0.0547682984200635,0.0576387946635104,0.1916949008307604,0.1003120806681758,102.64949989318848,100.71919967651368,89.11664985656738,1,1,-0.6555665629197875,0.015068037522579,0,43.36619242357575,23.10746143769341,0.2693187790940449,1.100600462934903,-0.0801341641686181,2.51455191914328,0.1478253180441228,-0.0404572384507242,0.0103554174763713,0.0345865701114698,1,,
2025-11-26,99.9800033569336,100.9800033569336,99.61000061035156,100.9800033569336,18414.0,0.0228930521503731,0.0117223306979139,-0.0428435700764587,0.0801155809638403,0.2198599280746607,0.1210035668773843,102.34949989318848,100.8481997680664,89.1558498764038,1,1,-0.568284271824254,-0.1016024243467875,0,49.61857406399941,22.56786424145729,0.2802801044783821,1.4493110844079988,-0.0590756276175836,3.495124924835376,0.1501727804045722,-0.0324508343953899,0.0283819868595645,0.057701881226911,1,,
2025-11-27,100.8000030517578,100.9800033569336,100.55999755859376,100.5999984741211,22774.0,-0.0037631696393324,0.0005967531136603,-0.0596373591569812,0.0928842492004677,0.1889847269639806,0.1437016771397368,102.02649993896485,100.98679977416992,89.19434986114501,1,1,-0.5237383162122171,-0.1860296027198735,0,48.64608961653199,22.066809702095178,0.2742233730423227,1.6672731269218226,-0.062616485648641,4.052171258069021,0.1496076547566996,-0.048970317559664,0.0343335502055905,0.036810053536497,1,,
2025-11-28,100.94000244140624,101.54000091552734,100.81999969482422,100.94000244140624,12543.0,0.0033797611574775,0.0354944497878553,-0.0571641626821265,0.0955068711748488,0.1910324771847342,0.1339025640063114,101.72550010681152,101.0849998474121,89.23014987945557,1,1,-0.4557462873172255,-0.2399729396393439,0,49.597934566095056,21.34310487412305,0.2748011764772642,1.7090851637495093,-0.0594483532571764,4.166585849098664,0.1492983667104384,-0.062075658826045,0.0311870628758488,0.0326800455216649,1,,
2025-12-01,100.27999877929688,100.86000061035156,99.62999725341795,100.8000030517578,56056.0,-0.0013869564717883,0.009615452214343,-0.0575915864383089,0.1143047100589678,0.1814346391502934,0.1250000532184336,101.3995002746582,101.17219985961914,89.26369991302491,1,1,-0.408450531803723,-0.2736684580722197,0,49.19361175745998,21.091696471428072,0.2747698859122086,2.034583802162758,-0.0607528574506776,4.986660975890513,0.1497750844277945,-0.0551118481376208,0.0458836859657523,0.0240832656740623,1,,
2025-12-02,100.95999908447266,102.77999877929688,100.87999725341795,101.77999877929688,33480.0,0.0097221795423545,0.0309967333950156,-0.0516213280961695,0.1111353763619531,0.1929207588296695,0.1173564921635585,101.18450012207032,101.25679977416992,89.29999992370605,0,1,-0.2885644484290282,-0.2766476561435814,0,52.13508349020881,19.98224694755288,0.2774012150690979,1.987735553288413,-0.0516213280961695,4.848395521576998,0.1509516380231565,-0.0491026786091534,0.0466226663396285,0.0427268443568882,1,,
2025-12-03,102.13999938964844,102.27999877929688,100.6999969482422,101.44000244140624,21060.0,-0.003340502475618,0.0045553482786753,-0.0437405666436375,0.0996206226710703,0.1862939996165227,0.1147253015539147,100.9655002593994,101.32519989013672,89.33969993591309,0,1,-0.218470336574839,-0.2650121922298329,1,51.03121582385285,19.02219705774989,0.275428951752477,1.802266725206803,-0.0547893893974876,4.346052504848338,0.1499282064586853,-0.055835650317451,0.040828451057709,0.034287432692529,1,,
2025-12-04,101.58000183105467,101.76000213623048,101.26000213623048,101.76000213623048,21705.0,0.0031545710481335,0.0115308516869192,-0.0383670154063732,0.1094635933482861,0.1964726453249352,0.0986827803779755,100.9115005493164,101.41279998779297,89.38099994659424,0,1,-0.1355365657449709,-0.2391170669328605,1,52.06004800960147,18.13072216007569,0.2759931668892252,1.9648825702239103,-0.0518076553708924,4.7754622617829865,0.1502912935419133,-0.0479357003372986,0.046338750773929,0.0483097857214951,1,,
2025-12-05,102.36000061035156,102.76000213623048,101.86000061035156,102.18000030517578,22830.0,0.0041273404100663,0.0122845040001791,-0.0064176979406569,0.0982373097561208,0.1955071820032341,0.1028602117900123,101.01950073242188,101.50419998168944,89.43624996185302,0,1,-0.0355112609824033,-0.1983959057427691,1,53.44264632737296,16.846317419698362,0.2591644502267942,1.7931096074432546,-0.0478941427903891,4.28570405090567,0.1506254816371682,-0.0287036795109469,0.036327172760542,0.0424963191009188,1,,
2025-12-08,102.66000366210938,103.5,102.5,103.08000183105467,33253.0,0.0088080008141604,0.0226190348240977,0.0305939341200767,0.1141375440028147,0.2141342753643438,0.11221408601245,100.9985008239746,101.62240005493165,89.50894996643066,0,1,0.1150558232860845,-0.1357055599369984,1,56.347900276165205,15.993576628131065,0.2409273452447432,2.0517917958516065,-0.03950799362492,4.979368184121197,0.1524100752600567,0.0115085374703647,0.0569370990135149,0.066150181875769,1,,
2025-12-09,103.73999786376952,103.87999725341795,102.9000015258789,103.5199966430664,26025.0,0.004268478892083,0.017095675816843,0.0001932042808348,0.0952179466741465,0.2287239957633995,0.124117719184585,101.02150077819825,101.73419998168946,89.57559993743897,0,1,0.266809611368771,-0.0552025256758445,1,57.73641701322408,15.376169858910396,0.2089313964611302,1.7688514607874786,-0.0354081537696936,4.153981219491648,0.153192840686806,-0.0021497533373034,0.0428923269850578,0.0678201954294024,1,,
2025-12-10,103.54000091552734,103.63999938964844,102.36000061035156,102.83999633789062,15859.0,-0.0065687821409075,0.0138012013287662,-0.0021346907230233,0.0854971359168534,0.2100246961146281,0.1191641856673657,100.98850059509276,101.82559997558592,89.6412999343872,0,1,0.3284194254210177,0.0215218645435279,1,54.83347738427376,14.512914689282914,0.2096912836851946,1.6021810224232904,-0.0417443474624763,3.7299008151723263,0.1511838723851401,-0.0087671244782026,0.035359030962625,0.0545802561580666,1,,
2025-12-11,101.5199966430664,102.27999877929688,100.45999908447266,100.9000015258789,43301.0,-0.0188642053782039,-0.008451263682171,-0.0251207582040685,0.0622171154334085,0.1858033360961384,0.0865819606147093,100.9675006866455,101.865,89.70964992523193,0,1,0.218189130339411,0.0608553177027045,1,47.49637200376078,14.16587248674685,0.2188441654577697,1.1908725331455243,-0.059821078896769,2.714285889043404,0.1479875444494207,-0.0333110457985275,0.0104639454967934,0.0222605952874825,1,,
2025-12-12,101.91999816894533,101.9800033569336,99.25,99.4000015258789,43383.0,-0.0148662039377202,-0.0272068777744567,-0.0189498438090045,0.0457653691157946,0.1681749418717042,0.0741301117623018,100.83750076293944,101.85100006103517,89.77289993286132,0,1,0.0096817580636212,0.0506206057748878,0,42.73494144025132,14.354386488054669,0.2126955194811913,0.904324340987838,-0.0737979704758354,1.9965614723944909,0.1473720772755909,-0.0329369142839938,0.0109802237476939,0.0178557179819687,1,,
2025-12-15,99.62000274658205,100.13999938964844,98.06999969482422,98.73999786376952,43100.0,-0.0066398757744239,-0.0421032585389191,-0.0319608052571616,0.0445361169876019,0.1724055620115219,0.0681522636951095,100.72550048828124,101.81619995117188,89.8486999130249,0,1,-0.2064389169995024,-0.0007912987799901,0,40.79698139945406,14.985489311355137,0.2117613171265867,0.8830437703888686,-0.0799478368938952,1.9429340793148304,0.1466150583313198,-0.0444750857786268,0.0099271971022467,0.0230876793394063,1,,
2025-12-16,97.38999938964844,98.26000213623048,97.33000183105467,97.91000366210938,47923.0,-0.0084058559815372,-0.0541923605378399,-0.0304020557810114,0.0452653525787059,0.1552802791989307,0.0531354455904446,100.66300048828124,101.75320007324218,89.92774993896484,0,1,-0.4396220156343986,-0.0885574421508718,0,38.43640601736345,15.841862979449967,0.2110220670185275,0.8957666360550374,-0.087681662872467,1.9747477347846047,0.1457809598043019,-0.049255040007137,0.0121423414402357,0.0085315366758413,1,,
2025-12-17,98.83000183105467,99.23999786376952,96.62000274658205,96.62000274658205,34354.0,-0.0131753739891499,-0.0604822424426406,-0.025615175693039,0.0061439547514852,0.1412709492927357,0.0361394396416305,100.50350074768065,101.68120010375976,89.99919994354248,0,1,-0.7202114449700616,-0.2148882427147098,0,35.04260860183487,16.04153322601504,0.2068323496812396,0.219626198947022,-0.0997017981612816,0.246493237178498,0.145460828718179,-0.042043650685055,-0.0102969860478336,0.0173369823676252,0,,
2025-12-18,96.95999908447266,98.4499969482422,96.9499969482422,98.30999755859376,45970.0,0.0174911484575743,-0.0256690181181102,-0.0150285546206874,0.0193902433621739,0.1416792110297071,0.0479693008966266,100.392000579834,101.6102000427246,90.0886999130249,0,1,-0.7970245291612201,-0.3313155000040119,0,42.23816173859375,16.226941312111176,0.2152656931642835,0.4527539432898158,-0.0839545486568332,0.7779295338830021,0.1468958421929729,-0.0351802049808495,0.0001468474079848,0.0212319635251143,1,,
2025-12-19,98.68000030517578,99.61000061035156,98.1500015258789,99.48999786376952,34219.0,0.0120028515357499,0.0009053957395279,-0.0104436347940759,0.0198871835091836,0.1463301856696957,0.0763821003492779,100.49250030517577,101.54839996337893,90.19209991455078,0,1,-0.7539917413863151,-0.4158507482804726,0,46.67947547816285,15.69840586128382,0.2180416999154327,0.4613331616333565,-0.0729593911043621,0.7978665924185896,0.147323757879687,-0.0540372268058795,-0.0036618056304416,0.0167517199594355,0,,
2025-12-22,100.31999969482422,100.54000091552734,99.68000030517578,100.0199966430664,80598.0,0.0053271564044319,0.0129633259772081,0.0260565572287923,0.0204039998826246,0.1521714025571348,0.0783827131327914,100.50150032043456,101.55619995117188,90.30389987945556,0,1,-0.6694049908907118,-0.4665615968025204,0,48.5914548137779,14.68964686526138,0.1892881916833819,0.4703132230766568,-0.0680209007875153,0.8186010779526076,0.1471915843976856,-0.0155078085777169,-0.0147214144239383,0.0235513984420816,0,,
2025-12-23,99.8000030517578,100.31999969482422,99.47000122070312,100.31999969482422,31302.0,0.0029994307321206,0.0246144003939763,0.0048077261071715,0.0301910302354528,0.1445521728280228,0.0782459018450194,100.5815002441406,101.54699996948244,90.40794986724852,0,1,-0.5715729059930652,-0.4875638586406294,0,49.691140915300046,13.865043579099074,0.1702335255562363,0.6411274826343445,-0.0652254940356433,1.2112531874834724,0.1469614111182044,-0.026156456552468,-0.012947340642708,0.0171856446681739,0,,
2025-12-29,100.72000122070312,100.87999725341795,100.0199966430664,100.4800033569336,48284.0,0.0015949328408704,0.0399503260259233,0.0178282223912833,0.0294027530850939,0.1501831805736893,0.0818260801922661,100.5565002441406,101.56839996337892,90.51894989013672,0,1,-0.475646360380864,-0.4851803589886764,1,50.301750264982005,12.97262770403273,0.1650333143505367,0.6274992063184116,-0.0637345914772724,1.1796277939958602,0.1472193404595367,-0.0040992814532978,-0.0180958629827908,0.0272415281427358,0,,
2025-12-30,100.55999755859376,100.73999786376952,100.44000244140624,100.73999786376952,10623.0,0.0025875248621594,0.0247177333488126,-0.0023767625785843,0.0367397320376314,0.1651630688238279,0.0955954454297058,100.56350021362304,101.58399993896484,90.62369987487791,0,1,-0.3743294610182062,-0.4630101793945824,1,51.33534797106808,12.143955820042551,0.1446598714051286,0.7547754942651381,-0.06131198145514,1.4739847295973614,0.1477807316082382,-0.0159286442582319,-0.0042160254603962,0.0415552282868083,0,,
2026-01-02,100.8000030517578,101.94000244140624,99.75,100.18000030517578,86526.0,-0.0055588402865663,0.0069353950771118,-0.0041749321601963,0.0229755947410232,0.147931753852486,0.0746620788814891,100.5255001068115,101.58639999389648,90.72754985809324,0,1,-0.3353564310234134,-0.4374794297203486,1,48.97284469655484,12.065869291100816,0.1453689228819353,0.516147043115122,-0.0665299982291444,0.9217725313564644,0.1477852925755982,-0.0121809421053018,-0.0091364345072293,0.03659787471737,0,,
2026-01-05,100.6999969482422,101.87999725341795,100.6999969482422,101.0999984741211,59927.0,0.0091834514488196,0.0107978591012036,0.0015850607177043,0.0287982286326287,0.1372328092108159,0.0820935261039532,100.54049987792968,101.63800003051756,90.8377498626709,0,1,-0.2276101127808658,-0.395505566332452,1,52.81475839328312,11.993360371369205,0.1485055601618212,0.6165473694874826,-0.0579575217889523,1.1553744921293865,0.1481557412973094,-0.0076533014948856,-0.0063606747140179,0.0281824217373376,0,,
2026-01-06,100.58000183105467,101.31999969482422,100.13999938964844,101.08000183105467,51498.0,-0.0001977907355907,0.0075757788929664,0.0027777655835299,0.0217325535150778,0.1479840809504291,0.0640000192742598,100.50550003051758,101.62880004882813,90.9428498840332,0,1,-0.1421948080459287,-0.3448434146751474,1,52.72184215079566,11.525956728853751,0.148410905259532,0.4940946302668957,-0.0581438490636753,0.871902168028097,0.1472506995341773,-0.0168545048948657,-0.0156762322210832,0.0317665611746589,0,,
2026-01-07,101.1999969482422,101.9800033569336,100.81999969482422,101.8000030517578,161776.0,0.0071230827825521,0.013136939199088,0.0001965442395446,0.0169830629725353,0.1505424863185247,0.091103962722109,100.52350006103516,101.63120010375977,91.0511999130249,0,1,-0.0162175367810277,-0.2791182390963235,1,55.74108421536074,11.49826841045722,0.1465655738781814,0.4115683456490724,-0.0514349297313,0.6813543293583946,0.1487791553235234,-0.0143919120592769,-0.015951426138269,0.0296792102858074,0,,
2026-01-08,101.16000366210938,101.41999816894533,99.66999816894533,99.69000244140624,137949.0,-0.0207269208948724,-0.0104228255373123,-0.017251576871864,-0.0078622699953646,0.1249153616760767,0.0706691202655103,100.42000007629396,101.62100021362303,91.14959991455078,0,1,-0.0856517172507551,-0.2404249347272098,1,46.391185800018654,10.686675652191685,0.1630780069612687,-0.0271912718673333,-0.0710957629063985,-0.3154314217988544,0.1457102128494361,-0.0281334227153013,-0.0399088548922663,0.006294945089686,0,,
2026-01-09,100.1999969482422,101.13999938964844,100.16000366210938,101.0,166435.0,0.0131407114706785,0.0081852634490544,-0.007468574295164,-0.0005936825652402,0.1333033762038746,0.0866057376660305,100.36100006103516,101.61260025024414,91.24404991149902,0,1,-0.0345743985030111,-0.1992548274823701,1,51.79719052350882,9.933053805230823,0.1696488177145198,0.1020060406344327,-0.0588893003428606,-0.0238183292816629,0.1466550615318228,-0.0241945619363266,-0.0357835387476951,0.0131773529938139,0,,
2026-01-12,100.13999938964844,101.44000244140624,99.66000366210938,101.3000030517578,164990.0,0.0029703272451266,0.0019782846751268,-0.0086122259815006,0.010776310296348,0.130454216736785,0.109407575953043,100.27200012207032,101.54980026245116,91.33904991149902,0,1,0.0297693214367456,-0.1534499976985469,1,52.96691494191796,9.58038372435466,0.1693151785017966,0.300353846875891,-0.0560938935909888,0.4323416622078302,0.1468600411760453,-0.0249986949100236,-0.0299527330228321,0.0118912889528817,0,,
2026-01-13,101.33999633789062,101.81999969482422,101.04000091552734,101.81999969482422,192185.0,0.0051332342290328,0.0073209126470572,-0.012223536222822,-0.0003927048428005,0.1382895826563257,0.1250828695560686,100.1870002746582,101.47620025634764,91.44374992370604,0,1,0.1213230299938743,-0.0984953921600627,1,55.00505704598236,8.965642916629472,0.1672749735203273,0.1041380682679904,-0.0512486024565769,-0.0157551759205539,0.1479096559920288,-0.029528358019303,-0.0330177054785438,0.017357099534808,0,,
2026-01-14,101.4000015258789,101.44000244140624,99.5,99.62000274658205,209105.0,-0.0216067271148695,-0.0214145406662451,-0.0376738217054953,-0.028855517953174,0.1180696347095502,0.1032115102973167,100.02600059509275,101.32900024414064,91.54164993286132,0,1,0.0161722128498382,-0.0755618711580825,1,45.93550719932025,9.407897653137889,0.1813415547285519,-0.3976436901005044,-0.0717480150031487,-1.1576729188997943,0.1454286135734218,-0.0506827021326522,-0.05864627496985,0.0061375269548427,0,,
2026-01-15,100.6999969482422,102.41999816894533,100.66000366210938,101.95999908447266,208573.0,0.0234892217765061,0.0227705545939838,-0.0085569553165546,0.0233865491848617,0.1190868005865029,0.1077792054570894,100.07900047302246,101.2270002746582,91.66324993133544,0,1,0.120271169815453,-0.0363952629633754,1,54.52443577956898,9.083351336167407,0.2002188382263011,0.5192602988861009,-0.0499440982630757,0.9382598746543844,0.1484403858407869,-0.0181466878779519,-0.0374394047558405,2.622438608268496e-05,0,,
2026-01-16,101.62000274658205,101.95999908447266,101.0,101.45999908447266,167886.0,-0.0049038839200631,0.0045544463809172,0.0055500252737867,0.0067473736198879,0.1383372849883248,0.1023467848244679,100.18200035095217,101.1170002746582,91.7881999206543,0,1,0.160573530175256,0.0029984956643508,1,52.60150120951222,8.781986898980533,0.18949165151288,0.2301466920175086,-0.0546030621227645,0.2707021834132057,0.1478363297024963,-0.0010218072574078,-0.037753865924947,0.0214854013281378,0,,
2026-01-19,99.5199966430664,99.66999816894533,98.8000030517578,99.18000030517578,84166.0,-0.0224718982837621,-0.0209279633041948,-0.0022132919248079,-0.0023136842215132,0.0794514940136903,0.067025320725967,100.20400047302246,100.95420028686524,91.89459991455078,0,1,0.0084393112519762,0.0040866587818759,1,44.83630497854461,9.784983944483988,0.1987815158536409,0.072069504701158,-0.075847925948522,-0.092824172155849,0.144514166738777,-0.0193924832278062,-0.0475793070700567,-0.0254278979489767,0,,
2026-01-20,98.37999725341795,98.56999969482422,97.41999816894533,98.37999725341795,67577.0,-0.0080661731124845,-0.0337851350590912,-0.0036459450895295,-0.015806340991655,0.0788463057299688,0.0635675378747886,100.2275001525879,100.8002001953125,91.9954499053955,0,1,-0.1746682468623532,-0.0316643223469698,0,42.467379122377054,11.339824003251984,0.1994393530578144,-0.1654091405828099,-0.083302296560083,-0.6341446700984236,0.1463272502612698,-0.0019630184874984,-0.0366784695013332,-0.0064623606087819,0,,
2026-01-21,97.77999877929688,98.68000030517578,96.91999816894533,98.12999725341795,55159.0,-0.0025411669747867,-0.0149568907055186,0.0022468959562884,-0.0192884304643884,0.0744552204755468,0.0695367548056453,100.3029998779297,100.64640014648438,92.12354988098144,0,1,-0.3360810830275653,-0.0925476744830889,0,41.72546122472395,12.990246209184768,0.1973855574361404,-0.2271950610660808,-0.0856317784899274,-0.7738448373354541,0.1442901310048684,-0.0102264987240775,-0.0575015956051705,-0.0199409587989078,0,,
2026-01-22,99.08000183105467,99.62999725341795,98.4499969482422,98.79000091552734,54096.0,0.0067258094423965,-0.0310906060946412,0.02245909860546,0.0027406037521413,0.0991322200087243,0.0479474321991861,100.32700004577636,100.56540023803711,92.2728498840332,0,1,-0.4060642826693339,-0.155250996120338,0,44.48297441565551,13.75837510147287,0.1923942587549094,0.1600007482451312,-0.0794819120718676,0.1099520289477325,0.1445058140235625,-0.0065654424152006,-0.0358964779581454,-0.0024985941443217,0,,
2026-01-23,98.8000030517578,99.4499969482422,98.1500015258789,99.06999969482422,41842.0,0.0028342825863145,-0.023556075411144,0.0077306698718762,-0.0243254008118234,0.1012672376952477,0.0523688159883064,100.30600013732912,100.54640029907226,92.4310998916626,0,1,-0.4339308266878561,-0.2109869622338416,0,45.65779219040277,14.615195847512055,0.1831660140490396,-0.3419704660932768,-0.0768729036848653,-0.975926261553499,0.1448628363349863,-0.0138397780879045,-0.0525067690259538,0.0075761973818242,0,,
2026-01-26,98.27999877929688,99.02999877929688,97.5500030517578,98.9499969482422,72460.0,-0.0012112924896706,-0.0023190497703756,-0.005427690492734,-0.0268489707783233,0.0936117736191435,0.0593083510217231,100.25250015258788,100.45540023803711,92.57379985809328,0,1,-0.4603913771227041,-0.2608678452116141,0,45.21616301540925,15.69569955528706,0.1783019077712577,-0.3893190906042703,-0.0779910806036433,-1.0771709737054942,0.1439563304949881,-0.0228573275156951,-0.0597463717875274,-0.0041537876861041,0,,
2026-01-27,99.79000091552734,99.95999908447266,99.0999984741211,99.83000183105467,30060.0,0.0088934301157459,0.0147388149839202,-0.0018995682702305,-0.0036925661522589,0.0966714618231896,0.1381826801173415,100.2280002593994,100.39080032348632,92.73789985656738,0,1,-0.405676132514003,-0.2898295026720919,0,49.10397532466528,15.936419715845547,0.1801133292389129,0.039286411476537,-0.0697912587128973,-0.148144415312636,0.1446602403287638,-0.0171976141114327,-0.0461775638427913,-0.0011288124136895,0,,
2026-01-28,100.87999725341795,101.08000183105467,100.04000091552734,100.1999969482422,62090.0,0.0037062517319561,0.0210944640045034,-0.0011961996306525,-0.0120291978182729,0.0868857174825104,0.1085296783364866,100.21399993896485,100.32480026245118,92.88594985961916,0,1,-0.3286696935433468,-0.2975975408463429,0,50.68849167550849,15.33980946924112,0.1802796405835928,-0.1169534673099252,-0.0663436709544214,-0.4826070553611821,0.1452110029696278,-0.0119106650872362,-0.04845417824245,-0.0101908366957821,0,,
2026-01-29,99.45999908447266,99.6500015258789,96.06999969482422,96.8000030517578,50868.0,-0.0339320758486714,-0.0201437174342283,-0.0366242056352584,-0.0731520414693085,0.0397422624949364,0.0702046027392264,100.01700019836426,100.23440032958985,93.01874988555907,0,1,-0.5358160741999285,-0.3452412475170601,0,38.74995929954758,16.56196743225666,0.2149953860190955,-1.2835692818539868,-0.098024568328188,-2.934833382948781,0.1405626178374359,-0.0452163594900115,-0.0875998490997933,-0.0537433973040952,0,,
2026-01-30,97.16000366210938,98.56999969482422,97.04000091552734,98.20999908447266,81433.0,0.0145660742589124,-0.0086807369839579,-0.0251141436663336,-0.069099534744335,0.0473499264195032,0.0948718219147859,99.9185001373291,100.1586003112793,93.14914989471436,0,1,-0.5795257649912315,-0.3920981510118944,0,44.57952563653795,17.69682839791395,0.2218900280780626,-1.1965846589205198,-0.0848863272107418,-2.7722482823529684,0.1430366751172132,-0.0321019962440121,-0.0784280927097779,-0.0451723670428091,0,,
2026-02-02,96.22000122070312,99.01000213623048,96.08000183105467,98.9000015258789,82704.0,0.0070257860486564,-0.0005052594634181,-0.0127769891734642,-0.0755281508460619,0.0457862096333672,0.0775768450782341,99.808500289917,100.1170002746582,93.2795999145508,0,1,-0.5521240372085146,-0.4241033282512185,0,47.22657806246357,19.08917070608972,0.2229953225576743,-1.3334729133357963,-0.0784569343355242,-3.030162029701028,0.1433290755943055,-0.0301533183960992,-0.0888821466482135,-0.0548728646891648,0,,
2026-02-03,99.08999633789062,99.27999877929688,96.01000213623048,96.20999908447266,43864.0,-0.0271992153680843,-0.0362616716436433,-0.048367947215154,-0.101345028222917,0.0562081782020258,0.0768972803692442,99.56500015258788,100.05800018310546,93.40659992218018,0,1,-0.7389505245882759,-0.48707276751863,0,39.3381122241702,20.17814497496759,0.2381535170390525,-1.796354629600487,-0.103522182649497,-3.915876792055348,0.1406196474947063,-0.0508660260926379,-0.1165972331875153,-0.0530928449785611,0,,
2026-02-04,96.0500030517578,96.27999877929688,94.5999984741211,94.62999725341795,92631.0,-0.0164224285010901,-0.0555888210026732,-0.063810887028052,-0.1152767570736137,0.0242450252036747,0.050394062604905,99.2064998626709,99.95440017700196,93.53354991912842,0,1,-1.002943496669772,-0.5902469133488585,0,35.57896777702604,21.68074574046629,0.2429751362377398,-2.055123001370569,-0.1182445255077491,-3.899605718949552,0.13898354528737,-0.0561433953995476,-0.123192580744799,-0.0632537175470215,0,,
2026-02-05,95.0199966430664,95.41000366210938,92.72000122070312,94.08999633789062,89422.0,-0.005706445431687,-0.0279959362441152,-0.0757368023844479,-0.1232762150070304,0.0252805903856323,0.0403581799862193,98.92649955749512,99.82540008544922,93.66344989776611,0,1,-1.2414230378962827,-0.7204821382583434,0,34.37010246670455,23.625099867172885,0.2402747453485777,-2.216958708982942,-0.1232762150070304,-4.1702130182659936,0.1399381704004953,-0.0594235456156687,-0.1184803746630827,-0.0552614990837833,0,,
2026-02-06,93.0999984741211,96.19000244140624,93.0199966430664,96.19000244140624,71141.0,0.0223191219603642,-0.0205681362579891,-0.0351088365361126,-0.0932315160156149,0.0411300257263942,0.0493073455082944,98.68599967956544,99.79960006713868,93.78729991912842,0,1,-1.246596857803027,-0.8257050821672802,0,42.5456727936761,24.843450898213487,0.2478410986318475,-1.586691599773609,-0.1037085099242202,-3.153854794932007,0.1403685297713883,-0.0366596340338027,-0.1160371703371306,-0.0515055336797455,0,,
2026-02-09,96.44000244140624,97.5500030517578,95.29000091552734,97.5199966430664,61917.0,0.0138267404917713,-0.013953537528019,-0.0344554787815207,-0.0784351075004187,0.0443349701372679,0.0648612654864295,98.49699935913084,99.75320007324218,93.91019989013672,0,1,-1.1303477848590404,-0.8866336227056323,0,47.04490070523254,25.031013220128933,0.2483654804622444,-1.292407458318097,-0.0913157200859593,-2.653318860971557,0.1416264668515288,-0.0342885859360734,-0.1028255875707131,-0.053944458902335,0,,
2026-02-10,97.44000244140624,98.12999725341795,97.1500015258789,97.7300033569336,61510.0,0.0021534733500436,0.0157988180742665,-0.0352418517993544,-0.0496887705457287,0.0463597618877442,0.0496187597067676,98.29249954223631,99.7334001159668,94.02999992370606,0,1,-1.00963532278692,-0.91123396272189,0,47.740799566092015,24.828683086704466,0.2481941752237927,-0.7920532983275277,-0.0893588927055608,-1.680881894204916,0.1423067504078677,-0.0310042863376254,-0.0823463497041631,-0.042193051397783,0,,
2026-02-11,97.31999969482422,98.87000274658205,96.7300033569336,97.23999786376952,58519.0,-0.0050138696033239,0.0275811126081089,-0.0449813577370057,-0.0277944298400414,0.0288857863277149,0.0443561081123953,98.1734992980957,99.65860000610353,94.14814990997314,0,1,-0.9426429736348184,-0.9175157649044756,0,46.21474061176899,24.171543085205112,0.2472180431202288,-0.4062943681053101,-0.0939247284729617,-0.9402356581730816,0.1416259689903529,-0.0424832777787981,-0.0600629484840931,-0.0598332705177827,0,,
2026-02-12,97.7699966430664,97.91999816894533,95.01000213623048,95.31999969482422,46402.0,-0.0197449425249387,0.013072626260038,-0.0431640527324254,-0.079033819373679,0.0144742509962019,0.0356366660872504,97.84149932861328,99.55300003051758,94.25219989776612,0,1,-1.0325759674214223,-0.9405278054078652,0,40.72193111090671,24.27615189702386,0.2454422475032325,-1.45878892084129,-0.1118151326325314,-2.67357220869089,0.1410079791993478,-0.0303972806000938,-0.0815181297333558,-0.048432663620611,0,,
2026-02-13,95.0,95.47000122070312,94.0999984741211,94.76000213623048,341464.0,-0.0058749219511814,-0.0148664130250628,-0.0706158985179772,-0.0805355678147032,0.0089438243575574,0.0173932011724071,97.50649948120116,99.42940002441406,94.35394989013672,0,1,-1.135941212613048,-0.9796104868489016,0,39.25640179611158,24.70953441131768,0.2274621384006207,-1.48878240950917,-0.1170331494065357,-2.7243736621469585,0.1400808893693748,-0.0563155129519686,-0.081563525363807,-0.0510490224105054,0,,
2026-02-16,94.83000183105467,95.16000366210938,94.27999877929688,94.29000091552734,61792.0,-0.0049599114616676,-0.0331213683216293,-0.0706682262334319,-0.088985498400702,0.0016998158586856,0.0149623182649918,97.26199951171876,99.29919998168944,94.43624988555908,0,0,-1.241473154940465,-1.0319830204672145,0,38.01967966056331,25.11196103173337,0.2274669421740922,-1.6653629904705445,-0.1214125868090668,-3.010219642502263,0.139386100560631,-0.0571593542593376,-0.0894976716960777,-0.057774806978987,0,,
2026-02-17,94.51000213623048,95.23999786376952,93.5,95.05999755859376,96083.0,0.0081662597899032,-0.02732022620104,-0.0415406607572576,-0.0617844665918434,0.0199570887473794,0.0136489528253167,97.09599952697754,99.1647999572754,94.52394989013672,0,1,-1.2485828002807011,-1.0753029764299118,0,41.28328705454559,25.780201994592723,0.2197026073600448,-1.1260937507378703,-0.1142378137448105,-2.0900575743117344,0.1402979901013475,-0.0291748327003166,-0.079357435035389,-0.0443896297739901,0,,
2026-02-18,95.75,97.18000030517578,95.51000213623048,97.11000061035156,73829.0,0.0215653598191416,-0.0013368701796978,-0.0129090941098015,-0.0479411704867493,0.0400556683490771,0.0320969751302324,97.0449996948242,99.0781999206543,94.62479988098144,0,1,-1.0763911644351936,-1.0755206140309683,0,48.985077258414506,25.08610153973052,0.2328539008179207,-0.8227189215661923,-0.0951360334840278,-1.6217637219260022,0.1426051652989043,-0.0254367177386276,-0.0706085044018162,-0.0306544037273105,0,,
2026-02-19,96.7699966430664,96.95999908447266,96.04000091552734,96.5,54669.0,-0.0062815426476945,0.0123793569969961,-0.0166105910429054,-0.0443652526044997,0.0406556293172453,0.0209479837839037,96.93049964904785,98.97299987792968,94.72464988708496,0,1,-0.977877639006678,-1.0559920190261105,1,47.0091419634707,24.441579688787048,0.2336231291046022,-0.7544050779381283,-0.1008199750800599,-1.5007968403263587,0.1420841232232812,-0.0152886948415951,-0.0733648328912074,-0.032806062392192,0,,
2026-02-20,96.66000366210938,97.16000366210938,95.51000213623048,96.80999755859376,59421.0,0.0032124099336141,0.0216335518800023,-0.0200425482192943,-0.0236991328834892,0.0634955383588498,0.0354010434074198,96.81749954223632,98.86559982299804,94.81444988250732,0,1,-0.8648216227972938,-1.017757939780347,1,48.15370401790671,24.092290419306543,0.2325317257223477,-0.3572132243754227,-0.0979314402358997,-0.8016991150053253,0.1415171145742281,-0.0206822090137289,-0.068015632540049,-0.0212828096660899,0,,
2026-02-23,95.73999786376952,96.58999633789062,95.16000366210938,95.5199966430664,43725.0,-0.0133250795171913,0.0130448161586189,-0.0358332801321616,-0.0429816753878677,0.0419984569763558,0.0216042421718332,96.64599952697752,98.71439971923829,94.89894985198974,0,1,-0.8692955107915736,-0.9880654539825924,1,43.9039979791808,23.93292908581248,0.2360080381713991,-0.7347260895675005,-0.1099515755247145,-1.453992907221779,0.1410719274098674,-0.0261689541709145,-0.0734319906227014,-0.0350598776859858,0,,
2026-02-24,95.83999633789062,96.94000244140624,95.27999877929688,96.55999755859376,77021.0,0.0108877821616093,0.0157795080846221,-0.0241536075124749,-0.0395862673631516,0.0462671643808383,0.0595852130893392,96.4824993133545,98.57519973754884,94.96849983215331,0,1,-0.779931156149118,-0.9464385944158976,1,47.89632351062546,23.52388786426251,0.2399670954284309,-0.6643886417568681,-0.1002609221657441,-1.3391323500073269,0.1415788226928254,-0.0165154793400724,-0.090925335685251,-0.023326690850286,0,,
2026-02-25,96.81999969482422,98.4499969482422,96.73999786376952,98.13999938964844,27811.0,0.0163629025580278,0.0106065160418409,-0.0169288030693045,0.0067705786826677,0.0599417136977096,0.1084255520087478,96.3794994354248,98.481199798584,95.03669982910156,0,1,-0.5749882119302896,-0.872148517918776,1,53.33052238100336,22.111422735677984,0.2452063793049048,0.2329684425155887,-0.0855385793074924,0.2290365206462978,0.1426913876712675,-0.013610185169206,-0.0456074134916266,-0.0231592487364473,0,,
2026-02-26,98.4000015258789,98.6500015258789,95.91000366210938,96.69000244140624,26929.0,-0.0147747804897087,0.0019689372166449,-0.0350298863646576,-0.0315504207935244,0.0459757668515197,0.0720700723367078,96.37399940490722,98.39699981689454,95.09459983825684,0,1,-0.5235370781493458,-0.80242622996489,1,48.34705764982735,21.26397933473199,0.2493458768874116,-0.5417231651021097,-0.0990495460645313,-1.0672940884616076,0.1413683820508436,-0.026462326133702,-0.0632188064858311,-0.0265872382788797,0,,
2026-02-27,96.43000030517578,96.61000061035156,94.5,95.1999969482422,69667.0,-0.0154101298535695,-0.016630520100748,-0.0165289881515818,-0.0356564447825668,0.0199271553816906,0.0613154981841701,96.2234992980957,98.3129997253418,95.1435498046875,0,1,-0.5961209633522913,-0.7611651766423703,1,43.81605525580351,21.18182391272165,0.2262498709765105,-0.622113415329898,-0.1129333095513094,-1.2061935078787305,0.1398614787780011,-0.0049880905052984,-0.0538733105498526,-0.0440757736950592,0,,
2026-03-02,93.30999755859376,96.05999755859376,93.0,95.80999755859376,88210.0,0.0064075696418688,0.003036023091699,-0.024437445761654,-0.0511983127992721,0.024815485590286,0.0983605854805711,96.06899909973144,98.25439971923828,95.19614978790284,0,1,-0.5975342610376373,-0.7284389935214237,1,46.045412674287775,21.74380315587648,0.2210199800412562,-0.974747369857054,-0.1072493679552772,-1.7319469983451603,0.1406776630719465,-0.0164923579447966,-0.063227951876801,-0.0366404999165611,0,,
2026-03-03,94.87000274658205,95.3000030517578,93.79000091552734,95.3000030517578,78930.0,-0.005322977975488,-0.0130488249657565,-0.0364003884588324,-0.0526838519160285,0.0353068972542303,0.0985591129885625,96.0234992980957,98.20219970703126,95.25034980773924,0,1,-0.6325153607833158,-0.7092542669738022,1,44.45712643435606,22.26564102452025,0.2194441529734633,-1.005940277884113,-0.1120014599072545,-1.782200119464167,0.1411731903936116,-0.0150415063500177,-0.0563772246600923,-0.0239793047278208,0,,
2026-03-04,95.19000244140624,96.87999725341795,95.16999816894533,96.77999877929688,30320.0,0.0155298602323787,-0.0138577605340296,0.0059245369530016,-0.0412126368287356,0.0503581443497351,0.157932479768595,96.13099937438965,98.20539962768557,95.3129497909546,0,1,-0.5346517158141637,-0.6743337567418746,1,49.86203951530794,21.6420621138808,0.2063472182368036,-0.7485698511064938,-0.0982109666930577,-1.394149508974302,0.1423611843701835,0.0123847336165645,-0.0464652259304981,-0.0167272769772843,0,,
2026-03-05,96.87000274658205,97.72000122070312,96.4800033569336,97.5,33886.0,0.0074395663337945,0.0083772627794131,0.0303286783248679,-0.0327381245223111,0.0778244637052594,0.1875761487466187,96.30149955749512,98.18919967651368,95.3809497833252,0,1,-0.3944490280379114,-0.618356811001082,1,52.29418283636949,20.540781182228866,0.1982908913441371,-0.5690962919662482,-0.0915020473606823,-1.1074719731520732,0.1442244145758532,0.0377085595107455,-0.0370600348726042,0.0071232000911738,0,,
2026-03-09,94.23999786376952,96.16999816894533,93.9499969482422,96.12000274658205,58654.0,-0.0141538179837739,0.0096639267629392,0.0215751566340951,-0.0556101012045416,0.0493450256305183,0.1674966671788145,96.29799957275392,98.12179977416992,95.44559978485108,0,1,-0.3901937227532386,-0.5727241933515134,1,47.534668474278206,20.67553918056485,0.2042282954282541,-1.044077088804265,-0.1043607620209704,-1.8811898789806576,0.1428203472659105,0.020596073660007,-0.0538668600336655,-0.00975561033615,0,,
2026-03-10,97.2699966430664,97.63999938964844,96.5,97.55999755859376,34151.0,0.0149812190060816,0.0182653172382116,0.0142425936419126,-0.0382492585708842,0.0575609491446478,0.2132818444897768,96.29999961853028,98.07259979248047,95.52574977874755,0,1,-0.2675417609850967,-0.5116877068782301,1,52.40275679460965,19.947458952204038,0.1960377428290137,-0.6698698443193013,-0.0909429944463665,-1.2939037430880471,0.1451933112482321,0.0343722448664363,-0.0315810835218519,0.0079579608129358,0,,
2026-03-11,97.45999908447266,98.2300033569336,97.0500030517578,97.69000244140624,43910.0,0.0013325634078085,0.0250786916381358,0.0017432916754711,-0.0399960653437837,0.065089414972179,0.2395635765471957,96.29799957275392,98.01999984741212,95.60174980163576,0,1,-0.1580272503043858,-0.4409556155634612,1,52.828307103391786,18.95204381669157,0.1902251661298444,-0.7062064730364749,-0.0897316183451537,-1.3529950799231805,0.1455695039759485,0.0278411035174193,-0.0314175855080249,0.0134653136011291,0,,
2026-03-12,97.58000183105467,97.66999816894533,96.37000274658205,97.04000091552734,29240.0,-0.0066537159344299,0.0026865275832808,-0.0070602928241616,-0.0503033800577125,0.0429922609698991,0.24954927040357,96.2879997253418,97.951199798584,95.67064979553224,0,1,-0.1222763764758809,-0.3772197677459452,1,50.40194399920395,18.34879345038296,0.1914994644318806,-0.9186137234985012,-0.0957882855807784,-1.7016730304989585,0.1468305371960053,0.0317889824282537,-0.0251945713295992,0.0102173538856245,0,,
2026-03-13,96.51000213623048,97.8000030517578,96.11000061035156,96.3499984741211,24502.0,-0.0071104950009933,-0.0117948874449118,-0.0091526060181046,-0.06528912725442,0.0413964761134879,0.2117972064575899,96.33949966430664,97.863399810791,95.7339497756958,0,1,-0.1479158994121405,-0.3313589940791843,1,47.88755373469812,17.912082592266923,0.1922902421795285,-1.236262089966236,-0.1022176784559959,-2.2086139521081174,0.146616370525008,0.0352364864313479,-0.0380139221449951,0.0167587744194581,0,,
2026-03-16,96.9000015258789,97.38999938964844,96.31999969482422,97.1500015258789,46547.0,0.0083030935591834,0.0107157589457465,0.0191985085702224,-0.0615339579187877,0.0278248516315984,0.2410577802866891,96.45899963378906,97.80279983520508,95.80149978637697,0,1,-0.1025002861944983,-0.2855872525022471,1,50.943247934636936,17.50656536687346,0.1808866466246755,-1.1530331150929505,-0.0947633078444351,-2.0815833156763146,0.1463444114413949,0.0378448955324917,-0.0447046298946325,-0.0037297885127612,0,,
2026-03-17,96.5500030517578,97.25,96.1500015258789,96.79000091552734,18343.0,-0.0037056161059931,-0.0078925447143842,0.0214225277916146,-0.0588292069020057,0.0216382003164661,0.2130592781669182,96.58399963378906,97.7165998840332,95.87124980926514,0,1,-0.0944681560241633,-0.2473634332066304,1,49.53563754661438,17.220492189356392,0.180006634890471,-1.097829918484262,-0.0981177675106228,-1.9900864450049585,0.1454195818688356,0.0381114977460153,-0.0381276813813847,-0.0041168082852571,0,,
2026-03-18,97.5500030517578,97.73999786376952,96.41000366210938,96.41000366210938,22887.0,-0.0039259970020003,-0.0131026588935198,0.0224838554035151,-0.0444994826151506,0.0149490033716641,0.2140788215088771,96.65149993896485,97.6231999206543,95.9393998336792,0,1,-0.1174117875762164,-0.2213731040805476,1,48.02714049208621,16.60721558284663,0.1796053554230946,-0.8155400345075366,-0.1016585544515334,-1.505337600584342,0.1468984451701827,0.0538959378254786,-0.0073593982742929,0.0030275388800691,0,,
2026-03-19,95.8000030517578,95.97000122070312,94.4499969482422,95.18000030517578,51408.0,-0.0127580469890283,-0.0191673597774455,0.0012623895399119,-0.0424547399992186,0.0013676722697966,0.2038958163973507,96.55499992370603,97.49079986572264,95.99224983215332,0,0,-0.2321694671222189,-0.2235323766888819,0,43.41812376417264,17.05525892504962,0.1838387180157199,-0.7754122082180509,-0.1131196368260325,-1.4361676291062535,0.1453825697814445,0.0362412866814696,-0.0134998944910437,-0.0026679026054317,0,,
2026-03-20,95.33000183105467,95.5199966430664,93.93000030517578,93.93000030517578,18738.0,-0.013133011094685,-0.0251167431994854,-0.0327463730325299,-0.0487137701302164,-0.0063471753080409,0.173245105789954,96.42649993896484,97.37559982299804,96.0381498336792,0,0,-0.4191486238363637,-0.2626556261183783,0,39.29138229598087,17.70622285039111,0.1717438029859552,-0.9006488554699227,-0.1247670464752546,-1.647899380705844,0.1455599737321297,0.0207202062213669,-0.0071962908257745,0.0026594672790398,0,,
2026-03-23,92.38999938964844,96.0,92.26000213623048,94.26000213623048,76954.0,0.0035132740336689,-0.0297478059110332,-0.0232124130960571,-0.0372791480886383,0.0062987507080016,0.1763385169991354,96.29900016784669,97.24079986572264,96.08284984588624,0,0,-0.534540710250937,-0.31703264294489,0,40.88872304581322,18.988560371824065,0.1716799390917474,-0.6635258920504404,-0.1216921132662245,-1.2610866472517774,0.1445535592604157,0.0173800983608416,-0.0084194845851873,0.0036206245984642,0,,
2026-03-24,94.55999755859376,94.6500015258789,93.29000091552734,93.86000061035156,14560.0,-0.0042435976746617,-0.0302717251519908,-0.0304720279169177,-0.0285655356838427,-0.0225970862910511,0.1731033383868574,96.21600036621092,97.09199981689451,96.12554985046388,0,0,-0.6507649371672102,-0.383779101789354,0,39.5309884558316,20.179302356011807,0.1712832988950887,-0.4880267827536608,-0.125419298572005,-0.9663207843922637,0.1444249406048839,0.0205475220393265,-0.0071214231516723,-0.0173450800046724,0,,
2026-03-25,94.76000213623048,95.16999816894533,94.33999633789062,94.7699966430664,37266.0,0.0096952485275658,-0.0170107556969995,-0.0078517590699103,-0.0360085546072512,-0.0173165258820319,0.1541833630326243,96.12650032043456,96.95099975585936,96.17184982299804,0,0,-0.6618154036552113,-0.4393863621625256,0,44.08023241034859,20.855154220932903,0.1696739189607652,-0.6530861411287713,-0.1169400213142478,-1.2181047510546732,0.1450170368292136,0.0279652337058118,-0.0127900513432583,-0.0126450821211613,0,,
2026-03-26,94.20999908447266,94.25,93.19000244140624,93.25,29581.0,-0.0160387959998689,-0.0202773723364952,-0.0342791802224852,-0.0627198512187513,-0.0440799889004238,0.1330497757254738,95.88200035095215,96.82359970092772,96.21284980773926,0,0,-0.7841844141265426,-0.508345972555329,0,38.82591963477009,21.96294662834857,0.1728700978691148,-1.2218293865122545,-0.1311032401680372,-2.1216999568102137,0.1452857548909587,0.0261828155343257,-0.0138334985345179,-0.0174446485821372,0,,
2026-03-27,92.75,92.75,90.66999816894533,91.04000091552734,42893.0,-0.0236997220854976,-0.0307675862904175,-0.0723456135956526,-0.0897820038885351,-0.0712099160027139,0.125618249346318,95.5995002746582,96.60519973754884,96.2406998062134,0,0,-1.0474172192215434,-0.6161602218885719,0,32.71918946355842,23.82798056153845,0.1760855640836144,-1.7702964125060765,-0.1516958518970441,-3.0371639930754277,0.1443031690308784,0.0112955756189305,-0.0196235089025414,-0.0340560375194737,0,,
2026-03-30,90.70999908447266,91.5999984741211,89.97000122070312,90.58999633789062,27802.0,-0.0049429324814512,-0.0389349216546349,-0.0630882816164183,-0.0969896669311453,-0.069726854662537,0.13180903675273,95.36900024414062,96.3877996826172,96.26914978027344,0,0,-1.277615169928282,-0.748451211496514,0,31.628320388073405,25.75330448258888,0.1713923386797796,-1.929043651728858,-0.1558889620248521,-3.2809862928585054,0.1440715732311603,0.0191216107951532,-0.0196639231010086,-0.0323566682329559,0,,
2026-03-31,89.94999694824219,91.0,89.73999786376953,90.68000030517578,36961.0,0.0009935309738775,-0.0338802502077233,-0.04747895785673,-0.0975318742471117,-0.0709968267784321,0.1679546756573768,95.11250038146972,96.21779968261718,96.30129978179932,0,0,-1.436230169018458,-0.8860070030009028,0,32.1158130908624,27.60482940652781,0.1658069292404441,-1.9413434151222284,-0.1550503115632318,-3.2993281928553,0.1401411149308138,0.0019993793520267,-0.0480794541439234,-0.0653052779122385,0,,
2026-04-01,93.4499969482422,93.63999938964844,92.69000244140624,93.62000274658205,62760.0,0.0324217295049837,-0.0121345777906439,-0.0228576857093896,-0.0706769433012677,-0.0365338632217637,0.2242709723043108,95.02850036621092,96.12259979248049,96.34444980621338,0,0,-1.3096037750422624,-0.9707263574091748,0,45.72826346668164,27.340983745212213,0.2032138881741109,-1.2773936078978283,-0.1276555813194144,-2.3908740954561694,0.1436027537550993,0.0207928580790883,-0.0282714654858697,-0.0323682977279748,0,,
2026-04-02,92.16000366210938,94.11000061035156,91.44000244140624,93.87999725341795,30334.0,0.0027771256057285,0.0067560027176187,-0.0149003751612539,-0.0628868340244189,-0.0413561016964867,0.2051347293264223,94.883500289917,96.03759979248046,96.388399810791,0,0,-1.1747304997287955,-1.0115271858730992,0,46.74527757814167,27.559959021811625,0.2029912790794998,-1.1204653940772875,-0.1252329712972822,-2.1273486853178336,0.1438720072846591,0.0191170638243907,-0.0264795313710752,-0.0353740373741506,0,,
2026-04-07,94.19000244140624,94.66999816894533,92.51000213623048,93.20999908447266,48937.0,-0.0071367510497121,0.0238356562733206,-0.0368877840447742,-0.0780415381674616,-0.0514907675938215,0.1917913332769494,94.66900024414062,95.92599975585938,96.42899982452391,0,0,-1.1091204599007227,-1.031045840678624,0,44.43445174519107,27.394821457150364,0.1952850039681878,-1.4328598934332768,-0.1314759658076298,-2.640005117068937,0.1421106661588292,-0.0017597367741959,-0.0408021659204508,-0.0469033113294213,0,,
2026-04-08,97.38999938964844,97.91999816894533,96.08000183105467,96.6500015258789,37514.0,0.0369059379379319,0.0668948607237507,-0.0087179330679086,-0.0438266741682502,-0.0230465861949218,0.3329195790712382,94.69550018310548,95.87759979248048,96.4911498260498,0,1,-0.7706608839699669,-0.9789688493368928,1,56.36227921013143,25.46807355100411,0.2352748396808715,-0.6872186197512595,-0.0994222717041239,-1.4825776988149415,0.1436955253680084,-0.0036671267441104,-0.0241436826949926,-0.0394414329394771,0,,
2026-04-09,96.54000091552734,96.5500030517578,95.9000015258789,96.23999786376952,23832.0,-0.0042421485321922,0.0613144854420162,0.0012483886158829,-0.0546169451995146,-0.03856144524667,0.3961990053341564,94.62950019836424,95.82339981079102,96.54859981536865,0,0,-0.5294103871671751,-0.8890571569029492,1,54.85096865825624,23.76206516759885,0.230382585605032,-0.8913323778185687,-0.1032426561923394,-1.847593194485627,0.1422652187301534,-0.0038869008960155,-0.0437825888929485,-0.0590356202983495,0,,
2026-04-10,96.80999755859376,97.8499984741211,96.70999908447266,97.62000274658205,26703.0,0.0143392031737776,0.0427259120129221,0.0006150593428648,-0.0207643659758244,-0.0284633809196045,0.4479383773040106,94.62600021362304,95.77919982910156,96.613399810791,0,1,-0.2242774387677855,-0.7561012132759165,1,58.85048486050046,22.556149733650745,0.2298722940136676,-0.2677764691894457,-0.0903838704419039,-0.702421219725834,0.1444007392271132,-0.0054587364549036,-0.0089868348739289,-0.0485370354772708,0,,
2026-04-13,96.8499984741211,98.25,96.66999816894533,98.06999969482422,16814.0,0.0046096797334695,0.0446314717084603,0.0038898274533865,-0.0290099040116413,-0.0295863639026506,0.3928418490851444,94.6775001525879,95.7365998840332,96.67319980621338,0,1,0.0532398977441346,-0.5942329910719063,1,60.091946204307135,21.615063389594223,0.2303684244815871,-0.4238779708162526,-0.086190831404243,-0.98135296708367,0.1436624495145204,-0.0131006454603517,-0.0204057874719385,-0.0554591349329542,0,,
2026-04-14,98.8499984741211,99.5999984741211,98.81999969482422,99.44000244140624,43404.0,0.0139696415911616,0.0668383587396836,0.0247320847406842,-0.0183613085322537,-0.0077828653940962,0.4839576073918934,94.83200035095214,95.78939987182618,96.73644981384275,0,1,0.3793492563028309,-0.3995165415969589,1,63.68415209039773,21.31700037203468,0.2335975085096771,-0.2230735412164782,-0.0734252448362429,-0.6211301009625908,0.1439157739938682,-0.0198512057355358,-0.0200481162785983,-0.049400353426927,0,,
2026-04-15,100.27999877929688,101.54000091552734,100.16000366210938,101.31999969482422,34624.0,0.018905844803511,0.0483186559256791,0.051582784633235,-0.0049106266106717,-0.005301403026621,0.4353308535368012,95.0405002593994,95.8515998840332,96.80899982452392,0,1,0.7804962639214352,-0.1635139804932801,1,67.9477795673292,21.75382005409078,0.2391612416831168,0.0238369047075681,-0.0559075663162657,-0.1661176814886709,0.1454885667995557,-0.0076922087309474,-0.0163687027478688,-0.0488459512200176,0,,
2026-04-16,102.73999786376952,103.0,101.77999877929688,102.94000244140624,24844.0,0.0159889730700895,0.0696176717202421,0.0595985674172634,0.0333266372544653,0.0035094619216762,0.4655467763689054,95.34800033569336,95.93239990234376,96.88544982910156,0,1,1.21512167401751,0.1122131504088779,1,71.09677863648274,22.622392113556536,0.2429607921818256,0.6962501102009755,-0.0408124978184212,1.127380302239763,0.1474524425221283,0.0075713931937679,0.0139163050446378,-0.0455461093774243,1,,
2026-04-17,103.12000274658205,104.77999877929688,103.12000274658205,104.77999877929688,22248.0,0.0178744539950634,0.0733455831926364,0.0825498273395279,0.027657902316063,0.0516912743937894,0.4526549669919992,95.76650009155271,96.10379989624025,96.9725498199463,0,1,1.6885729519129455,0.4274851107096915,1,74.19749584301601,23.924374441050706,0.2470663724808027,0.6014011909950259,-0.0236675449380368,0.9356171771642842,0.1482958142638259,0.0197788520502324,-0.0009739369521447,-0.0383768780882272,0,,
2026-04-20,104.05999755859376,104.83999633789062,103.73999786376952,104.13999938964844,51195.0,-0.0061080301307934,0.0618945621873452,0.080178357368708,0.026414353729143,0.0333399548625694,0.4302980755608721,96.21450004577636,96.29399993896484,97.06094982147216,0,1,1.9892134838315485,0.7398307853340629,1,71.3310622414003,25.149393844094888,0.2480507781620766,0.5793240881386897,-0.0296310129912267,0.8935501611894321,0.147685356735454,0.0053568406688009,-0.0010212169589578,-0.0387365279957561,0,,
2026-04-21,105.05999755859376,105.5999984741211,104.77999877929688,105.13999938964844,32885.0,0.0096024582855855,0.0573209654897268,0.1046438227835457,0.0600927512213531,0.0576400313495117,0.4848185710308399,96.775,96.515,97.15029983520508,1,1,2.281861040362301,1.0482368363397103,1,73.08097760982928,26.494108176467847,0.241250485355334,1.1805186779969692,-0.020313085271849,2.0328298807066303,0.1500860945027769,0.0323527416553666,0.0385562736840301,-0.0108575141711162,1,,
2026-04-22,105.86000061035156,106.81999969482422,105.62000274658205,106.6999969482422,29460.0,0.0148373365764671,0.0530990650377272,0.135952268727532,0.0845700338188939,0.0674269500350215,0.5410167567910045,97.3969997406006,96.72519989013672,97.2392998123169,1,1,2.6095834492658128,1.360506158924931,1,75.58464738509807,28.05661874798635,0.2343239681844962,1.5948503231945574,-0.0057771407784668,2.860852403414834,0.1507860108560375,0.0359029820486573,0.0304711568542872,-0.0073249480443963,1,,
2026-04-23,106.76000213623048,107.0999984741211,106.4000015258789,107.04000091552734,17219.0,0.0031865414902501,0.0398290108498378,0.135582415549136,0.0907979609853606,0.0697581803641977,0.571575392105621,98.05599975585938,96.91559997558592,97.33424980163574,1,1,2.863730001218471,1.661150927383639,1,76.10625830700593,29.57764927948301,0.2343737508642777,1.7006445107814474,-0.0026090083870022,3.071531997567937,0.151855806187012,0.0505158569872443,0.0524337675033947,-0.0080828533968113,1,,
2026-04-24,106.81999969482422,108.12000274658205,106.66000366210938,108.0199966430664,57389.0,0.0091554159114071,0.0309219116388241,0.150862944178941,0.0934304650470787,0.0964271246822925,0.5124614871529838,98.71849975585936,97.1213998413086,97.4319497680664,1,1,3.108388867751813,1.9505985154572736,1,77.5922192773695,31.24118653916837,0.231445958105405,1.7428293772129144,0.0,3.1605848834647734,0.1520676866322353,0.0529184640501967,0.0523291928409179,0.0145542811653909,1,,
2026-04-27,108.22000122070312,108.45999908447266,107.27999877929688,107.62000274658205,49447.0,-0.0037029615711438,0.0334165870686524,0.1355915010940942,0.0863026453830151,0.0598778981311292,0.4754592698709428,99.43699989318849,97.32899993896484,97.5269497680664,1,1,3.2327415849144927,2.2070271293487176,1,75.52758699555339,32.867756773035985,0.2339841400587322,1.6215177492819886,-0.0037029615711438,2.9194635418236854,0.1512440272094886,0.0429397160252866,0.044049882191635,-0.0107698038241754,1,,
2026-04-28,108.27999877929688,108.3000030517578,106.26000213623048,106.26000213623048,40573.0,-0.0126370616580824,0.0106524895670896,0.1395174491820963,0.0738757495041857,0.0450432908861977,0.4404230306579224,100.19799995422365,97.54779998779296,97.61264976501464,1,1,3.184838490299782,2.4025894015389304,1,68.82220470517512,33.57691251212,0.2301805868498186,1.401537696515367,-0.0162932286755342,2.4990839660265625,0.1500629506022338,0.0328813772200897,0.0424199483707898,-0.0198608614233065,1,,
2026-04-29,107.68000030517578,107.72000122070312,107.0,107.45999908447266,55828.0,0.0112930258245591,0.0071227943577085,0.1803602592686792,0.0764299019680523,0.0724551133467656,0.4598559732841636,101.04150009155272,97.8017999267578,97.70189975738523,1,1,3.2067393722671085,2.563419395684566,1,71.24778142787665,34.235414269840874,0.2029512722274227,1.4424925347030506,-0.0051842027031732,2.5854863580439127,0.1517810728735515,0.0518207873943015,0.0492245314165415,0.0007738986316314,1,,
2026-04-30,107.33999633789062,108.41999816894533,105.77999877929688,106.5,39779.0,-0.0089335482286577,-0.005044851559311,0.1756264963602254,0.0628742838686116,0.0500887588520009,0.4293383028667825,101.83250007629394,98.04599990844729,97.78714977264404,1,1,3.110773020947206,2.6728901207370943,1,66.77228500799387,33.910943113865365,0.2065970515602985,1.208912960082684,-0.014071437606955,2.1269241360799604,0.1489431914734885,0.0338138755138857,0.0257018299408153,-0.023997709350744,1,,
2026-05-04,108.9000015258789,109.08000183105467,107.91999816894533,108.13999938964844,59288.0,0.0153990553018632,0.001110930849022,0.1925452031948888,0.1171487188055901,0.0354270094001385,0.4532992080030611,102.55849990844726,98.30759994506836,97.88234977722168,1,1,3.1309614659996043,2.764504389789596,1,70.21445966287115,33.86449760829178,0.2066313127309151,2.1964130917948506,0.0,3.962930823341658,0.1513736885264249,0.080151878348881,0.0769128439361614,-0.0174245586862756,1,,
2026-05-05,109.0999984741211,110.0,108.9800033569336,109.94000244140624,36679.0,0.0166451180129201,0.0215573279652037,0.1743217177529938,0.1194379744046667,0.0420853311981632,0.4125658467804307,103.36150016784669,98.56419998168946,97.97649978637696,1,1,3.2546881382919963,2.8625411394900766,1,73.46373463732768,34.15881679038165,0.1901916206592274,2.229892143832842,0.0,4.040372230030393,0.152668577025903,0.06313126338973,0.0673386870940397,-0.0163706504101042,1,,
2026-05-06,110.41999816894533,111.94000244140624,110.26000213623048,111.87999725341795,59614.0,0.0176459411399927,0.0528890928308316,0.1917341342843366,0.1312436352606385,0.0458028953330256,0.4432404811439681,104.29500007629396,98.87179992675782,98.09024978637696,1,1,3.469291947589909,2.9838913011100434,1,76.44606936033748,35.04556756650713,0.1922573662635276,2.406061962016813,0.0,4.439736540396339,0.1532327121210993,0.0650627249393935,0.069097191101868,-0.0259264622188414,1,,
2026-05-07,112.73999786376952,113.83999633789062,112.31999969482422,113.72000122070312,35960.0,0.0164462282128716,0.0582542545092483,0.2200407932376764,0.1819977372711192,0.0622081432279535,0.4780348013025699,105.14850006103516,99.21,98.19944980621338,1,1,3.744673687904879,3.1360477784690106,1,78.87149631273215,36.35535099232617,0.1853901800119952,3.320527801612877,0.0,6.156656685311853,0.1562318329690948,0.0993673957905674,0.1110242114280377,-0.0185181376288124,1,,
2026-05-08,113.13999938964844,114.66000366210938,113.13999938964844,114.5999984741211,26965.0,0.0077382803725978,0.0760563237006675,0.1857216416435949,0.2110324611679288,0.0714285663336129,0.4974519835628566,106.06650009155274,99.59160003662107,98.31649978637697,1,1,3.987953479730237,3.3064289187212563,1,79.93563322073604,37.7577942010038,0.1565034752411731,3.849038105415536,0.0,7.468328137151611,0.1561516025153496,0.0866838206370081,0.1235258259708509,-0.0148842200639301,1,,
2026-05-11,115.16000366210938,116.13999938964844,114.73999786376952,116.12000274658205,60824.0,0.0132635627635213,0.0737932624558299,0.2065669713641644,0.2341376051241253,0.0819977923665817,0.4726696892035213,106.99150009155274,99.98280014038086,98.4404497909546,1,1,4.25436444400934,3.496016023778873,1,81.65437072320508,39.36826633537174,0.1506183174360819,4.215982394368232,0.0,8.398474658193079,0.1578631856629625,0.1096400587018746,0.1280923940277822,-0.0055644154712033,1,,
2026-05-12,115.5199966430664,116.1999969482422,113.6999969482422,113.87999725341795,66631.0,-0.019290436102147,0.0358376816856229,0.1665641676844269,0.183906792421463,0.0735293673428261,0.4484863046938627,107.78199996948244,100.29760009765624,98.5604497909546,1,1,4.235918300397117,3.643996479102522,1,71.88213328506771,40.07283951828635,0.1781950115170795,3.381805793984904,-0.019290436102147,6.596704253476985,0.1550528251326185,0.0737675302946456,0.104612446857895,-0.0235636557946692,1,,
2026-05-13,116.16000366210938,117.0,115.05999755859376,116.33999633789062,33954.0,0.0216016784668375,0.039864132945681,0.1862954695617342,0.1929860576565381,0.0994140679777468,0.4076224342411281,108.62699966430664,100.69059997558594,98.69234977722168,1,1,4.369432863560334,3.789083755994085,1,75.36852048770211,40.92334203531481,0.1844272385006088,3.494213875164576,0.0,6.922375898368746,0.1575209200586379,0.0964655036228989,0.1122279864806041,-0.0021375097418551,1,,
2026-05-14,117.72000122070312,119.63999938964844,117.3000030517578,119.5199966430664,39449.0,0.0273336806367088,0.0510024213867785,0.2019307492826345,0.2229611433302676,0.162193707692988,0.4144378300954605,109.53699951171876,101.17699996948242,98.83754974365236,1,1,4.677919421852536,3.966850889165775,1,78.9943421376988,42.26638957519319,0.1951632942054525,3.872616861281269,0.0,7.997576942107638,0.1605590533568848,0.1156459705641841,0.1282602750516324,0.0353521598849153,1,,
2026-05-15,118.45999908447266,118.54000091552734,116.9800033569336,118.54000091552734,26048.0,-0.0081994290082328,0.0343804755136709,0.169956585793227,0.2190456964180369,0.1851630163371413,0.3927858073720873,110.3169994354248,101.6316000366211,98.9750997543335,1,1,4.788125249407685,4.131105761214157,1,75.31492771364003,43.27822256568674,0.2001230968506163,3.8024856369115727,-0.0081994290082328,7.857130550976078,0.1611814589974157,0.1078634049607525,0.1380784198439963,0.0697220743420483,1,,
2026-05-18,117.26000213623048,118.62000274658205,115.63999938964844,116.0,28418.0,-0.0214273738477307,-0.0010334373384741,0.1268699946459353,0.2169534239549382,0.1207729468599034,0.3581547245789584,110.87799949645996,102.04559997558594,99.09414974212646,1,1,4.61728216093266,4.228341041157858,1,66.64978275709456,43.26704369609734,0.2211753012438466,3.757868207000522,-0.0294511106252662,7.782081106227318,0.1578388053394705,0.0704387302081046,0.1193608066415048,0.0281126071872686,1,,
2026-05-19,115.91999816894533,117.04000091552734,114.9000015258789,115.58000183105467,66145.0,-0.0036206738702183,0.0149280349371074,0.1030731358806975,0.219712950880822,0.1214826758106877,0.3551412896047106,111.44999961853028,102.4216000366211,99.20654975891114,1,1,4.397308010776442,4.262134435081575,1,65.31169701161102,42.7642709520948,0.2189077007528894,3.805735965052326,-0.0329651516287948,7.881064851035632,0.1583218730187952,0.0676085080670745,0.1302175031265064,0.0380329791436289,1,,
2026-05-20,116.58000183105467,118.0,116.5,117.8000030517578,32834.0,0.0192074855990065,0.0125494822058169,0.1311696153463504,0.2493371715765771,0.1381642806933121,0.3947431248956106,112.08299980163574,102.82760009765624,99.3266997909546,1,1,4.351945933407848,4.280096734746829,1,68.86935227476445,42.58460519563717,0.2206119869925473,4.222366043372501,-0.0143908437049674,8.94368042981086,0.1597258170219425,0.0815277868614716,0.1459235632498661,0.0433660723973301,1,,
2026-05-21,117.6999969482422,118.9800033569336,117.31999969482422,117.9800033569336,24001.0,0.0015280161333841,-0.0128848170129375,0.1221229222163122,0.2411109445296611,0.164429566840597,0.4001898927819283,112.64700012207032,103.26480010986327,99.44374980926514,1,1,4.281170017552938,4.280311391308051,1,69.14566551994255,42.69442214477669,0.220713795244413,4.102831576409169,-0.0128848170129375,8.648607114486564,0.1596532675498187,0.0637445666018368,0.1379583373538666,0.0476528825243278,1,,
2026-05-22,119.4000015258789,120.41999816894533,119.0199966430664,120.37999725341795,23823.0,0.0203423786082077,0.0155221555903464,0.1282099409226003,0.2396251312615676,0.1801960515040976,0.4348032784753504,113.31399993896484,103.72120010375976,99.59019981384276,1,1,4.368383043681845,4.297925721782811,1,72.63348943239752,43.167704237238055,0.2244116159372755,4.087804513232976,0.0,8.595311254249697,0.1622630469245102,0.0761147271110609,0.1378483141504898,0.0575065464521957,1,,
2026-05-25,121.5,121.66000366210938,121.12000274658205,121.41999816894533,22510.0,0.008639316657717,0.0467241221460803,0.1343422751347529,0.2582383229942522,0.2024162619579499,0.4595503618895293,113.9840000152588,104.19580001831056,99.73534980773924,1,1,4.469893230706035,4.332319223567456,1,74.00481192456407,43.89468013196539,0.224389312074056,4.3778400960359,0.0,9.262963163442874,0.163664888768737,0.0777651041355771,0.1518872415571888,0.0673792265708317,1,,
2026-05-26,120.91999816894533,122.27999877929688,120.41999816894533,121.66000366210938,21125.0,0.0019766553844786,0.0526042718007735,0.1262729813269114,0.2566884281602761,0.2269060021081625,0.492211523165174,114.68600006103516,104.6882000732422,99.88479984283448,1,1,4.517630787165942,4.369381536287153,1,74.32456165317332,44.06523285228986,0.2245418942590867,4.354362680989228,0.0,9.2073687087242,0.1629069255880526,0.0712790415627955,0.1511464608233312,0.0728505061441935,1,,
2026-05-27,121.45999908447266,122.55999755859376,119.91999816894533,120.37999725341795,51452.0,-0.0105211768055377,0.0219014782242967,0.1185652683626339,0.2602596470270717,0.2060915759741253,0.4593284079388988,115.39199981689453,105.16880004882812,100.02474983215332,1,1,4.401440261338166,4.375793281297356,1,69.42023967189793,43.86607313558307,0.2293582347817848,4.4234516709421685,-0.0105211768055377,9.335467700493348,0.1612208735737189,0.065965225525312,0.1428274677591328,0.0589073718632786,1,,
2026-05-28,120.81999969482422,122.4000015258789,120.72000122070312,122.37999725341795,26051.0,0.0166140558700105,0.0372944038929439,0.1517033200933015,0.2673985122996332,0.2172269359360792,0.4698534003539796,116.1379997253418,105.67339996337893,100.16974983215331,1,1,4.4197930942498544,4.384593243887855,1,72.47626228860253,43.68113911292677,0.2225779155686887,4.507585923272089,0.0,9.591537540483714,0.1630002082748864,0.0862122037500439,0.1513036001756953,0.0466209338540819,1,,
2026-05-29,123.41999816894533,125.13999938964844,123.1999969482422,124.3000030517578,32869.0,0.0156888857773382,0.0325635976721916,0.1567095115462218,0.2665580173711377,0.2751333480839129,0.4852431524157712,117.02799987792967,106.22360000610352,100.32424983978272,1,1,4.536966937632272,4.415067982636739,1,75.05368750429388,44.25865349683569,0.2242005301625974,4.498313037702221,0.0,9.561389135431194,0.1651460528793358,0.0880543255674479,0.1573652451947511,0.1045808098963161,1,,
2026-06-01,126.44000244140624,127.8000030517578,125.73999786376952,127.8000030517578,82656.0,0.0281576823336249,0.0525449265279616,0.2000000286550027,0.3217499206208429,0.2800481544414477,0.5279770921133549,118.01100006103516,106.85139999389648,100.49069984436036,1,1,4.856268758656881,4.503308137840768,1,78.92754759459461,45.33706789322475,0.22767070666208,5.245835951154251,0.0,10.0,0.1693350590795403,0.1369103710234485,0.1978283730985788,0.1221030929764219,1,,
2026-06-02,128.32000732421875,129.60000610351562,128.16000366210938,129.5399932861328,28266.0,0.0136149467357238,0.0647705851292657,0.1978915666475662,0.3607142588099072,0.3121960259758005,0.5637373130457495,118.99099960327148,107.53859985351562,100.66859981536864,1,1,5.189894548712829,4.64062542001518,1,80.54500257218157,46.63712060552437,0.2271040435260957,5.862618213831208,0.0,10.0,0.1714077896506803,0.1323486354813778,0.2255539634523098,0.1595293141836407,1,,
2026-06-03,130.24000549316406,130.6999969482422,128.16000366210938,128.77999877929688,43769.0,-0.0058668715935258,0.0697790473295629,0.1713661626297637,0.3441185895087817,0.2753019855237948,0.5556897883345284,119.83599967956545,108.23559982299804,100.8428998184204,1,1,5.331511836117755,4.778802703235695,1,77.73827447952273,48.009466267168726,0.2305839117071584,5.605709587566173,-0.0058668715935258,10.0,0.1716063518534047,0.1240450077967811,0.2198550082939632,0.1427260745328777,1,,
2026-06-04,127.23999786376952,127.3000030517578,124.33999633789062,126.16000366210938,24759.0,-0.0203447363101598,0.0308874529623006,0.1276368140798749,0.3238195133487183,0.2540756021439054,0.4910767374072611,120.45799980163574,108.87359985351564,101.00304985046388,1,1,5.172705122187963,4.857583187026149,1,68.83325704980041,47.01289407372219,0.2468376653230466,5.208523348312072,-0.0260922479481497,10.0,0.1674822118483099,0.0929925440199039,0.1863598986560048,0.1194762201217509,1,,
2026-06-05,124.81999969482422,125.5199966430664,122.83999633789062,122.86000061035156,40037.0,-0.0261572840517356,-0.0115848946585032,0.0803728393557603,0.2694771870221775,0.2171586847510676,0.449675523425977,120.87099990844726,109.45359985351564,101.15134986877442,1,1,4.726087594356997,4.831284068492319,0,59.57623175429302,45.369491191434015,0.2670861046312985,4.311203659701687,-0.0515670296587574,9.666099236673697,0.1674223986269112,0.0716279483197903,0.1760396583352435,0.1213947099074705,1,,
2026-06-08,120.72000122070312,123.5,120.5999984741211,122.91999816894533,62416.0,0.0004883408619218,-0.0381847008316276,0.0726003473438356,0.2607179299379007,0.2194443893600832,0.4406938421074799,121.21099967956545,110.0165998840332,101.29909984588625,1,1,4.327101158772038,4.730447486548263,0,59.6823944121604,42.89029061565154,0.2669276551934476,4.189373630347097,-0.0511038710845459,9.351906227789469,0.1671257479563846,0.0702787884610809,0.1587895742054592,0.1158447921753949,1,,
2026-06-09,123.0,123.0,118.26000213623048,118.26000213623048,37077.0,-0.0379108046056915,-0.0870772868189568,0.0184292054687487,0.2303370657200247,0.1619178969796353,0.3860759793627204,121.42999992370603,110.5167999267578,101.42674983978272,1,1,3.5934556791795416,4.503049125074519,0,48.933213411412346,39.91881533029329,0.3000936340177836,3.5796210268715742,-0.0870772868189568,8.262149979140002,0.1612632679373657,0.0215381582483862,0.1291337055574943,0.0683108182809346,1,,
2026-06-10,118.73999786376952,119.83999633789062,116.81999969482422,117.58000183105467,66356.0,-0.0057500447564043,-0.0869700035285506,0.0324903816901493,0.2052071009989218,0.1591088229613482,0.3750438415816175,121.49200019836424,111.04759994506836,101.55949985504152,1,1,2.923466111801829,4.187132522419981,0,47.58636139738382,37.63049391729015,0.2920940852890141,3.240501116135776,-0.092326633278886,7.360742570622341,0.1629042659281745,0.0506371992180123,0.1219818910918191,0.086548487279243,1,,
2026-06-11,118.0999984741211,119.16000366210938,117.04000091552734,118.3000030517578,74508.0,0.006123500676056,-0.0623018419641361,0.0168472303211584,0.2109734885380241,0.1625393137608675,0.3909464880297,121.43100051879884,111.60180007934572,101.69264987945556,1,1,2.422665652267966,3.834239148389578,0,49.181316143149246,35.50562403378722,0.2835939371138152,3.319848402435699,-0.0867684948041312,7.567581876041891,0.1611625533736397,0.0231184106444162,0.1071175553381531,0.0723345948758811,1,,
2026-06-12,119.8000030517578,121.27999877929688,119.37999725341795,121.23999786376952,67394.0,0.0248520265103073,-0.0131857621563901,0.0143909075385912,0.2493816644675024,0.1865335437626563,0.4185093732560043,121.56600036621094,112.21300003051758,101.83739986419678,1,1,2.237221395160958,3.514835597743854,0,55.17900050951143,33.19527905318346,0.2808012652389451,3.798083711501388,-0.0640728412269556,8.945276381972018,0.1642793128407226,0.0231706615482376,0.118836149331966,0.0906475521614877,1,,
2026-06-15,123.5,124.33999633789062,123.22000122070312,124.31999969482422,45207.0,0.0254041725942253,0.0113895342233465,0.0487599015914952,0.2902958138418203,0.2060535262560561,0.4643109241515084,121.98200035095216,112.82699996948242,101.99604988098145,1,1,2.31213306178337,3.2742950905517576,0,60.44574764516355,31.999488444341825,0.2911243032855178,4.284285750072787,-0.0402963861498624,10.0,0.1655336705567201,0.0270019367387295,0.1290258377285731,0.0861071374334712,1,,
2026-06-16,124.5,125.0,122.66000366210938,122.76000213623048,42912.0,-0.0125482429409842,0.0380517496931565,0.0582758804847456,0.2636129717767381,0.185857864345794,0.4570920134864151,122.34100036621092,113.40460006713867,102.14764987945556,1,1,2.220031194072263,3.063442311255858,0,56.80488540914615,31.07351118427542,0.2834804258152413,3.910742385612401,-0.0523389802477944,9.455750868657791,0.1644368163369087,0.0418022107000082,0.1236289429662234,0.0733975269320212,1,,
2026-06-17,122.9000015258789,123.63999938964844,122.55999755859376,123.0999984741211,20631.0,0.0027696019222394,0.0469467303716992,0.0650631296412205,0.271825574023453,0.1970050841859649,0.4484057132397872,122.6060001373291,114.00240005493164,102.29644989013671,1,1,2.1496943253089853,2.8806927140664844,0,57.407044535272746,30.17101780957823,0.2825042585055889,4.02295569622412,-0.0497143364658574,9.750335464798546,0.166977437555366,0.0546706805037817,0.1482458923996565,0.1044659388667585,1,,
2026-06-18,124.37999725341795,125.76000213623048,124.23999786376952,125.18000030517578,20091.0,0.0168968469280035,0.0581572026706365,0.062648531937435,0.2984129815397307,0.2406342756404174,0.4711482629296231,122.96599998474122,114.57300003051758,102.45489990234375,1,1,2.236015222911263,2.75175721583544,0,60.989889259699005,29.931677829410685,0.2809593666887405,4.3458688509819865,-0.0336575050712447,10.0,0.1680516006595062,0.0521254722173056,0.143998498178911,0.1355793576056194,1,,
2026-06-19,125.5999984741211,125.86000061035156,125.05999755859376,125.73999786376952,12840.0,0.0044735385622984,0.0371164638674474,0.0657738115446482,0.3210758295924476,0.2649898987278483,0.4777295014146971,123.2340000152588,115.16300003051758,102.6233498764038,1,1,2.32283607074487,2.6659729868173265,0,61.91866210261998,29.736578468702525,0.2809439317836262,4.66979107086175,-0.0293345346557932,10.0,0.1688033859755125,0.0573124406792271,0.1610978278157884,0.1454231296464951,1,,
2026-06-22,126.26000213623048,128.0800018310547,126.0,126.26000213623048,38790.0,0.0041355517838035,0.015604910281278,0.048845364819491,0.3441925021400562,0.2787118175800449,0.4991688471407074,123.47600021362304,115.73580001831054,102.79394989013672,1,1,2.4058688584946424,2.6139521611527896,0,62.80424887277499,30.12972272963421,0.2739986707711565,5.005162325610628,-0.0253202973591125,10.0,0.1700365740206459,0.0479069464272552,0.1681547451606428,0.1597483638849584,1,,
2026-06-23,123.4800033569336,124.04000091552734,121.6999969482422,122.72000122070312,34322.0,-0.0280373899543247,-0.0003258464877099,0.0107066634109889,0.3019308130647022,0.253395941483302,0.4480236132236357,123.52900009155272,116.22880004882812,102.95524990081788,1,1,2.1611124925756826,2.523384227437369,0,53.656352894352274,28.68601475456872,0.2923448656196737,4.329436399566517,-0.0526477722626202,10.0,0.1677046005476761,0.0246828248216832,0.1601554566052112,0.1503875456219026,1,,
2026-06-24,122.9800033569336,123.45999908447266,121.76000213623048,122.9800033569336,19817.0,0.002118661454076,-0.0009747775684394,0.0108499067490603,0.3102493347242794,0.2728213605984817,0.4526340424903006,123.65900039672852,116.69960006713868,103.11214992523192,1,1,1.9654646555854784,2.4118003130669905,0,54.18419705217979,27.345428777722187,0.29235327979928,4.44051377392833,-0.05064065361428,10.0,0.1681378417720283,0.0321098453309669,0.1641884086490144,0.1558977303627529,1,,
2026-06-25,124.26000213623048,125.05999755859376,119.55999755859376,121.08000183105467,57542.0,-0.015449678598271,-0.0327528236469543,0.0058149575810597,0.2776195644184733,0.231614330565818,0.4061084772132641,123.59400062561036,117.09480010986329,103.2562999343872,1,1,1.6382137823112544,2.257083006915844,0,49.726927924421446,25.468849017006438,0.2952162302333608,3.993893435651583,-0.0653079503902041,9.95816487979831,0.1653012006529472,0.02530892550562,0.139874350402168,0.125295298935661,1,,
2026-06-26,120.12000274658205,120.41999816894533,118.1999969482422,119.95999908447266,23785.0,-0.0092501051341639,-0.0459678612811739,-0.0197744584348542,0.2864343065358998,0.2057493382272706,0.3821868627611797,123.37700042724607,117.4352000427246,103.39749992370604,1,1,1.2738065966019718,2.0604277248530694,0,47.25901030213552,24.16734312089407,0.2909282075165334,4.130586312514048,-0.0739539501171618,10.0,0.1649650643388424,0.012054316278188,0.1354524362189093,0.1197451566064602,1,,
2026-06-29,120.62000274658205,121.36000061035156,118.27999877929688,120.55999755859376,54912.0,0.0050016545406823,-0.0451449745065472,-0.0300885390292928,0.3242530354372133,0.2053589442601848,0.3887801053930444,123.01500015258787,117.75080001831054,103.5350999069214,1,1,1.0216492029237116,1.8526720204671976,0,48.72706733997611,22.618708588205298,0.2856076724914101,4.706299240234914,-0.0693221876868844,10.0,0.1631030700622626,-0.0123707638266465,0.1302805832861602,0.1081005121976743,1,,
2026-06-30,122.4000015258789,124.31999969482422,122.0,124.0199966430664,12709.0,0.0286993957742163,0.0105931829321395,-0.0295775142287009,0.3690252970149772,0.2362439894371824,0.4149457442559103,122.73900032043456,118.1483999633789,103.6925999069214,1,1,1.0884585883710542,1.699829334047969,0,56.28400060228989,21.78337653911133,0.2863169261908367,5.172585811665483,-0.0426122968130284,10.0,0.1664876212773478,-0.0168154061992268,0.1555896666042597,0.1328662402638334,1,,
2026-07-01,124.68000030517578,124.87999725341795,122.63999938964844,123.77999877929688,44538.0,-0.0019351545739857,0.0065050853840147,-0.0444649900059285,0.3650198319665403,0.231886889370366,0.4168955805230361,122.48900032043456,118.52119995117188,103.83889991760252,1,1,1.1092529087670189,1.5817140489917791,0,55.67108149258009,21.172931642941737,0.2811493341183169,5.120165786856819,-0.0444649900059285,10.0,0.166390485734394,-0.0292711546337031,0.1873067073609289,0.1302216489695964,1,,
2026-07-02,122.27999877929688,123.54000091552734,120.4800033569336,121.1999969482422,41581.0,-0.0208434468936689,0.0009910399353558,-0.0588600862160689,0.2945951013942591,0.203097076814918,0.4018042821146466,122.2409999847412,118.81119995117189,103.9711999130249,1,1,0.9070915845627354,1.4467895561059705,0,49.43833630507535,19.81857820434112,0.2884280816739279,4.28381397032145,-0.0643816332417812,10.0,0.1631367043890817,-0.0493550930536544,0.1360276883498743,0.1039105207676984,1,,
2026-07-03,121.26000213623048,122.08000183105467,121.26000213623048,121.77999877929688,18197.0,0.0047854937760629,0.0151717214797795,-0.0347178563385535,0.2971879243942259,0.2156118826943658,0.3954394805052659,122.18699989318849,119.10599990844726,104.10514991760256,1,1,0.7846338089932203,1.3143584066834204,0,50.77262685265615,18.560964297069116,0.2821559949611624,4.316380088095775,-0.0599042373708895,10.0,0.1639173940725831,-0.0212847545801193,0.1393279149033002,0.1091590456386764,1,,
2026-07-06,121.72000122070312,123.41999816894533,121.37999725341795,123.1999969482422,42831.0,0.0116603562422332,0.0218978055997833,0.0027673476819272,0.3217465739549119,0.2185954382558979,0.3858267135392401,122.20099983215331,119.40959991455078,104.24589988708496,1,1,0.7930256187165128,1.210091849090039,0,53.97495876402684,17.85044624192265,0.2707477273477781,4.631032352568069,-0.0489423858768202,10.0,0.1643939983786269,-0.0180883816808339,0.156802672326459,0.109602617752974,1,,
2026-07-07,121.33999633789062,121.33999633789062,118.4800033569336,119.31999969482422,40193.0,-0.0314934849799388,-0.0378970897876165,-0.0292873293829141,0.2345576597106955,0.1804511034166374,0.3551390750626684,122.253999710083,119.64359985351562,104.3698498916626,1,1,0.4810476190109369,1.0642830030742187,0,45.30303759594016,16.987163154069105,0.2922378411799517,3.5072084492032283,-0.0788945045622651,10.0,0.1599768509122975,-0.0427755575158458,0.1133043322162754,0.086425065676285,1,,
2026-07-08,119.54000091552734,120.4000015258789,117.5,119.63999938964844,27764.0,0.0026818613446417,-0.0334464326262449,0.0116691800142896,0.2431421658903432,0.1752455383407043,0.3521699237172671,122.3569995880127,119.91119979858398,104.4996998977661,1,1,0.2566654282986889,0.9027594881191128,0,46.072585099361504,16.49491944616048,0.2601476881202468,3.62529091507216,-0.0764242273397135,10.0,0.1609029817893592,-0.0022341488710649,0.1310071655290365,0.0814887437656997,1,,
2026-07-09,122.1999969482422,123.6999969482422,121.9800033569336,123.6999969482422,31859.0,0.0339351185164336,0.0206270632256502,0.0520496259728,0.2671583022729764,0.2408465635352759,0.3958473608038018,122.62699928283692,120.23599975585938,104.63804988861084,1,1,0.4018169026051339,0.8025709710163171,0,54.76780853470037,15.719061016589146,0.2830981741228727,3.840723875166248,-0.0450825740355799,10.0,0.1649667575867831,0.0126607590467759,0.1424232207518252,0.1321564519107865,1,,
2026-07-10,122.9800033569336,123.76000213623048,122.62000274658205,123.55999755859376,14579.0,-0.0011317655060817,0.0146165117189958,0.0444631814974227,0.2599163652808169,0.2233663124613243,0.3864451722465032,122.74299926757811,120.57719970703126,104.77364986419678,1,1,0.4997924151797548,0.7420152598490047,0,54.44183006775056,15.017425486206832,0.2830664871882303,3.74799016463183,-0.0461633166394428,10.0,0.1640728803962763,0.0180583327932839,0.1420721347208615,0.1187672534621246,1,,
2026-07-13,122.41999816894533,123.1999969482422,122.0,123.04000091552734,44119.0,-0.0042084546239962,-0.0012986691288805,0.0148466107181921,0.2373290214672623,0.2146100415481904,0.3730610431589933,122.67899932861329,120.87519973754884,104.90109985351565,1,1,0.5293770029046669,0.6994876084601371,0,53.17582094866782,14.138170124769124,0.2714598643436738,3.4683434652317047,-0.0501774950400687,10.0,0.1646429164430536,0.0022133255614693,0.1440227285305682,0.1210872278436279,1,,
2026-07-14,122.31999969482422,123.18000030517578,121.3000030517578,123.0,29331.0,-0.0003251049677316,0.0308414374336896,-0.0106177581890645,0.2139755267516376,0.2080141462252667,0.3750699183496966,122.69099922180176,121.1363996887207,105.0259998703003,1,1,0.5433320683689544,0.6682565004419007,0,53.07357724948056,13.193960201993296,0.256336302458635,3.1897743282385216,-0.0504862870548945,9.270370592785907,0.1640070605253107,-0.0092223535325178,0.1272848728468707,0.1088326818510712,1,,
2026-07-15,124.3000030517578,124.3000030517578,121.62000274658205,121.94000244140624,36357.0,-0.0086178663300305,0.0192243652916368,-0.006679697625895,0.1845735336057996,0.2240513860615205,0.3685746860795227,122.63299942016602,121.33759979248048,105.14879989624023,1,1,0.4635154959717482,0.6273082995478703,0,50.31286576212917,12.599353846555005,0.2543400566106952,2.804366535379776,-0.0586690693115865,7.996545605572115,0.1619517526260573,-0.0151125749464758,0.0983321120757498,0.1136168367877175,1,,
2026-07-16,122.18000030517578,122.18000030517578,119.9000015258789,120.81999969482422,21222.0,-0.0091848673458916,-0.0232821125664458,-0.0185215175268762,0.153082659881617,0.1849745074509687,0.3260893303198717,122.41499938964844,121.47959976196287,105.2648498916626,1,1,0.3063539680588718,0.5631174332500706,0,47.501307230649,12.000607218771025,0.2559494432939429,2.3840027309951366,-0.0673150690385443,6.632221030020802,0.1613384786568197,-0.0337707835328143,0.0879503204978546,0.0868907254786239,1,,
2026-07-17,118.37999725341795,119.31999969482422,116.6999969482422,118.77999877929688,46827.0,-0.0168846293716282,-0.0386856496742009,-0.051126390080495,0.1405799834400964,0.1707076665790632,0.3326601866886278,122.0669994354248,121.5631997680664,105.37289989471437,1,1,0.0169953877653199,0.4538930241531205,0,42.808876577606256,12.456647942633047,0.2533140315034791,2.1925369656939457,-0.083063108418331,6.090549532470896,0.1601998683393512,-0.0467221513472138,0.0847376603918439,0.0836299078970315,1,,
2026-07-20,119.33999633789062,121.05999755859376,119.23999786376952,120.18000030517578,43307.0,0.0117865090104962,-0.0232444781296375,-0.0442182094246382,0.1430473749556451,0.2117362364930755,0.3080104908329768,121.76299934387208,121.64439971923828,105.48414989471436,1,1,-0.0982226988648307,0.3434698795495303,0,46.70022824910137,12.206047262207692,0.2570443687977407,2.224250603647426,-0.0722556234836474,6.197447896474837,0.1623501560731664,-0.0382292681219212,0.0817135099092252,0.1234203520449979,1,,
2026-07-21,120.8000030517578,122.22000122070312,120.63999938964844,122.08000183105467,48450.0,0.0158096315614426,-0.0074796599101245,-0.0331062904677106,0.1441425053673897,0.2409026757399439,0.3387432674924719,121.73099937438964,121.80839981079102,105.60319992065428,0,1,-0.035806859272867,0.2676145317850508,0,51.521192446114,11.552085342878614,0.2636665003437177,2.237721407680662,-0.0575883267077236,6.244893811988747,0.1635526064454891,-0.038132781800047,0.0846669761801741,0.1177180337460257,1,,
2026-07-22,121.18000030517578,122.66000366210938,120.77999877929688,122.4800033569336,27760.0,0.0032765524236515,0.0044284148328341,-0.0019556540203899,0.1442451635775958,0.2481402912978019,0.3410708518707932,121.70599937438963,121.93119995117188,105.72094993591308,0,1,0.0454114485604435,0.2231739151401293,0,52.49536727388034,10.785590853464134,0.2456066954461066,2.2391195232527266,-0.0545004654555203,6.249341421803994,0.1642795138888889,-0.0204233315460746,0.0818125300166454,0.1385360366977974,1,,
2026-07-23,122.04000091552734,122.54000091552734,120.27999877929688,120.66000366210938,29633.0,-0.0148595660103008,-0.0013242512259474,-0.018864853077705,0.1170154361401223,0.2213787078034594,0.3424566905794035,121.68499946594238,121.95400009155271,105.82374996185304,0,1,-0.0366586443032588,0.1712074032514517,0,47.789774834245975,10.256564724015323,0.2507669710331519,1.849269757972468,-0.0685501782017927,5.069628637271739,0.1638619645944595,-0.0254307842452637,0.07755939623615,0.1339472096793346,1,,
2026-07-24,120.5199966430664,121.26000213623048,119.76000213623048,120.83999633789062,18159.0,0.0014917343802283,0.0173429666590703,-0.0019822058930832,0.122839558204048,0.2197435824177533,0.343263645705705,121.72899932861328,122.0,105.9255499267578,0,1,-0.086182422190518,0.1197294381630577,0,48.28350607378943,9.95909416235599,0.2450893420935886,1.931933876603077,-0.0671607024791587,5.32195548385023,0.1639398458511639,-0.0082356014136975,0.0839426116582457,0.1316901560042847,1,,
2026-07-27,121.54000091552734,121.81999969482422,117.66000366210938,118.05999755859376,21015.0,-0.0230056178711184,-0.0176402291662393,-0.0158386257117337,0.1110483266058579,0.1931278544692369,0.3048186690805055,121.60399932861328,122.04119995117188,106.01054992675782,0,1,-0.3457672513943635,0.0266301002515735,0,41.72107198148415,10.41280421685319,0.2560318397466819,1.7486535539583528,-0.0886212468930858,4.811106938130959,0.1601336208124076,-0.0292876770351256,0.0671096374538693,0.1123763731806346,1,,
2026-07-28,117.73999786376952,118.0,115.5,117.4800033569336,50364.0,-0.0049127072137394,-0.037680196634392,-0.0255473976777682,0.0932440383196389,0.1768005729955666,0.290563604661415,121.27699966430664,122.07919998168946,106.09684993743896,0,1,-0.5914726550182081,-0.0969904508023828,0,40.48477829476706,11.477151552394965,0.2555841312533464,1.5016936752711103,-0.093098583867923,4.006249476437408,0.1589662441507532,-0.025363262076736,0.0473390465699741,0.0988938203716287,1,,
2026-07-29,117.18000030517578,117.76000213623048,115.37999725341795,115.73999786376952,27023.0,-0.0148110780000363,-0.0550294358951168,-0.0667634172183296,0.0867605433217795,0.1550898342197997,0.255450643222741,120.87499961853028,122.03799987792968,106.16624992370606,0,1,-0.9160403165141418,-0.2608004239447345,0,36.947547035114034,12.49958940837638,0.2352828747242612,1.4045551272508134,-0.1065307714805986,3.2576707005689367,0.1590592989236838,-0.0446178658609657,0.0679192338375265,0.0953667123761443,1,,
2026-07-30,115.44000244140624,119.0999984741211,114.86000061035156,118.1999969482422,67101.0,0.0212545285111218,-0.0203879217570394,-0.0450799958481497,0.0930275348194309,0.2210743101427599,0.2696025659022769,120.72499961853028,122.04239974975586,106.244349899292,0,1,-0.9636527703035682,-0.4013708932165013,0,44.35045449200616,12.807372584983648,0.250077610446675,1.485588116544628,-0.0875405042892228,3.492982673050426,0.1597615088186951,-0.0398398795847054,0.0554113490522889,0.1365860374304013,1,,
2026-07-31,118.91999816894533,119.73999786376952,117.04000091552734,117.27999877929688,41199.0,-0.0077834026455023,-0.0294604242509189,-0.0323432200301072,0.0667636544923906,0.1941757445534815,0.2507198781900441,120.49999961853028,121.98039978027344,106.3325999069214,0,1,-1.063364344210541,-0.5337695834153093,0,42.34796793208445,12.797574699185288,0.2416795150549915,1.1183481906035448,-0.0946425439420519,2.5068307870793505,0.1573848701898587,-0.0352577564979174,0.0308923634177549,0.1003113017055781,1,,
2026-08-03,119.3000030517578,120.05999755859376,117.33999633789062,119.87999725341795,113997.0,0.0221691550237297,0.0154158879591785,-0.015601917760915,0.0715051858812554,0.2121334216769377,0.2676324166254484,120.33399963378906,121.94959976196289,106.428099899292,0,1,-0.921960549829322,-0.6114077766981119,0,49.31322300747749,12.63782236501185,0.2544968956526516,1.1816383851908716,-0.0745715341468136,2.6848650327161603,0.1586148105179749,-0.032349120632434,0.0351236907731691,0.1066478302485938,1,,
2026-08-04,121.5,124.5999984741211,121.26000213623048,124.58000183105467,34021.0,0.039205911622614,0.0604358041474473,0.0112013386119824,0.0954977180247729,0.2948758238909561,0.367658434949714,120.59699974060058,122.0079997253418,106.55394989013672,0,1,-0.4257382882111216,-0.5742738790007138,1,58.96463001502781,12.737142676555576,0.2870584357358757,1.4768201819313247,-0.0382892675015222,3.5857327083197417,0.1619143035309622,-0.0150838526474278,0.0363720405366527,0.1514344290833009,1,,
2026-08-05,125.95999908447266,126.3000030517578,125.18000030517578,125.45999908447266,46932.0,0.0070637119961787,0.0839813495775587,0.0514582585094891,0.0947644044934603,0.3257952311727574,0.3579391699674525,120.8879997253418,122.1095997619629,106.68144989013672,0,1,0.0380907664713703,-0.451800949906297,1,60.48188944311052,13.33478572748059,0.2626330952306941,1.4672098596252965,-0.031496019863519,3.558198371698224,0.1633842263546977,0.0212991781183904,0.0463179610253261,0.1755652513891159,1,,
2026-08-06,124.72000122070312,126.0999984741211,123.66000366210938,125.4800033569336,38100.0,0.0001594474143704,0.0615905803439165,0.0488131393938342,0.0806062727261436,0.3336168375043502,0.3673314585046801,120.97700004577636,122.1715998840332,106.80854991912842,0,1,0.4026512980972967,-0.2809105003055782,1,60.51762749382364,13.254542825292068,0.2627590048827635,1.279166371014728,-0.0313415944080787,3.0265911540933077,0.163671793397541,0.0172079571017924,0.036795201554971,0.1696007810386643,1,,
2026-08-07,125.81999969482422,126.72000122070312,125.5,126.4800033569336,30409.0,0.0079693973003447,0.0784447874607308,0.0224737791210665,0.1106428381401938,0.3148976000284269,0.3689793721451704,121.12300033569336,122.21519989013672,106.94834995269775,0,1,0.763459107227618,-0.0720365787989389,1,62.35059484793651,13.37597733439177,0.2376956010417378,1.7006742369642198,-0.0236219707255982,4.154399203106649,0.1639734077613744,-0.0060215151218335,0.0575325384824561,0.1681636049649468,1,,
2026-08-10,127.0999984741211,127.44000244140624,126.0,126.12000274658205,17278.0,-0.0028463045603787,0.0520520990668122,0.0207187215811839,0.0840640082219617,0.2932732474160628,0.3506104782195816,121.2770004272461,122.1815998840332,107.07124996185304,0,1,1.0087249020768638,0.1441157173762215,1,61.248211061278994,13.717205166093482,0.237978365101078,1.3500404818962712,-0.0264010399629754,3.156421641360624,0.1635553379144814,-0.0031543450724149,0.0383086757847601,0.1548359678134263,1,,
2026-08-11,125.94000244140624,126.5999984741211,125.44000244140624,125.66000366210938,26520.0,-0.0036473126740804,0.0086691428413954,0.0212939103306799,0.0513722154576312,0.2857873666817412,0.3453961628393762,121.41000061035156,122.10400009155272,107.1911499786377,0,1,1.1526941887150457,0.3458314116439864,1,59.79347428407843,13.776317073302604,0.2378290412435912,0.8995316656891655,-0.02995205978939,1.9289155497673,0.1634811554424185,-0.007056246486237,0.018199547297022,0.1487941012907856,1,,
2026-08-12,126.13999938964844,127.41999816894533,126.04000091552734,126.83999633789062,19129.0,0.0093903600301823,0.0109994999480975,0.031219482421875,0.0700185199785676,0.3044014718674703,0.3420801340693908,121.65500030517578,122.0652000427246,107.32434997558592,0,1,1.346484992112522,0.5459621277376936,1,62.26915465491022,14.111662376855271,0.2394660759433225,1.1710161080063368,-0.0208429603842755,2.629043944381585,0.1646040336234294,0.0036399231606656,0.0212342948581236,0.1622447125826314,1,,
2026-08-13,127.3000030517578,128.89999389648438,127.0,128.39999389648438,21514.0,0.0122989404259998,0.0232705647229283,0.0529768027369217,0.106896499107624,0.3470414845527572,0.3665389011024702,122.03400001525878,122.10999984741213,107.45924995422364,0,1,1.6074150850084692,0.7582527191918487,1,65.31024002292254,14.900493671558367,0.2392127710403509,1.7118498309169212,-0.0088003662863433,4.01373227741052,0.1654738922493024,0.0217480796974003,0.0483726856232267,0.1735072950401357,1,,
2026-08-14,128.17999267578125,128.44000244140625,126.91999816894533,126.9800033569336,12181.0,-0.0110591168773386,0.0039531940759756,0.0509849667080677,0.0986329931240397,0.3400168899783522,0.3520017656784791,122.44400024414062,122.19239990234377,107.57194995880128,1,1,1.680253774749005,0.94265293030328,1,60.52796687407671,15.590516706655942,0.2404579633822942,1.5892178801217465,-0.0197621588843579,3.703455505320033,0.163968513911675,0.0163013515235228,0.0356655766206697,0.1705273620822867,1,,
2026-08-17,127.91999816894533,127.94000244140624,127.0999984741211,127.73999786376952,31412.0,0.0059851511005211,0.0128448706145574,0.0754335677433459,0.0843802593760916,0.3547565661624015,0.3570594028582228,122.8220001220703,122.28879989624023,107.68314994812012,1,1,1.7787992755212514,1.1098821993468744,1,62.12641730667649,16.231252382103687,0.2300794236270683,1.3963803803461987,-0.0138952872908322,3.168296188008046,0.1657333719404561,0.0345412493684655,0.0376116712409009,0.1890236635780218,1,,
2026-08-18,125.8000030517578,125.9800033569336,123.8000030517578,124.13999938964844,37601.0,-0.0281822337116395,-0.012096166068466,0.0329505664371521,0.0522122042502284,0.3059120826626378,0.3319742859926111,122.925,122.4063998413086,107.76894992828367,1,1,1.5485567066747876,1.197617100812457,1,51.489720947339165,15.178818188785971,0.2526443003806915,0.9064907878064172,-0.0416859207685511,1.9604553116646088,0.1621581343173808,-0.0011827629885314,0.0156894174858053,0.1558122407900644,1,,
2026-08-19,123.87999725341795,124.26000213623048,121.9000015258789,122.91999816894533,43796.0,-0.009827623865808,-0.0309050637190398,0.0068807038441325,0.0210998585602248,0.2657810461988867,0.3164827519879771,122.9469997406006,122.5131997680664,107.84824993133545,1,1,1.2531978250817275,1.2087332456663111,1,48.461615649263344,14.734292485896724,0.2501562947987217,0.4493794977580506,-0.0511038710845459,0.7922540406744824,0.1602283805154352,-0.0203251174181794,-0.0125393085341333,0.1235804830743132,0,,
2026-08-20,122.94000244140624,123.05999755859376,121.58000183105467,122.04000091552734,28545.0,-0.0071591056502334,-0.0495326579694733,-0.0035924430874155,0.0051062654911206,0.2646632219225631,0.3160789010842,123.01599960327148,122.5879997253418,107.92364994049072,1,1,0.9373106261241162,1.1544487217578725,0,46.34445436731034,14.44076372521419,0.2512770999051632,0.2061805435956156,-0.0578971187225493,0.1917292220964501,0.1604288634586992,-0.0234396263967158,-0.0197722635220216,0.1291118234694652,0,,
2026-08-21,122.13999938964844,122.68000030517578,121.41999816894533,122.18000030517578,21040.0,0.0011471598541312,-0.0378012515739606,0.0125973528670106,0.0042741790844476,0.2620597395555861,0.3421949021596977,123.08299980163574,122.60679977416991,107.99794994354248,1,1,0.6903070953330115,1.0616203964729003,0,46.74307670934848,14.230618064875149,0.2454426767836297,0.1934154701465252,-0.0568163761186863,0.1604861776942585,0.1599584741035984,-0.023821821619934,-0.0180989940962363,0.1303118678249863,0,,
2026-08-24,121.16000366210938,121.5999984741211,119.86000061035156,120.41999816894533,39659.0,-0.0144049937128367,-0.057303897113187,-0.0034756552604562,0.0003322887227117,0.2606784170954674,0.3136249653568721,123.20099983215331,122.52879974365234,108.06964992523191,1,1,0.3485200321895831,0.919000323616237,0,42.471248452129366,14.624017604697697,0.2509207972483626,0.1331887314321108,-0.0704029302907472,0.0124767226513641,0.158118895563103,-0.0355066229191497,-0.019240548335061,0.1208388406270779,0,,
2026-08-25,121.08000183105467,121.76000213623048,120.77999877929688,121.08000183105467,22623.0,0.0054808476344883,-0.024649569628151,0.0255802501686659,-0.0106226135932273,0.2539354276348431,0.3119514641881811,123.38099975585938,122.49519973754884,108.14594993591308,1,1,0.1294162716365008,0.7610835132202898,0,44.51891515060312,14.902260356154644,0.2371038607098089,-0.0381030257130511,-0.0653079503902041,-0.398856159046611,0.1584790316982069,-0.010332552938018,-0.0277372441699881,0.1193696111038356,0,,
2026-08-26,121.23999786376952,121.91999816894533,120.5999984741211,121.58000183105467,19196.0,0.0041295010938111,-0.0109013696538533,0.0348995433858156,-0.0218825515198943,0.2388424963030786,0.3131008385330334,123.67299995422364,122.4647998046875,108.23964996337892,1,1,-0.0038350082457014,0.6080998089270915,0,46.08456897063763,15.231525860360827,0.2361814121224659,-0.2185262107692979,-0.0614481385489639,-0.8216424680014099,0.1590981500218364,0.0008297728350308,-0.0366215404610263,0.1149807470396657,0,,
2026-08-27,123.68000030517578,125.22000122070312,123.62000274658205,124.8000030517578,27639.0,0.0264846288222431,0.0226155532245599,0.0782789472542782,-0.023474177843212,0.2907229279199379,0.3500649043238957,124.0030002593994,122.45719985961914,108.36354999542236,1,1,0.1486757388912423,0.5162149949199216,0,54.909419178720384,14.404903908273216,0.2429446949152731,-0.2452993005977492,-0.0365909408680078,-0.8814045930551453,0.162248615502688,0.0200511167884276,-0.0418486497443134,0.1477008730589757,0,,
2026-08-28,125.4800033569336,126.45999908447266,125.08000183105467,126.23999786376952,15451.0,0.0115384196858914,0.0332296410906274,0.0680203140702948,-0.025474722814553,0.3260504402369149,0.3524748534034749,124.45100021362305,122.46719985961914,108.4772499847412,1,1,0.3813412865932974,0.4892402532545968,0,58.20412931619237,14.137940035417694,0.2363436119270851,-0.2782149029091093,-0.025474722814553,-0.95652072867151,0.1644940251588083,0.0296223813552225,-0.0403351825839535,0.176121020569973,0,,
2026-08-31,125.0199966430664,125.0199966430664,124.0999984741211,124.0999984741211,13946.0,-0.0169518332213358,0.0305597106886919,0.0581514304724577,-0.0363410494606104,0.2952719093665172,0.3274147107689042,124.6620002746582,122.42399978637695,108.58244998931885,1,1,0.3885711371959814,0.4691064300428738,0,52.11027392444906,13.429140249395266,0.2437513454554324,-0.4483503749562463,-0.0419947127833768,-1.3645277855935058,0.1621904259474768,0.0305337848029545,-0.0548693320744413,0.1529223787612113,0,,
2026-09-01,125.0199966430664,125.05999755859376,122.73999786376952,123.83999633789062,49168.0,-0.0020951018487296,0.0227948006697837,0.0330330261528244,-0.0183894043823299,0.2994752609885296,0.3453557005126657,124.625,122.4463996887207,108.6841499710083,1,1,0.3690664778013826,0.4490984395945755,0,51.406066385647634,12.7655291697911,0.2337531067121207,-0.1668481617272204,-0.0440018314317171,-0.6904823501974531,0.1629702938645895,0.0274594997301407,-0.0269396847219028,0.1543997370195036,0,,
2026-09-02,123.54000091552734,123.94000244140624,122.68000030517578,123.86000061035156,51980.0,0.0001615332126332,0.018753074066121,-0.00577942856093,0.0081393455561789,0.2798099005230368,0.3442587522337963,124.54500007629396,122.46399963378906,108.79684997558594,1,1,0.3511749461323887,0.4295137409021382,0,51.46041692820411,12.175295022920604,0.1896932399016085,0.2526725316565214,-0.0438474059762769,0.3056148166549556,0.1622766112172347,0.00223765089539,-0.0307353583025858,0.1398936580582592,0,,
2026-09-03,123.86000061035156,124.9000015258789,123.08000183105467,124.9000015258789,19700.0,0.0083965841304898,0.0008012698050947,-0.0044635546204387,0.016108065297985,0.281025656675681,0.3807207913991437,124.5159999847412,122.54039962768556,108.91134998321532,1,1,0.4161184066488204,0.4268346740514747,0,54.32087290255813,11.442054691003396,0.1903919202528283,0.3790348275834772,-0.0358189902789706,0.6048230031187958,0.1619438841731309,-0.0088156746443804,-0.0310057776651269,0.1228604023069779,0,,
2026-09-04,125.4000015258789,126.41999816894533,125.33999633789062,125.36000061035156,43015.0,0.0036829389820089,-0.0069708275373039,-0.0009563495646447,0.0600371921686775,0.3042030485669047,0.368558981425839,124.4599998474121,122.64839965820312,109.03324996948244,1,1,0.4989530288159471,0.4412583450043692,1,55.568090229777454,11.424807468206756,0.1908534497436944,1.1012365735299794,-0.0322679704525561,2.2542666791164594,0.163169205633255,-0.0030707048163476,0.0118187961850646,0.1424787066891653,1,,
2026-09-07,126.45999908447266,126.45999908447266,125.68000030517578,125.87999725341795,17836.0,0.0041480268070728,0.0143432618951082,-0.0047438811479344,0.0705901964033743,0.2902829069651771,0.3645528157552082,124.4479995727539,122.7547996520996,109.16684993743895,1,1,0.5996470886066874,0.4729360937248328,1,56.99746672472562,11.425772728632214,0.1893015790688448,1.2701248003163013,-0.0282537920519304,2.6505091573458675,0.1638460358723105,-0.0007767838139299,0.0057811251213713,0.1284682087881337,1,,
2026-09-08,126.0199966430664,126.5199966430664,125.23999786376952,125.76000213623048,29385.0,-0.0009532500778968,0.0155039232486831,-0.002854429135043,0.0630600075403957,0.2873374858564512,0.3711295296826034,124.45299949645997,122.78959976196288,109.29659996032714,1,1,0.6621326008767028,0.5107753951552069,1,56.54540607947364,11.181995596223178,0.1890763666010432,1.151317048766752,-0.0291801092003528,2.367766856647089,0.1645938283821027,0.0063494746234717,0.0212907709429741,0.1306889416158034,1,,
2026-09-09,125.5,125.5999984741211,124.27999877929688,124.91999816894533,14416.0,-0.0066794207459953,0.0085580296574387,-0.0058889501161711,0.0303530218576117,0.2873041734375841,0.3426482904096528,124.3569995880127,122.81239974975584,109.41849994659424,1,1,0.6365339524059408,0.5359271066053537,1,53.35518886053896,10.435942956940483,0.1900885526511008,0.6297749285087841,-0.0356646237195849,1.1396903038347912,0.1642578610764608,0.0047510407663828,-0.000130581044508,0.1186900505389529,0,,
2026-09-10,125.12000274658205,125.12000274658205,123.37999725341795,124.31999969482422,26808.0,-0.0048030618228929,-0.0046437295754117,-0.019867523776596,0.0,0.2902958138418203,0.3437095136788568,124.15299987792967,122.8747998046875,109.55269992828369,1,1,0.5613609569231244,0.5410138766689079,1,51.1359563686872,10.096041680312798,0.1873934291048676,0.1111932043565805,-0.0402963861498624,0.0,0.1644547072709276,-0.0009071852567319,-0.0065180895352811,0.1216667462306124,0,,
2026-09-11,124.62000274658205,126.0,124.4000015258789,125.9800033569336,28165.0,0.0133526678425377,0.0049457781075572,-0.0188472792413196,0.0262300518464457,0.2967576055402832,0.3328396935165885,124.10299987792968,122.95879989624024,109.6833999633789,1,1,0.6284894040843483,0.558508982151996,1,56.52386975418796,9.443691017161049,0.1883608350722279,0.5684542557836343,-0.0274817825668385,0.9848816997106138,0.1652420433606015,-0.0014011206574606,0.0048968779719196,0.1291312167856462,1,,
2026-09-14,123.76000213623048,124.13999938964844,122.58000183105467,124.13999938964844,34285.0,-0.0146055240375884,-0.0138226716057723,-0.0223657575382327,0.0084484234640016,0.2825704950451502,0.3103230123369263,123.92299995422364,122.97759994506836,109.81049995422364,1,1,0.527139701147064,0.5522351259510095,0,49.94946497375509,9.585742663605377,0.1911652169614202,0.2594586341450831,-0.0416859207685511,0.317220023422426,0.163558337350099,-0.0025015568647337,-0.0204764203794498,0.1247339268079048,0,,
2026-09-15,123.76000213623048,124.13999938964844,123.18000030517578,123.5,42181.0,-0.0051554647397702,-0.0179707545947901,-0.0331924059392214,-0.0134206766342875,0.2809874007767248,0.3001368857499953,123.8909999847412,123.06119995117189,109.92309993743896,1,1,0.3906732908265695,0.5199227589261216,0,47.86410985169684,9.717647763875108,0.1899220790894102,-0.1278316805391527,-0.0466264752136542,-0.5039173727990442,0.1634648910920204,-0.0136875320997554,-0.0272934595653097,0.1127748214260901,0,,
2026-09-16,124.16000366210938,124.81999969482422,123.81999969482422,124.5999984741211,10517.0,0.0089068702357983,-0.0025616370438258,0.0037054864405856,-0.0090663226420882,0.3090985298866981,0.3108889476444558,123.975,123.16039993286132,110.04309993743895,1,1,0.3670522118349595,0.4893486495078892,0,51.60397610553597,9.438078582239989,0.1663567996247618,-0.0493264164738446,-0.0381349009421366,-0.340420800772251,0.165651354339867,0.0215420585417516,-0.0186727986374791,0.1394168818785697,0,,
2026-09-17,125.41999816894533,126.62000274658205,125.41999816894533,126.5999984741211,10786.0,0.0160513645625395,0.0183397585657474,0.0299381740969264,0.0026928269613346,0.3478121799510429,0.3392573797625808,124.20299987792968,123.2183999633789,110.17139991760254,1,1,0.5039068968206379,0.492260298970439,1,57.56434072654218,9.30063581160498,0.1707433424657559,0.1593618981300159,-0.0226956535771755,0.1011098266306024,0.1664232523493221,0.0386627625765092,-0.0212502615518772,0.1433311512929127,0,,
2026-09-18,127.63999938964844,127.81999969482422,126.76000213623048,127.04000091552734,34886.0,0.0034755327544193,0.0084140143701259,0.040970173406184,0.0352020832126216,0.3477614898832821,0.3562507035219018,124.44599990844726,123.28800003051758,110.3025999069214,1,1,0.6404866094791828,0.5219055610721878,1,58.76747164065721,9.72051880797656,0.1679297865439261,0.7331297336411954,-0.0192990003101466,1.3217620670657997,0.166787013756689,0.0396322093226486,-0.0054714467461862,0.1538077278070984,0,,
2026-09-21,128.83999633789062,130.27999877929688,128.74000549316406,130.17999267578125,22857.0,0.0247165596475535,0.0486546907993337,0.0654771022313263,0.0585460166068674,0.3869592140341842,0.3556179769924852,124.93399963378906,123.43079986572266,110.4445998764038,1,1,0.9906781873432636,0.615660086326403,1,66.14433008313631,11.047504062527626,0.1854175216207625,1.1149255002182563,0.0,2.1982762628382133,0.1682999258898271,0.0521476078899469,0.00096399546997,0.1653106810011437,1,,
2026-09-22,131.05999755859375,132.1999969482422,131.0,132.13999938964844,12866.0,0.0150561286229955,0.0699595092279226,0.0973260371940907,0.0913445440315239,0.3943231409760328,0.3701783082174052,125.48699951171876,123.61359985351562,110.59809986114502,1,1,1.410108840196628,0.774549837100448,1,69.77891835919353,12.868927367767451,0.178345108336547,1.6586025664235624,0.0,3.4297900100128285,0.1708603772471091,0.0805816511595927,0.0336305881155303,0.1782089951840011,1,,
2026-09-23,132.94000244140625,133.05999755859375,131.66000366210938,132.1999969482422,29034.0,0.0004540453978423,0.0609951730914313,0.0918400639992016,0.1020339943079731,0.4176943372465649,0.3552023865965426,126.01799926757812,123.81879974365236,110.75029983520508,1,1,1.7274391131724656,0.9651276923148516,1,69.88549456322386,14.798549753341415,0.1788434392059226,1.8387938560337047,0.0,3.831155741917316,0.1721780093624707,0.086440316535697,0.043724076079604,0.1850990449249165,1,,
2026-09-24,131.16000366210938,131.55999755859375,130.6199951171875,131.0800018310547,12103.0,-0.0084719753634032,0.0353870727561609,0.0781378504435379,0.0872594930781087,0.4398066840166112,0.3372781709876424,126.33199920654296,124.02399978637696,110.89479984283447,1,1,1.867029441760536,1.1455080422039885,1,65.25894194320455,15.950014844475852,0.1842002502039848,1.593654639293221,-0.0084719753634032,3.2764051844716184,0.1708595154754648,0.0739252181877301,0.0475554838436902,0.184031623303462,1,,
2026-09-25,132.5,133.05999755859375,132.0800018310547,132.67999267578125,17420.0,0.0122062162219735,0.0443954008155595,0.0631409409561907,0.0698274170869281,0.4646207974321978,0.3624973959539139,126.65399894714356,124.30199966430663,111.04279979705812,1,1,2.0827529923218577,1.3329570322275623,1,68.47021693644317,17.465937421788958,0.1678122957225535,1.3355657215589516,0.0,2.6218684442400173,0.1720101080900327,0.0601637958949672,0.0331705550858054,0.1939212172969437,1,,
2026-09-28,132.16000366210938,133.25999450683594,131.52000427246094,132.1999969482422,25747.0,-0.0036176948600833,0.0155170101867485,0.0472116538761695,0.0680238992727604,0.4578738035215528,0.3543693896281192,127.0589988708496,124.54239959716796,111.18619979858398,1,1,2.189741835808988,1.5043139929438476,1,66.48475712615786,18.529480155754797,0.1662708718786329,1.3042577077729889,-0.0036176948600833,2.5541502521192263,0.1726727700495401,0.0497206198391451,0.0377562712640577,0.2321349814776836,1,,
2026-09-29,132.66000366210938,133.75999450683594,132.63999938964844,133.1999969482422,11798.0,0.0075642966950408,0.0080217766269854,0.0733279499275638,0.0990099034831206,0.4227728374330255,0.3707934491946068,127.5269989013672,124.76479949951172,111.33799980163576,1,1,2.3283827606401104,1.6691277464831002,1,68.53202868826062,19.67488692097782,0.1516401458085107,1.8560856263304697,0.0,3.717607673880862,0.1742999147089213,0.0746621675768088,0.0684285634041943,0.213764431051044,1,,
2026-09-30,132.63999938964844,134.3800048828125,132.1999969482422,134.0399932861328,50247.0,0.0063062789574763,0.0139182782175932,0.0823643188781437,0.1006733012787661,0.4277801151219433,0.3687326954807386,128.03599853515624,124.9959992980957,111.50369976043702,1,1,2.4774785462439013,1.8307979064352609,1,70.17983154499436,20.933841117815412,0.1505801885354654,1.8832725200677976,0.0,3.780064662447288,0.1757601883323876,0.0784799129001085,0.072248551331657,0.2216427062467811,1,,
2026-10-01,135.3800048828125,135.47999572753906,134.17999267578125,134.6999969482422,41065.0,0.0049239308800954,0.0276166849757388,0.0875181356731293,0.0933441581563616,0.4451238951967882,0.3707133565649323,128.5259983062744,125.27679916381835,111.68019973754885,1,1,2.618707974720081,1.988379920092225,1,71.445066815678,22.434080742626342,0.1500255084605068,1.7655365317747758,0.0,3.504871194356823,0.1763112065210687,0.0864856321472371,0.0724917470222632,0.240661319003427,1,,
2026-10-02,136.27999877929688,138.0,136.13999938964844,137.13999938964844,19767.0,0.0181143466717657,0.0336147645467974,0.0979983804182216,0.1493462934998415,0.4189342703003265,0.3862326793349215,129.11499824523926,125.60279922485353,111.87219974517822,1,1,2.894159055322461,2.1695357471382724,1,75.57159575210132,24.4671127467154,0.1571827088485965,2.7941946005255693,0.0,5.607630219287381,0.1781872002228111,0.1003021270770239,0.113831152486536,0.2400330474207075,1,0.779051,0.901
